id,authors_t,basionym_s_lower,basionym_author_s_lower,lookup_basionym_id,bibliographic_reference_s_lower,bibliographic_type_info_s_lower,reference_collation_s_lower,collection_date_as_text_s_lower,collection_day_1_s_lower,collection_day_2_s_lower,collection_month_1_s_lower,collection_month_2_s_lower,collection_number_s_lower,collection_year_1_s_lower,collection_year_2_s_lower,collector_team_as_text_t,lookup_conserved_against_id,lookup_correction_of_id,date_created_date,date_last_modified_date,distribution_s_lower,east_or_west_s_lower,family_s_lower,taxon_scientific_name_s_lower,taxon_sci_name_suggestion,genus_s_lower,geographic_unit_as_text_s_lower,hybrid_b,hybrid_genus_b,lookup_hybrid_parent_id,hybrid_parents_s_lower,infra_family_s_lower,infra_genus_s_lower,infraspecies_s_lower,lookup_isonym_of_id,lookup_later_homonym_of_id,latitude_degrees_s_lower,latitude_minutes_s_lower,latitude_seconds_s_lower,locality_s_lower,longitude_degrees_s_lower,longitude_minutes_s_lower,longitude_seconds_s_lower,name_status_s_lower,name_status_bot_code_type_s_lower,name_status_editor_type_s_lower,nomenclatural_synonym_s_lower,lookup_nomenclatural_synonym_id,north_or_south_s_lower,original_basionym_s_lower,original_basionym_author_team_s_lower,original_hybrid_parentage_s_lower,original_remarks_s_lower,original_replaced_synonym_s_lower,original_taxon_distribution_s_lower,lookup_orthographic_variant_of_id,other_links_s_lower,lookup_parent_id,publication_s_lower,lookup_publication_id,publication_year_i,publication_year_full_s_lower,publication_year_note_s_lower,publishing_author_s_lower,rank_s_alphanum,reference_t,reference_remarks_s_lower,remarks_s_lower,lookup_replaced_synonym_id,lookup_same_citation_as_id,score_s_lower,species_s_lower,species_author_s_lower,lookup_superfluous_name_of_id,suppressed_b,top_copy_b,lookup_type_id,type_locations_s_lower,type_name_s_lower,type_remarks_s_lower,type_chosen_by_s_lower,type_note_s_lower,detail_author_team_ids,detail_species_author_team_ids,page_as_text_s_lower,citation_type_s_lower,lookup_validation_of_id,version_s_lower,powo_b,sortable,family_taxon_name_sortable,ipni_wfo_id,rhakhis_pk,rhakhis_wfo,rhakhis_skip,rhakhis_rank,rhakhis_status,rhakhis_parent,rhakhis_accepted,rhakhis_basionym
urn:lsid:ipni.org:names:77378259-1,D.Nunes & P.J.F.Guim.,,,,,,750(2): 72,,9,,9,,1142,2022,,"D.Nunes, G.E.A.Fernandes, M.Pastore &amp; G.P.Viana",,,01/04/2026 04:37,01/04/2026 09:53,"Amazonas (Brazil North, Brazil, Southern America)",W,Melastomataceae,Aciotis manauara,Aciotis manauara,Aciotis,,f,f,,,,,,,,2,55,51,"Manaus, Reserva Florestal Adolpho Ducke, na nascente do Igarapé Barro Branco, 84 m",59,57,36,,,,,,S,,,,,,,,,325216-2,Phytotaxa,urn:lsid:ipni.org:publications:20011462-1,2026,2026 [1 Apr 2026],[1 Apr 2026],D.Nunes & P.J.F.Guim.,spec.,Phytotaxa 750(2): 72. 2026 [1 Apr 2026] ,,"doi:10.11646/phytotaxa.750.2.1 Etymology: 'The specific epithet alludes to the geographic distribution of this species, which has been collected only in the municipality of Manaus, in the Brazilian state of Amazonas.'",,,11,manauara,,,f,t,,holotype RB 01476215;isotype HUFU;isotype INPA;isotype MG;isotype NY,,Isotypes to be distributed.,,,D.Nunes@20040352-1@1@aut$P.J.F.Guim.@37714-1@2@aut,,,tax. nov.,,1.3,f,aciotis~manauara,melastomataceaeaciotis~manauara~,,1,wfo-1000089360,,species,,,,
urn:lsid:ipni.org:names:77378260-1,"Hutabarat, Bandjolu & Zulfadli",,,,,,71(2): 278,,23,,11,,PWH1635,2024,,"Prima W.K.Hutabarat, Kurniawan P.Bandjolu, Basrul, Fandra Budianto &amp; Forrest A.N.Hutabarat",,,01/04/2026 04:59,10/04/2026 13:08,"Sulawesi (Malesia, Asia-Tropical)",,Ericaceae,Rhododendron yombuwurii,Rhododendron yombuwurii,Rhododendron,,f,f,,,,,,,,,,,"Tengah Province, Poso Regency, Pamona Puselemba District, Wera Village, Saluopa waterfall, 560 m (Tokorondo Range region)",,,,,,,,,,,,,,,,,,327085-2,Taiwania,urn:lsid:ipni.org:publications:2979-2,2026,2026 [28 Mar 2026],[28 Mar 2026],"Hutabarat, Bandjolu & Zulfadli",spec.,Taiwania 71(2): 278. 2026 [28 Mar 2026] ,,"doi:10.6165/tai.2026.71.277 [english] Etymology: the epithet honors the late Pastor Yombu Wuri, a distinguished religious and cultural figure of the Pamona Tribe, recognized for his advocacy of biodiversity conservation in Poso.",,,11,yombuwurii,,,f,t,,holotype CEB;isotype BO,,Cultivated in disturbed lower montane forest from material collected in the wild.,,,Hutabarat@20040375-1@1@aut$Zulfadli@20097497-1@3@aut$Bandjolu@20062957-1@2@aut,,,tax. nov.,,1.4,f,rhododendron~yombuwurii,ericaceaerhododendron~yombuwurii~,,2,wfo-1000089361,,species,,,,
urn:lsid:ipni.org:names:77378261-1,"K.W.Xu, Li Bing Zhang & Pollawatn",,,,,,272: 164,,23,,7,,10976,2019,,"Li Bing Zhang, Liang Zhang, R.Pollawatn &amp; X.M.Zhou",,,01/04/2026 09:34,02/04/2026 17:01,"Thailand (Indo-China, Asia-Tropical)",E,Aspleniaceae,Asplenium paucipinnatum,Asplenium paucipinnatum,Asplenium,,f,f,,,,,,,,8,31,17,"Nakhon Si Thammarat: Phrom Khiri District, Khao Luang National Park, 300-600 m",99,46,43,,,,,,N,,,,,,,,,328226-2,PhytoKeys,urn:lsid:ipni.org:publications:20011997-1,2026,2026 [2 Apr 2026],[2 Apr 2026],"K.W.Xu, Li Bing Zhang & Pollawatn",spec.,PhytoKeys 272: 164. 2026 [2 Apr 2026] ,,doi:10.3897/phytokeys.272.173645 [english] Etymology: the specific epithet alludes to the paucity of pinnae in comparison to those of its closely related species with short-creeping rhizome.,,,11,paucipinnatum,,,f,t,,holotype BCU BCU-P05253;isotype CDBI;isotype KUN;isotype MO;isotype PYU,,,,,Li Bing Zhang@36529-1@2@aut$K.W.Xu@20033074-1@1@aut$Pollawatn@20031197-1@3@aut,,,tax. nov.,,1.3,f,asplenium~paucipinnatum,aspleniaceaeasplenium~paucipinnatum~,,3,wfo-1000089362,,species,,,,
urn:lsid:ipni.org:names:77378262-1,Rchb. ex Zapał.,,,,,,3: 181,,,,,,,,,,,,01/04/2026 09:43,02/04/2026 14:39,,,Caryophyllaceae,Silene armeria var. angustifolia,Silene armeria var. angustifolia,Silene,,f,f,,,,,angustifolia,,,,,,,,,,,,,,,,,,,,,,,,156849-1,Consp. Fl. Galic. Crit.,urn:lsid:ipni.org:publications:20000833-1,1911,1911,,Rchb. ex Zapał.,var.,Consp. Fl. Galic. Crit. 3: 181. 1911 ,,,,,8,armeria,L.,,f,t,,,,,,,Rchb.@8253-1@1@aut$Zapał.@11990-1@2@autEx,L.@12653-1@1@aut,,tax. nov.,,1.2,f,silene~armeriaangustifolia,caryophyllaceaesilene~armeriaangustifolia,,4,wfo-1200118264,,variety,,,,
urn:lsid:ipni.org:names:77378263-1,Ardiyani & A.D.Poulsen,,,,,,272: 171,,15,,8,,3255,2022,,Poulsen,,,01/04/2026 09:44,07/04/2026 09:12,"Sulawesi (Malesia, Asia-Tropical)",E,Zingiberaceae,Hellwigia opalina,Hellwigia opalina,Hellwigia,,f,f,,,,,,,,,40,,"Central Sulawesi, Mt. Sojol, c. 1500 m",120,10,,,,,,,N,,,,,,,,,41676-1,PhytoKeys,urn:lsid:ipni.org:publications:20011997-1,2026,2026 [3 Apr 2026],[3 Apr 2026],Ardiyani & A.D.Poulsen,spec.,PhytoKeys 272: 171. 2026 [3 Apr 2026] ,,"doi:10.3897/phytokeys.272.171221 [english] Etymology: the epithet means 'opal-colored' from Greek, opallios, an opal.",,,11,opalina,,,f,t,,holotype BO;isotype CEB;isotype E E01530574–5;isotype L;isotype SING,,"Cultivated at the Royal Botanic Garden Edinburgh from rhizomes collected on 26 Feb 2000 by P.Smith & L.Galloway 82. Accession Number 20000477*E, G57 Tropical Montane House",,,A.D.Poulsen@36097-1@2@aut$Ardiyani@20029331-1@1@aut,,,tax. nov.,,1.3,f,hellwigia~opalina,zingiberaceaehellwigia~opalina~,,5,wfo-1000089363,,species,,,,
urn:lsid:ipni.org:names:77378264-1,Fr.,,,,,,"35, 38",,,,,,,,,,,,01/04/2026 09:47,01/04/2026 10:08,,,Polygalaceae,trib. Polygaleae,trib. Polygaleae,,,f,f,,,polygaleae,,,,,,,,,,,,,,,,,,,,,,,,,,30000688-2,Fl. Scan.,urn:lsid:ipni.org:publications:9550-2,1835,1835,,Fr.,trib.,"Fl. Scan. 35, 38. 1835 ",,,,,8,,,,f,t,,,,,,,Fr.@2913-1@1@aut,,32700971,tax. nov.,,1.3,f,polygalaceaepolygaleae,polygalaceae~~~~,,6,wfo-4100006508,,tribe,,,,
urn:lsid:ipni.org:names:77378265-1,İlçim,,,,,,750(2): 111,,10,,11,,3005,2025,,A.İlçim,,,01/04/2026 10:11,01/04/2026 10:11,"Turkey (Western Asia, Asia-Temperate)",,Lamiaceae,Satureja musadaghensis,Satureja musadaghensis,Satureja,,f,f,,,,,,,,,,,"C5 Hatay: Musa Dagh, around incebel, ca. 700 m",,,,,,,,,,,,,,,,,,30000591-2,Phytotaxa,urn:lsid:ipni.org:publications:20011462-1,2026,2026 [1 Apr 2026],[1 Apr 2026],İlçim,spec.,Phytotaxa 750(2): 111. 2026 [1 Apr 2026] ,,"doi:10.11646/phytotaxa.750.2.4 Etymology: the specific epithet is derived from the type locality, Musa Dagh, Turkey.",,,11,musadaghensis,,,f,t,,holotype Mustafa Kemal Univ. Herb.,,,,,İlçim@20008593-1@1@aut,,,tax. nov.,,1.1,f,satureja~musadaghensis,lamiaceaesatureja~musadaghensis~,,7,wfo-1000089364,,species,,,,
urn:lsid:ipni.org:names:77378266-1,"Chowlu, R.Maity, A.Shenoy & S.S.Dash",,,,,,71(2): 227,,5,,8,,5724,2025,,K.Chowlu &amp; A.Shenoy,,,01/04/2026 10:16,27/04/2026 13:56,"Arunachal Pradesh (East Himalaya, Indian Subcontinent, Asia-Tropical)",E,Gesneriaceae,Henckelia clarkei,Henckelia clarkei,Henckelia,,f,f,,,,,,,,27,51,2,"Upper Subansiri district, on the way to Daporijo from Raga, 1071 m",94,11,52,,,,,,N,,,,,,,,,17054-1,Taiwania,urn:lsid:ipni.org:publications:2979-2,2026,2026 [19 Mar 2026],[19 Mar 2026],"Chowlu, R.Maity, A.Shenoy & S.S.Dash",spec.,Taiwania 71(2): 227. 2026 [19 Mar 2026] ,,doi:10.6165/tai.2026.71.227  Etymology: the specific epithet honours the great botanist Charles Baron Clarke for his immense contributions to the taxonomy of Gesneriaceae.,,,11,clarkei,,,f,t,,holotype CAL;isotype ARUN,,,,,Chowlu@20019454-1@1@aut$A.Shenoy@20072436-1@3@aut$R.Maity@20049631-1@2@aut$S.S.Dash@40000-1@4@aut,,,tax. nov.,,1.2,f,henckelia~clarkei,gesneriaceaehenckelia~clarkei~,,8,wfo-1000089365,,species,,,,
urn:lsid:ipni.org:names:77378267-1,"Chowlu, R.Maity, A.Shenoy & S.S.Dash",,,,,,71(2): 231,,8,,8,,57267,2025,,K.Chowlu &amp; A.Shenoy,,,01/04/2026 10:19,27/04/2026 13:59,"Arunachal Pradesh (East Himalaya, Indian Subcontinent, Asia-Tropical)",E,Gesneriaceae,Henckelia zingnui,Henckelia zingnui,Henckelia,,f,f,,,,,,,,28,4,25,"West Siang district, on way to Aalo from Daporijo, 862 m",94,42,8,,,,,,N,,,,,,,,,17054-1,Taiwania,urn:lsid:ipni.org:publications:2979-2,2026,2026 [19 Mar 2026],[19 Mar 2026],"Chowlu, R.Maity, A.Shenoy & S.S.Dash",spec.,Taiwania 71(2): 231. 2026 [19 Mar 2026] ,,"doi:10.6165/tai.2026.71.227  Etymology: the specific epithet honours Chou Zingnu Namchoom, an eminent youth leader from Namsai district of Arunachal Pradesh, who harbours keen interest in nature and promotes biodiversity conservation to youth of the state.",,,11,zingnui,,,f,t,,holotype CAl;isotype ARUN,,,,,S.S.Dash@40000-1@4@aut$Chowlu@20019454-1@1@aut$A.Shenoy@20072436-1@3@aut$R.Maity@20049631-1@2@aut,,,tax. nov.,,1.2,f,henckelia~zingnui,gesneriaceaehenckelia~zingnui~,,9,wfo-1000089366,,species,,,,
urn:lsid:ipni.org:names:77378268-1,"Z.L.Zhang bis, W.Q.Qin & D.G.Zhang",,,,,,750(2): 138,,22,,5,,HN202505002,2025,,Dai-Gui Zhang,,,01/04/2026 10:46,01/04/2026 10:46,"Hunan (China Southeast, China, Asia-Temperate)",E,Rubiaceae,Ophiorrhiza wulingensis,Ophiorrhiza wulingensis,Ophiorrhiza,,f,f,,,,,,,,28,42,,"Guzhang County, Gaowangjie National Nature Reserve, 529 m",110,6,,,,,,,N,,,,,,,,,30280723-2,Phytotaxa,urn:lsid:ipni.org:publications:20011462-1,2026,2026 [1 Apr 2026],[1 Apr 2026],"Z.L.Zhang bis, W.Q.Qin & D.G.Zhang",spec.,Phytotaxa 750(2): 138. 2026 [1 Apr 2026] ,,"doi:10.11646/phytotaxa.750.2.7 Etymology: 'The specific epithet refers to the Wuling Mountains, the primary distribution area of this species.'",,,11,wulingensis,,,f,t,,holotype IBSC 1065990,,,,,W.Q.Qin@20089259-1@2@aut$Z.L.Zhang bis@20097498-1@1@aut$D.G.Zhang@20013996-1@3@aut,,,tax. nov.,,1.1,f,ophiorrhiza~wulingensis,rubiaceaeophiorrhiza~wulingensis~,,10,wfo-1000089367,,species,,,,
urn:lsid:ipni.org:names:77378269-1,Betageri & Katrah.,,,,,,8(1): 153,,3,,2,,,2022,,B.Shreyas &amp; K.Kotresha,,,01/04/2026 11:38,13/04/2026 17:02,"Karnataka (India, Indian Subcontinent, Asia-Tropical)",,Orchidaceae,Zeuxine seetharamii,Zeuxine seetharamii,Zeuxine,,f,f,,,,,,,,,,,"Uttarkannada District, Anshi National Park, near Nujji village",,,,"NOTE: it is unclear whether this name is effectively published, see note in publication record",,,,,,,,,,,,,,325743-2,Asian J. Res. Bot.,urn:lsid:ipni.org:publications:20063578-1,2025,2025 [25 Mar 20025],[25 Mar 20025],Betageri & Katrah.,spec.,Asian J. Res. Bot. 8(1): 153. 2025 [25 Mar 20025] ,,"doi:10.9734/ajrib/2025/v8i1251  Etymology: the specific epithet is named after the taxonomist Y.N.Seetharam of the Dept. of Botany, Gulbarga Univ., Kalaburagi, Karnataka, India.",,,11,seetharamii,,,f,t,,holotype UASB 5600,,,,,Katrah.@20073435-1@2@aut$Betageri@20073434-1@1@aut,,,tax. nov.,,1.2,f,zeuxine~seetharamii,orchidaceaezeuxine~seetharamii~,,11,wfo-1000089368,,species,,,,
urn:lsid:ipni.org:names:77378270-1,Hong Liu,,,,,,272: 151,,14,,4,,LH2024041401,2024,,Hong Liu,,,01/04/2026 12:27,01/04/2026 13:13,"Shaanxi (China North-Central, China, Asia-Temperate)",E,Saxifragaceae,Chrysosplenium ningqiangense,Chrysosplenium ningqiangense,Chrysosplenium,,f,f,,,,,,,,32,45,3,"Ningqiang County, Hanshuiyuan Forest Park, 1720 m",106,11,7,,,,,,N,,,,,,,,,30129301-2,PhytoKeys,urn:lsid:ipni.org:publications:20011997-1,2026,2026 [1 Apr 2026],[1 Apr 2026],Hong Liu,spec.,PhytoKeys 272: 151. 2026 [1 Apr 2026] ,,"doi:10.3897/phytokeys.272.184683 [english] Etymology: the specific epithet refers to the type locality, Ningqiang County.",,,11,ningqiangense,,,f,t,,holotype HIB HIB0259357;isotype HIB HIB0259358 - HIB0259361;isotype HSN HSN13551 - HSN13554,,,,,Hong Liu@20005185-2@1@aut,,,tax. nov.,,1.3,f,chrysosplenium~ningqiangense,saxifragaceaechrysosplenium~ningqiangense~,,12,wfo-1000089369,,species,,,,
urn:lsid:ipni.org:names:77378271-1,Hook.,,,,,,61: t. 3357,,,,,,,,,,,,01/04/2026 16:16,01/04/2026 16:18,,,Portulacaceae,Calandrinia discolor,Calandrinia discolor,Calandrinia,,f,f,,,,,,,1013988-1,,,,,,,,nom. illeg. later homonym,,nom. illeg.,,,,,,,,,,,,331443-2,Bot. Mag.,urn:lsid:ipni.org:publications:864-2,1834,1834,,Hook.,spec.,Bot. Mag. 61: t. 3357. 1834 ,,,,,10,discolor,,,f,t,,,,,,,Hook.@4086-1@1@aut,,489903,tax. nov.,,1.2,f,calandrinia~discolor,portulacaceaecalandrinia~discolor~,,13,wfo-1000089945,,species,,,,
urn:lsid:ipni.org:names:77378272-1,Boiss.,,,,,,4: 574,,,,,,,,,,,,01/04/2026 16:31,01/04/2026 17:05,,,Lamiaceae,Micromeria serpyllifolia var. barbata,Micromeria serpyllifolia var. barbata,Micromeria,,f,f,,,,,barbata,,,,,,,,,,,,,,,,,,,,,,,,451886-1,Fl. Orient. [Boissier],urn:lsid:ipni.org:publications:945-2,1879,1879 [Apr-May 1879],[Apr-May 1879],Boiss.,var.,Fl. Orient. [Boissier] 4: 574. 1879 [Apr-May 1879] ,,,451713-1,,9,serpyllifolia,(M.Bieb.) Boiss.,,f,t,,,,,,,Boiss.@16284-1@1@aut,Boiss.@16284-1@1@aut$M.Bieb.@6129-1@2@bas,,nom. et stat. nov.,,1.3,f,micromeria~serpyllifoliabarbata,lamiaceaemicromeria~serpyllifoliabarbata,,14,wfo-1200118265,,variety,,,,
urn:lsid:ipni.org:names:77378273-1,"Malpure, P.S.Raut, Sardesai & B.De Jong",,,,,,"20(2): 28, figs. 12-15",,29,,4,,,2018,,,,,01/04/2026 21:51,01/04/2026 21:51,"Maharashtra (India, Indian Subcontinent, Asia-Tropical)",,Euphorbiaceae,Euphorbia yadavii,Euphorbia yadavii,Euphorbia,,f,f,,,,,,,,,,,"Ahmednagar district, Rampurwadi, alt. 513 m",,,,,,,,,,,,,,,,,,327729-2,Euphorbia World,urn:lsid:ipni.org:publications:20008382-1,2025,2025 [Aug 2025],[Aug 2025],"Malpure, P.S.Raut, Sardesai & B.De Jong",spec.,"Euphorbia World 20(2): 28, figs. 12-15. 2025 [Aug 2025] ",,(english),,,10,yadavii,,,f,t,,holotype CAL;isotype BSI;isotype SUK,,,,,B.De Jong@20043150-1@4@aut$Sardesai@38647-1@3@aut$P.S.Raut@20048386-1@2@aut$Malpure@20005025-2@1@aut,,,tax. nov.,,1.1,f,euphorbia~yadavii,euphorbiaceaeeuphorbia~yadavii~,,15,wfo-1000089350,,species,,,,
urn:lsid:ipni.org:names:77378274-1,"Malpure, P.S.Raut, Sardesai & B.De Jong",,,,,,"20(2): 40, figs. 62--66",,18,,2,,,2018,,,,,01/04/2026 21:55,01/04/2026 21:55,"Maharashtra (India, Indian Subcontinent, Asia-Tropical)",,Euphorbiaceae,Euphorbia paschimia,Euphorbia paschimia,Euphorbia,,f,f,,,,,,,,,,,"Ahmednagar District, Chandanapuri Ghat, elev. 727 m",,,,,,,,,,,,,,,,,,327729-2,Euphorbia World,urn:lsid:ipni.org:publications:20008382-1,2025,2025 [Aug 2025],[Aug 2025],"Malpure, P.S.Raut, Sardesai & B.De Jong",spec.,"Euphorbia World 20(2): 40, figs. 62--66. 2025 [Aug 2025] ",,(english),,,10,paschimia,,,f,t,,holotype CAL;isotype BSI;isotype SAK,,,,,Malpure@20005025-2@1@aut$Sardesai@38647-1@3@aut$P.S.Raut@20048386-1@2@aut$B.De Jong@20043150-1@4@aut,,,tax. nov.,,1.1,f,euphorbia~paschimia,euphorbiaceaeeuphorbia~paschimia~,,16,wfo-1000089351,,species,,,,
urn:lsid:ipni.org:names:77378275-1,"Sailo, Khomdram & Yumkham",,,,,,71(2): 214,,22,,5,,130,2025,,Vanlalawmpuia,,,02/04/2026 08:00,10/04/2026 13:05,"Mizoram (Assam, Indian Subcontinent, Asia-Tropical)",E,Begoniaceae,Begonia mizoramensis,Begonia mizoramensis,Begonia,,f,f,,,,,,,,23,28,8,"Aizawl District, Thiak, 1037 m",92,43,1,,,,,,N,,,,,,,,,327437-2,Taiwania,urn:lsid:ipni.org:publications:2979-2,2026,2026 [17 Mar 2026],[17 Mar 2026],"Sailo, Khomdram & Yumkham",spec.,Taiwania 71(2): 214. 2026 [17 Mar 2026] ,,"doi:10.6165/tai.2026.71.213 [english] Etymology: the specific epithet mizoramensis refers to Mizoram, a state in India, where the new species was found.",,,11,mizoramensis,,,f,t,,holotype ASSAM;isotype MZUH;isotype MUMP,,,,,Khomdram@20043731-1@2@aut$Sailo@20097501-1@1@aut$Yumkham@20043733-1@3@aut,,,tax. nov.,,1.4,f,begonia~mizoramensis,begoniaceaebegonia~mizoramensis~,,17,wfo-1000089370,,species,,,,
urn:lsid:ipni.org:names:77378276-1,Nuñez Florentin,,,,,,159(2): 235,,24,,10,,434,1999,,A.S.Conceição et al.,,,02/04/2026 09:59,21/04/2026 10:20,"Bahia (Brazil Northeast, Brazil, Southern America)",W,Rubiaceae,Oldenlandia bahiana,Oldenlandia bahiana,Oldenlandia,,f,f,,,,,,,,13,16,54,"Abaira, Serra da Tromba, ápice da Serra, 1520 m",41,47,15,,,,,,S,,,,,,,,,30014644-2,Pl. Ecol. Evol.,urn:lsid:ipni.org:publications:20011731-1,2026,2026 [21 Apr 2026],[21 Apr 2026],Nuñez Florentin,spec.,Pl. Ecol. Evol. 159(2): 235. 2026 [21 Apr 2026] ,,"doi:10.5091/plecevo.178429 [english] Etymology: The epithet refers to the distribution of the species, which is endemic to the state of Bahia.",,,11,bahiana,,,f,t,,holotype HUEFS 41219;isotype K K000265125; K001136476,,,,,Nuñez Florentin@20061868-1@1@aut,,,tax. nov.,,1.3,f,oldenlandia~bahiana,rubiaceaeoldenlandia~bahiana~,,18,wfo-1000089371,,species,,,,
urn:lsid:ipni.org:names:77378277-1,"E.S.S.Kumar, Shareef, Anusha & Rejitha",,,,,,18(2): 69,,12,,3,,92474,2025,,E.S.Santhosh Kumar,,,02/04/2026 15:30,13/04/2026 12:18,"Kerala (India, Indian Subcontinent, Asia-Tropical)",,Melastomataceae,Memecylon mathewdanii,Memecylon mathewdanii,Memecylon,,f,f,,,,,,,,,,,"Mannanthala, Thiruvananthapuram district, 100 m",,,,,,,,,,,,,,,,,,26452-1,J. Pl. Dev. Sci.,urn:lsid:ipni.org:publications:20063680-1,2026,2026 [1 Apr 2026],[1 Apr 2026],"E.S.S.Kumar, Shareef, Anusha & Rejitha",spec.,J. Pl. Dev. Sci. 18(2): 69. 2026 [1 Apr 2026] ,,"[english] Etymology: This new species is named in honour of Dr Mathew Dan, Senior Principal Scientist (Retd.), JNTBGRI for his contribution to the field of Systematic Botany",,,11,mathewdanii,,,f,t,,holotype TBGT;isotype MH;isotype CAL,,,,,Anusha@20097605-1@3@aut$E.S.S.Kumar@37643-1@1@aut$Shareef@20018646-1@2@aut$Rejitha@20097606-1@4@aut,,,tax. nov.,,1.6,f,memecylon~mathewdanii,melastomataceaememecylon~mathewdanii~,,19,wfo-1000089372,,species,,,,
urn:lsid:ipni.org:names:77378280-1,(Pursh) Davenp.,Adiantaceae Cheilanthes dealbata Pursh,(Pursh),274451-2,,,44,,,,,,,,,,,,04/04/2026 00:53,07/04/2026 09:56,,,Adiantaceae,Notholaena nivea var. dealbata,Notholaena nivea var. dealbata,Notholaena,,f,f,,,,,dealbata,,,,,,,,,,,,,,,,,,,,,,,null:,17164130-1,Cat. Davenport Herb. Suppl.,urn:lsid:ipni.org:publications:20027150-1,1883,1883,,Davenp.,var.,Cat. Davenport Herb. Suppl. 44. 1883 ,,,,,11,nivea,(Poir.) Desv.,,f,t,,,,,,,Pursh@8035-1@2@bas$Davenp.@2013-1@1@aut,Poir.@0-0@2@bas$Desv.@0-0@1@aut,,comb. et stat. nov.,,1.3,f,notholaena~niveadealbata,adiantaceaenotholaena~niveadealbata,,20,wfo-1200103968,,variety,,,,
urn:lsid:ipni.org:names:77378281-1,J.L.Gómez,,,,,,47: 2,,13,,5,,HFC 91972,2023,,J.L.Gómez &amp; H.Diéguez,,,05/04/2026 17:46,09/04/2026 12:07,"Cuba (Caribbean, Southern America)",W,Ericaceae,Lyonia berazainiae,Lyonia berazainiae,Lyonia,,f,f,,,,,,,,20,57,15,"Provincia Holguín, municipio Holguín, Cerro Las Cuevas de Purnio, 10 km al NW de la ciudad de Holguín, en bosque secundario sobre tobas riolíticas, 170 m",76,20,6,,,,,,N,,,,,,,,,329321-2,Revista Jard. Bot. Nac. Univ. Habana,urn:lsid:ipni.org:publications:2810-2,2026,2026 [8 Apr 2026],[8 Apr 2026],J.L.Gómez,spec.,Revista Jard. Bot. Nac. Univ. Habana 47: 2. 2026 [8 Apr 2026] ,,"[english] Etymology: El epíteto específico está dedicado a la Dra. Rosalina Berazaín Iturralde, fundadora del Jardín Botánico Nacional y especialista de las Ericaceae de Cuba.",,,11,berazainiae,,,f,t,,holotype HAJB 002550;isotype B 101259112;isotype HAJB 002548;isotype HJBHO,,,,,J.L.Gómez@20019652-2@1@aut,,,tax. nov.,,1.3,f,lyonia~berazainiae,ericaceaelyonia~berazainiae~,,21,wfo-1000089373,,species,,,,
urn:lsid:ipni.org:names:77378282-1,(Crantz) Besser,Brassicaceae Nasturtium austriacum Crantz,(Crantz),167272-2,,,103,,,,,,,,,,,,05/04/2026 18:33,05/04/2026 18:33,,,Brassicaceae,Rorippa austriaca,Rorippa austriaca,Rorippa,,f,f,,,,,,,,,,,,,,,,,,,,,,,,,,,,,30012174-2,Enum. Pl. [Besser],urn:lsid:ipni.org:publications:2948-2,1822,1822,,Besser,spec.,Enum. Pl. [Besser] 103. 1822 ,,"On p. 26, Besser listed 'Camelina austriaca’ and remarked ‘planta dubii generis quae potius Roripis Scop. Adiungenda’ (= A plant of doubtful genus, which should rather be added to Roripis Scop.)",,,11,austriaca,,,f,t,,,,,,,Crantz@1865-1@2@bas$Besser@737-1@1@aut,,,comb. nov.,,1.1,t,rorippa~austriaca,brassicaceaerorippa~austriaca~,,22,wfo-0001218322,,species,,,,
urn:lsid:ipni.org:names:77378283-1,,,,,,,1: 258,,,,,,,,,,,,05/04/2026 22:29,05/04/2026 22:29,,,Brassicaceae,Nasturtium lippizense var. thracicum,Nasturtium lippizense var. thracicum,Nasturtium,,f,f,,,,,thracicum,,,,,,,,,,,,,,,,,,,,,,,,287475-1,Spic. Fl. Rumel.,urn:lsid:ipni.org:publications:3494-2,1843,1843,,,var.,Spic. Fl. Rumel. 1: 258. 1843 ,,,,,6,lippizense,DC.,,f,t,,,,,,,,DC.@16855-1@1@aut,,tax. nov.,,1.1,f,nasturtium~lippizensethracicum,brassicaceaenasturtium~lippizensethracicum,,23,wfo-0001038267,,variety,,,,
urn:lsid:ipni.org:names:77378284-1,(Griseb.) Griseb. ex Boiss.,Brassicaceae Nasturtium lippizense DC. var. thracicum,(Griseb.),77378283-1,,,1: 181,,,,,,,,,,,,05/04/2026 22:34,05/04/2026 22:34,,,Brassicaceae,Nasturtium thracicum,Nasturtium thracicum,Nasturtium,,f,f,,,,,,,,,,,,,,,,,,,,,,,,,,,,,331795-2,Fl. Orient. [Boissier],urn:lsid:ipni.org:publications:945-2,1867,1867,,Griseb. ex Boiss.,spec.,Fl. Orient. [Boissier] 1: 181. 1867 ,,,,,11,thracicum,,,f,t,,,,,,,Griseb.@3397-1@1@aut$Boiss.@16284-1@2@autEx$Griseb.@3397-1@3@bas,,,comb. et stat. nov.,,1.1,f,nasturtium~thracicum,brassicaceaenasturtium~thracicum~,,24,wfo-1000089946,,species,,,,
urn:lsid:ipni.org:names:77378285-1,Rukšāns,,,,,,"194: 7, figs. A-C, Map A1",,22,,4,,s.n.,2025,,J. Rukšāns,,,05/04/2026 22:51,07/04/2026 21:41,"Uzbekistan (Middle Asia, Asia-Temperate)",,Geraniaceae,Geranium transversale subsp. linearifolium,Geranium transversale subsp. linearifolium,Geranium,,f,f,,,,,linearifolium,,,,,,"'Chatcal national park, Sangirsai gorge 41012’53” N 69049’10” E, alt. 1318 m'",,,,,,,,,,,,,,,,,,373752-1,Int. Rock Gard.,urn:lsid:ipni.org:publications:20018630-2,2026,2026 [Mar 2026],[Mar 2026],Rukšāns,subsp.,"Int. Rock Gard. 194: 7, figs. A-C, Map A1. 2026 [Mar 2026] ",,Etymology: 'Named after specific shape of leaves'  (english),,,11,transversale,Vved. ex Pavlov,,f,t,,holotype RIG,,"'ARJA-9656, leg. J. Rukšāns & A. Seisums 30-04-1996, ex culturae in horto Jānis Rukšāns'",,,Rukšāns@20008688-2@1@aut,Pavlov@7418-1@2@autEx$Vved.@11282-1@1@aut,,tax. nov.,,1.2,f,geranium~transversalelinearifolium,geraniaceaegeranium~transversalelinearifolium,,25,wfo-1200118266,,subspecies,,,,
urn:lsid:ipni.org:names:77378286-1,Rukšāns,,,,,,"194: 12, figs. F-J, map B 2",,30,,4,,s.n.,2025,,J. Rukšāns,,,05/04/2026 22:52,07/04/2026 21:31,"Uzbekistan (Middle Asia, Asia-Temperate)",,Geraniaceae,Geranium charlesii subsp. punctatum,Geranium charlesii subsp. punctatum,Geranium,,f,f,,,,,punctatum,,,,,,"'Chulbair mountains above Sina vil. in SE Uzbekistan, 38023’27” N 67035’30”E at altitudes 2700 - 2850 m'",,,,,,,,,,,,,,,,,,372883-1,Int. Rock Gard.,urn:lsid:ipni.org:publications:20018630-2,2026,2026 [Mar 2026],[Mar 2026],Rukšāns,subsp.,"Int. Rock Gard. 194: 12, figs. F-J, map B 2. 2026 [Mar 2026] ",,Etymology: 'Named after specific colouration of leaves'  (english),,,11,charlesii,(Aitch. & Hemsl.) Vved.,,f,t,,holotype RIG,,"'ARJA-9827 - leg. J. Rukšāns & A. Seisums 09-06-1998, ex culturae in horto Jānis Rukšāns'",,,Rukšāns@20008688-2@1@aut,Vved.@11282-1@1@aut$Hemsl.@3825-1@3@bas$Aitch.@108-1@2@bas,,tax. nov.,,1.2,f,geranium~charlesiipunctatum,geraniaceaegeranium~charlesiipunctatum,,26,wfo-1200118267,,subspecies,,,,
urn:lsid:ipni.org:names:77378287-1,Vved.,,,,,,"194: 45, figs. 1-17, map 1",,4,,4,,s.n.,2024,,J. Rukšāns &amp; D. Zubov,,,05/04/2026 22:55,07/04/2026 21:20,"Turkey (Western Asia, Asia-Temperate)",E,Hyacinthaceae,Puschkinia seisumsiana,Puschkinia seisumsiana,Puschkinia,,f,f,,,,,,,,38,,,"'Eastern Anatolia region, Bingöl Province: 12-13 km NWW from Bingöl, on roadside from Bingöl to Elaziğ behind small river/stream, at c. 1300 m elevation'",40,,,,,,,,N,,,,,,,,,24689-1,Int. Rock Gard.,urn:lsid:ipni.org:publications:20018630-2,2026,2026,,Vved.,spec.,"Int. Rock Gard. 194: 45, figs. 1-17, map 1. 2026 ",,"Eponymy: 'named after Dr Arnis Seisums from National Botanic Garden of Latvia, partner of many our expeditions to Balkans, Turkey and Iran ...' (english)",,,11,seisumsiana,,,f,t,,holotype RIG (RIG16512),,"'seeds leg. A. Seisums, 02 June 2004; cult. (specimen grown from seed in J. Rukšāns’ garden, Latvia)'",,,Vved.@11282-1@1@aut,,,tax. nov.,,1.3,f,puschkinia~seisumsiana,hyacinthaceaepuschkinia~seisumsiana~,,27,wfo-1000089374,,species,,,,
urn:lsid:ipni.org:names:77378389-1,"Z.Dan Wang, X.F.Jin & Y.F.Lu",,,,,,272: 186,,18,,6,,20250618,2025,,Z.D.Wang,,,06/04/2026 08:01,07/04/2026 13:11,"Zhejiang (China Southeast, China, Asia-Temperate)",,Crassulaceae,Sedum xinchangense,Sedum xinchangense,Sedum,,f,f,,,,,,,,,,,Mt. Shijiufeng of Xinchang County,,,,,,,,,,,,,,,,,,30001444-2,PhytoKeys,urn:lsid:ipni.org:publications:20011997-1,2026,2026 [7 Apr 2026],[7 Apr 2026],"Z.Dan Wang, X.F.Jin & Y.F.Lu",spec.,PhytoKeys 272: 186. 2026 [7 Apr 2026] ,,doi:10.3897/phytokeys.272.188016 [english] Etymology: the specific epithet refers to the type locality of this new species.,,,11,xinchangense,,,f,t,,holotype ZJFC;isotype ZM,,"Hangzhou City, Lin'an District, cultivated in Zhejiang A&F University",,,Z.Dan Wang@20097607-1@1@aut$X.F.Jin@40131-1@2@aut$Y.F.Lu@20032701-1@3@aut,,,tax. nov.,,1.3,f,sedum~xinchangense,crassulaceaesedum~xinchangense~,,28,wfo-1000089375,,species,,,,
urn:lsid:ipni.org:names:77378390-1,"Rugayah, Sulist., Sunarti & Damayanto",,,,,,60(2): 146,,29,,6,,1276,2019,,D.Sulistiarini &amp; D.Sahroni ('Diah S.&amp; Deni S.'),,,06/04/2026 16:21,07/04/2026 09:28,"Sulawesi (Malesia, Asia-Tropical)",,Dracaenaceae,Dracaena banggaensis,Dracaena banggaensis,Dracaena,,f,f,,,,,,,,,,,"Banggai Island, Tinangkung District, Tinangkung Village",,,,,,,,,,,,,,,,,,30010732-2,Folia Geobot.,urn:lsid:ipni.org:publications:20000072-1,2026,2026 [26 Jan 2026],[26 Jan 2026],"Rugayah, Sulist., Sunarti & Damayanto",spec.,Folia Geobot. 60(2): 146. 2026 [26 Jan 2026] ,,doi:10.1007/s12224-025-09473-0 [english] Etymology: the specific epithet refers to the location where the plant was collected.,,,11,banggaensis,,,f,t,,holotype BO,,,,,Sunarti@20005043-2@3@aut$Damayanto@20031188-1@4@aut$Rugayah@25883-1@1@aut$Sulist.@27341-1@2@aut,,,tax. nov.,,1.3,f,dracaena~banggaensis,dracaenaceaedracaena~banggaensis~,,29,wfo-1000089376,,species,,,,
urn:lsid:ipni.org:names:77378391-1,Windham & Colwell,,,,,,"312(11): 12, figs. 1-8",,11,,9,,AC04-265,2004,,A.E.L. Colwell &amp; Compton,,,06/04/2026 16:37,06/04/2026 16:37,"Madera County (California, Southwestern U.S.A., Northern America)",,Brassicaceae,Boechera sierraensis,Boechera sierraensis,Boechera,,f,f,,,,,,,,,,,"'Clark Range,  Red Peak Pass, on S-facing slope just below pass, 11,150 ft elev.'",,,,,,,,,,,,,,,,,,327424-2,Pl. Syst. Evol.,urn:lsid:ipni.org:publications:2733-2,2026,2026 [13 Feb 2026],[13 Feb 2026],Windham & Colwell,spec.,"Pl. Syst. Evol. 312(11): 12, figs. 1-8. 2026 [13 Feb 2026] (epublished)",(epublished),"Etymology: 'Boechera sierraensis is named for its home  range, the Sierra Nevada of California ...' (english) doi:10.1007/s00606-025-01982-x",,,11,sierraensis,,,f,t,,holotype YOSE [YOSE 224299],,,,,Windham@28826-1@1@aut$Colwell@20008582-2@2@aut,,,tax. nov.,,1.1,f,boechera~sierraensis,brassicaceaeboechera~sierraensis~,,30,wfo-1000089377,,species,,,,
urn:lsid:ipni.org:names:77378392-1,(H.S.Lo) Z.Q.Song & D.X.Xu,Rubiaceae Mycetia hainanensis H.S.Lo,(H.S.Lo),959194-1,,,272: 283,,,,,,,,,,,,07/04/2026 13:21,08/04/2026 16:04,,,Rubiaceae,Mouretia hainanensis,Mouretia hainanensis,Mouretia,,f,f,,,,,,,,,,,,,,,,,,,,,,,,,,,,null:,34943-1,PhytoKeys,urn:lsid:ipni.org:publications:20011997-1,2026,2026 [8 Apr 2026],[8 Apr 2026],Z.Q.Song & D.X.Xu,spec.,PhytoKeys 272: 283. 2026 [8 Apr 2026] ,,doi:10.3897/phytokeys.272.191461,,,11,hainanensis,,,f,t,,,,,,,Z.Q.Song@20027710-1@1@aut$D.X.Xu@20027711-1@2@aut$H.S.Lo@5683-1@3@bas,,,comb. nov.,77376422-1,1.3,f,mouretia~hainanensis,rubiaceaemouretia~hainanensis~,,31,wfo-1000088167,,species,,,,
urn:lsid:ipni.org:names:77378393-1,S.A.Mori ex J.E.Bat.,,,,,,750(3): 148,,3,,11,,2174,2024,,"J.Batista, I.Cisneros &amp; L.Pérez",,,07/04/2026 14:36,27/04/2026 12:30,"Panama (Central America, Southern America)",W,Lecythidaceae,Scottmoria umbonata,Scottmoria umbonata,Scottmoria,,f,f,,,,,,,,9,21,30,"Provincia de Colón. Entrando por la comunidad de Santa Rita Arriba, Sierra Llorona, finca privada, frente a la escuela, al lado del camino, 413 m",79,43,52,,,,,,N,,,,,,,,,77345009-1,Phytotaxa,urn:lsid:ipni.org:publications:20011462-1,2026,2026 [7 Apr 2026],[7 Apr 2026],S.A.Mori ex J.E.Bat.,spec.,Phytotaxa 750(3): 148. 2026 [7 Apr 2026] ,,doi:10.11646/phytotaxa.750.3.1  Etymology: the specific epithet means having a highly developed umbo or raised central protuberance that persists from immature to mature fruit.,,,11,umbonata,,,f,t,,holotype PMA PMA146198; PMA146199;isotype SCZ SCZ20313; SCZ20314; SCZ20315,,,,,S.A.Mori@6652-1@1@aut$J.E.Bat.@20031383-1@2@autEx,,,tax. nov.,,1.2,f,scottmoria~umbonata,lecythidaceaescottmoria~umbonata~,,32,wfo-1000089378,,species,,,,
urn:lsid:ipni.org:names:77378394-1,"Jabar, Besi & Rusea",,,,,,750(3): 165,,14,,5,,HS160,2022,,E.E.Besi et al,,,07/04/2026 14:54,27/04/2026 11:37,"Peninsular Malaysia (Malaya, Malesia, Asia-Tropical)",,Orchidaceae,Acriopsis densiflora var. subpandurata,Acriopsis densiflora var. subpandurata,Acriopsis,,f,f,,,,,subpandurata,,,,,,"Pahang, Rompin State Park, Padang Tujuh, c. 500 m",,,,,,,,,,,,,,,,,,614844-1,Phytotaxa,urn:lsid:ipni.org:publications:20011462-1,2026,2026 [7 Apr 2026],[7 Apr 2026],"Jabar, Besi & Rusea",var.,Phytotaxa 750(3): 165. 2026 [7 Apr 2026] ,,doi:10.11646/phytotaxa.750.3.2  Etymology: the infraspecific epithet is derived from its supandurate labellum.,,,11,densiflora,Lindl.,,f,t,,holotype UPM,,,,,Rusea@20003689-1@3@aut$Jabar@20097608-1@1@aut$Besi@20034362-1@2@aut,Lindl.@22383-1@1@aut,,tax. nov.,,1.3,f,acriopsis~densiflorasubpandurata,orchidaceaeacriopsis~densiflorasubpandurata,,33,wfo-1200118268,,variety,,,,
urn:lsid:ipni.org:names:77378395-1,"Diaz Jim., Pérez-Farr. & Croat",,,,,,750(3): 209,,9,,6,,1962,2024,,"Pedro Díaz Jiménez, M.Á.Pérez-Farrera, M.G.Martínez-Martínez &amp; G. Moreno Méndez",,,07/04/2026 15:07,07/04/2026 15:07,"Chiapas (Mexico Southeast, Mexico, Northern America)",W,Araceae,Syngonium turipachense,Syngonium turipachense,Syngonium,,f,f,,,,,,,,16,51,47,"Municipio Berriozábal, Predio Peña Flor, zona sujeta conservación ecológica La Pera, aprox. A 14 km al NO de Berriozábal, bosque tropical perennifolio, 1153 m",93,19,41,,,,,,N,,,,,,,,,2930-1,Phytotaxa,urn:lsid:ipni.org:publications:20011462-1,2026,2026 [7 Apr 2026],[7 Apr 2026],"Diaz Jim., Pérez-Farr. & Croat",spec.,Phytotaxa 750(3): 209. 2026 [7 Apr 2026] ,,"doi:10.11646/phytotaxa.750.3.6  Etymology: the specific epithet is named for the area locally known as 'Turipache', in the municipality of Berriozábal, Chiapas where it was collected.",,,11,turipachense,,,f,t,,holotype HEM;isotype CHIP;isotype MEXU;isotype MO,,,,,Pérez-Farr.@38770-1@2@aut$Croat@1881-1@3@aut$Diaz Jim.@20041235-1@1@aut,,,tax. nov.,,1.1,f,syngonium~turipachense,araceaesyngonium~turipachense~,,34,wfo-1000089379,,species,,,,
urn:lsid:ipni.org:names:77378396-1,"Nagendra, K.Prasad & A.M.Reddy",,,,,,71(2): 221,,7,,9,,5363,2024,,"C.Nagendra, Sake Akkulanna &amp; K.Prasad",,,07/04/2026 16:13,07/04/2026 16:13,"Andhra Pradesh (India, Indian Subcontinent, Asia-Tropical)",,Euphorbiaceae,Euphorbia chalamensis,Euphorbia chalamensis,Euphorbia,,f,f,,,,,,,,,,,"Nandyal district, Gundla Brahmeswaram Wildlife Sanctuary, Chalama forest, 315 m",,,,,,,,,,,,,,,,,,327729-2,Taiwania,urn:lsid:ipni.org:publications:2979-2,2026,2026 [18 Mar 2026],[18 Mar 2026],"Nagendra, K.Prasad & A.M.Reddy",spec.,Taiwania 71(2): 221. 2026 [18 Mar 2026] ,,doi:10.6165/tai.2026.71.221  Etymology: the specific epithet is named after the type locality.,,,11,chalamensis,,,f,t,,holotype CAL;isotype BSID;isotype YVU,,,,,K.Prasad@20018705-1@2@aut$A.M.Reddy@20034472-1@3@aut$Nagendra@20047393-1@1@aut,,,tax. nov.,,1.1,f,euphorbia~chalamensis,euphorbiaceaeeuphorbia~chalamensis~,,35,wfo-1000089380,,species,,,,
urn:lsid:ipni.org:names:77378397-1,K.M.P.Kumar & Sunil,,,,,,71(2): 243,,9,,10,,952,2020,,C.N.Sunil &amp; A.J.Robi,,,07/04/2026 16:29,07/04/2026 16:29,"Kerala (India, Indian Subcontinent, Asia-Tropical)",E,Campanulaceae,Lobelia janardhananii,Lobelia janardhananii,Lobelia,,f,f,,,,,,,,8,37,29,"Thiruvananthapuram District, Agasthyamala, Pongalapara, 1388 m",77,14,34,,,,,,N,,,,,,,,,30001605-2,Taiwania,urn:lsid:ipni.org:publications:2979-2,2026,2026 [21 Mar 2026],[21 Mar 2026],K.M.P.Kumar & Sunil,spec.,Taiwania 71(2): 243. 2026 [21 Mar 2026] ,,"doi:10.6165/tai.2026.71.243  Etymology: the specific epithet honours the contributions of Sri. N.K. Janardhanan, Gardner, Herb Garden, Arya Vaidya Sala, Kottakkal, for his 45 years of dedicated service towards the conservation of threatened plants, especially medicinal plants.",,,11,janardhananii,,,f,t,,holotype LWG;isotype BAM;isotype SNMH,,,,,K.M.P.Kumar@20014754-2@1@aut$Sunil@39056-1@2@aut,,,tax. nov.,,1.1,f,lobelia~janardhananii,campanulaceaelobelia~janardhananii~,,36,wfo-1000089381,,species,,,,
urn:lsid:ipni.org:names:77378398-1,"S.Singh, B.Singh & M.Bhuyan",,,,,,71(2): 264,,8,,8,,1080,2025,,"Sumit Singh, Mantu Bhuyan &amp; Bikarma Singh",,,07/04/2026 16:44,07/04/2026 16:44,"Nagaland (Assam, Indian Subcontinent, Asia-Tropical)",E,Balsaminaceae,Impatiens pfutserensis,Impatiens pfutserensis,Impatiens,,f,f,,,,,,,,25,35,16,"Phek district, Pfutsero, 1787 m",94,18,47,,,,,,N,,,,,,,,,325983-2,Taiwania,urn:lsid:ipni.org:publications:2979-2,2026,2026 [25 Mar 2026],[25 Mar 2026],"S.Singh, B.Singh & M.Bhuyan",spec.,Taiwania 71(2): 264. 2026 [25 Mar 2026] ,,doi:10.6165/tai.2026.71.263  Etymology: the specific epithet is named after the type locality.,,,11,pfutserensis,,,f,t,,holotype ASSAM ASSAM-102816;isotype CSIRNEIST,,,,,B.Singh@20026925-1@2@aut$S.Singh@20003652-1@1@aut$M.Bhuyan@20097609-1@3@aut,,,tax. nov.,,1.1,f,impatiens~pfutserensis,balsaminaceaeimpatiens~pfutserensis~,,37,wfo-1000089382,,species,,,,
urn:lsid:ipni.org:names:77378399-1,Lei Liu,,,,,,71(2): 269,,10,,8,,GRI2022012,2022,,L.Liu,,,07/04/2026 16:58,07/04/2026 16:58,"Nei Mongol (Inner Mongolia, China, Asia-Temperate)",E,Poaceae,Elymus magnispicatus,Elymus magnispicatus,Elymus,,f,f,,,,,,,,42,43,53,"Inner Mongolia: Xilingol, Duolun County, 1524 m",116,52,29,,,,,,N,,,,,,,,,328322-2,Taiwania,urn:lsid:ipni.org:publications:2979-2,2026,2026 [26 Mar 2026],[26 Mar 2026],Lei Liu,spec.,Taiwania 71(2): 269. 2026 [26 Mar 2026] ,,doi:10.6165/tai.2026.71.268  Etymology: the specific epithet refers to the giant spike compared with other Elymus species.,,,11,magnispicatus,,,f,t,,holotype FGC;isotype FGC,,,,,Lei Liu@20089292-1@1@aut,,,tax. nov.,,1.1,f,elymus~magnispicatus,poaceaeelymus~magnispicatus~,,38,wfo-1000089383,,species,,,,
urn:lsid:ipni.org:names:77378400-1,(Claus) Schmalh.,Asteraceae Serratula isophylla Claus,(Claus),248713-1,,,2: 113,,,,,,,,,,,,07/04/2026 18:54,08/04/2026 10:05,,,Asteraceae,Serratula centauroides var. isophylla,Serratula centauroides var. isophylla,Serratula,,f,f,,,,,isophylla,,,,,,,,,,,,,,,,,,,,,,,null:,248610-1,Fl. Sredn. Yuzhn. Rossii,urn:lsid:ipni.org:publications:20008372-2,1897,1897,,Schmalh.,var.,Fl. Sredn. Yuzhn. Rossii 2: 113. 1897 ,,Name added via registration. Protologue not seen by the IPNI editors. If you have access to the protologue please email a copy to us via the 'contact us' link at the top of the page.,,,9,centauroides,L.,,f,t,,,,,,,Claus@0-0@2@bas$Schmalh.@9136-1@1@aut,M.Bieb.@0-0@1@aut,,comb. et stat. nov.,,1.3,f,serratula~centauroidesisophylla,asteraceaeserratula~centauroidesisophylla,,39,wfo-1200118269,,variety,,,,
urn:lsid:ipni.org:names:77378401-1,Wydrzycka & W.D.Stevens,,,,,,34: 47,,13,,3,,27039,2016,,"B.Hammel, J.E.Jiménez &amp; I.Pérez",,,07/04/2026 20:39,13/04/2026 16:55,"Costa Rica (Central America, Southern America)",,Asclepiadaceae,Gonolobus costaricensis,Gonolobus costaricensis,Gonolobus,,f,f,,,,,,,,,,,"Alajuela: Cantón  Zarcero, Cuenca del San Carlos, entre Laguna y La Peña (Carmen) de Zarcero, por Calle La Peña",,,,,,,,,,,,,,,,,,30002727-2,Novon,urn:lsid:ipni.org:publications:14256-2,2026,2026 [7 Apr 2026],[7 Apr 2026],Wydrzycka & W.D.Stevens,spec.,Novon 34: 47. 2026 [7 Apr 2026] ,,doi:10.3417/20261032 [english] Name added via registration. Protologue not seen by the IPNI editors. If you have access to the protologue please email a copy to us via the 'contact us' link at the top of the page.,,,11,costaricensis,,,f,t,,holotype MO;isotype CR;isotype MO,,,,,Wydrzycka@20097717-1@1@aut$W.D.Stevens@27212-1@2@aut,,,tax. nov.,,1.2,f,gonolobus~costaricensis,asclepiadaceaegonolobus~costaricensis~,,40,wfo-1000089384,,species,,,,
urn:lsid:ipni.org:names:77378402-1,M.A.Jaram. & T.D.Penn.,,,,,,273: 44,,9,,5,,LNS00-7,2024,,"Lizette Sierra, Paula Lara &amp; Luisa Suarez",,,08/04/2026 14:52,09/04/2026 15:36,"Colombia (Western South America, Southern America)",W,Sapotaceae,Sarcaulus paujilensis,Sarcaulus paujilensis,Sarcaulus,,f,f,,,,,,,,6,3,1,"Boyacá, Municipio Puerto Pinzón, Reserva Proaves El Paujil, 200 m",74,15,51,,,,,,N,,,,,,,,,36872-1,PhytoKeys,urn:lsid:ipni.org:publications:20011997-1,2026,2026 [9 Apr 2026],[9 Apr 2026],M.A.Jaram. & T.D.Penn.,spec.,PhytoKeys 273: 44. 2026 [9 Apr 2026] ,,doi:10.3897/phytokeys.273.175192 [english] Etymology: Sarcaulus paujilensis is named after Reserva Proaves 'El Paujil'.,,,11,paujilensis,,,f,t,,holotype UMNG,,,,,M.A.Jaram.@20001476-1@1@aut$T.D.Penn.@7494-1@2@aut,,,tax. nov.,,1.3,f,sarcaulus~paujilensis,sapotaceaesarcaulus~paujilensis~,,41,wfo-1000089385,,species,,,,
urn:lsid:ipni.org:names:77378404-1,J.-P.Castillon,,,,,,21(1): 5,,8,,3,,163,2011,,X.Aubriot,,,08/04/2026 16:03,08/04/2026 16:03,"Madagascar (Western Indian Ocean, Africa)",E,Euphorbiaceae,Euphorbia ankaranae subsp. nosybeana,Euphorbia ankaranae subsp. nosybeana,Euphorbia,,f,f,,,,,nosybeana,,,13,25,,"Nosy Be, forêt de Lokobe, sur chaos granitique, en sous-bois de forêt préservée, sur la pente, 56 m",48,19,,,,,,,S,,,,,,,,,345603-1,Euphorbia World,urn:lsid:ipni.org:publications:20008382-1,2026,2026 [Apr 2026],[Apr 2026],J.-P.Castillon,subsp.,Euphorbia World 21(1): 5. 2026 [Apr 2026] ,,,,,11,ankaranae,Leandri,,f,t,,holotype P P02284538;isotype P P02284538;isotype TAN,,,,,J.-P.Castillon@20012917-1@1@aut,Leandri@5368-1@1@aut,,tax. nov.,,1.1,f,euphorbia~ankaranaenosybeana,euphorbiaceaeeuphorbia~ankaranaenosybeana,,42,wfo-1200118270,,subspecies,,,,
urn:lsid:ipni.org:names:77378405-1,van Veldh. & Hett.,,,,,,21(1): 31,,5,,2,,ES22187,1994,,E.Specks,,,08/04/2026 16:24,08/04/2026 16:24,"Zambia (South Tropical Africa, Africa)",,Euphorbiaceae,Euphorbia disca,Euphorbia disca,Euphorbia,,f,f,,,,,,,,,,,"North-east of Mumbwa, Miombo woodland",,,,,,,,,,,,,,,,,,327729-2,Euphorbia World,urn:lsid:ipni.org:publications:20008382-1,2026,2026 [Apr 2026],[Apr 2026],van Veldh. & Hett.,spec.,Euphorbia World 21(1): 31. 2026 [Apr 2026] ,,Etymology: the specific epithet is used as a noun in apposition and refers to the unique disc-shaped tuber.,,,11,disca,,,f,t,,holotype BR,,"Holotype prepared from cultivated material, I.Cupic s.n., 11 June 2025",,,Hett.@20260-1@2@aut$van Veldh.@20025513-1@1@aut,,,tax. nov.,,1.1,f,euphorbia~disca,euphorbiaceaeeuphorbia~disca~,,43,wfo-1000089386,,species,,,,
urn:lsid:ipni.org:names:77378406-1,A.Carvajal & Fonseca-Cortés,,,,,,750(4): 270,,10,,2,,3325,2020,,Tobón et al.,,,09/04/2026 10:18,09/04/2026 10:18,"Colombia (Western South America, Southern America)",W,Rubiaceae,Manettia amethystina,Manettia amethystina,Manettia,,f,f,,,,,,,,5,32,53,"Antioquia: Jardín, Alto de Ventanas, carretera entre Jardín y Riosucio, 2870 m",75,48,33,,,,,,N,,,,,,,,,331752-2,Phytotaxa,urn:lsid:ipni.org:publications:20011462-1,2026,2026 [9 Apr 2026],[9 Apr 2026],A.Carvajal & Fonseca-Cortés,spec.,Phytotaxa 750(4): 270. 2026 [9 Apr 2026] ,,"doi:10.11646/phytotaxa.750.4.4 Etymology: the specific epithet is derived from Greek word for 'amethyst', and refers to the colour of the corolla.",,,11,amethystina,,,f,t,,holotype JAUM JAUM-088443;isotype UDBC UDBC-048689,,,,,Fonseca-Cortés@20046985-1@2@aut$A.Carvajal@20097611-1@1@aut,,,tax. nov.,,1.1,f,manettia~amethystina,rubiaceaemanettia~amethystina~,,44,wfo-1000089387,,species,,,,
urn:lsid:ipni.org:names:77378407-1,"Sunil, Ratheesh & S.S.Nair",,,,,,71(2): 274,,3,,9,,9347,2024,,"C.N.Sunil, Ratheesh Narayanan &amp; Sidharth S.Nair",,,09/04/2026 12:16,09/04/2026 12:17,"Karnataka (India, Indian Subcontinent, Asia-Tropical)",,Cyperaceae,Fimbristylis prasadii,Fimbristylis prasadii,Fimbristylis,,f,f,,,,,,,,,,,"Uttara Kannada district, Bhatkal Plateau, 5m",,,,,,,,,,,,,,,,,,331197-2,Taiwania,urn:lsid:ipni.org:publications:2979-2,2026,2026 [27 Mar 2026],[27 Mar 2026],"Sunil, Ratheesh & S.S.Nair",spec.,Taiwania 71(2): 274. 2026 [27 Mar 2026] ,,"doi:10.6165/tai.2026.71.273  Etymology: the specific epithet honours Dr. Vadhyaruparambil Prabhakaran Prasad, former senior scientist in Botanical Survey of India and former Head of the Central National Herbarium (CAL), Howrah, Kolkata, for his outstanding contributions to the taxonomy of family Cyperaceae in India.",,,11,prasadii,,,f,t,,holotype MH;isotype CALI;isotype SNMH,,,,,Sunil@39056-1@1@aut$Ratheesh@20017467-1@2@aut$S.S.Nair@20092967-1@3@aut,,,tax. nov.,,1.2,f,fimbristylis~prasadii,cyperaceaefimbristylis~prasadii~,,45,wfo-1000089388,,species,,,,
urn:lsid:ipni.org:names:77378408-1,Randi & M.Hughes,,,,,,71(2): 297,,26,,10,,AR-1389,2024,,A.Randi,,,09/04/2026 12:24,09/04/2026 12:24,"Kalimantan (Borneo, Malesia, Asia-Tropical)",E,Begoniaceae,Begonia lawar,Begonia lawar,Begonia,,f,f,,,,,,,,,51,2,"West Kalimantan: Kapuas Hulu Regency, Tanjung Lokang Village, Betung Kerihun National Park, Bungan riverside, 180 m",113,41,3,,,,,,N,,,,,,,,,327437-2,Taiwania,urn:lsid:ipni.org:publications:2979-2,2026,2026 [1 Apr 2026],[1 Apr 2026],Randi & M.Hughes,spec.,Taiwania 71(2): 297. 2026 [1 Apr 2026] ,,"doi:10.6165/tai.2026.71.297  Etymology: the specific epithet is a noun in apposition meaning beautiful and attractive in West Kalimantan Malay, referring to the patterned leaves.",,,11,lawar,,,f,t,,holotype WAN;isotype BO;isotype FIPIA,,,,,Randi@20041199-1@1@aut$M.Hughes@40077-1@2@aut,,,tax. nov.,,1.1,f,begonia~lawar,begoniaceaebegonia~lawar~,,46,wfo-1000089389,,species,,,,
urn:lsid:ipni.org:names:77378409-1,Randi,,,,,,71(2): 300,,24,,10,,AR-1384,2024,,A.Randi,,,09/04/2026 12:34,09/04/2026 12:34,"Kalimantan (Borneo, Malesia, Asia-Tropical)",E,Begoniaceae,Begonia sadtatana,Begonia sadtatana,Begonia,,f,f,,,,,,,,,48,13,"West Kalimantan: Kapuas Hulu Regency, Tanjung Lokang Village, Datah Opet Karst Landscape in Betung Kerihun National Park, 300 m",113,43,26,,,,,,N,,,,,,,,,327437-2,Taiwania,urn:lsid:ipni.org:publications:2979-2,2026,2026 [1 Apr 2026],[1 Apr 2026],Randi,spec.,"Taiwania 71(2): 300. 2026 [1 Apr 2026] , as 'sadtataiana'",", as 'sadtataiana'","doi:10.6165/tai.2026.71.297  Etymology: the specific epithet honours Mr. Sadtata N. Adirahmanta, Head of the Betung Kerihun and Danau Sentarum National Park (2024–2025) who initiated a biodiversity expedition at the location where the species was discovered and the co-collector of this new species. Epithet is correctable under Art. 60.8(c), ICN (2025).",,,11,sadtatana,,,f,t,,holotype WAN;isotype BO;isotype FIPIA,,,,,Randi@20041199-1@1@aut,,,tax. nov.,,1.1,f,begonia~sadtatana,begoniaceaebegonia~sadtatana~,,47,wfo-1000089390,,species,,,,
urn:lsid:ipni.org:names:77378410-1,"M.Khanal, D.Borah & Dev.Kumar",,,,,,71(2): 315,,7,,6,,2107,2025,,M.Khanal,,,09/04/2026 12:44,09/04/2026 12:44,"Arunachal Pradesh (East Himalaya, Indian Subcontinent, Asia-Tropical)",,Rubiaceae,Mycetia arunachalensis,Mycetia arunachalensis,Mycetia,,f,f,,,,,,,,,,,"Shi-Yomi, Hone, 1113 m",,,,,,,,,,,,,,,,,,34949-1,Taiwania,urn:lsid:ipni.org:publications:2979-2,2026,2026 [3 Apr 2026],[3 Apr 2026],"M.Khanal, D.Borah & Dev.Kumar",spec.,Taiwania 71(2): 315. 2026 [3 Apr 2026] ,,"doi:10.6165/tai.2026.71.314  Etymology: the specific epithet honours the state of Arunachal Pradesh, a land of rich cultural heritage and exceptional biodiversity in northeastern India, where the species was first discovered.",,,11,arunachalensis,,,f,t,,holotype CAL;isotype ASSAM,,,,,M.Khanal@20063280-1@1@aut$Dev.Kumar@20093179-1@3@aut$D.Borah@20033892-1@2@aut,,,tax. nov.,,1.1,f,mycetia~arunachalensis,rubiaceaemycetia~arunachalensis~,,48,wfo-1000089391,,species,,,,
urn:lsid:ipni.org:names:77378411-1,Munkht. & Baasanm.,,,,,,71(2): 320,,21,,6,,MM11,2025,,"S.Baasanmunkh, D.Munkhtulga &amp; C.Choinom",,,09/04/2026 13:37,09/04/2026 13:37,"Mongolia (Mongolia, Asia-Temperate)",E,Leguminosae,Oxytropis dariimaae,Oxytropis dariimaae,Oxytropis,,f,f,,,,,,,,46,47,,"The Mongolian Altai phytogeographical region: Khovd Province, Darvi Soum, Sutai mountain, Sutain khureenii am, 1535 m",93,36,56,,,,,,N,,,,,,,,,331824-2,Taiwania,urn:lsid:ipni.org:publications:2979-2,2026,2026 [5 Apr 2026],[5 Apr 2026],Munkht. & Baasanm.,spec.,Taiwania 71(2): 320. 2026 [5 Apr 2026] ,,"doi:10.6165/tai.2026.71.319  Etymology: the specific epithet is named after Sc.D. Shagdar Dariimaa, one of the most renowned botanists in Mongolia.",,,11,dariimaae,,,f,t,,holotype UBU UBU0039448;isotype UBU UBU0039449,,,,,Munkht.@20086012-1@1@aut$Baasanm.@20086013-1@2@aut,,,tax. nov.,,1.1,f,oxytropis~dariimaae,leguminosaeoxytropis~dariimaae~,,49,wfo-1000089392,,species,,,,
urn:lsid:ipni.org:names:77378412-1,"M.Khanal, Dev.Kumar & S.Sarkar",,,,,,71(2): 326,,13,,4,,2112,2025,,Madhusudhan Khanal,,,09/04/2026 13:49,09/04/2026 13:56,"Arunachal Pradesh (East Himalaya, Indian Subcontinent, Asia-Tropical)",E,Rubiaceae,Ophiorrhiza himadrica,Ophiorrhiza himadrica,Ophiorrhiza,,f,f,,,,,,,,28,34,22,"Shi-Yomi district, on the way to Menchuka, 1968 m",94,9,9,,,,,,N,,,,,,,,,30280723-2,Taiwania,urn:lsid:ipni.org:publications:2979-2,2026,2026 [6 Apr 2026],[6 Apr 2026],"M.Khanal, Dev.Kumar & S.Sarkar",spec.,Taiwania 71(2): 326. 2026 [6 Apr 2026] ,,"doi:10.6165/tai.2026.71.325  Etymology: the specific epithet originates from Sanskrit, where hima means 'snow' and adri means 'mountain'. The term 'himadrica' refers to the Himalayas, the highest mountain range in the world and the type locality of the species.",,,11,himadrica,,,f,t,,holotype CAL;isotype ARUN;isotype G.B.Pant Natl. Inst. of Himalayan Environm. - N. E. Regional Centre Herb.,,,,,S.Sarkar@20056897-1@3@aut$M.Khanal@20063280-1@1@aut$Dev.Kumar@20093179-1@2@aut,,,tax. nov.,,1.2,f,ophiorrhiza~himadrica,rubiaceaeophiorrhiza~himadrica~,,50,wfo-1000089393,,species,,,,
urn:lsid:ipni.org:names:77378413-1,"M.Khanal, Dev.Kumar & S.Sarkar",,,,,,71(2): 330,,19,,4,,2113,2025,,Madhusudhan Khanal,,,09/04/2026 13:56,09/04/2026 13:56,"Arunachal Pradesh (East Himalaya, Indian Subcontinent, Asia-Tropical)",E,Rubiaceae,Ophiorrhiza bharat,Ophiorrhiza bharat,Ophiorrhiza,,f,f,,,,,,,,28,31,26,"Shi-Yomi district, Hone village adjoining forested areas, 1083 m",94,32,12,,,,,,N,,,,,,,,,30280723-2,Taiwania,urn:lsid:ipni.org:publications:2979-2,2026,2026 [6 Apr 2026],[6 Apr 2026],"M.Khanal, Dev.Kumar & S.Sarkar",spec.,Taiwania 71(2): 330. 2026 [6 Apr 2026] ,,"doi:10.6165/tai.2026.71.325  Etymology: the specific epithet (from the Sanskrit bhārata) refers to the traditional and consitutional name of India, honouring the country's rich botanical and cultural diversity. The epithet is used as a noun in apposition.",,,11,bharat,,,f,t,,holotype CAL;isotype ARUN;isotype G.B.Pant Natl. Inst. of Himalayan Environm. - N. E. Regional Centre Herb.,,,,,M.Khanal@20063280-1@1@aut$S.Sarkar@20056897-1@3@aut$Dev.Kumar@20093179-1@2@aut,,,tax. nov.,,1.1,f,ophiorrhiza~bharat,rubiaceaeophiorrhiza~bharat~,,51,wfo-1000089394,,species,,,,
urn:lsid:ipni.org:names:77378414-1,"Solano-C., Ruiz-Mol. & J.D.Quiroga",,,,,,50[early view]: 3,,20,,2,,150,2025,,"C.Solano-C., J.Quiroga &amp; L.Carvajal",,,09/04/2026 14:47,16/04/2026 12:41,"Colombia (Western South America, Southern America)",W,Gesneriaceae,Besleria bella,Besleria bella,Besleria,,f,f,,,,,,,,6,40,28,"Santander: Municipio El Carmen del Chucurí, Vereda La Bodega, Finca de Gustavo González, 1550 m",73,27,7,,,,,,N,,,,,,,,,30001880-2,Revista Acad. Colomb. Ci. Exact.,urn:lsid:ipni.org:publications:1611-2,2026,2026 [8 Apr 2026],[8 Apr 2026],"Solano-C., Ruiz-Mol. & J.D.Quiroga",spec.,Revista Acad. Colomb. Ci. Exact. 50[early view]: 3. 2026 [8 Apr 2026] ,,doi:10.18257/raccefyn.3360 [english] Etymology: 'The specific epithet refers to the remarkable beauty (from Latin bella: beautiful or pleasant) of the flowers and leaves'.,,,11,bella,,,f,t,,holotype UDBC 51562;isotype COL;isotype JAUM,,,,,Ruiz-Mol.@20071301-1@2@aut$Solano-C.@20087064-1@1@aut$J.D.Quiroga@20069470-1@3@aut,,,tax. nov.,,1.3,f,besleria~bella,gesneriaceaebesleria~bella~,,52,wfo-1000089395,,species,,,,
urn:lsid:ipni.org:names:77378415-1,"Solano-C., Ruiz-Mol. & J.D.Quiroga",,,,,,50[early view]: 7,,20,,2,,156,2025,,"C.Solano-C., J.Quiroga &amp; L.Carvajal",,,09/04/2026 14:51,16/04/2026 12:41,"Colombia (Western South America, Southern America)",W,Gesneriaceae,Besleria obconica,Besleria obconica,Besleria,,f,f,,,,,,,,6,34,18,"Santander: Municipio El Carmen de Chucurí, Vereda La Belleza, hacia la finca de don Reinaldo Galeano, 848 m",73,34,9,,,,,,N,,,,,,,,,30001880-2,Revista Acad. Colomb. Ci. Exact.,urn:lsid:ipni.org:publications:1611-2,2026,2026 [8 Apr 2026],[8 Apr 2026],"Solano-C., Ruiz-Mol. & J.D.Quiroga",spec.,Revista Acad. Colomb. Ci. Exact. 50[early view]: 7. 2026 [8 Apr 2026] ,,"doi:10.18257/raccefyn.3360 [english] Etymology: 'The specific epithet obconica derives from the Latin obconicus, meaning 'in the shape of an inverted cone', referring to the shape of the corolla'.",,,11,obconica,,,f,t,,holotype UDBC 51559;isotype COL;isotype HUA;isotype JAUM,,,,,Solano-C.@20087064-1@1@aut$Ruiz-Mol.@20071301-1@2@aut$J.D.Quiroga@20069470-1@3@aut,,,tax. nov.,,1.3,f,besleria~obconica,gesneriaceaebesleria~obconica~,,53,wfo-1000089396,,species,,,,
urn:lsid:ipni.org:names:77378419-1,Dobrescu & Beldie,,,,,,12(3): 344,,,,,,,,,,,,09/04/2026 15:45,09/04/2026 15:47,,,Fagaceae,Quercus × speciosa,Quercus × speciosa,Quercus,,t,f,,,,,,,,,,,,,,,,,,,,,,,,,,,,,325819-2,"Stud. Cercet. Biol. (Bucharest), Ser. Biol. Veg.",urn:lsid:ipni.org:publications:20028245-1,1960,1960,,Dobrescu & Beldie,spec.,"Stud. Cercet. Biol. (Bucharest), Ser. Biol. Veg. 12(3): 344. 1960 ",,,,,8,speciosa,,,f,t,,,,,,,Beldie@629-1@2@aut$Dobrescu@2240-1@1@aut,,,tax. nov.,,1.2,f,quercus~speciosa,fagaceaequercus~speciosa~,,54,wfo-1000089397,,species,,,,
urn:lsid:ipni.org:names:77378420-1,(Dobrescu & Beldie) Vereecke,Fagaceae Quercus × speciosa Dobrescu & Beldie,(Dobrescu & Beldie),77378419-1,,,33: 57,,,,,,,,,,,,09/04/2026 15:48,09/04/2026 15:48,,,Fagaceae,Quercus rosacea nothosubsp. speciosa,Quercus rosacea nothosubsp. speciosa,Quercus,,f,f,"60459295-2,77190088-1",(Quercus robur L. subsp. pedunculiflora (K.Koch) Menitsky × Quercus petraea (Matt.) Liebl. subsp. polycarpa (Schur) Soó),,,speciosa,,,,,,,,,,,,,,,,,,,,,,,,296693-1,Int. Oaks,urn:lsid:ipni.org:publications:20000034-1,2022,2022,,Vereecke,nothosubsp.,Int. Oaks 33: 57. 2022 ,,,,,11,rosacea,Bechst.,,f,t,,,,,,,Beldie@629-1@3@bas$Dobrescu@2240-1@2@bas$Vereecke@20097268-1@1@aut,Bechst.@595-1@1@aut,,comb. et stat. nov.,,1.1,f,quercus~rosaceaspeciosa,fagaceaequercus~rosaceaspeciosa,,55,wfo-1200118271,,subspecies,,,,
urn:lsid:ipni.org:names:77378421-1,(Mátyás) Vereecke,Fagaceae Quercus × illesiana Mátyás,(Mátyás),359717-1,,,33: 58,,,,,,,,,,,,09/04/2026 15:56,09/04/2026 15:56,,,Fagaceae,Quercus × streimii nothosubsp. illesiana,Quercus × streimii nothosubsp. illesiana,Quercus,,f,f,"326376-2,77190088-1",(Quercus pubescens Willd. × Quercus petraea (Matt.) Liebl. subsp. polycarpa (Schur) Soó),,,illesiana,,,,,,,,,,,,,,,,,,,,,,,,296778-1,Int. Oaks,urn:lsid:ipni.org:publications:20000034-1,2022,2022,,Vereecke,nothosubsp.,Int. Oaks 33: 58. 2022 ,,,,,11,streimii,Heuff.,,f,t,,,,,,,Mátyás@6250-1@2@bas$Vereecke@20097268-1@1@aut,Heuff.@3911-1@1@aut,,comb. et stat. nov.,,1.1,f,quercus~streimiiillesiana,fagaceaequercus~streimiiillesiana,,56,wfo-1200118272,,subspecies,,,,
urn:lsid:ipni.org:names:77378422-1,"Weessies, K.Hase & Yudistira",,,,,,751(1): 44,,30,,6,,YRY513,2025,,Yuda R.Yudistira,,,10/04/2026 03:14,10/04/2026 09:54,"Sumatera (Malesia, Asia-Tropical)",,Araceae,Homalomena rex,Homalomena rex,Homalomena,,f,f,,,,,,,,,,,"Sumatera Utara, Mandailing Natal, waterfall near Danau Si Ais, 20 m",,,,,,,,,,,,,,,,,,30057762-2,Phytotaxa,urn:lsid:ipni.org:publications:20011462-1,2026,2026 [10 Apr 2026],[10 Apr 2026],"Weessies, K.Hase & Yudistira",spec.,Phytotaxa 751(1): 44. 2026 [10 Apr 2026] ,,"doi:10.11646/phytotaxa.751.1.5 [english] Etymology: the epithet, a noun in apposition, meaning king in Latin alludes to this species' regal appearance and domination—both in size and numbers—over other Homalomena of the Chamaecladon clade with which it shares its habitat.",,,11,rex,,,f,t,,holotype ANDA,,,,,K.Hase@20066490-1@2@aut$Yudistira@20045086-1@3@aut$Weessies@20045677-1@1@aut,,,tax. nov.,,1.3,f,homalomena~rex,araceaehomalomena~rex~,,57,wfo-1000089398,,species,,,,
urn:lsid:ipni.org:names:77378423-1,(Webb) Pau,Caryophyllaceae Silene ramburiana Webb,(Webb),158193-1,,,8: 115,,,,,,,,,,,,10/04/2026 09:33,10/04/2026 10:14,,,Caryophyllaceae,Silene boryi var. ramburiana,Silene boryi var. ramburiana,Silene,,f,f,,,,,ramburiana,,,,,,,,,,,,,,,,,,,,,,,null:,156953-1,Bol. Soc. Aragonesa Ci. Nat.,urn:lsid:ipni.org:publications:7957-2,1909,1909,,Pau,var.,Bol. Soc. Aragonesa Ci. Nat. 8: 115. 1909 ,,,,,11,boryi,Boiss.,,f,t,,,,,,,Webb@11454-1@2@bas$Pau@7401-1@1@aut,Boiss.@0-0@1@aut,,comb. et stat. nov.,,1.3,f,silene~boryiramburiana,caryophyllaceaesilene~boryiramburiana,,58,wfo-1200118273,,variety,,,,
urn:lsid:ipni.org:names:77378424-1,(Formánek) Bornm.,Caryophyllaceae Silene macedonica Formánek,(Formánek),157736-1,,,59(5): 409,,,,,,,,,,,,10/04/2026 09:39,10/04/2026 10:20,,,Caryophyllaceae,Silene lerchenfeldiana var. macedonica,Silene lerchenfeldiana var. macedonica,Silene,,f,f,,,,,macedonica,,,,,,,,,,,,,,,,,,,,,,,null:,157663-1,Bot. Jahrb. Syst.,urn:lsid:ipni.org:publications:553-2,1925,1925,,Bornm.,var.,Bot. Jahrb. Syst. 59(5): 409. 1925 ,,,,,11,lerchenfeldiana,Baumg.,,f,t,,,,,,,Bornm.@16356-1@1@aut$Formánek@2826-1@2@bas,Baumg.@0-0@1@aut,,comb. et stat. nov.,,1.3,f,silene~lerchenfeldianamacedonica,caryophyllaceaesilene~lerchenfeldianamacedonica,,59,wfo-1200112769,,variety,,,,
urn:lsid:ipni.org:names:77378425-1,Maire,,,,,,10: 141,,,,,,,,,,,,10/04/2026 10:40,10/04/2026 11:37,,,Caryophyllaceae,Silene boryi var. atlantica,Silene boryi var. atlantica,Silene,,f,f,,,,,atlantica,,,,,,,,,,nom. inval.    Contrary to Art. 39.1. ICN (2025). No Latin description; Contrary to Art. 40.1. ICN (2025). Type not indicated.,,nom. inval.,,,,,,,,,,,,156953-1,Fl. Afrique N.,urn:lsid:ipni.org:publications:1114-2,1963,1963,,Maire,var.,Fl. Afrique N. 10: 141. 1963 ,,,,,9,boryi,Boiss.,,f,t,,,,,,,Maire@6001-1@1@aut,Boiss.@0-0@1@aut,,tax. nov.,,1.3,f,silene~boryiatlantica,caryophyllaceaesilene~boryiatlantica,,60,wfo-1200118274,,variety,,,,
urn:lsid:ipni.org:names:77378426-1,Coss. ex Maire,,,,,,10: 141,,,,,,,,,,,,10/04/2026 10:46,10/04/2026 13:50,,,Caryophyllaceae,Silene boryi var. ouensae,Silene boryi var. ouensae,Silene,,f,f,,,,,ouensae,,,,,,,,,,"nom. inval.    Published as a comb. & stat. nov. based on Silene ouensae Coss., which is not validly published. The authors also provide a full and direct reference to 'S.Boryi var. tejedensis J. et M.' (cited therein as S. boryi var. tejedensis (Boiss.) Willk.). Art. 41.8.(a) cannot be applied because of the indirect reference to S. tejedensis Boiss.",,nom. inval.,,,,,,,,,,,,156953-1,Flore Afrique N.,,1963,1963,,Coss. ex Maire,var.,Flore Afrique N. 10: 141. 1963 ,,,,,7,boryi,Boiss.,,f,t,,,,,,,Maire@6001-1@2@autEx$Coss.@17452-1@1@aut,Boiss.@0-0@1@aut,,tax. nov.,,1.3,f,silene~boryiouensae,caryophyllaceaesilene~boryiouensae,,61,wfo-1200118275,,variety,,,,
urn:lsid:ipni.org:names:77378427-1,Dutra Junior & Sakur.,,,,,,751(1): 16,,2,,10,,940,2024,,D.B.M.Damasceno &amp; D.N.S.Machado,,,10/04/2026 11:02,10/04/2026 11:02,"Rio de Janeiro (Brazil Southeast, Brazil, Southern America)",,Araceae,Philodendron angelicanum,Philodendron angelicanum,Philodendron,,f,f,,,,,,,,,,,"Municipality of Cachoeiras de Macacu, Soarinho, Monumento Natural Municipal da Serra do Soarinho, Núcleo Soarinho, Cachoeira Janela do Céu",,,,,,,,,,,,,,,,,,326132-2,Phytotaxa,urn:lsid:ipni.org:publications:20011462-1,2026,2026 [10 Apr 2026],[10 Apr 2026],Dutra Junior & Sakur.,spec.,Phytotaxa 751(1): 16. 2026 [10 Apr 2026] ,,"doi:10.11646/phytotaxa.751.1.2 Etymology: the specific epithet is named in honour of the Brazillian botanist Prof. Dr. Ana Angélica Monteiro de Barros, in recognition of her valuable contribution to the study and preservation of biodiversity.",,,11,angelicanum,,,f,t,,holotype RFFP,,,,,Sakur.@37798-1@2@aut$Dutra Junior@20097613-1@1@aut,,,tax. nov.,,1.1,f,philodendron~angelicanum,araceaephilodendron~angelicanum~,,62,wfo-1000089399,,species,,,,
urn:lsid:ipni.org:names:77378428-1,(Elfstr.) Norrl.,Asteraceae Hieracium praematurum Elfstr. subsp. aquilonium Elfstr.,(Elfstr.),214908-1,,,7: n. 37-39,,,,,,,,,,,,10/04/2026 12:26,10/04/2026 12:26,,,Asteraceae,Hieracium aquilonium,Hieracium aquilonium,Hieracium,,f,f,,,,,,,,,,,,,,,,,,,,,,,,,,,,,330082-2,Hieracia Exsicc.,urn:lsid:ipni.org:publications:20026693-1,1906,1906,,Norrl.,spec.,Hieracia Exsicc. 7: n. 37-39. 1906 ,,,,,11,aquilonium,,,f,t,,,,,,,Norrl.@24161-1@1@aut$Elfstr.@2508-1@2@bas,,,comb. et stat. nov.,,1.1,f,hieracium~aquilonium,asteraceaehieracium~aquilonium~,,63,wfo-0000091843,,species,,,,
urn:lsid:ipni.org:names:77378430-1,Laest.,,,,,,1826: 170,,,,,,,,,,,,10/04/2026 14:22,10/04/2026 14:22,,,Asteraceae,Hieracium alpinum var. fuliginosum,Hieracium alpinum var. fuliginosum,Hieracium,,f,f,,,,,fuliginosum,,,,,,,,,,,,,,,,,,,,,,,,214622-1,Kongl. Vetensk. Acad. Handl.,urn:lsid:ipni.org:publications:1288-2,1827,1827,,Laest.,var.,Kongl. Vetensk. Acad. Handl. 1826: 170. 1827 ,,,,,8,alpinum,L.,,f,t,,,,,,,Laest.@5200-1@1@aut,L.@12653-1@1@aut,,tax. nov.,,1.1,f,hieracium~alpinumfuliginosum,asteraceaehieracium~alpinumfuliginosum,,64,wfo-1200111033,,variety,,,,
urn:lsid:ipni.org:names:77378431-1,(Laest.) Andersson,Asteraceae Hieracium alpinum L. var. fuliginosum Laest.,(Laest.),77378430-1,,,20,,,,,,,,,,,,10/04/2026 14:25,10/04/2026 14:25,,,Asteraceae,Hieracium fuliginosum,Hieracium fuliginosum,Hieracium,,f,f,,,,,,,,,,,,,,,,,,,,,,,,,,,,,330082-2,Consp. Veg. Lapponiae,urn:lsid:ipni.org:publications:12997-2,1846,1846,,Andersson,spec.,Consp. Veg. Lapponiae 20. 1846 ,,,,,11,fuliginosum,,,f,t,,,,,,,Andersson@203-1@1@aut$Laest.@5200-1@2@bas,,,comb. et stat. nov.,,1.1,f,hieracium~fuliginosum,asteraceaehieracium~fuliginosum~,,65,wfo-1000088944,,species,,,,
urn:lsid:ipni.org:names:77378432-1,O.Berg,,,,,,27(2–3): 278,,,,,,,,,,,,10/04/2026 15:25,10/04/2026 17:40,,,Myrtaceae,Eugenia sect. Racemosae,Eugenia sect. Racemosae,Eugenia,,f,f,,,,racemosae,,,,,,,,,,,,,,,,,,,,,,,,,326088-2,Linnaea,urn:lsid:ipni.org:publications:703-2,1854,1854,,O.Berg,sect.,Linnaea 27(2–3): 278. 1854 ,,,,,8,,,,f,t,,,Eugenia racemosa DC.,,,,O.Berg@677-1@1@aut,,,tax. nov.,,1.3,f,eugeniaracemosae,myrtaceaeeugeniaracemosae~~,,66,wfo-1200110471,,section,,,,
urn:lsid:ipni.org:names:77378438-1,Merr.,,,,,,5: 75,,,,,,,,,,,,11/04/2026 00:16,11/04/2026 00:16,,,Ranunculaceae,Clematis leschenaultiana var. denticulata,Clematis leschenaultiana var. denticulata,Clematis,,f,f,,,,,denticulata,,,,,,"& Collection: 'Ng Chi Leng, McClure 8614. In forested ravines, altitudes 950 m'",,,,,,,,,,,,,,,,,,709841-1,Lingnan Sci. J.,urn:lsid:ipni.org:publications:3588-2,1927,1927,,Merr.,var.,Lingnan Sci. J. 5: 75. 1927 (as 'Leschenaultii'),(as 'Leschenaultii'),,,,8,leschenaultiana,DC.,,f,t,,,,,,,Merr.@6376-1@1@aut,DC.@16855-1@1@aut,,tax. nov.,,1.1,f,clematis~leschenaultianadenticulata,ranunculaceaeclematis~leschenaultianadenticulata,,67,wfo-0001264816,,variety,,,,
urn:lsid:ipni.org:names:77378439-1,Font Quer,,,,,,25: 270,,,,,,,,,,,,11/04/2026 00:25,11/04/2026 00:25,,,Asteraceae,Solidago virgaurea var. fallit-tirones,Solidago virgaurea var. fallit-tirones,Solidago,,f,f,,,,,fallit-tirones,,,,,,"& Collection: 'Hab. in montibus Sierra de Gredos, L. Los Conventos, dicto ‭2.200 rn. alt. ubi cel. Gros, d. ‭6 august. ‭1924, invenit'",,,,,,,,,,,,,,,,,,30007623-2,Bol. Real Soc. Esp. Hist. Nat.,urn:lsid:ipni.org:publications:10589-2,1927,1927,,Font Quer,var.,Bol. Real Soc. Esp. Hist. Nat. 25: 270. 1927 ,,,,,8,virgaurea,L.,,f,t,,,,,,,Font Quer@2810-1@1@aut,L.@12653-1@1@aut,,tax. nov.,,1.1,f,solidago~virgaureafallit-tirones,asteraceaesolidago~virgaureafallit-tirones,,68,wfo-0001415480,,variety,,,,
urn:lsid:ipni.org:names:77378440-1,"Morillo, Liede & Meve",,,,,,75(2)-e70122: 42,,,,,,,,,,,,11/04/2026 05:55,13/04/2026 12:26,,,Apocynaceae,Pauciflora,Pauciflora,Pauciflora,,f,f,,,,,,,,,,,,,,,,,,,,,,,,,,,,,30000008-2,Taxon,urn:lsid:ipni.org:publications:812-2,2026,2026 [7 Apr 2026],[7 Apr 2026],"Morillo, Liede & Meve",gen.,Taxon 75(2)-e70122: 42. 2026 [7 Apr 2026] ,,doi:10.1002/tax.70122 [english],,,9,,,,f,t,77378587-1,,"Pauciflora parvifolia (Torr.) Morillo, Liede & Meve",,,,Meve@36040-1@3@aut$Morillo@6656-1@1@aut$Liede@22333-1@2@aut,,,tax. nov.,,1.3,f,pauciflora,apocynaceaepauciflora~~~,,69,wfo-4100006509,,genus,,,,
urn:lsid:ipni.org:names:77378441-1,"Morillo, Liede & Meve",,,,,,75(2)-e70122: 48,,,,,,,,,,,,11/04/2026 05:58,13/04/2026 12:24,,,Apocynaceae,Portoricana,Portoricana,Portoricana,,f,f,,,,,,,,,,,,,,,,,,,,,,,,,,,,,30000008-2,Taxon,urn:lsid:ipni.org:publications:812-2,2026,2026 [7 Apr 2026],[7 Apr 2026],"Morillo, Liede & Meve",gen.,Taxon 75(2)-e70122: 48. 2026 [7 Apr 2026] ,,doi:10.1002/tax.70122 [english],,,9,,,,f,t,77378591-1,,"Portoricana variifolia (Schltr.) Morillo, Liede & Meve",,,,Meve@36040-1@3@aut$Morillo@6656-1@1@aut$Liede@22333-1@2@aut,,,tax. nov.,,1.5,f,portoricana,apocynaceaeportoricana~~~,,70,wfo-4100006510,,genus,,,,
urn:lsid:ipni.org:names:77378442-1,"Morillo, Liede & Meve",,,,,,75(2)-e70122: 49,,,,,,,,,,,,11/04/2026 06:00,14/04/2026 09:42,,,Apocynaceae,Potamoampelos,Potamoampelos,Potamoampelos,,f,f,,,,,,,,,,,,,,,,,,,,,,,,,,,,,30000008-2,Taxon,urn:lsid:ipni.org:publications:812-2,2026,2026 [7 Apr 2026],[7 Apr 2026],"Morillo, Liede & Meve",gen.,Taxon 75(2)-e70122: 49. 2026 [7 Apr 2026] ,,"doi:10.1002/tax.70122 [english] Etymology: 'Combination of 'potamo-', the Greek word for river, and '-ampelos', Greek for vine'.",,,9,,,,f,t,77378592-1,,Potamoampelos delascioi (Morillo) Morillo,,,,Morillo@6656-1@1@aut$Liede@22333-1@2@aut$Meve@36040-1@3@aut,,,tax. nov.,,1.6,f,potamoampelos,apocynaceaepotamoampelos~~~,,71,wfo-4100006511,,genus,,,,
urn:lsid:ipni.org:names:77378443-1,"Morillo, Liede & Meve",,,,,,75(2)-e70122: 60,,,,,,,,,,,,11/04/2026 06:01,13/04/2026 12:25,,,Apocynaceae,Weigendia,Weigendia,Weigendia,,f,f,,,,,,,,,,,,,,,,,,,,,,,,,,,,,30000008-2,Taxon,urn:lsid:ipni.org:publications:812-2,2026,2026 [7 Apr 2026],[7 Apr 2026],"Morillo, Liede & Meve",gen.,Taxon 75(2)-e70122: 60. 2026 [7 Apr 2026] ,,"doi:10.1002/tax.70122 [english] Etymology: 'Named after Maximilian Weigend, German botanist, professor of botany in Bonn, and specialist for the flora of Peru'.",,,9,,,,f,t,77378600-1,,"Weigendia cajamarcana Morillo, Liede & Meve",,,,Morillo@6656-1@1@aut$Meve@36040-1@3@aut$Liede@22333-1@2@aut,,,tax. nov.,,1.5,f,weigendia,apocynaceaeweigendia~~~,,72,wfo-4100006512,,genus,,,,
urn:lsid:ipni.org:names:77378444-1,"Morillo, Liede & Meve",,,,,,75(2)-e70122: 62,,,,,,,,,,,,11/04/2026 06:02,13/04/2026 12:25,,,Apocynaceae,Yucatania,Yucatania,Yucatania,,f,f,,,,,,,,,,,,,,,,,,,,,,,,,,,,,30000008-2,Taxon,urn:lsid:ipni.org:publications:812-2,2026,2026 [7 Apr 2026],[7 Apr 2026],"Morillo, Liede & Meve",gen.,Taxon 75(2)-e70122: 62. 2026 [7 Apr 2026] ,,doi:10.1002/tax.70122 [english],,,9,,,,f,t,77378602-1,,"Yucatania lanceolata (Decne.) Morillo, Liede & Meve",,,,Meve@36040-1@3@aut$Morillo@6656-1@1@aut$Liede@22333-1@2@aut,,,tax. nov.,,1.5,f,yucatania,apocynaceaeyucatania~~~,,73,wfo-4100006513,,genus,,,,
urn:lsid:ipni.org:names:77378445-1,Liede & Z.X.Ren,,,,,,75(2)-e70131: 16,,,,,,,,,,,,11/04/2026 06:06,14/04/2026 09:49,,,Apocynaceae,Kushengia,Kushengia,Kushengia,,f,f,,,,,,,,,,,,,,,,,,,,,,,,,,,,,30000008-2,Taxon,urn:lsid:ipni.org:publications:812-2,2026,2026 [7 Apr 2026],[7 Apr 2026],Liede & Z.X.Ren,gen.,Taxon 75(2)-e70131: 16. 2026 [7 Apr 2026] ,,"doi:10.1002/tax.70131 [english] Etymology: 'derived from the Chinese name 'ku sheng', meaning 'bitter rope', referring to both the taste of the plant and its similarity to, and use as, cordage'.",,,8,,,,f,t,,,Kushengia sinensis (Hemsl.) Liede & Z.X.Ren,,,,Liede@22333-1@1@aut$Z.X.Ren@20017639-1@2@aut,,,tax. nov.,,1.4,f,kushengia,apocynaceaekushengia~~~,,74,wfo-4100006514,,genus,,,,
urn:lsid:ipni.org:names:77378446-1,O.Lachenaud & Barberá,,,,,,75(2)-e70094: 2,,,,,,,,,,,,11/04/2026 06:09,13/04/2026 14:08,,,Euphorbiaceae,Ewangoa,Ewangoa,Ewangoa,,f,f,,,,,,,,,,,,,,,,,,,,,,,,,,,,,30375178-2,Taxon,urn:lsid:ipni.org:publications:812-2,2026,2026 [30 Mar 2026],[30 Mar 2026],O.Lachenaud & Barberá,gen.,Taxon 75(2)-e70094: 2. 2026 [30 Mar 2026] ,,"doi:10.1002/tax.70094 [english] Etymology: 'named after the Congolese botanist Corneille Ewango (b. 1963), collector of the type specimens and specialist in Central African Sapotaceae'.",,,9,,,,f,t,77378608-1,,Ewangoa cardiophora O.Lachenaud & Barberá,,,,O.Lachenaud@20013458-1@1@aut$Barberá@20027077-1@2@aut,,,tax. nov.,,1.5,f,ewangoa,euphorbiaceaeewangoa~~~,,75,wfo-4100006515,,genus,,,,
urn:lsid:ipni.org:names:77378447-1,Ehrend. ex Kadereit & Schneew.,,,,,,75(2)-e70119: 8,,,,,,,,,,,,11/04/2026 06:11,14/04/2026 09:53,,,Rubiaceae,subtrib. Galiinae,subtrib. Galiinae,,,f,f,,,galiinae,,,,,,,,,,,,,,,,,,,,,,,,,,30032120-2,Taxon,urn:lsid:ipni.org:publications:812-2,2026,2026 [30 Mar 2026],[30 Mar 2026],Ehrend. ex Kadereit & Schneew.,subtrib.,Taxon 75(2)-e70119: 8. 2026 [30 Mar 2026] ,,doi:10.1002/tax.70119 [english] See note (p. 8) about treatment of this name in Reveal 2012.,,,8,,,,f,t,,,Galium L.,,,,Ehrend.@2483-1@1@aut$Kadereit@14763-1@2@autEx$Schneew.@20008845-1@3@autEx,,,tax. nov.,,1.4,f,rubiaceaegaliinae,rubiaceae~~~~,,76,wfo-4100006516,,subtribe,,,,
urn:lsid:ipni.org:names:77378448-1,Kadereit & Schneew.,,,,,,75(2)-e70119: 11,,,,,,,,,,,,11/04/2026 06:13,13/04/2026 14:23,,,Rubiaceae,Altaiogalium,Altaiogalium,Altaiogalium,,f,f,,,,,,,,,,,,,,,,,,,,,,,,,,,,,30032120-2,Taxon,urn:lsid:ipni.org:publications:812-2,2026,2026 [30 Mar 2026],[30 Mar 2026],Kadereit & Schneew.,gen.,Taxon 75(2)-e70119: 11. 2026 [30 Mar 2026] ,,doi:10.1002/tax.70119 [english] Etymology: 'The name of this new genus refers to the distribution of its sole species in the Altai'.,,,8,,,,f,t,,,Altaiogalium paniculatum (Bunge) Kadereit & Schneew.,,,,Kadereit@14763-1@1@aut$Schneew.@20008845-1@2@aut,,,tax. nov.,,1.3,f,altaiogalium,rubiaceaealtaiogalium~~~,,77,wfo-4100006517,,genus,,,,
urn:lsid:ipni.org:names:77378449-1,Kadereit & Schneew.,,,,,,75(2)-e70119: 12,,,,,,,,,,,,11/04/2026 06:14,13/04/2026 14:25,,,Rubiaceae,Hamogalium,Hamogalium,Hamogalium,,f,f,,,,,,,,,,,,,,,,,,,,,,,,,,,,,30032120-2,Taxon,urn:lsid:ipni.org:publications:812-2,2026,2026 [30 Mar 2026],[30 Mar 2026],Kadereit & Schneew.,gen.,Taxon 75(2)-e70119: 12. 2026 [30 Mar 2026] ,,doi:10.1002/tax.70119 [english] Etymology: 'The name of this new genus refers to the distally recurved pedicels (hamosus: hooked)'.,,,8,,,,f,t,,,Hamogalium songaricum (Schrenk ex Fisch. & C.A.Mey.) Kadereit & Schneew.,,,,Schneew.@20008845-1@2@aut$Kadereit@14763-1@1@aut,,,tax. nov.,,1.3,f,hamogalium,rubiaceaehamogalium~~~,,78,wfo-4100006518,,genus,,,,
urn:lsid:ipni.org:names:77378450-1,Kadereit & Schneew.,,,,,,75(2)-e70119: 13,,,,,,,,,,,,11/04/2026 06:15,13/04/2026 14:29,,,Rubiaceae,Hydrogalium,Hydrogalium,Hydrogalium,,f,f,,,,,,,,,,,,,,,,,,,,,,,,,,,,,30032120-2,Taxon,urn:lsid:ipni.org:publications:812-2,2026,2026 [30 Mar 2026],[30 Mar 2026],Kadereit & Schneew.,gen.,Taxon 75(2)-e70119: 13. 2026 [30 Mar 2026] ,,"doi:10.1002/tax.70119 [english] Etymology: 'The name of this new genus, first suggested by Fischer (2015), refers to the often mesic habitat'.",,,8,,,,f,t,,,Hydrogalium palustre (L.) Kadereit & Schneew.,,,,Kadereit@14763-1@1@aut$Schneew.@20008845-1@2@aut,,,tax. nov.,,1.3,f,hydrogalium,rubiaceaehydrogalium~~~,,79,wfo-4100006519,,genus,,,,
urn:lsid:ipni.org:names:77378451-1,"G.P.Sierra, A.Orejuela & C.I.Orozco",,,,,,75(2)-e70130: 7,,,,,,,,,,,,11/04/2026 06:20,13/04/2026 15:09,,,Solanaceae,Daturodendron,Daturodendron,Daturodendron,,f,f,,,,,,,,,,,,,,,,,,,,,,,,,,,,,30000631-2,Taxon,urn:lsid:ipni.org:publications:812-2,2026,2026 [9 Apr 2026],[9 Apr 2026],"G.P.Sierra, A.Orejuela & C.I.Orozco",gen.,Taxon 75(2)-e70130: 7. 2026 [9 Apr 2026] ,,"doi:10.1002/tax.70130 [english] Etymology: 'formed from Datura, in reference to morphological affinities with that genus, and the Greek noun dendron, meaning 'tree'.'",,,9,,,,f,t,77378458-1,,"Daturodendron absconditum G.P.Sierra, A.Orejuela & C.I.Orozco",,,,G.P.Sierra@20097716-1@1@aut$C.I.Orozco@13603-1@3@aut$A.Orejuela@20026479-1@2@aut,,,tax. nov.,,1.3.1.1,f,daturodendron,solanaceaedaturodendron~~~,,80,wfo-4100006520,,genus,,,,
urn:lsid:ipni.org:names:77378452-1,Wei Wang & K.L.Xiang,,,,,,75(2)-e70099: 13,,,,,,,,,,,,11/04/2026 06:23,13/04/2026 15:32,,,Ranunculaceae,trib. Glaucidieae,trib. Glaucidieae,,,f,f,,,glaucidieae,,,77367419-1,,,,,,,,,isonym,,isonym,,,,,,,,,,,,30000277-2,Taxon,urn:lsid:ipni.org:publications:812-2,2026,2026 [19 Mar 2026],[19 Mar 2026],Wei Wang & K.L.Xiang,trib.,Taxon 75(2)-e70099: 13. 2026 [19 Mar 2026] ,,doi:10.1002/tax.70099 [english],,,10,,,,f,t,,,Glaucidium Siebold & Zucc.,,,,Wei Wang@20015390-1@1@aut$K.L.Xiang@20031444-1@2@aut,,,tax. nov.,,1.4,f,ranunculaceaeglaucidieae,ranunculaceae~~~~,,81,wfo-1000089947,,tribe,,,,
urn:lsid:ipni.org:names:77378453-1,Wei Wang & K.L.Xiang,,,,,,75(2)-e70099: 13,,,,,,,,,,,,11/04/2026 06:26,14/04/2026 09:58,,,Ranunculaceae,Cymatenemion,Cymatenemion,Cymatenemion,,f,f,,,,,,,,,,,,,,,,,,,,,,,,,,,,,30000277-2,Taxon,urn:lsid:ipni.org:publications:812-2,2026,2026 [19 Mar 2026],[19 Mar 2026],Wei Wang & K.L.Xiang,gen.,Taxon 75(2)-e70099: 13. 2026 [19 Mar 2026] ,,"doi:10.1002/tax.70099 [english] Etymology: 'From the Greek cyma- (cymose inflorescences) + Enemion, denoting morphological similarity to Enemion, but differ with cymose inflorescences'.",,,9,,,,f,t,77378610-1,,Cymatenemion raddeanum (Regel) Wei Wang & K.L.Xiang,,,,K.L.Xiang@20031444-1@2@aut$Wei Wang@20015390-1@1@aut,,,tax. nov.,,1.5,f,cymatenemion,ranunculaceaecymatenemion~~~,,82,wfo-4100006521,,genus,,,,
urn:lsid:ipni.org:names:77378454-1,Wei Wang & K.L.Xiang,,,,,,75(2)-e70099: 14,,,,,,,,,,,,11/04/2026 06:28,13/04/2026 16:10,,,Ranunculaceae,Neoenemion,Neoenemion,Neoenemion,,f,f,,,,,,,,,,,,,,,,,,,,,,,,,,,,,30000277-2,Taxon,urn:lsid:ipni.org:publications:812-2,2026,2026 [19 Mar 2026],[19 Mar 2026],Wei Wang & K.L.Xiang,gen.,Taxon 75(2)-e70099: 14. 2026 [19 Mar 2026] ,,"doi:10.1002/tax.70099 [english] Etymology: 'From the Greek neo- (new) + Enemion, de-noting morphological similarity to Enemion'.",,,9,,,,f,t,77378613-1,,Neoenemion stipitatum (A.Gray) Wei Wang & K.L.Xiang,,,,K.L.Xiang@20031444-1@2@aut$Wei Wang@20015390-1@1@aut,,,tax. nov.,,1.4,f,neoenemion,ranunculaceaeneoenemion~~~,,83,wfo-4100006522,,genus,,,,
urn:lsid:ipni.org:names:77378455-1,"Wei Wang, Erst & K.L.Xiang",,,,,,75(2)-e70099: 14,,,,,,,,,,,,11/04/2026 06:29,13/04/2026 16:09,,,Ranunculaceae,Paranemone,Paranemone,Paranemone,,f,f,,,,,,,,,,,,,,,,,,,,,,,,,,,,,30000277-2,Taxon,urn:lsid:ipni.org:publications:812-2,2026,2026 [19 Mar 2026],[19 Mar 2026],"Wei Wang, Erst & K.L.Xiang",gen.,Taxon 75(2)-e70099: 14. 2026 [19 Mar 2026] ,,"doi:10.1002/tax.70099 Etymology: 'From the Greek para- (near, beside)+ Anemone, reflecting phylogenetic proximity to Anemone'.",,,9,,,,f,t,77378614-1,,Paranemone deltoidea (Hook.f.) Wei Wang & K.L.Xiang,,,,K.L.Xiang@20031444-1@3@aut$Erst@20017484-1@2@aut$Wei Wang@20015390-1@1@aut,,,tax. nov.,,1.4,f,paranemone,ranunculaceaeparanemone~~~,,84,wfo-4100006523,,genus,,,,
urn:lsid:ipni.org:names:77378456-1,Khosravi & Eslami-Farouji,,,,,,15(2): 128,,,,,,,,,,,,11/04/2026 06:37,14/04/2026 09:36,,,Brassicaceae,Hafezia,Hafezia,Hafezia,,f,f,,,,,,,,,,,,,,,,,,,,,,,,,,,,,30000087-2,Molec. Biol. Res. Commun.,urn:lsid:ipni.org:publications:20037753-1,2026,2026 [Apr 2026],[Apr 2026],Khosravi & Eslami-Farouji,gen.,Molec. Biol. Res. Commun. 15(2): 128. 2026 [Apr 2026] ,,"doi:10.22099/mbrc.2025.54085.2198 [english] Etymology: Named in honour of Hafez, Persian poet of Iran.",,,9,,,,f,t,77378623-1,,Hafezia aucheri (Boiss.) Khosravi & Eslami-Farouji,,,,Eslami-Farouji@20048697-1@2@aut$Khosravi@20001696-1@1@aut,,,tax. nov.,,1.5,f,hafezia,brassicaceaehafezia~~~,,85,wfo-4100006524,,genus,,,,
urn:lsid:ipni.org:names:77378458-1,"G.P.Sierra, A.Orejuela & C.I.Orozco",,,,,,75(2)-e70130: 9,,27,,7,,419,2022,,"G.P.Sierra, P.Pérez &amp; D.Díaz",,,11/04/2026 15:34,13/04/2026 15:05,"Colombia (Western South America, Southern America);Peru (Western South America, Southern America);",W,Solanaceae,Daturodendron absconditum,Daturodendron absconditum,Daturodendron,,f,f,,,,,,,,7,8,13,"Colombia: Dept. of Santander: Floridablanca, vereda San Ignacio, 1923 m",73,1,51,,,,,,N,,,,,,,,,77378451-1,Taxon,urn:lsid:ipni.org:publications:812-2,2026,2026 [9 Apr 2026],[9 Apr 2026],"G.P.Sierra, A.Orejuela & C.I.Orozco",spec.,Taxon 75(2)-e70130: 9. 2026 [9 Apr 2026] ,,"doi:10.1002/tax.70130 [english] Etymology: 'The specific epithet absconditum (from Latin absconditus, 'hidden') refers to the fact that, despite being among the largest arborescent members of Solanaceae in the American tropics, this species remained undescribed until now'.",,,11,absconditum,,,f,t,,holotype COL COL000482919; COL000482916;isotype HECASA;isotype HUA;isotype COL COL000483417; COL000483418;isotype JBB JBB46289,,,,,A.Orejuela@20026479-1@2@aut$C.I.Orozco@13603-1@3@aut$G.P.Sierra@20097716-1@1@aut,,,tax. nov.,,1.2,f,daturodendron~absconditum,solanaceaedaturodendron~absconditum~,,86,wfo-1000089400,,species,,,,
urn:lsid:ipni.org:names:77378459-1,M.Serna & J.D.Quiroga,,,,,,751(1): 51,,14,,9,,16,2022,,Quiroga,,,11/04/2026 15:40,13/04/2026 10:20,"Colombia (Western South America, Southern America)",W,Magnoliaceae,Magnolia carmelita,Magnolia carmelita,Magnolia,,f,f,,,,,,,,6,41,48,"Santander: Carmen de Chucuri, Vereda Quinal Alto",73,29,40,,,,,,N,,,,,,,,,30000709-2,Phytotaxa,urn:lsid:ipni.org:publications:20011462-1,2026,2026 [10 Apr 2026],[10 Apr 2026],M.Serna & J.D.Quiroga,spec.,Phytotaxa 751(1): 51. 2026 [10 Apr 2026] ,,doi:10.11646/phytotaxa.751.1.6 Etymology: the specific epithet is named for the type locality and was chosen from among three other options after a citizen interview performed with the help of the municipality officials.,,,11,carmelita,,,f,t,,holotype JAUM;isotype COL;isotype UIS,,,,,J.D.Quiroga@20069470-1@2@aut$M.Serna@20015780-1@1@aut,,,tax. nov.,,1.2,f,magnolia~carmelita,magnoliaceaemagnolia~carmelita~,,87,wfo-1000089401,,species,,,,
urn:lsid:ipni.org:names:77378462-1,Merr.,,,,,,5: 75,,,,,,,,,,,,11/04/2026 16:55,11/04/2026 16:55,,,Ranunculaceae,Clematis leschenaultii,Clematis leschenaultii,Clematis,,f,f,,,,,,,,,,,,,,,orth. var.    of Clematis leschenaultiana DC.,,orth. var.,,,,,,,,,,,,329401-2,Lingnan Sci. J.,urn:lsid:ipni.org:publications:3588-2,1927,1927,,Merr.,spec.,Lingnan Sci. J. 5: 75. 1927 ,,,,,9,leschenaultii,,,f,t,,,,,,,Merr.@6376-1@1@aut,,,tax. nov.,,1.1,f,clematis~leschenaultii,ranunculaceaeclematis~leschenaultii~,,88,wfo-1000089402,,species,,,,
urn:lsid:ipni.org:names:77378464-1,(Klokov) Tzvelev,Caryophyllaceae Silene hypanica Klokov,(Klokov),157529-1,,,33: 97,,,,,,,,,,,,12/04/2026 07:14,13/04/2026 16:44,,,Caryophyllaceae,Atocion hypanicum,Atocion hypanicum,Atocion,,f,f,,,,,,,,,,,,,,,,,,,,,,,,,,,,null:,6195-1,Novosti Sist. Vyssh. Rast.,urn:lsid:ipni.org:publications:1027-2,2001,2001,,Tzvelev,spec.,Novosti Sist. Vyssh. Rast. 33: 97. 2001 ,,,,,11,hypanicum,,,f,t,,,,,,,Tzvelev@10947-1@1@aut$Klokov@4852-1@2@bas,,,comb. nov.,,1.3,f,atocion~hypanicum,caryophyllaceaeatocion~hypanicum~,,89,wfo-1000089403,,species,,,,
urn:lsid:ipni.org:names:77378465-1,Maire,,,,,,15: 17,,,,,,,,,,,,12/04/2026 09:11,13/04/2026 17:27,,,Caryophyllaceae,Silene mellifera var. rhodantha,Silene mellifera var. rhodantha,Silene,,f,f,,,,,rhodantha,,,,,,,,,,,,,,,,,,,,,,,,157800-1,Mém. Soc. Sci. Nat. Maroc,urn:lsid:ipni.org:publications:2920-2,1926,1926,,Maire,var.,Mém. Soc. Sci. Nat. Maroc 15: 17. 1926 ,,,,,8,mellifera,Boiss. & Reut.,,f,t,,,,,,,Maire@6001-1@1@aut,Reut.@0-0@2@aut$Boiss.@0-0@1@aut,,tax. nov.,,1.3,f,silene~melliferarhodantha,caryophyllaceaesilene~melliferarhodantha,,90,wfo-1200118276,,variety,,,,
urn:lsid:ipni.org:names:77378466-1,Lag. ex Dufour,,,,,,7: 242,,,,,,,,,,,,12/04/2026 09:30,13/04/2026 17:41,,,Caryophyllaceae,Silene patula,Silene patula,Silene,,f,f,,,,,,,,,,,,,,,nom. inval.    pro syn.,,nom. inval.,,,,,,,,,,,,331962-2,Bull. Soc. Bot. France,urn:lsid:ipni.org:publications:578-2,1860,1860,,Lag. ex Dufour,spec.,Bull. Soc. Bot. France 7: 242. 1860 ,,pro syn. of Silene segetalis Duf.,,,9,patula,,,f,t,,,,,,,Dufour@18249-1@2@autEx$Lag.@5205-1@1@aut,,,tax. nov.,,1.3,f,silene~patula,caryophyllaceaesilene~patula~,,91,wfo-1000089948,,species,,,,
urn:lsid:ipni.org:names:77378468-1,Fisch.,,,,,,ed. 2: 60,,,,,,,,,,,,12/04/2026 20:53,14/04/2026 10:14,,,Caryophyllaceae,Silene compacta,Silene compacta,Silene,,f,f,,,,,,,,,,,,,,,nom. inval. nom. nud.,,nom. inval.,,,,,,,,,,,,331962-2,Cat. Jard. Pl. Gorenki,urn:lsid:ipni.org:publications:15623-2,1812,1812,,Fisch.,spec.,Cat. Jard. Pl. Gorenki ed. 2: 60. 1812 ,,,,,9,compacta,,,f,t,,,,,,,Fisch.@2744-1@1@aut,,,tax. nov.,,1.3,f,silene~compacta,caryophyllaceaesilene~compacta~,,92,wfo-1200112878,,species,,,,
urn:lsid:ipni.org:names:77378469-1,Othmer,,,,,,6(48): 568,,,,,,,,,,,,13/04/2026 01:23,14/04/2026 11:46,,,Orchidaceae,Thunia × veitchiana var. inversa,Thunia × veitchiana var. inversa,Thunia,,f,f,,,,,inversa,,,,,,,,,,,,,,,,,,,,,,,,660359-1,Gartenwelt,urn:lsid:ipni.org:publications:7707-2,1902,1902 [30 Aug 1902],[30 Aug 1902],Othmer,var.,Gartenwelt 6(48): 568. 1902 [30 Aug 1902] ,,,,,8,veitchiana,Rchb.f.,,f,t,,,,,,,Othmer@20097718-1@1@aut,Rchb.f.@0-0@1@aut,,tax. nov.,,1.4,f,thunia~veitchianainversa,orchidaceaethunia~veitchianainversa,,93,wfo-1200118277,,variety,,,,
urn:lsid:ipni.org:names:77378571-1,(Coss. & Balansa) Maire,Caryophyllaceae Silene mogadorensis Coss. & Balansa,(Coss. & Balansa),77378097-1,,,2: 224,,,,,,,,,,,,13/04/2026 04:15,14/04/2026 10:51,,,Caryophyllaceae,Silene corrugata var. mogadorensis,Silene corrugata var. mogadorensis,Silene,,f,f,,,,,mogadorensis,,,,,,,,,,,,,,,,,,,,,,,null:,157145-1,Cat. Pl. Maroc,urn:lsid:ipni.org:publications:19594-2,1932,1932,,Maire,var.,Cat. Pl. Maroc 2: 224. 1932 ,,,,,11,corrugata,Ball,,f,t,,,,,,,Coss.@17452-1@2@bas$Balansa@416-1@3@bas$Maire@6001-1@1@aut,Ball@0-0@1@aut,,comb. et stat. nov.,,1.3,f,silene~corrugatamogadorensis,caryophyllaceaesilene~corrugatamogadorensis,,94,wfo-1200118278,,variety,,,,
urn:lsid:ipni.org:names:77378572-1,(Coss.) Maire,Caryophyllaceae Silene mogadorensis Coss. & Balansa var. obtusifolia Coss.,(Coss.),77378254-1,,,2: 224,,,,,,,,,,,,13/04/2026 04:18,14/04/2026 10:53,,,Caryophyllaceae,Silene corrugata var. obtusifolia,Silene corrugata var. obtusifolia,Silene,,f,f,,,,,obtusifolia,,,,,,,,,,,,,,,,,,,,,,,null:,157145-1,Cat. Pl. Maroc,urn:lsid:ipni.org:publications:19594-2,1932,1932,,Maire,var.,Cat. Pl. Maroc 2: 224. 1932 ,,,,,11,corrugata,Ball,,f,t,,,,,,,Coss.@17452-1@2@bas$Maire@6001-1@1@aut,Ball@0-0@1@aut,,comb. nov.,,1.3,f,silene~corrugataobtusifolia,caryophyllaceaesilene~corrugataobtusifolia,,95,wfo-1200118279,,variety,,,,
urn:lsid:ipni.org:names:77378573-1,(Coss.) Maire,Caryophyllaceae Silene mogadorensis Coss. & Balansa var. macrosperma Coss.,(Coss.),77378253-1,,,2: 224,,,,,,,,,,,,13/04/2026 04:20,14/04/2026 10:54,,,Caryophyllaceae,Silene corrugata var. macrosperma,Silene corrugata var. macrosperma,Silene,,f,f,,,,,macrosperma,,,,,,,,,,,,,,,,,,,,,,,null:,157145-1,Cat. Pl. Maroc,urn:lsid:ipni.org:publications:19594-2,1932,1932,,Maire,var.,Cat. Pl. Maroc 2: 224. 1932 ,,,,,11,corrugata,Ball,,f,t,,,,,,,Maire@6001-1@1@aut$Coss.@17452-1@2@bas,Ball@0-0@1@aut,,comb. nov.,,1.3,f,silene~corrugatamacrosperma,caryophyllaceaesilene~corrugatamacrosperma,,96,wfo-1200118280,,variety,,,,
urn:lsid:ipni.org:names:77378574-1,(J.Raynal & A.Raynal) Iamonico,Caryophyllaceae Polycarpon prostratum (Forssk.) Asch. & Schweinf. var. littorale J.Raynal & A.Raynal,(J.Raynal & A.Raynal),77252127-1,,,15(7)-1007: 2,,,,,,,,,,,,13/04/2026 04:37,14/04/2026 11:59,,,Caryophyllaceae,Polycarpon tetraphyllum subsp. littorale,Polycarpon tetraphyllum subsp. littorale,Polycarpon,,f,f,,,,,littorale,,,,,,,,,,,,,,,,,,,,,,,,156239-1,Plants [Basel],urn:lsid:ipni.org:publications:20019409-1,2026,2026 [25 Mar 2026],[25 Mar 2026],Iamonico,subsp.,Plants [Basel] 15(7)-1007: 2. 2026 [25 Mar 2026] ,,doi:10.3390/plants15071007 Part of Special Issue 'Plant Diversity and Classification'.,,,11,tetraphyllum,(L.) L.,,f,t,,,,,,,J.Raynal@8194-1@2@bas$A.Raynal@8193-1@3@bas$Iamonico@20016962-1@1@aut,L.@12653-1@2@bas$L.@12653-1@1@aut,,comb. nov.,,1.2,f,polycarpon~tetraphyllumlittorale,caryophyllaceaepolycarpon~tetraphyllumlittorale,,97,wfo-1200118281,,subspecies,,,,
urn:lsid:ipni.org:names:77378576-1,Cuatrec.,,,,,,12: 270,,,,,,,,,,,,13/04/2026 06:14,14/04/2026 11:03,,,Caryophyllaceae,Silene boryi f. latifolia,Silene boryi f. latifolia,Silene,,f,f,,,,,latifolia,,,,,,,,,,,,,,,,,,,,,,,,156953-1,Trab. Mus. Ci. Nat. Barcelona,urn:lsid:ipni.org:publications:15965-2,1929,1929,,Cuatrec.,f.,Trab. Mus. Ci. Nat. Barcelona 12: 270. 1929 ,,,,,8,boryi,Boiss.,,f,t,,,,,,,Cuatrec.@17562-1@1@aut,Boiss.@0-0@1@aut,,tax. nov.,,1.3,f,silene~boryilatifolia,caryophyllaceaesilene~boryilatifolia,,98,wfo-1200118282,,form,,,,
urn:lsid:ipni.org:names:77378578-1,"Gideon F.Sm., N.R.Crouch & Andr.McKay",,,,,,751(1): 30,,23,,9,,1245,2024,,A.McKay &amp; G.F.Smith,,,13/04/2026 10:06,13/04/2026 10:06,"KwaZulu-Natal (Southern Africa, Africa)",,Asphodelaceae,Trachyandra carnifolia,Trachyandra carnifolia,Trachyandra,,f,f,,,,,,,,,,,Near Eshowe,,,,,,,,,,,,,,,,,,24841-1,Phytotaxa,urn:lsid:ipni.org:publications:20011462-1,2026,2026 [10 Apr 2026],[10 Apr 2026],"Gideon F.Sm., N.R.Crouch & Andr.McKay",spec.,Phytotaxa 751(1): 30. 2026 [10 Apr 2026] ,,"doi:10.11646/phytotaxa.751.1.3 Etymology: the specific epithet is derived from the Latin 'carnis' meaning 'flesh', and 'folia' meaning 'leaf', with reference to the succulent character of the leaves.",,,11,carnifolia,,,f,t,,holotype PRU,,,,,Gideon F.Sm.@40108-1@1@aut$N.R.Crouch@39277-1@2@aut$Andr.McKay@20097715-1@3@aut,,,tax. nov.,,1.1,f,trachyandra~carnifolia,asphodelaceaetrachyandra~carnifolia~,,99,wfo-1000089404,,species,,,,
urn:lsid:ipni.org:names:77378579-1,"(Schltr. ex Malme) Morillo, Liede & H.A.Keller",Asclepiadaceae Gyrostelma bornmuelleri Schltr. ex Malme,(Schltr. ex Malme),116159-2,,,75(2)-e70122: 25,,,,,,,,,,,,13/04/2026 10:29,13/04/2026 10:29,,,Apocynaceae,Austrochthamalia bornmuelleri,Austrochthamalia bornmuelleri,Austrochthamalia,,f,f,,,,,,,,,,,,,,,,,,,,,,,,,,,,,60470232-2,Taxon,urn:lsid:ipni.org:publications:812-2,2026,2026 [7 Apr 2026],[7 Apr 2026],"Morillo, Liede & H.A.Keller",spec.,Taxon 75(2)-e70122: 25. 2026 [7 Apr 2026] ,,doi:10.1002/tax.70122,,,11,bornmuelleri,,,f,t,,,,,,,Liede@22333-1@2@aut$Schltr.@9117-1@4@bas$H.A.Keller@20028932-1@3@aut$Morillo@6656-1@1@aut$Malme@22826-1@5@basEx,,,comb. nov.,,1.1,f,austrochthamalia~bornmuelleri,apocynaceaeaustrochthamalia~bornmuelleri~,,100,wfo-1000089405,,species,,,,
urn:lsid:ipni.org:names:77378580-1,"(Malme) Morillo, Liede & Meve",Asclepiadaceae Pseudibatia surgens Malme,(Malme),211192-2,,,75(2)-e70122: 35,,,,,,,,,,,,13/04/2026 10:34,13/04/2026 10:34,,,Asclepiadaceae,Ibatia diversifolia var. surgens,Ibatia diversifolia var. surgens,Ibatia,,f,f,,,,,surgens,,,,,,,,,,,,,,,,,,,,,,,,1219272-2,Taxon,urn:lsid:ipni.org:publications:812-2,2026,2026 [7 Apr 2026],[7 Apr 2026],"Morillo, Liede & Meve",var.,Taxon 75(2)-e70122: 35. 2026 [7 Apr 2026] ,,doi:10.1002/tax.70122,,,11,diversifolia,E.Fourn.,,f,t,,,,,,,Liede@22333-1@2@aut$Morillo@6656-1@1@aut$Meve@36040-1@3@aut$Malme@22826-1@4@bas,E.Fourn.@2857-1@1@aut,,comb. et stat. nov.,,1.1,f,ibatia~diversifoliasurgens,asclepiadaceaeibatia~diversifoliasurgens,,101,wfo-1200118283,,variety,,,,
urn:lsid:ipni.org:names:77378581-1,"(E.Fourn.) Morillo, Liede & Meve",Asclepiadaceae Gyrostelma oxypetaloides E.Fourn.,(E.Fourn.),277877-2,,,75(2)-e70122: 35,,,,,,,,,,,,13/04/2026 10:35,13/04/2026 10:35,,,Asclepiadaceae,Ibatia oxypetaloides,Ibatia oxypetaloides,Ibatia,,f,f,,,,,,,,,,,,,,,,,,,,,,,,,,,,,3441-1,Taxon,urn:lsid:ipni.org:publications:812-2,2026,2026 [7 Apr 2026],[7 Apr 2026],"Morillo, Liede & Meve",spec.,Taxon 75(2)-e70122: 35. 2026 [7 Apr 2026] ,,doi:10.1002/tax.70122,,,11,oxypetaloides,,,f,t,,,,,,,E.Fourn.@2857-1@4@bas$Liede@22333-1@2@aut$Meve@36040-1@3@aut$Morillo@6656-1@1@aut,,,comb. nov.,,1.1,f,ibatia~oxypetaloides,asclepiadaceaeibatia~oxypetaloides~,,102,wfo-1000089406,,species,,,,
urn:lsid:ipni.org:names:77378582-1,"(Malme) Morillo, Liede & Meve",Asclepiadaceae Pseudibatia suberosa Malme,(Malme),100732-1,,,75(2)-e70122: 35,,,,,,,,,,,,13/04/2026 10:38,13/04/2026 10:38,,,Asclepiadaceae,Ibatia suberosa,Ibatia suberosa,Ibatia,,f,f,,,,,,,,,,,,,,,,,,,,,,,,,,,,,3441-1,Taxon,urn:lsid:ipni.org:publications:812-2,2026,2026 [7 Apr 2026],[7 Apr 2026],"Morillo, Liede & Meve",spec.,Taxon 75(2)-e70122: 35. 2026 [7 Apr 2026] ,,doi:10.1002/tax.70122,,,11,suberosa,,,f,t,,,,,,,Liede@22333-1@2@aut$Morillo@6656-1@1@aut$Meve@36040-1@3@aut$Malme@22826-1@4@bas,,,comb. nov.,,1.1,f,ibatia~suberosa,asclepiadaceaeibatia~suberosa~,,103,wfo-1000089407,,species,,,,
urn:lsid:ipni.org:names:77378583-1,"(Brandegee) Morillo, Liede & Meve",Asclepiadaceae Gonolobus inconspicuus Brandegee,(Brandegee),112385-2,,,75(2)-e70122: 40,,,,,,,,,,,,13/04/2026 10:40,13/04/2026 10:40,,,Apocynaceae,Microstelma inconspicuum,Microstelma inconspicuum,Microstelma,,f,f,,,,,,,,,,,,,,,,,,,,,,,,,,,,,77319045-1,Taxon,urn:lsid:ipni.org:publications:812-2,2026,2026 [7 Apr 2026],[7 Apr 2026],"Morillo, Liede & Meve",spec.,Taxon 75(2)-e70122: 40. 2026 [7 Apr 2026] ,,doi:10.1002/tax.70122,,,11,inconspicuum,,,f,t,,,,,,,Meve@36040-1@3@aut$Morillo@6656-1@1@aut$Liede@22333-1@2@aut$Brandegee@1071-1@4@bas,,,comb. nov.,,1.1,f,microstelma~inconspicuum,apocynaceaemicrostelma~inconspicuum~,,104,wfo-1000089408,,species,,,,
urn:lsid:ipni.org:names:77378584-1,"(Vail) Morillo, Liede & Meve",Asclepiadaceae Vincetoxicum alabamense Vail,(Vail),265538-2,,,75(2)-e70122: 41,,,,,,,,,,,,13/04/2026 10:54,13/04/2026 10:54,,,Asclepiadaceae,Odontostephana alabamensis,Odontostephana alabamensis,Odontostephana,,f,f,,,,,,,,,,,,,,,,,,,,,,,,,,,,,3534-1,Taxon,urn:lsid:ipni.org:publications:812-2,2026,2026 [7 Apr 2026],[7 Apr 2026],"Morillo, Liede & Meve",spec.,Taxon 75(2)-e70122: 41. 2026 [7 Apr 2026] ,,doi:10.1002/tax.70122,,,11,alabamensis,,,f,t,,,,,,,Liede@22333-1@2@aut$Morillo@6656-1@1@aut$Meve@36040-1@3@aut$Vail@11021-1@4@bas,,,comb. nov.,,1.1,f,odontostephana~alabamensis,asclepiadaceaeodontostephana~alabamensis~,,105,wfo-1000089409,,species,,,,
urn:lsid:ipni.org:names:77378585-1,"(Engelm. ex A.Gray) Morillo, Liede & Meve",Asclepiadaceae Gonolobus reticulatus Engelm. ex A.Gray,(Engelm. ex A.Gray),112436-2,,,75(2)-e70122: 41,,,,,,,,,,,,13/04/2026 11:00,13/04/2026 11:00,,,Asclepiadaceae,Odontostephana reticulata,Odontostephana reticulata,Odontostephana,,f,f,,,,,,,,,,,,,,,,,,,,,,,,,,,,,3534-1,Taxon,urn:lsid:ipni.org:publications:812-2,2026,2026 [7 Apr 2026],[7 Apr 2026],"Morillo, Liede & Meve",spec.,Taxon 75(2)-e70122: 41. 2026 [7 Apr 2026] ,,doi:10.1002/tax.70122,,,11,reticulata,,,f,t,,,,,,,Engelm.@18505-1@4@bas$Morillo@6656-1@1@aut$Meve@36040-1@3@aut$Liede@22333-1@2@aut$A.Gray@19574-1@5@basEx,,,comb. nov.,,1.1,f,odontostephana~reticulata,asclepiadaceaeodontostephana~reticulata~,,106,wfo-1000089410,,species,,,,
urn:lsid:ipni.org:names:77378586-1,"(A.Gray) Morillo, Liede & Meve",Asclepiadaceae Lachnostoma hastulatum A.Gray,(A.Gray),306793-2,,,75(2)-e70122: 43,,,,,,,,,,,,13/04/2026 11:09,13/04/2026 11:09,,,Apocynaceae,Pauciflora hastulata,Pauciflora hastulata,Pauciflora,,f,f,,,,,,,,,,,,,,,,,,,,,,,,,,,,,77378440-1,Taxon,urn:lsid:ipni.org:publications:812-2,2026,2026 [7 Apr 2026],[7 Apr 2026],"Morillo, Liede & Meve",spec.,Taxon 75(2)-e70122: 43. 2026 [7 Apr 2026] ,,doi:10.1002/tax.70122,,,11,hastulata,,,f,t,,,,,,,Liede@22333-1@2@aut$Meve@36040-1@3@aut$A.Gray@19574-1@4@bas$Morillo@6656-1@1@aut,,,comb. nov.,,1.1,f,pauciflora~hastulata,apocynaceaepauciflora~hastulata~,,107,wfo-1000089411,,species,,,,
urn:lsid:ipni.org:names:77378587-1,"(Torr.) Morillo, Liede & Meve",Asclepiadaceae Gonolobus parvifolius Torr.,(Torr.),309713-2,,,75(2)-e70122: 43,,,,,,,,,,,,13/04/2026 11:11,13/04/2026 11:11,,,Apocynaceae,Pauciflora parvifolia,Pauciflora parvifolia,Pauciflora,,f,f,,,,,,,,,,,,,,,,,,,,,,,,,,,,,77378440-1,Taxon,urn:lsid:ipni.org:publications:812-2,2026,2026 [7 Apr 2026],[7 Apr 2026],"Morillo, Liede & Meve",spec.,Taxon 75(2)-e70122: 43. 2026 [7 Apr 2026] ,,doi:10.1002/tax.70122,,,11,parvifolia,,,f,t,,,,,,,Liede@22333-1@2@aut$Torr.@10754-1@4@bas$Meve@36040-1@3@aut$Morillo@6656-1@1@aut,,,comb. nov.,,1.1,f,pauciflora~parvifolia,apocynaceaepauciflora~parvifolia~,,108,wfo-1000089412,,species,,,,
urn:lsid:ipni.org:names:77378588-1,"(A.Gray) Morillo, Liede & Meve",Asclepiadaceae Gonolobus sagittifolius A.Gray,(A.Gray),97984-1,,,75(2)-e70122: 43,,,,,,,,,,,,13/04/2026 11:13,13/04/2026 11:13,,,Apocynaceae,Pauciflora sagittifolia,Pauciflora sagittifolia,Pauciflora,,f,f,,,,,,,,,,,,,,,,,,,,,,,,,,,,,77378440-1,Taxon,urn:lsid:ipni.org:publications:812-2,2026,2026 [7 Apr 2026],[7 Apr 2026],"Morillo, Liede & Meve",spec.,Taxon 75(2)-e70122: 43. 2026 [7 Apr 2026] ,,doi:10.1002/tax.70122,,,11,sagittifolia,,,f,t,,,,,,,Morillo@6656-1@1@aut$Liede@22333-1@2@aut$A.Gray@19574-1@4@bas$Meve@36040-1@3@aut,,,comb. nov.,,1.1,f,pauciflora~sagittifolia,apocynaceaepauciflora~sagittifolia~,,109,wfo-1000089413,,species,,,,
urn:lsid:ipni.org:names:77378589-1,"(Krings) Morillo, Liede & Meve",Asclepiadaceae Matelea pentactina Krings,(Krings),60439604-2,,,75(2)-e70122: 47,,,,,,,,,,,,13/04/2026 11:16,13/04/2026 11:16,,,Asclepiadaceae,Poicillopsis pentactina,Poicillopsis pentactina,Poicillopsis,,f,f,,,,,,,,,,,,,,,,,,,,,,,,,,,,,290885-2,Taxon,urn:lsid:ipni.org:publications:812-2,2026,2026 [7 Apr 2026],[7 Apr 2026],"Morillo, Liede & Meve",spec.,Taxon 75(2)-e70122: 47. 2026 [7 Apr 2026] ,,doi:10.1002/tax.70122,,,11,pentactina,,,f,t,,,,,,,Krings@39502-1@4@bas$Meve@36040-1@3@aut$Morillo@6656-1@1@aut$Liede@22333-1@2@aut,,,comb. nov.,,1.1,f,poicillopsis~pentactina,asclepiadaceaepoicillopsis~pentactina~,,110,wfo-1000089414,,species,,,,
urn:lsid:ipni.org:names:77378590-1,"(Schltr.) Morillo, Liede & Meve",Asclepiadaceae Gonolobus sintenisii Schltr.,(Schltr.),112445-2,,,75(2)-e70122: 48,,,,,,,,,,,,13/04/2026 11:19,13/04/2026 11:19,,,Apocynaceae,Portoricana sintenisii,Portoricana sintenisii,Portoricana,,f,f,,,,,,,,,,,,,,,,,,,,,,,,,,,,,77378441-1,Taxon,urn:lsid:ipni.org:publications:812-2,2026,2026 [7 Apr 2026],[7 Apr 2026],"Morillo, Liede & Meve",spec.,Taxon 75(2)-e70122: 48. 2026 [7 Apr 2026] ,,doi:10.1002/tax.70122,,,11,sintenisii,,,f,t,,,,,,,Meve@36040-1@3@aut$Morillo@6656-1@1@aut$Schltr.@9117-1@4@bas$Liede@22333-1@2@aut,,,comb. nov.,,1.1,f,portoricana~sintenisii,apocynaceaeportoricana~sintenisii~,,111,wfo-1000089415,,species,,,,
urn:lsid:ipni.org:names:77378591-1,"(Schltr.) Morillo, Liede & Meve",Asclepiadaceae Gonolobus variifolius Schltr.,(Schltr.),112469-2,,,75(2)-e70122: 49,,,,,,,,,,,,13/04/2026 11:20,13/04/2026 11:20,,,Apocynaceae,Portoricana variifolia,Portoricana variifolia,Portoricana,,f,f,,,,,,,,,,,,,,,,,,,,,,,,,,,,,77378441-1,Taxon,urn:lsid:ipni.org:publications:812-2,2026,2026 [7 Apr 2026],[7 Apr 2026],"Morillo, Liede & Meve",spec.,Taxon 75(2)-e70122: 49. 2026 [7 Apr 2026] ,,doi:10.1002/tax.70122,,,11,variifolia,,,f,t,,,,,,,Meve@36040-1@3@aut$Liede@22333-1@2@aut$Schltr.@9117-1@4@bas$Morillo@6656-1@1@aut,,,comb. nov.,,1.1,f,portoricana~variifolia,apocynaceaeportoricana~variifolia~,,112,wfo-1000089416,,species,,,,
urn:lsid:ipni.org:names:77378592-1,(Morillo) Morillo,Asclepiadaceae Matelea delascioi Morillo,(Morillo),317511-2,,,75(2)-e70122: 50,,,,,,,,,,,,13/04/2026 11:24,13/04/2026 11:24,,,Apocynaceae,Potamoampelos delascioi,Potamoampelos delascioi,Potamoampelos,,f,f,,,,,,,,,,,,,,,,,,,,,,,,,,,,,77378442-1,Taxon,urn:lsid:ipni.org:publications:812-2,2026,2026 [7 Apr 2026],[7 Apr 2026],Morillo,spec.,Taxon 75(2)-e70122: 50. 2026 [7 Apr 2026] ,,doi:10.1002/tax.70122,,,11,delascioi,,,f,t,,,,,,,Morillo@6656-1@1@aut$Morillo@6656-1@2@bas,,,comb. nov.,,1.1,f,potamoampelos~delascioi,apocynaceaepotamoampelos~delascioi~,,113,wfo-1000089417,,species,,,,
urn:lsid:ipni.org:names:77378593-1,"(Juárez-Jaimes, G.M.Hern.-Barón & W.D.Stevens) Morillo, Liede & Meve","Asclepiadaceae Matelea falcata Juárez-Jaimes, G.M.Hern.-Barón & W.D.Stevens","(Juárez-Jaimes, G.M.Hern.-Barón & W.D.Stevens)",77260723-1,,,75(2)-e70122: 58,,,,,,,,,,,,13/04/2026 11:27,13/04/2026 11:27,,,Apocynaceae,Tutunakanthus falcatus,Tutunakanthus falcatus,Tutunakanthus,,f,f,,,,,,,,,,,,,,,,,,,,,,,,,,,,,77374097-1,Taxon,urn:lsid:ipni.org:publications:812-2,2026,2026 [7 Apr 2026],[7 Apr 2026],"Morillo, Liede & Meve",spec.,Taxon 75(2)-e70122: 58. 2026 [7 Apr 2026] ,,doi:10.1002/tax.70122,,,11,falcatus,,,f,t,,,,,,,Liede@22333-1@2@aut$Juárez-Jaimes@36777-1@4@bas$Morillo@6656-1@1@aut$G.M.Hern.-Barón@20048087-1@5@bas$Meve@36040-1@3@aut$W.D.Stevens@27212-1@6@bas,,,comb. nov.,,1.1,f,tutunakanthus~falcatus,apocynaceaetutunakanthus~falcatus~,,114,wfo-1000089418,,species,,,,
urn:lsid:ipni.org:names:77378594-1,"(Lundell & Standl.) Morillo, Liede & Meve",Asclepiadaceae Vincetoxicum gentlei Lundell & Standl.,(Lundell & Standl.),102788-1,,,75(2)-e70122: 58,,,,,,,,,,,,13/04/2026 11:28,13/04/2026 11:28,,,Apocynaceae,Tutunakanthus gentlei,Tutunakanthus gentlei,Tutunakanthus,,f,f,,,,,,,,,,,,,,,,,,,,,,,,,,,,,77374097-1,Taxon,urn:lsid:ipni.org:publications:812-2,2026,2026 [7 Apr 2026],[7 Apr 2026],"Morillo, Liede & Meve",spec.,Taxon 75(2)-e70122: 58. 2026 [7 Apr 2026] ,,doi:10.1002/tax.70122,,,11,gentlei,,,f,t,,,,,,,Meve@36040-1@3@aut$Morillo@6656-1@1@aut$Lundell@5838-1@4@bas$Liede@22333-1@2@aut$Standl.@10019-1@5@bas,,,comb. nov.,,1.1,f,tutunakanthus~gentlei,apocynaceaetutunakanthus~gentlei~,,115,wfo-1000089419,,species,,,,
urn:lsid:ipni.org:names:77378595-1,"(K.Schum.) Morillo, Liede & Meve",Asclepiadaceae Gonolobus guatemalensis K.Schum.,(K.Schum.),112375-2,,,75(2)-e70122: 58,,,,,,,,,,,,13/04/2026 11:31,13/04/2026 11:31,,,Apocynaceae,Tutunakanthus guatemalensis,Tutunakanthus guatemalensis,Tutunakanthus,,f,f,,,,,,,,,,,,,,,,,,,,,,,,,,,,,77374097-1,Taxon,urn:lsid:ipni.org:publications:812-2,2026,2026 [7 Apr 2026],[7 Apr 2026],"Morillo, Liede & Meve",spec.,Taxon 75(2)-e70122: 58. 2026 [7 Apr 2026] ,,doi:10.1002/tax.70122,,,11,guatemalensis,,,f,t,,,,,,,Liede@22333-1@2@aut$Morillo@6656-1@1@aut$K.Schum.@9333-1@4@bas$Meve@36040-1@3@aut,,,comb. nov.,,1.1,f,tutunakanthus~guatemalensis,apocynaceaetutunakanthus~guatemalensis~,,116,wfo-1000089420,,species,,,,
urn:lsid:ipni.org:names:77378596-1,"(L.O.Williams) Morillo, Liede & Meve",Asclepiadaceae Matelea micrantha L.O.Williams,(L.O.Williams),154564-2,,,75(2)-e70122: 58,,,,,,,,,,,,13/04/2026 11:32,13/04/2026 11:32,,,Apocynaceae,Tutunakanthus micranthus,Tutunakanthus micranthus,Tutunakanthus,,f,f,,,,,,,,,,,,,,,,,,,,,,,,,,,,,77374097-1,Taxon,urn:lsid:ipni.org:publications:812-2,2026,2026 [7 Apr 2026],[7 Apr 2026],"Morillo, Liede & Meve",spec.,Taxon 75(2)-e70122: 58. 2026 [7 Apr 2026] ,,doi:10.1002/tax.70122,,,11,micranthus,,,f,t,,,,,,,Morillo@6656-1@1@aut$Meve@36040-1@3@aut$L.O.Williams@11706-1@4@bas$Liede@22333-1@2@aut,,,comb. nov.,,1.1,f,tutunakanthus~micranthus,apocynaceaetutunakanthus~micranthus~,,117,wfo-1000089421,,species,,,,
urn:lsid:ipni.org:names:77378597-1,"(Lundell) Morillo, Liede & Meve",Asclepiadaceae Matelea stenosepala Lundell,(Lundell),154622-2,,,75(2)-e70122: 58,,,,,,,,,,,,13/04/2026 11:34,13/04/2026 11:34,,,Apocynaceae,Tutunakanthus stenosepalus,Tutunakanthus stenosepalus,Tutunakanthus,,f,f,,,,,,,,,,,,,,,,,,,,,,,,,,,,,77374097-1,Taxon,urn:lsid:ipni.org:publications:812-2,2026,2026 [7 Apr 2026],[7 Apr 2026],"Morillo, Liede & Meve",spec.,Taxon 75(2)-e70122: 58. 2026 [7 Apr 2026] ,,doi:10.1002/tax.70122,,,11,stenosepalus,,,f,t,,,,,,,Morillo@6656-1@1@aut$Lundell@5838-1@4@bas$Meve@36040-1@3@aut$Liede@22333-1@2@aut,,,comb. nov.,,1.1,f,tutunakanthus~stenosepalus,apocynaceaetutunakanthus~stenosepalus~,,118,wfo-1000089422,,species,,,,
urn:lsid:ipni.org:names:77378598-1,"(Schltdl.) Morillo, Liede & Meve",Asclepiadaceae Gonolobus velutinus Schltdl.,(Schltdl.),98027-1,,,75(2)-e70122: 58,,,,,,,,,,,,13/04/2026 11:35,13/04/2026 11:35,,,Apocynaceae,Tutunakanthus velutinus,Tutunakanthus velutinus,Tutunakanthus,,f,f,,,,,,,,,,,,,,,,,,,,,,,,,,,,,77374097-1,Taxon,urn:lsid:ipni.org:publications:812-2,2026,2026 [7 Apr 2026],[7 Apr 2026],"Morillo, Liede & Meve",spec.,Taxon 75(2)-e70122: 58. 2026 [7 Apr 2026] ,,doi:10.1002/tax.70122,,,11,velutinus,,,f,t,,,,,,,Liede@22333-1@2@aut$Schltdl.@9114-1@4@bas$Meve@36040-1@3@aut$Morillo@6656-1@1@aut,,,comb. nov.,,1.1,f,tutunakanthus~velutinus,apocynaceaetutunakanthus~velutinus~,,119,wfo-1000089423,,species,,,,
urn:lsid:ipni.org:names:77378599-1,"(W.D.Stevens) Morillo, Liede & Meve",Asclepiadaceae Matelea velutinoides W.D.Stevens,(W.D.Stevens),60440848-2,,,75(2)-e70122: 58,,,,,,,,,,,,13/04/2026 11:36,13/04/2026 11:36,,,Apocynaceae,Tutunakanthus velutinoides,Tutunakanthus velutinoides,Tutunakanthus,,f,f,,,,,,,,,,,,,,,,,,,,,,,,,,,,,77374097-1,Taxon,urn:lsid:ipni.org:publications:812-2,2026,2026 [7 Apr 2026],[7 Apr 2026],"Morillo, Liede & Meve",spec.,Taxon 75(2)-e70122: 58. 2026 [7 Apr 2026] ,,doi:10.1002/tax.70122,,,11,velutinoides,,,f,t,,,,,,,Morillo@6656-1@1@aut$Liede@22333-1@2@aut$Meve@36040-1@3@aut$W.D.Stevens@27212-1@4@bas,,,comb. nov.,,1.1,f,tutunakanthus~velutinoides,apocynaceaetutunakanthus~velutinoides~,,120,wfo-1000089424,,species,,,,
urn:lsid:ipni.org:names:77378600-1,"Morillo, Liede & Meve",,,,,,75(2)-e70122: 62,,1,,5,,7487,2003,,"M.Weigend, T.Henning &amp; O.Mohr",,,13/04/2026 11:57,13/04/2026 11:57,"Peru (Western South America, Southern America)",W,Apocynaceae,Weigendia cajamarcana,Weigendia cajamarcana,Weigendia,,f,f,,,,,,,,7,,46,"Dept. Cajamarca, Prov. San Miguel, rd San Miguel to Agua Blanca, 2862 m",78,32,30,,,,,,S,,,,,,,,,77378443-1,Taxon,urn:lsid:ipni.org:publications:812-2,2026,2026 [7 Apr 2026],[7 Apr 2026],"Morillo, Liede & Meve",spec.,Taxon 75(2)-e70122: 62. 2026 [7 Apr 2026] ,,doi:10.1002/tax.70122,,,11,cajamarcana,,,f,t,,holotype HUT 43406;isotype B 10 0112911;isotype USM,,,,,Liede@22333-1@2@aut$Morillo@6656-1@1@aut$Meve@36040-1@3@aut,,,tax. nov.,,1.1,f,weigendia~cajamarcana,apocynaceaeweigendia~cajamarcana~,,121,wfo-1000089425,,species,,,,
urn:lsid:ipni.org:names:77378601-1,"(Standl.) Morillo, Liede & Meve",Asclepiadaceae Vincetoxicum campechianum Standl.,(Standl.),317068-2,,,75(2)-e70122: 63,,,,,,,,,,,,13/04/2026 12:02,13/04/2026 12:02,,,Apocynaceae,Yucatania campechiana,Yucatania campechiana,Yucatania,,f,f,,,,,,,,,,,,,,,,,,,,,,,,,,,,,77378444-1,Taxon,urn:lsid:ipni.org:publications:812-2,2026,2026 [7 Apr 2026],[7 Apr 2026],"Morillo, Liede & Meve",spec.,Taxon 75(2)-e70122: 63. 2026 [7 Apr 2026] ,,doi:10.1002/tax.70122,,,11,campechiana,,,f,t,,,,,,,Morillo@6656-1@1@aut$Liede@22333-1@2@aut$Standl.@10019-1@4@bas$Meve@36040-1@3@aut,,,comb. nov.,,1.1,f,yucatania~campechiana,apocynaceaeyucatania~campechiana~,,122,wfo-1000089426,,species,,,,
urn:lsid:ipni.org:names:77378602-1,"(Decne.) Morillo, Liede & Meve",Asclepiadaceae Gonolobus lanceolatus Decne.,(Decne.),97890-1,,,75(2)-e70122: 64,,,,,,,,,,,,13/04/2026 12:14,13/04/2026 12:14,,,Apocynaceae,Yucatania lanceolata,Yucatania lanceolata,Yucatania,,f,f,,,,,,,,,,,,,,,,,,,,,,,,,,,,,77378444-1,Taxon,urn:lsid:ipni.org:publications:812-2,2026,2026 [7 Apr 2026],[7 Apr 2026],"Morillo, Liede & Meve",spec.,Taxon 75(2)-e70122: 64. 2026 [7 Apr 2026] ,,doi:10.1002/tax.70122,,,11,lanceolata,,,f,t,,,,,,,Meve@36040-1@3@aut$Liede@22333-1@2@aut$Morillo@6656-1@1@aut$Decne.@2063-1@4@bas,,,comb. nov.,,1.1,f,yucatania~lanceolata,apocynaceaeyucatania~lanceolata~,,123,wfo-1000089427,,species,,,,
urn:lsid:ipni.org:names:77378603-1,"(Donn.Sm.) Morillo, Liede & Meve",Asclepiadaceae Gonolobus tuerckheimii Donn.Sm.,(Donn.Sm.),112466-2,,,75(2)-e70122: 64,,,,,,,,,,,,13/04/2026 12:16,13/04/2026 12:16,,,Apocynaceae,Yucatania tuerckheimii,Yucatania tuerckheimii,Yucatania,,f,f,,,,,,,,,,,,,,,,,,,,,,,,,,,,,77378444-1,Taxon,urn:lsid:ipni.org:publications:812-2,2026,2026 [7 Apr 2026],[7 Apr 2026],"Morillo, Liede & Meve",spec.,Taxon 75(2)-e70122: 64. 2026 [7 Apr 2026] ,,doi:10.1002/tax.70122,,,11,tuerckheimii,,,f,t,,,,,,,Meve@36040-1@3@aut$Morillo@6656-1@1@aut$Liede@22333-1@2@aut$Donn.Sm.@9806-1@4@bas,,,comb. nov.,,1.1,f,yucatania~tuerckheimii,apocynaceaeyucatania~tuerckheimii~,,124,wfo-1000089428,,species,,,,
urn:lsid:ipni.org:names:77378604-1,"(Woodson) Morillo, Liede & Meve",Asclepiadaceae Matelea violacea Woodson,(Woodson),154643-2,,,75(2)-e70122: 64,,,,,,,,,,,,13/04/2026 12:22,13/04/2026 12:22,,,Apocynaceae,Yucatania violacea,Yucatania violacea,Yucatania,,f,f,,,,,,,,,,,,,,,,,,,,,,,,,,,,,77378444-1,Taxon,urn:lsid:ipni.org:publications:812-2,2026,2026 [7 Apr 2026],[7 Apr 2026],"Morillo, Liede & Meve",spec.,Taxon 75(2)-e70122: 64. 2026 [7 Apr 2026] ,,doi:10.1002/tax.70122,,,11,violacea,,,f,t,,,,,,,Meve@36040-1@3@aut$Woodson@11858-1@4@bas$Liede@22333-1@2@aut$Morillo@6656-1@1@aut,,,comb. nov.,,1.1,f,yucatania~violacea,apocynaceaeyucatania~violacea~,,125,wfo-1000089429,,species,,,,
urn:lsid:ipni.org:names:77378605-1,(Hemsl.) Liede & Z.X.Ren,Asclepiadaceae Dregea sinensis Hemsl.,(Hemsl.),97241-1,,,75(2)-e70131: 17,,,,,,,,,,,,13/04/2026 12:46,13/04/2026 12:46,,,Apocynaceae,Kushengia sinensis,Kushengia sinensis,Kushengia,,f,f,,,,,,,,,,,,,,,,,,,,,,,,,,,,,77378445-1,Taxon,urn:lsid:ipni.org:publications:812-2,2026,2026 [7 Apr 2026],[7 Apr 2026],Liede & Z.X.Ren,spec.,Taxon 75(2)-e70131: 17. 2026 [7 Apr 2026] ,,doi:10.1002/tax.70131,,,11,sinensis,,,f,t,,,,,,,Hemsl.@3825-1@3@bas$Z.X.Ren@20017639-1@2@aut$Liede@22333-1@1@aut,,,comb. nov.,,1.1,f,kushengia~sinensis,apocynaceaekushengia~sinensis~,,126,wfo-1000089430,,species,,,,
urn:lsid:ipni.org:names:77378606-1,(C.K.Schneid.) Liede & Z.X.Ren,Asclepiadaceae Dregea corrugata C.K.Schneid.,(C.K.Schneid.),97230-1,,,75(2)-e70131: 17,,,,,,,,,,,,13/04/2026 13:44,13/04/2026 13:44,,,Apocynaceae,Kushengia sinensis var. corrugata,Kushengia sinensis var. corrugata,Kushengia,,f,f,,,,,corrugata,,,,,,,,,,,,,,,,,,,,,,,,77378605-1,Taxon,urn:lsid:ipni.org:publications:812-2,2026,2026 [7 Apr 2026],[7 Apr 2026],Liede & Z.X.Ren,var.,Taxon 75(2)-e70131: 17. 2026 [7 Apr 2026] ,,doi:10.1002/tax.70131,,,11,sinensis,(Hemsl.) Liede & Z.X.Ren,,f,t,,,,,,,Liede@22333-1@1@aut$C.K.Schneid.@9189-1@3@bas$Z.X.Ren@20017639-1@2@aut,Z.X.Ren@20017639-1@2@aut$Hemsl.@3825-1@3@bas$Liede@22333-1@1@aut,,comb. et stat. nov.,,1.1,f,kushengia~sinensiscorrugata,apocynaceaekushengia~sinensiscorrugata,,127,wfo-1200118284,,variety,,,,
urn:lsid:ipni.org:names:77378607-1,(Tsiang) Liede & Z.X.Ren,Apocynaceae Wattakaka yunnanensis Tsiang,(Tsiang),103062-1,,,75(2)-e70131: 17,,,,,,,,,,,,13/04/2026 13:46,13/04/2026 13:46,,,Apocynaceae,Kushengia yunnanensis,Kushengia yunnanensis,Kushengia,,f,f,,,,,,,,,,,,,,,,,,,,,,,,,,,,,77378445-1,Taxon,urn:lsid:ipni.org:publications:812-2,2026,2026 [7 Apr 2026],[7 Apr 2026],Liede & Z.X.Ren,spec.,Taxon 75(2)-e70131: 17. 2026 [7 Apr 2026] ,,doi:10.1002/tax.70131,,,11,yunnanensis,,,f,t,,,,,,,Z.X.Ren@20017639-1@2@aut$Tsiang@10877-1@3@bas$Liede@22333-1@1@aut,,,comb. nov.,,1.1,f,kushengia~yunnanensis,apocynaceaekushengia~yunnanensis~,,128,wfo-1000089431,,species,,,,
urn:lsid:ipni.org:names:77378608-1,O.Lachenaud & Barberá,,,,,,75(2)-e70094: 3,,3,,4,,2703,2015,,Ewango et al.,,,13/04/2026 14:07,13/04/2026 14:07,"Zaïre (West-Central Tropical Africa, Africa)",E,Euphorbiaceae,Ewangoa cardiophora,Ewangoa cardiophora,Ewangoa,,f,f,,,,,,,,2,42,54,"D.R. CONGO: Territoire de Kailo, Parc National de la Lomami, Camp Boha, 470–473 m",25,6,49,,,,,,S,,,,,,,,,77378446-1,Taxon,urn:lsid:ipni.org:publications:812-2,2026,2026 [30 Mar 2026],[30 Mar 2026],O.Lachenaud & Barberá,spec.,Taxon 75(2)-e70094: 3. 2026 [30 Mar 2026] ,,"doi:10.1002/tax.70094 Etymology: 'derived from Greek cardio (heart) and phora (bearing, carrying), and refers to the distinctive heart-shaped bract surrounding the inflorescence'.",,,11,cardiophora,,,f,t,,holotype BR BR0000026166186V;isotype EPU;isotype K;isotype KIS;isotype MO 2980436,,,,,Barberá@20027077-1@2@aut$O.Lachenaud@20013458-1@1@aut,,,tax. nov.,,1.1,f,ewangoa~cardiophora,euphorbiaceaeewangoa~cardiophora~,,129,wfo-1000089432,,species,,,,
urn:lsid:ipni.org:names:77378609-1,(A.Gray) Wei Wang & K.L.Xiang,Ranunculaceae Isopyrum hallii A.Gray,(A.Gray),711453-1,,,75(2)-e70099: 13,,,,,,,,,,,,13/04/2026 15:41,13/04/2026 15:41,,,Ranunculaceae,Cymatenemion hallii,Cymatenemion hallii,Cymatenemion,,f,f,,,,,,,,,,,,,,,,,,,,,,,,,,,,,77378453-1,Taxon,urn:lsid:ipni.org:publications:812-2,2026,2026 [19 Mar 2026],[19 Mar 2026],Wei Wang & K.L.Xiang,spec.,Taxon 75(2)-e70099: 13. 2026 [19 Mar 2026] ,,doi:10.1002/tax.70099,,,11,hallii,,,f,t,,,,,,,A.Gray@19574-1@3@bas$Wei Wang@20015390-1@1@aut$K.L.Xiang@20031444-1@2@aut,,,comb. nov.,,1.1,f,cymatenemion~hallii,ranunculaceaecymatenemion~hallii~,,130,wfo-1000089433,,species,,,,
urn:lsid:ipni.org:names:77378610-1,(Regel) Wei Wang & K.L.Xiang,Ranunculaceae Enemion raddeanum Regel,(Regel),711184-1,,,75(2)-e70099: 13,,,,,,,,,,,,13/04/2026 15:43,13/04/2026 15:43,,,Ranunculaceae,Cymatenemion raddeanum,Cymatenemion raddeanum,Cymatenemion,,f,f,,,,,,,,,,,,,,,,,,,,,,,,,,,,,77378453-1,Taxon,urn:lsid:ipni.org:publications:812-2,2026,2026 [19 Mar 2026],[19 Mar 2026],Wei Wang & K.L.Xiang,spec.,Taxon 75(2)-e70099: 13. 2026 [19 Mar 2026] ,,doi:10.1002/tax.70099,,,11,raddeanum,,,f,t,,,,,,,Wei Wang@20015390-1@1@aut$K.L.Xiang@20031444-1@2@aut$Regel@8237-1@3@bas,,,comb. nov.,,1.1,f,cymatenemion~raddeanum,ranunculaceaecymatenemion~raddeanum~,,131,wfo-1000089434,,species,,,,
urn:lsid:ipni.org:names:77378611-1,(Hook. & Arn.) Wei Wang & K.L.Xiang,Ranunculaceae Isopyrum occidentale Hook. & Arn.,(Hook. & Arn.),711468-1,,,75(2)-e70099: 14,,,,,,,,,,,,13/04/2026 15:53,13/04/2026 15:53,,,Ranunculaceae,Neoenemion occidentale,Neoenemion occidentale,Neoenemion,,f,f,,,,,,,,,,,,,,,,,,,,,,,,,,,,,77378454-1,Taxon,urn:lsid:ipni.org:publications:812-2,2026,2026 [19 Mar 2026],[19 Mar 2026],Wei Wang & K.L.Xiang,spec.,Taxon 75(2)-e70099: 14. 2026 [19 Mar 2026] ,,doi:10.1002/tax.70099,,,11,occidentale,,,f,t,,,,,,,K.L.Xiang@20031444-1@2@aut$Wei Wang@20015390-1@1@aut$Arn.@281-1@4@bas$Hook.@4086-1@3@bas,,,comb. nov.,,1.1,f,neoenemion~occidentale,ranunculaceaeneoenemion~occidentale~,,132,wfo-1000089435,,species,,,,
urn:lsid:ipni.org:names:77378612-1,(Calder & Roy L.Taylor) Wei Wang & K.L.Xiang,Ranunculaceae Isopyrum savilei Calder & Roy L.Taylor,(Calder & Roy L.Taylor),130700-2,,,75(2)-e70099: 14,,,,,,,,,,,,13/04/2026 15:54,13/04/2026 15:54,,,Ranunculaceae,Neoenemion savilei,Neoenemion savilei,Neoenemion,,f,f,,,,,,,,,,,,,,,,,,,,,,,,,,,,,77378454-1,Taxon,urn:lsid:ipni.org:publications:812-2,2026,2026 [19 Mar 2026],[19 Mar 2026],Wei Wang & K.L.Xiang,spec.,Taxon 75(2)-e70099: 14. 2026 [19 Mar 2026] ,,doi:10.1002/tax.70099,,,11,savilei,,,f,t,,,,,,,Calder@1353-1@3@bas$K.L.Xiang@20031444-1@2@aut$Wei Wang@20015390-1@1@aut$Roy L.Taylor@36479-1@4@bas,,,comb. nov.,,1.1,f,neoenemion~savilei,ranunculaceaeneoenemion~savilei~,,133,wfo-1000089436,,species,,,,
urn:lsid:ipni.org:names:77378613-1,(A.Gray) Wei Wang & K.L.Xiang,Ranunculaceae Isopyrum stipitatum A.Gray,(A.Gray),711475-1,,,75(2)-e70099: 14,,,,,,,,,,,,13/04/2026 15:55,13/04/2026 15:55,,,Ranunculaceae,Neoenemion stipitatum,Neoenemion stipitatum,Neoenemion,,f,f,,,,,,,,,,,,,,,,,,,,,,,,,,,,,77378454-1,Taxon,urn:lsid:ipni.org:publications:812-2,2026,2026 [19 Mar 2026],[19 Mar 2026],Wei Wang & K.L.Xiang,spec.,Taxon 75(2)-e70099: 14. 2026 [19 Mar 2026] ,,doi:10.1002/tax.70099,,,11,stipitatum,,,f,t,,,,,,,Wei Wang@20015390-1@1@aut$K.L.Xiang@20031444-1@2@aut$A.Gray@19574-1@3@bas,,,comb. nov.,,1.1,f,neoenemion~stipitatum,ranunculaceaeneoenemion~stipitatum~,,134,wfo-1000089437,,species,,,,
urn:lsid:ipni.org:names:77378614-1,"(Douglas) Wei Wang, Erst & K.L.Xiang",Ranunculaceae Anemone deltoidea Douglas,(Douglas),708334-1,,,75(2)-e70099: 14,,,,,,,,,,,,13/04/2026 16:03,13/04/2026 16:03,,,Ranunculaceae,Paranemone deltoidea,Paranemone deltoidea,Paranemone,,f,f,,,,,,,,,,,,,,,,,,,,,,,,,,,,,77378455-1,Taxon,urn:lsid:ipni.org:publications:812-2,2026,2026 [19 Mar 2026],[19 Mar 2026],"Wei Wang, Erst & K.L.Xiang",spec.,Taxon 75(2)-e70099: 14. 2026 [19 Mar 2026] ,,doi:10.1002/tax.70099,,,11,deltoidea,,,f,t,,,,,,,Wei Wang@20015390-1@1@aut$K.L.Xiang@20031444-1@3@aut$Douglas@2290-1@4@bas$Erst@20017484-1@2@aut,,,comb. nov.,,1.1,f,paranemone~deltoidea,ranunculaceaeparanemone~deltoidea~,,135,wfo-1000089438,,species,,,,
urn:lsid:ipni.org:names:77378615-1,(W.W.Sm.) Wei Wang & K.L.Xiang,Ranunculaceae Paroxygraphis sikkimensis W.W.Sm.,(W.W.Sm.),711907-1,,,75(2)-e70099: 14,,,,,,,,,,,,13/04/2026 16:05,22/04/2026 15:44,,,Ranunculaceae,Oxygraphis sikkimensis,Oxygraphis sikkimensis,Oxygraphis,,f,f,,,,,,77378979-1,,,,,,,,,isonym,,isonym,,,,,,,,,,,,324402-2,Taxon,urn:lsid:ipni.org:publications:812-2,2026,2026 [19 Mar 2026],[19 Mar 2026],Wei Wang & K.L.Xiang,spec.,Taxon 75(2)-e70099: 14. 2026 [19 Mar 2026] ,,doi:10.1002/tax.70099,,,13,sikkimensis,,,f,t,,,,,,,K.L.Xiang@20031444-1@2@aut$W.W.Sm.@9823-1@3@bas$Wei Wang@20015390-1@1@aut,,,comb. nov.,,1.2,f,oxygraphis~sikkimensis,ranunculaceaeoxygraphis~sikkimensis~,,136,wfo-1000089439,,species,,,,
urn:lsid:ipni.org:names:77378617-1,Soares Neto & J.G.Jardim,,,,,,76(e00242025): 2,,15,,12,,66,2013,,R.L.Soares Neto et al.,,,13/04/2026 18:00,30/04/2026 16:43,"Rio Grande do Norte (Brazil Northeast, Brazil, Southern America)",W,Capparaceae,Capparidastrum atlanticum,Capparidastrum atlanticum,Capparidastrum,,f,f,,,,,,,,6,21,46,"Brazil. Río Grande do Norte, Baía Formosa",35,1,27,,,,,,S,,,,,,,,,30007726-2,Rodriguésia,urn:lsid:ipni.org:publications:1167-2,2025,2025,,Soares Neto & J.G.Jardim,spec.,Rodriguésia 76(e00242025): 2. ,,doi:10.1590/2175-7860202576057,,,11,atlanticum,,,f,t,,holotype UFRN,,,,,Soares Neto@20033075-1@1@aut$J.G.Jardim@39335-1@2@aut,,,tax. nov.,,1.2,f,capparidastrum~atlanticum,capparaceaecapparidastrum~atlanticum~,,137,wfo-1000089440,,species,,,,
urn:lsid:ipni.org:names:77378619-1,"Montesin., Borsch & Torr.-Montúfar",,,,,,159(2): 248,,21,,9,,9695,2023,,"D.B.Montesinos, C.E.L.Dasher &amp; E.Chávez",,,14/04/2026 08:15,23/04/2026 10:08,"Peru (Western South America, Southern America)",W,Rubiaceae,Arcytophyllum leymebambense,Arcytophyllum leymebambense,Arcytophyllum,,f,f,,,,,,,,6,46,6,"Amazonas department. Chachapoyas, Leymebamba, Laguna de los Cóndores  track, antes de Abra el Rayo, 2990 m",77,46,37,,,,,,S,,,,,,,,,34169-1,Pl. Ecol. Evol.,urn:lsid:ipni.org:publications:20011731-1,2026,2026 [23 Apr 2026],[23 Apr 2026],"Montesin., Borsch & Torr.-Montúfar",spec.,Pl. Ecol. Evol. 159(2): 248. 2026 [23 Apr 2026] ,,"doi:10.5091/plecevo.175775 [english] Etymology: the specific epithet is named after the Leymebamba district, several populations were identified in the vicinity of Laguna de los Cóndores.",,,11,leymebambense,,,f,t,,holotype HUT HUT-64624;isotype B 10 1330351,,,,,Montesin.@20011597-2@1@aut$Borsch@36356-1@2@aut$Torr.-Montúfar@20026887-1@3@aut,,,tax. nov.,,1.3,f,arcytophyllum~leymebambense,rubiaceaearcytophyllum~leymebambense~,,138,wfo-1000089441,,species,,,,
urn:lsid:ipni.org:names:77378620-1,"D.Z.Li, M.Y.Zhou & X.Feng",,,,,,273: 84,,12,,6,,18006,2018,,"Jing-Xia Liu, Meng-Yuan Zhou, Jie Liu &amp; Thammarat Boonthammee Liujx",,,14/04/2026 08:31,14/04/2026 11:45,"Thailand (Indo-China, Asia-Tropical)",E,Poaceae,Vietnamosasa sakonnakhonensis,Vietnamosasa sakonnakhonensis,Vietnamosasa,,f,f,,,,,,,,17,4,36,"Sakon Nakhon Province: Kut Bak District, Na Mong, 227 m",103,56,56,,,,,,N,,,,,,,,,925267-1,PhytoKeys,urn:lsid:ipni.org:publications:20011997-1,2026,2026 [14 Apr 2026],[14 Apr 2026],"D.Z.Li, M.Y.Zhou & X.Feng",spec.,PhytoKeys 273: 84. 2026 [14 Apr 2026] ,,"doi:10.3897/phytokeys.273.182677 [english] Etymology: 'The specific epithet refers to the native distribution in the province of Sakon Nakhon, Thailand'.",,,11,sakonnakhonensis,,,f,t,,"holotype KUN 1460823;isotype KUN 1460821, 1460822",,,,,D.Z.Li@15629-1@1@aut$X.Feng@20097719-1@3@aut$M.Y.Zhou@20032158-1@2@aut,,,tax. nov.,,1.4,f,vietnamosasa~sakonnakhonensis,poaceaevietnamosasa~sakonnakhonensis~,,139,wfo-1000089442,,species,,,,
urn:lsid:ipni.org:names:77378621-1,De Block,,,,,,159(2): 258,,13,,1,,1182,2002,,"De Block, Rakotonasolo &amp; Randriamboavonjy",,,14/04/2026 09:05,27/04/2026 15:53,"Madagascar (Western Indian Ocean, Africa)",,Rubiaceae,Peponidium calciphilum,Peponidium calciphilum,Peponidium,,f,f,,,,,,,,,,,"Antsiranana province, Diana region, Ambilobe District, Ankarana, road from campement des Anglais towards campement des Américains (not beyond first savanna), 82 m",,,,,,,,,,,,,,,,,,35092-1,Pl. Ecol. Evol.,urn:lsid:ipni.org:publications:20011731-1,2026,2026 [27 Apr 2026],[27 Apr 2026],De Block,spec.,Pl. Ecol. Evol. 159(2): 258. 2026 [27 Apr 2026] ,,doi:10.5091/plecevo.177167 [english] Etymology: name means 'limestone loving' and is chosen because the species only grows in the Tsingy of Ankarana on limestone.,,,11,calciphilum,,,f,t,,"holotype BR BR0000020242732;isotype TAN;isotype BR BR0000020242749; BR0000009757653, BR0000009757554;isotype G;isotype K;isotype MO;isotype P",,,,,De Block@38102-1@1@aut,,,tax. nov.,,1.3,f,peponidium~calciphilum,rubiaceaepeponidium~calciphilum~,,140,wfo-1000089443,,species,,,,
urn:lsid:ipni.org:names:77378622-1,De Block,,,,,,159(2): 262,,4,,1,,544,1999,,"De Block, Leyman, Dessein, Rakotonasolo &amp; Randriamboavonjy",,,14/04/2026 09:14,27/04/2026 15:56,"Madagascar (Western Indian Ocean, Africa)",,Rubiaceae,Pyrostria multilocellata,Pyrostria multilocellata,Pyrostria,,f,f,,,,,,,,,,,"Toliara Province, Atsimo-Andrefana Region, Toliara II District, La Table, 15 km from Toliara on Route Nationale 7",,,,,,,,,,,,,,,,,,35231-1,Pl. Ecol. Evol.,urn:lsid:ipni.org:publications:20011731-1,2026,2026 [27 Apr 2026],[27 Apr 2026],De Block,spec.,Pl. Ecol. Evol. 159(2): 262. 2026 [27 Apr 2026] ,,"doi:10.5091/plecevo.177167 [english] Etymology: named for the multilocellate anthers in the male flowers, a feature hitherto not known in the genus Pyrostria nor in the tribe Vanguerieae.",,,11,multilocellata,,,f,t,,holotype BR R0000009125025;isotype TAN;isotype MO;isotype P,,,,,De Block@38102-1@1@aut,,,tax. nov.,,1.3,f,pyrostria~multilocellata,rubiaceaepyrostria~multilocellata~,,141,wfo-1000089444,,species,,,,
urn:lsid:ipni.org:names:77378623-1,(Boiss.) Khosravi & Eslami-Farouji,Brassicaceae Arabis aucheri Boiss.,(Boiss.),278027-1,,,15(2): 128,,,,,,,,,,,,14/04/2026 09:32,14/04/2026 09:32,,,Brassicaceae,Hafezia aucheri,Hafezia aucheri,Hafezia,,f,f,,,,,,,,,,,,,,,,,,,,,,,,,,,,,77378456-1,Molec. Biol. Res. Commun.,urn:lsid:ipni.org:publications:20037753-1,2026,2026 [Apr 2026],[Apr 2026],Khosravi & Eslami-Farouji,spec.,Molec. Biol. Res. Commun. 15(2): 128. 2026 [Apr 2026] ,,doi:10.22099/mbrc.2025.54085.2198,,,11,aucheri,,,f,t,,,,,,,Khosravi@20001696-1@1@aut$Eslami-Farouji@20048697-1@2@aut$Boiss.@16284-1@3@bas,,,comb. nov.,,1.1,f,hafezia~aucheri,brassicaceaehafezia~aucheri~,,142,wfo-1000089445,,species,,,,
urn:lsid:ipni.org:names:77378624-1,(Dufour ex DC.) Khosravi & Eslami-Farouji,Brassicaceae Arabis parvula Dufour ex DC.,(Dufour ex DC.),278477-1,,,15(2): 128,,,,,,,,,,,,14/04/2026 09:35,14/04/2026 09:35,,,Brassicaceae,Hafezia parvula,Hafezia parvula,Hafezia,,f,f,,,,,,,,,,,,,,,,,,,,,,,,,,,,,77378456-1,Molec. Biol. Res. Commun.,urn:lsid:ipni.org:publications:20037753-1,2026,2026 [Apr 2026],[Apr 2026],Khosravi & Eslami-Farouji,spec.,Molec. Biol. Res. Commun. 15(2): 128. 2026 [Apr 2026] ,,doi:10.22099/mbrc.2025.54085.2198,,,11,parvula,,,f,t,,,,,,,Dufour@18249-1@3@bas$Khosravi@20001696-1@1@aut$DC.@16855-1@4@basEx$Eslami-Farouji@20048697-1@2@aut,,,comb. nov.,,1.1,f,hafezia~parvula,brassicaceaehafezia~parvula~,,143,wfo-1000089446,,species,,,,
urn:lsid:ipni.org:names:77378625-1,(C.Presl) Radlk.,Connaraceae Omphalobium obliquum C.Presl,(C.Presl),264666-1,,,16: 366,,,,,,,,,,,,14/04/2026 10:12,14/04/2026 10:12,,,Connaraceae,Rourea obliqua,Rourea obliqua,Rourea,,f,f,,,,,,,,,,,,,,,,,,,,,,,,,,,,,11754-1,Sitzungsber. Math.-Phys. Cl. Königl. Bayer. Akad. Wiss. München,urn:lsid:ipni.org:publications:326-2,1886,1886,,Radlk.,spec.,Sitzungsber. Math.-Phys. Cl. Königl. Bayer. Akad. Wiss. München 16: 366. 1886 ,,,,,11,obliqua,,,f,t,,,,,,,Radlk.@8088-1@1@aut$C.Presl@25074-1@2@bas,,,comb. nov.,,1.1,f,rourea~obliqua,connaraceaerourea~obliqua~,,144,wfo-1000089447,,species,,,,
urn:lsid:ipni.org:names:77378626-1,"J.Fu bis, Y.Ma & H.X.Yin",,,,,,273: 101,,10,,9,,FMGZ168,2024,,Jie Fu &amp; Yu Ma,,,14/04/2026 12:47,15/04/2026 13:25,"Sichuan (China South-Central, China, Asia-Temperate)",E,Brassicaceae,Solms-laubachia garzeensis,Solms-laubachia garzeensis,Solms-laubachia,,f,f,,,,,,,,31,26,43,"Garze County, Shaluli Mountains, c. 4700 m",99,58,44,,,,,,N,,,,,,,,,13055-1,PhytoKeys,urn:lsid:ipni.org:publications:20011997-1,2026,2026 [15 Apr 2026],[15 Apr 2026],"J.Fu bis, Y.Ma & H.X.Yin",spec.,PhytoKeys 273: 101. 2026 [15 Apr 2026] ,,"doi:10.3897/phytokeys.273.177843 [english] Etymology: 'The name of this species comes from Garze County, where it was discovered'.",,,11,garzeensis,,,f,t,,holotype CDCM;isotype KUN;isotype CDBI,,,,,Y.Ma@20097848-1@2@aut$H.X.Yin@20012667-1@3@aut$J.Fu bis@20097847-1@1@aut,,,tax. nov.,,1.3.1.1,f,solms-laubachia~garzeensis,brassicaceaesolms-laubachia~garzeensis~,,145,wfo-1000089448,,species,,,,
urn:lsid:ipni.org:names:77378627-1,"C.H.Nguyen, N.V.Duong & C.W.Lin",,,,,,273: 111,,8,,7,,NHC 250708040,2025,,"Nguyen Huu Cuong, Duong Van Nam, Tran The Hung, Phan Thanh Quyet &amp; Le Khanh Vu",,,14/04/2026 12:57,15/04/2026 13:40,"Vietnam (Indo-China, Asia-Tropical)",E,Melastomataceae,Perilimnastes dongchauensis,Perilimnastes dongchauensis,Perilimnastes,,f,f,,,,,,,,16,59,25,"Quang Tri province, Kim Ngan commune, 100–200 m",106,43,,,,,,,N,,,,,,,,,26522-1,PhytoKeys,urn:lsid:ipni.org:publications:20011997-1,2026,2026 [15 Apr 2026],[15 Apr 2026],"C.H.Nguyen, N.V.Duong & C.W.Lin",spec.,PhytoKeys 273: 111. 2026 [15 Apr 2026] ,,"doi:10.3897/phytokeys.273.177749 [english] Etymology: 'The species is named after its type locality, Dong Chau-Khe Nuoc Trong Nature Reserve'.",,,11,dongchauensis,,,f,t,,holotype VNF;isotype VNF;isotype LE,,,,,N.V.Duong@20097849-1@2@aut$C.W.Lin@20027529-1@3@aut$C.H.Nguyen@20042608-1@1@aut,,,tax. nov.,,1.3,f,perilimnastes~dongchauensis,melastomataceaeperilimnastes~dongchauensis~,,146,wfo-1000089449,,species,,,,
urn:lsid:ipni.org:names:77378628-1,Dorr,,,,,,273: 120,,4,,3,,9347,1990,,"R.Callejas, F.J.Roldán, V.Maza &amp; J.G.Estrada",,,14/04/2026 14:03,15/04/2026 13:49,"Colombia (Western South America, Southern America)",W,Sterculiaceae,Ayenia nathaliae,Ayenia nathaliae,Ayenia,,f,f,,,,,,,,6,37,,"Antioquia: Municipio Puerto Berrío, Vereda Bodegas, sitio San Juan de Bedout, Quebrada de San Juan, 300 m",74,30,,,,,,,N,,,,,,,,,328234-2,PhytoKeys,urn:lsid:ipni.org:publications:20011997-1,2026,2026 [15 Apr 2026],[15 Apr 2026],Dorr,spec.,PhytoKeys 273: 120. 2026 [15 Apr 2026] ,,"doi:10.3897/phytokeys.273.188574 [english] Etymology: 'The specific epithet honors Nathaly Guerrero, who has traveled the world but remains firmly attached to Colombia, her native country'.",,,11,nathaliae,,,f,t,,holotype HUA 72577;isotype MO 2384406;isotype NY 01400051,,,,,Dorr@14672-1@1@aut,,,tax. nov.,,1.3,f,ayenia~nathaliae,sterculiaceaeayenia~nathaliae~,,147,wfo-1000089450,,species,,,,
urn:lsid:ipni.org:names:77378629-1,(Cristóbal) Dorr,Sterculiaceae Byttneria idroboi Cristóbal,(Cristóbal),39007-2,,,273: 124,,,,,,,,,,,,14/04/2026 14:04,15/04/2026 13:51,,,Sterculiaceae,Ayenia idroboi,Ayenia idroboi,Ayenia,,f,f,,,,,,,,,,,,,,,,,,,,,,,,,,,,null:,328234-2,PhytoKeys,urn:lsid:ipni.org:publications:20011997-1,2026,2026 [15 Apr 2026],[15 Apr 2026],Dorr,spec.,PhytoKeys 273: 124. 2026 [15 Apr 2026] ,,doi:10.3897/phytokeys.273.188574,,,11,idroboi,,,f,t,,,,,,,Cristóbal@1876-1@2@bas$Dorr@14672-1@1@aut,,,comb. nov.,,1.3,f,ayenia~idroboi,sterculiaceaeayenia~idroboi~,,148,wfo-1000089949,,species,,,,
urn:lsid:ipni.org:names:77378630-1,(Kunth) Dorr,Sterculiaceae Byttneria macrophylla Kunth,(Kunth),822381-1,,,273: 124,,,,,,,,,,,,14/04/2026 14:05,15/04/2026 13:53,,,Sterculiaceae,Ayenia macrophylla,Ayenia macrophylla,Ayenia,,f,f,,,,,,,,,,,,,,,,,,,,,,,,,,,,null:,328234-2,PhytoKeys,urn:lsid:ipni.org:publications:20011997-1,2026,2026 [15 Apr 2026],[15 Apr 2026],Dorr,spec.,PhytoKeys 273: 124. 2026 [15 Apr 2026] ,,doi:10.3897/phytokeys.273.188574,,,11,macrophylla,,,f,t,,,,,,,Kunth@21866-1@2@bas$Dorr@14672-1@1@aut,,,comb. nov.,,1.3,f,ayenia~macrophylla,sterculiaceaeayenia~macrophylla~,,149,wfo-1000089950,,species,,,,
urn:lsid:ipni.org:names:77378631-1,(Triana & Planch.) Dorr,Sterculiaceae Byttneria morifolia Triana & Planch.,(Triana & Planch.),822390-1,,,273: 125,,,,,,,,,,,,14/04/2026 14:05,15/04/2026 13:54,,,Sterculiaceae,Ayenia morifolia,Ayenia morifolia,Ayenia,,f,f,,,,,,,,,,,,,,,,,,,,,,,,,,,,null:,328234-2,PhytoKeys,urn:lsid:ipni.org:publications:20011997-1,2026,2026 [15 Apr 2026],[15 Apr 2026],Dorr,spec.,PhytoKeys 273: 125. 2026 [15 Apr 2026] ,,doi:10.3897/phytokeys.273.188574,,,11,morifolia,,,f,t,,,,,,,Planch.@7738-1@3@bas$Dorr@14672-1@1@aut$Triana@10818-1@2@bas,,,comb. nov.,,1.3,f,ayenia~morifolia,sterculiaceaeayenia~morifolia~,,150,wfo-1000089951,,species,,,,
urn:lsid:ipni.org:names:77378632-1,Hamzaoğlu,,,,,,10: 80,,21,,7,,8255,2025,,"E.Hamzaoğlu, M.Koç &amp; H.M.Uçar",,,14/04/2026 15:48,14/04/2026 15:48,"Turkey (Western Asia, Asia-Temperate)",,Boraginaceae,Omphalodes turcica,Omphalodes turcica,Omphalodes,,f,f,,,,,,,,,,,"Tokat: Almus, Çevreli town, Sivrin Mountain, west of Gürgenboynu Yaylası, 1770 m",,,,,,,,,,,,,,,,,,30076532-2,Anatol. J. Bot.,urn:lsid:ipni.org:publications:20028868-1,2026,2026 [27 Feb 2026],[27 Feb 2026],Hamzaoğlu,spec.,Anatol. J. Bot. 10: 80. 2026 [27 Feb 2026] ,,"doi:10.30616/ajb.1860691 Etymology: the specific epithet was named after Türkiye, the country where it grows.",,,11,turcica,,,f,t,,holotype GAZI;isotype GAZI;isotype ANK;isotype HUB,,,,,Hamzaoğlu@39500-1@1@aut,,,tax. nov.,,1.1,f,omphalodes~turcica,boraginaceaeomphalodes~turcica~,,151,wfo-1000089451,,species,,,,
urn:lsid:ipni.org:names:77378633-1,(R.R.Mill) Hamzaoğlu,Boraginaceae Omphalodes luciliae Boiss. subsp. pisidica R.R.Mill,(R.R.Mill),77112413-1,,,10: 82,,,,,,,,,,,,14/04/2026 15:51,14/04/2026 15:51,,,Boraginaceae,Omphalodes pisidica,Omphalodes pisidica,Omphalodes,,f,f,,,,,,,,,,,,,,,,,,,,,,,,,,,,,30076532-2,Anatol. J. Bot.,urn:lsid:ipni.org:publications:20028868-1,2026,2026 [27 Feb 2026],[27 Feb 2026],Hamzaoğlu,spec.,Anatol. J. Bot. 10: 82. 2026 [27 Feb 2026] ,,doi:10.30616/ajb.1860691,,,11,pisidica,,,f,t,,,,,,,R.R.Mill@12214-1@2@bas$Hamzaoğlu@39500-1@1@aut,,,comb. et stat. nov.,,1.1,f,omphalodes~pisidica,boraginaceaeomphalodes~pisidica~,,152,wfo-1000089452,,species,,,,
urn:lsid:ipni.org:names:77378634-1,(Otto & A.Dietr.) Hershk.,Portulacaceae Calandrinia spectabilis Otto & A.Dietr.,(Otto & A.Dietr.),698545-1,,,7(3): 5001,,,,,,,,,,,,14/04/2026 15:55,17/04/2026 18:25,,,Portulacaceae,Cistanthe spectabilis,Cistanthe spectabilis,Cistanthe,,f,f,,,,,,,,,,,,,,,,,,,,,,,,,,,,null:,30006895-2,Int. J. Res. Publ. Rev.,urn:lsid:ipni.org:publications:20058166-1,2026,2026 [19 Mar 2026],[19 Mar 2026],Hershk.,spec.,Int. J. Res. Publ. Rev. 7(3): 5001. 2026 [19 Mar 2026] ,,,,,11,spectabilis,,,f,t,,,,,,,Otto@7204-1@2@bas$A.Dietr.@2206-1@3@bas$Hershk.@35759-1@1@aut,,,comb. nov.,,1.3,f,cistanthe~spectabilis,portulacaceaecistanthe~spectabilis~,,153,wfo-1000089453,,species,,,,
urn:lsid:ipni.org:names:77378635-1,"(Mateo, Egido & Gómiz) Mateo & Gómiz","Asteraceae Hieracium devotarum Mateo, Egido & Gómiz","(Mateo, Egido & Gómiz)",77319240-1,,,91: 133,,,,,,,,,,,,14/04/2026 16:10,14/04/2026 16:10,,,Asteraceae,Hieracium laniferum subsp. devotarum,Hieracium laniferum subsp. devotarum,Hieracium,,f,f,,,,,devotarum,,,,,,,,,,,,,,,,,,,,,,,,219127-1,Fl. Montiber.,urn:lsid:ipni.org:publications:20000001-1,2025,2025 [Apr 2025],[Apr 2025],Mateo & Gómiz,subsp.,Fl. Montiber. 91: 133. 2025 [Apr 2025] ,,,,,11,laniferum,Cav.,,f,t,,,,,,,Gómiz@36704-1@5@bas$Egido@20012659-1@4@bas$Mateo@23021-1@3@bas$Gómiz@36704-1@2@aut$Mateo@23021-1@1@aut,Cav.@1465-1@1@aut,,comb. et stat. nov.,,1.1,f,hieracium~laniferumdevotarum,asteraceaehieracium~laniferumdevotarum,,154,wfo-1200118285,,subspecies,,,,
urn:lsid:ipni.org:names:77378636-1,Mateo & Gómiz,,,,,,91: 133,,21,,7,,,2016,,G.Mateo,,,14/04/2026 16:14,14/04/2026 16:14,"Spain (Spain, Southwestern Europe, Europe)",,Asteraceae,Hieracium × leioarguisianum,Hieracium × leioarguisianum,Hieracium,,t,f,"217950-1,77130808-1",(Hieracium glaucinum Jord. × Hieracium arguisianum Mateo),,,,,,,,,"HUESCA, Arguis, hoces del río Isuela, 30TYN 1186, 980 m",,,,,,,,,,,,,,,,,,330082-2,Fl. Montiber.,urn:lsid:ipni.org:publications:20000001-1,2025,2025 [Apr 2025],[Apr 2025],Mateo & Gómiz,spec.,Fl. Montiber. 91: 133. 2025 [Apr 2025] ,,,,,10,leioarguisianum,,,f,t,,holotype VAL 231468,,,,,Mateo@23021-1@1@aut$Gómiz@36704-1@2@aut,,,tax. nov.,,1.1,f,hieracium~leioarguisianum,asteraceaehieracium~leioarguisianum~,,155,wfo-1000089454,,species,,,,
urn:lsid:ipni.org:names:77378637-1,Arv.-Touv. & Gaut.,,,,,,20: No. 402,,,,,,,,,,,,14/04/2026 16:29,14/04/2026 16:30,,,Asteraceae,Hieracium hedypnoides,Hieracium hedypnoides,Hieracium,,f,f,,,,,,,218276-1,,,,,,,,nom. illeg. later homonym,,nom. illeg.,,,,,,,,,,,,330082-2,Hieracioth. Hisp.,urn:lsid:ipni.org:publications:20008147-1,1908,1908,,Arv.-Touv. & Gaut.,spec.,Hieracioth. Hisp. 20: No. 402. 1908 ,,non L. (1753).,,,10,hedypnoides,,,f,t,,,,,,,Gaut.@3053-1@2@aut$Arv.-Touv.@298-1@1@aut,,,tax. nov.,,1.2,f,hieracium~hedypnoides,asteraceaehieracium~hedypnoides~,,156,wfo-0000031308,,species,,,,
urn:lsid:ipni.org:names:77378638-1,Mateo & Gómiz,,,,,,91: 133,,,,,,,,,,,,14/04/2026 16:32,14/04/2026 16:32,,,Asteraceae,Hieracium × neoaragonense,Hieracium × neoaragonense,Hieracium,,t,f,"221375-1,218259-1",(Hieracium planchonianum Timb.-Lagr. & Loret × Hieracium hastile Arv.-Touv. & Gaut.),,,,,,,,,,,,,,,,,,,,,,,,,,,330082-2,Fl. Montiber.,urn:lsid:ipni.org:publications:20000001-1,2025,2025 [Apr 2025],[Apr 2025],Mateo & Gómiz,spec.,Fl. Montiber. 91: 133. 2025 [Apr 2025] ,,,77378637-1,,9,neoaragonense,,,f,t,,,,,,,Gómiz@36704-1@2@aut$Mateo@23021-1@1@aut,,,nom. nov.,,1.1,f,hieracium~neoaragonense,asteraceaehieracium~neoaragonense~,,157,wfo-1000089455,,species,,,,
urn:lsid:ipni.org:names:77378639-1,Mateo & Gómiz,,,,,,91: 133,,4,,8,,,2016,,"G.Mateo, F.del Egido &amp; F.Gómiz",,,14/04/2026 16:38,14/04/2026 16:38,"Spain (Spain, Southwestern Europe, Europe)",,Asteraceae,Hieracium × neolusitanicum,Hieracium × neolusitanicum,Hieracium,,t,f,"215493-1,222747-1",(Hieracium bombycinum Boiss. & Reut. ex Fr. × Hieracium schmidtii Tausch),,,,,,,,,"Palencia: San Salvador de Cantamuga, Puerto de Piedresaluengas, 30TUN8165, 1350 m",,,,,,,,,,,,,,,,,,330082-2,Fl. Montiber.,urn:lsid:ipni.org:publications:20000001-1,2025,2025 [Apr 2025],[Apr 2025],Mateo & Gómiz,spec.,Fl. Montiber. 91: 133. 2025 [Apr 2025] ,,,,,10,neolusitanicum,,,f,t,,holotype VAL 231369,,,,,Gómiz@36704-1@2@aut$Mateo@23021-1@1@aut,,,tax. nov.,,1.1,f,hieracium~neolusitanicum,asteraceaehieracium~neolusitanicum~,,158,wfo-1000089456,,species,,,,
urn:lsid:ipni.org:names:77378640-1,Mateo & Gómiz,,,,,,91: 133,,6,,7,,,2016,,G.Mateo,,,14/04/2026 16:42,14/04/2026 16:42,"Spain (Spain, Southwestern Europe, Europe)",,Asteraceae,Hieracium × montibericum,Hieracium × montibericum,Hieracium,,t,f,"217114-1,219127-1",(Hieracium elisaeanum Arv.-Touv. ex Willk. × Hieracium laniferum Cav.),,,,,,,,,"TERUEL, Linares de Mora, pr. Mas de Colás, 30TYK0670, 1560 m",,,,,,,,,,,,,,,,,,330082-2,Fl. Montiber.,urn:lsid:ipni.org:publications:20000001-1,2025,2025 [Apr 2025],[Apr 2025],Mateo & Gómiz,spec.,Fl. Montiber. 91: 133. 2025 [Apr 2025] ,,,,,10,montibericum,,,f,t,,holotype VAL 231651,,,,,Mateo@23021-1@1@aut$Gómiz@36704-1@2@aut,,,tax. nov.,,1.1,f,hieracium~montibericum,asteraceaehieracium~montibericum~,,159,wfo-1000089457,,species,,,,
urn:lsid:ipni.org:names:77378641-1,Mateo & Gómiz,,,,,,91: 133,,23,,7,,,2016,,G.Mateo &amp; J.V.Ferrándiz,,,14/04/2026 16:46,14/04/2026 16:46,"Spain (Spain, Southwestern Europe, Europe)",,Asteraceae,Hieracium × neoscense,Hieracium × neoscense,Hieracium,,t,f,"219214-1,221242-1",(Hieracium lawsonii Vill. × Hieracium phlomoides Froel.),,,,,,,,,"Huesca: Panticosa, pr. Ibón de los Asnos, 30TYN 2429, 2110 m",,,,,,,,,,,,,,,,,,330082-2,Fl. Montiber.,urn:lsid:ipni.org:publications:20000001-1,2025,2025 [Apr 2025],[Apr 2025],Mateo & Gómiz,spec.,Fl. Montiber. 91: 133. 2025 [Apr 2025] ,,,,,10,neoscense,,,f,t,,holotype VAL 231404,,,,,Gómiz@36704-1@2@aut$Mateo@23021-1@1@aut,,,tax. nov.,,1.1,f,hieracium~neoscense,asteraceaehieracium~neoscense~,,160,wfo-1000089458,,species,,,,
urn:lsid:ipni.org:names:77378642-1,Mateo & Gómiz,,,,,,91: 134,,23,,6,,,2023,,F.Gómiz &amp; C.Prieto,,,14/04/2026 16:49,14/04/2026 16:49,"Spain (Spain, Southwestern Europe, Europe)",,Asteraceae,Hieracium × sauense,Hieracium × sauense,Hieracium,,t,f,"221375-1,220323-1",(Hieracium planchonianum Timb.-Lagr. & Loret × Hieracium neocerinthe Fr.),,,,,,,,,"Barcelona, Vilanova de Sau, La Bòfia, 31T DG5144, 600 m",,,,,,,,,,,,,,,,,,330082-2,Fl. Montiber.,urn:lsid:ipni.org:publications:20000001-1,2025,2025 [Apr 2025],[Apr 2025],Mateo & Gómiz,spec.,Fl. Montiber. 91: 134. 2025 [Apr 2025] ,,,,,10,sauense,,,f,t,,holotype Fco. Gómiz 12219,,,,,Gómiz@36704-1@2@aut$Mateo@23021-1@1@aut,,,tax. nov.,,1.1,f,hieracium~sauense,asteraceaehieracium~sauense~,,161,wfo-1000089459,,species,,,,
urn:lsid:ipni.org:names:77378643-1,"R.Roselló, P.P.Ferrer, Riera, Gómez Nav. & Peris",,,,,,91: 144,,,,,,,,,,,,14/04/2026 16:55,14/04/2026 16:57,,,Lamiaceae,Teucrium ibnalbaytarii,Teucrium ibnalbaytarii,Teucrium,,f,f,,,,,,,,,,,,,,,Termination of specific epithet amended as per Art. 60.8. ICN (2025).,,,,,,,,,,,,,,30039259-2,Fl. Montiber.,urn:lsid:ipni.org:publications:20000001-1,2025,2025 [Apr 2025],[Apr 2025],"R.Roselló, P.P.Ferrer, Riera, Gómez Nav. & Peris",spec.,"Fl. Montiber. 91: 144. 2025 [Apr 2025] , as 'ibnalbaytari'",", as 'ibnalbaytari'","Etymology: For 'Ibn Al-Baytar, a pioneering Andalusian botanist of the 13th century'.",77293106-1,,10,ibnalbaytarii,,,f,t,,,,,,,Gómez Nav.@20017911-1@4@aut$Riera@20007993-1@3@aut$P.P.Ferrer@20008764-2@2@aut$Peris@24732-1@5@aut$R.Roselló@36116-1@1@aut,,,nom. et stat. nov.,,1.2,f,teucrium~ibnalbaytarii,lamiaceaeteucrium~ibnalbaytarii~,,162,wfo-1000089460,,species,,,,
urn:lsid:ipni.org:names:77378644-1,"R.Roselló, P.P.Ferrer, Riera, Gómez Nav. & Peris",,,,,,91: 145,,7,,5,,518,1927,,P.Font Quer,,,14/04/2026 17:01,15/04/2026 11:49,"Morocco (Morocco, Northern Africa, Africa)",,Lamiaceae,Teucrium ibnalbaytarii var. angustifolium,Teucrium ibnalbaytarii var. angustifolium,Teucrium,,f,f,,,,,angustifolium,,,,,,"Bocoya, 50 m",,,,,,,,,,,,,,,,,,77378643-1,Fl. Montiber.,urn:lsid:ipni.org:publications:20000001-1,2025,2025 [Apr 2025],[Apr 2025],"R.Roselló, P.P.Ferrer, Riera, Gómez Nav. & Peris",var.,Fl. Montiber. 91: 145. 2025 [Apr 2025] ,,,,,11,ibnalbaytarii,"R.Roselló, P.P.Ferrer, Riera, Gómez Nav. & Peris",,f,t,,holotype BC BC47270;isotype MA;isotype MPU,,,,,Peris@24732-1@5@aut$R.Roselló@36116-1@1@aut$Gómez Nav.@20017911-1@4@aut$Riera@20007993-1@3@aut$P.P.Ferrer@20008764-2@2@aut,Riera@20007993-1@3@aut$Peris@24732-1@5@aut$R.Roselló@36116-1@1@aut$Gómez Nav.@20017911-1@4@aut$P.P.Ferrer@20008764-2@2@aut,,tax. nov.,,1.2,f,teucrium~ibnalbaytariiangustifolium,lamiaceaeteucrium~ibnalbaytariiangustifolium,,163,wfo-1200118286,,variety,,,,
urn:lsid:ipni.org:names:77378645-1,(Maire) Maire,Caryophyllaceae Silene mellifera Boiss. & Reut. var. rhodantha Maire,(Maire),77378465-1,,,2: 233,,,,,,,,,,,,15/04/2026 08:00,15/04/2026 15:35,,,Caryophyllaceae,Silene italica var. rhodantha,Silene italica var. rhodantha,Silene,,f,f,,,,,rhodantha,,,,,,,,,,,,,,,,,,,,,,,null:,157576-1,Cat. Pl. Maroc,urn:lsid:ipni.org:publications:19594-2,1932,1932,,Maire,var.,Cat. Pl. Maroc 2: 233. 1932 ,,,,,11,italica,(L.) Pers.,,f,t,,,,,,,Maire@6001-1@2@bas$Maire@6001-1@1@aut,Pers.@0-0@1@aut$L.@0-0@2@bas,,comb. nov.,,1.3,f,silene~italicarhodantha,caryophyllaceaesilene~italicarhodantha,,164,wfo-1200118287,,variety,,,,
urn:lsid:ipni.org:names:77378646-1,S.Kashung & K.Eshuo,,,,,,751(2): 59,,29,,5,,SK100015,2025,,Sochanngam Kashung &amp; Kazhuhrii Eshuo,,,15/04/2026 08:47,15/04/2026 08:47,"Manipur (Assam, Indian Subcontinent, Asia-Tropical)",E,Dilleniaceae,Dillenia nagalim,Dillenia nagalim,Dillenia,,f,f,,,,,,,,24,34,17,"Kamjong, Choro village, 300 m",94,28,55,,,,,,N,,,,,,,,,14198-1,Phytotaxa,urn:lsid:ipni.org:publications:20011462-1,2026,2026 [15 Apr 2026],[15 Apr 2026],S.Kashung & K.Eshuo,spec.,Phytotaxa 751(2): 59. 2026 [15 Apr 2026] ,,"doi:10.11646/phytotaxa.751.2.1 [english] Etymology: name is is a noun in apposition meaning 'land of Naga tribes', derived from 'Naga', native people, and 'lim', land.",,,11,nagalim,,,f,t,,holotype CAL;isotype DMH;isotype DUH,,,,,S.Kashung@20097832-1@1@aut$K.Eshuo@20055592-1@2@aut,,,tax. nov.,,1.1,f,dillenia~nagalim,dilleniaceaedillenia~nagalim~,,165,wfo-1000089461,,species,,,,
urn:lsid:ipni.org:names:77378647-1,"A.Pereira, Rando & Sakur.",,,,,,751(2): 67,,23,,11,,1419,2024,,Rando JG et al.,,,15/04/2026 09:06,15/04/2026 09:06,"Bahia (Brazil Northeast, Brazil, Southern America)",W,Araceae,Thaumatophyllum calcicola,Thaumatophyllum calcicola,Thaumatophyllum,,f,f,,,,,,,,12,22,6,"São Desidério, Parque Municipal da Lagoa Azul, 459 m",44,52,4,,,,,,S,,,,,,,,,2937-1,Phytotaxa,urn:lsid:ipni.org:publications:20011462-1,2026,2026 [15 Apr 2026],[15 Apr 2026],"A.Pereira, Rando & Sakur.",spec.,Phytotaxa 751(2): 67. 2026 [15 Apr 2026] ,,doi:10.11646/phytotaxa.751.2.2 [english] Etymology: name from the limestone rocks the species inhabits.,,,11,calcicola,,,f,t,,holotype BRBA BRBA-9205;isotype RB,,,,,A.Pereira@20097833-1@1@aut$Rando@20020665-1@2@aut$Sakur.@37798-1@3@aut,,,tax. nov.,,1.1,f,thaumatophyllum~calcicola,araceaethaumatophyllum~calcicola~,,166,wfo-1000089462,,species,,,,
urn:lsid:ipni.org:names:77378648-1,Z.X.Ma,,,,,,751(2): 77,,,,,,,,,,,,15/04/2026 09:22,15/04/2026 09:22,,,Araceae,Vandua,Vandua,Vandua,,f,f,,,,,,,,,,,,,,,,,,,,,,,,,,,,,30000216-2,Phytotaxa,urn:lsid:ipni.org:publications:20011462-1,2026,2026 [15 Apr 2026],[15 Apr 2026],Z.X.Ma,gen.,Phytotaxa 751(2): 77. 2026 [15 Apr 2026] ,,"doi:10.11646/phytotaxa.751.2.3 [english] Etymology: named in honour of the Vietnamese botanist Dr Nguyen Van Du, who made extraordinary contributions to the exploration of the aroid flora in Vietnam.",,,9,,,,f,t,77135837-1,,,,,,Z.X.Ma@20032854-1@1@aut,,,tax. nov.,,1.1,f,vandua,araceaevandua~~~,,167,wfo-4100006525,,genus,,,,
urn:lsid:ipni.org:names:77378649-1,(Gagnep. ex V.D.Nguyen) Z.X.Ma,Araceae Alocasia evrardii Gagnep. ex V.D.Nguyen,(Gagnep. ex V.D.Nguyen),77135837-1,,,751(2): 84,,,,,,,,,,,,15/04/2026 09:25,15/04/2026 09:25,,,Araceae,Vandua evrardii,Vandua evrardii,Vandua,,f,f,,,,,,,,,,,,,,,,,,,,,,,,,,,,,77378648-1,Phytotaxa,urn:lsid:ipni.org:publications:20011462-1,2026,2026 [15 Apr 2026],[15 Apr 2026],Z.X.Ma,spec.,Phytotaxa 751(2): 84. 2026 [15 Apr 2026] ,,doi:10.11646/phytotaxa.751.2.3,,,11,evrardii,,,f,t,,,,,,,Gagnep.@2978-1@2@bas$V.D.Nguyen@36914-1@3@basEx$Z.X.Ma@20032854-1@1@aut,,,comb. nov.,,1.1,f,vandua~evrardii,araceaevandua~evrardii~,,168,wfo-1000089463,,species,,,,
urn:lsid:ipni.org:names:77378650-1,(V.D.Nguyen & de Kok) Z.X.Ma,Araceae Alocasia vietnamensis V.D.Nguyen & de Kok,(V.D.Nguyen & de Kok),77135838-1,,,751(2): 86,,,,,,,,,,,,15/04/2026 09:27,15/04/2026 09:27,,,Araceae,Vandua vietnamensis,Vandua vietnamensis,Vandua,,f,f,,,,,,,,,,,,,,,,,,,,,,,,,,,,,77378648-1,Phytotaxa,urn:lsid:ipni.org:publications:20011462-1,2026,2026 [15 Apr 2026],[15 Apr 2026],Z.X.Ma,spec.,Phytotaxa 751(2): 86. 2026 [15 Apr 2026] ,,doi:10.11646/phytotaxa.751.2.3,,,11,vietnamensis,,,f,t,,,,,,,V.D.Nguyen@36914-1@2@bas$de Kok@38733-1@3@bas$Z.X.Ma@20032854-1@1@aut,,,comb. nov.,,1.1,f,vandua~vietnamensis,araceaevandua~vietnamensis~,,169,wfo-1000089464,,species,,,,
urn:lsid:ipni.org:names:77378651-1,Z.X.Ma,,,,,,751(2): 86,,,,,,,,,,,,15/04/2026 09:30,15/04/2026 09:30,,,Araceae,Cryptocasia,Cryptocasia,Cryptocasia,,f,f,,,,,,,,,,,,,,,,,,,,,,,,,,,,,30000216-2,Phytotaxa,urn:lsid:ipni.org:publications:20011462-1,2026,2026 [15 Apr 2026],[15 Apr 2026],Z.X.Ma,gen.,Phytotaxa 751(2): 86. 2026 [15 Apr 2026] ,,doi:10.11646/phytotaxa.751.2.3,,,9,,,,f,t,86589-1,,,,,,Z.X.Ma@20032854-1@1@aut,,,tax. nov.,,1.1,f,cryptocasia,araceaecryptocasia~~~,,170,wfo-4100006526,,genus,,,,
urn:lsid:ipni.org:names:77378652-1,(Schott) Z.X.Ma,Araceae Colocasia fallax Schott,(Schott),86589-1,,,751(2): 94,,,,,,,,,,,,15/04/2026 09:33,15/04/2026 09:33,,,Araceae,Cryptocasia fallax,Cryptocasia fallax,Cryptocasia,,f,f,,,,,,,,,,,,,,,,,,,,,,,,,,,,,77378651-1,Phytotaxa,urn:lsid:ipni.org:publications:20011462-1,2026,2026 [15 Apr 2026],[15 Apr 2026],Z.X.Ma,spec.,Phytotaxa 751(2): 94. 2026 [15 Apr 2026] ,,doi:10.11646/phytotaxa.751.2.3,,,11,fallax,,,f,t,,,,,,,Z.X.Ma@20032854-1@1@aut$Schott@9240-1@2@bas,,,comb. nov.,,1.1,f,cryptocasia~fallax,araceaecryptocasia~fallax~,,171,wfo-1000089465,,species,,,,
urn:lsid:ipni.org:names:77378653-1,(Schott) Z.X.Ma,Araceae Colocasia affinis Schott,(Schott),86578-1,,,751(2): 98,,,,,,,,,,,,15/04/2026 09:34,15/04/2026 09:34,,,Araceae,Cryptocasia affinis,Cryptocasia affinis,Cryptocasia,,f,f,,,,,,,,,,,,,,,,,,,,,,,,,,,,,77378651-1,Phytotaxa,urn:lsid:ipni.org:publications:20011462-1,2026,2026 [15 Apr 2026],[15 Apr 2026],Z.X.Ma,spec.,Phytotaxa 751(2): 98. 2026 [15 Apr 2026] ,,doi:10.11646/phytotaxa.751.2.3,,,11,affinis,,,f,t,,,,,,,Z.X.Ma@20032854-1@1@aut$Schott@9240-1@2@bas,,,comb. nov.,,1.1,f,cryptocasia~affinis,araceaecryptocasia~affinis~,,172,wfo-1000089466,,species,,,,
urn:lsid:ipni.org:names:77378654-1,"Penneys, Urrea & D.Fernández",,,,,,751(2): 132,,3,,2,,3501,2020,,F. Tobar,,,15/04/2026 10:14,15/04/2026 10:14,"Ecuador (Western South America, Southern America)",W,Melastomataceae,Blakea antennata,Blakea antennata,Blakea,,f,f,,,,,,,,,,33,"Pichincha, Quito, Nono, a 2 km de la comunidad de Alaspungo, 3022 m",78,36,37,,,,,,S,,,,,,,,,30008867-2,Phytotaxa,urn:lsid:ipni.org:publications:20011462-1,2026,2026 [15 Apr 2026],[15 Apr 2026],"Penneys, Urrea & D.Fernández",spec.,Phytotaxa 751(2): 132. 2026 [15 Apr 2026] ,,"doi:10.11646/phytotaxa.751.2.5 [english] Etymology:   name derived from 'antenna' plus the suffix, '-ata', forming an adjective meaning 'provided with', referring to the dorsal anther connective appendage that has the form of a tiny radio antenna.",,,11,antennata,,,f,t,,holotype QCNE QCNE-272809,,,,,D.Fernández@20013223-1@3@aut$Penneys@20002510-2@1@aut$Urrea@20066277-1@2@aut,,,tax. nov.,,1.1,f,blakea~antennata,melastomataceaeblakea~antennata~,,173,wfo-1000089467,,species,,,,
urn:lsid:ipni.org:names:77378655-1,"Penneys, Urrea & D.Fernández",,,,,,751(2): 137,,21,,12,,5166,2024,,"D. M. Fernández Fernández, D. S. Penneys, J. Urrea, K. J. Santana",,,15/04/2026 10:19,15/04/2026 10:19,"Ecuador (Western South America, Southern America)",W,Melastomataceae,Blakea gorgona,Blakea gorgona,Blakea,,f,f,,,,,,,,,9,21,"Pichincha: Quito, Pacto, Camino Pacto Mashpi. Bosque siempreverde montano bajo de Cordillera Occidental de los Andes, 1637 m",78,49,12,,,,,,N,,,,,,,,,30008867-2,Phytotaxa,urn:lsid:ipni.org:publications:20011462-1,2026,2026 [15 Apr 2026],[15 Apr 2026],"Penneys, Urrea & D.Fernández",spec.,Phytotaxa 751(2): 137. 2026 [15 Apr 2026] ,,"doi:10.11646/phytotaxa.751.2.5 [english] Etymology: name refers mainly to the flower buds that are apically beset with long, somewhat flattened setae, evocative of the snake-haired monsters of Greek mythology.",,,11,gorgona,,,f,t,,holotype QCNE QCNE-272697; QCNE-272698;isotype WU WU-169883–169888;isotype WNC,,,,,D.Fernández@20013223-1@3@aut$Penneys@20002510-2@1@aut$Urrea@20066277-1@2@aut,,,tax. nov.,,1.1,f,blakea~gorgona,melastomataceaeblakea~gorgona~,,174,wfo-1000089468,,species,,,,
urn:lsid:ipni.org:names:77378656-1,"Urrea, Penneys & D.Fernández",,,,,,751(2): 140,,25,,7,,5322,2025,,D. M. Fernández Fernández et al.,,,15/04/2026 10:30,15/04/2026 10:30,"Ecuador (Western South America, Southern America)",W,Melastomataceae,Blakea rubiginosa,Blakea rubiginosa,Blakea,,f,f,,,,,,,,,12,11,"Pichincha: Distrito Metropolitano de Quito, Pacto, vía Mashpi-Pacto, camino de segundo orden, 738 m",78,53,16,,,,,,N,,,,,,,,,30008867-2,Phytotaxa,urn:lsid:ipni.org:publications:20011462-1,2026,2026 [15 Apr 2026],[15 Apr 2026],"Urrea, Penneys & D.Fernández",spec.,Phytotaxa 751(2): 140. 2026 [15 Apr 2026] ,,doi:10.11646/phytotaxa.751.2.5 [english] Etymology: name refers to the rusty-coloured pubescence that covers the young and reproductive parts of the new species.,,,11,rubiginosa,,,f,t,,holotype QCNE QCNE-275562,,,,,D.Fernández@20013223-1@3@aut$Penneys@20002510-2@2@aut$Urrea@20066277-1@1@aut,,,tax. nov.,,1.1,f,blakea~rubiginosa,melastomataceaeblakea~rubiginosa~,,175,wfo-1000089469,,species,,,,
urn:lsid:ipni.org:names:77378657-1,"S.Peng, G.W.Hu & Q.F.Wang",,,,,,751(2): 168,,19,,9,,YTH-82,2024,,"T. H. Yuan, T. Hu, H. Huang &amp; J. Z. Su",,,15/04/2026 10:34,15/04/2026 11:39,"Tibet (China, Asia-Temperate)",E,Balsaminaceae,Impatiens zayuensis,Impatiens zayuensis,Impatiens,,f,f,,,,,,,,28,34,43,"Nyingchi City, Zayu County, Cibagou National Nature Reserve, 1574 m",97,4,17,,,,,,N,,,,,,,,,325983-2,Phytotaxa,urn:lsid:ipni.org:publications:20011462-1,2026,2026 [15 Apr 2026],[15 Apr 2026],"S.Peng, G.W.Hu & Q.F.Wang",spec.,Phytotaxa 751(2): 168. 2026 [15 Apr 2026] ,,"doi:10.11646/phytotaxa.751.2.7 [english] Etymology: name refers to the type locality, Zayu County.",,,11,zayuensis,,,f,t,,holotype HIB HIB0258831;isotype HIB HIB0258827; HIB0258828; HIB0258829; HIB0258830; HIB0258832,,,,,Q.F.Wang@40374-1@3@aut$S.Peng@20048639-1@1@aut$G.W.Hu@20012505-1@2@aut,,,tax. nov.,,1.2,f,impatiens~zayuensis,balsaminaceaeimpatiens~zayuensis~,,176,wfo-1000089470,,species,,,,
urn:lsid:ipni.org:names:77378658-1,P.J.Braun & Z.J.G.Miranda,,,,,,77(4): 110,,15,,12,,8803,2024,,P.J.Braun et al.,,,15/04/2026 11:46,15/04/2026 11:46,"Goiás (Brazil West-Central, Brazil, Southern America)",,Cactaceae,Discocactus viveirosii,Discocactus viveirosii,Discocactus,,f,f,,,,,,,,,,,"Municipality of Cristalina, very limited rocky habitat in a low campo cerrado, ca. 1200 m",,,,,,,,,,,,,,,,,,30006929-2,Kakteen And. Sukk.,urn:lsid:ipni.org:publications:3349-2,2026,2026 [Apr 2026],[Apr 2026],P.J.Braun & Z.J.G.Miranda,spec.,Kakteen And. Sukk. 77(4): 110. 2026 [Apr 2026] ,,Etymology: the specific epithet is named in honour of Brazilian botanist Daniel Viveiros.,,,11,viveirosii,,,f,t,,holotype CEN,,,,,P.J.Braun@16482-1@1@aut$Z.J.G.Miranda@20006908-2@2@aut,,,tax. nov.,,1.1,f,discocactus~viveirosii,cactaceaediscocactus~viveirosii~,,177,wfo-1000089471,,species,,,,
urn:lsid:ipni.org:names:77378659-1,"Felipe, Nadruz & J.M.A.Braga",,,,,,751(2): 177,,9,,12,,3820,2021,,M. Nadruz et al.,,,15/04/2026 11:47,15/04/2026 11:47,"Rio de Janeiro (Brazil Southeast, Brazil, Southern America)",W,Araceae,Anthurium bonetiense,Anthurium bonetiense,Anthurium,,f,f,,,,,,,,22,28,42,"Petrópolis, Reserva Biológica de Araras, Vargem Grande road, trail to Pedra do Bonet",43,17,8,,,,,,S,,,,,,,,,329747-2,Phytotaxa,urn:lsid:ipni.org:publications:20011462-1,2026,2026 [15 Apr 2026],[15 Apr 2026],"Felipe, Nadruz & J.M.A.Braga",spec.,Phytotaxa 751(2): 177. 2026 [15 Apr 2026] ,,"doi:10.11646/phytotaxa.751.2.8 [english] Etymology: name refers to the type locality of the species, Morro do Bonet, Petrópolis.",,,11,bonetiense,,,f,t,,holotype RB 821800,,,,,J.M.A.Braga@36575-1@3@aut$Felipe@20097846-1@1@aut$Nadruz@38531-1@2@aut,,,tax. nov.,,1.1,f,anthurium~bonetiense,araceaeanthurium~bonetiense~,,178,wfo-1000089472,,species,,,,
urn:lsid:ipni.org:names:77378660-1,Felipe & Nadruz,,,,,,751(2): 179,,29,,6,,16-016,2016,,J.M.A. Braga,,,15/04/2026 11:51,15/04/2026 11:51,"Rio de Janeiro (Brazil Southeast, Brazil, Southern America)",W,Araceae,Anthurium marqueteanum,Anthurium marqueteanum,Anthurium,,f,f,,,,,,,,22,12,20,"Municipality of Macaé, Glicério, Tapera, Serra de Crubixais, Crubixais Farm, base of Pico do Frade, trail to Ponto de Decisão",42,5,12,,,,,,S,,,,,,,,,329747-2,Phytotaxa,urn:lsid:ipni.org:publications:20011462-1,2026,2026 [15 Apr 2026],[15 Apr 2026],Felipe & Nadruz,spec.,"Phytotaxa 751(2): 179. 2026 [15 Apr 2026] , as 'marquetianum'",", as 'marquetianum'","doi:10.11646/phytotaxa.751.2.8 [english] Etymology: honors the siblings Nilda, Osnir, and Ronaldo Marquete, who devoted themselves to disseminating botanical knowledge, including that of the family Araceae.",,,11,marqueteanum,,,f,t,,holotype RB 746344,,,,,Felipe@20097846-1@1@aut$Nadruz@38531-1@2@aut,,,tax. nov.,,1.1,f,anthurium~marqueteanum,araceaeanthurium~marqueteanum~,,179,wfo-1000089473,,species,,,,
urn:lsid:ipni.org:names:77378661-1,(Mateo & M.B.Crespo) Mateo,Brassicaceae Biscutella bilbilitana Mateo & M.B.Crespo,(Mateo & M.B.Crespo),1012273-1,,,92: 5,,,,,,,,,,,,15/04/2026 11:55,15/04/2026 11:55,,,Brassicaceae,Biscutella coronopifolia subsp. bilbilitana,Biscutella coronopifolia subsp. bilbilitana,Biscutella,,f,f,,,,,bilbilitana,,,,,,,,,,,,,,,,,,,,,,,,278996-1,Fl. Montiber.,urn:lsid:ipni.org:publications:20000001-1,2025,2025 [Aug 2025],[Aug 2025],Mateo,subsp.,Fl. Montiber. 92: 5. 2025 [Aug 2025] ,,,,,11,coronopifolia,L.,,f,t,,,,,,,Mateo@23021-1@1@aut$M.B.Crespo@17508-1@3@bas$Mateo@23021-1@2@bas,L.@12653-1@1@aut,,comb. et stat. nov.,,1.1,f,biscutella~coronopifoliabilbilitana,brassicaceaebiscutella~coronopifoliabilbilitana,,180,wfo-1200118288,,subspecies,,,,
urn:lsid:ipni.org:names:77378662-1,Yuzammi & Hett.,,,,,,751(2): 187,,,,,,YI 24001,,,Yuzammi,,,15/04/2026 11:58,15/04/2026 11:58,"Jawa (Malesia, Asia-Tropical)",,Araceae,Amorphophallus rosidii,Amorphophallus rosidii,Amorphophallus,,f,f,,,,,,,,,,,"East Jawa, Kabupaten Lumajang, Kecamatan Pronojiwo, Desa Sidomulyo",,,,,,,,,,,,,,,,,,331135-2,Phytotaxa,urn:lsid:ipni.org:publications:20011462-1,2026,2026 [15 Apr 2026],[15 Apr 2026],Yuzammi & Hett.,spec.,Phytotaxa 751(2): 187. 2026 [15 Apr 2026] ,,"doi:10.11646/phytotaxa.751.2.9 [english] Etymology: named in honour of Rosid Noor Ristianto, the collector of the type specimen of this new species and who brought it to the authors' attention.",,,11,rosidii,,,f,t,,holotype BO,,Cultivated plant in a private nursery originating from Indonesia,,,Hett.@20260-1@2@aut$Yuzammi@38215-1@1@aut,,,tax. nov.,,1.1,f,amorphophallus~rosidii,araceaeamorphophallus~rosidii~,,181,wfo-1000089474,,species,,,,
urn:lsid:ipni.org:names:77378663-1,Yuzammi & Hett.,,,,,,751(2): 188,,,,,,YI 24002,,,Yuzammi,,,15/04/2026 12:00,15/04/2026 12:00,"Jawa (Malesia, Asia-Tropical)",,Araceae,Amorphophallus raungensis,Amorphophallus raungensis,Amorphophallus,,f,f,,,,,,,,,,,"East Jawa Province, Dusun Jatipasir, Kelurahan Kajarharjo, Kecamatan Kalibaru, Kabupaten Banyuwangi",,,,,,,,,,,,,,,,,,331135-2,Phytotaxa,urn:lsid:ipni.org:publications:20011462-1,2026,2026 [15 Apr 2026],[15 Apr 2026],Yuzammi & Hett.,spec.,Phytotaxa 751(2): 188. 2026 [15 Apr 2026] ,,doi:10.11646/phytotaxa.751.2.9 [english] Etymology: name refers to the mountain where this new species was discovered.,,,11,raungensis,,,f,t,,holotype BO,,,,,Hett.@20260-1@2@aut$Yuzammi@38215-1@1@aut,,,tax. nov.,,1.1,f,amorphophallus~raungensis,araceaeamorphophallus~raungensis~,,182,wfo-1000089475,,species,,,,
urn:lsid:ipni.org:names:77378664-1,I.Telford & J.J.Bruhl,,,,,,30: 21,,18,,9,,3709,2021,,J.J.Bruhl &amp; P.R.Sheringham,,,15/04/2026 13:42,15/04/2026 13:42,"New South Wales (New South Wales, Australia, Australasia)",,Rutaceae,Phebalium banyabba,Phebalium banyabba,Phebalium,,f,f,,,,,,,,,,,North Coast: Banyabba Nature Reserve,,,,,,,,,,,,,,,,,,35886-1,Telopea,urn:lsid:ipni.org:publications:2986-2,2026,2026 [31 Mar 2026],[31 Mar 2026],I.Telford & J.J.Bruhl,spec.,Telopea 30: 21. 2026 [31 Mar 2026] ,,doi:10.7751/telopea21637  Etymology: the specific epithet (a noun in apposition) is from the First Nations Bandjalang people's name for the region to which the new species is endemic.,,,11,banyabba,,,f,t,,holotype NSW;isotype BRI;isotype CANB;isotype K;isotype MEL;isotype MO;isotype NE NE112364;isotype PERTH,,,,,I.Telford@27598-1@1@aut$J.J.Bruhl@37489-1@2@aut,,,tax. nov.,,1.1,f,phebalium~banyabba,rutaceaephebalium~banyabba~,,183,wfo-1000089476,,species,,,,
urn:lsid:ipni.org:names:77378665-1,(R.M.Barker) A.R.Bean,Acanthaceae Rostellularia adscendens (R.Br.) R.M.Barker subsp. dallachyi R.M.Barker,(R.M.Barker),949346-1,,,30: 48,,,,,,,,,,,,15/04/2026 13:47,15/04/2026 13:47,,,Acanthaceae,Justicia dallachyi,Justicia dallachyi,Justicia,,f,f,,,,,,,,,,,,,,,,,,,,,,,,,,,,,326849-2,Telopea,urn:lsid:ipni.org:publications:2986-2,2026,2026 [27 Mar 2026],[27 Mar 2026],A.R.Bean,spec.,Telopea 30: 48. 2026 [27 Mar 2026] ,,doi:10.7751/telopea21749,,,11,dallachyi,,,f,t,,,,,,,R.M.Barker@31325-1@2@bas$A.R.Bean@35385-1@1@aut,,,comb. et stat. nov.,,1.1,f,justicia~dallachyi,acanthaceaejusticia~dallachyi~,,184,wfo-1000089477,,species,,,,
urn:lsid:ipni.org:names:77378666-1,A.R.Bean,,,,,,30: 51,,7,,1,,8182,1995,,A.R.Bean,,,15/04/2026 13:51,15/04/2026 13:51,"Queensland (Queensland, Australia, Australasia);New South Wales (New South Wales, Australia, Australasia);",,Acanthaceae,Justicia elliptica,Justicia elliptica,Justicia,,f,f,,,,,,,,,,,"Queensland: Canterbury Park, Strathpine, c. 20 km N of Brisbane",,,,,,,,,,,,,,,,,,326849-2,Telopea,urn:lsid:ipni.org:publications:2986-2,2026,2026 [27 Mar 2026],[27 Mar 2026],A.R.Bean,spec.,Telopea 30: 51. 2026 [27 Mar 2026] ,,doi:10.7751/telopea21749  Etymology: the specific epithet refers to the shape of the bracts in this species.,,,11,elliptica,,,f,t,,holotype BRI AQ0634198;isotype AD 99527080;isotype K;isotype MEL 0287827;isotype NSW NSW672927,,,,,A.R.Bean@35385-1@1@aut,,,tax. nov.,,1.1,f,justicia~elliptica,acanthaceaejusticia~elliptica~,,185,wfo-1000089478,,species,,,,
urn:lsid:ipni.org:names:77378667-1,A.R.Bean,,,,,,30: 54,,22,,4,,5131,2008,,B.S.Wannan,,,15/04/2026 13:53,15/04/2026 13:53,"Queensland (Queensland, Australia, Australasia)",,Acanthaceae,Justicia hadrophylla,Justicia hadrophylla,Justicia,,f,f,,,,,,,,,,,"Watershed mine site, 35 km NW of Mount Carbine",,,,,,,,,,,,,,,,,,326849-2,Telopea,urn:lsid:ipni.org:publications:2986-2,2026,2026 [27 Mar 2026],[27 Mar 2026],A.R.Bean,spec.,Telopea 30: 54. 2026 [27 Mar 2026] ,,"doi:10.7751/telopea21749  Etymology: the specific epithet is from the Greek hadros, meaning 'large, well developed' and phyllon (leaf). This refers to the leaves of this species which are larger than most other Australian species.",,,11,hadrophylla,,,f,t,,holotype BRI AQ0864641;isotype NSW 835049,,,,,A.R.Bean@35385-1@1@aut,,,tax. nov.,,1.1,f,justicia~hadrophylla,acanthaceaejusticia~hadrophylla~,,186,wfo-1000089479,,species,,,,
urn:lsid:ipni.org:names:77378668-1,A.R.Bean,,,,,,30: 57,,31,,1,,8291,1995,,A.R.Bean,,,15/04/2026 13:55,15/04/2026 15:55,"Queensland (Queensland, Australia, Australasia);New South Wales (New South Wales, Australia, Australasia);",,Acanthaceae,Justicia lissophylla,Justicia lissophylla,Justicia,,f,f,,,,,,,,,,,"New South Wales: Dangar’s Falls, 20 km S of Armidale",,,,,,,,,,,,,,,,,,326849-2,Telopea,urn:lsid:ipni.org:publications:2986-2,2026,2026 [27 Mar 2026],[27 Mar 2026],A.R.Bean,spec.,Telopea 30: 57. 2026 [27 Mar 2026] ,,doi:10.7751/telopea21749  Etymology: the specific epithet is from the Greek lissos meaning smooth and phyllon meaning leaf. The leaves of this species are glabrous except for the margins.,,,11,lissophylla,,,f,t,,holotype BRI AQ0582828,,,,,A.R.Bean@35385-1@1@aut,,,tax. nov.,,1.2,f,justicia~lissophylla,acanthaceaejusticia~lissophylla~,,187,wfo-1000089480,,species,,,,
urn:lsid:ipni.org:names:77378672-1,Griseb.,,,,,,2: 166,,,,,,,,,,,,15/04/2026 15:51,15/04/2026 15:51,,,Rubiaceae,Asperula sect. Cruciana,Asperula sect. Cruciana,Asperula,,f,f,,,,cruciana,,,,,,,,,,,,,,,,,,,,,,,,,331373-2,Spic. Fl. Rumel.,urn:lsid:ipni.org:publications:3494-2,1846,1846,,Griseb.,sect.,Spic. Fl. Rumel. 2: 166. 1846 ,,,,,8,,,,f,t,,,Crucianella glomerata M.Bieb. (1808),,,,Griseb.@3397-1@1@aut,,,tax. nov.,,1.1,f,asperulacruciana,rubiaceaeasperulacruciana~~,,188,wfo-1000089481,,section,,,,
urn:lsid:ipni.org:names:77378673-1,A.R.Bean,,,,,,30: 60,,29,,4,,16279,2000,,A.R.Bean,,,15/04/2026 15:58,15/04/2026 15:58,"Queensland (Queensland, Australia, Australasia)",,Acanthaceae,Justicia occulta,Justicia occulta,Justicia,,f,f,,,,,,,,,,,"Mount Rooper walking track, Conway Range National Park, east of Airlie Beach",,,,,,,,,,,,,,,,,,326849-2,Telopea,urn:lsid:ipni.org:publications:2986-2,2026,2026 [27 Mar 2026],[27 Mar 2026],A.R.Bean,spec.,Telopea 30: 60. 2026 [27 Mar 2026] ,,doi:10.7751/telopea21749  Etymology: the specific epithet is from the  Latin occultus meaning 'secret'. This is in reference to the restricted distribution of the species and the relatively few herbarium collections.,,,11,occulta,,,f,t,,holotype BRI AQ0679610;isotype BM;isotype CANB;isotype DNA;isotype MEL;isotype MO;isotype NSW;isotype PERTH,,,,,A.R.Bean@35385-1@1@aut,,,tax. nov.,,1.1,f,justicia~occulta,acanthaceaejusticia~occulta~,,189,wfo-1000089482,,species,,,,
urn:lsid:ipni.org:names:77378674-1,(Griseb.) Kadereit & Schneew.,Rubiaceae Asperula sect. Cruciana Griseb.,(Griseb.),77378672-1,,,75(2)-e70119: 10,,,,,,,,,,,,15/04/2026 15:59,15/04/2026 15:59,,,Rubiaceae,Cruciana,Cruciana,Cruciana,,f,f,,,,,,,,,,,,,,,,,,,,,,,,,,,,,30032120-2,Taxon,urn:lsid:ipni.org:publications:812-2,2026,2026 [30 Mar 2026],[30 Mar 2026],Kadereit & Schneew.,gen.,Taxon 75(2)-e70119: 10. 2026 [30 Mar 2026] ,,doi:10.1002/tax.70119,,,11,,,,f,t,,,,,,,Schneew.@20008845-1@2@aut$Kadereit@14763-1@1@aut$Griseb.@3397-1@3@bas,,,stat. nov.,,1.1,f,cruciana,rubiaceaecruciana~~~,,190,wfo-4100006527,,genus,,,,
urn:lsid:ipni.org:names:77378675-1,(F.Muell.) A.R.Bean,Acanthaceae Rostellularia pogonanthera F.Muell.,(F.Muell.),53734-1,,,30: 62,,,,,,,,,,,,15/04/2026 15:59,15/04/2026 15:59,,,Acanthaceae,Justicia pogonanthera,Justicia pogonanthera,Justicia,,f,f,,,,,,,,,,,,,,,,,,,,,,,,,,,,,326849-2,Telopea,urn:lsid:ipni.org:publications:2986-2,2026,2026 [27 Mar 2026],[27 Mar 2026],A.R.Bean,spec.,Telopea 30: 62. 2026 [27 Mar 2026] ,,doi:10.7751/telopea21749,,,11,pogonanthera,,,f,t,,,,,,,A.R.Bean@35385-1@1@aut$F.Muell.@6732-1@2@bas,,,comb. nov.,,1.1,f,justicia~pogonanthera,acanthaceaejusticia~pogonanthera~,,191,wfo-1000089483,,species,,,,
urn:lsid:ipni.org:names:77378676-1,A.R.Bean,,,,,,30: 63,,30,,1,,PIF9645,1992,,P.I.Forster,,,15/04/2026 16:02,27/04/2026 14:22,"Queensland (Queensland, Australia, Australasia)",,Acanthaceae,Justicia polytricha,Justicia polytricha,Justicia,,f,f,,,,,,,,,,,"Forty Mile Scrub, south of Mount Garnet",,,,,,,,,,,,,,,,,,326849-2,Telopea,urn:lsid:ipni.org:publications:2986-2,2026,2026 [27 Mar 2026],[27 Mar 2026],A.R.Bean,spec.,Telopea 30: 63. 2026 [27 Mar 2026] ,,"doi:10.7751/telopea21749  Etymology: the specific epithet is derived from the Greek poly-, many, and -tricha, having hairs. This refers to the presence of numerous hairs on both leaf surfaces in this species.",,,11,polytricha,,,f,t,,holotype BRI AQ0541028;isotype MEL;isotype AD 99851042;isotype CNS 153273,,,,,A.R.Bean@35385-1@1@aut,,,tax. nov.,,1.2,f,justicia~polytricha,acanthaceaejusticia~polytricha~,,192,wfo-1000089484,,species,,,,
urn:lsid:ipni.org:names:77378677-1,A.R.Bean,,,,,,30: 64,,13,,2,,PIF18567,1996,,P.I.Forster &amp; T.Ryan,,,15/04/2026 16:04,15/04/2026 16:04,"Queensland (Queensland, Australia, Australasia)",,Acanthaceae,Justicia sparsa,Justicia sparsa,Justicia,,f,f,,,,,,,,,,,2.5 km from Lappa on Petford road,,,,,,,,,,,,,,,,,,326849-2,Telopea,urn:lsid:ipni.org:publications:2986-2,2026,2026 [27 Mar 2026],[27 Mar 2026],A.R.Bean,spec.,Telopea 30: 64. 2026 [27 Mar 2026] ,,doi:10.7751/telopea21749  Etymology: the specific epithet refers to the sparse and sporadic geographical distribution of this species.,,,11,sparsa,,,f,t,,holotype BRI AQ0603428;isotype CNS QRS118953;isotype MEL,,,,,A.R.Bean@35385-1@1@aut,,,tax. nov.,,1.1,f,justicia~sparsa,acanthaceaejusticia~sparsa~,,193,wfo-1000089485,,species,,,,
urn:lsid:ipni.org:names:77378678-1,Ehrend.,,,,,,105: 212,,,,,,,,,,,,15/04/2026 16:05,15/04/2026 16:05,,,Rubiaceae,Galium sect. Jubogalium,Galium sect. Jubogalium,Galium,,f,f,,,,jubogalium,,,,,,,,,,,,,,,,,,,,,,,,,325955-2,Oesterr. Bot. Z.,urn:lsid:ipni.org:publications:768-2,1958,1958,,Ehrend.,sect.,"Oesterr. Bot. Z. 105: 212. 1958 , as 'Jubo-Galium'",", as 'Jubo-Galium'",,,,8,,,,f,t,,,Galium graecum L.,,,,Ehrend.@2483-1@1@aut,,,tax. nov.,,1.1,f,galiumjubogalium,rubiaceaegaliumjubogalium~~,,194,wfo-1000089486,,section,,,,
urn:lsid:ipni.org:names:77378679-1,(Ehrend.) Kadereit & Schneew.,Rubiaceae Galium sect. Jubogalium Ehrend.,(Ehrend.),77378678-1,,,75(2)-e70119: 14,,,,,,,,,,,,15/04/2026 16:06,15/04/2026 16:06,,,Rubiaceae,Jubogalium,Jubogalium,Jubogalium,,f,f,,,,,,,,,,,,,,,,,,,,,,,,,,,,,30032120-2,Taxon,urn:lsid:ipni.org:publications:812-2,2026,2026 [30 Mar 2026],[30 Mar 2026],Kadereit & Schneew.,gen.,Taxon 75(2)-e70119: 14. 2026 [30 Mar 2026] ,,doi:10.1002/tax.70119,,,11,,,,f,t,,,,,,,Schneew.@20008845-1@2@aut$Ehrend.@2483-1@3@bas$Kadereit@14763-1@1@aut,,,stat. nov.,,1.1,f,jubogalium,rubiaceaejubogalium~~~,,195,wfo-4100006528,,genus,,,,
urn:lsid:ipni.org:names:77378680-1,A.R.Bean,,,,,,30: 66,,22,,1,,PIF9484,1992,,P.I.Forster,,,15/04/2026 16:06,15/04/2026 16:06,"Queensland (Queensland, Australia, Australasia)",,Acanthaceae,Justicia wondecla,Justicia wondecla,Justicia,,f,f,,,,,,,,,,,17 km past Paluma on road to Hidden Valley,,,,,,,,,,,,,,,,,,326849-2,Telopea,urn:lsid:ipni.org:publications:2986-2,2026,2026 [27 Mar 2026],[27 Mar 2026],A.R.Bean,spec.,Telopea 30: 66. 2026 [27 Mar 2026] ,,"doi:10.7751/telopea21749  Etymology: the specific epithet refers to the town of Wondecla on the Atherton Tableland, near which this species has been collected. The epithet is treated as a noun in apposition.",,,11,wondecla,,,f,t,,holotype BRI AQ0541284;isotype MEL,,,,,A.R.Bean@35385-1@1@aut,,,tax. nov.,,1.1,f,justicia~wondecla,acanthaceaejusticia~wondecla~,,196,wfo-1000089487,,species,,,,
urn:lsid:ipni.org:names:77378681-1,(M.Öztürk) Kadereit & Schneew.,Rubiaceae Asperula anatolica M.Öztürk,(M.Öztürk),77125620-1,,,75(2)-e70119: 21,,,,,,,,,,,,15/04/2026 16:09,15/04/2026 16:09,,,Rubiaceae,Cruciana anatolica,Cruciana anatolica,Cruciana,,f,f,,,,,,,,,,,,,,,,,,,,,,,,,,,,,77378674-1,Taxon,urn:lsid:ipni.org:publications:812-2,2026,2026 [30 Mar 2026],[30 Mar 2026],Kadereit & Schneew.,spec.,Taxon 75(2)-e70119: 21. 2026 [30 Mar 2026] ,,doi:10.1002/tax.70119,,,11,anatolica,,,f,t,,,,,,,M.Öztürk@20015686-1@3@bas$Schneew.@20008845-1@2@aut$Kadereit@14763-1@1@aut,,,comb. nov.,,1.1,f,cruciana~anatolica,rubiaceaecruciana~anatolica~,,197,wfo-1000089488,,species,,,,
urn:lsid:ipni.org:names:77378682-1,(Bornm.) Kadereit & Schneew.,Rubiaceae Asperula asterocephala Bornm.,(Bornm.),743888-1,,,75(2)-e70119: 21,,,,,,,,,,,,15/04/2026 16:12,15/04/2026 16:12,,,Rubiaceae,Cruciana asterocephala,Cruciana asterocephala,Cruciana,,f,f,,,,,,,,,,,,,,,,,,,,,,,,,,,,,77378674-1,Taxon,urn:lsid:ipni.org:publications:812-2,2026,2026 [30 Mar 2026],[30 Mar 2026],Kadereit & Schneew.,spec.,Taxon 75(2)-e70119: 21. 2026 [30 Mar 2026] ,,doi:10.1002/tax.70119,,,11,asterocephala,,,f,t,,,,,,,Kadereit@14763-1@1@aut$Schneew.@20008845-1@2@aut$Bornm.@16356-1@3@bas,,,comb. nov.,,1.1,f,cruciana~asterocephala,rubiaceaecruciana~asterocephala~,,198,wfo-1000089489,,species,,,,
urn:lsid:ipni.org:names:77378683-1,(Schönb.-Tem.) Kadereit & Schneew.,Rubiaceae Asperula comosa Schönb.-Tem.,(Schönb.-Tem.),743941-1,,,75(2)-e70119: 21,,,,,,,,,,,,15/04/2026 16:13,15/04/2026 16:13,,,Rubiaceae,Cruciana comosa,Cruciana comosa,Cruciana,,f,f,,,,,,,,,,,,,,,,,,,,,,,,,,,,,77378674-1,Taxon,urn:lsid:ipni.org:publications:812-2,2026,2026 [30 Mar 2026],[30 Mar 2026],Kadereit & Schneew.,spec.,Taxon 75(2)-e70119: 21. 2026 [30 Mar 2026] ,,doi:10.1002/tax.70119,,,11,comosa,,,f,t,,,,,,,Kadereit@14763-1@1@aut$Schönb.-Tem.@10494-1@3@bas$Schneew.@20008845-1@2@aut,,,comb. nov.,,1.1,f,cruciana~comosa,rubiaceaecruciana~comosa~,,199,wfo-1000089490,,species,,,,
urn:lsid:ipni.org:names:77378684-1,Fernando,,,,,,30: 71,,7,,4,,6411,2025,,E.S.Fernando,,,15/04/2026 16:13,15/04/2026 16:13,"Philippines (Malesia, Asia-Tropical)",,Sapotaceae,Burckella coi,Burckella coi,Burckella,,f,f,,,,,,,,,,,"Luzon Island, Isabela Prov., Dinapigue, 387 m",,,,,,,,,,,,,,,,,,36680-1,Telopea,urn:lsid:ipni.org:publications:2986-2,2026,2026 [9 Apr 2026],[9 Apr 2026],Fernando,spec.,Telopea 30: 71. 2026 [9 Apr 2026] ,,"doi:10.7751/telopea21764  Etymology: the specific epithet is named in honour of the late Leonardo L. Co, Filipino field botanist and dear friend and colleague of the author, who collected the first specimen of this species in Isabela in May 1991.",,,11,coi,,,f,t,,holotype PNH;isotype LBC;isotype SING,,,,,Fernando@18746-1@1@aut,,,tax. nov.,,1.1,f,burckella~coi,sapotaceaeburckella~coi~,,200,wfo-1000089491,,species,,,,
urn:lsid:ipni.org:names:77378685-1,(M.Bieb.) Kadereit & Schneew.,Rubiaceae Crucianella glomerata M.Bieb.,(M.Bieb.),747893-1,,,75(2)-e70119: 21,,,,,,,,,,,,15/04/2026 16:15,15/04/2026 16:15,,,Rubiaceae,Cruciana glomerata,Cruciana glomerata,Cruciana,,f,f,,,,,,,,,,,,,,,,,,,,,,,,,,,,,77378674-1,Taxon,urn:lsid:ipni.org:publications:812-2,2026,2026 [30 Mar 2026],[30 Mar 2026],Kadereit & Schneew.,spec.,Taxon 75(2)-e70119: 21. 2026 [30 Mar 2026] ,,doi:10.1002/tax.70119,,,11,glomerata,,,f,t,,,,,,,Schneew.@20008845-1@2@aut$M.Bieb.@6129-1@3@bas$Kadereit@14763-1@1@aut,,,comb. nov.,,1.1,f,cruciana~glomerata,rubiaceaecruciana~glomerata~,,201,wfo-1000089492,,species,,,,
urn:lsid:ipni.org:names:77378686-1,(Boiss. & Hohen.) Kadereit & Schneew.,Rubiaceae Crucianella kotschyana Boiss. & Hohen.,(Boiss. & Hohen.),747904-1,,,75(2)-e70119: 21,,,,,,,,,,,,15/04/2026 16:17,15/04/2026 16:17,,,Rubiaceae,Cruciana kotschyana,Cruciana kotschyana,Cruciana,,f,f,,,,,,,,,,,,,,,,,,,,,,,,,,,,,77378674-1,Taxon,urn:lsid:ipni.org:publications:812-2,2026,2026 [30 Mar 2026],[30 Mar 2026],Kadereit & Schneew.,spec.,Taxon 75(2)-e70119: 21. 2026 [30 Mar 2026] ,,doi:10.1002/tax.70119,,,11,kotschyana,,,f,t,,,,,,,Boiss.@16284-1@3@bas$Kadereit@14763-1@1@aut$Hohen.@4033-1@4@bas$Schneew.@20008845-1@2@aut,,,comb. nov.,,1.1,f,cruciana~kotschyana,rubiaceaecruciana~kotschyana~,,202,wfo-1000089493,,species,,,,
urn:lsid:ipni.org:names:77378687-1,(Boiss.) Kadereit & Schneew.,Rubiaceae Asperula laxiflora Boiss.,(Boiss.),744051-1,,,75(2)-e70119: 21,,,,,,,,,,,,15/04/2026 16:20,15/04/2026 16:20,,,Rubiaceae,Cruciana laxiflora,Cruciana laxiflora,Cruciana,,f,f,,,,,,,,,,,,,,,,,,,,,,,,,,,,,77378674-1,Taxon,urn:lsid:ipni.org:publications:812-2,2026,2026 [30 Mar 2026],[30 Mar 2026],Kadereit & Schneew.,spec.,Taxon 75(2)-e70119: 21. 2026 [30 Mar 2026] ,,doi:10.1002/tax.70119,,,11,laxiflora,,,f,t,,,,,,,Boiss.@16284-1@3@bas$Kadereit@14763-1@1@aut$Schneew.@20008845-1@2@aut,,,comb. nov.,,1.1,f,cruciana~laxiflora,rubiaceaecruciana~laxiflora~,,203,wfo-1000089494,,species,,,,
urn:lsid:ipni.org:names:77378688-1,(M.Bieb.) Kadereit & Schneew.,Rubiaceae Crucianella molluginoides M.Bieb.,(M.Bieb.),747910-1,,,75(2)-e70119: 21,,,,,,,,,,,,15/04/2026 16:22,16/04/2026 14:29,,,Rubiaceae,Cruciana molluginoides,Cruciana molluginoides,Cruciana,,f,f,,,,,,,,,,,,,,,,,,,,,,,,,,,,,77378674-1,Taxon,urn:lsid:ipni.org:publications:812-2,2026,2026 [30 Mar 2026],[30 Mar 2026],Kadereit & Schneew.,spec.,Taxon 75(2)-e70119: 21. 2026 [30 Mar 2026] ,,doi:10.1002/tax.70119,,,11,molluginoides,,,f,t,,,,,,,Schneew.@20008845-1@2@aut$Kadereit@14763-1@1@aut$M.Bieb.@6129-1@3@bas,,,comb. nov.,,1.2,f,cruciana~molluginoides,rubiaceaecruciana~molluginoides~,,204,wfo-1000089495,,species,,,,
urn:lsid:ipni.org:names:77378689-1,(Adams) Kadereit & Schneew.,Rubiaceae Crucianella prostrata Adams,(Adams),747923-1,,,75(2)-e70119: 21,,,,,,,,,,,,15/04/2026 16:24,15/04/2026 16:24,,,Rubiaceae,Cruciana prostrata,Cruciana prostrata,Cruciana,,f,f,,,,,,,,,,,,,,,,,,,,,,,,,,,,,77378674-1,Taxon,urn:lsid:ipni.org:publications:812-2,2026,2026 [30 Mar 2026],[30 Mar 2026],Kadereit & Schneew.,spec.,Taxon 75(2)-e70119: 21. 2026 [30 Mar 2026] ,,doi:10.1002/tax.70119,,,11,prostrata,,,f,t,,,,,,,Schneew.@20008845-1@2@aut$Kadereit@14763-1@1@aut$Adams@64-1@3@bas,,,comb. nov.,,1.1,f,cruciana~prostrata,rubiaceaecruciana~prostrata~,,205,wfo-1000089496,,species,,,,
urn:lsid:ipni.org:names:77378690-1,(Ehrend. & Schönb.-Tem.) Kadereit & Schneew.,Rubiaceae Asperula szovitsii Ehrend. & Schönb.-Tem.,(Ehrend. & Schönb.-Tem.),77067751-1,,,75(2)-e70119: 21,,,,,,,,,,,,15/04/2026 16:25,15/04/2026 16:25,,,Rubiaceae,Cruciana szovitsii,Cruciana szovitsii,Cruciana,,f,f,,,,,,,,,,,,,,,,,,,,,,,,,,,,,77378674-1,Taxon,urn:lsid:ipni.org:publications:812-2,2026,2026 [30 Mar 2026],[30 Mar 2026],Kadereit & Schneew.,spec.,Taxon 75(2)-e70119: 21. 2026 [30 Mar 2026] ,,doi:10.1002/tax.70119,,,11,szovitsii,,,f,t,,,,,,,Ehrend.@2483-1@3@bas$Kadereit@14763-1@1@aut$Schneew.@20008845-1@2@aut$Schönb.-Tem.@10494-1@4@bas,,,comb. nov.,,1.1,f,cruciana~szovitsii,rubiaceaecruciana~szovitsii~,,206,wfo-1000089497,,species,,,,
urn:lsid:ipni.org:names:77378691-1,(Bunge) Kadereit & Schneew.,Rubiaceae Asperula paniculata Bunge,(Bunge),744109-1,,,75(2)-e70119: 21,,,,,,,,,,,,15/04/2026 16:27,15/04/2026 16:27,,,Rubiaceae,Altaiogalium paniculatum,Altaiogalium paniculatum,Altaiogalium,,f,f,,,,,,,,,,,,,,,,,,,,,,,,,,,,,77378448-1,Taxon,urn:lsid:ipni.org:publications:812-2,2026,2026 [30 Mar 2026],[30 Mar 2026],Kadereit & Schneew.,spec.,Taxon 75(2)-e70119: 21. 2026 [30 Mar 2026] ,,doi:10.1002/tax.70119,,,11,paniculatum,,,f,t,,,,,,,Kadereit@14763-1@1@aut$Bunge@12367-1@3@bas$Schneew.@20008845-1@2@aut,,,comb. nov.,,1.1,f,altaiogalium~paniculatum,rubiaceaealtaiogalium~paniculatum~,,207,wfo-1000089498,,species,,,,
urn:lsid:ipni.org:names:77378692-1,"Kied., Boluda & L.Gaut.",,,,,,218-108569: 16,,21,,11,,584,2000,,Randrianaivo et al.,,,15/04/2026 17:46,16/04/2026 10:52,"Madagascar (Western Indian Ocean, Africa)",E,Sapotaceae,Donella cryptica,Donella cryptica,Donella,,f,f,,,,,,,,13,35,47,"Reg. Sava. [part of the former province of Antsiranana], Fiv. Vohémar, commune de Fanambana",49,59,12,,,,,,S,,,,,,,,,36719-1,Molec. Phylogen. Evol.,urn:lsid:ipni.org:publications:20067-2,2026,2026 [8 Feb 2026],[8 Feb 2026],"Kied., Boluda & L.Gaut.",spec.,Molec. Phylogen. Evol. 218-108569: 16. 2026 [8 Feb 2026] ,,doi:10.1016/j.ympev.2026.108569 [english] Etymology: 'The epithet stems from the cryptic nature of this species'.,,,11,cryptica,,,f,t,,holotype G G00379479;isotype MO;isotype TAN;isotype P P04596177,,,,,Boluda@20034974-1@2@aut$Kied.@20097850-1@1@aut$L.Gaut.@37471-1@3@aut,,,tax. nov.,,1.3,f,donella~cryptica,sapotaceaedonella~cryptica~,,208,wfo-1000089499,,species,,,,
urn:lsid:ipni.org:names:77378693-1,Kied. & L.Gaut.,,,,,,218-108569: 18,,25,,2,,Rabenantoandro 1340,2003,,Rabenantoandro,,,15/04/2026 17:52,16/04/2026 11:08,"Madagascar (Western Indian Ocean, Africa)",E,Sapotaceae,Donella ricardorum,Donella ricardorum,Donella,,f,f,,,,,,,,13,4,53,"Reg. Sava. [part of the former province of Antsiranana]: Fivondronana: Vohémar. Firaisana: Nosy-Be, Fokontany: Anjiabe, 5 m",49,54,3,,,,,,S,,,,,,,,,36719-1,Molec. Phylogen. Evol.,urn:lsid:ipni.org:publications:20067-2,2026,2026 [8 Feb 2026],[8 Feb 2026],Kied. & L.Gaut.,spec.,Molec. Phylogen. Evol. 218-108569: 18. 2026 [8 Feb 2026] ,,"doi:10.1016/j.ympev.2026.108569 [english] Etymology: 'This species honours both Richard Randrianaivo and Richard Razakamalala, botanists at the MBG office in Antananarivo'.",,,11,ricardorum,,,f,t,,holotype G G00640002;isotype MO;isotype TEF;isotype P P04568922,,,,,Kied.@20097850-1@1@aut$L.Gaut.@37471-1@2@aut,,,tax. nov.,,1.3,f,donella~ricardorum,sapotaceaedonella~ricardorum~,,209,wfo-1000089500,,species,,,,
urn:lsid:ipni.org:names:77378694-1,D.Santam. & Aguilar,,,,,,20(1): 91,,17,,6,,RA007904,2003,,R.Aguilar,,,15/04/2026 19:55,16/04/2026 12:13,"Costa Rica (Central America, Southern America);Nicaragua (Central America, Southern America);",W,Vochysiaceae,Qualea areno,Qualea areno,Qualea,,f,f,,,,,,,,10,25,53,"Costa Rica: Heredia: Sarapiquí, OET, La Selva, Alrededores de la Estación",84,,13,,,,,,N,,,,,,,,,41631-1,J. Bot. Res. Inst. Texas,urn:lsid:ipni.org:publications:20007714-1,2026,2026 [15 Apr 2026],[15 Apr 2026],D.Santam. & Aguilar,spec.,J. Bot. Res. Inst. Texas 20(1): 91. 2026 [15 Apr 2026] ,,"doi:10.17348/jbrit.v20.i1.1467 [english] Etymology: The specific epithet 'areno' refers to the most commonly used name among locals to refer to this species, and is used here as a noun in apposition.",,,11,areno,,,f,t,,"holotype MO 6140810;isotype LSCR 3553, 3542",,,,,Aguilar@20006467-2@2@aut$D.Santam.@20018172-1@1@aut,,,tax. nov.,,1.3,f,qualea~areno,vochysiaceaequalea~areno~,,210,wfo-1000089501,,species,,,,
urn:lsid:ipni.org:names:77378695-1,D.Santam.,,,,,,20(1): 96,,17,,8,,17787,1976,,A.Gentry &amp; M.Fallen,,,15/04/2026 19:58,16/04/2026 12:17,"Colombia (Western South America, Southern America)",W,Vochysiaceae,Qualea chocoensis,Qualea chocoensis,Qualea,,f,f,,,,,,,,5,33,39,"Chocó: N of Yuto on road to Quibdo, 100 m",76,36,44,,,,,,N,,,,,,,,,41631-1,J. Bot. Res. Inst. Texas,urn:lsid:ipni.org:publications:20007714-1,2026,2026 [15 Apr 2026],[15 Apr 2026],D.Santam.,spec.,J. Bot. Res. Inst. Texas 20(1): 96. 2026 [15 Apr 2026] ,,doi:10.17348/jbrit.v20.i1.1467 [english] Etymology: For the department of Chocó where the type was collected.,,,11,chocoensis,,,f,t,,holotype COL 175794;isotype MO 2429136,,,,,D.Santam.@20018172-1@1@aut,,,tax. nov.,,1.3,f,qualea~chocoensis,vochysiaceaequalea~chocoensis~,,211,wfo-1000089502,,species,,,,
urn:lsid:ipni.org:names:77378696-1,D.Santam. & Aguilar,,,,,,20(1): 103,,4,,5,,16832,1988,,B.Hammel &amp; R.Robles,,,15/04/2026 20:03,16/04/2026 12:24,"Costa Rica (Central America, Southern America)",W,Vochysiaceae,Qualea masicaran,Qualea masicaran,Qualea,,f,f,,,,,,,,8,45,,"Puntarenas: Reserva Forestal Golfo Dulce, Osa Península, Rincón de Osa, in forest along road to Chacarita; c. 15 km NE of Rincón, 100 m",83,19,48,,,,,,N,,,,,,,,,41631-1,J. Bot. Res. Inst. Texas,urn:lsid:ipni.org:publications:20007714-1,2026,2026 [15 Apr 2026],[15 Apr 2026],D.Santam. & Aguilar,spec.,J. Bot. Res. Inst. Texas 20(1): 103. 2026 [15 Apr 2026] ,,"doi:10.17348/jbrit.v20.i1.1467 [english] Etymology: The specific epithet 'masicaran' refers to the common name given by the locals of the Osa Peninsula, Costa Rica, to this tree, and is used here as a noun in apposition.",,,11,masicaran,,,f,t,,holotype MO 3732861;isotype CR;isotype BR 34967041;isotype COL 342999;isotype F 2035827;isotype MEXU 675937;isotype US 3460201,,,,,D.Santam.@20018172-1@1@aut$Aguilar@20006467-2@2@aut,,,tax. nov.,,1.3,f,qualea~masicaran,vochysiaceaequalea~masicaran~,,212,wfo-1000089503,,species,,,,
urn:lsid:ipni.org:names:77378697-1,D.Santam. & Villanueva,,,,,,50(194): 165,,10,,7,,47857,1984,,"A.Gentry, M.Monsalve &amp; D.Wolfe",,,15/04/2026 21:56,16/04/2026 12:33,"Colombia (Western South America, Southern America)",W,Myristicaceae,Otoba monsalveae,Otoba monsalveae,Otoba,,f,f,,,,,,,,3,55,,"Valle del Cauca: Bajo Calima, 'road to Junchaco Palmeras, 100 m",77,12,,,,,,,N,,,,,,,,,27247-1,Revista Acad. Colomb. Ci. Exact.,urn:lsid:ipni.org:publications:1611-2,2026,2026 [11 Feb 2026],[11 Feb 2026],D.Santam. & Villanueva,spec.,Revista Acad. Colomb. Ci. Exact. 50(194): 165. 2026 [11 Feb 2026] ,,"doi:10.18257/raccefyn.3266 [english] Etymology: 'El epíteto específico honra a la botánica y profesora colombiana Miryam Monsalve Benavides, oriunda del Valle del Cauca. Ella herborizó extensamente los bosques del Pacífico de Colombia'.",,,11,monsalveae,,,f,t,,holotype MO 3200135;isotype COL 386814;isotype INPA 0128881;isotype JAUM 007385,,,,,Villanueva@20029839-1@2@aut$D.Santam.@20018172-1@1@aut,,,tax. nov.,,1.3,f,otoba~monsalveae,myristicaceaeotoba~monsalveae~,,213,wfo-1000089504,,species,,,,
urn:lsid:ipni.org:names:77378699-1,"N.Luna, L.P.Felix & E.M.Pessoa",,,,,,14(22)-3486: 8,,,,,,,,,,,,16/04/2026 04:17,16/04/2026 12:57,,,Marantaceae,Dolichopoda,Dolichopoda,Dolichopoda,,f,f,,,,,,,,,,,,,,,,,,,,,,,,,,,,,30001412-2,Plants [Basel],urn:lsid:ipni.org:publications:20019409-1,2025,2025 [15 Nov 2025],[15 Nov 2025],"N.Luna, L.P.Felix & E.M.Pessoa",gen.,Plants [Basel] 14(22)-3486: 8. 2025 [15 Nov 2025] ,,"doi:10.3390/plants14223486 [english] Etymology: 'The name refers to the synflorescence morphology: dolichos Ancient Greek for long, and poda, Ancient Greek for foot, in this case, the peduncles'. From Special Issue 'Integrative Taxonomy, Systematics, and Morphology of Land Plants'.",,,9,,,,f,t,77378704-1,,"Dolichopoda bahiensis (Yosh.-Arns, Mayo & J.M.A.Braga) N.Luna",,,,E.M.Pessoa@20019941-1@3@aut$N.Luna@20031046-1@1@aut$L.P.Felix@39332-1@2@aut,,,tax. nov.,,1.4,f,dolichopoda,marantaceaedolichopoda~~~,,214,wfo-4100006529,,genus,,,,
urn:lsid:ipni.org:names:77378700-1,H.J.Wei,,,,,,273: 129,,9,,11,,JSL10756,2025,,She-Lang Jin,,,16/04/2026 05:45,16/04/2026 17:30,"Fujian (China Southeast, China, Asia-Temperate);Guangdong (China Southeast, China, Asia-Temperate);Guangxi (China Southeast, China, Asia-Temperate);Hunan (China Southeast, China, Asia-Temperate);Jiangxi (China Southeast, China, Asia-Temperate);",E,Selaginellaceae,Selaginella magna,Selaginella magna,Selaginella,,f,f,,,,,,,,26,14,55,"Fujian: Sanming City, Sanyuan District, Sanming Xianrengu National Forest Park, Hutou Mountain, Dake Waterfall Group, 700-750 m",117,40,27,,,,,,N,,,,,,,,,30003748-2,PhytoKeys,urn:lsid:ipni.org:publications:20011997-1,2026,2026 [16 Apr 2026],[16 Apr 2026],H.J.Wei,spec.,PhytoKeys 273: 129. 2026 [16 Apr 2026] ,,"doi:10.3897/phytokeys.273.170753 [english] Etymology: 'The epithet of the new species is derived from the Latin 'magna', meaning great or large'.",,,11,magna,,,f,t,,holotype CSH CSH0200008;isotype CSH;isotype IBK;isotype FJFC;isotype KUN;isotype PE;isotype PYU;isotype IBSC;isotype SDFS,,,,,H.J.Wei@20033110-1@1@aut,,,tax. nov.,,1.3,f,selaginella~magna,selaginellaceaeselaginella~magna~,,215,wfo-1000089505,,species,,,,
urn:lsid:ipni.org:names:77378701-1,J.L.Clark,,,,,,273: 162,,14,,5,,10808,2009,,J.L.Clark,,,16/04/2026 05:48,16/04/2026 17:38,"Ecuador (Western South America, Southern America)",W,Gesneriaceae,Napeanthus decurrens,Napeanthus decurrens,Napeanthus,,f,f,,,,,,,,4,14,54,"Zamora-Chinchipe: Cantón Nangaritza, Laberinto de las Mil Ilusiones, 1–2 km east of Río Numpatakayma, 1000 m",78,39,34,,,,,,S,,,,,,,,,17128-1,PhytoKeys,urn:lsid:ipni.org:publications:20011997-1,2026,2026 [16 Apr 2026],[16 Apr 2026],J.L.Clark,spec.,PhytoKeys 273: 162. 2026 [16 Apr 2026] ,,"doi:10.3897/phytokeys.273.189993 [english] Etymology: 'The specific epithet decurrens refers to the leaf blades that are decurrent along the petiole, giving the leaves a nearly sessile appearance'.",,,11,decurrens,,,f,t,,holotype SEL SEL069589;isotype ECUAMZ;isotype MO;isotype QCNE;isotype US 01921756,,,,,J.L.Clark@39372-1@1@aut,,,tax. nov.,,1.3,f,napeanthus~decurrens,gesneriaceaenapeanthus~decurrens~,,216,wfo-1000089506,,species,,,,
urn:lsid:ipni.org:names:77378702-1,Rumph. ex Bory,,,,,,5: 321,,,,,,,,,,,,16/04/2026 09:34,16/04/2026 11:27,,,Araucariaceae,Dammara alba,Dammara alba,Dammara,,f,f,,,,,,,,,,,,,,,,,,,,,,,,,,,,,3123-1,Dict. Class. Hist. Nat. [Bory],urn:lsid:ipni.org:publications:9049-2,1824,1824 [15 May 1824],[15 May 1824],Rumph. ex Bory,spec.,Dict. Class. Hist. Nat. [Bory] 5: 321. 1824 [15 May 1824] ,,,262887-1,,9,alba,,,f,t,,,,,,,Bory@16366-1@2@autEx$Rumph.@8739-1@1@aut,,,nom. nov.,,1.2,f,dammara~alba,araucariaceaedammara~alba~,,217,wfo-1000089952,,species,,,,
urn:lsid:ipni.org:names:77378703-1,(Rumph. ex Bory) Oken,Araucariaceae Dammara alba Rumph. ex Bory,(Rumph. ex Bory),77378702-1,,,2(2.1): 603,,,,,,,,,,,,16/04/2026 10:22,16/04/2026 10:29,,,Araucariaceae,Agathis alba,Agathis alba,Agathis,,f,f,,,,,,,,,,,,,,,nom. superfl.,,,,,,,,,,,,,,331119-2,Lehrb. Naturgesch.,urn:lsid:ipni.org:publications:20063795-1,1825,1825 [Jan-Sep 1825],[Jan-Sep 1825],Oken,spec.,Lehrb. Naturgesch. 2(2.1): 603. 1825 [Jan-Sep 1825] ,,,,,12,alba,,262887-1,f,t,,,,,,,Oken@12715-1@1@aut$Rumph.@8739-1@2@bas$Bory@16366-1@3@basEx,,,comb. nov.,,1.3,f,agathis~alba,araucariaceaeagathis~alba~,,218,wfo-1000089953,,species,,,,
urn:lsid:ipni.org:names:77378704-1,"(Yosh.-Arns, Mayo & J.M.A.Braga) N.Luna, L.P.Felix & E.M.Pessoa","Marantaceae Stromanthe bahiensis Yosh.-Arns, Mayo & J.M.A.Braga","(Yosh.-Arns, Mayo & J.M.A.Braga)",77113242-1,,,14(22)-3486: 8,,,,,,,,,,,,16/04/2026 12:56,16/04/2026 12:56,,,Marantaceae,Dolichopoda bahiensis,Dolichopoda bahiensis,Dolichopoda,,f,f,,,,,,,,,,,,,,,,,,,,,,,,,,,,,77378699-1,Plants [Basel],urn:lsid:ipni.org:publications:20019409-1,2025,2025 [15 Nov 2025],[15 Nov 2025],"N.Luna, L.P.Felix & E.M.Pessoa",spec.,Plants [Basel] 14(22)-3486: 8. 2025 [15 Nov 2025] ,,doi:10.3390/plants14223486,,,11,bahiensis,,,f,t,,,,,,,E.M.Pessoa@20019941-1@3@aut$Mayo@13209-1@5@bas$Yosh.-Arns@20000173-1@4@bas$N.Luna@20031046-1@1@aut$L.P.Felix@39332-1@2@aut$J.M.A.Braga@36575-1@6@bas,,,comb. nov.,,1.1,f,dolichopoda~bahiensis,marantaceaedolichopoda~bahiensis~,,219,wfo-1000089507,,species,,,,
urn:lsid:ipni.org:names:77378705-1,(Donn.Sm.) N.Luna,Marantaceae Calathea dasycarpa Donn.Sm.,(Donn.Sm.),41009-2,,,14(22)-3486: 11,,,,,,,,,,,,16/04/2026 13:04,16/04/2026 13:04,,,Marantaceae,Stromanthe dasycarpa,Stromanthe dasycarpa,Stromanthe,,f,f,,,,,,,,,,,,,,,nom. inval.    Contrary to Art. 41.5. ICN (2025). No full and direct reference to basionym was given,,nom. inval.,,,,,,,,,,,,329877-2,Plants [Basel],urn:lsid:ipni.org:publications:20019409-1,2025,2025 [15 Nov 2025],[15 Nov 2025],N.Luna,spec.,Plants [Basel] 14(22)-3486: 11. 2025 [15 Nov 2025] ,,doi:10.3390/plants14223486 Basionym cited as 'Calathea dasycarpa Donn.Smith' (without full reference).,,,12,dasycarpa,,,f,t,,,,,,,Donn.Sm.@9806-1@2@bas$N.Luna@20031046-1@1@aut,,,comb. nov.,,1.1,f,stromanthe~dasycarpa,marantaceaestromanthe~dasycarpa~,,220,wfo-1000089508,,species,,,,
urn:lsid:ipni.org:names:77378706-1,(S.Watson) Kadereit & Schneew.,Rubiaceae Galium bifolium S.Watson,(S.Watson),749610-1,,,75(2)-e70119: 21,,,,,,,,,,,,16/04/2026 14:33,16/04/2026 14:33,,,Rubiaceae,Hamogalium bifolium,Hamogalium bifolium,Hamogalium,,f,f,,,,,,,,,,,,,,,,,,,,,,,,,,,,,77378449-1,Taxon,urn:lsid:ipni.org:publications:812-2,2026,2026 [30 Mar 2026],[30 Mar 2026],Kadereit & Schneew.,spec.,Taxon 75(2)-e70119: 21. 2026 [30 Mar 2026] ,,doi:10.1002/tax.70119,,,11,bifolium,,,f,t,,,,,,,S.Watson@11437-1@3@bas$Schneew.@20008845-1@2@aut$Kadereit@14763-1@1@aut,,,comb. nov.,,1.1,f,hamogalium~bifolium,rubiaceaehamogalium~bifolium~,,221,wfo-1000089509,,species,,,,
urn:lsid:ipni.org:names:77378707-1,(Hook.f.) Kadereit & Schneew.,Rubiaceae Galium exile Hook.f.,(Hook.f.),749876-1,,,75(2)-e70119: 21,,,,,,,,,,,,16/04/2026 14:34,16/04/2026 14:34,,,Rubiaceae,Hamogalium exile,Hamogalium exile,Hamogalium,,f,f,,,,,,,,,,,,,,,,,,,,,,,,,,,,,77378449-1,Taxon,urn:lsid:ipni.org:publications:812-2,2026,2026 [30 Mar 2026],[30 Mar 2026],Kadereit & Schneew.,spec.,Taxon 75(2)-e70119: 21. 2026 [30 Mar 2026] ,,doi:10.1002/tax.70119,,,11,exile,,,f,t,,,,,,,Schneew.@20008845-1@2@aut$Kadereit@14763-1@1@aut$Hook.f.@4084-1@3@bas,,,comb. nov.,,1.1,f,hamogalium~exile,rubiaceaehamogalium~exile~,,222,wfo-1000089510,,species,,,,
urn:lsid:ipni.org:names:77378708-1,(Schrenk) Kadereit & Schneew.,Rubiaceae Galium songaricum Schrenk,(Schrenk),750650-1,,,75(2)-e70119: 21,,,,,,,,,,,,16/04/2026 14:36,16/04/2026 14:36,,,Rubiaceae,Hamogalium songaricum,Hamogalium songaricum,Hamogalium,,f,f,,,,,,,,,,,,,,,,,,,,,,,,,,,,,77378449-1,Taxon,urn:lsid:ipni.org:publications:812-2,2026,2026 [30 Mar 2026],[30 Mar 2026],Kadereit & Schneew.,spec.,Taxon 75(2)-e70119: 21. 2026 [30 Mar 2026] ,,doi:10.1002/tax.70119,,,11,songaricum,,,f,t,,,,,,,Schneew.@20008845-1@2@aut$Kadereit@14763-1@1@aut$Schrenk@9263-1@3@bas,,,comb. nov.,,1.1,f,hamogalium~songaricum,rubiaceaehamogalium~songaricum~,,223,wfo-1000089511,,species,,,,
urn:lsid:ipni.org:names:77378709-1,(I.Thomps.) Kadereit & Schneew.,Rubiaceae Asperula acuminata I.Thomps.,(I.Thomps.),77096367-1,,,75(2)-e70119: 21,,,,,,,,,,,,16/04/2026 14:38,16/04/2026 14:38,,,Rubiaceae,Hydrogalium acuminatum,Hydrogalium acuminatum,Hydrogalium,,f,f,,,,,,,,,,,,,,,,,,,,,,,,,,,,,77378450-1,Taxon,urn:lsid:ipni.org:publications:812-2,2026,2026 [30 Mar 2026],[30 Mar 2026],Kadereit & Schneew.,spec.,Taxon 75(2)-e70119: 21. 2026 [30 Mar 2026] ,,doi:10.1002/tax.70119,,,11,acuminatum,,,f,t,,,,,,,I.Thomps.@37433-1@3@bas$Schneew.@20008845-1@2@aut$Kadereit@14763-1@1@aut,,,comb. nov.,,1.1,f,hydrogalium~acuminatum,rubiaceaehydrogalium~acuminatum~,,224,wfo-1000089512,,species,,,,
urn:lsid:ipni.org:names:77378710-1,(Airy Shaw & Turrill) Kadereit & Schneew.,Rubiaceae Asperula ambleia Airy Shaw & Turrill,(Airy Shaw & Turrill),743872-1,,,75(2)-e70119: 21,,,,,,,,,,,,16/04/2026 15:00,16/04/2026 15:00,,,Rubiaceae,Hydrogalium ambly,Hydrogalium ambly,Hydrogalium,,f,f,,,,,,,,,,,,,,,,,,,,,,,,,,,,,77378450-1,Taxon,urn:lsid:ipni.org:publications:812-2,2026,2026 [30 Mar 2026],[30 Mar 2026],Kadereit & Schneew.,spec.,Taxon 75(2)-e70119: 21. 2026 [30 Mar 2026] ,,doi:10.1002/tax.70119,,,11,ambly,,,f,t,,,,,,,Kadereit@14763-1@1@aut$Airy Shaw@107-1@3@bas$Turrill@10927-1@4@bas$Schneew.@20008845-1@2@aut,,,comb. nov.,,1.1,f,hydrogalium~ambly,rubiaceaehydrogalium~ambly~,,225,wfo-1000089513,,species,,,,
urn:lsid:ipni.org:names:77378711-1,(Airy Shaw & Turrill) Kadereit & Schneew.,Rubiaceae Asperula asthenes Airy Shaw & Turrill,(Airy Shaw & Turrill),743889-1,,,75(2)-e70119: 21,,,,,,,,,,,,16/04/2026 15:01,16/04/2026 15:01,,,Rubiaceae,Hydrogalium asthenes,Hydrogalium asthenes,Hydrogalium,,f,f,,,,,,,,,,,,,,,,,,,,,,,,,,,,,77378450-1,Taxon,urn:lsid:ipni.org:publications:812-2,2026,2026 [30 Mar 2026],[30 Mar 2026],Kadereit & Schneew.,spec.,Taxon 75(2)-e70119: 21. 2026 [30 Mar 2026] ,,doi:10.1002/tax.70119,,,11,asthenes,,,f,t,,,,,,,Schneew.@20008845-1@2@aut$Turrill@10927-1@4@bas$Airy Shaw@107-1@3@bas$Kadereit@14763-1@1@aut,,,comb. nov.,,1.1,f,hydrogalium~asthenes,rubiaceaehydrogalium~asthenes~,,226,wfo-1000089514,,species,,,,
urn:lsid:ipni.org:names:77378712-1,(Airy Shaw & Turrill) Kadereit & Schneew.,Rubiaceae Asperula charophyton Airy Shaw & Turrill,(Airy Shaw & Turrill),743930-1,,,75(2)-e70119: 21,,,,,,,,,,,,16/04/2026 15:13,16/04/2026 15:13,,,Rubiaceae,Hydrogalium charophyton,Hydrogalium charophyton,Hydrogalium,,f,f,,,,,,,,,,,,,,,,,,,,,,,,,,,,,77378450-1,Taxon,urn:lsid:ipni.org:publications:812-2,2026,2026 [30 Mar 2026],[30 Mar 2026],Kadereit & Schneew.,spec.,Taxon 75(2)-e70119: 21. 2026 [30 Mar 2026] ,,doi:10.1002/tax.70119,,,11,charophyton,,,f,t,,,,,,,Kadereit@14763-1@1@aut$Schneew.@20008845-1@2@aut$Turrill@10927-1@4@bas$Airy Shaw@107-1@3@bas,,,comb. nov.,,1.1,f,hydrogalium~charophyton,rubiaceaehydrogalium~charophyton~,,227,wfo-1000089515,,species,,,,
urn:lsid:ipni.org:names:77378713-1,(Hook.f.) Kadereit & Schneew.,Rubiaceae Asperula conferta Hook.f.,(Hook.f.),743942-1,,,75(2)-e70119: 21,,,,,,,,,,,,16/04/2026 15:15,16/04/2026 15:15,,,Rubiaceae,Hydrogalium confertum,Hydrogalium confertum,Hydrogalium,,f,f,,,,,,,,,,,,,,,,,,,,,,,,,,,,,77378450-1,Taxon,urn:lsid:ipni.org:publications:812-2,2026,2026 [30 Mar 2026],[30 Mar 2026],Kadereit & Schneew.,spec.,Taxon 75(2)-e70119: 21. 2026 [30 Mar 2026] ,,doi:10.1002/tax.70119,,,11,confertum,,,f,t,,,,,,,Schneew.@20008845-1@2@aut$Kadereit@14763-1@1@aut$Hook.f.@4084-1@3@bas,,,comb. nov.,,1.1,f,hydrogalium~confertum,rubiaceaehydrogalium~confertum~,,228,wfo-1000089516,,species,,,,
urn:lsid:ipni.org:names:77378714-1,(Airy Shaw & Turrill) Kadereit & Schneew.,Rubiaceae Asperula cunninghamii Airy Shaw & Turrill,(Airy Shaw & Turrill),743951-1,,,75(2)-e70119: 21,,,,,,,,,,,,16/04/2026 15:16,16/04/2026 15:16,,,Rubiaceae,Hydrogalium cunninghamii,Hydrogalium cunninghamii,Hydrogalium,,f,f,,,,,,,,,,,,,,,,,,,,,,,,,,,,,77378450-1,Taxon,urn:lsid:ipni.org:publications:812-2,2026,2026 [30 Mar 2026],[30 Mar 2026],Kadereit & Schneew.,spec.,Taxon 75(2)-e70119: 21. 2026 [30 Mar 2026] ,,doi:10.1002/tax.70119,,,11,cunninghamii,,,f,t,,,,,,,Schneew.@20008845-1@2@aut$Airy Shaw@107-1@3@bas$Turrill@10927-1@4@bas$Kadereit@14763-1@1@aut,,,comb. nov.,,1.1,f,hydrogalium~cunninghamii,rubiaceaehydrogalium~cunninghamii~,,229,wfo-1000089517,,species,,,,
urn:lsid:ipni.org:names:77378715-1,(Airy Shaw & Turrill) Kadereit & Schneew.,Rubiaceae Asperula euryphylla Airy Shaw & Turrill,(Airy Shaw & Turrill),743977-1,,,75(2)-e70119: 21,,,,,,,,,,,,16/04/2026 15:16,16/04/2026 15:16,,,Rubiaceae,Hydrogalium euryphyllum,Hydrogalium euryphyllum,Hydrogalium,,f,f,,,,,,,,,,,,,,,,,,,,,,,,,,,,,77378450-1,Taxon,urn:lsid:ipni.org:publications:812-2,2026,2026 [30 Mar 2026],[30 Mar 2026],Kadereit & Schneew.,spec.,Taxon 75(2)-e70119: 21. 2026 [30 Mar 2026] ,,doi:10.1002/tax.70119,,,11,euryphyllum,,,f,t,,,,,,,Airy Shaw@107-1@3@bas$Kadereit@14763-1@1@aut$Turrill@10927-1@4@bas$Schneew.@20008845-1@2@aut,,,comb. nov.,,1.1,f,hydrogalium~euryphyllum,rubiaceaehydrogalium~euryphyllum~,,230,wfo-1000089518,,species,,,,
urn:lsid:ipni.org:names:77378716-1,(F.Muell.) Kadereit & Schneew.,Rubiaceae Asperula geminifolia F.Muell.,(F.Muell.),743998-1,,,75(2)-e70119: 21,,,,,,,,,,,,16/04/2026 15:19,16/04/2026 15:19,,,Rubiaceae,Hydrogalium geminifolium,Hydrogalium geminifolium,Hydrogalium,,f,f,,,,,,,,,,,,,,,,,,,,,,,,,,,,,77378450-1,Taxon,urn:lsid:ipni.org:publications:812-2,2026,2026 [30 Mar 2026],[30 Mar 2026],Kadereit & Schneew.,spec.,Taxon 75(2)-e70119: 21. 2026 [30 Mar 2026] ,,doi:10.1002/tax.70119,,,11,geminifolium,,,f,t,,,,,,,F.Muell.@6732-1@3@bas$Kadereit@14763-1@1@aut$Schneew.@20008845-1@2@aut,,,comb. nov.,,1.1,f,hydrogalium~geminifolium,rubiaceaehydrogalium~geminifolium~,,231,wfo-1000089519,,species,,,,
urn:lsid:ipni.org:names:77378717-1,(Airy Shaw & Turrill) Kadereit & Schneew.,Rubiaceae Asperula gemella Airy Shaw & Turrill,(Airy Shaw & Turrill),743997-1,,,75(2)-e70119: 21,,,,,,,,,,,,16/04/2026 15:20,16/04/2026 15:20,,,Rubiaceae,Hydrogalium gemellum,Hydrogalium gemellum,Hydrogalium,,f,f,,,,,,,,,,,,,,,,,,,,,,,,,,,,,77378450-1,Taxon,urn:lsid:ipni.org:publications:812-2,2026,2026 [30 Mar 2026],[30 Mar 2026],Kadereit & Schneew.,spec.,Taxon 75(2)-e70119: 21. 2026 [30 Mar 2026] ,,doi:10.1002/tax.70119,,,11,gemellum,,,f,t,,,,,,,Turrill@10927-1@4@bas$Kadereit@14763-1@1@aut$Schneew.@20008845-1@2@aut$Airy Shaw@107-1@3@bas,,,comb. nov.,,1.1,f,hydrogalium~gemellum,rubiaceaehydrogalium~gemellum~,,232,wfo-1000089520,,species,,,,
urn:lsid:ipni.org:names:77378718-1,(Hook.f.) Kadereit & Schneew.,Rubiaceae Asperula gunnii Hook.f.,(Hook.f.),744012-1,,,75(2)-e70119: 21,,,,,,,,,,,,16/04/2026 15:21,16/04/2026 15:21,,,Rubiaceae,Hydrogalium gunnii,Hydrogalium gunnii,Hydrogalium,,f,f,,,,,,,,,,,,,,,,,,,,,,,,,,,,,77378450-1,Taxon,urn:lsid:ipni.org:publications:812-2,2026,2026 [30 Mar 2026],[30 Mar 2026],Kadereit & Schneew.,spec.,Taxon 75(2)-e70119: 21. 2026 [30 Mar 2026] ,,doi:10.1002/tax.70119,,,11,gunnii,,,f,t,,,,,,,Kadereit@14763-1@1@aut$Hook.f.@4084-1@3@bas$Schneew.@20008845-1@2@aut,,,comb. nov.,,1.1,f,hydrogalium~gunnii,rubiaceaehydrogalium~gunnii~,,233,wfo-1000089521,,species,,,,
urn:lsid:ipni.org:names:77378719-1,(I.Thomps.) Kadereit & Schneew.,Rubiaceae Asperula hoskingii I.Thomps.,(I.Thomps.),77096364-1,,,75(2)-e70119: 21,,,,,,,,,,,,16/04/2026 15:22,16/04/2026 15:22,,,Rubiaceae,Hydrogalium hoskingii,Hydrogalium hoskingii,Hydrogalium,,f,f,,,,,,,,,,,,,,,,,,,,,,,,,,,,,77378450-1,Taxon,urn:lsid:ipni.org:publications:812-2,2026,2026 [30 Mar 2026],[30 Mar 2026],Kadereit & Schneew.,spec.,Taxon 75(2)-e70119: 21. 2026 [30 Mar 2026] ,,doi:10.1002/tax.70119,,,11,hoskingii,,,f,t,,,,,,,I.Thomps.@37433-1@3@bas$Schneew.@20008845-1@2@aut$Kadereit@14763-1@1@aut,,,comb. nov.,,1.1,f,hydrogalium~hoskingii,rubiaceaehydrogalium~hoskingii~,,234,wfo-1000089522,,species,,,,
urn:lsid:ipni.org:names:77378720-1,(Hook.f.) Kadereit & Schneew.,Rubiaceae Asperula minima Hook.f.,(Hook.f.),744078-1,,,75(2)-e70119: 21,,,,,,,,,,,,16/04/2026 15:23,17/04/2026 14:16,,,Rubiaceae,Hydrogalium minimum,Hydrogalium minimum,Hydrogalium,,f,f,,,,,,,,,,,,,,,,,,,,,,,,,,,,,77378450-1,Taxon,urn:lsid:ipni.org:publications:812-2,2026,2026 [30 Mar 2026],[30 Mar 2026],Kadereit & Schneew.,spec.,Taxon 75(2)-e70119: 21. 2026 [30 Mar 2026] ,,doi:10.1002/tax.70119,,,11,minimum,,,f,t,,,,,,,Hook.f.@4084-1@3@bas$Kadereit@14763-1@1@aut$Schneew.@20008845-1@2@aut,,,comb. nov.,,1.2,f,hydrogalium~minimum,rubiaceaehydrogalium~minimum~,,235,wfo-1000089523,,species,,,,
urn:lsid:ipni.org:names:77378722-1,K.M.P.Kumar & Sonam,,,,,,78(1): 19,,28,,9,,357103,2024,,Prabhukumar &amp; Rifas,,,16/04/2026 15:27,16/04/2026 15:27,"Kerala (India, Indian Subcontinent, Asia-Tropical)",E,Ranunculaceae,Clematis purpurata,Clematis purpurata,Clematis,,f,f,,,,,,,,11,29,53,"Wayanad, Thollayiram, Meppadi range, 1276 m",76,6,15,,,,,,N,,,,,,,,,329401-2,Brittonia,urn:lsid:ipni.org:publications:561-2,2026,2026 [5 Jan 2026],[5 Jan 2026],K.M.P.Kumar & Sonam,spec.,Brittonia 78(1): 19. 2026 [5 Jan 2026] ,,doi:10.1007/s12228-025-09859-6 Etymology: the specific epithet refers to the colour of the sepals.,,,11,purpurata,,,f,t,,holotype LWG 120233;isotype LWG;isotype MH,,,,,Sonam@20097852-1@2@aut$K.M.P.Kumar@20014754-2@1@aut,,,tax. nov.,,1.1,f,clematis~purpurata,ranunculaceaeclematis~purpurata~,,236,wfo-1000089524,,species,,,,
urn:lsid:ipni.org:names:77378725-1,"Sundaran, Robi & Sujana",,,,,,78(1): 102,,23,,10,,751,2023,,A.J.Robi,,,16/04/2026 15:52,16/04/2026 15:54,"Kerala (India, Indian Subcontinent, Asia-Tropical)",E,Araliaceae,Heptapleurum anamudianum,Heptapleurum anamudianum,Heptapleurum,,f,f,,,,,,,,10,9,44,"Idukki District, Eravikulam National Park, Anamudi Hills, 2116 m",77,4,14,,,,,,N,,,,,,,,,3032-1,Brittonia,urn:lsid:ipni.org:publications:561-2,2026,2026 [6 Jan 2026],[6 Jan 2026],"Sundaran, Robi & Sujana",spec.,Brittonia 78(1): 102. 2026 [6 Jan 2026] ,,doi:10.1007/s12228-025-09862-x  Etymology: the specific epithet reflects the type locality.,,,11,anamudianum,,,f,t,,holotype MH;isotype BAM;isotype CAL;isotype KFRI,,,,,Sujana@20019734-1@3@aut$Sundaran@20095621-1@1@aut$Robi@20025138-1@2@aut,,,tax. nov.,,1.2,f,heptapleurum~anamudianum,araliaceaeheptapleurum~anamudianum~,,237,wfo-1000089525,,species,,,,
urn:lsid:ipni.org:names:77378726-1,"Y.M.Pineda, Meve & Liede",,,,,,56(1): 150,,16,,5,,2555,1976,,"G.Lozano Contreras, J.H.Torres R.&amp; S.Díaz Piedrahita",,,16/04/2026 18:19,17/04/2026 10:14,"Colombia (Western South America, Southern America)",,Asclepiadaceae,Jobinia colombiana,Jobinia colombiana,Jobinia,,f,f,,,,,,,,,,,"Límites entre los Departamentos Santander y Boyacá, Corregimiento de Virolín, Finca 'La Sierra', 2500–2600 m",,,,,,,,,,,,,,,,,,3451-1,Willdenowia,urn:lsid:ipni.org:publications:3087-2,2026,2026 [23 Feb 2026],[23 Feb 2026],"Y.M.Pineda, Meve & Liede",spec.,Willdenowia 56(1): 150. 2026 [23 Feb 2026] ,,doi:10.3372/wi.56.05 [english],,,11,colombiana,,,f,t,,holotype COL COL000102464,,,,,Liede@22333-1@3@aut$Y.M.Pineda@20065717-1@1@aut$Meve@36040-1@2@aut,,,tax. nov.,,1.3,f,jobinia~colombiana,asclepiadaceaejobinia~colombiana~,,238,wfo-1000089526,,species,,,,
urn:lsid:ipni.org:names:77378727-1,Meve & Liede,,,,,,56(1): 152,,25,,12,,15578,1999,,J.R.I.Wood &amp; D.J.Goyder,,,16/04/2026 18:23,17/04/2026 10:17,"Bolivia (Western South America, Southern America)",,Asclepiadaceae,Jobinia birostellata,Jobinia birostellata,Jobinia,,f,f,,,,,,,,,,,"Santa Cruz, Vallegrande, Guadelupe village, c. 8 km S of Vallegrande, 2050 m",,,,,,,,,,,,,,,,,,3451-1,Willdenowia,urn:lsid:ipni.org:publications:3087-2,2026,2026 [23 Feb 2026],[23 Feb 2026],Meve & Liede,spec.,Willdenowia 56(1): 152. 2026 [23 Feb 2026] ,,doi:10.3372/wi.56.05 [english],,,11,birostellata,,,f,t,,holotype K;isotype UBT,,,,,Meve@36040-1@1@aut$Liede@22333-1@2@aut,,,tax. nov.,,1.3,f,jobinia~birostellata,asclepiadaceaejobinia~birostellata~,,239,wfo-1000089527,,species,,,,
urn:lsid:ipni.org:names:77378728-1,Meve & Liede,,,,,,56(1): 153,,12,,12,,1748,1920,,E.Asplund,,,16/04/2026 18:27,17/04/2026 10:22,"Bolivia (Western South America, Southern America);Ecuador (Western South America, Southern America);",,Asclepiadaceae,Jobinia pentacuspidata,Jobinia pentacuspidata,Jobinia,,f,f,,,,,,,,,,,"Bolivia: Dept. La Paz, Prov. Sur Yungas, San Felipe, 2800 m",,,,,,,,,,,,,,,,,,3451-1,Willdenowia,urn:lsid:ipni.org:publications:3087-2,2026,2026 [23 Feb 2026],[23 Feb 2026],Meve & Liede,spec.,Willdenowia 56(1): 153. 2026 [23 Feb 2026] ,,doi:10.3372/wi.56.05 [english],,,11,pentacuspidata,,,f,t,,holotype S S11-41222;isotype S S06-10693,,,,,Meve@36040-1@1@aut$Liede@22333-1@2@aut,,,tax. nov.,,1.3,f,jobinia~pentacuspidata,asclepiadaceaejobinia~pentacuspidata~,,240,wfo-1000089528,,species,,,,
urn:lsid:ipni.org:names:77378729-1,Meve & Liede,,,,,,56(1): 158,,15,,12,,40327,1990,,M.Nee,,,16/04/2026 18:31,17/04/2026 10:26,"Bolivia (Western South America, Southern America)",W,Asclepiadaceae,Jobinia vallegrandensis,Jobinia vallegrandensis,Jobinia,,f,f,,,,,,,,18,36,,"Santa Cruz, Vallegrande, SW Guadelupe on road to Pucvuara, at turnoff to Santa Ana, 2675 m",64,7,,,,,,,S,,,,,,,,,3451-1,Willdenowia,urn:lsid:ipni.org:publications:3087-2,2026,2026 [23 Feb 2026],[23 Feb 2026],Meve & Liede,spec.,Willdenowia 56(1): 158. 2026 [23 Feb 2026] ,,doi:10.3372/wi.56.05 [english],,,11,vallegrandensis,,,f,t,,holotype LPB;isotype USZ,,,,,Liede@22333-1@2@aut$Meve@36040-1@1@aut,,,tax. nov.,,1.3,f,jobinia~vallegrandensis,asclepiadaceaejobinia~vallegrandensis~,,241,wfo-1000089529,,species,,,,
urn:lsid:ipni.org:names:77378730-1,"(Morillo) Meve, Liede & Morillo",Asclepiadaceae Cynanchum anderssonii Morillo,(Morillo),303622-2,,,56(1): 160,,,,,,,,,,,,16/04/2026 18:36,17/04/2026 10:28,,,Asclepiadaceae,Jobinia anderssonii,Jobinia anderssonii,Jobinia,,f,f,,,,,,,,,,,,,,,,,,,,,,,,,,,,null:,3451-1,Willdenowia,urn:lsid:ipni.org:publications:3087-2,2026,2026 [23 Feb 2026],[23 Feb 2026],"Meve, Liede & Morillo",spec.,Willdenowia 56(1): 160. 2026 [23 Feb 2026] ,,doi:10.3372/wi.56.05,,,11,anderssonii,,,f,t,,,,,,,Morillo@6656-1@4@bas$Morillo@6656-1@3@aut$Meve@36040-1@1@aut$Liede@22333-1@2@aut,,,comb. nov.,,1.3,f,jobinia~anderssonii,asclepiadaceaejobinia~anderssonii~,,242,wfo-1000089530,,species,,,,
urn:lsid:ipni.org:names:77378731-1,(Trin.) G.Nicholson,Rubiaceae Crucianella stylosa Trin.,(Trin.),747937-1,,,3: 109,,,,,,,,,,,,16/04/2026 20:27,16/04/2026 20:27,,,Rubiaceae,Phuopsis stylosa,Phuopsis stylosa,Phuopsis,,f,f,,,,,,,,,,,,,,,,,,,,,,,,,,,,,35110-1,Ill. Dict. Gard.,urn:lsid:ipni.org:publications:1434-2,1886,1886,,G.Nicholson,spec.,Ill. Dict. Gard. 3: 109. 1886 ,,,,,11,stylosa,,,f,t,,,,,,,Trin.@10829-1@2@bas$G.Nicholson@24052-1@1@aut,,,comb. nov.,,1.1,f,phuopsis~stylosa,rubiaceaephuopsis~stylosa~,,243,wfo-0000270329,,species,,,,
urn:lsid:ipni.org:names:77378732-1,"Santoso, Felayati & Sudarmono",,,,,,752(1): 73,,5,,5,,1363,2025,,Heri Santoso,,,17/04/2026 05:30,17/04/2026 10:41,"Bali (Lesser Sunda Is., Malesia, Asia-Tropical);Jawa (Malesia, Asia-Tropical);",E,Lamiaceae,Microtoena javensis,Microtoena javensis,Microtoena,,f,f,,,,,,,,7,42,,"Jawa: Indonesia, East Java Province, Mojokerto Regency, Pacet District, Bonkaji Forest, 1078 m",112,31,42,,,,,,S,,,,,,,,,21037-1,Phytotaxa,urn:lsid:ipni.org:publications:20011462-1,2026,2026 [17 Apr 2026],[17 Apr 2026],"Santoso, Felayati & Sudarmono",spec.,Phytotaxa 752(1): 73. 2026 [17 Apr 2026] ,,[english] Etymology: 'the epithet 'javensis' refers to the name of one of the two islands from which localities were known'.,,,11,javensis,,,f,t,,holotype BO;isotype GEN,,,,,Felayati@20077407-1@2@aut$Sudarmono@20017024-1@3@aut$Santoso@20097067-1@1@aut,,,tax. nov.,,1.2,f,microtoena~javensis,lamiaceaemicrotoena~javensis~,,244,wfo-1000089531,,species,,,,
urn:lsid:ipni.org:names:77378733-1,"Y.Fan Wang, Z.R.Guo & Onyen.",,,,,,273: 173,,15,,7,,yw00140,2023,,Renping Jia &amp; Zirui Guo,,,17/04/2026 07:25,17/04/2026 14:14,"Guangxi (China Southeast, China, Asia-Temperate)",,Aristolochiaceae,Aristolochia ferox,Aristolochia ferox,Aristolochia,,f,f,,,,,,,,,,,"Liuzhou City, Rongshui Miao Autonomous County, Anchui Township, 1175 m",,,,,,,,,,,,,,,,,,330834-2,PhytoKeys,urn:lsid:ipni.org:publications:20011997-1,2026,2026 [17 Apr 2026],[17 Apr 2026],"Y.Fan Wang, Z.R.Guo & Onyen.",spec.,PhytoKeys 273: 173. 2026 [17 Apr 2026] ,,"doi:10.3897/phytokeys.273.169468 [english] Etymology: 'The species epithet ferox (Latin: 'fierce, wild, untamed') refers to the wholly dark purple, muricate adaxial calyx limb that gives the perianth its formidable and aggressive appearance'.",,,11,ferox,,,f,t,,holotype IBK 00473343;isotype BAZI;isotype CSH;isotype HK;isotype IBSC;isotype KUN;isotype PE,,,,,Z.R.Guo@20085231-1@2@aut$Y.Fan Wang@20080863-1@1@aut$Onyen.@20097853-1@3@aut,,,tax. nov.,,1.3,f,aristolochia~ferox,aristolochiaceaearistolochia~ferox~,,245,wfo-1000089532,,species,,,,
urn:lsid:ipni.org:names:77378734-1,(I.Thomps.) Kadereit & Schneew.,Rubiaceae Asperula oblanceolata I.Thomps.,(I.Thomps.),77096369-1,,,75(2)-e70119: 21,,,,,,,,,,,,17/04/2026 14:23,17/04/2026 14:23,,,Rubiaceae,Hydrogalium oblanceolatum,Hydrogalium oblanceolatum,Hydrogalium,,f,f,,,,,,,,,,,,,,,,,,,,,,,,,,,,,77378450-1,Taxon,urn:lsid:ipni.org:publications:812-2,2026,2026 [30 Mar 2026],[30 Mar 2026],Kadereit & Schneew.,spec.,Taxon 75(2)-e70119: 21. 2026 [30 Mar 2026] ,,doi:10.1002/tax.70119,,,11,oblanceolatum,,,f,t,,,,,,,Schneew.@20008845-1@2@aut$Kadereit@14763-1@1@aut$I.Thomps.@37433-1@3@bas,,,comb. nov.,,1.1,f,hydrogalium~oblanceolatum,rubiaceaehydrogalium~oblanceolatum~,,246,wfo-1000089533,,species,,,,
urn:lsid:ipni.org:names:77378735-1,(Hook.f.) Kadereit & Schneew.,Rubiaceae Asperula perpusilla Hook.f.,(Hook.f.),744117-1,,,75(2)-e70119: 21,,,,,,,,,,,,17/04/2026 14:24,17/04/2026 14:24,,,Rubiaceae,Hydrogalium perpusillum,Hydrogalium perpusillum,Hydrogalium,,f,f,,,,,,,,,,,,,,,,,,,,,,,,,,,,,77378450-1,Taxon,urn:lsid:ipni.org:publications:812-2,2026,2026 [30 Mar 2026],[30 Mar 2026],Kadereit & Schneew.,spec.,Taxon 75(2)-e70119: 21. 2026 [30 Mar 2026] ,,doi:10.1002/tax.70119,,,11,perpusillum,,,f,t,,,,,,,Schneew.@20008845-1@2@aut$Kadereit@14763-1@1@aut$Hook.f.@4084-1@3@bas,,,comb. nov.,,1.1,f,hydrogalium~perpusillum,rubiaceaehydrogalium~perpusillum~,,247,wfo-1000089534,,species,,,,
urn:lsid:ipni.org:names:77378736-1,(I.Thomps.) Kadereit & Schneew.,Rubiaceae Asperula polymera I.Thomps.,(I.Thomps.),77096366-1,,,75(2)-e70119: 21,,,,,,,,,,,,17/04/2026 14:25,17/04/2026 14:25,,,Rubiaceae,Hydrogalium polymerum,Hydrogalium polymerum,Hydrogalium,,f,f,,,,,,,,,,,,,,,,,,,,,,,,,,,,,77378450-1,Taxon,urn:lsid:ipni.org:publications:812-2,2026,2026 [30 Mar 2026],[30 Mar 2026],Kadereit & Schneew.,spec.,Taxon 75(2)-e70119: 21. 2026 [30 Mar 2026] ,,doi:10.1002/tax.70119,,,11,polymerum,,,f,t,,,,,,,I.Thomps.@37433-1@3@bas$Kadereit@14763-1@1@aut$Schneew.@20008845-1@2@aut,,,comb. nov.,,1.1,f,hydrogalium~polymerum,rubiaceaehydrogalium~polymerum~,,248,wfo-1000089535,,species,,,,
urn:lsid:ipni.org:names:77378737-1,(Hook.f.) Kadereit & Schneew.,Rubiaceae Asperula pusilla Hook.f.,(Hook.f.),744144-1,,,75(2)-e70119: 21,,,,,,,,,,,,17/04/2026 14:26,17/04/2026 14:26,,,Rubiaceae,Hydrogalium pusillum,Hydrogalium pusillum,Hydrogalium,,f,f,,,,,,,,,,,,,,,,,,,,,,,,,,,,,77378450-1,Taxon,urn:lsid:ipni.org:publications:812-2,2026,2026 [30 Mar 2026],[30 Mar 2026],Kadereit & Schneew.,spec.,Taxon 75(2)-e70119: 21. 2026 [30 Mar 2026] ,,doi:10.1002/tax.70119,,,11,pusillum,,,f,t,,,,,,,Hook.f.@4084-1@3@bas$Kadereit@14763-1@1@aut$Schneew.@20008845-1@2@aut,,,comb. nov.,,1.1,f,hydrogalium~pusillum,rubiaceaehydrogalium~pusillum~,,249,wfo-1000089536,,species,,,,
urn:lsid:ipni.org:names:77378738-1,(Hook.f.) Kadereit & Schneew.,Rubiaceae Asperula scoparia Hook.f.,(Hook.f.),744167-1,,,75(2)-e70119: 21,,,,,,,,,,,,17/04/2026 14:27,17/04/2026 14:27,,,Rubiaceae,Hydrogalium scoparium,Hydrogalium scoparium,Hydrogalium,,f,f,,,,,,,,,,,,,,,,,,,,,,,,,,,,,77378450-1,Taxon,urn:lsid:ipni.org:publications:812-2,2026,2026 [30 Mar 2026],[30 Mar 2026],Kadereit & Schneew.,spec.,Taxon 75(2)-e70119: 21. 2026 [30 Mar 2026] ,,doi:10.1002/tax.70119,,,11,scoparium,,,f,t,,,,,,,Schneew.@20008845-1@2@aut$Kadereit@14763-1@1@aut$Hook.f.@4084-1@3@bas,,,comb. nov.,,1.1,f,hydrogalium~scoparium,rubiaceaehydrogalium~scoparium~,,250,wfo-1000089537,,species,,,,
urn:lsid:ipni.org:names:77378739-1,(Hook.f.) Kadereit & Schneew.,Rubiaceae Asperula subsimplex Hook.f.,(Hook.f.),744192-1,,,75(2)-e70119: 21,,,,,,,,,,,,17/04/2026 14:28,17/04/2026 14:28,,,Rubiaceae,Hydrogalium subsimplex,Hydrogalium subsimplex,Hydrogalium,,f,f,,,,,,,,,,,,,,,,,,,,,,,,,,,,,77378450-1,Taxon,urn:lsid:ipni.org:publications:812-2,2026,2026 [30 Mar 2026],[30 Mar 2026],Kadereit & Schneew.,spec.,Taxon 75(2)-e70119: 21. 2026 [30 Mar 2026] ,,doi:10.1002/tax.70119,,,11,subsimplex,,,f,t,,,,,,,Hook.f.@4084-1@3@bas$Kadereit@14763-1@1@aut$Schneew.@20008845-1@2@aut,,,comb. nov.,,1.1,f,hydrogalium~subsimplex,rubiaceaehydrogalium~subsimplex~,,251,wfo-1000089538,,species,,,,
urn:lsid:ipni.org:names:77378740-1,(Airy Shaw & Turrill) Kadereit & Schneew.,Rubiaceae Asperula subulifolia Airy Shaw & Turrill,(Airy Shaw & Turrill),744193-1,,,75(2)-e70119: 21,,,,,,,,,,,,17/04/2026 14:29,17/04/2026 14:29,,,Rubiaceae,Hydrogalium subulifolium,Hydrogalium subulifolium,Hydrogalium,,f,f,,,,,,,,,,,,,,,,,,,,,,,,,,,,,77378450-1,Taxon,urn:lsid:ipni.org:publications:812-2,2026,2026 [30 Mar 2026],[30 Mar 2026],Kadereit & Schneew.,spec.,Taxon 75(2)-e70119: 21. 2026 [30 Mar 2026] ,,doi:10.1002/tax.70119,,,11,subulifolium,,,f,t,,,,,,,Kadereit@14763-1@1@aut$Turrill@10927-1@4@bas$Schneew.@20008845-1@2@aut$Airy Shaw@107-1@3@bas,,,comb. nov.,,1.1,f,hydrogalium~subulifolium,rubiaceaehydrogalium~subulifolium~,,252,wfo-1000089539,,species,,,,
urn:lsid:ipni.org:names:77378741-1,(Miq.) Kadereit & Schneew.,Rubiaceae Rubia syrticola Miq.,(Miq.),765359-1,,,75(2)-e70119: 21,,,,,,,,,,,,17/04/2026 14:30,17/04/2026 14:30,,,Rubiaceae,Hydrogalium syrticola,Hydrogalium syrticola,Hydrogalium,,f,f,,,,,,,,,,,,,,,,,,,,,,,,,,,,,77378450-1,Taxon,urn:lsid:ipni.org:publications:812-2,2026,2026 [30 Mar 2026],[30 Mar 2026],Kadereit & Schneew.,spec.,Taxon 75(2)-e70119: 21. 2026 [30 Mar 2026] ,,doi:10.1002/tax.70119,,,11,syrticola,,,f,t,,,,,,,Schneew.@20008845-1@2@aut$Kadereit@14763-1@1@aut$Miq.@6509-1@3@bas,,,comb. nov.,,1.1,f,hydrogalium~syrticola,rubiaceaehydrogalium~syrticola~,,253,wfo-1000089540,,species,,,,
urn:lsid:ipni.org:names:77378742-1,(Airy Shaw & Turrill) Kadereit & Schneew.,Rubiaceae Asperula euryphylla  var. tetraphylla Airy Shaw & Turrill,(Airy Shaw & Turrill),143919-3,,,75(2)-e70119: 21,,,,,,,,,,,,17/04/2026 14:32,17/04/2026 14:32,,,Rubiaceae,Hydrogalium tetraphyllum,Hydrogalium tetraphyllum,Hydrogalium,,f,f,,,,,,,,,,,,,,,,,,,,,,,,,,,,,77378450-1,Taxon,urn:lsid:ipni.org:publications:812-2,2026,2026 [30 Mar 2026],[30 Mar 2026],Kadereit & Schneew.,spec.,Taxon 75(2)-e70119: 21. 2026 [30 Mar 2026] ,,doi:10.1002/tax.70119,,,11,tetraphyllum,,,f,t,,,,,,,Turrill@10927-1@4@bas$Schneew.@20008845-1@2@aut$Airy Shaw@107-1@3@bas$Kadereit@14763-1@1@aut,,,comb. et stat. nov.,,1.1,f,hydrogalium~tetraphyllum,rubiaceaehydrogalium~tetraphyllum~,,254,wfo-1000089541,,species,,,,
urn:lsid:ipni.org:names:77378743-1,(Airy Shaw & Turrill) Kadereit & Schneew.,Rubiaceae Asperula wimmerana Airy Shaw & Turrill,(Airy Shaw & Turrill),744226-1,,,75(2)-e70119: 21,,,,,,,,,,,,17/04/2026 14:57,17/04/2026 14:57,,,Rubiaceae,Hydrogalium wimmeranum,Hydrogalium wimmeranum,Hydrogalium,,f,f,,,,,,,,,,,,,,,,,,,,,,,,,,,,,77378450-1,Taxon,urn:lsid:ipni.org:publications:812-2,2026,2026 [30 Mar 2026],[30 Mar 2026],Kadereit & Schneew.,spec.,Taxon 75(2)-e70119: 21. 2026 [30 Mar 2026] ,,doi:10.1002/tax.70119,,,11,wimmeranum,,,f,t,,,,,,,Kadereit@14763-1@1@aut$Turrill@10927-1@4@bas$Schneew.@20008845-1@2@aut$Airy Shaw@107-1@3@bas,,,comb. nov.,,1.1,f,hydrogalium~wimmeranum,rubiaceaehydrogalium~wimmeranum~,,255,wfo-1000089542,,species,,,,
urn:lsid:ipni.org:names:77378744-1,(Gomb.) Kadereit & Schneew.,Rubiaceae Asperula bargyli Gomb.,(Gomb.),743898-1,,,75(2)-e70119: 21,,,,,,,,,,,,17/04/2026 14:58,17/04/2026 14:58,,,Rubiaceae,Hydrogalium bargyli,Hydrogalium bargyli,Hydrogalium,,f,f,,,,,,,,,,,,,,,,,,,,,,,,,,,,,77378450-1,Taxon,urn:lsid:ipni.org:publications:812-2,2026,2026 [30 Mar 2026],[30 Mar 2026],Kadereit & Schneew.,spec.,Taxon 75(2)-e70119: 21. 2026 [30 Mar 2026] ,,doi:10.1002/tax.70119,,,11,bargyli,,,f,t,,,,,,,Schneew.@20008845-1@2@aut$Kadereit@14763-1@1@aut$Gomb.@3248-1@3@bas,,,comb. nov.,,1.1,f,hydrogalium~bargyli,rubiaceaehydrogalium~bargyli~,,256,wfo-1000089543,,species,,,,
urn:lsid:ipni.org:names:77378745-1,(Post) Kadereit & Schneew.,Rubiaceae Galium cymulosum Post,(Post),749793-1,,,75(2)-e70119: 21,,,,,,,,,,,,17/04/2026 14:59,17/04/2026 14:59,,,Rubiaceae,Hydrogalium cymulosum,Hydrogalium cymulosum,Hydrogalium,,f,f,,,,,,,,,,,,,,,,,,,,,,,,,,,,,77378450-1,Taxon,urn:lsid:ipni.org:publications:812-2,2026,2026 [30 Mar 2026],[30 Mar 2026],Kadereit & Schneew.,spec.,Taxon 75(2)-e70119: 21. 2026 [30 Mar 2026] ,,doi:10.1002/tax.70119,,,11,cymulosum,,,f,t,,,,,,,Schneew.@20008845-1@2@aut$Kadereit@14763-1@1@aut$Post@7878-1@3@bas,,,comb. nov.,,1.1,f,hydrogalium~cymulosum,rubiaceaehydrogalium~cymulosum~,,257,wfo-1000089544,,species,,,,
urn:lsid:ipni.org:names:77378746-1,(C.A.Mey.) Kadereit & Schneew.,Rubiaceae Asperula gracilis C.A.Mey.,(C.A.Mey.),744009-1,,,75(2)-e70119: 21,,,,,,,,,,,,17/04/2026 15:00,20/04/2026 14:03,,,Rubiaceae,Hydrogalium gracile,Hydrogalium gracile,Hydrogalium,,f,f,,,,,,,,,,,,,,,,,,,,,,,,,,,,,77378450-1,Taxon,urn:lsid:ipni.org:publications:812-2,2026,2026 [30 Mar 2026],[30 Mar 2026],Kadereit & Schneew.,spec.,Taxon 75(2)-e70119: 21. 2026 [30 Mar 2026] ,,doi:10.1002/tax.70119,,,11,gracile,,,f,t,,,,,,,C.A.Mey.@6411-1@3@bas$Schneew.@20008845-1@2@aut$Kadereit@14763-1@1@aut,,,comb. nov.,,1.2,f,hydrogalium~gracile,rubiaceaehydrogalium~gracile~,,258,wfo-1000089545,,species,,,,
urn:lsid:ipni.org:names:77378747-1,S.A.Mori ex Cornejo,,,,,,20(1): 64,,18,,4,,27968,1982,,G.T.Prance &amp; E.Rentería,,,17/04/2026 19:00,20/04/2026 10:00,"Colombia (Western South America, Southern America)",W,Lecythidaceae,Gustavia crassifolia,Gustavia crassifolia,Gustavia,,f,f,,,,,,,,5,44,,"Chocó: 12 km on road from Quibdó from Tutunendó [spelled incorrectly on label], 45 m",76,32,,,,,,,N,,,,,,,,,331637-2,J. Bot. Res. Inst. Texas,urn:lsid:ipni.org:publications:20007714-1,2026,2026 [15 Apr 2026],[15 Apr 2026],S.A.Mori ex Cornejo,spec.,J. Bot. Res. Inst. Texas 20(1): 64. 2026 [15 Apr 2026] ,,doi:10.17348/jbrit.v20.i1.1463  Etymology: the specific epithet refers to the relatively thicker chartaceous leaf blades that characterize the type.,,,11,crassifolia,,,f,t,,holotype NY 00810254;isotype COL 257285;isotype NY 00810255,,,,,S.A.Mori@6652-1@1@aut$Cornejo@20000142-1@2@autEx,,,tax. nov.,,1.3,f,gustavia~crassifolia,lecythidaceaegustavia~crassifolia~,,259,wfo-1000089546,,species,,,,
urn:lsid:ipni.org:names:77378748-1,Urtecho,,,,,,20(1): 53,,23,,6,,11656,1962,,"G.L.Webster, K.&amp; L.Miller",,,17/04/2026 19:19,20/04/2026 10:23,"Chiapas (Mexico Southeast, Mexico, Northern America);Oaxaca (Mexico Southwest, Mexico, Northern America);Puebla (Mexico Central, Mexico, Northern America);Veracruz (Mexico Gulf, Mexico, Northern America);",,Euphorbiaceae,Tragia maculata,Tragia maculata,Tragia,,f,f,,,,,,,,,,,"Chiapas: roadside, 43 mi W of Tuxtla Gutiérrez",,,,,,,,,,,,,,,,,,327688-2,J. Bot. Res. Inst. Texas,urn:lsid:ipni.org:publications:20007714-1,2026,2026 [15 Apr 2026],[15 Apr 2026],Urtecho,spec.,J. Bot. Res. Inst. Texas 20(1): 53. 2026 [15 Apr 2026] ,,doi:10.17348/jbrit.v20.i1.1462,,,11,maculata,,,f,t,,holotype DAV 49387;isotype MEXU,,,,,Urtecho@20027948-1@1@aut,,,tax. nov.,,1.3,f,tragia~maculata,euphorbiaceaetragia~maculata~,,260,wfo-1000089547,,species,,,,
urn:lsid:ipni.org:names:77378749-1,J.-B.Urtecho & Urtecho,,,,,,20(1): 58,,23,,8,,12116,1965,,Breedlove,,,17/04/2026 19:26,24/04/2026 10:48,"Chiapas (Mexico Southeast, Mexico, Northern America)",,Euphorbiaceae,Tragia chiapensis,Tragia chiapensis,Tragia,,f,f,,,,,,,,,,,"Mpio. Amantenango de Valle: Slope with Quercus along creek near the center of Amatenango, 5900 ft",,,,,,,,,,,,,,,,,,327688-2,J. Bot. Res. Inst. Texas,urn:lsid:ipni.org:publications:20007714-1,2026,2026 [15 Apr 2026],[15 Apr 2026],J.-B.Urtecho & Urtecho,spec.,J. Bot. Res. Inst. Texas 20(1): 58. 2026 [15 Apr 2026] ,,doi:10.17348/jbrit.v20.i1.1462  Etymology: the specific epithet is named for the locality of the type.,,,11,chiapensis,,,f,t,,holotype CAS 535206,,,,,J.-B.Urtecho@20097998-1@1@aut$Urtecho@20027948-1@2@aut,,,tax. nov.,,1.5,f,tragia~chiapensis,euphorbiaceaetragia~chiapensis~,,261,wfo-1000089548,,species,,,,
urn:lsid:ipni.org:names:77378750-1,"Zavatin, U.G.Fern. & Kameyama",,,,,,[early view]: [3 of 12],,12,,8,,903,2022,,"D.A.Zavatin, H.L.Fonseca, A.V.Suzuki, R.S.Ribeiro &amp; E.J.Lírio",,,17/04/2026 20:51,24/04/2026 11:05,"Espírito Santo (Brazil Southeast, Brazil, Southern America)",W,Acanthaceae,Ruellia capixaba,Ruellia capixaba,Ruellia,,f,f,,,,,,,,19,54,10,"Santa Teresa, Reserva Biológica Augusto Ruschi, Interior de Mata, 636 m",40,32,36,,,,,,S,,,,,,,,,326011-2,Brittonia,urn:lsid:ipni.org:publications:561-2,2026,2026 [17 Apr 2026],[17 Apr 2026],"Zavatin, U.G.Fern. & Kameyama",spec.,Brittonia [early view]: [3 of 12]. 2026 [17 Apr 2026] ,,"doi:10.1007/s12228-026-09877-y [english] Etymology: the specific epithet is a tribute to the demonym capixaba, referring to the people from Espírito Santo, where the species is endemic.",,,11,capixaba,,,f,t,,holotype MBML;isotype Ny;isotype RB;isotype SP;isotype MEXU,,,,,U.G.Fern.@20073877-1@2@aut$Zavatin@20063851-1@1@aut$Kameyama@36782-1@3@aut,,,tax. nov.,,1.4,f,ruellia~capixaba,acanthaceaeruellia~capixaba~,,262,wfo-1000089549,,species,,,,
urn:lsid:ipni.org:names:77378751-1,Trautv.,,,,,,33(1): 56,,,,,,,,,,,,17/04/2026 21:52,18/04/2026 00:26,Kazakstan,,Ranunculaceae,Clematis songorica var. serratifolia,Clematis songorica var. serratifolia,Clematis,,f,f,,,,,serratifolia,,,,,,& Collection: 'Ad lacum Dshalanaschkul 6 Jul. (flor. et fructif.)',,,,,,,,,,,,,,,,,,710074-1,Bull. Soc. Imp. Naturalistes Moscou,urn:lsid:ipni.org:publications:880-2,1860,1860,,Trautv.,var.,Bull. Soc. Imp. Naturalistes Moscou 33(1): 56. 1860 (as 'soongorica var. serratifolia'),(as 'soongorica var. serratifolia'),,,,9,songorica,Bunge,,f,t,,,,,,,Trautv.@10798-1@1@aut,Bunge@12367-1@1@aut,,tax. nov.,,1.2,f,clematis~songoricaserratifolia,ranunculaceaeclematis~songoricaserratifolia,,263,wfo-1200118289,,variety,,,,
urn:lsid:ipni.org:names:77378752-1,(Schrenk ex Fisch. & C.A.Mey.) Trautv.,Ranunculaceae Clematis gebleriana Bong. var. integrifolia Schrenk ex Fisch. & C.A.Mey.,(Schrenk ex Fisch. & C.A.Mey.),77378757-1,,,33(1): 55,,,,,,,,,,,,18/04/2026 00:29,18/04/2026 20:15,,,Ranunculaceae,Clematis songorica var. integrifolia,Clematis songorica var. integrifolia,Clematis,,f,f,,,,,integrifolia,,,,,,,,,,,,,,,,,,,,,,,,710074-1,Bull. Soc. Imp. Naturalistes Moscou,urn:lsid:ipni.org:publications:880-2,1860,1860,,Trautv.,var.,Bull. Soc. Imp. Naturalistes Moscou 33(1): 55. 1860 (as 'soongorica var. integrifolia'),(as 'soongorica var. integrifolia'),"& Collection: 'n montibus Karatau 11 Jun. (flor.), in convallibus petrosis montium Alatau 25 Jun. (flor.) et in collibus ad lacum Balchasch 18 Jul. (flor. et fructif.) collecta est'",,,11,songorica,Bunge,,f,t,,,,,,,Fisch.@2744-1@3@basEx$Schrenk@9263-1@2@bas$Trautv.@10798-1@1@aut$C.A.Mey.@6411-1@4@basEx,Bunge@12367-1@1@aut,,comb. nov.,,1.3,f,clematis~songoricaintegrifolia,ranunculaceaeclematis~songoricaintegrifolia,,264,wfo-1200118290,,variety,,,,
urn:lsid:ipni.org:names:77378753-1,"Ocupa, Deza-C. & E.Restrepo",,,,,,751(3): 270,,21,,2,,326,2024,,L.Ocupa &amp; L.Deza,,,18/04/2026 00:40,24/04/2026 17:39,"Peru (Western South America, Southern America)",,Orchidaceae,Lepanthes jeorgincarrilloi,Lepanthes jeorgincarrilloi,Lepanthes,,f,f,,,,,,,,,,,"Cajamarca: Provincia Chota, Distrito de Querocoto, alrededores de Querocoto, 2767 m",,,,,,,,,,,,,,,,,,30000786-2,Phytotaxa,urn:lsid:ipni.org:publications:20011462-1,2026,2026 [16 Apr 2026],[16 Apr 2026],"Ocupa, Deza-C. & E.Restrepo",spec.,Phytotaxa 751(3): 270. 2026 [16 Apr 2026] ,,"doi:10.11646/phytotaxa.751.3.3 Etymology: the specific epithet is named in memory of Jeorgin Carrillo Vera (1927–2014), a renowned traditional culturist of the Túcume district, Lambayeque department, in northern Peru.",,,11,jeorgincarrilloi,,,f,t,,holotype PRG 20515;isotype CPUN 24959,,,,,Deza-C.@20098046-1@2@aut$Ocupa@20046955-1@1@aut$E.Restrepo@20053498-1@3@aut,,,tax. nov.,,1.3,f,lepanthes~jeorgincarrilloi,orchidaceaelepanthes~jeorgincarrilloi~,,265,wfo-1000089550,,species,,,,
urn:lsid:ipni.org:names:77378754-1,"Ocupa, E.Restrepo & J.S.Moreno",,,,,,751(3): 276,,24,,2,,390,2025,,L.Ocupa,,,18/04/2026 00:47,22/04/2026 14:06,"Peru (Western South America, Southern America)",,Orchidaceae,Lepanthes pravata,Lepanthes pravata,Lepanthes,,f,f,,,,,,,,,,,"Amazonas: Provincia Bongará, Distrito Florida, camino de San Lorenzo hacia Yambrasbamba, 2825 m",,,,,,,,,,,,,,,,,,30000786-2,Phytotaxa,urn:lsid:ipni.org:publications:20011462-1,2026,2026 [16 Apr 2026],[16 Apr 2026],"Ocupa, E.Restrepo & J.S.Moreno",spec.,Phytotaxa 751(3): 276. 2026 [16 Apr 2026] ,,"doi:10.11646/phytotaxa.751.3.3 Etymology: 'The specific epithet 'pravata' derives from Latin pravus (crooked, corrupt) with the suffix -ata. It metaphorically reflects Peru’s current political and social crisis, marked by corruption, instability, and loss of public trust.'",,,11,pravata,,,f,t,,holotype PRG 20388,,,,,E.Restrepo@20053498-1@2@aut$J.S.Moreno@20030569-1@3@aut$Ocupa@20046955-1@1@aut,,,tax. nov.,,1.2,f,lepanthes~pravata,orchidaceaelepanthes~pravata~,,266,wfo-1000089551,,species,,,,
urn:lsid:ipni.org:names:77378755-1,Bryant,,,,,,19,,,,,,,,,,,,18/04/2026 13:28,21/04/2026 10:08,,,Brassicaceae,Brassica rapa var. oblonga,Brassica rapa var. oblonga,Brassica,,f,f,,,,,oblonga,,,,,,,,,,"nom. inval. nom. nud.    Contrary to Art. 38.2. ICN (2025): common names are not intended as a validating description, see *Ex. 3.",,nom. inval.,,,,,,,,,,,null:,279485-1,Fl. Diaetet.,urn:lsid:ipni.org:publications:14965-2,1783,1783 [Oct 1783],[Oct 1783],Bryant,var.,Fl. Diaetet. 19. 1783 [Oct 1783] ,,doi:10.5962/bhl.title.147203,,,9,rapa,L.,,f,t,,,,,,,Bryant@1235-1@1@aut,L.@0-0@1@aut,,tax. nov.,,1.4,f,brassica~rapaoblonga,brassicaceaebrassica~rapaoblonga,,267,wfo-1200118309,,variety,,,,
urn:lsid:ipni.org:names:77378756-1,Trautv.,,,,,,33(1): 56,,,,,,,,,,,,18/04/2026 19:34,18/04/2026 19:34,Kazakstan,,Ranunculaceae,Clematis songorica var. intermedia,Clematis songorica var. intermedia,Clematis,,f,f,,,,,intermedia,,,,,,& Collection: 'In montibus ad lacun Balchaseh 8 Jul. (for. et fructif.) inventa est',,,,,,,,,,,,,,,,,,710074-1,Bull. Soc. Imp. Naturalistes Moscou,urn:lsid:ipni.org:publications:880-2,1860,1860,,Trautv.,var.,Bull. Soc. Imp. Naturalistes Moscou 33(1): 56. 1860 (as 'soongorica var. intermedia'),(as 'soongorica var. intermedia'),,,,9,songorica,Bunge,,f,t,,,,,,,Trautv.@10798-1@1@aut,Bunge@12367-1@1@aut,,tax. nov.,,1.1,f,clematis~songoricaintermedia,ranunculaceaeclematis~songoricaintermedia,,268,wfo-0000742181,,variety,,,,
urn:lsid:ipni.org:names:77378757-1,Schrenk ex Fisch. & C.A.Mey.,,,,,,1: 104,,,,,,,,,,,,18/04/2026 20:14,18/04/2026 20:14,,,Ranunculaceae,Clematis gebleriana var. integrifolia,Clematis gebleriana var. integrifolia,Clematis,,f,f,,,,,integrifolia,,,,,,"& Collection: 'In promontorio montium Alatau, d. 25  Junii m. lecta'",,,,,,,,,,,,,,,,,,709719-1,Enum. Pl. Nov. [F.E.L. Fischer & C.A. Meyer],urn:lsid:ipni.org:publications:17935-2,1841,1841,,Schrenk ex Fisch. & C.A.Mey.,var.,Enum. Pl. Nov. [F.E.L. Fischer & C.A. Meyer] 1: 104. 1841 ,,,,,8,gebleriana,Bong.,,f,t,,,,,,,Schrenk@9263-1@1@aut$Fisch.@2744-1@2@autEx$C.A.Mey.@6411-1@3@autEx,Bong.@12354-1@1@aut,,tax. nov.,,1.1,f,clematis~geblerianaintegrifolia,ranunculaceaeclematis~geblerianaintegrifolia,,269,wfo-1200118291,,variety,,,,
urn:lsid:ipni.org:names:77378758-1,Camelo & Nadruz,,,,,,75(2)-e70134: 6,,23,,3,,194,1977,,R.Storr,,,19/04/2026 03:02,20/04/2026 11:11,"Bahia (Brazil Northeast, Brazil, Southern America)",,Araceae,Anthurium giuliettiae,Anthurium giuliettiae,Anthurium,,f,f,,,,,,,,,,,"Rio de Contas, cachoeira próxima a estrada de Rio de Contas para Livramento do Brumado",,,,,,,,,,,,,,,,,,329747-2,Taxon,urn:lsid:ipni.org:publications:812-2,2026,2026 [7 Apr 2026],[7 Apr 2026],Camelo & Nadruz,spec.,Taxon 75(2)-e70134: 6. 2026 [7 Apr 2026] ,,"doi:10.1002/tax.70134 [english] Etymology: the specific epithet honors Ana Maria Giulietti-Harley. Dr. Giulietti is a specialist in the Eriocaulaceae family. Like this species, Dr. Giulietti also has her roots in the Caatinga.",,,11,giuliettiae,,,f,t,,holotype RB 00148622;isotype CEPEC 00040552;isotype K K000302540; K000302539; K000302548;isotype US 01918658,,,,,Nadruz@38531-1@2@aut$Camelo@20033438-1@1@aut,,,tax. nov.,,1.3,f,anthurium~giuliettiae,araceaeanthurium~giuliettiae~,,270,wfo-1000089552,,species,,,,
urn:lsid:ipni.org:names:77378759-1,(DC.) Lej. & Courtois,Brassicaceae Brassica rapa L. [infrasp.unranked] oleifera DC.,(DC.),77357734-1,,,2: 295,,,,,,,,,,,,19/04/2026 06:07,21/04/2026 10:42,,,Brassicaceae,Brassica rapa var. oleifera,Brassica rapa var. oleifera,Brassica,,f,f,,,,,oleifera,,,,,,,,,,,,,,,,,,,,,,,,279485-1,Comp. Fl. Belg.,urn:lsid:ipni.org:publications:7604-2,1831,1831,,Lej. & Courtois,var.,Comp. Fl. Belg. 2: 295. 1831 ,,Isonym published by (DC.) Peterm. in Fl. Lips. Excurs. 492. 1838.,,,11,rapa,L.,,f,t,,,,,,,Lej.@5451-1@1@aut$DC.@16855-1@3@bas$Courtois@1843-1@2@aut,L.@0-0@1@aut,,comb. nov.,,1.1.1.2,f,brassica~rapaoleifera,brassicaceaebrassica~rapaoleifera,,271,wfo-1200118310,,variety,,,,
urn:lsid:ipni.org:names:77378760-1,(L.) Peterm.,Brassicaceae Brassica campestris L.,(L.),30076075-2,,,491,,,,,,,,,,,,19/04/2026 06:21,21/04/2026 16:16,,,Brassicaceae,Brassica rapa [infrasp.unranked] campestris,Brassica rapa [infrasp.unranked] campestris,Brassica,,f,f,,,,,campestris,,,,,,,,,,,,,,,,,,,,,,,null:,279485-1,Fl. Lips. Excurs.,urn:lsid:ipni.org:publications:20011013-2,1838,1838,,Peterm.,[infrasp.unranked],Fl. Lips. Excurs. 491. 1838 ,,,,,11,rapa,L.,,f,t,,,,,,,Peterm.@7565-1@1@aut$L.@12653-1@2@bas,L.@0-0@1@aut,,comb. et stat. nov.,,1.5,f,brassica~rapacampestris,brassicaceaebrassica~rapacampestris,,272,wfo-1200118311,1,unranked,,,,
urn:lsid:ipni.org:names:77378761-1,(L.) W.D.J.Koch,Brassicaceae Brassica campestris L.,(L.),30076075-2,,,1: 59,,,,,,,,,,,,19/04/2026 08:57,21/04/2026 16:16,,,Brassicaceae,Brassica rapa var. campestris,Brassica rapa var. campestris,Brassica,,f,f,,,,,campestris,,,,,,,,,,,,,,,,,,,,,,,null:,279485-1,"Syn. Fl. Germ. Helv., ed. 2",urn:lsid:ipni.org:publications:15477-2,1843,1843 [19-21 Jun 1843],[19-21 Jun 1843],W.D.J.Koch,var.,"Syn. Fl. Germ. Helv., ed. 2 1: 59. 1843 [19-21 Jun 1843] ",,,,,11,rapa,L.,,f,t,,,,,,,W.D.J.Koch@21570-1@1@aut$L.@12653-1@2@bas,L.@0-0@1@aut,,comb. et stat. nov.,,1.5,f,brassica~rapacampestris,brassicaceaebrassica~rapacampestris,,273,wfo-1200118312,,variety,,,,
urn:lsid:ipni.org:names:77378764-1,(L.) K.Koch,Aquifoliaceae Prinos glaber L.,(L.),83936-1,,,2(2): 225,,,,,,,,,,,,19/04/2026 21:35,19/04/2026 21:35,,,Aquifoliaceae,Ilex glabra,Ilex glabra,Ilex,,f,f,,,,,,30017689-2,,,,,,,,,isonym,,isonym,,,,,,,,,,,,60437220-2,Dendrologie,urn:lsid:ipni.org:publications:18640-2,1873,1873,,K.Koch,spec.,Dendrologie 2(2): 225. 1873 ,,,,,13,glabra,,,f,t,,,,,,,K.Koch@4899-1@1@aut$L.@12653-1@2@bas,,,comb. nov.,,1.1,f,ilex~glabra,aquifoliaceaeilex~glabra~,,274,wfo-1200118313,,species,,,,
urn:lsid:ipni.org:names:77378866-1,(J.A.Purpus) P.B.Breslin & Majure,Cactaceae Mammillaria napina J.A.Purpus,(J.A.Purpus),151324-2,,,33(1)-e331: 2,,,,,,,,,,,,20/04/2026 10:32,20/04/2026 10:32,,,Cactaceae,Oehmea napina,Oehmea napina,Oehmea,,f,f,,,,,,,,,,,,,,,,,,,,,,,,,,,,,315111-2,Haseltonia,urn:lsid:ipni.org:publications:16497-2,2026,2026 [13 Mar 2026],[13 Mar 2026],P.B.Breslin & Majure,spec.,Haseltonia 33(1)-e331: 2. 2026 [13 Mar 2026] ,,doi:10.2985/026.033.0101,,,11,napina,,,f,t,,,,,,,Majure@20014007-2@2@aut$J.A.Purpus@8034-1@3@bas$P.B.Breslin@20033893-1@1@aut,,,comb. nov.,,1.1,f,oehmea~napina,cactaceaeoehmea~napina~,,275,wfo-1000089553,,species,,,,
urn:lsid:ipni.org:names:77378867-1,(Scheidw.) P.B.Breslin & Majure,Cactaceae Mammillaria zephyranthoides Scheidw.,(Scheidw.),135288-1,,,33(1)-e331: 2,,,,,,,,,,,,20/04/2026 10:35,20/04/2026 10:35,,,Cactaceae,Oehmea zephyranthoides,Oehmea zephyranthoides,Oehmea,,f,f,,,,,,,,,,,,,,,,,,,,,,,,,,,,,315111-2,Haseltonia,urn:lsid:ipni.org:publications:16497-2,2026,2026 [13 Mar 2026],[13 Mar 2026],P.B.Breslin & Majure,spec.,Haseltonia 33(1)-e331: 2. 2026 [13 Mar 2026] ,,doi:10.2985/026.033.0101,,,11,zephyranthoides,,,f,t,,,,,,,Majure@20014007-2@2@aut$P.B.Breslin@20033893-1@1@aut$Scheidw.@9037-1@3@bas,,,comb. nov.,,1.1,f,oehmea~zephyranthoides,cactaceaeoehmea~zephyranthoides~,,276,wfo-1000089554,,species,,,,
urn:lsid:ipni.org:names:77378868-1,(J.M.Coult.) P.B.Breslin & Majure,Cactaceae Cactus radiosus J.M.Coult. var. alversonii J.M.Coult.,(J.M.Coult.),39826-2,,,33(1)-e331: 2,,,,,,,,,,,,20/04/2026 10:39,20/04/2026 10:39,,,Cactaceae,Neobesseya alversonii,Neobesseya alversonii,Neobesseya,,f,f,,,,,,,,,,,,,,,,,,,,,,,,,,,,,5433-1,Haseltonia,urn:lsid:ipni.org:publications:16497-2,2026,2026 [13 Mar 2026],[13 Mar 2026],P.B.Breslin & Majure,spec.,Haseltonia 33(1)-e331: 2. 2026 [13 Mar 2026] ,,doi:10.2985/026.033.0101,,,11,alversonii,,,f,t,,,,,,,P.B.Breslin@20033893-1@1@aut$Majure@20014007-2@2@aut$J.M.Coult.@17472-1@3@bas,,,comb. et stat. nov.,,1.1,f,neobesseya~alversonii,cactaceaeneobesseya~alversonii~,,277,wfo-1000089555,,species,,,,
urn:lsid:ipni.org:names:77378869-1,Urtecho,,,,,,20(1): 47,,18,,3,,2816,1980,,Cowan,,,20/04/2026 10:43,24/04/2026 10:31,"Tabasco (Mexico Southeast, Mexico, Northern America);Chiapas (Mexico Southeast, Mexico, Northern America);Oaxaca (Mexico Southwest, Mexico, Northern America);Veracruz (Mexico Gulf, Mexico, Northern America);",,Euphorbiaceae,Tragia acahualicola,Tragia acahualicola,Tragia,,f,f,,,,,,,,,,,"Tabasco: Mpio. Jalapa: Ejido Fernández Manero, km. 12.1 del camino hacia Cacaos de la desviación km 32 de la carretera Villahermosa hacia Escárcega",,,,,,,,,,,,,,,,,,327688-2,J. Bot. Res. Inst. Texas,urn:lsid:ipni.org:publications:20007714-1,2026,2026 [15 Apr 2026],[15 Apr 2026],Urtecho,spec.,J. Bot. Res. Inst. Texas 20(1): 47. 2026 [15 Apr 2026] ,,"doi:10.17348/jbrit.v20.i1.1462  Etymology: the specific epithet is composed of the prefix 'acahual' (sunflower, Nahuatl) and the suffix 'icola' (dweller, Latin). The term acahual is most commonly used to describe secondary growth in the parts of Mexico with warm climates. Many of the cited collections of Tragia acahualicola specifically describe the location as acahual or secondary growth.",,,11,acahualicola,,,f,t,,holotype DAV 91743;isotype CAS,,,,,Urtecho@20027948-1@1@aut,,,tax. nov.,,1.3,f,tragia~acahualicola,euphorbiaceaetragia~acahualicola~,,278,wfo-1000089556,,species,,,,
urn:lsid:ipni.org:names:77378870-1,(Engelm.) P.B.Breslin & Majure,Cactaceae Mammillaria chlorantha Engelm.,(Engelm.),150785-2,,,33(1)-e331: 2,,,,,,,,,,,,20/04/2026 10:43,20/04/2026 10:43,,,Cactaceae,Neobesseya chlorantha,Neobesseya chlorantha,Neobesseya,,f,f,,,,,,,,,,,,,,,,,,,,,,,,,,,,,5433-1,Haseltonia,urn:lsid:ipni.org:publications:16497-2,2026,2026 [13 Mar 2026],[13 Mar 2026],P.B.Breslin & Majure,spec.,Haseltonia 33(1)-e331: 2. 2026 [13 Mar 2026] ,,doi:10.2985/026.033.0101,,,11,chlorantha,,,f,t,,,,,,,P.B.Breslin@20033893-1@1@aut$Majure@20014007-2@2@aut$Engelm.@18505-1@3@bas,,,comb. nov.,,1.1,f,neobesseya~chlorantha,cactaceaeneobesseya~chlorantha~,,279,wfo-1000089557,,species,,,,
urn:lsid:ipni.org:names:77378871-1,(Engelm.) P.B.Breslin & Majure,Cactaceae Mammillaria macromeris Engelm.,(Engelm.),151214-2,,,33(1)-e331: 2,,,,,,,,,,,,20/04/2026 10:48,20/04/2026 10:48,,,Cactaceae,Neobesseya macromeris,Neobesseya macromeris,Neobesseya,,f,f,,,,,,,,,,,,,,,,,,,,,,,,,,,,,5433-1,Haseltonia,urn:lsid:ipni.org:publications:16497-2,2026,2026 [13 Mar 2026],[13 Mar 2026],P.B.Breslin & Majure,spec.,Haseltonia 33(1)-e331: 2. 2026 [13 Mar 2026] ,,doi:10.2985/026.033.0101,,,11,macromeris,,,f,t,,,,,,,Engelm.@18505-1@3@bas$Majure@20014007-2@2@aut$P.B.Breslin@20033893-1@1@aut,,,comb. nov.,,1.1,f,neobesseya~macromeris,cactaceaeneobesseya~macromeris~,,280,wfo-1000089558,,species,,,,
urn:lsid:ipni.org:names:77378872-1,(Nutt.) P.B.Breslin & Majure,Cactaceae Cactus viviparus Nutt.,(Nutt.),129782-1,,,33(1)-e331: 2,,,,,,,,,,,,20/04/2026 10:51,20/04/2026 10:51,,,Cactaceae,Neobesseya vivipara,Neobesseya vivipara,Neobesseya,,f,f,,,,,,,,,,,,,,,,,,,,,,,,,,,,,5433-1,Haseltonia,urn:lsid:ipni.org:publications:16497-2,2026,2026 [13 Mar 2026],[13 Mar 2026],P.B.Breslin & Majure,spec.,Haseltonia 33(1)-e331: 2. 2026 [13 Mar 2026] ,,doi:10.2985/026.033.0101,,,11,vivipara,,,f,t,,,,,,,P.B.Breslin@20033893-1@1@aut$Nutt.@24198-1@3@bas$Majure@20014007-2@2@aut,,,comb. nov.,,1.1,f,neobesseya~vivipara,cactaceaeneobesseya~vivipara~,,281,wfo-1000089559,,species,,,,
urn:lsid:ipni.org:names:77378873-1,Beiersd. & Lepson,,,,,,33(1)-e332: 1,,4,,10,,2025-O-001,2025,,PBJ,,,20/04/2026 11:01,20/04/2026 11:01,"Namibia (Southern Africa, Africa)",,Oxalidaceae,Oxalis moutoniae,Oxalis moutoniae,Oxalis,,f,f,,,,,,,,,,,"Haalenberg, 850 m west of train station",,,,,,,,,,,,,,,,,,30000622-2,Haseltonia,urn:lsid:ipni.org:publications:16497-2,2026,2026 [13 Mar 2026],[13 Mar 2026],Beiersd. & Lepson,spec.,Haseltonia 33(1)-e332: 1. 2026 [13 Mar 2026] ,,doi:10.2985/026.033.0103,,,11,moutoniae,,,f,t,,holotype WIND,,,,,Lepson@20074941-1@2@aut$Beiersd.@20074942-1@1@aut,,,tax. nov.,77375108-1,1.1,f,oxalis~moutoniae,oxalidaceaeoxalis~moutoniae~,,282,wfo-1000089354,,species,,,,
urn:lsid:ipni.org:names:77378874-1,Beiersd. & Lepson,,,,,,33(1)-e332: 2,,6,,10,,2025-O-003,2025,,PBJ,,,20/04/2026 11:04,20/04/2026 11:04,"Namibia (Southern Africa, Africa)",,Oxalidaceae,Oxalis luederitzii var. olivacea,Oxalis luederitzii var. olivacea,Oxalis,,f,f,,,,,olivacea,,,,,,"Haalenberg, 4 km northwest of train station",,,,,,,,,,,,,,,,,,663509-1,Haseltonia,urn:lsid:ipni.org:publications:16497-2,2026,2026 [13 Mar 2026],[13 Mar 2026],Beiersd. & Lepson,var.,Haseltonia 33(1)-e332: 2. 2026 [13 Mar 2026] ,,doi:10.2985/026.033.0103,,,11,luederitzii,Schinz,,f,t,,holotype WIND,,,,,Beiersd.@20074942-1@1@aut$Lepson@20074941-1@2@aut,Schinz@9098-1@1@aut,,tax. nov.,77375107-1,1.1,f,oxalis~luederitziiolivacea,oxalidaceaeoxalis~luederitziiolivacea,,283,wfo-1200118263,,variety,,,,
urn:lsid:ipni.org:names:77378875-1,S.Akiyama & Nob.Tanaka,,,,,,51(4): 158,,22,,11,,MY5650,2019,,"Nobuyuki Tanaka, Shinobu Akiyama, Sukid Rueangruea, Mu Mu Aung, Phyo Phyo Thwe, Aung Khaing Win, and Tin Tin Mu",,,20/04/2026 11:32,20/04/2026 11:32,"Myanmar (Indo-China, Asia-Tropical)",E,Balsaminaceae,Impatiens kennedyensis,Impatiens kennedyensis,Impatiens,,f,f,,,,,,,,23,13,34,"Chin State, along the trail in the forest, between Kalay and Kennedy Peak, near Thai Ngin village, ca. 1500 m",93,47,42,,,,,,N,,,,,,,,,325983-2,"Bull. Natl. Mus. Nat. Sci., Tokyo, B.",urn:lsid:ipni.org:publications:20008429-1,2025,2025 [25 Nov 2025],[25 Nov 2025],S.Akiyama & Nob.Tanaka,spec.,"Bull. Natl. Mus. Nat. Sci., Tokyo, B. 51(4): 158. 2025 [25 Nov 2025] ",,"doi:10.50826/bnmnsbot.51.4_157 Etymology: 'The specific epithet refers to the name of the type locality (Kennedy Peak, the second highest peak in the Chin Hills) where this new species was discovered.'",,,11,kennedyensis,,,f,t,,holotype TNS;isotype RAF,,,,,S.Akiyama@35866-1@1@aut$Nob.Tanaka@39184-1@2@aut,,,tax. nov.,,1.1,f,impatiens~kennedyensis,balsaminaceaeimpatiens~kennedyensis~,,284,wfo-1000089560,,species,,,,
urn:lsid:ipni.org:names:77378876-1,(Nessel) C.D.Adams & Alston,Lycopodiaceae Urostachys staudtii Nessel,(Nessel),77125130-1,,,1(6): 183,,,,,,,,,,,,20/04/2026 13:43,24/04/2026 11:43,,,Lycopodiaceae,Lycopodium staudtii,Lycopodium staudtii,Lycopodium,,f,f,,,,,,,,,,,,,,,,,,,,,,,,,,,,null:,30000138-2,"Bull. Brit. Mus. (Nat. Hist.), Bot.",urn:lsid:ipni.org:publications:1955-2,1955,1955 [Aug 1955],[Aug 1955],C.D.Adams & Alston,spec.,"Bull. Brit. Mus. (Nat. Hist.), Bot. 1(6): 183. 1955 [Aug 1955] ",,,,,11,staudtii,,,f,t,,,,,,,Alston@170-1@2@aut$C.D.Adams@62-1@1@aut$Nessel@6918-1@3@bas,,30751262,comb. nov.,,1.5,f,lycopodium~staudtii,lycopodiaceaelycopodium~staudtii~,,285,wfo-0001111739,,species,,,,
urn:lsid:ipni.org:names:77378877-1,(Wahlenb.) Kadereit & Schneew.,Rubiaceae Asperula involucrata Wahlenb.,(Wahlenb.),744036-1,,,75(2)-e70119: 22,,,,,,,,,,,,20/04/2026 14:05,20/04/2026 14:05,,,Rubiaceae,Hydrogalium involucratum,Hydrogalium involucratum,Hydrogalium,,f,f,,,,,,,,,,,,,,,,,,,,,,,,,,,,,77378450-1,Taxon,urn:lsid:ipni.org:publications:812-2,2026,2026 [30 Mar 2026],[30 Mar 2026],Kadereit & Schneew.,spec.,Taxon 75(2)-e70119: 22. 2026 [30 Mar 2026] ,,doi:10.1002/tax.70119,,,11,involucratum,,,f,t,,,,,,,Wahlenb.@12985-1@3@bas$Kadereit@14763-1@1@aut$Schneew.@20008845-1@2@aut,,,comb. nov.,,1.1,f,hydrogalium~involucratum,rubiaceaehydrogalium~involucratum~,,286,wfo-1000089561,,species,,,,
urn:lsid:ipni.org:names:77378878-1,(L.) Kadereit & Schneew.,Rubiaceae Asperula laevigata L.,(L.),744047-1,,,75(2)-e70119: 22,,,,,,,,,,,,20/04/2026 14:06,20/04/2026 14:06,,,Rubiaceae,Hydrogalium laevigatum,Hydrogalium laevigatum,Hydrogalium,,f,f,,,,,,,,,,,,,,,,,,,,,,,,,,,,,77378450-1,Taxon,urn:lsid:ipni.org:publications:812-2,2026,2026 [30 Mar 2026],[30 Mar 2026],Kadereit & Schneew.,spec.,Taxon 75(2)-e70119: 22. 2026 [30 Mar 2026] ,,doi:10.1002/tax.70119,,,11,laevigatum,,,f,t,,,,,,,Kadereit@14763-1@1@aut$L.@12653-1@3@bas$Schneew.@20008845-1@2@aut,,,comb. nov.,,1.1,f,hydrogalium~laevigatum,rubiaceaehydrogalium~laevigatum~,,287,wfo-1000089562,,species,,,,
urn:lsid:ipni.org:names:77378879-1,(Boiss.) Kadereit & Schneew.,Rubiaceae Asperula libanotica Boiss.,(Boiss.),744055-1,,,75(2)-e70119: 22,,,,,,,,,,,,20/04/2026 14:07,20/04/2026 14:07,,,Rubiaceae,Hydrogalium libanoticum,Hydrogalium libanoticum,Hydrogalium,,f,f,,,,,,,,,,,,,,,,,,,,,,,,,,,,,77378450-1,Taxon,urn:lsid:ipni.org:publications:812-2,2026,2026 [30 Mar 2026],[30 Mar 2026],Kadereit & Schneew.,spec.,Taxon 75(2)-e70119: 22. 2026 [30 Mar 2026] ,,doi:10.1002/tax.70119,,,11,libanoticum,,,f,t,,,,,,,Boiss.@16284-1@3@bas$Schneew.@20008845-1@2@aut$Kadereit@14763-1@1@aut,,,comb. nov.,,1.1,f,hydrogalium~libanoticum,rubiaceaehydrogalium~libanoticum~,,288,wfo-1000089563,,species,,,,
urn:lsid:ipni.org:names:77378880-1,(Kom.) Kadereit & Schneew.,Rubiaceae Asperula maximoviczii Kom.,(Kom.),744075-1,,,75(2)-e70119: 22,,,,,,,,,,,,20/04/2026 14:11,20/04/2026 14:11,,,Rubiaceae,Hydrogalium maximoviczii,Hydrogalium maximoviczii,Hydrogalium,,f,f,,,,,,,,,,,,,,,,,,,,,,,,,,,,,77378450-1,Taxon,urn:lsid:ipni.org:publications:812-2,2026,2026 [30 Mar 2026],[30 Mar 2026],Kadereit & Schneew.,spec.,Taxon 75(2)-e70119: 22. 2026 [30 Mar 2026] ,,doi:10.1002/tax.70119,,,11,maximoviczii,,,f,t,,,,,,,Schneew.@20008845-1@2@aut$Kadereit@14763-1@1@aut$Kom.@4948-1@3@bas,,,comb. nov.,,1.1,f,hydrogalium~maximoviczii,rubiaceaehydrogalium~maximoviczii~,,289,wfo-1000089564,,species,,,,
urn:lsid:ipni.org:names:77378881-1,(Maxim.) Kadereit & Schneew.,Rubiaceae Asperula platygalium Maxim.,(Maxim.),744126-1,,,75(2)-e70119: 22,,,,,,,,,,,,20/04/2026 14:12,20/04/2026 14:12,,,Rubiaceae,Hydrogalium platygalium,Hydrogalium platygalium,Hydrogalium,,f,f,,,,,,,,,,,,,,,,,,,,,,,,,,,,,77378450-1,Taxon,urn:lsid:ipni.org:publications:812-2,2026,2026 [30 Mar 2026],[30 Mar 2026],Kadereit & Schneew.,spec.,Taxon 75(2)-e70119: 22. 2026 [30 Mar 2026] ,,doi:10.1002/tax.70119,,,11,platygalium,,,f,t,,,,,,,Schneew.@20008845-1@2@aut$Kadereit@14763-1@1@aut$Maxim.@23089-1@3@bas,,,comb. nov.,,1.1,f,hydrogalium~platygalium,rubiaceaehydrogalium~platygalium~,,290,wfo-1000089565,,species,,,,
urn:lsid:ipni.org:names:77378882-1,"(Fisch., C.A.Mey. & Avé-Lall.) Kadereit & Schneew.","Rubiaceae Asperula suavis Fisch., C.A.Mey. & Avé-Lall.","(Fisch., C.A.Mey. & Avé-Lall.)",744187-1,,,75(2)-e70119: 22,,,,,,,,,,,,20/04/2026 14:14,20/04/2026 14:14,,,Rubiaceae,Hydrogalium suave,Hydrogalium suave,Hydrogalium,,f,f,,,,,,,,,,,,,,,,,,,,,,,,,,,,,77378450-1,Taxon,urn:lsid:ipni.org:publications:812-2,2026,2026 [30 Mar 2026],[30 Mar 2026],Kadereit & Schneew.,spec.,Taxon 75(2)-e70119: 22. 2026 [30 Mar 2026] ,,doi:10.1002/tax.70119,,,11,suave,,,f,t,,,,,,,C.A.Mey.@6411-1@4@bas$Schneew.@20008845-1@2@aut$Avé-Lall.@342-1@5@bas$Kadereit@14763-1@1@aut$Fisch.@2744-1@3@bas,,,comb. nov.,,1.1,f,hydrogalium~suave,rubiaceaehydrogalium~suave~,,291,wfo-1000089566,,species,,,,
urn:lsid:ipni.org:names:77378883-1,(Nakai) Kadereit & Schneew.,Rubiaceae Galium shikokianum Nakai,(Nakai),750632-1,,,75(2)-e70119: 22,,,,,,,,,,,,20/04/2026 14:16,20/04/2026 14:16,,,Rubiaceae,Hydrogalium shikokianum,Hydrogalium shikokianum,Hydrogalium,,f,f,,,,,,,,,,,,,,,,,,,,,,,,,,,,,77378450-1,Taxon,urn:lsid:ipni.org:publications:812-2,2026,2026 [30 Mar 2026],[30 Mar 2026],Kadereit & Schneew.,spec.,Taxon 75(2)-e70119: 22. 2026 [30 Mar 2026] ,,doi:10.1002/tax.70119,,,11,shikokianum,,,f,t,,,,,,,Schneew.@20008845-1@2@aut$Kadereit@14763-1@1@aut$Nakai@23869-1@3@bas,,,comb. nov.,,1.1,f,hydrogalium~shikokianum,rubiaceaehydrogalium~shikokianum~,,292,wfo-1000089567,,species,,,,
urn:lsid:ipni.org:names:77378884-1,(L.) Kadereit & Schneew.,Rubiaceae Asperula tinctoria L.,(L.),744208-1,,,75(2)-e70119: 22,,,,,,,,,,,,20/04/2026 14:26,20/04/2026 14:26,,,Rubiaceae,Hydrogalium tinctorium,Hydrogalium tinctorium,Hydrogalium,,f,f,,,,,,,,,,,,,,,,,,,,,,,,,,,,,77378450-1,Taxon,urn:lsid:ipni.org:publications:812-2,2026,2026 [30 Mar 2026],[30 Mar 2026],Kadereit & Schneew.,spec.,Taxon 75(2)-e70119: 22. 2026 [30 Mar 2026] ,,doi:10.1002/tax.70119,,,11,tinctorium,,,f,t,,,,,,,Schneew.@20008845-1@2@aut$Kadereit@14763-1@1@aut$L.@12653-1@3@bas,,,comb. nov.,,1.1,f,hydrogalium~tinctorium,rubiaceaehydrogalium~tinctorium~,,293,wfo-1000089568,,species,,,,
urn:lsid:ipni.org:names:77378885-1,(Nábělek) Kadereit & Schneew.,Rubiaceae Asperula xylorrhiza Nábělek,(Nábělek),744230-1,,,75(2)-e70119: 22,,,,,,,,,,,,20/04/2026 14:27,21/04/2026 12:27,,,Rubiaceae,Hydrogalium xylorrhizum,Hydrogalium xylorrhizum,Hydrogalium,,f,f,,,,,,,,,,,,,,,,,,,,,,,,,,,,,77378450-1,Taxon,urn:lsid:ipni.org:publications:812-2,2026,2026 [30 Mar 2026],[30 Mar 2026],Kadereit & Schneew.,spec.,Taxon 75(2)-e70119: 22. 2026 [30 Mar 2026] ,,doi:10.1002/tax.70119,,,11,xylorrhizum,,,f,t,,,,,,,Kadereit@14763-1@1@aut$Schneew.@20008845-1@2@aut$Nábělek@6825-1@3@bas,,,comb. nov.,,1.2,f,hydrogalium~xylorrhizum,rubiaceaehydrogalium~xylorrhizum~,,294,wfo-1000089569,,species,,,,
urn:lsid:ipni.org:names:77378886-1,(Hook.f.) Kadereit & Schneew.,Rubiaceae Galium antarcticum Hook.f.,(Hook.f.),749511-1,,,75(2)-e70119: 22,,,,,,,,,,,,20/04/2026 14:29,20/04/2026 14:29,,,Rubiaceae,Hydrogalium antarcticum,Hydrogalium antarcticum,Hydrogalium,,f,f,,,,,,,,,,,,,,,,,,,,,,,,,,,,,77378450-1,Taxon,urn:lsid:ipni.org:publications:812-2,2026,2026 [30 Mar 2026],[30 Mar 2026],Kadereit & Schneew.,spec.,Taxon 75(2)-e70119: 22. 2026 [30 Mar 2026] ,,doi:10.1002/tax.70119,,,11,antarcticum,,,f,t,,,,,,,Kadereit@14763-1@1@aut$Schneew.@20008845-1@2@aut$Hook.f.@4084-1@3@bas,,,comb. nov.,,1.1,f,hydrogalium~antarcticum,rubiaceaehydrogalium~antarcticum~,,295,wfo-1000089570,,species,,,,
urn:lsid:ipni.org:names:77378887-1,(Fernald & Wiegand) Kadereit & Schneew.,Rubiaceae Galium brevipes Fernald & Wiegand,(Fernald & Wiegand),106957-2,,,75(2)-e70119: 22,,,,,,,,,,,,20/04/2026 14:30,20/04/2026 14:30,,,Rubiaceae,Hydrogalium brevipes,Hydrogalium brevipes,Hydrogalium,,f,f,,,,,,,,,,,,,,,,,,,,,,,,,,,,,77378450-1,Taxon,urn:lsid:ipni.org:publications:812-2,2026,2026 [30 Mar 2026],[30 Mar 2026],Kadereit & Schneew.,spec.,Taxon 75(2)-e70119: 22. 2026 [30 Mar 2026] ,,doi:10.1002/tax.70119,,,11,brevipes,,,f,t,,,,,,,Fernald@2691-1@3@bas$Kadereit@14763-1@1@aut$Schneew.@20008845-1@2@aut$Wiegand@11645-1@4@bas,,,comb. nov.,,1.1,f,hydrogalium~brevipes,rubiaceaehydrogalium~brevipes~,,296,wfo-1000089571,,species,,,,
urn:lsid:ipni.org:names:77378888-1,(Hook.f.) Kadereit & Schneew.,Rubiaceae Galium chonoense Hook.f.,(Hook.f.),277295-2,,,75(2)-e70119: 22,,,,,,,,,,,,20/04/2026 14:32,20/04/2026 14:32,,,Rubiaceae,Hydrogalium chonoense,Hydrogalium chonoense,Hydrogalium,,f,f,,,,,,,,,,,,,,,,,,,,,,,,,,,,,77378450-1,Taxon,urn:lsid:ipni.org:publications:812-2,2026,2026 [30 Mar 2026],[30 Mar 2026],Kadereit & Schneew.,spec.,Taxon 75(2)-e70119: 22. 2026 [30 Mar 2026] ,,doi:10.1002/tax.70119,,,11,chonoense,,,f,t,,,,,,,Schneew.@20008845-1@2@aut$Hook.f.@4084-1@3@bas$Kadereit@14763-1@1@aut,,,comb. nov.,,1.1,f,hydrogalium~chonoense,rubiaceaehydrogalium~chonoense~,,297,wfo-1000089572,,species,,,,
urn:lsid:ipni.org:names:77378889-1,(Michx.) Kadereit & Schneew.,Rubiaceae Galium claytonii Michx.,(Michx.),749734-1,,,75(2)-e70119: 22,,,,,,,,,,,,20/04/2026 14:33,20/04/2026 14:33,,,Rubiaceae,Hydrogalium claytonii,Hydrogalium claytonii,Hydrogalium,,f,f,,,,,,,,,,,,,,,,,,,,,,,,,,,,,77378450-1,Taxon,urn:lsid:ipni.org:publications:812-2,2026,2026 [30 Mar 2026],[30 Mar 2026],Kadereit & Schneew.,spec.,Taxon 75(2)-e70119: 22. 2026 [30 Mar 2026] ,,doi:10.1002/tax.70119,,,11,claytonii,,,f,t,,,,,,,Schneew.@20008845-1@2@aut$Kadereit@14763-1@1@aut$Michx.@6431-1@3@bas,,,comb. nov.,,1.1,f,hydrogalium~claytonii,rubiaceaehydrogalium~claytonii~,,298,wfo-1000089573,,species,,,,
urn:lsid:ipni.org:names:77378890-1,J.J.Sm.,,,,,,"sér. 3, 9: 221",,,,,,,,,,,,20/04/2026 14:34,20/04/2026 16:47,,,Burmanniaceae,Thismia sect. Labiothismia,Thismia sect. Labiothismia,Thismia,,f,f,,,,labiothismia,,,,,,,,,,,,,,,,,,,,,,,,,30015452-2,Bull. Jard. Bot. Buitenzorg,urn:lsid:ipni.org:publications:875-2,1927,1927 [Nov 1927],[Nov 1927],J.J.Sm.,sect.,"Bull. Jard. Bot. Buitenzorg sér. 3, 9: 221. 1927 [Nov 1927] ",,,,,8,,,,f,t,,,Thismia labiata,,,,J.J.Sm.@9804-1@1@aut,,,tax. nov.,,1.3,f,thismialabiothismia,burmanniaceaethismialabiothismia~~,,299,wfo-1000089574,,section,,,,
urn:lsid:ipni.org:names:77378891-1,(Chaub.) Kadereit & Schneew.,Rubiaceae Galium constrictum Chaub.,(Chaub.),749757-1,,,75(2)-e70119: 22,,,,,,,,,,,,20/04/2026 14:56,20/04/2026 14:56,,,Rubiaceae,Hydrogalium constrictum,Hydrogalium constrictum,Hydrogalium,,f,f,,,,,,,,,,,,,,,,,,,,,,,,,,,,,77378450-1,Taxon,urn:lsid:ipni.org:publications:812-2,2026,2026 [30 Mar 2026],[30 Mar 2026],Kadereit & Schneew.,spec.,Taxon 75(2)-e70119: 22. 2026 [30 Mar 2026] ,,doi:10.1002/tax.70119,,,11,constrictum,,,f,t,,,,,,,Chaub.@17111-1@3@bas$Kadereit@14763-1@1@aut$Schneew.@20008845-1@2@aut,,,comb. nov.,,1.1,f,hydrogalium~constrictum,rubiaceaehydrogalium~constrictum~,,300,wfo-1000089575,,species,,,,
urn:lsid:ipni.org:names:77378892-1,(Desv.) Kadereit & Schneew.,Rubiaceae Galium debile Desv.,(Desv.),749807-1,,,75(2)-e70119: 22,,,,,,,,,,,,20/04/2026 14:57,20/04/2026 14:57,,,Rubiaceae,Hydrogalium debile,Hydrogalium debile,Hydrogalium,,f,f,,,,,,,,,,,,,,,,,,,,,,,,,,,,,77378450-1,Taxon,urn:lsid:ipni.org:publications:812-2,2026,2026 [30 Mar 2026],[30 Mar 2026],Kadereit & Schneew.,spec.,Taxon 75(2)-e70119: 22. 2026 [30 Mar 2026] ,,doi:10.1002/tax.70119,,,11,debile,,,f,t,,,,,,,Kadereit@14763-1@1@aut$Schneew.@20008845-1@2@aut$Desv.@17974-1@3@bas,,,comb. nov.,,1.1,f,hydrogalium~debile,rubiaceaehydrogalium~debile~,,301,wfo-1000089576,,species,,,,
urn:lsid:ipni.org:names:77378893-1,(C.Presl) Kadereit & Schneew.,Rubiaceae Galium elongatum C.Presl,(C.Presl),749857-1,,,75(2)-e70119: 22,,,,,,,,,,,,20/04/2026 14:58,20/04/2026 14:58,,,Rubiaceae,Hydrogalium elongatum,Hydrogalium elongatum,Hydrogalium,,f,f,,,,,,,,,,,,,,,,,,,,,,,,,,,,,77378450-1,Taxon,urn:lsid:ipni.org:publications:812-2,2026,2026 [30 Mar 2026],[30 Mar 2026],Kadereit & Schneew.,spec.,Taxon 75(2)-e70119: 22. 2026 [30 Mar 2026] ,,doi:10.1002/tax.70119,,,11,elongatum,,,f,t,,,,,,,Kadereit@14763-1@1@aut$Schneew.@20008845-1@2@aut$C.Presl@25074-1@3@bas,,,comb. nov.,,1.1,f,hydrogalium~elongatum,rubiaceaehydrogalium~elongatum~,,302,wfo-1000089577,,species,,,,
urn:lsid:ipni.org:names:77378894-1,(Miq.) Kadereit & Schneew.,Rubiaceae Galium innocuum Miq.,(Miq.),750063-1,,,75(2)-e70119: 22,,,,,,,,,,,,20/04/2026 15:06,20/04/2026 15:06,,,Rubiaceae,Hydrogalium innocuum,Hydrogalium innocuum,Hydrogalium,,f,f,,,,,,,,,,,,,,,,,,,,,,,,,,,,,77378450-1,Taxon,urn:lsid:ipni.org:publications:812-2,2026,2026 [30 Mar 2026],[30 Mar 2026],Kadereit & Schneew.,spec.,Taxon 75(2)-e70119: 22. 2026 [30 Mar 2026] ,,doi:10.1002/tax.70119,,,11,innocuum,,,f,t,,,,,,,Schneew.@20008845-1@2@aut$Miq.@6509-1@3@bas$Kadereit@14763-1@1@aut,,,comb. nov.,,1.1,f,hydrogalium~innocuum,rubiaceaehydrogalium~innocuum~,,303,wfo-1000089578,,species,,,,
urn:lsid:ipni.org:names:77378895-1,(Pobed.) Kadereit & Schneew.,Rubiaceae Galium karakulense Pobed.,(Pobed.),750103-1,,,75(2)-e70119: 22,,,,,,,,,,,,20/04/2026 15:07,20/04/2026 15:07,,,Rubiaceae,Hydrogalium karakulense,Hydrogalium karakulense,Hydrogalium,,f,f,,,,,,,,,,,,,,,,,,,,,,,,,,,,,77378450-1,Taxon,urn:lsid:ipni.org:publications:812-2,2026,2026 [30 Mar 2026],[30 Mar 2026],Kadereit & Schneew.,spec.,Taxon 75(2)-e70119: 22. 2026 [30 Mar 2026] ,,doi:10.1002/tax.70119,,,11,karakulense,,,f,t,,,,,,,Schneew.@20008845-1@2@aut$Kadereit@14763-1@1@aut$Pobed.@7769-1@3@bas,,,comb. nov.,,1.1,f,hydrogalium~karakulense,rubiaceaehydrogalium~karakulense~,,304,wfo-1000089579,,species,,,,
urn:lsid:ipni.org:names:77378896-1,(Wiegand) Kadereit & Schneew.,Rubiaceae Galium tinctorium L. var. labradoricum Wiegand,(Wiegand),107221-2,,,75(2)-e70119: 22,,,,,,,,,,,,20/04/2026 15:08,20/04/2026 15:08,,,Rubiaceae,Hydrogalium labradoricum,Hydrogalium labradoricum,Hydrogalium,,f,f,,,,,,,,,,,,,,,,,,,,,,,,,,,,,77378450-1,Taxon,urn:lsid:ipni.org:publications:812-2,2026,2026 [30 Mar 2026],[30 Mar 2026],Kadereit & Schneew.,spec.,Taxon 75(2)-e70119: 22. 2026 [30 Mar 2026] ,,doi:10.1002/tax.70119,,,11,labradoricum,,,f,t,,,,,,,Wiegand@11645-1@3@bas$Schneew.@20008845-1@2@aut$Kadereit@14763-1@1@aut,,,comb. et stat. nov.,,1.1,f,hydrogalium~labradoricum,rubiaceaehydrogalium~labradoricum~,,305,wfo-1000089580,,species,,,,
urn:lsid:ipni.org:names:77378897-1,(Bigelow) Kadereit & Schneew.,Rubiaceae Galium obtusum Bigelow,(Bigelow),750329-1,,,75(2)-e70119: 22,,,,,,,,,,,,20/04/2026 15:09,20/04/2026 15:09,,,Rubiaceae,Hydrogalium obtusum,Hydrogalium obtusum,Hydrogalium,,f,f,,,,,,,,,,,,,,,,,,,,,,,,,,,,,77378450-1,Taxon,urn:lsid:ipni.org:publications:812-2,2026,2026 [30 Mar 2026],[30 Mar 2026],Kadereit & Schneew.,spec.,Taxon 75(2)-e70119: 22. 2026 [30 Mar 2026] ,,doi:10.1002/tax.70119,,,11,obtusum,,,f,t,,,,,,,Bigelow@783-1@3@bas$Kadereit@14763-1@1@aut$Schneew.@20008845-1@2@aut,,,comb. nov.,,1.1,f,hydrogalium~obtusum,rubiaceaehydrogalium~obtusum~,,306,wfo-1000089581,,species,,,,
urn:lsid:ipni.org:names:77378898-1,(L.) Kadereit & Schneew.,Rubiaceae Galium palustre L.,(L.),750370-1,,,75(2)-e70119: 22,,,,,,,,,,,,20/04/2026 15:10,20/04/2026 15:10,,,Rubiaceae,Hydrogalium palustre,Hydrogalium palustre,Hydrogalium,,f,f,,,,,,,,,,,,,,,,,,,,,,,,,,,,,77378450-1,Taxon,urn:lsid:ipni.org:publications:812-2,2026,2026 [30 Mar 2026],[30 Mar 2026],Kadereit & Schneew.,spec.,Taxon 75(2)-e70119: 22. 2026 [30 Mar 2026] ,,doi:10.1002/tax.70119,,,11,palustre,,,f,t,,,,,,,Kadereit@14763-1@1@aut$Schneew.@20008845-1@2@aut$L.@12653-1@3@bas,,,comb. nov.,,1.1,f,hydrogalium~palustre,rubiaceaehydrogalium~palustre~,,307,wfo-1000089582,,species,,,,
urn:lsid:ipni.org:names:77378899-1,(Chiov.) Kadereit & Schneew.,Rubiaceae Galium scioanum Chiov.,(Chiov.),50884105-1,,,75(2)-e70119: 22,,,,,,,,,,,,20/04/2026 15:13,20/04/2026 15:13,,,Rubiaceae,Hydrogalium scioanum,Hydrogalium scioanum,Hydrogalium,,f,f,,,,,,,,,,,,,,,,,,,,,,,,,,,,,77378450-1,Taxon,urn:lsid:ipni.org:publications:812-2,2026,2026 [30 Mar 2026],[30 Mar 2026],Kadereit & Schneew.,spec.,Taxon 75(2)-e70119: 22. 2026 [30 Mar 2026] ,,doi:10.1002/tax.70119,,,11,scioanum,,,f,t,,,,,,,Kadereit@14763-1@1@aut$Chiov.@1600-1@3@bas$Schneew.@20008845-1@2@aut,,,comb. nov.,,1.1,f,hydrogalium~scioanum,rubiaceaehydrogalium~scioanum~,,308,wfo-1000089583,,species,,,,
urn:lsid:ipni.org:names:77378900-1,(Baker) Kadereit & Schneew.,Rubiaceae Galium stenophyllum Baker,(Baker),750673-1,,,75(2)-e70119: 22,,,,,,,,,,,,20/04/2026 15:14,20/04/2026 15:14,,,Rubiaceae,Hydrogalium stenophyllum,Hydrogalium stenophyllum,Hydrogalium,,f,f,,,,,,,,,,,,,,,,,,,,,,,,,,,,,77378450-1,Taxon,urn:lsid:ipni.org:publications:812-2,2026,2026 [30 Mar 2026],[30 Mar 2026],Kadereit & Schneew.,spec.,Taxon 75(2)-e70119: 22. 2026 [30 Mar 2026] ,,doi:10.1002/tax.70119,,,11,stenophyllum,,,f,t,,,,,,,Baker@407-1@3@bas$Kadereit@14763-1@1@aut$Schneew.@20008845-1@2@aut,,,comb. nov.,,1.1,f,hydrogalium~stenophyllum,rubiaceaehydrogalium~stenophyllum~,,309,wfo-1000089584,,species,,,,
urn:lsid:ipni.org:names:77378901-1,(Ehrend. & Verdc.) Kadereit & Schneew.,Rubiaceae Galium tanganyikense Ehrend. & Verdc.,(Ehrend. & Verdc.),750709-1,,,75(2)-e70119: 22,,,,,,,,,,,,20/04/2026 15:15,20/04/2026 15:15,,,Rubiaceae,Hydrogalium tanganyikense,Hydrogalium tanganyikense,Hydrogalium,,f,f,,,,,,,,,,,,,,,,,,,,,,,,,,,,,77378450-1,Taxon,urn:lsid:ipni.org:publications:812-2,2026,2026 [30 Mar 2026],[30 Mar 2026],Kadereit & Schneew.,spec.,Taxon 75(2)-e70119: 22. 2026 [30 Mar 2026] ,,doi:10.1002/tax.70119,,,11,tanganyikense,,,f,t,,,,,,,Verdc.@11132-1@4@bas$Kadereit@14763-1@1@aut$Ehrend.@2483-1@3@bas$Schneew.@20008845-1@2@aut,,,comb. nov.,,1.1,f,hydrogalium~tanganyikense,rubiaceaehydrogalium~tanganyikense~,,310,wfo-1000089585,,species,,,,
urn:lsid:ipni.org:names:77378902-1,(Wernham) Kadereit & Schneew.,Rubiaceae Galium trianae Wernham,(Wernham),107223-2,,,75(2)-e70119: 22,,,,,,,,,,,,20/04/2026 15:16,20/04/2026 15:17,,,Rubiaceae,Hydrogalium trianae,Hydrogalium trianae,Hydrogalium,,f,f,,,,,,,,,,,,,,,,,,,,,,,,,,,,,77378450-1,Taxon,urn:lsid:ipni.org:publications:812-2,2026,2026 [30 Mar 2026],[30 Mar 2026],Kadereit & Schneew.,spec.,Taxon 75(2)-e70119: 22. 2026 [30 Mar 2026] ,,doi:10.1002/tax.70119,,,11,trianae,,,f,t,,,,,,,Schneew.@20008845-1@2@aut$Wernham@11566-1@3@bas$Kadereit@14763-1@1@aut,,,comb. nov.,,1.2,f,hydrogalium~trianae,rubiaceaehydrogalium~trianae~,,311,wfo-1000089586,,species,,,,
urn:lsid:ipni.org:names:77378903-1,(L.) Kadereit & Schneew.,Rubiaceae Galium trifidum L.,(L.),750768-1,,,75(2)-e70119: 22,,,,,,,,,,,,20/04/2026 15:17,20/04/2026 15:17,,,Rubiaceae,Hydrogalium trifidum,Hydrogalium trifidum,Hydrogalium,,f,f,,,,,,,,,,,,,,,,,,,,,,,,,,,,,77378450-1,Taxon,urn:lsid:ipni.org:publications:812-2,2026,2026 [30 Mar 2026],[30 Mar 2026],Kadereit & Schneew.,spec.,Taxon 75(2)-e70119: 22. 2026 [30 Mar 2026] ,,doi:10.1002/tax.70119,,,11,trifidum,,,f,t,,,,,,,L.@12653-1@3@bas$Schneew.@20008845-1@2@aut$Kadereit@14763-1@1@aut,,,comb. nov.,,1.1,f,hydrogalium~trifidum,rubiaceaehydrogalium~trifidum~,,312,wfo-1000089587,,species,,,,
urn:lsid:ipni.org:names:77378904-1,(DC.) Hook.f.,Asteraceae Madaractis DC.,(DC.),9925-1,,,3(8): 343,,,,,,,,,,,,20/04/2026 20:53,20/04/2026 20:53,,,Asteraceae,Senecio sect. Madaractis,Senecio sect. Madaractis,Senecio,,f,f,,,,madaractis,,,,,,,,,,,,,,,,,,,,,,,,,325904-2,Fl. Brit. India,urn:lsid:ipni.org:publications:922-2,1881,1881 [Mar 1881],[Mar 1881],Hook.f.,sect.,Fl. Brit. India 3(8): 343. 1881 [Mar 1881] ,,,,,11,,,,f,t,,,,,,,Hook.f.@4084-1@1@aut$DC.@16855-1@2@bas,,,stat. nov.,,1.1,f,seneciomadaractis,asteraceaeseneciomadaractis~~,,313,wfo-1000089588,,section,,,,
urn:lsid:ipni.org:names:77378907-1,Metzg.,,,,,,50,,,,,,,,,,,,21/04/2026 07:18,01/05/2026 18:17,,,Brassicaceae,Brassica rapa var. biennis,Brassica rapa var. biennis,Brassica,,f,f,,,,,biennis,,,,,,,,,,nom. illeg. nom. superfl.,,nom. illeg.,,,,,,,,,,,,279485-1,Syst. Beschr. Kohlart.,urn:lsid:ipni.org:publications:20011546-2,1833,1833,,Metzg.,var.,Syst. Beschr. Kohlart. 50. 1833 ,,Publ. as: 'Erste Spielart. Brassica Rapa oleifera biennis'. Metzger cites B. rapa oleifera DC. as a synonym.,,,9,rapa,L.,,f,t,,,,,,,Metzg.@6396-1@1@aut,L.@0-0@1@aut,,tax. nov.,,1.4,f,brassica~rapabiennis,brassicaceaebrassica~rapabiennis,,314,wfo-1200118292,,variety,,,,
urn:lsid:ipni.org:names:77378908-1,X.L.Hou & Z.Yuan Shi,,,,,,273: 198,,12,,4,,268,2024,,Y.J.Li,,,21/04/2026 07:25,21/04/2026 14:57,"Yunnan (China South-Central, China, Asia-Temperate)",E,Annonaceae,Miliusa aurilaveoides,Miliusa aurilaveoides,Miliusa,,f,f,,,,,,,,22,58,58,"Tianbao Town, Malipo County, 123 m",104,47,2,,,,,,N,,,,,,,,,331081-2,PhytoKeys,urn:lsid:ipni.org:publications:20011997-1,2026,2026 [21 Apr 2026],[21 Apr 2026],X.L.Hou & Z.Yuan Shi,spec.,PhytoKeys 273: 198. 2026 [21 Apr 2026] ,,"doi:10.3897/phytokeys.273.174592 [english] Etymology: the specific epithet refers to the morphology of the flower buds, which have a narrowly conical upper portion, an abruptly constricted middle, and an urn-shaped base, collectively resembling an aurilave (ear syringe). The suffix '-oides' denotes resemblance.",,,11,aurilaveoides,,,f,t,,holotype AU;isotype AU,,,,,X.L.Hou@20000100-1@1@aut$Z.Yuan Shi@20077975-1@2@aut,,,tax. nov.,,1.2,f,miliusa~aurilaveoides,annonaceaemiliusa~aurilaveoides~,,315,wfo-1000089589,,species,,,,
urn:lsid:ipni.org:names:77378909-1,X.L.Hou & Z.Yuan Shi,,,,,,273: 208,,9,,1,,2025010901,2025,,Z.Y.Shi,,,21/04/2026 07:27,21/04/2026 15:00,"Yunnan (China South-Central, China, Asia-Temperate)",E,Annonaceae,Miliusa xiaoboi,Miliusa xiaoboi,Miliusa,,f,f,,,,,,,,23,9,6,"Yakouzai, Xinjie Town, Wenshan City, 1450 m",103,58,39,,,,,,N,,,,,,,,,331081-2,PhytoKeys,urn:lsid:ipni.org:publications:20011997-1,2026,2026 [21 Apr 2026],[21 Apr 2026],X.L.Hou & Z.Yuan Shi,spec.,PhytoKeys 273: 208. 2026 [21 Apr 2026] ,,"doi:10.3897/phytokeys.273.174592 [english] Etymology: the specific epithet honors Bo Xiao, a forestry technologist who assisted in collecting material for this study.",,,11,xiaoboi,,,f,t,,holotype AU;isotype AU,,,,,X.L.Hou@20000100-1@1@aut$Z.Yuan Shi@20077975-1@2@aut,,,tax. nov.,,1.3,f,miliusa~xiaoboi,annonaceaemiliusa~xiaoboi~,,316,wfo-1000089590,,species,,,,
urn:lsid:ipni.org:names:77378910-1,"Ikhwan., S.Hoong Tan & Rusea",,,,,,78(1): 76,,20,,12,,MIME200,2024,,Ikhwanuddin,,,21/04/2026 09:21,24/04/2026 17:45,"Peninsular Malaysia (Malaya, Malesia, Asia-Tropical)",,Zingiberaceae,Alpinia lenggongensis,Alpinia lenggongensis,Alpinia,,f,f,,,,,,,,,,,Perak: Lenggong,,,,,,,,,,,,,,,,,,328388-2,Malayan Nat. J.,urn:lsid:ipni.org:publications:8006-2,2026,2026 [Mar 2026],[Mar 2026],"Ikhwan., S.Hoong Tan & Rusea",spec.,Malayan Nat. J. 78(1): 76. 2026 [Mar 2026] ,,"doi:10.62613/mnj.26781.06 [english] Etymology: the specific epithet is named after the location of the type specimen, Lenggong.",,,11,lenggongensis,,,f,t,,holotype UPM;isotype MARDI,,,,,Rusea@20003689-1@3@aut$S.Hoong Tan@20079241-1@2@aut$Ikhwan.@20098039-1@1@aut,,,tax. nov.,,1.5,f,alpinia~lenggongensis,zingiberaceaealpinia~lenggongensis~,,317,wfo-1000089591,,species,,,,
urn:lsid:ipni.org:names:77378911-1,(Req. ex DC.) Kadereit & Schneew.,Rubiaceae Galium canum Req. ex DC.,(Req. ex DC.),749676-1,,,75(2)-e70119: 22,,,,,,,,,,,,21/04/2026 12:31,21/04/2026 12:31,,,Rubiaceae,Jubogalium canum,Jubogalium canum,Jubogalium,,f,f,,,,,,,,,,,,,,,,,,,,,,,,,,,,,77378679-1,Taxon,urn:lsid:ipni.org:publications:812-2,2026,2026 [30 Mar 2026],[30 Mar 2026],Kadereit & Schneew.,spec.,Taxon 75(2)-e70119: 22. 2026 [30 Mar 2026] ,,doi:10.1002/tax.70119,,,11,canum,,,f,t,,,,,,,Req.@8299-1@3@bas$DC.@16855-1@4@basEx$Schneew.@20008845-1@2@aut$Kadereit@14763-1@1@aut,,,comb. nov.,,1.1,f,jubogalium~canum,rubiaceaejubogalium~canum~,,318,wfo-1000089592,,species,,,,
urn:lsid:ipni.org:names:77378912-1,(Boiss.) Kadereit & Schneew.,Rubiaceae Galium cappadocicum Boiss.,(Boiss.),749683-1,,,75(2)-e70119: 22,,,,,,,,,,,,21/04/2026 12:33,21/04/2026 12:33,,,Rubiaceae,Jubogalium cappadocicum,Jubogalium cappadocicum,Jubogalium,,f,f,,,,,,,,,,,,,,,,,,,,,,,,,,,,,77378679-1,Taxon,urn:lsid:ipni.org:publications:812-2,2026,2026 [30 Mar 2026],[30 Mar 2026],Kadereit & Schneew.,spec.,Taxon 75(2)-e70119: 22. 2026 [30 Mar 2026] ,,doi:10.1002/tax.70119,,,11,cappadocicum,,,f,t,,,,,,,Kadereit@14763-1@1@aut$Schneew.@20008845-1@2@aut$Boiss.@16284-1@3@bas,,,comb. nov.,,1.1,f,jubogalium~cappadocicum,rubiaceaejubogalium~cappadocicum~,,319,wfo-1000089593,,species,,,,
urn:lsid:ipni.org:names:77378913-1,(Boiss.) Kadereit & Schneew.,Rubiaceae Galium cassium Boiss.,(Boiss.),749693-1,,,75(2)-e70119: 22,,,,,,,,,,,,21/04/2026 12:34,21/04/2026 12:34,,,Rubiaceae,Jubogalium cassium,Jubogalium cassium,Jubogalium,,f,f,,,,,,,,,,,,,,,,,,,,,,,,,,,,,77378679-1,Taxon,urn:lsid:ipni.org:publications:812-2,2026,2026 [30 Mar 2026],[30 Mar 2026],Kadereit & Schneew.,spec.,Taxon 75(2)-e70119: 22. 2026 [30 Mar 2026] ,,doi:10.1002/tax.70119,,,11,cassium,,,f,t,,,,,,,Schneew.@20008845-1@2@aut$Kadereit@14763-1@1@aut$Boiss.@16284-1@3@bas,,,comb. nov.,,1.1,f,jubogalium~cassium,rubiaceaejubogalium~cassium~,,320,wfo-1000089594,,species,,,,
urn:lsid:ipni.org:names:77378914-1,(Boiss.) Kadereit & Schneew.,Rubiaceae Galium dumosum Boiss.,(Boiss.),749842-1,,,75(2)-e70119: 22,,,,,,,,,,,,21/04/2026 12:35,21/04/2026 12:35,,,Rubiaceae,Jubogalium dumosum,Jubogalium dumosum,Jubogalium,,f,f,,,,,,,,,,,,,,,,,,,,,,,,,,,,,77378679-1,Taxon,urn:lsid:ipni.org:publications:812-2,2026,2026 [30 Mar 2026],[30 Mar 2026],Kadereit & Schneew.,spec.,Taxon 75(2)-e70119: 22. 2026 [30 Mar 2026] ,,doi:10.1002/tax.70119,,,11,dumosum,,,f,t,,,,,,,Schneew.@20008845-1@2@aut$Boiss.@16284-1@3@bas$Kadereit@14763-1@1@aut,,,comb. nov.,,1.1,f,jubogalium~dumosum,rubiaceaejubogalium~dumosum~,,321,wfo-1000089595,,species,,,,
urn:lsid:ipni.org:names:77378915-1,Junhao Chen & Cheah,,,,,,27: 50,,6,,3,,99361,2022,,"Y.H.Cheah, S.Syahida Emiza, H.L.Kueh",,,21/04/2026 12:35,24/04/2026 17:37,"Peninsular Malaysia (Malaya, Malesia, Asia-Tropical);Thailand (Indo-China, Asia-Tropical);",E,Rubiaceae,Tarenna khoonmengiana,Tarenna khoonmengiana,Tarenna,,f,f,,,,,,,,5,45,,"Peninsular Malaysia: Perak, Hulu Perak, Royal Belum State Park, Gunung Ulu Temin, base camp towards drop-off point, 330 m",101,23,,,,,,,N,,,,,,,,,327893-2,Sandakania,urn:lsid:ipni.org:publications:17687-2,2025,2025 [31 Dec 2025],[31 Dec 2025],Junhao Chen & Cheah,spec.,Sandakania 27: 50. 2025 [31 Dec 2025] ,,"Etymology: the specific epithet is named in honour of Dr Wong Khoon Meng, principle researcher of bamboos and Rubiaceae at the Singapore Botanic Gardens.",,,11,khoonmengiana,,,f,t,,"holotype KEP 298100, 298101",,A single holotype specimen spread over two sheets.,,,Junhao Chen@20027233-1@1@aut$Cheah@20098040-1@2@aut,,,tax. nov.,,1.2,f,tarenna~khoonmengiana,rubiaceaetarenna~khoonmengiana~,,322,wfo-1000089596,,species,,,,
urn:lsid:ipni.org:names:77378916-1,(P.H.Davis) Kadereit & Schneew.,Rubiaceae Galium exstipulatum P.H.Davis,(P.H.Davis),749879-1,,,75(2)-e70119: 22,,,,,,,,,,,,21/04/2026 12:36,21/04/2026 12:36,,,Rubiaceae,Jubogalium exstipulatum,Jubogalium exstipulatum,Jubogalium,,f,f,,,,,,,,,,,,,,,,,,,,,,,,,,,,,77378679-1,Taxon,urn:lsid:ipni.org:publications:812-2,2026,2026 [30 Mar 2026],[30 Mar 2026],Kadereit & Schneew.,spec.,Taxon 75(2)-e70119: 22. 2026 [30 Mar 2026] ,,doi:10.1002/tax.70119,,,11,exstipulatum,,,f,t,,,,,,,Kadereit@14763-1@1@aut$Schneew.@20008845-1@2@aut$P.H.Davis@2032-1@3@bas,,,comb. nov.,,1.1,f,jubogalium~exstipulatum,rubiaceaejubogalium~exstipulatum~,,323,wfo-1000089597,,species,,,,
urn:lsid:ipni.org:names:77378917-1,(L.) Kadereit & Schneew.,Rubiaceae Galium graecum L.,(L.),749968-1,,,75(2)-e70119: 22,,,,,,,,,,,,21/04/2026 12:37,21/04/2026 12:37,,,Rubiaceae,Jubogalium graecum,Jubogalium graecum,Jubogalium,,f,f,,,,,,,,,,,,,,,,,,,,,,,,,,,,,77378679-1,Taxon,urn:lsid:ipni.org:publications:812-2,2026,2026 [30 Mar 2026],[30 Mar 2026],Kadereit & Schneew.,spec.,Taxon 75(2)-e70119: 22. 2026 [30 Mar 2026] ,,doi:10.1002/tax.70119,,,11,graecum,,,f,t,,,,,,,Kadereit@14763-1@1@aut$Schneew.@20008845-1@2@aut$L.@12653-1@3@bas,,,comb. nov.,,1.1,f,jubogalium~graecum,rubiaceaejubogalium~graecum~,,324,wfo-1000089598,,species,,,,
urn:lsid:ipni.org:names:77378918-1,(Kotschy) Kadereit & Schneew.,Rubiaceae Galium jemense Kotschy,(Kotschy),750084-1,,,75(2)-e70119: 22,,,,,,,,,,,,21/04/2026 12:38,21/04/2026 12:38,,,Rubiaceae,Jubogalium jemense,Jubogalium jemense,Jubogalium,,f,f,,,,,,,,,,,,,,,,,,,,,,,,,,,,,77378679-1,Taxon,urn:lsid:ipni.org:publications:812-2,2026,2026 [30 Mar 2026],[30 Mar 2026],Kadereit & Schneew.,spec.,Taxon 75(2)-e70119: 22. 2026 [30 Mar 2026] ,,doi:10.1002/tax.70119,,,11,jemense,,,f,t,,,,,,,Schneew.@20008845-1@2@aut$Kotschy@4989-1@3@bas$Kadereit@14763-1@1@aut,,,comb. nov.,,1.1,f,jubogalium~jemense,rubiaceaejubogalium~jemense~,,325,wfo-1000089599,,species,,,,
urn:lsid:ipni.org:names:77378919-1,(Boiss.) Kadereit & Schneew.,Rubiaceae Galium jungermannioides Boiss.,(Boiss.),750095-1,,,75(2)-e70119: 22,,,,,,,,,,,,21/04/2026 12:39,21/04/2026 12:39,,,Rubiaceae,Jubogalium jungermannioides,Jubogalium jungermannioides,Jubogalium,,f,f,,,,,,,,,,,,,,,,,,,,,,,,,,,,,77378679-1,Taxon,urn:lsid:ipni.org:publications:812-2,2026,2026 [30 Mar 2026],[30 Mar 2026],Kadereit & Schneew.,spec.,Taxon 75(2)-e70119: 22. 2026 [30 Mar 2026] ,,doi:10.1002/tax.70119,,,11,jungermannioides,,,f,t,,,,,,,Kadereit@14763-1@1@aut$Boiss.@16284-1@3@bas$Schneew.@20008845-1@2@aut,,,comb. nov.,,1.1,f,jubogalium~jungermannioides,rubiaceaejubogalium~jungermannioides~,,326,wfo-1000089600,,species,,,,
urn:lsid:ipni.org:names:77378920-1,(Deflers) Kadereit & Schneew.,Rubiaceae Galium kahelianum Deflers,(Deflers),750101-1,,,75(2)-e70119: 22,,,,,,,,,,,,21/04/2026 12:40,21/04/2026 12:40,,,Rubiaceae,Jubogalium kahelianum,Jubogalium kahelianum,Jubogalium,,f,f,,,,,,,,,,,,,,,,,,,,,,,,,,,,,77378679-1,Taxon,urn:lsid:ipni.org:publications:812-2,2026,2026 [30 Mar 2026],[30 Mar 2026],Kadereit & Schneew.,spec.,Taxon 75(2)-e70119: 22. 2026 [30 Mar 2026] ,,doi:10.1002/tax.70119,,,11,kahelianum,,,f,t,,,,,,,Kadereit@14763-1@1@aut$Deflers@17881-1@3@bas$Schneew.@20008845-1@2@aut,,,comb. nov.,,1.1,f,jubogalium~kahelianum,rubiaceaejubogalium~kahelianum~,,327,wfo-1000089601,,species,,,,
urn:lsid:ipni.org:names:77378921-1,Rouy ex Willk.,,,,,,1: 150,,,,,,,,,,,,21/04/2026 12:40,21/04/2026 12:40,,,Caryophyllaceae,Silene hifacensis var. pseudogibraltarica,Silene hifacensis var. pseudogibraltarica,Silene,,f,f,,,,,pseudogibraltarica,,,,,,,,,,,,,,,,,,,,,,,,157494-1,Ill. Fl. Hispan. [Willkomm],urn:lsid:ipni.org:publications:9985-2,1885,1885 [Aug 1885],[Aug 1885],Rouy ex Willk.,var.,Ill. Fl. Hispan. [Willkomm] 1: 150. 1885 [Aug 1885] ,,,,,8,hifacensis,Rouy ex Willk.,,f,t,,,,,,,Willk.@11723-1@2@autEx$Rouy@8674-1@1@aut,Rouy@8674-1@1@aut$Willk.@11723-1@2@autEx,,tax. nov.,,1.1,f,silene~hifacensispseudogibraltarica,caryophyllaceaesilene~hifacensispseudogibraltarica,,328,wfo-1200118293,,variety,,,,
urn:lsid:ipni.org:names:77378922-1,(Boiss. & Heldr.) Kadereit & Schneew.,Rubiaceae Galium pamphylicum Boiss. & Heldr.,(Boiss. & Heldr.),750372-1,,,75(2)-e70119: 22,,,,,,,,,,,,21/04/2026 12:40,21/04/2026 12:40,,,Rubiaceae,Jubogalium pamphylicum,Jubogalium pamphylicum,Jubogalium,,f,f,,,,,,,,,,,,,,,,,,,,,,,,,,,,,77378679-1,Taxon,urn:lsid:ipni.org:publications:812-2,2026,2026 [30 Mar 2026],[30 Mar 2026],Kadereit & Schneew.,spec.,Taxon 75(2)-e70119: 22. 2026 [30 Mar 2026] ,,doi:10.1002/tax.70119,,,11,pamphylicum,,,f,t,,,,,,,Schneew.@20008845-1@2@aut$Heldr.@3803-1@4@bas$Kadereit@14763-1@1@aut$Boiss.@16284-1@3@bas,,,comb. nov.,,1.1,f,jubogalium~pamphylicum,rubiaceaejubogalium~pamphylicum~,,329,wfo-1000089602,,species,,,,
urn:lsid:ipni.org:names:77378923-1,Rouy ex Willk.,,,,,,1: 150,,,,,,,,,,,,21/04/2026 12:41,21/04/2026 12:41,,,Caryophyllaceae,Silene hifacensis var. parvifolia,Silene hifacensis var. parvifolia,Silene,,f,f,,,,,parvifolia,,,,,,,,,,,,,,,,,,,,,,,,157494-1,Ill. Fl. Hispan. [Willkomm],urn:lsid:ipni.org:publications:9985-2,1885,1885 [Aug 1885],[Aug 1885],Rouy ex Willk.,var.,Ill. Fl. Hispan. [Willkomm] 1: 150. 1885 [Aug 1885] ,,,,,8,hifacensis,Rouy ex Willk.,,f,t,,,,,,,Rouy@8674-1@1@aut$Willk.@11723-1@2@autEx,Rouy@8674-1@1@aut$Willk.@11723-1@2@autEx,,tax. nov.,,1.1,f,silene~hifacensisparvifolia,caryophyllaceaesilene~hifacensisparvifolia,,330,wfo-1200118294,,variety,,,,
urn:lsid:ipni.org:names:77378924-1,(Hub.-Mor. ex Ehrend. & Schönb.-Tem.) Kadereit & Schneew.,Rubiaceae Galium parvulum Hub.-Mor. ex Ehrend. & Schönb.-Tem.,(Hub.-Mor. ex Ehrend. & Schönb.-Tem.),750392-1,,,75(2)-e70119: 22,,,,,,,,,,,,21/04/2026 12:42,21/04/2026 12:42,,,Rubiaceae,Jubogalium parvulum,Jubogalium parvulum,Jubogalium,,f,f,,,,,,,,,,,,,,,,,,,,,,,,,,,,,77378679-1,Taxon,urn:lsid:ipni.org:publications:812-2,2026,2026 [30 Mar 2026],[30 Mar 2026],Kadereit & Schneew.,spec.,Taxon 75(2)-e70119: 22. 2026 [30 Mar 2026] ,,doi:10.1002/tax.70119,,,11,parvulum,,,f,t,,,,,,,Hub.-Mor.@4197-1@3@bas$Kadereit@14763-1@1@aut$Schneew.@20008845-1@2@aut$Ehrend.@2483-1@4@basEx$Schönb.-Tem.@10494-1@5@basEx,,,comb. nov.,,1.1,f,jubogalium~parvulum,rubiaceaejubogalium~parvulum~,,331,wfo-1000089603,,species,,,,
urn:lsid:ipni.org:names:77378925-1,Rouy ex Willk.,,,,,,1: 150,,,,,,,,,,,,21/04/2026 12:42,21/04/2026 12:42,,,Caryophyllaceae,Silene hifacensis var. pseudovelutina,Silene hifacensis var. pseudovelutina,Silene,,f,f,,,,,pseudovelutina,,,,,,,,,,,,,,,,,,,,,,,,157494-1,Ill. Fl. Hispan. [Willkomm],urn:lsid:ipni.org:publications:9985-2,1885,1885 [Aug 1885],[Aug 1885],Rouy ex Willk.,var.,Ill. Fl. Hispan. [Willkomm] 1: 150. 1885 [Aug 1885] ,,,,,8,hifacensis,Rouy ex Willk.,,f,t,,,,,,,Rouy@8674-1@1@aut$Willk.@11723-1@2@autEx,Willk.@11723-1@2@autEx$Rouy@8674-1@1@aut,,tax. nov.,,1.1,f,silene~hifacensispseudovelutina,caryophyllaceaesilene~hifacensispseudovelutina,,332,wfo-1200118295,,variety,,,,
urn:lsid:ipni.org:names:77378926-1,P.K.Hoo & Sugumaran,,,,,,27: 64,,14,,11,,FRI 69893,2009,,Md. Hairul et al.,,,21/04/2026 12:42,21/04/2026 12:42,"Peninsular Malaysia (Malaya, Malesia, Asia-Tropical)",E,Rubiaceae,Timonius benomensis,Timonius benomensis,Timonius,,f,f,,,,,,,,3,51,,"Pahang, Temerloh, Krau Wildlife Reserve, Gunung Benom, Simpang Permatang Angin to Gunung Lilin area, 1700 m",102,8,,,,,,,N,,,,,,,,,332019-2,Sandakania,urn:lsid:ipni.org:publications:17687-2,2025,2025 [31 Dec 2025],[31 Dec 2025],P.K.Hoo & Sugumaran,spec.,Sandakania 27: 64. 2025 [31 Dec 2025] ,,"Etymology: the specific epithet is named for the type locality, Gunung Benom.",,,11,benomensis,,,f,t,,holotype KEP KEP187074;isotype K K004683871,,,,,Sugumaran@20021388-1@2@aut$P.K.Hoo@20062295-1@1@aut,,,tax. nov.,,1.1,f,timonius~benomensis,rubiaceaetimonius~benomensis~,,333,wfo-1000089604,,species,,,,
urn:lsid:ipni.org:names:77378927-1,(Oliv. ex Hart) Kadereit & Schneew.,Rubiaceae Galium petrae Oliv. ex Hart,(Oliv. ex Hart),750421-1,,,75(2)-e70119: 22,,,,,,,,,,,,21/04/2026 12:46,21/04/2026 12:46,,,Rubiaceae,Jubogalium petrae,Jubogalium petrae,Jubogalium,,f,f,,,,,,,,,,,,,,,,,,,,,,,,,,,,,77378679-1,Taxon,urn:lsid:ipni.org:publications:812-2,2026,2026 [30 Mar 2026],[30 Mar 2026],Kadereit & Schneew.,spec.,Taxon 75(2)-e70119: 22. 2026 [30 Mar 2026] ,,doi:10.1002/tax.70119,,,11,petrae,,,f,t,,,,,,,Hart@34829-1@4@basEx$Oliv.@7128-1@3@bas$Kadereit@14763-1@1@aut$Schneew.@20008845-1@2@aut,,,comb. nov.,,1.1,f,jubogalium~petrae,rubiaceaejubogalium~petrae~,,334,wfo-1000089605,,species,,,,
urn:lsid:ipni.org:names:77378928-1,P.K.Hoo & Sugumaran,,,,,,27: 66,,,,3,,3913,1890,,Wray,,,21/04/2026 12:47,21/04/2026 12:47,"Peninsular Malaysia (Malaya, Malesia, Asia-Tropical)",,Rubiaceae,Timonius bubuensis,Timonius bubuensis,Timonius,,f,f,,,,,,,,,,,"Perak, Larut, Gunung Bubu, 1370 m",,,,,,,,,,,,,,,,,,332019-2,Sandakania,urn:lsid:ipni.org:publications:17687-2,2025,2025 [31 Dec 2025],[31 Dec 2025],P.K.Hoo & Sugumaran,spec.,Sandakania 27: 66. 2025 [31 Dec 2025] ,,"Etymology: the specific epithet is named for the type locality, Gunung Bubu.",,,11,bubuensis,,,f,t,,holotype SING SING0129086,,,,,P.K.Hoo@20062295-1@1@aut$Sugumaran@20021388-1@2@aut,,,tax. nov.,,1.1,f,timonius~bubuensis,rubiaceaetimonius~bubuensis~,,335,wfo-1000089606,,species,,,,
urn:lsid:ipni.org:names:77378929-1,(H.Duman & E.Doğan) Kadereit & Schneew.,Rubiaceae Galium polatliense H.Duman & E.Doğan,(H.Duman & E.Doğan),77369320-1,,,75(2)-e70119: 22,,,,,,,,,,,,21/04/2026 12:48,21/04/2026 12:48,,,Rubiaceae,Jubogalium polatliense,Jubogalium polatliense,Jubogalium,,f,f,,,,,,,,,,,,,,,,,,,,,,,,,,,,,77378679-1,Taxon,urn:lsid:ipni.org:publications:812-2,2026,2026 [30 Mar 2026],[30 Mar 2026],Kadereit & Schneew.,spec.,Taxon 75(2)-e70119: 22. 2026 [30 Mar 2026] ,,doi:10.1002/tax.70119,,,11,polatliense,,,f,t,,,,,,,E.Doğan@20006817-1@4@bas$H.Duman@34823-1@3@bas$Kadereit@14763-1@1@aut$Schneew.@20008845-1@2@aut,,,comb. nov.,,1.1,f,jubogalium~polatliense,rubiaceaejubogalium~polatliense~,,336,wfo-1000089607,,species,,,,
urn:lsid:ipni.org:names:77378930-1,(Lam.) Kadereit & Schneew.,Rubiaceae Galium setaceum Lam.,(Lam.),750624-1,,,75(2)-e70119: 22,,,,,,,,,,,,21/04/2026 12:49,21/04/2026 12:49,,,Rubiaceae,Jubogalium setaceum,Jubogalium setaceum,Jubogalium,,f,f,,,,,,,,,,,,,,,,,,,,,,,,,,,,,77378679-1,Taxon,urn:lsid:ipni.org:publications:812-2,2026,2026 [30 Mar 2026],[30 Mar 2026],Kadereit & Schneew.,spec.,Taxon 75(2)-e70119: 22. 2026 [30 Mar 2026] ,,doi:10.1002/tax.70119,,,11,setaceum,,,f,t,,,,,,,Schneew.@20008845-1@2@aut$Lam.@5227-1@3@bas$Kadereit@14763-1@1@aut,,,comb. nov.,,1.1,f,jubogalium~setaceum,rubiaceaejubogalium~setaceum~,,337,wfo-1000089608,,species,,,,
urn:lsid:ipni.org:names:77378931-1,(Delile ex Decne.) Kadereit & Schneew.,Rubiaceae Asperula sinaica Delile ex Decne.,(Delile ex Decne.),744176-1,,,75(2)-e70119: 22,,,,,,,,,,,,21/04/2026 12:50,21/04/2026 12:50,,,Rubiaceae,Jubogalium sinaicum,Jubogalium sinaicum,Jubogalium,,f,f,,,,,,,,,,,,,,,,,,,,,,,,,,,,,77378679-1,Taxon,urn:lsid:ipni.org:publications:812-2,2026,2026 [30 Mar 2026],[30 Mar 2026],Kadereit & Schneew.,spec.,Taxon 75(2)-e70119: 22. 2026 [30 Mar 2026] ,,doi:10.1002/tax.70119,,,11,sinaicum,,,f,t,,,,,,,Schneew.@20008845-1@2@aut$Kadereit@14763-1@1@aut$Delile@17907-1@3@bas$Decne.@2063-1@4@basEx,,,comb. nov.,,1.1,f,jubogalium~sinaicum,rubiaceaejubogalium~sinaicum~,,338,wfo-1000089609,,species,,,,
urn:lsid:ipni.org:names:77378932-1,(Ehrend.) Kadereit & Schneew.,Rubiaceae Galium thiebautii Ehrend.,(Ehrend.),750736-1,,,75(2)-e70119: 22,,,,,,,,,,,,21/04/2026 12:51,21/04/2026 12:51,,,Rubiaceae,Jubogalium thiebautii,Jubogalium thiebautii,Jubogalium,,f,f,,,,,,,,,,,,,,,,,,,,,,,,,,,,,77378679-1,Taxon,urn:lsid:ipni.org:publications:812-2,2026,2026 [30 Mar 2026],[30 Mar 2026],Kadereit & Schneew.,spec.,Taxon 75(2)-e70119: 22. 2026 [30 Mar 2026] ,,doi:10.1002/tax.70119,,,11,thiebautii,,,f,t,,,,,,,Kadereit@14763-1@1@aut$Ehrend.@2483-1@3@bas$Schneew.@20008845-1@2@aut,,,comb. nov.,,1.1,f,jubogalium~thiebautii,rubiaceaejubogalium~thiebautii~,,339,wfo-1000089610,,species,,,,
urn:lsid:ipni.org:names:77378933-1,(Hook.f.) Kadereit & Schneew.,Rubiaceae Galium albescens Hook.f.,(Hook.f.),749479-1,,,75(2)-e70119: 22,,,,,,,,,,,,21/04/2026 12:54,21/04/2026 12:54,,,Rubiaceae,Trichogalium albescens,Trichogalium albescens,Trichogalium,,f,f,,,,,,,,,,,,,,,,,,,,,,,,,,,,,35479-1,Taxon,urn:lsid:ipni.org:publications:812-2,2026,2026 [30 Mar 2026],[30 Mar 2026],Kadereit & Schneew.,spec.,Taxon 75(2)-e70119: 22. 2026 [30 Mar 2026] ,,doi:10.1002/tax.70119,,,11,albescens,,,f,t,,,,,,,Schneew.@20008845-1@2@aut$Kadereit@14763-1@1@aut$Hook.f.@4084-1@3@bas,,,comb. nov.,,1.1,f,trichogalium~albescens,rubiaceaetrichogalium~albescens~,,340,wfo-1000089611,,species,,,,
urn:lsid:ipni.org:names:77378934-1,P.K.Hoo & Sugumaran,,,,,,27: 76,,17,,9,,863,1966,,Hou,,,21/04/2026 12:57,21/04/2026 12:57,"Peninsular Malaysia (Malaya, Malesia, Asia-Tropical)",,Rubiaceae,Timonius khoonmengii,Timonius khoonmengii,Timonius,,f,f,,,,,,,,,,,"Pahang, Cameron Highlands, 1500 m",,,,,,,,,,,,,,,,,,332019-2,Sandakania,urn:lsid:ipni.org:publications:17687-2,2025,2025 [31 Dec 2025],[31 Dec 2025],P.K.Hoo & Sugumaran,spec.,Sandakania 27: 76. 2025 [31 Dec 2025] ,,"Etymology: the specific epithet is named in honour of Dr Wong Khoon Meng, principle researcher of bamboos and Rubiaceae at the Singapore Botanic Gardens.",,,11,khoonmengii,,,f,t,,holotype KEP KEP284732;isotype L L2970147,,,,,P.K.Hoo@20062295-1@1@aut$Sugumaran@20021388-1@2@aut,,,tax. nov.,,1.1,f,timonius~khoonmengii,rubiaceaetimonius~khoonmengii~,,341,wfo-1000089612,,species,,,,
urn:lsid:ipni.org:names:77378935-1,P.K.Hoo & Sugumaran,,,,,,27: 83,,,,12,,2607,1881,,King's Collector,,,21/04/2026 13:03,21/04/2026 13:03,"Peninsular Malaysia (Malaya, Malesia, Asia-Tropical)",,Rubiaceae,Timonius rarissimus,Timonius rarissimus,Timonius,,f,f,,,,,,,,,,,"Perak, Larut, ca. 915 m",,,,,,,,,,,,,,,,,,332019-2,Sandakania,urn:lsid:ipni.org:publications:17687-2,2025,2025 [31 Dec 2025],[31 Dec 2025],P.K.Hoo & Sugumaran,spec.,Sandakania 27: 83. 2025 [31 Dec 2025] ,,Etymology: the specific epithet alludes to the rarity of this species.,,,11,rarissimus,,,f,t,,holotype K K001325676,,,,,Sugumaran@20021388-1@2@aut$P.K.Hoo@20062295-1@1@aut,,,tax. nov.,,1.1,f,timonius~rarissimus,rubiaceaetimonius~rarissimus~,,342,wfo-1000089613,,species,,,,
urn:lsid:ipni.org:names:77378936-1,Kadereit & Schneew.,,,,,,75(2)-e70119: 22,,,,,,,,,,,,21/04/2026 13:06,21/04/2026 13:45,,,Rubiaceae,Trichogalium ambiguum,Trichogalium ambiguum,Trichogalium,,f,f,,,,,,,,,,,,,,,,,,,,,,,,,,,,,35479-1,Taxon,urn:lsid:ipni.org:publications:812-2,2026,2026 [30 Mar 2026],[30 Mar 2026],Kadereit & Schneew.,spec.,Taxon 75(2)-e70119: 22. 2026 [30 Mar 2026] ,,doi:10.1002/tax.70119 Note: Published as a comb. nov. but 'basionym' is nom. illeg.,106902-2,,9,ambiguum,,,f,t,,,,,,,Schneew.@20008845-1@2@aut$Kadereit@14763-1@1@aut,,,nom. nov.,,1.2,f,trichogalium~ambiguum,rubiaceaetrichogalium~ambiguum~,,343,wfo-1000089614,,species,,,,
urn:lsid:ipni.org:names:77378937-1,"Mahyuni, Arriola & L.Neo",,,,,,27: 91,,14,,10,,SAN 32446,1962,,Aban Gibot,,,21/04/2026 13:19,21/04/2026 13:22,"Kalimantan (Borneo, Malesia, Asia-Tropical);Sabah (Borneo, Malesia, Asia-Tropical);",,Rubiaceae,Pyrostria wongii,Pyrostria wongii,Pyrostria,,f,f,,,,,,,,,,,"Borneo, Sabah, Tawau, Mile 14 Apas",,,,,,,,,,,,,,,,,,35231-1,Sandakania,urn:lsid:ipni.org:publications:17687-2,2025,2025 [31 Dec 2025],[31 Dec 2025],"Mahyuni, Arriola & L.Neo",spec.,Sandakania 27: 91. 2025 [31 Dec 2025] ,,Etymology: the specific epithet is named in honour of Dr K.M.Wong to highlight his significant contribution to plant taxonomy in the Malay Peninsular and Borneo.,,,11,wongii,,,f,t,,holotype SAN;isotype K K005365910; K005365911;isotype L L051889;isotype SING SING0189285,,,,,Arriola@20013901-2@2@aut$Mahyuni@20017419-1@1@aut$L.Neo@20033077-1@3@aut,,,tax. nov.,,1.2,f,pyrostria~wongii,rubiaceaepyrostria~wongii~,,344,wfo-1000089615,,species,,,,
urn:lsid:ipni.org:names:77378938-1,Mahyuni & L.Neo,,,,,,27: 94,,4,,4,,FRI 41257,1994,,"E.Soepadmo, T.Khalkausar, R.George, B.S.John &amp; S.Dewol",,,21/04/2026 13:32,21/04/2026 13:32,"Sabah (Borneo, Malesia, Asia-Tropical)",,Rubiaceae,Pyrostria sabahensis,Pyrostria sabahensis,Pyrostria,,f,f,,,,,,,,,,,"Borneo, Sabah, Sandakan, Telupid, Bukit Tawai Forest Reserve, Sg. Meliau",,,,,,,,,,,,,,,,,,35231-1,Sandakania,urn:lsid:ipni.org:publications:17687-2,2025,2025 [31 Dec 2025],[31 Dec 2025],Mahyuni & L.Neo,spec.,Sandakania 27: 94. 2025 [31 Dec 2025] ,,,,,11,sabahensis,,,f,t,,holotype SAN;isotype BO 0015246;isotype L L0219692;isotype SAR;isotype SING SING0189232,,,,,L.Neo@20033077-1@2@aut$Mahyuni@20017419-1@1@aut,,,tax. nov.,,1.1,f,pyrostria~sabahensis,rubiaceaepyrostria~sabahensis~,,345,wfo-1000089616,,species,,,,
urn:lsid:ipni.org:names:77378939-1,(Schrenk ex Fisch. & C.A.Mey.) Kadereit & Schneew.,Rubiaceae Galium amblyophyllum Schrenk ex Fisch. & C.A.Mey.,(Schrenk ex Fisch. & C.A.Mey.),749496-1,,,75(2)-e70119: 23,,,,,,,,,,,,21/04/2026 13:57,21/04/2026 13:57,,,Rubiaceae,Trichogalium amblyophyllum,Trichogalium amblyophyllum,Trichogalium,,f,f,,,,,,,,,,,,,,,,,,,,,,,,,,,,,35479-1,Taxon,urn:lsid:ipni.org:publications:812-2,2026,2026 [30 Mar 2026],[30 Mar 2026],Kadereit & Schneew.,spec.,Taxon 75(2)-e70119: 23. 2026 [30 Mar 2026] ,,doi:10.1002/tax.70119,,,11,amblyophyllum,,,f,t,,,,,,,C.A.Mey.@6411-1@5@basEx$Kadereit@14763-1@1@aut$Schneew.@20008845-1@2@aut$Fisch.@2744-1@4@basEx$Schrenk@9263-1@3@bas,,,comb. nov.,,1.1,f,trichogalium~amblyophyllum,rubiaceaetrichogalium~amblyophyllum~,,346,wfo-1000089617,,species,,,,
urn:lsid:ipni.org:names:77378940-1,(Pobed.) Kadereit & Schneew.,Rubiaceae Galium amurense Pobed.,(Pobed.),749498-1,,,75(2)-e70119: 23,,,,,,,,,,,,21/04/2026 13:59,21/04/2026 13:59,,,Rubiaceae,Trichogalium amurense,Trichogalium amurense,Trichogalium,,f,f,,,,,,,,,,,,,,,,,,,,,,,,,,,,,35479-1,Taxon,urn:lsid:ipni.org:publications:812-2,2026,2026 [30 Mar 2026],[30 Mar 2026],Kadereit & Schneew.,spec.,Taxon 75(2)-e70119: 23. 2026 [30 Mar 2026] ,,doi:10.1002/tax.70119,,,11,amurense,,,f,t,,,,,,,Schneew.@20008845-1@2@aut$Pobed.@7769-1@3@bas$Kadereit@14763-1@1@aut,,,comb. nov.,,1.1,f,trichogalium~amurense,rubiaceaetrichogalium~amurense~,,347,wfo-1000089618,,species,,,,
urn:lsid:ipni.org:names:77378941-1,(A.Gray) Kadereit & Schneew.,Rubiaceae Galium andrewsii A.Gray,(A.Gray),749501-1,,,75(2)-e70119: 23,,,,,,,,,,,,21/04/2026 14:00,21/04/2026 14:00,,,Rubiaceae,Trichogalium andrewsii,Trichogalium andrewsii,Trichogalium,,f,f,,,,,,,,,,,,,,,,,,,,,,,,,,,,,35479-1,Taxon,urn:lsid:ipni.org:publications:812-2,2026,2026 [30 Mar 2026],[30 Mar 2026],Kadereit & Schneew.,spec.,Taxon 75(2)-e70119: 23. 2026 [30 Mar 2026] ,,doi:10.1002/tax.70119,,,11,andrewsii,,,f,t,,,,,,,Schneew.@20008845-1@2@aut$Kadereit@14763-1@1@aut$A.Gray@19574-1@3@bas,,,comb. nov.,,1.1,f,trichogalium~andrewsii,rubiaceaetrichogalium~andrewsii~,,348,wfo-1000089619,,species,,,,
urn:lsid:ipni.org:names:77378942-1,(A.Gray) Kadereit & Schneew.,Rubiaceae Galium angulosum A.Gray,(A.Gray),749504-1,,,75(2)-e70119: 23,,,,,,,,,,,,21/04/2026 14:01,21/04/2026 14:01,,,Rubiaceae,Trichogalium angulosum,Trichogalium angulosum,Trichogalium,,f,f,,,,,,,,,,,,,,,,,,,,,,,,,,,,,35479-1,Taxon,urn:lsid:ipni.org:publications:812-2,2026,2026 [30 Mar 2026],[30 Mar 2026],Kadereit & Schneew.,spec.,Taxon 75(2)-e70119: 23. 2026 [30 Mar 2026] ,,doi:10.1002/tax.70119,,,11,angulosum,,,f,t,,,,,,,A.Gray@19574-1@3@bas$Schneew.@20008845-1@2@aut$Kadereit@14763-1@1@aut,,,comb. nov.,,1.1,f,trichogalium~angulosum,rubiaceaetrichogalium~angulosum~,,349,wfo-1000089620,,species,,,,
urn:lsid:ipni.org:names:77378943-1,(Hook.f.) Kadereit & Schneew.,Rubiaceae Galium antarcticum Hook.f.,(Hook.f.),749511-1,,,75(2)-e70119: 23,,,,,,,,,,,,21/04/2026 14:02,21/04/2026 14:02,,,Rubiaceae,Trichogalium antarcticum,Trichogalium antarcticum,Trichogalium,,f,f,,,,,,,,,,,,,,,,,,,,,,,,,,,,,35479-1,Taxon,urn:lsid:ipni.org:publications:812-2,2026,2026 [30 Mar 2026],[30 Mar 2026],Kadereit & Schneew.,spec.,Taxon 75(2)-e70119: 23. 2026 [30 Mar 2026] ,,doi:10.1002/tax.70119,,,11,antarcticum,,,f,t,,,,,,,Schneew.@20008845-1@2@aut$Hook.f.@4084-1@3@bas$Kadereit@14763-1@1@aut,,,comb. nov.,,1.1,f,trichogalium~antarcticum,rubiaceaetrichogalium~antarcticum~,,350,wfo-1000089621,,species,,,,
urn:lsid:ipni.org:names:77378944-1,(Phil.) Kadereit & Schneew.,Rubiaceae Galium araucanum Phil.,(Phil.),106939-2,,,75(2)-e70119: 23,,,,,,,,,,,,21/04/2026 14:02,21/04/2026 14:02,,,Rubiaceae,Trichogalium araucanum,Trichogalium araucanum,Trichogalium,,f,f,,,,,,,,,,,,,,,,,,,,,,,,,,,,,35479-1,Taxon,urn:lsid:ipni.org:publications:812-2,2026,2026 [30 Mar 2026],[30 Mar 2026],Kadereit & Schneew.,spec.,Taxon 75(2)-e70119: 23. 2026 [30 Mar 2026] ,,doi:10.1002/tax.70119,,,11,araucanum,,,f,t,,,,,,,Schneew.@20008845-1@2@aut$Phil.@12735-1@3@bas$Kadereit@14763-1@1@aut,,,comb. nov.,,1.1,f,trichogalium~araucanum,rubiaceaetrichogalium~araucanum~,,351,wfo-1000089622,,species,,,,
urn:lsid:ipni.org:names:77378945-1,(Dempster & Ehrend.) Kadereit & Schneew.,Rubiaceae Galium argense Dempster & Ehrend.,(Dempster & Ehrend.),106941-2,,,75(2)-e70119: 23,,,,,,,,,,,,21/04/2026 14:03,21/04/2026 14:03,,,Rubiaceae,Trichogalium argense,Trichogalium argense,Trichogalium,,f,f,,,,,,,,,,,,,,,,,,,,,,,,,,,,,35479-1,Taxon,urn:lsid:ipni.org:publications:812-2,2026,2026 [30 Mar 2026],[30 Mar 2026],Kadereit & Schneew.,spec.,Taxon 75(2)-e70119: 23. 2026 [30 Mar 2026] ,,doi:10.1002/tax.70119,,,11,argense,,,f,t,,,,,,,Dempster@13058-1@3@bas$Schneew.@20008845-1@2@aut$Kadereit@14763-1@1@aut$Ehrend.@2483-1@4@bas,,,comb. nov.,,1.1,f,trichogalium~argense,rubiaceaetrichogalium~argense~,,352,wfo-1000089623,,species,,,,
urn:lsid:ipni.org:names:77378946-1,(A.Gray) Kadereit & Schneew.,Rubiaceae Galium arkansanum A.Gray,(A.Gray),749542-1,,,75(2)-e70119: 23,,,,,,,,,,,,21/04/2026 14:04,21/04/2026 14:04,,,Rubiaceae,Trichogalium arkansanum,Trichogalium arkansanum,Trichogalium,,f,f,,,,,,,,,,,,,,,,,,,,,,,,,,,,,35479-1,Taxon,urn:lsid:ipni.org:publications:812-2,2026,2026 [30 Mar 2026],[30 Mar 2026],Kadereit & Schneew.,spec.,Taxon 75(2)-e70119: 23. 2026 [30 Mar 2026] ,,doi:10.1002/tax.70119,,,11,arkansanum,,,f,t,,,,,,,Schneew.@20008845-1@2@aut$Kadereit@14763-1@1@aut$A.Gray@19574-1@3@bas,,,comb. nov.,,1.1,f,trichogalium~arkansanum,rubiaceaetrichogalium~arkansanum~,,353,wfo-1000089624,,species,,,,
urn:lsid:ipni.org:names:77378947-1,(Lam.) Kadereit & Schneew.,Rubiaceae Galium articulatum Lam.,(Lam.),749544-1,,,75(2)-e70119: 23,,,,,,,,,,,,21/04/2026 14:05,21/04/2026 14:05,,,Rubiaceae,Trichogalium articulatum,Trichogalium articulatum,Trichogalium,,f,f,,,,,,,,,,,,,,,,,,,,,,,,,,,,,35479-1,Taxon,urn:lsid:ipni.org:publications:812-2,2026,2026 [30 Mar 2026],[30 Mar 2026],Kadereit & Schneew.,spec.,Taxon 75(2)-e70119: 23. 2026 [30 Mar 2026] ,,doi:10.1002/tax.70119,,,11,articulatum,,,f,t,,,,,,,Lam.@5227-1@3@bas$Kadereit@14763-1@1@aut$Schneew.@20008845-1@2@aut,,,comb. nov.,,1.1,f,trichogalium~articulatum,rubiaceaetrichogalium~articulatum~,,354,wfo-1000089625,,species,,,,
urn:lsid:ipni.org:names:77378948-1,(Willd. ex Spreng.) Kadereit & Schneew.,Rubiaceae Galium ascendens Willd. ex Spreng.,(Willd. ex Spreng.),749548-1,,,75(2)-e70119: 23,,,,,,,,,,,,21/04/2026 14:06,21/04/2026 14:06,,,Rubiaceae,Trichogalium ascendens,Trichogalium ascendens,Trichogalium,,f,f,,,,,,,,,,,,,,,,,,,,,,,,,,,,,35479-1,Taxon,urn:lsid:ipni.org:publications:812-2,2026,2026 [30 Mar 2026],[30 Mar 2026],Kadereit & Schneew.,spec.,Taxon 75(2)-e70119: 23. 2026 [30 Mar 2026] ,,doi:10.1002/tax.70119,,,11,ascendens,,,f,t,,,,,,,Willd.@11692-1@3@bas$Spreng.@9992-1@4@basEx$Schneew.@20008845-1@2@aut$Kadereit@14763-1@1@aut,,,comb. nov.,,1.1,f,trichogalium~ascendens,rubiaceaetrichogalium~ascendens~,,355,wfo-1000089626,,species,,,,
urn:lsid:ipni.org:names:77378949-1,(S.Schauer) Kadereit & Schneew.,Rubiaceae Galium aschenbornii S.Schauer,(S.Schauer),749549-1,,,75(2)-e70119: 23,,,,,,,,,,,,21/04/2026 14:07,21/04/2026 14:07,,,Rubiaceae,Trichogalium aschenbornii,Trichogalium aschenbornii,Trichogalium,,f,f,,,,,,,,,,,,,,,,,,,,,,,,,,,,,35479-1,Taxon,urn:lsid:ipni.org:publications:812-2,2026,2026 [30 Mar 2026],[30 Mar 2026],Kadereit & Schneew.,spec.,Taxon 75(2)-e70119: 23. 2026 [30 Mar 2026] ,,doi:10.1002/tax.70119,,,11,aschenbornii,,,f,t,,,,,,,S.Schauer@35155-1@3@bas$Kadereit@14763-1@1@aut$Schneew.@20008845-1@2@aut,,,comb. nov.,,1.1,f,trichogalium~aschenbornii,rubiaceaetrichogalium~aschenbornii~,,356,wfo-1000089627,,species,,,,
urn:lsid:ipni.org:names:77378950-1,(Spreng.) Kadereit & Schneew.,Rubiaceae Galium atherodes Spreng.,(Spreng.),749563-1,,,75(2)-e70119: 23,,,,,,,,,,,,21/04/2026 14:08,21/04/2026 14:08,,,Rubiaceae,Trichogalium atherodes,Trichogalium atherodes,Trichogalium,,f,f,,,,,,,,,,,,,,,,,,,,,,,,,,,,,35479-1,Taxon,urn:lsid:ipni.org:publications:812-2,2026,2026 [30 Mar 2026],[30 Mar 2026],Kadereit & Schneew.,spec.,Taxon 75(2)-e70119: 23. 2026 [30 Mar 2026] ,,doi:10.1002/tax.70119,,,11,atherodes,,,f,t,,,,,,,Schneew.@20008845-1@2@aut$Kadereit@14763-1@1@aut$Spreng.@9992-1@3@bas,,,comb. nov.,,1.1,f,trichogalium~atherodes,rubiaceaetrichogalium~atherodes~,,357,wfo-1000089628,,species,,,,
urn:lsid:ipni.org:names:77378951-1,D.J.Xie & R.B.Zhang,,,,,,273: 229,,25,,7,,ZRB3137,2025,,Ren-Bo Zhang,,,21/04/2026 14:09,22/04/2026 16:54,"Sichuan (China South-Central, China, Asia-Temperate)",E,Orchidaceae,Hemipilia huanglongensis,Hemipilia huanglongensis,Hemipilia,,f,f,,,,,,,,32,49,2,"Songpan City, Huanglong Nature Reserve, c. 3500 m",103,54,11,,,,,,N,,,,,,,,,29656-1,PhytoKeys,urn:lsid:ipni.org:publications:20011997-1,2026,2026 [22 Apr 2026],[22 Apr 2026],D.J.Xie & R.B.Zhang,spec.,PhytoKeys 273: 229. 2026 [22 Apr 2026] ,,"doi:10.3897/phytokeys.273.181545 [english] Etymology: the specific epithet is derived from the type locality, Huanglong Nature Reserve, Sichuan Province, China.",,,11,huanglongensis,,,f,t,,holotype ZY,,,,,R.B.Zhang@20029837-1@2@aut$D.J.Xie@20067870-1@1@aut,,,tax. nov.,,1.3,f,hemipilia~huanglongensis,orchidaceaehemipilia~huanglongensis~,,358,wfo-1000089629,,species,,,,
urn:lsid:ipni.org:names:77378952-1,(DC.) Kadereit & Schneew.,Rubiaceae Galium australe DC.,(DC.),749572-1,,,75(2)-e70119: 23,,,,,,,,,,,,21/04/2026 14:10,21/04/2026 14:10,,,Rubiaceae,Trichogalium australe,Trichogalium australe,Trichogalium,,f,f,,,,,,,,,,,,,,,,,,,,,,,,,,,,,35479-1,Taxon,urn:lsid:ipni.org:publications:812-2,2026,2026 [30 Mar 2026],[30 Mar 2026],Kadereit & Schneew.,spec.,Taxon 75(2)-e70119: 23. 2026 [30 Mar 2026] ,,doi:10.1002/tax.70119,,,11,australe,,,f,t,,,,,,,DC.@16855-1@3@bas$Schneew.@20008845-1@2@aut$Kadereit@14763-1@1@aut,,,comb. nov.,,1.1,f,trichogalium~australe,rubiaceaetrichogalium~australe~,,359,wfo-1000089630,,species,,,,
urn:lsid:ipni.org:names:77378953-1,(Dempster) Kadereit & Schneew.,Rubiaceae Galium azuayicum Dempster,(Dempster),106948-2,,,75(2)-e70119: 23,,,,,,,,,,,,21/04/2026 14:11,22/04/2026 10:18,,,Rubiaceae,Trichogalium azuayicum,Trichogalium azuayicum,Trichogalium,,f,f,,,,,,,,,,,,,,,,,,,,,,,,,,,,,35479-1,Taxon,urn:lsid:ipni.org:publications:812-2,2026,2026 [30 Mar 2026],[30 Mar 2026],Kadereit & Schneew.,spec.,Taxon 75(2)-e70119: 23. 2026 [30 Mar 2026] ,,doi:10.1002/tax.70119,,,11,azuayicum,,,f,t,,,,,,,Kadereit@14763-1@1@aut$Schneew.@20008845-1@2@aut$Dempster@13058-1@3@bas,,,comb. nov.,,1.2,f,trichogalium~azuayicum,rubiaceaetrichogalium~azuayicum~,,360,wfo-1000089631,,species,,,,
urn:lsid:ipni.org:names:77378954-1,(Herter ex Nessel) Alston,Lycopodiaceae Urostachys warneckei Herter ex Nessel,(Herter ex Nessel),77154633-1,,,30(Series 2A): 20,,,,,,,,,,,,21/04/2026 14:13,21/04/2026 15:10,,,Lycopodiaceae,Lycopodium warneckei,Lycopodium warneckei,Lycopodium,,f,f,,,,,,,,,,,,,,,nom. inval.    Contrary to Art. 6.10. ICN (2025). Basionym not validly published.,,nom. inval.,,,,,,,,,,,null:,30000138-2,Bol. Soc. Brot.,urn:lsid:ipni.org:publications:550-2,1956,1956,,Alston,spec.,Bol. Soc. Brot. 30(Series 2A): 20. 1956 ,,,,,12,warneckei,,,f,t,,,,,,,Nessel@6918-1@3@basEx$Alston@170-1@1@aut$Herter@12545-1@2@bas,,,comb. nov.,,1.3,f,lycopodium~warneckei,lycopodiaceaelycopodium~warneckei~,,361,wfo-1000069058,,species,,,,
urn:lsid:ipni.org:names:77378955-1,Reynel,,,,,,29,,22,,6,,7040,2006,,L. Valenzuela,,,21/04/2026 14:39,21/04/2026 14:39,"Peru (Western South America, Southern America)",W,Moraceae,Ficus cuscoensis,Ficus cuscoensis,Ficus,,f,f,,,,,,,,12,41,40,"Cusco. La Convención. Ocobamba,  carretera a San Lorenzo, 1120 m",72,23,20,,,,,,S,,,,,,,,,327905-2,Nuevas Especies Ficus Reg. Andina,urn:lsid:ipni.org:publications:20063898-1,2026,2026 [15 Mar 2026],[15 Mar 2026],Reynel,spec.,Nuevas Especies Ficus Reg. Andina 29. 2026 [15 Mar 2026] ,,[english] Etymology: named after the Department in which it was collected in Peru.,,,11,cuscoensis,,,f,t,,holotype MOLF 000221;isotype MO,,,,,Reynel@37003-1@1@aut,,,tax. nov.,,1.1,f,ficus~cuscoensis,moraceaeficus~cuscoensis~,,362,wfo-1000089632,,species,,,,
urn:lsid:ipni.org:names:77378956-1,DC.,,,,,,6: 440,,,,,,,,,,,,21/04/2026 15:03,22/04/2026 22:51,"India (Indian Subcontinent, Asia-Tropical)",,Asteraceae,Madaractis polycephala var. dentata,Madaractis polycephala var. dentata,Madaractis,,f,f,,,,,dentata,,,,,,& Collection:  in Penins. Ind. or. (Wight. herb. 3/27) ... ( v. s. in h. Wight)',,,,,,,,,,,,,,,,,,231577-1,Prodr.,urn:lsid:ipni.org:publications:1051-2,1838,1838 [dt. 1837; publ. early Jan 1838],[dt. 1837; publ. early Jan 1838],DC.,var.,Prodr. 6: 440. 1838 [dt. 1837; publ. early Jan 1838] ,,,,,9,polycephala,DC.,,f,t,,,,,,,DC.@16855-1@1@aut,DC.@16855-1@1@aut,,tax. nov.,,1.2,f,madaractis~polycephaladentata,asteraceaemadaractis~polycephaladentata,,363,wfo-1200118296,,variety,,,,
urn:lsid:ipni.org:names:77378957-1,Zemann,,,,,,"22: 280, 284",,,,,,,,,,,,21/04/2026 15:05,22/04/2026 16:59,,,Escalloniaceae,Argophyllum sect. Dolichocalyx,Argophyllum sect. Dolichocalyx,Argophyllum,,f,f,,,,dolichocalyx,,,,,,,,,,,,,,,,,,,,,,,,,14941-1,Ann. K. K. Naturhist. Hofmus.,urn:lsid:ipni.org:publications:1241-2,1907,1907,,Zemann,sect.,"Ann. K. K. Naturhist. Hofmus. 22: 280, 284. 1907 ",,,,,8,,,,f,t,,,Argophyllum laxum Schltr.,,,,Zemann@12008-1@1@aut,,,tax. nov.,,1.3,f,argophyllumdolichocalyx,escalloniaceaeargophyllumdolichocalyx~~,,364,wfo-1000089633,,section,,,,
urn:lsid:ipni.org:names:77378958-1,(F.Muell.) Razafim. & Rydin,Rubiaceae Canthium vacciniifolium F.Muell.,(F.Muell.),745702-1,,,27: 197,,,,,,,,,,,,21/04/2026 15:10,21/04/2026 15:10,,,Rubiaceae,Psydrax vacciniifolius,Psydrax vacciniifolius,Psydrax,,f,f,,,,,,,,,,,,,,,,,,,,,,,,,,,,,35218-1,Sandakania,urn:lsid:ipni.org:publications:17687-2,2025,2025 [31 Dec 2025],[31 Dec 2025],Razafim. & Rydin,spec.,Sandakania 27: 197. 2025 [31 Dec 2025] ,,,,,11,vacciniifolius,,,f,t,,,,,,,F.Muell.@6732-1@3@bas$Razafim.@38674-1@1@aut$Rydin@20014950-1@2@aut,,,comb. nov.,,1.1,f,psydrax~vacciniifolius,rubiaceaepsydrax~vacciniifolius~,,365,wfo-1000089634,,species,,,,
urn:lsid:ipni.org:names:77378959-1,(S.T.Reynolds & R.J.F.Hend.) Razafim. & Rydin,Rubiaceae Everistia vacciniifolia (F.Muell.) S.T.Reynolds & R.J.F.Hend. f. crassa S.T.Reynolds & R.J.F.Hend.,(S.T.Reynolds & R.J.F.Hend.),1007228-1,,,27: 197,,,,,,,,,,,,21/04/2026 15:14,21/04/2026 15:14,,,Rubiaceae,Psydrax vacciniifolius f. crassus,Psydrax vacciniifolius f. crassus,Psydrax,,f,f,,,,,crassus,,,,,,,,,,,,,,,,,,,,,,,,77378958-1,Sandakania,urn:lsid:ipni.org:publications:17687-2,2025,2025 [31 Dec 2025],[31 Dec 2025],Razafim. & Rydin,f.,Sandakania 27: 197. 2025 [31 Dec 2025] ,,,,,11,vacciniifolius,(F.Muell.) Razafim. & Rydin,,f,t,,,,,,,Rydin@20014950-1@2@aut$R.J.F.Hend.@12468-1@4@bas$Razafim.@38674-1@1@aut$S.T.Reynolds@12448-1@3@bas,Rydin@20014950-1@2@aut$Razafim.@38674-1@1@aut$F.Muell.@6732-1@3@bas,,comb. nov.,,1.1,f,psydrax~vacciniifoliuscrassus,rubiaceaepsydrax~vacciniifoliuscrassus,,366,wfo-1200118297,,form,,,,
urn:lsid:ipni.org:names:77378960-1,Reynel,,,,,,42,,28,,10,,2865,2012,,"M. Ríos, N. Dávila, I. Huamantupa, W. Trujillo &amp; C.  Vriesendorp",,,21/04/2026 15:24,21/04/2026 15:24,"Peru (Western South America, Southern America)",W,Moraceae,Ficus maynensis,Ficus maynensis,Ficus,,f,f,,,,,,,,1,31,8,"Dp. Loreto. Provincia Maynas. Distrito  de Medio Putumayo, Campamento Medio Campuya, 150-190 m",73,49,,,,,,,S,,,,,,,,,327905-2,Nuevas Especies Ficus Reg. Andina,urn:lsid:ipni.org:publications:20063898-1,2026,2026 [15 Mar 2026],[15 Mar 2026],Reynel,spec.,Nuevas Especies Ficus Reg. Andina 42. 2026 [15 Mar 2026] ,,"[english] Etymology: name refers to the type locality, in the Department of Loreto, Maynas Province.",,,11,maynensis,,,f,t,,holotype USM 288065,,,,,Reynel@37003-1@1@aut,,,tax. nov.,,1.1,f,ficus~maynensis,moraceaeficus~maynensis~,,367,wfo-1000089635,,species,,,,
urn:lsid:ipni.org:names:77378961-1,S.Dransf.,,,,,,27: 202,,,,3,,2731,1905,,Border,,,21/04/2026 15:33,21/04/2026 15:33,"Philippines (Malesia, Asia-Tropical)",,Poaceae,Dinochloa timak,Dinochloa timak,Dinochloa,,f,f,,,,,,,,,,,"Luzon, Bataan, Mt Marivales, Lamao River",,,,,,,,,,,,,,,,,,17929-1,Sandakania,urn:lsid:ipni.org:publications:17687-2,2025,2025 [31 Dec 2025],[31 Dec 2025],S.Dransf.,spec.,Sandakania 27: 202. 2025 [31 Dec 2025] ,,Etymology: 'The specific name of this new species is after its local name 'Timak' that I obtained from a local man.',,,11,timak,,,f,t,,holotype K,,,,,S.Dransf.@14297-1@1@aut,,,tax. nov.,,1.1,f,dinochloa~timak,poaceaedinochloa~timak~,,368,wfo-1000089636,,species,,,,
urn:lsid:ipni.org:names:77378962-1,Tsen & S.H.Lee,,,,,,2: 6,,,,,,,,,,,,21/04/2026 15:36,23/04/2026 12:33,,,Brassicaceae,Brassica chinensis var. communis,Brassica chinensis var. communis,Brassica,,f,f,,,,,communis,,,,,,,,,,,,,,,,,,,,,,,,279290-1,Hort. Sin.,urn:lsid:ipni.org:publications:20011848-1,1942,1942,,Tsen & S.H.Lee,var.,Hort. Sin. 2: 6. 1942 ,,Name added via registration. Protologue not seen by the IPNI editors. If you have access to the protologue please email a copy to us via the 'contact us' link at the top of the page.,,,8,chinensis,L.,,f,t,,,,,,,Tsen@40514-1@1@aut$S.H.Lee@40515-1@2@aut,L.@0-0@1@aut,,tax. nov.,,1.3,f,brassica~chinensiscommunis,brassicaceaebrassica~chinensiscommunis,,369,wfo-0001415509,,variety,,,,
urn:lsid:ipni.org:names:77378963-1,S.Dransf.,,,,,,27: 204,,11,,11,,SD1301,1993,,Dransfield et al.,,,21/04/2026 15:36,21/04/2026 15:36,"Philippines (Malesia, Asia-Tropical)",,Poaceae,Dinochloa santotomasii,Dinochloa santotomasii,Dinochloa,,f,f,,,,,,,,,,,"Luzon, Mt. Santo Tomas, 1400 m",,,,,,,,,,,,,,,,,,17929-1,Sandakania,urn:lsid:ipni.org:publications:17687-2,2025,2025 [31 Dec 2025],[31 Dec 2025],S.Dransf.,spec.,Sandakania 27: 204. 2025 [31 Dec 2025] ,,Etymology: 'The specific name of this species is derived from Mount Santo Tomas where it is found growing wild.',,,11,santotomasii,,,f,t,,holotype K;isotype PNH,,,,,S.Dransf.@14297-1@1@aut,,,tax. nov.,,1.1,f,dinochloa~santotomasii,poaceaedinochloa~santotomasii~,,370,wfo-1000089637,,species,,,,
urn:lsid:ipni.org:names:77378964-1,(T.C.Ku) D.Wu & D.Z.Li,Parnassiaceae Parnassia ser. Luteae T.C.Ku,(T.C.Ku),925798-1,,,273: 247,,,,,,,,,,,,21/04/2026 15:38,23/04/2026 14:59,,,Parnassiaceae,Parnassia sect. Luteae,Parnassia sect. Luteae,Parnassia,,f,f,,,,luteae,,,,,,,,,,,,,,,,,,,,,,,,,30003318-2,PhytoKeys,urn:lsid:ipni.org:publications:20011997-1,2026,2026 [23 Apr 2026],[23 Apr 2026],D.Wu & D.Z.Li,sect.,PhytoKeys 273: 247. 2026 [23 Apr 2026] ,,doi:10.3897/phytokeys.273.182792,,,11,,,,f,t,,,,,,,D.Z.Li@15629-1@2@aut$D.Wu@20098041-1@1@aut$T.C.Ku@13769-1@3@bas,,,stat. nov.,,1.2,f,parnassialuteae,parnassiaceaeparnassialuteae~~,,371,wfo-1200118314,,section,,,,
urn:lsid:ipni.org:names:77378965-1,D.Wu & D.Z.Li,,,,,,273: 247,,,,,,,,,,,,21/04/2026 15:39,23/04/2026 15:00,,,Parnassiaceae,Parnassia sect. Longifolia,Parnassia sect. Longifolia,Parnassia,,f,f,,,,longifolia,,,,,,,,,,,,,,,,,,,,,,,,,30003318-2,PhytoKeys,urn:lsid:ipni.org:publications:20011997-1,2026,2026 [23 Apr 2026],[23 Apr 2026],D.Wu & D.Z.Li,sect.,PhytoKeys 273: 247. 2026 [23 Apr 2026] ,,doi:10.3897/phytokeys.273.182792,,,8,,,,f,t,,,P. oreophila Hance,,,,D.Wu@20098041-1@1@aut$D.Z.Li@15629-1@2@aut,,,tax. nov.,,1.2,f,parnassialongifolia,parnassiaceaeparnassialongifolia~~,,372,wfo-1000089638,,section,,,,
urn:lsid:ipni.org:names:77378966-1,D.Wu & D.Z.Li,,,,,,273: 247,,,,,,,,,,,,21/04/2026 15:41,23/04/2026 15:01,,,Parnassiaceae,Parnassia subsect. Longiloba,Parnassia subsect. Longiloba,Parnassia,,f,f,,,,longiloba,,,,,,,,,,,,,,,,,,,,,,,,,30003318-2,PhytoKeys,urn:lsid:ipni.org:publications:20011997-1,2026,2026 [23 Apr 2026],[23 Apr 2026],D.Wu & D.Z.Li,subsect.,PhytoKeys 273: 247. 2026 [23 Apr 2026] ,,doi:10.3897/phytokeys.273.182792,,,8,,,,f,t,,,P. grandifolia DC.,,,,D.Wu@20098041-1@1@aut$D.Z.Li@15629-1@2@aut,,,tax. nov.,,1.2,f,parnassialongiloba,parnassiaceaeparnassialongiloba~~,,373,wfo-1000089639,,subsection,,,,
urn:lsid:ipni.org:names:77378967-1,"(A.Camus) N.H.Xia, Z.Y.Cai & Y.H.Tong",Poaceae Arundinaria petelotii A.Camus,(A.Camus),390486-1,,,27: 224,,,,,,,,,,,,21/04/2026 15:43,21/04/2026 15:43,,,Poaceae,Ferrocalamus petelotii,Ferrocalamus petelotii,Ferrocalamus,,f,f,,,,,,,,,,,,,,,,,,,,,,,,,,,,,893165-1,Sandakania,urn:lsid:ipni.org:publications:17687-2,2025,2025 [31 Dec 2025],[31 Dec 2025],"N.H.Xia, Z.Y.Cai & Y.H.Tong",spec.,Sandakania 27: 224. 2025 [31 Dec 2025] ,,,,,11,petelotii,,,f,t,,,,,,,N.H.Xia@36194-1@1@aut$Z.Y.Cai@20043615-1@2@aut$A.Camus@1381-1@4@bas$Y.H.Tong@20023078-1@3@aut,,,comb. nov.,,1.1,f,ferrocalamus~petelotii,poaceaeferrocalamus~petelotii~,,374,wfo-1000089640,,species,,,,
urn:lsid:ipni.org:names:77378968-1,(Drude) D.Wu & D.Z.Li,Parnassiaceae Parnassia sect. Fimbripetalum Drude,(Drude),77379116-1,,,273: 248,,,,,,,,,,,,21/04/2026 15:43,23/04/2026 15:11,,,Parnassiaceae,Parnassia subsect. Fimbripetalum,Parnassia subsect. Fimbripetalum,Parnassia,,f,f,,,,fimbripetalum,,,,,,,,,,,,,,,,,,,,,,,,,30003318-2,PhytoKeys,urn:lsid:ipni.org:publications:20011997-1,2026,2026 [23 Apr 2026],[23 Apr 2026],D.Wu & D.Z.Li,subsect.,PhytoKeys 273: 248. 2026 [23 Apr 2026] ,,doi:10.3897/phytokeys.273.182792  Publ. as: Parnassia sect. Nectarotrilobos subsect. Fimbripetalum,,,11,,,,f,t,,,,,,,D.Wu@20098041-1@1@aut$D.Z.Li@15629-1@2@aut$Drude@2322-1@3@bas,,,stat. nov.,,1.3,f,parnassiafimbripetalum,parnassiaceaeparnassiafimbripetalum~~,,375,wfo-1200118315,,subsection,,,,
urn:lsid:ipni.org:names:77378969-1,T.J.Barkman & Puad,,,,,,27: 264,,4,,8,,SNP A17398,2018,,H.Jeberen et al.,,,21/04/2026 15:51,21/04/2026 15:51,"Sabah (Borneo, Malesia, Asia-Tropical)",,Araliaceae,Heptapleurum khoonmengii,Heptapleurum khoonmengii,Heptapleurum,,f,f,,,,,,,,,,,"Sabah, Kota Marudu, Serinsim, Kinabalu Park",,,,,,,,,,,,,,,,,,3032-1,Sandakania,urn:lsid:ipni.org:publications:17687-2,2025,2025 [31 Dec 2025],[31 Dec 2025],T.J.Barkman & Puad,spec.,Sandakania 27: 264. 2025 [31 Dec 2025] ,,"Etymology: the specific epithet is named in honour of Dr Wong Khoon Meng, a prolific botanist in south-east Asia.",,,11,khoonmengii,,,f,t,,holotype SNP;isotype SAN,,,,,Puad@20033605-1@2@aut$T.J.Barkman@37222-1@1@aut,,,tax. nov.,,1.1,f,heptapleurum~khoonmengii,araliaceaeheptapleurum~khoonmengii~,,376,wfo-1000089641,,species,,,,
urn:lsid:ipni.org:names:77378970-1,Reynel & R.Y.Rivera,,,,,,55,,1,,7,,6750,2025,,R.Y. Rivera,,,21/04/2026 15:52,21/04/2026 15:52,"Peru (Western South America, Southern America)",W,Moraceae,Ficus ocolensis,Ficus ocolensis,Ficus,,f,f,,,,,,,,6,15,6,"Departamento de Amazonas.  Provincia de Rodríguez de Mendoza. Distrito de Molinopampa. Área de  Conservación Privada (ACP) Bosque de Palmeras de la Comunidad Campesina  Taulía Molinopampa, Anexo Ocol, 2373 m",77,33,16,,,,,,S,,,,,,,,,327905-2,Nuevas Especies Ficus Reg. Andina,urn:lsid:ipni.org:publications:20063898-1,2026,2026 [15 Mar 2026],[15 Mar 2026],Reynel & R.Y.Rivera,spec.,Nuevas Especies Ficus Reg. Andina 55. 2026 [15 Mar 2026] ,,"[english] Etymology: name refers to the type locality, the Montane Cloud Forest of the Ocol Annex, in the Molinopampa District, Amazonas Department, aiming o emphasize the priority of this environment as an enclave of organisms that must be protected.",,,11,ocolensis,,,f,t,,holotype MOLF 000224,,,,,Reynel@37003-1@1@aut$R.Y.Rivera@20098042-1@2@aut,,,tax. nov.,,1.1,f,ficus~ocolensis,moraceaeficus~ocolensis~,,377,wfo-1000089642,,species,,,,
urn:lsid:ipni.org:names:77378971-1,Reynel,,,,,,71,,8,,8,,26007,2007,,J. Jaramillo,,,21/04/2026 15:57,21/04/2026 15:57,"Ecuador (Western South America, Southern America)",W,Moraceae,Ficus pampafloridensis,Ficus pampafloridensis,Ficus,,f,f,,,,,,,,,23,32,"Cotopaxi, carretera Toachi Las Pampas, localidad La Florida, 1573 m",78,56,28,,,,,,S,,,,,,,,,327905-2,Nuevas Especies Ficus Reg. Andina,urn:lsid:ipni.org:publications:20063898-1,2026,2026 [15 Mar 2026],[15 Mar 2026],Reynel,spec.,Nuevas Especies Ficus Reg. Andina 71. 2026 [15 Mar 2026] ,,"[english] Etymology: named after the locality where it was collected: Las Pampas, La Florida.",,,11,pampafloridensis,,,f,t,,holotype QCA 194552,,,,,Reynel@37003-1@1@aut,,,tax. nov.,,1.1,f,ficus~pampafloridensis,moraceaeficus~pampafloridensis~,,378,wfo-1000089643,,species,,,,
urn:lsid:ipni.org:names:77378972-1,Reynel,,,,,,84,,30,,11,,,2025,,,,,21/04/2026 15:59,21/04/2026 15:59,"Peru (Western South America, Southern America)",W,Moraceae,Ficus pseudobtusifolia,Ficus pseudobtusifolia,Ficus,,f,f,,,,,,,,11,15,,"Departamento de Junín. Provincia de Satipo. Distrito de Río Negro, Instituto  Regional de Desarrollo IRD Fundo Santa Teresa UNALM, K 110 de la carretera La  Merced-Satipo, 600 m",74,60,,,,,,,S,,,,,,,,,327905-2,Nuevas Especies Ficus Reg. Andina,urn:lsid:ipni.org:publications:20063898-1,2026,2026 [15 Mar 2026],[15 Mar 2026],Reynel,spec.,Nuevas Especies Ficus Reg. Andina 84. 2026 [15 Mar 2026] ,,[english] Etymology: name refers to its great similarity in leaf shape to Ficus obtusifolia Kunth.,,,10,pseudobtusifolia,,,f,t,,holotype MOLF 000222,,,,,Reynel@37003-1@1@aut,,,tax. nov.,,1.1,f,ficus~pseudobtusifolia,moraceaeficus~pseudobtusifolia~,,379,wfo-1000089644,,species,,,,
urn:lsid:ipni.org:names:77378973-1,Duyfjes,,,,,,27: 272,,,,4,,21225,2005,,"Takeuchi, Jisaka, Towati &amp; Ama",,,21/04/2026 16:02,21/04/2026 16:02,"Papua New Guinea (New Guinea, Papuasia, Asia-Tropical)",E,Myristicaceae,Myristica khoonmengiana,Myristica khoonmengiana,Myristica,,f,f,,,,,,,,7,17,42,"Morobe Province, Kamiali Wildlife Management Area, ridge to Blue Mt, 700 m",147,5,24,,,,,,S,,,,,,,,,331788-2,Sandakania,urn:lsid:ipni.org:publications:17687-2,2025,2025 [31 Dec 2025],[31 Dec 2025],Duyfjes,spec.,Sandakania 27: 272. 2025 [31 Dec 2025] ,,Etymology: the specific epithet is named in honour of Dr Wong Khoon Meng of the Singapore Botanic Gardens.,,,11,khoonmengiana,,,f,t,,holotype L L4512425;isotype K;isotype LAE;isotype A;isotype L L4512426,,,,,Duyfjes@11678-1@1@aut,,,tax. nov.,,1.1,f,myristica~khoonmengiana,myristicaceaemyristica~khoonmengiana~,,380,wfo-1000089645,,species,,,,
urn:lsid:ipni.org:names:77378974-1,Duyfjes,,,,,,27: 273,,,,4,,21181,2005,,"Takeuchi, Jisaka, Towati &amp; Ama",,,21/04/2026 16:07,21/04/2026 16:07,"Papua New Guinea (New Guinea, Papuasia, Asia-Tropical)",E,Myristicaceae,Myristica takeuchii,Myristica takeuchii,Myristica,,f,f,,,,,,,,7,17,42,"Morobe Province, ridge to Blue Mt, vicinity of the Nembebah plot, 700 m",147,5,24,,,,,,S,,,,,,,,,331788-2,Sandakania,urn:lsid:ipni.org:publications:17687-2,2025,2025 [31 Dec 2025],[31 Dec 2025],Duyfjes,spec.,Sandakania 27: 273. 2025 [31 Dec 2025] ,,"Etymology: the specific epithet is named in honour of W.N.Takeuchi, one of the collectors of this species.",,,11,takeuchii,,,f,t,,holotype K;isotype K;isotype L L4512416; L4512417,,,,,Duyfjes@11678-1@1@aut,,,tax. nov.,,1.1,f,myristica~takeuchii,myristicaceaemyristica~takeuchii~,,381,wfo-1000089646,,species,,,,
urn:lsid:ipni.org:names:77378975-1,Reynel & Albán,,,,,,99,,31,,7,,2207,2008,,L. Santa Cruz,,,21/04/2026 16:08,21/04/2026 16:08,"Peru (Western South America, Southern America)",,Moraceae,Ficus pulanensis,Ficus pulanensis,Ficus,,f,f,,,,,,,,,,,"Departamento de Cajamarca.  Provincia de Santa Cruz. Distrito de Pulán, Succhapampa, 2000  m",,,,,,,,,,,,,,,,,,327905-2,Nuevas Especies Ficus Reg. Andina,urn:lsid:ipni.org:publications:20063898-1,2026,2026 [15 Mar 2026],[15 Mar 2026],Reynel & Albán,spec.,Nuevas Especies Ficus Reg. Andina 99. 2026 [15 Mar 2026] ,,"[english] Etymology: name refers to the type locality in the Department of Cajamarca, Pulán District.",,,11,pulanensis,,,f,t,,holotype USM 241101A;isotype USM 241101B,,,,,Reynel@37003-1@1@aut$Albán@20084634-1@2@aut,,,tax. nov.,,1.1,f,ficus~pulanensis,moraceaeficus~pulanensis~,,382,wfo-1000089647,,species,,,,
urn:lsid:ipni.org:names:77378976-1,Reynel & Marcelo-Peña,,,,,,113,,,,3,,4064 C,2010,,José L. Marcelo-Peña,,,21/04/2026 16:11,21/04/2026 16:11,"Peru (Western South America, Southern America)",,Moraceae,Ficus shimabenzoana,Ficus shimabenzoana,Ficus,,f,f,,,,,,,,,,,"Departamento  de Junín. Provincia de Satipo. Distrito de Río Tambo. Sector Shimabenzo, 900-1000 m",,,,,,,,,,,,,,,,,,327905-2,Nuevas Especies Ficus Reg. Andina,urn:lsid:ipni.org:publications:20063898-1,2026,2026 [15 Mar 2026],[15 Mar 2026],Reynel & Marcelo-Peña,spec.,Nuevas Especies Ficus Reg. Andina 113. 2026 [15 Mar 2026] ,,"[english] Etymology: name refers to the type locality in the Rio Tambo District, Shimabenzo Sector.",,,11,shimabenzoana,,,f,t,,holotype MOLF 000223,,,,,Reynel@37003-1@1@aut$Marcelo-Peña@20017614-1@2@aut,,,tax. nov.,,1.1,f,ficus~shimabenzoana,moraceaeficus~shimabenzoana~,,383,wfo-1000089648,,species,,,,
urn:lsid:ipni.org:names:77378977-1,Reynel,,,,,,126,,2,,11,,17537,1994,,J. Jaramillo et al.,,,21/04/2026 16:13,21/04/2026 16:13,"Ecuador (Western South America, Southern America)",,Moraceae,Ficus yasuniensis,Ficus yasuniensis,Ficus,,f,f,,,,,,,,,,,"Napo. Carretera Pompeya Sur-Iro Parque Nacional Yasuní, K 38.4, Transecto 1 en dirección E-O, frente a la Estación  Científica de Monitoreo de Fauna ONKONE GARE, Ecuambiente S.A., 230-250 m",,,,,,,,,,,,,,,,,,327905-2,Nuevas Especies Ficus Reg. Andina,urn:lsid:ipni.org:publications:20063898-1,2026,2026 [15 Mar 2026],[15 Mar 2026],Reynel,spec.,Nuevas Especies Ficus Reg. Andina 126. 2026 [15 Mar 2026] ,,"[english] Etymology: name refers to the type locality, in Yasuní National Park, Ecuador.",,,11,yasuniensis,,,f,t,,holotype QCA 195932,,,,,Reynel@37003-1@1@aut,,,tax. nov.,,1.1,f,ficus~yasuniensis,moraceaeficus~yasuniensis~,,384,wfo-1000089649,,species,,,,
urn:lsid:ipni.org:names:77378979-1,(W.W.Sm.) W.He Li & L.Xie,Ranunculaceae Paroxygraphis sikkimensis W.W.Sm.,(W.W.Sm.),711907-1,,,15(10)-e72306: 8,,,,,,,,,,,,22/04/2026 04:12,22/04/2026 15:43,,,Ranunculaceae,Oxygraphis sikkimensis,Oxygraphis sikkimensis,Oxygraphis,,f,f,,,,,,,,,,,,,,,,,,,,,,,,,,,,null:,324402-2,Ecol. Evol.,urn:lsid:ipni.org:publications:20036179-1,2025,2025 [10 Oct 2025],[10 Oct 2025],W.He Li & L.Xie,spec.,Ecol. Evol. 15(10)-e72306: 8. 2025 [10 Oct 2025] ,,doi:10.1002/ece3.72306,,,11,sikkimensis,,,f,t,,,,,,,W.He Li@20098045-1@1@aut$L.Xie@20006469-2@2@aut$W.W.Sm.@9823-1@3@bas,,,comb. nov.,,1.5,f,oxygraphis~sikkimensis,ranunculaceaeoxygraphis~sikkimensis~,,385,wfo-1200118316,,species,,,,
urn:lsid:ipni.org:names:77378980-1,"Sundue, T.Fujiw., Limpan. & L.Y.Kuo",,,,,,139[early view]: [12 of 19],,,,,,,,,,,,22/04/2026 04:16,22/04/2026 10:42,,,Cryptocaulaceae,Cryptocaulaceae,Cryptocaulaceae,,,f,f,,,,,,,,,,,,,,,,,,,,,,,,,,,,,,J. Pl. Res.,urn:lsid:ipni.org:publications:16618-2,2026,2026 [17 Apr 2026],[17 Apr 2026],"Sundue, T.Fujiw., Limpan. & L.Y.Kuo",fam.,J. Pl. Res. 139[early view]: [12 of 19]. 2026 [17 Apr 2026] ,,"doi:10.1007/s10265-026-01698-0 [english] Etymology: the family name is taken from the habit of its rhizome, which is hidden deeply inside limestone fissures (Greek kruptós=hidden, + kaulós=stem, rhizome).",,,9,,,,f,t,77378981-1,,,,,,L.Y.Kuo@20030162-1@4@aut$T.Fujiw.@20042895-1@2@aut$Limpan.@20098043-1@3@aut$Sundue@20001884-2@1@aut,,,tax. nov.,,1.4,f,cryptocaulaceae,cryptocaulaceae~~~~,,386,wfo-4100006530,,family,,,,
urn:lsid:ipni.org:names:77378981-1,"Vongthavone, Tagane, Sundue & T.Fujiw.",,,,,,139[early view]: [12 of 19],,,,,,,,,,,,22/04/2026 04:18,22/04/2026 10:41,,,Cryptocaulaceae,Cryptocaulon,Cryptocaulon,Cryptocaulon,,f,f,,,,,,,,,,,,,,,,,,,,,,,,,,,,,77378980-1,J. Pl. Res.,urn:lsid:ipni.org:publications:16618-2,2026,2026 [17 Apr 2026],[17 Apr 2026],"Vongthavone, Tagane, Sundue & T.Fujiw.",gen.,J. Pl. Res. 139[early view]: [12 of 19]. 2026 [17 Apr 2026] ,,"doi:10.1007/s10265-026-01698-0 [english] Etymology: the genus name is taken from the habit of its rhizome, which is hidden deeply inside limestone fissures (Greek kruptós=hidden, + kaulós=stem, rhizome).",,,9,,,,f,t,77378998-1,,,,,,T.Fujiw.@20042895-1@4@aut$Tagane@20028567-1@2@aut$Sundue@20001884-2@3@aut$Vongthavone@20084368-1@1@aut,,,tax. nov.,,1.4,f,cryptocaulon,cryptocaulaceaecryptocaulon~~~,,387,wfo-4100006531,,genus,,,,
urn:lsid:ipni.org:names:77378983-1,S.Y.Wong & P.C.Boyce,,,,,,27: 278,,16,,3,,,2015,,"Wong Sin Yeng, P.C.Boyce &amp; Bada ak Chendai",,,22/04/2026 09:35,22/04/2026 09:35,"Sarawak (Borneo, Malesia, Asia-Tropical)",E,Araceae,Sarawakia khoonmengiana,Sarawakia khoonmengiana,Sarawakia,,f,f,,,,,,,,1,24,27,"Sri Aman, Lubok Antu, Nanga Segerak, Ulu Sungai Engkari, Lanjak Entimau Wildlife Sanctuary, Sungai Segerak, 380 m",112,,15,,,,,,N,,,,,,,,,77348031-1,Sandakania,urn:lsid:ipni.org:publications:17687-2,2025,2025 [31 Dec 2025],[31 Dec 2025],S.Y.Wong & P.C.Boyce,spec.,Sandakania 27: 278. 2025 [31 Dec 2025] ,,Etymology: the specific epithet is named in honour of botanist Wong Khoon Meng.,,,10,khoonmengiana,,,f,t,,holotype SAR;isotype SAR,,,,,S.Y.Wong@20009926-1@1@aut$P.C.Boyce@12438-1@2@aut,,,tax. nov.,,1.1,f,sarawakia~khoonmengiana,araceaesarawakia~khoonmengiana~,,388,wfo-1000089650,,species,,,,
urn:lsid:ipni.org:names:77378984-1,Makino,,,,,,8(1): 10,,,,,,,,,,,,22/04/2026 09:48,23/04/2026 12:18,,,Brassicaceae,Brassica campestris var. nippo-oleifera,Brassica campestris var. nippo-oleifera,Brassica,,f,f,,,,,nippo-oleifera,,,,,,,,,,,,,,,,,,,,,,,,30076075-2,J. Jap. Bot.,urn:lsid:ipni.org:publications:681-2,1932,1932 [25 Jan 1932],[25 Jan 1932],Makino,var.,J. Jap. Bot. 8(1): 10. 1932 [25 Jan 1932] ,,doi:10.51033/jjapbot.8_1_1050,,,8,campestris,L.,,f,t,,,,,,,Makino@6013-1@1@aut,L.@12653-1@1@aut,,tax. nov.,,1.3,f,brassica~campestrisnippo-oleifera,brassicaceaebrassica~campestrisnippo-oleifera,,389,wfo-0000570967,,variety,,,,
urn:lsid:ipni.org:names:77378985-1,S.E.Martins & K.-H.Tank,,,,,,752(2): 89,,14,,6,,2266,2024,,K.-H.Tank,,,22/04/2026 10:03,22/04/2026 10:03,"Minas Gerais (Brazil Southeast, Brazil, Southern America)",,Bromeliaceae,Encholirium deodorinae,Encholirium deodorinae,Encholirium,,f,f,,,,,,,,,,,"Itacambira, margem direita da MG-308, ca. 8 km da cidade, 1185 m",,,,,,,,,,,,,,,,,,30020404-2,Phytotaxa,urn:lsid:ipni.org:publications:20011462-1,2026,2026 [22 Apr 2026],[22 Apr 2026],S.E.Martins & K.-H.Tank,spec.,Phytotaxa 752(2): 89. 2026 [22 Apr 2026] ,,"doi:10.11646/phytotaxa.752.2.1 Etymology: 'The epithet 'deodorinae' refers to the fictional character Diadorim, from the classic Brazilian novel Grande Sertão: Veredas by Guimarães Rosa'.",,,11,deodorinae,,,f,t,,holotype CEN 1366824,,"Holotype from cultivated specimen grown at Zenilton J.G.Miranda, Brasília, 15 Jul 2025.",,,K.-H.Tank@20047718-1@2@aut$S.E.Martins@20015272-1@1@aut,,,tax. nov.,,1.1,f,encholirium~deodorinae,bromeliaceaeencholirium~deodorinae~,,390,wfo-1000089651,,species,,,,
urn:lsid:ipni.org:names:77378986-1,Giul.,,,,,,752(2): 107,,3,,3,,19325,1977,,Harley et al.,,,22/04/2026 10:19,22/04/2026 10:19,"Bahia (Brazil Northeast, Brazil, Southern America)",W,Eriocaulaceae,Leiothrix chapadensis,Leiothrix chapadensis,Leiothrix,,f,f,,,,,,,,11,35,,"Morro do Chapéu, ca. 8 km SW of the town of Morro do Chapéu to the West of the road to Utinga, 1000 m",41,12,,,,,,,S,,,,,,,,,297450-2,Phytotaxa,urn:lsid:ipni.org:publications:20011462-1,2026,2026 [22 Apr 2026],[22 Apr 2026],Giul.,spec.,Phytotaxa 752(2): 107. 2026 [22 Apr 2026] ,,doi:10.11646/phytotaxa.752.2.2 Etymology: 'The epithet chapadensis refers to the wide distribution of the species in the Chapada Diamantina.',,,11,chapadensis,,,f,t,,holotype HUEFS HUEFS000076932;isotype CEPEC 22034;isotype K K000189997;isotype NY 0501189;isotype SP;isotype SPF,,,,,Giul.@12152-1@1@aut,,,tax. nov.,,1.1,f,leiothrix~chapadensis,eriocaulaceaeleiothrix~chapadensis~,,391,wfo-1000089652,,species,,,,
urn:lsid:ipni.org:names:77378987-1,(D.Brândză) Kadereit & Schneew.,Rubiaceae Galium baillonii D.Brândză,(D.Brândză),749582-1,,,75(2)-e70119: 23,,,,,,,,,,,,22/04/2026 10:21,22/04/2026 10:21,,,Rubiaceae,Trichogalium baillonii,Trichogalium baillonii,Trichogalium,,f,f,,,,,,,,,,,,,,,,,,,,,,,,,,,,,35479-1,Taxon,urn:lsid:ipni.org:publications:812-2,2026,2026 [30 Mar 2026],[30 Mar 2026],Kadereit & Schneew.,spec.,Taxon 75(2)-e70119: 23. 2026 [30 Mar 2026] ,,doi:10.1002/tax.70119,,,11,baillonii,,,f,t,,,,,,,Kadereit@14763-1@1@aut$D.Brândză@1081-1@3@bas$Schneew.@20008845-1@2@aut,,,comb. nov.,,1.1,f,trichogalium~baillonii,rubiaceaetrichogalium~baillonii~,,392,wfo-1000089653,,species,,,,
urn:lsid:ipni.org:names:77378988-1,(L.) Kadereit & Schneew.,Rubiaceae Galium bermudense L.,(L.),277293-2,,,75(2)-e70119: 23,,,,,,,,,,,,22/04/2026 10:23,22/04/2026 10:23,,,Rubiaceae,Trichogalium bermudense,Trichogalium bermudense,Trichogalium,,f,f,,,,,,,,,,,,,,,,,,,,,,,,,,,,,35479-1,Taxon,urn:lsid:ipni.org:publications:812-2,2026,2026 [30 Mar 2026],[30 Mar 2026],Kadereit & Schneew.,spec.,Taxon 75(2)-e70119: 23. 2026 [30 Mar 2026] ,,doi:10.1002/tax.70119,,,11,bermudense,,,f,t,,,,,,,L.@12653-1@3@bas$Kadereit@14763-1@1@aut$Schneew.@20008845-1@2@aut,,,comb. nov.,,1.1,f,trichogalium~bermudense,rubiaceaetrichogalium~bermudense~,,393,wfo-1000089654,,species,,,,
urn:lsid:ipni.org:names:77378989-1,(Griseb.) Kadereit & Schneew.,Rubiaceae Galium bigeminum Griseb.,(Griseb.),749611-1,,,75(2)-e70119: 23,,,,,,,,,,,,22/04/2026 10:28,22/04/2026 10:28,,,Rubiaceae,Trichogalium bigeminum,Trichogalium bigeminum,Trichogalium,,f,f,,,,,,,,,,,,,,,,,,,,,,,,,,,,,35479-1,Taxon,urn:lsid:ipni.org:publications:812-2,2026,2026 [30 Mar 2026],[30 Mar 2026],Kadereit & Schneew.,spec.,Taxon 75(2)-e70119: 23. 2026 [30 Mar 2026] ,,doi:10.1002/tax.70119,,,11,bigeminum,,,f,t,,,,,,,Schneew.@20008845-1@2@aut$Griseb.@3397-1@3@bas$Kadereit@14763-1@1@aut,,,comb. nov.,,1.1,f,trichogalium~bigeminum,rubiaceaetrichogalium~bigeminum~,,394,wfo-1000089655,,species,,,,
urn:lsid:ipni.org:names:77378990-1,Giul.,,,,,,752(2): 111,,2,,3,,H52519,1992,,Sano in,,,22/04/2026 10:28,22/04/2026 10:28,"Bahia (Brazil Northeast, Brazil, Southern America)",W,Eriocaulaceae,Leiothrix montana,Leiothrix montana,Leiothrix,,f,f,,,,,,,,13,14,,"Abaíra, Catolés, Campo da Pedra Grande, ca. 1500 m",41,54,,,,,,,S,,,,,,,,,297450-2,Phytotaxa,urn:lsid:ipni.org:publications:20011462-1,2026,2026 [22 Apr 2026],[22 Apr 2026],Giul.,spec.,Phytotaxa 752(2): 111. 2026 [22 Apr 2026] ,,"doi:10.11646/phytotaxa.752.2.2 Etymology: 'The specific epithet is named in relation to the habitat of the species, always on the highest  mountain tops of the Northeast Brazil.'",,,11,montana,,,f,t,,holotype SPF SPF00091904;isotype K K000292506;isotype NY NY00571709,,,,,Giul.@12152-1@1@aut,,,tax. nov.,,1.1,f,leiothrix~montana,eriocaulaceaeleiothrix~montana~,,395,wfo-1000089656,,species,,,,
urn:lsid:ipni.org:names:77378991-1,(N.A.Wakef.) Kadereit & Schneew.,Rubiaceae Galium binifolium N.A.Wakef.,(N.A.Wakef.),749612-1,,,75(2)-e70119: 23,,,,,,,,,,,,22/04/2026 10:30,22/04/2026 10:30,,,Rubiaceae,Trichogalium binifolium,Trichogalium binifolium,Trichogalium,,f,f,,,,,,,,,,,,,,,,,,,,,,,,,,,,,35479-1,Taxon,urn:lsid:ipni.org:publications:812-2,2026,2026 [30 Mar 2026],[30 Mar 2026],Kadereit & Schneew.,spec.,Taxon 75(2)-e70119: 23. 2026 [30 Mar 2026] ,,doi:10.1002/tax.70119,,,11,binifolium,,,f,t,,,,,,,Schneew.@20008845-1@2@aut$Kadereit@14763-1@1@aut$N.A.Wakef.@11324-1@3@bas,,,comb. nov.,,1.1,f,trichogalium~binifolium,rubiaceaetrichogalium~binifolium~,,396,wfo-1000089657,,species,,,,
urn:lsid:ipni.org:names:77378992-1,(A.Gray) Kadereit & Schneew.,Rubiaceae Galium bolanderi A.Gray,(A.Gray),749624-1,,,75(2)-e70119: 23,,,,,,,,,,,,22/04/2026 10:31,22/04/2026 10:31,,,Rubiaceae,Trichogalium bolanderi,Trichogalium bolanderi,Trichogalium,,f,f,,,,,,,,,,,,,,,,,,,,,,,,,,,,,35479-1,Taxon,urn:lsid:ipni.org:publications:812-2,2026,2026 [30 Mar 2026],[30 Mar 2026],Kadereit & Schneew.,spec.,Taxon 75(2)-e70119: 23. 2026 [30 Mar 2026] ,,doi:10.1002/tax.70119,,,11,bolanderi,,,f,t,,,,,,,Kadereit@14763-1@1@aut$Schneew.@20008845-1@2@aut$A.Gray@19574-1@3@bas,,,comb. nov.,,1.1,f,trichogalium~bolanderi,rubiaceaetrichogalium~bolanderi~,,397,wfo-1000089658,,species,,,,
urn:lsid:ipni.org:names:77378993-1,(Dempster) Kadereit & Schneew.,Rubiaceae Galium boyacanum Dempster,(Dempster),106956-2,,,75(2)-e70119: 23,,,,,,,,,,,,22/04/2026 10:32,22/04/2026 10:32,,,Rubiaceae,Trichogalium boyacanum,Trichogalium boyacanum,Trichogalium,,f,f,,,,,,,,,,,,,,,,,,,,,,,,,,,,,35479-1,Taxon,urn:lsid:ipni.org:publications:812-2,2026,2026 [30 Mar 2026],[30 Mar 2026],Kadereit & Schneew.,spec.,Taxon 75(2)-e70119: 23. 2026 [30 Mar 2026] ,,doi:10.1002/tax.70119,,,11,boyacanum,,,f,t,,,,,,,Dempster@13058-1@3@bas$Schneew.@20008845-1@2@aut$Kadereit@14763-1@1@aut,,,comb. nov.,,1.1,f,trichogalium~boyacanum,rubiaceaetrichogalium~boyacanum~,,398,wfo-1000089659,,species,,,,
urn:lsid:ipni.org:names:77378994-1,(Boiss. & Reut.) Kadereit & Schneew.,Rubiaceae Galium broterianum Boiss. & Reut.,(Boiss. & Reut.),749654-1,,,75(2)-e70119: 23,,,,,,,,,,,,22/04/2026 10:33,22/04/2026 10:33,,,Rubiaceae,Trichogalium broterianum,Trichogalium broterianum,Trichogalium,,f,f,,,,,,,,,,,,,,,,,,,,,,,,,,,,,35479-1,Taxon,urn:lsid:ipni.org:publications:812-2,2026,2026 [30 Mar 2026],[30 Mar 2026],Kadereit & Schneew.,spec.,Taxon 75(2)-e70119: 23. 2026 [30 Mar 2026] ,,doi:10.1002/tax.70119,,,11,broterianum,,,f,t,,,,,,,Schneew.@20008845-1@2@aut$Boiss.@16284-1@3@bas$Kadereit@14763-1@1@aut$Reut.@8313-1@4@bas,,,comb. nov.,,1.1,f,trichogalium~broterianum,rubiaceaetrichogalium~broterianum~,,399,wfo-1000089660,,species,,,,
urn:lsid:ipni.org:names:77378995-1,M.T.C.Watan. & Giul.,,,,,,752(2): 113,,6,,9,,CFCR 1895,1981,,Pirani et al.,,,22/04/2026 10:33,22/04/2026 10:33,"Bahia (Brazil Northeast, Brazil, Southern America)",,Eriocaulaceae,Leiothrix sincorensis,Leiothrix sincorensis,Leiothrix,,f,f,,,,,,,,,,,"Mucugê, próximo ao cemitério",,,,,,,,,,,,,,,,,,297450-2,Phytotaxa,urn:lsid:ipni.org:publications:20011462-1,2026,2026 [22 Apr 2026],[22 Apr 2026],M.T.C.Watan. & Giul.,spec.,Phytotaxa 752(2): 113. 2026 [22 Apr 2026] ,,doi:10.11646/phytotaxa.752.2.2 Etymology: 'The specific epithet is named in relation to the area where the larger populations occur.',,,11,sincorensis,,,f,t,,holotype SPF SPF00018690;isotype HUEFS 000084603;isotype HUEFS 000082134;isotype K K000293172,,,,,M.T.C.Watan.@20026484-1@1@aut$Giul.@12152-1@2@aut,,,tax. nov.,,1.1,f,leiothrix~sincorensis,eriocaulaceaeleiothrix~sincorensis~,,400,wfo-1000089661,,species,,,,
urn:lsid:ipni.org:names:77378996-1,(Dempster) Kadereit & Schneew.,Rubiaceae Galium buchtienii Dempster,(Dempster),939095-1,,,75(2)-e70119: 23,,,,,,,,,,,,22/04/2026 10:34,22/04/2026 10:34,,,Rubiaceae,Trichogalium buchtienii,Trichogalium buchtienii,Trichogalium,,f,f,,,,,,,,,,,,,,,,,,,,,,,,,,,,,35479-1,Taxon,urn:lsid:ipni.org:publications:812-2,2026,2026 [30 Mar 2026],[30 Mar 2026],Kadereit & Schneew.,spec.,Taxon 75(2)-e70119: 23. 2026 [30 Mar 2026] ,,doi:10.1002/tax.70119,,,11,buchtienii,,,f,t,,,,,,,Kadereit@14763-1@1@aut$Schneew.@20008845-1@2@aut$Dempster@13058-1@3@bas,,,comb. nov.,,1.1,f,trichogalium~buchtienii,rubiaceaetrichogalium~buchtienii~,,401,wfo-1000089662,,species,,,,
urn:lsid:ipni.org:names:77378997-1,(I.Thomps.) Kadereit & Schneew.,Rubiaceae Galium bulliforme I.Thomps.,(I.Thomps.),77096374-1,,,75(2)-e70119: 23,,,,,,,,,,,,22/04/2026 10:35,22/04/2026 10:35,,,Rubiaceae,Trichogalium bulliforme,Trichogalium bulliforme,Trichogalium,,f,f,,,,,,,,,,,,,,,,,,,,,,,,,,,,,35479-1,Taxon,urn:lsid:ipni.org:publications:812-2,2026,2026 [30 Mar 2026],[30 Mar 2026],Kadereit & Schneew.,spec.,Taxon 75(2)-e70119: 23. 2026 [30 Mar 2026] ,,doi:10.1002/tax.70119,,,11,bulliforme,,,f,t,,,,,,,Kadereit@14763-1@1@aut$I.Thomps.@37433-1@3@bas$Schneew.@20008845-1@2@aut,,,comb. nov.,,1.1,f,trichogalium~bulliforme,rubiaceaetrichogalium~bulliforme~,,402,wfo-1000089663,,species,,,,
urn:lsid:ipni.org:names:77378998-1,"(Hook.) Limpan., Yoneoka, Ebihara & L.Y.Kuo",Polypodiaceae Polypodium tenerifrons Hook.,(Hook.),17203260-1,,,139[early view]: [14 of 19],,,,,,,,,,,,22/04/2026 10:36,22/04/2026 10:40,,,Cryptocaulaceae,Cryptocaulon tenerifrons,Cryptocaulon tenerifrons,Cryptocaulon,,f,f,,,,,,,,,,,,,,,,,,,,,,,,,,,,,77378981-1,J. Pl. Res.,urn:lsid:ipni.org:publications:16618-2,2026,2026 [17 Apr 2026],[17 Apr 2026],"Limpan., Yoneoka, Ebihara & L.Y.Kuo",spec.,J. Pl. Res. 139[early view]: [14 of 19]. 2026 [17 Apr 2026] ,,doi:10.1007/s10265-026-01698-0,,,11,tenerifrons,,,f,t,,,,,,,Limpan.@20098043-1@1@aut$Hook.@4086-1@5@bas$Yoneoka@20098044-1@2@aut$Ebihara@20000052-1@3@aut$L.Y.Kuo@20030162-1@4@aut,,,comb. nov.,,1.2,f,cryptocaulon~tenerifrons,cryptocaulaceaecryptocaulon~tenerifrons~,,403,wfo-1000089664,,species,,,,
urn:lsid:ipni.org:names:77378999-1,(Steud.) Kadereit & Schneew.,Rubiaceae Galium bungei Steud.,(Steud.),749661-1,,,75(2)-e70119: 23,,,,,,,,,,,,22/04/2026 10:37,22/04/2026 10:37,,,Rubiaceae,Trichogalium bungei,Trichogalium bungei,Trichogalium,,f,f,,,,,,,,,,,,,,,,,,,,,,,,,,,,,35479-1,Taxon,urn:lsid:ipni.org:publications:812-2,2026,2026 [30 Mar 2026],[30 Mar 2026],Kadereit & Schneew.,spec.,Taxon 75(2)-e70119: 23. 2026 [30 Mar 2026] ,,doi:10.1002/tax.70119,,,11,bungei,,,f,t,,,,,,,Steud.@10122-1@3@bas$Kadereit@14763-1@1@aut$Schneew.@20008845-1@2@aut,,,comb. nov.,,1.1,f,trichogalium~bungei,rubiaceaetrichogalium~bungei~,,404,wfo-1000089665,,species,,,,
urn:lsid:ipni.org:names:77379000-1,(I.Thomps.) Kadereit & Schneew.,Rubiaceae Galium bungoniense I.Thomps.,(I.Thomps.),77096377-1,,,75(2)-e70119: 23,,,,,,,,,,,,22/04/2026 10:38,22/04/2026 10:38,,,Rubiaceae,Trichogalium bungoniense,Trichogalium bungoniense,Trichogalium,,f,f,,,,,,,,,,,,,,,,,,,,,,,,,,,,,35479-1,Taxon,urn:lsid:ipni.org:publications:812-2,2026,2026 [30 Mar 2026],[30 Mar 2026],Kadereit & Schneew.,spec.,Taxon 75(2)-e70119: 23. 2026 [30 Mar 2026] ,,doi:10.1002/tax.70119,,,11,bungoniense,,,f,t,,,,,,,Schneew.@20008845-1@2@aut$I.Thomps.@37433-1@3@bas$Kadereit@14763-1@1@aut,,,comb. nov.,,1.1,f,trichogalium~bungoniense,rubiaceaetrichogalium~bungoniense~,,405,wfo-1000089666,,species,,,,
urn:lsid:ipni.org:names:77379001-1,(K.Schum.) Kadereit & Schneew.,Rubiaceae Relbunium buxifolium K.Schum.,(K.Schum.),218470-2,,,75(2)-e70119: 23,,,,,,,,,,,,22/04/2026 10:39,23/04/2026 09:44,,,Rubiaceae,Trichogalium buxifolium,Trichogalium buxifolium,Trichogalium,,f,f,,,,,,,,,,,,,,,,,,,,,,,,,,,,,35479-1,Taxon,urn:lsid:ipni.org:publications:812-2,2026,2026 [30 Mar 2026],[30 Mar 2026],Kadereit & Schneew.,spec.,Taxon 75(2)-e70119: 23. 2026 [30 Mar 2026] ,,doi:10.1002/tax.70119,,,11,buxifolium,,,f,t,,,,,,,K.Schum.@9333-1@3@bas$Kadereit@14763-1@1@aut$Schneew.@20008845-1@2@aut,,,comb. nov.,,1.2,f,trichogalium~buxifolium,rubiaceaetrichogalium~buxifolium~,,406,wfo-1000089667,,species,,,,
urn:lsid:ipni.org:names:77379002-1,"Baquero, M.M.Jiménez & Iturralde",,,,,,273: 283,,13,,4,,3142,2017,,L.Baquero,,,22/04/2026 11:33,23/04/2026 14:54,"Ecuador (Western South America, Southern America)",,Orchidaceae,Dracula aguilarii,Dracula aguilarii,Dracula,,f,f,,,,,,,,,,,"El Oro: Near Balsas, 1212 m",,,,,,,,,,,,,,,,,,30001158-2,PhytoKeys,urn:lsid:ipni.org:publications:20011997-1,2026,2026 [23 Apr 2026],[23 Apr 2026],"Baquero, M.M.Jiménez & Iturralde",spec.,PhytoKeys 273: 283. 2026 [23 Apr 2026] ,,doi:10.3897/phytokeys.273.182821 [english] Etymology: the specific epithet is named for Mario Aguilar.,,,11,aguilarii,,,f,t,,holotype QCNE,,,,,Baquero@20019259-1@1@aut$Iturralde@20032131-1@3@aut$M.M.Jiménez@20019184-2@2@aut,,,tax. nov.,,1.3,f,dracula~aguilarii,orchidaceaedracula~aguilarii~,,407,wfo-1000089668,,species,,,,
urn:lsid:ipni.org:names:77379003-1,Yong L.Zhao & D.T.Liu,,,,,,273: 301,,15,,5,,WMS033,2025,,"Y.L.Zhao, D.T.Liu, C.S.Gu &amp; Z.H.Liao",,,22/04/2026 11:35,23/04/2026 15:20,"Yunnan (China South-Central, China, Asia-Temperate)",E,Ericaceae,Rhododendron luohanbaense,Rhododendron luohanbaense,Rhododendron,,f,f,,,,,,,,27,53,58,"Zhaotong City, Daguan County, Tianxing Town, Lvnan Village, Luohanba, c. 2048 m",104,6,10,,,,,,N,,,,,,,,,327085-2,PhytoKeys,urn:lsid:ipni.org:publications:20011997-1,2026,2026 [23 Apr 2026],[23 Apr 2026],Yong L.Zhao & D.T.Liu,spec.,PhytoKeys 273: 301. 2026 [23 Apr 2026] ,,"doi:10.3897/phytokeys.273.182747 [english] Etymology: the specific epithet derives from the Luohanba, the subzone of the Yunnan Wumengshan National Nature Reserve where the holotype was collected.",,,11,luohanbaense,,,f,t,,holotype KUN;isotype KUN,,,,,D.T.Liu@20040357-1@2@aut$Yong L.Zhao@20094821-1@1@aut,,,tax. nov.,,1.3,f,rhododendron~luohanbaense,ericaceaerhododendron~luohanbaense~,,408,wfo-1000089669,,species,,,,
urn:lsid:ipni.org:names:77379004-1,Kljuykov,,,,,,751(3): 255,,24,,9,,401,1998,,"M.G.Pimenov, E.V.Kljuykov, Hu Zhihao, Liu Qixing",,,22/04/2026 13:08,22/04/2026 13:08,"Sichuan (China South-Central, China, Asia-Temperate);Yunnan (China South-Central, China, Asia-Temperate);",E,Apiaceae,Ligusticopsis ramosa,Ligusticopsis ramosa,Ligusticopsis,,f,f,,,,,,,,29,18,,"Sichuan, road from Litang to Xiangchang, upper part of river Chuntian, the valley near Liwa, Sangdui, 4300 m",100,5,,,,,,,N,,,,,,,,,40200-1,Phytotaxa,urn:lsid:ipni.org:publications:20011462-1,2026,2026 [16 Apr 2026],[16 Apr 2026],Kljuykov,spec.,Phytotaxa 751(3): 255. 2026 [16 Apr 2026] ,,doi:10.11646/phytotaxa.751.3.2 Etymology: the specific epithet is a reference to the branching stems.,,,11,ramosa,,,f,t,,holotype MW MW0595874; 0595875; 0595876,,,,,Kljuykov@15295-1@1@aut,,,tax. nov.,,1.1,f,ligusticopsis~ramosa,apiaceaeligusticopsis~ramosa~,,409,wfo-1000089670,,species,,,,
urn:lsid:ipni.org:names:77379005-1,Kljuykov,,,,,,751(3): 261,,,,,,,,,,,,22/04/2026 13:13,22/04/2026 13:13,,,Apiaceae,Ligusticopsis rubricaulis,Ligusticopsis rubricaulis,Ligusticopsis,,f,f,,,,,,,,,,,,,,,,,,,,,,,,,,,,,40200-1,Phytotaxa,urn:lsid:ipni.org:publications:20011462-1,2026,2026 [16 Apr 2026],[16 Apr 2026],Kljuykov,spec.,Phytotaxa 751(3): 261. 2026 [16 Apr 2026] ,,doi:10.11646/phytotaxa.751.3.2,930511-1,,9,rubricaulis,,,f,t,,,,,,,Kljuykov@15295-1@1@aut,,,nom. nov.,,1.1,f,ligusticopsis~rubricaulis,apiaceaeligusticopsis~rubricaulis~,,410,wfo-1000089671,,species,,,,
urn:lsid:ipni.org:names:77379006-1,Burwell & H.E.Ballard,,,,,,90(2): 123,,2,,4,,21-001,2021,,R.N.Burwell &amp; H.E.Ballard,,,22/04/2026 13:50,24/04/2026 12:02,"South Carolina (Southeastern U.S.A., Northern America);Georgia (Southeastern U.S.A., Northern America);North Carolina (Southeastern U.S.A., Northern America);Virginia (Southeastern U.S.A., Northern America);",W,Violaceae,Viola impostor,Viola impostor,Viola,,f,f,,,,,,,,33,12,11,"South Carolina. Charleston County: Hampton Plantation State Historical Site and adjacent floodplain of Horlbeck and Hampton Creeks (tributaries of the Santee River), 4 m",79,26,15,,,,,,N,,,,,,,,,30000540-2,Castanea,urn:lsid:ipni.org:publications:3372-2,2026,2026 [16 Feb 2026],[16 Feb 2026],Burwell & H.E.Ballard,spec.,Castanea 90(2): 123. 2026 [16 Feb 2026] ,,"doi:10.2179/0008-7475.90.2.111 [english] Etymology: the specific epithet reflects its superficially similar morphology to other bottomland and wetland Borealiamericanae species in eastern North America and, especially the Coastal Plain Floristic Province.",,,11,impostor,,,f,t,,holotype USCH;isotype BHO;isotype NCU;isotype NY,,,,,H.E.Ballard@31259-1@2@aut$Burwell@20098047-1@1@aut,,,tax. nov.,,1.4,f,viola~impostor,violaceaeviola~impostor~,,411,wfo-1000089672,,species,,,,
urn:lsid:ipni.org:names:77379007-1,N.Balach. & Chakrab.,,,,,,34(4): 801,,5,,1,,882,1998,,N.Balachandran,,,22/04/2026 15:36,22/04/2026 15:36,"Andaman Is. (Andaman Is., Indo-China, Asia-Tropical);Nicobar Is. (Indo-China, Asia-Tropical);",,Annonaceae,Miliusa caudata,Miliusa caudata,Miliusa,,f,f,,,,,,,,,,,"South Andaman Island, South of Madhuban",,,,,,,,,,,,,,,,,,331081-2,J. Econ. Taxon. Bot.,urn:lsid:ipni.org:publications:2407-2,2011,2011 [15 Jan 2011],[15 Jan 2011],N.Balach. & Chakrab.,spec.,J. Econ. Taxon. Bot. 34(4): 801. 2011 [15 Jan 2011] ,,,,,11,caudata,,,f,t,,holotype AURO;isotype K,,,,,N.Balach.@20016933-1@1@aut$Chakrab.@17043-1@2@aut,,,tax. nov.,,1.1,f,miliusa~caudata,annonaceaemiliusa~caudata~,,412,wfo-1200031828,,species,,,,
urn:lsid:ipni.org:names:77379008-1,Sukd.Bera & Karthig.,,,,,,751(3): 289,,,,,,160379,,,Sukdeb Bera &amp; K.Karthigeyan,,,22/04/2026 16:10,22/04/2026 16:10,"Andaman Is. (Andaman Is., Indo-China, Asia-Tropical);Nicobar Is. (Indo-China, Asia-Tropical);",E,Annonaceae,Miliusa saddlepeakensis,Miliusa saddlepeakensis,Miliusa,,f,f,,,,,,,,13,9,48,"North Andaman, Saddle Peak National Park",93,1,48,,,,,,N,,,,,,,,,331081-2,Phytotaxa,urn:lsid:ipni.org:publications:20011462-1,2026,2026 [16 Apr 2026],[16 Apr 2026],Sukd.Bera & Karthig.,spec.,Phytotaxa 751(3): 289. 2026 [16 Apr 2026] ,,doi:10.11646/phytotaxa.751.3.4 Etymology: the specific epithet is named for the type locality.,,,11,saddlepeakensis,,,f,t,,holotype MH;isotype CAL;isotype PBL,,,,,Karthig.@20000073-1@2@aut$Sukd.Bera@20092436-1@1@aut,,,tax. nov.,,1.1,f,miliusa~saddlepeakensis,annonaceaemiliusa~saddlepeakensis~,,413,wfo-1000089673,,species,,,,
urn:lsid:ipni.org:names:77379009-1,C.D.M.Ferreira & Bovini,,,,,,751(3): 296,,8,,5,,1361,1944,,E.P.Heringer,,,22/04/2026 16:32,22/04/2026 16:32,"Minas Gerais (Brazil Southeast, Brazil, Southern America)",,Bombacaceae,Quararibea latifolia,Quararibea latifolia,Quararibea,,f,f,,,,,,,,,,,"Coronel Pacheco, Fazenda da Argentina",,,,,,,,,,,,,,,,,,30007183-2,Phytotaxa,urn:lsid:ipni.org:publications:20011462-1,2026,2026 [16 Apr 2026],[16 Apr 2026],C.D.M.Ferreira & Bovini,spec.,Phytotaxa 751(3): 296. 2026 [16 Apr 2026] ,,"doi:10.11646/phytotaxa.751.3.5 Etymology: 'The specific epithet refers to the broad leaves, which are among the widest known for the genus, a characteristic particularly conspicuous among Atlantic Forest species.'",,,11,latifolia,,,f,t,,holotype RB RB792281;isotype RB RB899280;isotype SP SP51918;isotype SPF SPF74809,,,,,Bovini@36571-1@2@aut$C.D.M.Ferreira@20040378-1@1@aut,,,tax. nov.,,1.1,f,quararibea~latifolia,bombacaceaequararibea~latifolia~,,414,wfo-1000089674,,species,,,,
urn:lsid:ipni.org:names:77379010-1,(M.A.Curtis ex Torr. & A.Gray) Alph.Wood,Asteraceae Solidago pubens M.A.Curtis ex Torr. & A.Gray,(M.A.Curtis ex Torr. & A.Gray),240430-2,,,431,,,,,,,,,,,,22/04/2026 21:40,22/04/2026 21:40,,,Asteraceae,Solidago latifolia var. pubens,Solidago latifolia var. pubens,Solidago,,f,f,,,,,pubens,,,,,,,,,,,,,,,,,,,,,,,,240314-2,Class-book Bot. (ed. 1861),urn:lsid:ipni.org:publications:10870-2,1861,1861,,Alph.Wood,var.,Class-book Bot. (ed. 1861) 431. 1861 ,,,,,11,latifolia,L.,,f,t,,,,,,,Alph.Wood@11837-1@1@aut$A.Gray@19574-1@4@basEx$Torr.@10754-1@3@basEx$M.A.Curtis@1925-1@2@bas,L.@12653-1@1@aut,,comb. et stat. nov.,,1.1,f,solidago~latifoliapubens,asteraceaesolidago~latifoliapubens,,415,wfo-1200118298,,variety,,,,
urn:lsid:ipni.org:names:77379013-1,Lei Cai & Yang Liu ter,,,,,,312(3)-19: 5,,2,,6,,DZL4571,2017,,C.Lei &amp; C.Yu,,,22/04/2026 22:27,23/04/2026 10:00,"Yunnan (China South-Central, China, Asia-Temperate)",E,Asclepiadaceae,Hoya daoi,Hoya daoi,Hoya,,f,f,,,,,,,,25,8,,"Yongping County, Shuixie Town, Shiziwo Village, Heishuihe, c. 1550 m",99,36,,,,,,,N,,,,,,,,,60437256-2,Pl. Syst. Evol.,urn:lsid:ipni.org:publications:2733-2,2026,2026 [22 Apr 2026],[22 Apr 2026],Lei Cai & Yang Liu ter,spec.,Pl. Syst. Evol. 312(3)-19: 5. 2026 [22 Apr 2026] ,,"doi:10.1007/s00606-026-01988-z [english] Etymology: the specific epithet honours Prof. Zhiling Dao from the Kunming Institute of Botany, Chinese Academy of Sciences.",,,11,daoi,,,f,t,,holotype KUN;isotype KUN,,,,,Lei Cai@20030108-1@1@aut$Yang Liu ter@20098048-1@2@aut,,,tax. nov.,,1.3,f,hoya~daoi,asclepiadaceaehoya~daoi~,,416,wfo-1000089675,,species,,,,
urn:lsid:ipni.org:names:77379015-1,"Lei Cai, Yang Liu ter & J.D.Ya",,,,,,312(3)-19: 8,,28,,6,,CL2018062801,2018,,C.Lei,,,22/04/2026 22:31,23/04/2026 10:02,"Yunnan (China South-Central, China, Asia-Temperate)",E,Asclepiadaceae,Hoya maguanensis,Hoya maguanensis,Hoya,,f,f,,,,,,,,22,56,,"Maguan County, Renhe Town, Yanjiao Village, Xiangshuihe, c. 1178 m",104,21,,,,,,,N,,,,,,,,,60437256-2,Pl. Syst. Evol.,urn:lsid:ipni.org:publications:2733-2,2026,2026 [22 Apr 2026],[22 Apr 2026],"Lei Cai, Yang Liu ter & J.D.Ya",spec.,Pl. Syst. Evol. 312(3)-19: 8. 2026 [22 Apr 2026] ,,doi:10.1007/s00606-026-01988-z [english] Etymology: the specific epithet is derived from the type locality.,,,11,maguanensis,,,f,t,,holotype KUN;isotype KUN,,,,,J.D.Ya@20042727-1@3@aut$Yang Liu ter@20098048-1@2@aut$Lei Cai@20030108-1@1@aut,,,tax. nov.,,1.4,f,hoya~maguanensis,asclepiadaceaehoya~maguanensis~,,417,wfo-1000089676,,species,,,,
urn:lsid:ipni.org:names:77379016-1,A.C.Alencar & J.E.Nascim.,,,,,,752(1): 40,,19,,12,,209,2017,,A.C.Alencar &amp; J.E.Nascimento-Jr.,,,23/04/2026 09:34,23/04/2026 09:34,"Minas Gerais (Brazil Southeast, Brazil, Southern America)",,Clusiaceae,Clusia mocopetraea,Clusia mocopetraea,Clusia,,f,f,,,,,,,,,,,Estrada de Joaquim Felício para o Parque Estadual Serra do Cabral,,,,,,,,,,,,,,,,,,30005334-2,Phytotaxa,urn:lsid:ipni.org:publications:20011462-1,2026,2026 [17 Apr 2026],[17 Apr 2026],A.C.Alencar & J.E.Nascim.,spec.,Phytotaxa 752(1): 40. 2026 [17 Apr 2026] ,,doi:10.11646/phytotaxa.752.1.2 Etymology: the specific epithet is a reference to the rupicolous habitat of this species.,,,11,mocopetraea,,,f,t,,holotype HUFSJ HUFSJ13599;isotype UEC,,,,,A.C.Alencar@20045284-1@1@aut$J.E.Nascim.@20031204-1@2@aut,,,tax. nov.,,1.1,f,clusia~mocopetraea,clusiaceaeclusia~mocopetraea~,,418,wfo-1000089677,,species,,,,
urn:lsid:ipni.org:names:77379017-1,Oskay & Yıldırım,,,,,,752(1): 52,,3,,5,,7758,2019,,"H.Yıldırım, A.F.Pirhan &amp; T.Özdöl",,,23/04/2026 09:44,23/04/2026 09:44,"Turkey (Western Asia, Asia-Temperate)",E,Geraniaceae,Erodium sibthorpianum subsp. akdagensis,Erodium sibthorpianum subsp. akdagensis,Erodium,,f,f,,,,,akdagensis,,,38,33,21,"İzmir: Karaburun district, Akdağ summit, 1178 m",26,29,49,,,,,,N,,,,,,,,,372431-1,Phytotaxa,urn:lsid:ipni.org:publications:20011462-1,2026,2026 [17 Apr 2026],[17 Apr 2026],Oskay & Yıldırım,subsp.,Phytotaxa 752(1): 52. 2026 [17 Apr 2026] ,,doi:10.11646/phytotaxa.752.1.3 Etymology: the varietal epithet is named for the type locality.,,,11,sibthorpianum,Boiss.,,f,t,,holotype EGE 44350;isotype EGE 44351;isotype HUB;isotype NGBB,,,,,Yıldırım@20013469-1@2@aut$Oskay@20031858-1@1@aut,Boiss.@16284-1@1@aut,,tax. nov.,,1.1,f,erodium~sibthorpianumakdagensis,geraniaceaeerodium~sibthorpianumakdagensis,,419,wfo-1200118299,,subspecies,,,,
urn:lsid:ipni.org:names:77379018-1,(Hook. & Arn.) Kadereit & Schneew.,Rubiaceae Galium californicum Hook. & Arn.,(Hook. & Arn.),749666-1,,,75(2)-e70119: 23,,,,,,,,,,,,23/04/2026 09:46,23/04/2026 09:46,,,Rubiaceae,Trichogalium californicum,Trichogalium californicum,Trichogalium,,f,f,,,,,,,,,,,,,,,,,,,,,,,,,,,,,35479-1,Taxon,urn:lsid:ipni.org:publications:812-2,2026,2026 [30 Mar 2026],[30 Mar 2026],Kadereit & Schneew.,spec.,Taxon 75(2)-e70119: 23. 2026 [30 Mar 2026] ,,doi:10.1002/tax.70119,,,11,californicum,,,f,t,,,,,,,Schneew.@20008845-1@2@aut$Arn.@281-1@4@bas$Hook.@4086-1@3@bas$Kadereit@14763-1@1@aut,,,comb. nov.,,1.1,f,trichogalium~californicum,rubiaceaetrichogalium~californicum~,,420,wfo-1000089678,,species,,,,
urn:lsid:ipni.org:names:77379019-1,(Kunth) Kadereit & Schneew.,Rubiaceae Galium canescens Kunth,(Kunth),749675-1,,,75(2)-e70119: 23,,,,,,,,,,,,23/04/2026 09:49,23/04/2026 09:49,,,Rubiaceae,Trichogalium canescens,Trichogalium canescens,Trichogalium,,f,f,,,,,,,,,,,,,,,,,,,,,,,,,,,,,35479-1,Taxon,urn:lsid:ipni.org:publications:812-2,2026,2026 [30 Mar 2026],[30 Mar 2026],Kadereit & Schneew.,spec.,Taxon 75(2)-e70119: 23. 2026 [30 Mar 2026] ,,doi:10.1002/tax.70119,,,11,canescens,,,f,t,,,,,,,Schneew.@20008845-1@2@aut$Kunth@21866-1@3@bas$Kadereit@14763-1@1@aut,,,comb. nov.,,1.1,f,trichogalium~canescens,rubiaceaetrichogalium~canescens~,,421,wfo-1000089679,,species,,,,
urn:lsid:ipni.org:names:77379020-1,(Dempster) Kadereit & Schneew.,Rubiaceae Galium carmenicola Dempster,(Dempster),106972-2,,,75(2)-e70119: 23,,,,,,,,,,,,23/04/2026 09:51,23/04/2026 09:51,,,Rubiaceae,Trichogalium carmenicola,Trichogalium carmenicola,Trichogalium,,f,f,,,,,,,,,,,,,,,,,,,,,,,,,,,,,35479-1,Taxon,urn:lsid:ipni.org:publications:812-2,2026,2026 [30 Mar 2026],[30 Mar 2026],Kadereit & Schneew.,spec.,Taxon 75(2)-e70119: 23. 2026 [30 Mar 2026] ,,doi:10.1002/tax.70119,,,11,carmenicola,,,f,t,,,,,,,Kadereit@14763-1@1@aut$Schneew.@20008845-1@2@aut$Dempster@13058-1@3@bas,,,comb. nov.,,1.1,f,trichogalium~carmenicola,rubiaceaetrichogalium~carmenicola~,,422,wfo-1000089680,,species,,,,
urn:lsid:ipni.org:names:77379021-1,(Dempster) Kadereit & Schneew.,Rubiaceae Galium carterae Dempster,(Dempster),106973-2,,,75(2)-e70119: 23,,,,,,,,,,,,23/04/2026 09:52,23/04/2026 09:52,,,Rubiaceae,Trichogalium carterae,Trichogalium carterae,Trichogalium,,f,f,,,,,,,,,,,,,,,,,,,,,,,,,,,,,35479-1,Taxon,urn:lsid:ipni.org:publications:812-2,2026,2026 [30 Mar 2026],[30 Mar 2026],Kadereit & Schneew.,spec.,Taxon 75(2)-e70119: 23. 2026 [30 Mar 2026] ,,doi:10.1002/tax.70119,,,11,carterae,,,f,t,,,,,,,Dempster@13058-1@3@bas$Schneew.@20008845-1@2@aut$Kadereit@14763-1@1@aut,,,comb. nov.,,1.1,f,trichogalium~carterae,rubiaceaetrichogalium~carterae~,,423,wfo-1000089681,,species,,,,
urn:lsid:ipni.org:names:77379022-1,(A.Gray) Kadereit & Schneew.,Rubiaceae Galium catalinense A.Gray,(A.Gray),106974-2,,,75(2)-e70119: 23,,,,,,,,,,,,23/04/2026 09:53,23/04/2026 09:53,,,Rubiaceae,Trichogalium catalinense,Trichogalium catalinense,Trichogalium,,f,f,,,,,,,,,,,,,,,,,,,,,,,,,,,,,35479-1,Taxon,urn:lsid:ipni.org:publications:812-2,2026,2026 [30 Mar 2026],[30 Mar 2026],Kadereit & Schneew.,spec.,Taxon 75(2)-e70119: 23. 2026 [30 Mar 2026] ,,doi:10.1002/tax.70119,,,11,catalinense,,,f,t,,,,,,,A.Gray@19574-1@3@bas$Schneew.@20008845-1@2@aut$Kadereit@14763-1@1@aut,,,comb. nov.,,1.1,f,trichogalium~catalinense,rubiaceaetrichogalium~catalinense~,,424,wfo-1000089682,,species,,,,
urn:lsid:ipni.org:names:77379023-1,(Ehrend.) Kadereit & Schneew.,Rubiaceae Relbunium catarinense Ehrend.,(Ehrend.),764498-1,,,75(2)-e70119: 23,,,,,,,,,,,,23/04/2026 09:54,23/04/2026 09:54,,,Rubiaceae,Trichogalium catarinense,Trichogalium catarinense,Trichogalium,,f,f,,,,,,,,,,,,,,,,,,,,,,,,,,,,,35479-1,Taxon,urn:lsid:ipni.org:publications:812-2,2026,2026 [30 Mar 2026],[30 Mar 2026],Kadereit & Schneew.,spec.,Taxon 75(2)-e70119: 23. 2026 [30 Mar 2026] ,,doi:10.1002/tax.70119,,,11,catarinense,,,f,t,,,,,,,Kadereit@14763-1@1@aut$Ehrend.@2483-1@3@bas$Schneew.@20008845-1@2@aut,,,comb. nov.,,1.1,f,trichogalium~catarinense,rubiaceaetrichogalium~catarinense~,,425,wfo-1000089683,,species,,,,
urn:lsid:ipni.org:names:77379024-1,(Ehrend.) Kadereit & Schneew.,Rubiaceae Galium chekiangense Ehrend.,(Ehrend.),60455155-2,,,75(2)-e70119: 23,,,,,,,,,,,,23/04/2026 09:55,23/04/2026 09:55,,,Rubiaceae,Trichogalium chekiangense,Trichogalium chekiangense,Trichogalium,,f,f,,,,,,,,,,,,,,,,,,,,,,,,,,,,,35479-1,Taxon,urn:lsid:ipni.org:publications:812-2,2026,2026 [30 Mar 2026],[30 Mar 2026],Kadereit & Schneew.,spec.,Taxon 75(2)-e70119: 23. 2026 [30 Mar 2026] ,,doi:10.1002/tax.70119,,,11,chekiangense,,,f,t,,,,,,,Kadereit@14763-1@1@aut$Ehrend.@2483-1@3@bas$Schneew.@20008845-1@2@aut,,,comb. nov.,,1.1,f,trichogalium~chekiangense,rubiaceaetrichogalium~chekiangense~,,426,wfo-1000089684,,species,,,,
urn:lsid:ipni.org:names:77379025-1,"(Maxim.) M.W.Chase, X.H.Jin & Schuit.",Orchidaceae Herminium alaschanicum Maxim.,(Maxim.),638573-1,,,752(2): 165,,,,,,,,,,,,23/04/2026 09:56,23/04/2026 09:56,,,Orchidaceae,Habenaria alaschanica,Habenaria alaschanica,Habenaria,,f,f,,,,,,,,,,,,,,,,,,,,,,,,,,,,,325751-2,Phytotaxa,urn:lsid:ipni.org:publications:20011462-1,2026,2026 [22 Apr 2026],[22 Apr 2026],"M.W.Chase, X.H.Jin & Schuit.",spec.,Phytotaxa 752(2): 165. 2026 [22 Apr 2026] ,,doi:10.11646/phytotaxa.752.2.6,,,11,alaschanica,,,f,t,,,,,,,M.W.Chase@17101-1@1@aut$Schuit.@26386-1@3@aut$X.H.Jin@39725-1@2@aut$Maxim.@23089-1@4@bas,,,comb. nov.,,1.1,f,habenaria~alaschanica,orchidaceaehabenaria~alaschanica~,,427,wfo-1000089685,,species,,,,
urn:lsid:ipni.org:names:77379026-1,(Hook.f.) Kadereit & Schneew.,Rubiaceae Galium ciliare Hook.f.,(Hook.f.),749722-1,,,75(2)-e70119: 23,,,,,,,,,,,,23/04/2026 09:56,23/04/2026 09:56,,,Rubiaceae,Trichogalium ciliare,Trichogalium ciliare,Trichogalium,,f,f,,,,,,,,,,,,,,,,,,,,,,,,,,,,,35479-1,Taxon,urn:lsid:ipni.org:publications:812-2,2026,2026 [30 Mar 2026],[30 Mar 2026],Kadereit & Schneew.,spec.,Taxon 75(2)-e70119: 23. 2026 [30 Mar 2026] ,,doi:10.1002/tax.70119,,,11,ciliare,,,f,t,,,,,,,Kadereit@14763-1@1@aut$Schneew.@20008845-1@2@aut$Hook.f.@4084-1@3@bas,,,comb. nov.,,1.1,f,trichogalium~ciliare,rubiaceaetrichogalium~ciliare~,,428,wfo-1000089686,,species,,,,
urn:lsid:ipni.org:names:77379027-1,(Michx.) Kadereit & Schneew.,Rubiaceae Galium circaezans Michx.,(Michx.),749731-1,,,75(2)-e70119: 23,,,,,,,,,,,,23/04/2026 09:57,23/04/2026 09:57,,,Rubiaceae,Trichogalium circaezans,Trichogalium circaezans,Trichogalium,,f,f,,,,,,,,,,,,,,,,,,,,,,,,,,,,,35479-1,Taxon,urn:lsid:ipni.org:publications:812-2,2026,2026 [30 Mar 2026],[30 Mar 2026],Kadereit & Schneew.,spec.,Taxon 75(2)-e70119: 23. 2026 [30 Mar 2026] ,,doi:10.1002/tax.70119,,,11,circaezans,,,f,t,,,,,,,Kadereit@14763-1@1@aut$Michx.@6431-1@3@bas$Schneew.@20008845-1@2@aut,,,comb. nov.,,1.1,f,trichogalium~circaezans,rubiaceaetrichogalium~circaezans~,,429,wfo-1000089687,,species,,,,
urn:lsid:ipni.org:names:77379028-1,"(Renz) M.W.Chase, X.H.Jin & Schuit.",Orchidaceae Bhutanthera albosanguinea Renz,(Renz),1019036-1,,,752(2): 165,,,,,,,,,,,,23/04/2026 09:57,23/04/2026 09:57,,,Orchidaceae,Habenaria albosanguinea,Habenaria albosanguinea,Habenaria,,f,f,,,,,,,,,,,,,,,,,,,,,,,,,,,,,325751-2,Phytotaxa,urn:lsid:ipni.org:publications:20011462-1,2026,2026 [22 Apr 2026],[22 Apr 2026],"M.W.Chase, X.H.Jin & Schuit.",spec.,Phytotaxa 752(2): 165. 2026 [22 Apr 2026] ,,doi:10.11646/phytotaxa.752.2.6,,,11,albosanguinea,,,f,t,,,,,,,Schuit.@26386-1@3@aut$X.H.Jin@39725-1@2@aut$M.W.Chase@17101-1@1@aut$Renz@8297-1@4@bas,,,comb. nov.,,1.1,f,habenaria~albosanguinea,orchidaceaehabenaria~albosanguinea~,,430,wfo-1000089688,,species,,,,
urn:lsid:ipni.org:names:77379029-1,(Eastw.) Kadereit & Schneew.,Rubiaceae Galium clementis Eastw.,(Eastw.),106996-2,,,75(2)-e70119: 23,,,,,,,,,,,,23/04/2026 09:58,23/04/2026 09:58,,,Rubiaceae,Trichogalium clementis,Trichogalium clementis,Trichogalium,,f,f,,,,,,,,,,,,,,,,,,,,,,,,,,,,,35479-1,Taxon,urn:lsid:ipni.org:publications:812-2,2026,2026 [30 Mar 2026],[30 Mar 2026],Kadereit & Schneew.,spec.,Taxon 75(2)-e70119: 23. 2026 [30 Mar 2026] ,,doi:10.1002/tax.70119,,,11,clementis,,,f,t,,,,,,,Eastw.@2445-1@3@bas$Kadereit@14763-1@1@aut$Schneew.@20008845-1@2@aut,,,comb. nov.,,1.1,f,trichogalium~clementis,rubiaceaetrichogalium~clementis~,,431,wfo-1000089689,,species,,,,
urn:lsid:ipni.org:names:77379030-1,"(Renz) M.W.Chase, X.H.Jin & Schuit.",Orchidaceae Bhutanthera albovirens Renz,(Renz),1019037-1,,,752(2): 165,,,,,,,,,,,,23/04/2026 09:58,23/04/2026 09:58,,,Orchidaceae,Habenaria albovirens,Habenaria albovirens,Habenaria,,f,f,,,,,,,,,,,,,,,,,,,,,,,,,,,,,325751-2,Phytotaxa,urn:lsid:ipni.org:publications:20011462-1,2026,2026 [22 Apr 2026],[22 Apr 2026],"M.W.Chase, X.H.Jin & Schuit.",spec.,Phytotaxa 752(2): 165. 2026 [22 Apr 2026] ,,doi:10.11646/phytotaxa.752.2.6,,,11,albovirens,,,f,t,,,,,,,X.H.Jin@39725-1@2@aut$Renz@8297-1@4@bas$M.W.Chase@17101-1@1@aut$Schuit.@26386-1@3@aut,,,comb. nov.,,1.1,f,habenaria~albovirens,orchidaceaehabenaria~albovirens~,,432,wfo-1000089690,,species,,,,
urn:lsid:ipni.org:names:77379031-1,(Dempster) Kadereit & Schneew.,Rubiaceae Galium nuttallii A.Gray var. cliftonsmithii Dempster,(Dempster),107125-2,,,75(2)-e70119: 23,,,,,,,,,,,,23/04/2026 09:59,23/04/2026 09:59,,,Rubiaceae,Trichogalium cliftonsmithii,Trichogalium cliftonsmithii,Trichogalium,,f,f,,,,,,,,,,,,,,,,,,,,,,,,,,,,,35479-1,Taxon,urn:lsid:ipni.org:publications:812-2,2026,2026 [30 Mar 2026],[30 Mar 2026],Kadereit & Schneew.,spec.,Taxon 75(2)-e70119: 23. 2026 [30 Mar 2026] ,,doi:10.1002/tax.70119,,,11,cliftonsmithii,,,f,t,,,,,,,Schneew.@20008845-1@2@aut$Kadereit@14763-1@1@aut$Dempster@13058-1@3@bas,,,comb. et stat. nov.,,1.1,f,trichogalium~cliftonsmithii,rubiaceaetrichogalium~cliftonsmithii~,,433,wfo-1000089691,,species,,,,
urn:lsid:ipni.org:names:77379032-1,(J.T.Howell) Kadereit & Schneew.,Rubiaceae Galium collomiae J.T.Howell,(J.T.Howell),107000-2,,,75(2)-e70119: 23,,,,,,,,,,,,23/04/2026 10:00,23/04/2026 10:00,,,Rubiaceae,Trichogalium collomiae,Trichogalium collomiae,Trichogalium,,f,f,,,,,,,,,,,,,,,,,,,,,,,,,,,,,35479-1,Taxon,urn:lsid:ipni.org:publications:812-2,2026,2026 [30 Mar 2026],[30 Mar 2026],Kadereit & Schneew.,spec.,Taxon 75(2)-e70119: 23. 2026 [30 Mar 2026] ,,doi:10.1002/tax.70119,,,11,collomiae,,,f,t,,,,,,,Kadereit@14763-1@1@aut$Schneew.@20008845-1@2@aut$J.T.Howell@4163-1@3@bas,,,comb. nov.,,1.1,f,trichogalium~collomiae,rubiaceaetrichogalium~collomiae~,,434,wfo-1000089692,,species,,,,
urn:lsid:ipni.org:names:77379033-1,"(P.Royen) M.W.Chase, X.H.Jin & Schuit.",Orchidaceae Platanthera alpinipaludosa P.Royen,(P.Royen),651652-1,,,752(2): 165,,,,,,,,,,,,23/04/2026 10:00,23/04/2026 10:00,,,Orchidaceae,Habenaria alpinipaludosa,Habenaria alpinipaludosa,Habenaria,,f,f,,,,,,,,,,,,,,,,,,,,,,,,,,,,,325751-2,Phytotaxa,urn:lsid:ipni.org:publications:20011462-1,2026,2026 [22 Apr 2026],[22 Apr 2026],"M.W.Chase, X.H.Jin & Schuit.",spec.,Phytotaxa 752(2): 165. 2026 [22 Apr 2026] ,,doi:10.11646/phytotaxa.752.2.6,,,11,alpinipaludosa,,,f,t,,,,,,,Schuit.@26386-1@3@aut$X.H.Jin@39725-1@2@aut$M.W.Chase@17101-1@1@aut$P.Royen@8686-1@4@bas,,,comb. nov.,,1.1,f,habenaria~alpinipaludosa,orchidaceaehabenaria~alpinipaludosa~,,435,wfo-1000089693,,species,,,,
urn:lsid:ipni.org:names:77379034-1,(W.Wight) Kadereit & Schneew.,Rubiaceae Galium coloradoense W.Wight,(W.Wight),107001-2,,,75(2)-e70119: 23,,,,,,,,,,,,23/04/2026 10:01,23/04/2026 10:01,,,Rubiaceae,Trichogalium coloradoense,Trichogalium coloradoense,Trichogalium,,f,f,,,,,,,,,,,,,,,,,,,,,,,,,,,,,35479-1,Taxon,urn:lsid:ipni.org:publications:812-2,2026,2026 [30 Mar 2026],[30 Mar 2026],Kadereit & Schneew.,spec.,Taxon 75(2)-e70119: 23. 2026 [30 Mar 2026] ,,doi:10.1002/tax.70119,,,11,coloradoense,,,f,t,,,,,,,W.Wight@11659-1@3@bas$Kadereit@14763-1@1@aut$Schneew.@20008845-1@2@aut,,,comb. nov.,,1.1,f,trichogalium~coloradoense,rubiaceaetrichogalium~coloradoense~,,436,wfo-1000089694,,species,,,,
urn:lsid:ipni.org:names:77379035-1,"(Ormerod) M.W.Chase, X.H.Jin & Schuit.",Orchidaceae Peristylus balaenolabium Ormerod,(Ormerod),77127388-1,,,752(2): 166,,,,,,,,,,,,23/04/2026 10:01,23/04/2026 10:01,,,Orchidaceae,Habenaria balaenolabium,Habenaria balaenolabium,Habenaria,,f,f,,,,,,,,,,,,,,,,,,,,,,,,,,,,,325751-2,Phytotaxa,urn:lsid:ipni.org:publications:20011462-1,2026,2026 [22 Apr 2026],[22 Apr 2026],"M.W.Chase, X.H.Jin & Schuit.",spec.,Phytotaxa 752(2): 166. 2026 [22 Apr 2026] ,,doi:10.11646/phytotaxa.752.2.6,,,11,balaenolabium,,,f,t,,,,,,,M.W.Chase@17101-1@1@aut$Schuit.@26386-1@3@aut$X.H.Jin@39725-1@2@aut$Ormerod@36928-1@4@bas,,,comb. nov.,,1.1,f,habenaria~balaenolabium,orchidaceaehabenaria~balaenolabium~,,437,wfo-1000089695,,species,,,,
urn:lsid:ipni.org:names:77379036-1,(Dempster) Kadereit & Schneew.,Rubiaceae Galium comberi Dempster,(Dempster),107004-2,,,75(2)-e70119: 23,,,,,,,,,,,,23/04/2026 10:01,23/04/2026 10:01,,,Rubiaceae,Trichogalium comberi,Trichogalium comberi,Trichogalium,,f,f,,,,,,,,,,,,,,,,,,,,,,,,,,,,,35479-1,Taxon,urn:lsid:ipni.org:publications:812-2,2026,2026 [30 Mar 2026],[30 Mar 2026],Kadereit & Schneew.,spec.,Taxon 75(2)-e70119: 23. 2026 [30 Mar 2026] ,,doi:10.1002/tax.70119,,,11,comberi,,,f,t,,,,,,,Schneew.@20008845-1@2@aut$Kadereit@14763-1@1@aut$Dempster@13058-1@3@bas,,,comb. nov.,,1.1,f,trichogalium~comberi,rubiaceaetrichogalium~comberi~,,438,wfo-1000089696,,species,,,,
urn:lsid:ipni.org:names:77379037-1,(Ehrend. & McGill.) Kadereit & Schneew.,Rubiaceae Galium compactum Ehrend. & McGill.,(Ehrend. & McGill.),902078-1,,,75(2)-e70119: 23,,,,,,,,,,,,23/04/2026 10:03,23/04/2026 10:03,,,Rubiaceae,Trichogalium compactum,Trichogalium compactum,Trichogalium,,f,f,,,,,,,,,,,,,,,,,,,,,,,,,,,,,35479-1,Taxon,urn:lsid:ipni.org:publications:812-2,2026,2026 [30 Mar 2026],[30 Mar 2026],Kadereit & Schneew.,spec.,Taxon 75(2)-e70119: 23. 2026 [30 Mar 2026] ,,doi:10.1002/tax.70119,,,11,compactum,,,f,t,,,,,,,McGill.@5918-1@4@bas$Schneew.@20008845-1@2@aut$Ehrend.@2483-1@3@bas$Kadereit@14763-1@1@aut,,,comb. nov.,,1.1,f,trichogalium~compactum,rubiaceaetrichogalium~compactum~,,439,wfo-1000089697,,species,,,,
urn:lsid:ipni.org:names:77379038-1,"(Karthig., Sumathi & Jayanthi) M.W.Chase, X.H.Jin & Schuit.","Orchidaceae Peristylus balakrishnanii Karthig., Sumathi & Jayanthi","(Karthig., Sumathi & Jayanthi)",77105953-1,,,752(2): 166,,,,,,,,,,,,23/04/2026 10:03,23/04/2026 10:03,,,Orchidaceae,Habenaria balakrishnanii,Habenaria balakrishnanii,Habenaria,,f,f,,,,,,,,,,,,,,,,,,,,,,,,,,,,,325751-2,Phytotaxa,urn:lsid:ipni.org:publications:20011462-1,2026,2026 [22 Apr 2026],[22 Apr 2026],"M.W.Chase, X.H.Jin & Schuit.",spec.,Phytotaxa 752(2): 166. 2026 [22 Apr 2026] ,,doi:10.11646/phytotaxa.752.2.6,,,11,balakrishnanii,,,f,t,,,,,,,Sumathi@20000071-1@5@bas$Jayanthi@20000072-1@6@bas$Schuit.@26386-1@3@aut$Karthig.@20000073-1@4@bas$X.H.Jin@39725-1@2@aut$M.W.Chase@17101-1@1@aut,,,comb. nov.,,1.1,f,habenaria~balakrishnanii,orchidaceaehabenaria~balakrishnanii~,,440,wfo-1000089698,,species,,,,
urn:lsid:ipni.org:names:77379039-1,(Dempster) Kadereit & Schneew.,Rubiaceae Galium coronadoense Dempster,(Dempster),107005-2,,,75(2)-e70119: 23,,,,,,,,,,,,23/04/2026 10:04,23/04/2026 10:04,,,Rubiaceae,Trichogalium coronadoense,Trichogalium coronadoense,Trichogalium,,f,f,,,,,,,,,,,,,,,,,,,,,,,,,,,,,35479-1,Taxon,urn:lsid:ipni.org:publications:812-2,2026,2026 [30 Mar 2026],[30 Mar 2026],Kadereit & Schneew.,spec.,Taxon 75(2)-e70119: 23. 2026 [30 Mar 2026] ,,doi:10.1002/tax.70119,,,11,coronadoense,,,f,t,,,,,,,Kadereit@14763-1@1@aut$Schneew.@20008845-1@2@aut$Dempster@13058-1@3@bas,,,comb. nov.,,1.1,f,trichogalium~coronadoense,rubiaceaetrichogalium~coronadoense~,,441,wfo-1000089699,,species,,,,
urn:lsid:ipni.org:names:77379040-1,"(Maxim.) M.W.Chase, X.H.Jin & Schuit.",Orchidaceae Herminium biporosum Maxim.,(Maxim.),638581-1,,,752(2): 166,,,,,,,,,,,,23/04/2026 10:05,23/04/2026 10:05,,,Orchidaceae,Habenaria biporosa,Habenaria biporosa,Habenaria,,f,f,,,,,,,,,,,,,,,,,,,,,,,,,,,,,325751-2,Phytotaxa,urn:lsid:ipni.org:publications:20011462-1,2026,2026 [22 Apr 2026],[22 Apr 2026],"M.W.Chase, X.H.Jin & Schuit.",spec.,Phytotaxa 752(2): 166. 2026 [22 Apr 2026] ,,doi:10.11646/phytotaxa.752.2.6,,,11,biporosa,,,f,t,,,,,,,M.W.Chase@17101-1@1@aut$X.H.Jin@39725-1@2@aut$Schuit.@26386-1@3@aut$Maxim.@23089-1@4@bas,,,comb. nov.,,1.1,f,habenaria~biporosa,orchidaceaehabenaria~biporosa~,,442,wfo-1000089700,,species,,,,
urn:lsid:ipni.org:names:77379041-1,(Dempster) Kadereit & Schneew.,Rubiaceae Galium correllii Dempster,(Dempster),107006-2,,,75(2)-e70119: 23,,,,,,,,,,,,23/04/2026 10:05,23/04/2026 10:05,,,Rubiaceae,Trichogalium correllii,Trichogalium correllii,Trichogalium,,f,f,,,,,,,,,,,,,,,,,,,,,,,,,,,,,35479-1,Taxon,urn:lsid:ipni.org:publications:812-2,2026,2026 [30 Mar 2026],[30 Mar 2026],Kadereit & Schneew.,spec.,Taxon 75(2)-e70119: 23. 2026 [30 Mar 2026] ,,doi:10.1002/tax.70119,,,11,correllii,,,f,t,,,,,,,Schneew.@20008845-1@2@aut$Dempster@13058-1@3@bas$Kadereit@14763-1@1@aut,,,comb. nov.,,1.1,f,trichogalium~correllii,rubiaceaetrichogalium~correllii~,,443,wfo-1000089701,,species,,,,
urn:lsid:ipni.org:names:77379042-1,(Ruiz & Pav.) Kadereit & Schneew.,Rubiaceae Galium corymbosum Ruiz & Pav.,(Ruiz & Pav.),749770-1,,,75(2)-e70119: 23,,,,,,,,,,,,23/04/2026 10:06,23/04/2026 10:06,,,Rubiaceae,Trichogalium corymbosum,Trichogalium corymbosum,Trichogalium,,f,f,,,,,,,,,,,,,,,,,,,,,,,,,,,,,35479-1,Taxon,urn:lsid:ipni.org:publications:812-2,2026,2026 [30 Mar 2026],[30 Mar 2026],Kadereit & Schneew.,spec.,Taxon 75(2)-e70119: 23. 2026 [30 Mar 2026] ,,doi:10.1002/tax.70119,,,11,corymbosum,,,f,t,,,,,,,Pav.@7422-1@4@bas$Kadereit@14763-1@1@aut$Ruiz@8735-1@3@bas$Schneew.@20008845-1@2@aut,,,comb. nov.,,1.1,f,trichogalium~corymbosum,rubiaceaetrichogalium~corymbosum~,,444,wfo-1000089702,,species,,,,
urn:lsid:ipni.org:names:77379043-1,(Cham. & Schltdl.) Kadereit & Schneew.,Rubiaceae Galium cotinoides Cham. & Schltdl.,(Cham. & Schltdl.),749772-1,,,75(2)-e70119: 23,,,,,,,,,,,,23/04/2026 10:07,23/04/2026 10:07,,,Rubiaceae,Trichogalium cotinoides,Trichogalium cotinoides,Trichogalium,,f,f,,,,,,,,,,,,,,,,,,,,,,,,,,,,,35479-1,Taxon,urn:lsid:ipni.org:publications:812-2,2026,2026 [30 Mar 2026],[30 Mar 2026],Kadereit & Schneew.,spec.,Taxon 75(2)-e70119: 23. 2026 [30 Mar 2026] ,,doi:10.1002/tax.70119,,,11,cotinoides,,,f,t,,,,,,,Kadereit@14763-1@1@aut$Schneew.@20008845-1@2@aut$Schltdl.@9114-1@4@bas$Cham.@1504-1@3@bas,,,comb. nov.,,1.1,f,trichogalium~cotinoides,rubiaceaetrichogalium~cotinoides~,,445,wfo-1000089703,,species,,,,
urn:lsid:ipni.org:names:77379044-1,"(Rolfe) M.W.Chase, X.H.Jin & Schuit.",Orchidaceae Diplomeris boxallii Rolfe,(Rolfe),629978-1,,,752(2): 166,,,,,,,,,,,,23/04/2026 10:07,23/04/2026 10:07,,,Orchidaceae,Habenaria boxalii,Habenaria boxalii,Habenaria,,f,f,,,,,,,,,,,,,,,,,,,,,,,,,,,,,325751-2,Phytotaxa,urn:lsid:ipni.org:publications:20011462-1,2026,2026 [22 Apr 2026],[22 Apr 2026],"M.W.Chase, X.H.Jin & Schuit.",spec.,Phytotaxa 752(2): 166. 2026 [22 Apr 2026] ,,doi:10.11646/phytotaxa.752.2.6,,,11,boxalii,,,f,t,,,,,,,X.H.Jin@39725-1@2@aut$M.W.Chase@17101-1@1@aut$Schuit.@26386-1@3@aut$Rolfe@8550-1@4@bas,,,comb. nov.,,1.1,f,habenaria~boxalii,orchidaceaehabenaria~boxalii~,,446,wfo-1000089704,,species,,,,
urn:lsid:ipni.org:names:77379045-1,(W.C.Chen) Kadereit & Schneew.,Rubiaceae Galium crassifolium W.C.Chen,(W.C.Chen),940204-1,,,75(2)-e70119: 23,,,,,,,,,,,,23/04/2026 10:08,23/04/2026 10:10,,,Rubiaceae,Trichogalium crassifolium,Trichogalium crassifolium,Trichogalium,,f,f,,,,,,,,,,,,,,,,,,,,,,,,,,,,,35479-1,Taxon,urn:lsid:ipni.org:publications:812-2,2026,2026 [30 Mar 2026],[30 Mar 2026],Kadereit & Schneew.,spec.,Taxon 75(2)-e70119: 23. 2026 [30 Mar 2026] ,,doi:10.1002/tax.70119,,,11,crassifolium,,,f,t,,,,,,,Schneew.@20008845-1@2@aut$W.C.Chen@1571-1@3@bas$Kadereit@14763-1@1@aut,,,comb. nov.,,1.2,f,trichogalium~crassifolium,rubiaceaetrichogalium~crassifolium~,,447,wfo-1000089705,,species,,,,
urn:lsid:ipni.org:names:77379046-1,"(Ormerod) M.W.Chase, X.H.Jin & Schuit.",Orchidaceae Peristylus brassii Ormerod,(Ormerod),77118950-1,,,752(2): 166,,,,,,,,,,,,23/04/2026 10:08,23/04/2026 10:08,,,Orchidaceae,Habenaria brassii,Habenaria brassii,Habenaria,,f,f,,,,,,,,,,,,,,,,,,,,,,,,,,,,,325751-2,Phytotaxa,urn:lsid:ipni.org:publications:20011462-1,2026,2026 [22 Apr 2026],[22 Apr 2026],"M.W.Chase, X.H.Jin & Schuit.",spec.,Phytotaxa 752(2): 166. 2026 [22 Apr 2026] ,,doi:10.11646/phytotaxa.752.2.6,,,11,brassii,,,f,t,,,,,,,M.W.Chase@17101-1@1@aut$Schuit.@26386-1@3@aut$Ormerod@36928-1@4@bas$X.H.Jin@39725-1@2@aut,,,comb. nov.,,1.1,f,habenaria~brassii,orchidaceaehabenaria~brassii~,,448,wfo-1000089706,,species,,,,
urn:lsid:ipni.org:names:77379047-1,(Ruiz & Pav.) Kadereit & Schneew.,Rubiaceae Galium croceum Ruiz & Pav.,(Ruiz & Pav.),749779-1,,,75(2)-e70119: 23,,,,,,,,,,,,23/04/2026 10:08,23/04/2026 10:08,,,Rubiaceae,Trichogalium croceum,Trichogalium croceum,Trichogalium,,f,f,,,,,,,,,,,,,,,,,,,,,,,,,,,,,35479-1,Taxon,urn:lsid:ipni.org:publications:812-2,2026,2026 [30 Mar 2026],[30 Mar 2026],Kadereit & Schneew.,spec.,Taxon 75(2)-e70119: 23. 2026 [30 Mar 2026] ,,doi:10.1002/tax.70119,,,11,croceum,,,f,t,,,,,,,Kadereit@14763-1@1@aut$Pav.@7422-1@4@bas$Schneew.@20008845-1@2@aut$Ruiz@8735-1@3@bas,,,comb. nov.,,1.1,f,trichogalium~croceum,rubiaceaetrichogalium~croceum~,,449,wfo-1000089707,,species,,,,
urn:lsid:ipni.org:names:77379048-1,(Hemsl.) Kadereit & Schneew.,Rubiaceae Galium cryptanthum Hemsl.,(Hemsl.),749782-1,,,75(2)-e70119: 23,,,,,,,,,,,,23/04/2026 10:11,23/04/2026 10:11,,,Rubiaceae,Trichogalium cryptanthum,Trichogalium cryptanthum,Trichogalium,,f,f,,,,,,,,,,,,,,,,,,,,,,,,,,,,,35479-1,Taxon,urn:lsid:ipni.org:publications:812-2,2026,2026 [30 Mar 2026],[30 Mar 2026],Kadereit & Schneew.,spec.,Taxon 75(2)-e70119: 23. 2026 [30 Mar 2026] ,,doi:10.1002/tax.70119,,,11,cryptanthum,,,f,t,,,,,,,Schneew.@20008845-1@2@aut$Hemsl.@3825-1@3@bas$Kadereit@14763-1@1@aut,,,comb. nov.,,1.1,f,trichogalium~cryptanthum,rubiaceaetrichogalium~cryptanthum~,,450,wfo-1000089708,,species,,,,
urn:lsid:ipni.org:names:77379049-1,(Ehrend. & McGill.) Kadereit & Schneew.,Rubiaceae Galium curvihirtum Ehrend. & McGill.,(Ehrend. & McGill.),902079-1,,,75(2)-e70119: 23,,,,,,,,,,,,23/04/2026 10:12,23/04/2026 10:12,,,Rubiaceae,Trichogalium curvihirtum,Trichogalium curvihirtum,Trichogalium,,f,f,,,,,,,,,,,,,,,,,,,,,,,,,,,,,35479-1,Taxon,urn:lsid:ipni.org:publications:812-2,2026,2026 [30 Mar 2026],[30 Mar 2026],Kadereit & Schneew.,spec.,Taxon 75(2)-e70119: 23. 2026 [30 Mar 2026] ,,doi:10.1002/tax.70119,,,11,curvihirtum,,,f,t,,,,,,,Ehrend.@2483-1@3@bas$McGill.@5918-1@4@bas$Schneew.@20008845-1@2@aut$Kadereit@14763-1@1@aut,,,comb. nov.,,1.1,f,trichogalium~curvihirtum,rubiaceaetrichogalium~curvihirtum~,,451,wfo-1000089709,,species,,,,
urn:lsid:ipni.org:names:77379050-1,(B.L.Turner) Kadereit & Schneew.,Rubiaceae Galium dempsterae B.L.Turner,(B.L.Turner),107012-2,,,75(2)-e70119: 23,,,,,,,,,,,,23/04/2026 10:13,23/04/2026 10:13,,,Rubiaceae,Trichogalium dempsterae,Trichogalium dempsterae,Trichogalium,,f,f,,,,,,,,,,,,,,,,,,,,,,,,,,,,,35479-1,Taxon,urn:lsid:ipni.org:publications:812-2,2026,2026 [30 Mar 2026],[30 Mar 2026],Kadereit & Schneew.,spec.,Taxon 75(2)-e70119: 23. 2026 [30 Mar 2026] ,,doi:10.1002/tax.70119,,,11,dempsterae,,,f,t,,,,,,,Kadereit@14763-1@1@aut$B.L.Turner@10915-1@3@bas$Schneew.@20008845-1@2@aut,,,comb. nov.,,1.1,f,trichogalium~dempsterae,rubiaceaetrichogalium~dempsterae~,,452,wfo-1000089710,,species,,,,
urn:lsid:ipni.org:names:77379051-1,"(Gagnep.) M.W.Chase, X.H.Jin & Schuit.",Orchidaceae Parhabenaria cambodiana Gagnep.,(Gagnep.),649909-1,,,752(2): 166,,,,,,,,,,,,23/04/2026 10:16,23/04/2026 10:16,,,Orchidaceae,Habenaria cambodiana,Habenaria cambodiana,Habenaria,,f,f,,,,,,,,,,,,,,,,,,,,,,,,,,,,,325751-2,Phytotaxa,urn:lsid:ipni.org:publications:20011462-1,2026,2026 [22 Apr 2026],[22 Apr 2026],"M.W.Chase, X.H.Jin & Schuit.",spec.,Phytotaxa 752(2): 166. 2026 [22 Apr 2026] ,,doi:10.11646/phytotaxa.752.2.6,,,11,cambodiana,,,f,t,,,,,,,M.W.Chase@17101-1@1@aut$X.H.Jin@39725-1@2@aut$Gagnep.@2978-1@4@bas$Schuit.@26386-1@3@aut,,,comb. nov.,,1.1,f,habenaria~cambodiana,orchidaceaehabenaria~cambodiana~,,453,wfo-1000089711,,species,,,,
urn:lsid:ipni.org:names:77379052-1,(Hook.f.) Kadereit & Schneew.,Rubiaceae Galium densum Hook.f.,(Hook.f.),749823-1,,,75(2)-e70119: 23,,,,,,,,,,,,23/04/2026 10:17,23/04/2026 10:17,,,Rubiaceae,Trichogalium densum,Trichogalium densum,Trichogalium,,f,f,,,,,,,,,,,,,,,,,,,,,,,,,,,,,35479-1,Taxon,urn:lsid:ipni.org:publications:812-2,2026,2026 [30 Mar 2026],[30 Mar 2026],Kadereit & Schneew.,spec.,Taxon 75(2)-e70119: 23. 2026 [30 Mar 2026] ,,doi:10.1002/tax.70119,,,11,densum,,,f,t,,,,,,,Kadereit@14763-1@1@aut$Schneew.@20008845-1@2@aut$Hook.f.@4084-1@3@bas,,,comb. nov.,,1.1,f,trichogalium~densum,rubiaceaetrichogalium~densum~,,454,wfo-1000089712,,species,,,,
urn:lsid:ipni.org:names:77379053-1,"(Kurzweil) M.W.Chase, X.H.Jin & Schuit.",Orchidaceae Peristylus carnosipetalus Kurzweil,(Kurzweil),77145838-1,,,752(2): 166,,,,,,,,,,,,23/04/2026 10:17,23/04/2026 10:17,,,Orchidaceae,Habenaria carnosipetala,Habenaria carnosipetala,Habenaria,,f,f,,,,,,,,,,,,,,,,,,,,,,,,,,,,,325751-2,Phytotaxa,urn:lsid:ipni.org:publications:20011462-1,2026,2026 [22 Apr 2026],[22 Apr 2026],"M.W.Chase, X.H.Jin & Schuit.",spec.,Phytotaxa 752(2): 166. 2026 [22 Apr 2026] ,,doi:10.11646/phytotaxa.752.2.6,,,11,carnosipetala,,,f,t,,,,,,,X.H.Jin@39725-1@2@aut$Schuit.@26386-1@3@aut$Kurzweil@36811-1@4@bas$M.W.Chase@17101-1@1@aut,,,comb. nov.,,1.1,f,habenaria~carnosipetala,orchidaceaehabenaria~carnosipetala~,,455,wfo-1000089713,,species,,,,
urn:lsid:ipni.org:names:77379054-1,(Dempster & Ehrend.) Kadereit & Schneew.,Rubiaceae Galium desereticum Dempster & Ehrend.,(Dempster & Ehrend.),107013-2,,,75(2)-e70119: 23,,,,,,,,,,,,23/04/2026 10:19,23/04/2026 10:19,,,Rubiaceae,Trichogalium desereticum,Trichogalium desereticum,Trichogalium,,f,f,,,,,,,,,,,,,,,,,,,,,,,,,,,,,35479-1,Taxon,urn:lsid:ipni.org:publications:812-2,2026,2026 [30 Mar 2026],[30 Mar 2026],Kadereit & Schneew.,spec.,Taxon 75(2)-e70119: 23. 2026 [30 Mar 2026] ,,doi:10.1002/tax.70119,,,11,desereticum,,,f,t,,,,,,,Schneew.@20008845-1@2@aut$Ehrend.@2483-1@4@bas$Kadereit@14763-1@1@aut$Dempster@13058-1@3@bas,,,comb. nov.,,1.1,f,trichogalium~desereticum,rubiaceaetrichogalium~desereticum~,,456,wfo-1000089714,,species,,,,
urn:lsid:ipni.org:names:77379055-1,"(D.L.Jones & M.A.Clem.) M.W.Chase, X.H.Jin & Schuit.",Orchidaceae Peristylus chlorandrellus D.L.Jones & M.A.Clem.,(D.L.Jones & M.A.Clem.),77062193-1,,,752(2): 166,,,,,,,,,,,,23/04/2026 10:19,23/04/2026 10:19,,,Orchidaceae,Habenaria chlorandrella,Habenaria chlorandrella,Habenaria,,f,f,,,,,,,,,,,,,,,,,,,,,,,,,,,,,325751-2,Phytotaxa,urn:lsid:ipni.org:publications:20011462-1,2026,2026 [22 Apr 2026],[22 Apr 2026],"M.W.Chase, X.H.Jin & Schuit.",spec.,Phytotaxa 752(2): 166. 2026 [22 Apr 2026] ,,doi:10.11646/phytotaxa.752.2.6,,,11,chlorandrella,,,f,t,,,,,,,M.W.Chase@17101-1@1@aut$X.H.Jin@39725-1@2@aut$M.A.Clem.@17309-1@5@bas$D.L.Jones@4531-1@4@bas$Schuit.@26386-1@3@aut,,,comb. nov.,,1.1,f,habenaria~chlorandrella,orchidaceaehabenaria~chlorandrella~,,457,wfo-1000089715,,species,,,,
urn:lsid:ipni.org:names:77379056-1,(Dempster) Kadereit & Schneew.,Rubiaceae Galium diabolense Dempster,(Dempster),107014-2,,,75(2)-e70119: 23,,,,,,,,,,,,23/04/2026 10:21,23/04/2026 10:21,,,Rubiaceae,Trichogalium diabolense,Trichogalium diabolense,Trichogalium,,f,f,,,,,,,,,,,,,,,,,,,,,,,,,,,,,35479-1,Taxon,urn:lsid:ipni.org:publications:812-2,2026,2026 [30 Mar 2026],[30 Mar 2026],Kadereit & Schneew.,spec.,Taxon 75(2)-e70119: 23. 2026 [30 Mar 2026] ,,doi:10.1002/tax.70119,,,11,diabolense,,,f,t,,,,,,,Schneew.@20008845-1@2@aut$Kadereit@14763-1@1@aut$Dempster@13058-1@3@bas,,,comb. nov.,,1.1,f,trichogalium~diabolense,rubiaceaetrichogalium~diabolense~,,458,wfo-1000089716,,species,,,,
urn:lsid:ipni.org:names:77379057-1,"(J.J.Sm.) M.W.Chase, X.H.Jin & Schuit.",Orchidaceae Peristylus ciliolatus J.J.Sm.,(J.J.Sm.),650185-1,,,752(2): 166,,,,,,,,,,,,23/04/2026 10:23,23/04/2026 10:23,,,Orchidaceae,Habenaria ciliolata,Habenaria ciliolata,Habenaria,,f,f,,,,,,,,,,,,,,,,,,,,,,,,,,,,,325751-2,Phytotaxa,urn:lsid:ipni.org:publications:20011462-1,2026,2026 [22 Apr 2026],[22 Apr 2026],"M.W.Chase, X.H.Jin & Schuit.",spec.,Phytotaxa 752(2): 166. 2026 [22 Apr 2026] ,,doi:10.11646/phytotaxa.752.2.6,,,11,ciliolata,,,f,t,,,,,,,X.H.Jin@39725-1@2@aut$J.J.Sm.@9804-1@4@bas$M.W.Chase@17101-1@1@aut$Schuit.@26386-1@3@aut,,,comb. nov.,,1.1,f,habenaria~ciliolata,orchidaceaehabenaria~ciliolata~,,459,wfo-1000089717,,species,,,,
urn:lsid:ipni.org:names:77379058-1,"(Gagnep.) M.W.Chase, X.H.Jin & Schuit.",Orchidaceae Parhabenaria cochinchinensis Gagnep.,(Gagnep.),649910-1,,,752(2): 166,,,,,,,,,,,,23/04/2026 10:25,23/04/2026 10:25,,,Orchidaceae,Habenaria cochinchinensis,Habenaria cochinchinensis,Habenaria,,f,f,,,,,,,,,,,,,,,,,,,,,,,,,,,,,325751-2,Phytotaxa,urn:lsid:ipni.org:publications:20011462-1,2026,2026 [22 Apr 2026],[22 Apr 2026],"M.W.Chase, X.H.Jin & Schuit.",spec.,Phytotaxa 752(2): 166. 2026 [22 Apr 2026] ,,doi:10.11646/phytotaxa.752.2.6,,,11,cochinchinensis,,,f,t,,,,,,,Gagnep.@2978-1@4@bas$M.W.Chase@17101-1@1@aut$Schuit.@26386-1@3@aut$X.H.Jin@39725-1@2@aut,,,comb. nov.,,1.1,f,habenaria~cochinchinensis,orchidaceaehabenaria~cochinchinensis~,,460,wfo-1000089718,,species,,,,
urn:lsid:ipni.org:names:77379059-1,"(Finet) M.W.Chase, X.H.Jin & Schuit.",Orchidaceae Peristylus coeloceras Finet,(Finet),650188-1,,,752(2): 166,,,,,,,,,,,,23/04/2026 10:26,23/04/2026 10:26,,,Orchidaceae,Habenaria coeloceras,Habenaria coeloceras,Habenaria,,f,f,,,,,,,,,,,,,,,,,,,,,,,,,,,,,325751-2,Phytotaxa,urn:lsid:ipni.org:publications:20011462-1,2026,2026 [22 Apr 2026],[22 Apr 2026],"M.W.Chase, X.H.Jin & Schuit.",spec.,Phytotaxa 752(2): 166. 2026 [22 Apr 2026] ,,doi:10.11646/phytotaxa.752.2.6,,,11,coeloceras,,,f,t,,,,,,,X.H.Jin@39725-1@2@aut$M.W.Chase@17101-1@1@aut$Finet@2734-1@4@bas$Schuit.@26386-1@3@aut,,,comb. nov.,,1.1,f,habenaria~coeloceras,orchidaceaehabenaria~coeloceras~,,461,wfo-1000089719,,species,,,,
urn:lsid:ipni.org:names:77379060-1,"(Schltr.) M.W.Chase, X.H.Jin & Schuit.",Orchidaceae Herminium coiloglossum Schltr.,(Schltr.),638589-1,,,752(2): 167,,,,,,,,,,,,23/04/2026 10:31,23/04/2026 10:31,,,Orchidaceae,Habenaria coiloglossa,Habenaria coiloglossa,Habenaria,,f,f,,,,,,,,,,,,,,,,,,,,,,,,,,,,,325751-2,Phytotaxa,urn:lsid:ipni.org:publications:20011462-1,2026,2026 [22 Apr 2026],[22 Apr 2026],"M.W.Chase, X.H.Jin & Schuit.",spec.,Phytotaxa 752(2): 167. 2026 [22 Apr 2026] ,,doi:10.11646/phytotaxa.752.2.6,,,11,coiloglossa,,,f,t,,,,,,,M.W.Chase@17101-1@1@aut$X.H.Jin@39725-1@2@aut$Schuit.@26386-1@3@aut$Schltr.@9117-1@4@bas,,,comb. nov.,,1.1,f,habenaria~coiloglossa,orchidaceaehabenaria~coiloglossa~,,462,wfo-1000089720,,species,,,,
urn:lsid:ipni.org:names:77379062-1,"(Renz) M.W.Chase, X.H.Jin & Schuit.",Orchidaceae Peristylus cymbochilus Renz,(Renz),937985-1,,,752(2): 167,,,,,,,,,,,,23/04/2026 12:06,23/04/2026 12:06,,,Orchidaceae,Habenaria cymbochila,Habenaria cymbochila,Habenaria,,f,f,,,,,,,,,,,,,,,,,,,,,,,,,,,,,325751-2,Phytotaxa,urn:lsid:ipni.org:publications:20011462-1,2026,2026 [22 Apr 2026],[22 Apr 2026],"M.W.Chase, X.H.Jin & Schuit.",spec.,Phytotaxa 752(2): 167. 2026 [22 Apr 2026] ,,doi:10.11646/phytotaxa.752.2.6,,,11,cymbochila,,,f,t,,,,,,,M.W.Chase@17101-1@1@aut$X.H.Jin@39725-1@2@aut$Renz@8297-1@4@bas$Schuit.@26386-1@3@aut,,,comb. nov.,,1.1,f,habenaria~cymbochila,orchidaceaehabenaria~cymbochila~,,463,wfo-1000089721,,species,,,,
urn:lsid:ipni.org:names:77379063-1,"M.W.Chase, X.H.Jin & Schuit.",,,,,,752(2): 167,,,,,,,,,,,,23/04/2026 12:11,23/04/2026 12:11,,,Orchidaceae,Habenaria daltoniana,Habenaria daltoniana,Habenaria,,f,f,,,,,,,,,,,,,,,,,,,,,,,,,,,,,325751-2,Phytotaxa,urn:lsid:ipni.org:publications:20011462-1,2026,2026 [22 Apr 2026],[22 Apr 2026],"M.W.Chase, X.H.Jin & Schuit.",spec.,Phytotaxa 752(2): 167. 2026 [22 Apr 2026] ,,"doi:10.11646/phytotaxa.752.2.6 Etymology: 'not Habenaria josephi Rchb.f., Trans. Linn. Soc. London, Bot. 3: 114 (1888). The original epithet refers to J.D.Hooker, so we used his middle name as a replacement name.'",931821-1,,9,daltoniana,,,f,t,,,,,,,M.W.Chase@17101-1@1@aut$X.H.Jin@39725-1@2@aut$Schuit.@26386-1@3@aut,,,nom. nov.,,1.1,f,habenaria~daltoniana,orchidaceaehabenaria~daltoniana~,,464,wfo-1000089722,,species,,,,
urn:lsid:ipni.org:names:77379064-1,"(J.J.Sm.) M.W.Chase, X.H.Jin & Schuit.",Orchidaceae Peristylus djampangensis J.J.Sm.,(J.J.Sm.),650197-1,,,752(2): 167,,,,,,,,,,,,23/04/2026 12:13,23/04/2026 12:13,,,Orchidaceae,Habenaria djampangensis,Habenaria djampangensis,Habenaria,,f,f,,,,,,,,,,,,,,,,,,,,,,,,,,,,,325751-2,Phytotaxa,urn:lsid:ipni.org:publications:20011462-1,2026,2026 [22 Apr 2026],[22 Apr 2026],"M.W.Chase, X.H.Jin & Schuit.",spec.,Phytotaxa 752(2): 167. 2026 [22 Apr 2026] ,,doi:10.11646/phytotaxa.752.2.6,,,11,djampangensis,,,f,t,,,,,,,J.J.Sm.@9804-1@4@bas$M.W.Chase@17101-1@1@aut$Schuit.@26386-1@3@aut$X.H.Jin@39725-1@2@aut,,,comb. nov.,,1.1,f,habenaria~djampangensis,orchidaceaehabenaria~djampangensis~,,465,wfo-1000089723,,species,,,,
urn:lsid:ipni.org:names:77379065-1,"M.W.Chase, X.H.Jin & Schuit.",,,,,,752(2): 167,,,,,,,,,,,,23/04/2026 12:17,23/04/2026 12:17,,,Orchidaceae,Habenaria doniana,Habenaria doniana,Habenaria,,f,f,,,,,,,,,,,,,,,,,,,,,,,,,,,,,325751-2,Phytotaxa,urn:lsid:ipni.org:publications:20011462-1,2026,2026 [22 Apr 2026],[22 Apr 2026],"M.W.Chase, X.H.Jin & Schuit.",spec.,Phytotaxa 752(2): 167. 2026 [22 Apr 2026] ,,"doi:10.11646/phytotaxa.752.2.6 Etymology: 'not Habenaria macrophylla Goldie, Edinburgh Philos. J. 6: 331 (1822); not Habenaria congesta Ames, Orchidaceae 2: 38 (1908). Names in Habenaria already exist for all possible species epithets, so a new name is needed for this concept. Since the leaves are not unusually large for a species of Habenaria, we renamed the species after the author of Neottia macrophylla, rather than using an epithet that would be equivalent to macrophylla.'",645340-1,,9,doniana,,,f,t,,,,,,,Schuit.@26386-1@3@aut$X.H.Jin@39725-1@2@aut$M.W.Chase@17101-1@1@aut,,,nom. nov.,,1.1,f,habenaria~doniana,orchidaceaehabenaria~doniana~,,466,wfo-1000089724,,species,,,,
urn:lsid:ipni.org:names:77379066-1,"(Hook.f.) M.W.Chase, X.H.Jin & Schuit.",Orchidaceae Herminium duthiei Hook.f.,(Hook.f.),638594-1,,,752(2): 167,,,,,,,,,,,,23/04/2026 12:19,23/04/2026 12:19,,,Orchidaceae,Habenaria duthiei,Habenaria duthiei,Habenaria,,f,f,,,,,,,,,,,,,,,,,,,,,,,,,,,,,325751-2,Phytotaxa,urn:lsid:ipni.org:publications:20011462-1,2026,2026 [22 Apr 2026],[22 Apr 2026],"M.W.Chase, X.H.Jin & Schuit.",spec.,Phytotaxa 752(2): 167. 2026 [22 Apr 2026] ,,doi:10.11646/phytotaxa.752.2.6,,,11,duthiei,,,f,t,,,,,,,Hook.f.@4084-1@4@bas$M.W.Chase@17101-1@1@aut$Schuit.@26386-1@3@aut$X.H.Jin@39725-1@2@aut,,,comb. nov.,,1.1,f,habenaria~duthiei,orchidaceaehabenaria~duthiei~,,467,wfo-1000089725,,species,,,,
urn:lsid:ipni.org:names:77379067-1,"(Finet) M.W.Chase, X.H.Jin & Schuit.",Orchidaceae Peristylus ecalcaratus Finet,(Finet),77244546-1,,,752(2): 167,,,,,,,,,,,,23/04/2026 12:23,23/04/2026 12:23,,,Orchidaceae,Habenaria ecalcarata,Habenaria ecalcarata,Habenaria,,f,f,,,,,,,,,,,,,,,,,,,,,,,,,,,,,325751-2,Phytotaxa,urn:lsid:ipni.org:publications:20011462-1,2026,2026 [22 Apr 2026],[22 Apr 2026],"M.W.Chase, X.H.Jin & Schuit.",spec.,Phytotaxa 752(2): 167. 2026 [22 Apr 2026] ,,doi:10.11646/phytotaxa.752.2.6,,,11,ecalcarata,,,f,t,,,,,,,Finet@2734-1@4@bas$M.W.Chase@17101-1@1@aut$Schuit.@26386-1@3@aut$X.H.Jin@39725-1@2@aut,,,comb. nov.,,1.1,f,habenaria~ecalcarata,orchidaceaehabenaria~ecalcarata~,,468,wfo-1000089726,,species,,,,
urn:lsid:ipni.org:names:77379068-1,"(J.J.Sm.) M.W.Chase, X.H.Jin & Schuit.",Orchidaceae Peristylus elbertii J.J.Sm.,(J.J.Sm.),650202-1,,,752(2): 168,,,,,,,,,,,,23/04/2026 12:25,23/04/2026 12:25,,,Orchidaceae,Habenaria elbertii,Habenaria elbertii,Habenaria,,f,f,,,,,,,,,,,,,,,,,,,,,,,,,,,,,325751-2,Phytotaxa,urn:lsid:ipni.org:publications:20011462-1,2026,2026 [22 Apr 2026],[22 Apr 2026],"M.W.Chase, X.H.Jin & Schuit.",spec.,Phytotaxa 752(2): 168. 2026 [22 Apr 2026] ,,doi:10.11646/phytotaxa.752.2.6,,,11,elbertii,,,f,t,,,,,,,J.J.Sm.@9804-1@4@bas$X.H.Jin@39725-1@2@aut$M.W.Chase@17101-1@1@aut$Schuit.@26386-1@3@aut,,,comb. nov.,,1.1,f,habenaria~elbertii,orchidaceaehabenaria~elbertii~,,469,wfo-1000089727,,species,,,,
urn:lsid:ipni.org:names:77379069-1,"(X.H.Jin, Schuit., Raskoti & Lu Q.Huang) M.W.Chase, X.H.Jin & Schuit.","Orchidaceae Herminium esquirolii X.H.Jin, Schuit., Raskoti & Lu Q.Huang","(X.H.Jin, Schuit., Raskoti & Lu Q.Huang)",77155376-1,,,752(2): 168,,,,,,,,,,,,23/04/2026 12:28,23/04/2026 12:28,,,Orchidaceae,Habenaria esquirolii,Habenaria esquirolii,Habenaria,,f,f,,,,,,,,,,,,,,,,,,,,,,,,,,,,,325751-2,Phytotaxa,urn:lsid:ipni.org:publications:20011462-1,2026,2026 [22 Apr 2026],[22 Apr 2026],"M.W.Chase, X.H.Jin & Schuit.",spec.,Phytotaxa 752(2): 168. 2026 [22 Apr 2026] ,,doi:10.11646/phytotaxa.752.2.6,,,11,esquirolii,,,f,t,,,,,,,Schuit.@26386-1@3@aut$Raskoti@20018859-1@6@bas$Schuit.@26386-1@5@bas$X.H.Jin@39725-1@4@bas$Lu Q.Huang@37649-1@7@bas$M.W.Chase@17101-1@1@aut$X.H.Jin@39725-1@2@aut,,,comb. nov.,,1.1,f,habenaria~esquirolii,orchidaceaehabenaria~esquirolii~,,470,wfo-1000089728,,species,,,,
urn:lsid:ipni.org:names:77379070-1,"M.W.Chase, X.H.Jin & Schuit.",,,,,,752(2): 168,,,,,,,,,,,,23/04/2026 12:31,23/04/2026 12:31,,,Orchidaceae,Habenaria exigua,Habenaria exigua,Habenaria,,f,f,,,,,,,,,,,,,,,,,,,,,,,,,,,,,325751-2,Phytotaxa,urn:lsid:ipni.org:publications:20011462-1,2026,2026 [22 Apr 2026],[22 Apr 2026],"M.W.Chase, X.H.Jin & Schuit.",spec.,Phytotaxa 752(2): 168. 2026 [22 Apr 2026] ,,"doi:10.11646/phytotaxa.752.2.6 Etynology: 'not Habenaria pygmaea C.Schweinf. & R.E.Schult., Amer. Orchid Soc. Bull. 23: 822, fig (1954). We used another epithet with the same meaning: small.'",1019040-1,,9,exigua,,,f,t,,,,,,,M.W.Chase@17101-1@1@aut$Schuit.@26386-1@3@aut$X.H.Jin@39725-1@2@aut,,,nom. nov.,,1.1,f,habenaria~exigua,orchidaceaehabenaria~exigua~,,471,wfo-1000089729,,species,,,,
urn:lsid:ipni.org:names:77379071-1,"(J.D.Ya, Schuit. & X.H.Jin) M.W.Chase, X.H.Jin & Schuit.","Orchidaceae Peristylus fasciculatus J.D.Ya, Schuit. & X.H.Jin","(J.D.Ya, Schuit. & X.H.Jin)",77297558-1,,,752(2): 168,,,,,,,,,,,,23/04/2026 12:32,23/04/2026 12:32,,,Orchidaceae,Habenaria fasciculata,Habenaria fasciculata,Habenaria,,f,f,,,,,,,,,,,,,,,,,,,,,,,,,,,,,325751-2,Phytotaxa,urn:lsid:ipni.org:publications:20011462-1,2026,2026 [22 Apr 2026],[22 Apr 2026],"M.W.Chase, X.H.Jin & Schuit.",spec.,Phytotaxa 752(2): 168. 2026 [22 Apr 2026] ,,doi:10.11646/phytotaxa.752.2.6,,,11,fasciculata,,,f,t,,,,,,,Schuit.@26386-1@5@bas$X.H.Jin@39725-1@6@bas$M.W.Chase@17101-1@1@aut$J.D.Ya@20042727-1@4@bas$X.H.Jin@39725-1@2@aut$Schuit.@26386-1@3@aut,,,comb. nov.,,1.1,f,habenaria~fasciculata,orchidaceaehabenaria~fasciculata~,,472,wfo-1000089730,,species,,,,
urn:lsid:ipni.org:names:77379072-1,"M.W.Chase, X.H.Jin & Schuit.",,,,,,752(2): 168,,,,,,,,,,,,23/04/2026 13:40,23/04/2026 13:40,,,Orchidaceae,Habenaria floscula,Habenaria floscula,Habenaria,,f,f,,,,,,,,,,,,,,,,,,,,,,,,,,,,,325751-2,Phytotaxa,urn:lsid:ipni.org:publications:20011462-1,2026,2026 [22 Apr 2026],[22 Apr 2026],"M.W.Chase, X.H.Jin & Schuit.",spec.,Phytotaxa 752(2): 168. 2026 [22 Apr 2026] ,,"doi:10.11646/phytotaxa.752.2.6 Etymology: 'not Habenaria minimiflora Kraenzl., Ark. Bot. 14, no. 10: 2 (1915). We selected a new name that means 'little flower' in Latin.'",634778-1,,9,floscula,,,f,t,,,,,,,X.H.Jin@39725-1@2@aut$Schuit.@26386-1@3@aut$M.W.Chase@17101-1@1@aut,,,nom. nov.,,1.1,f,habenaria~floscula,orchidaceaehabenaria~floscula~,,473,wfo-1000089731,,species,,,,
urn:lsid:ipni.org:names:77379073-1,"(Tang & F.T.Wang) M.W.Chase, X.H.Jin & Schuit.",Orchidaceae Herminium glossophyllum Tang & F.T.Wang,(Tang & F.T.Wang),638601-1,,,752(2): 168,,,,,,,,,,,,23/04/2026 13:42,23/04/2026 13:42,,,Orchidaceae,Habenaria glossophylla,Habenaria glossophylla,Habenaria,,f,f,,,,,,,,,,,,,,,,,,,,,,,,,,,,,325751-2,Phytotaxa,urn:lsid:ipni.org:publications:20011462-1,2026,2026 [22 Apr 2026],[22 Apr 2026],"M.W.Chase, X.H.Jin & Schuit.",spec.,Phytotaxa 752(2): 168. 2026 [22 Apr 2026] ,,doi:10.11646/phytotaxa.752.2.6,,,11,glossophylla,,,f,t,,,,,,,Tang@10418-1@4@bas$F.T.Wang@11385-1@5@bas$Schuit.@26386-1@3@aut$M.W.Chase@17101-1@1@aut$X.H.Jin@39725-1@2@aut,,,comb. nov.,,1.1,f,habenaria~glossophylla,orchidaceaehabenaria~glossophylla~,,474,wfo-1000089732,,species,,,,
urn:lsid:ipni.org:names:77379074-1,"(X.H.Jin, Schuit. & C.Ye) M.W.Chase, X.H.Jin & Schuit.","Orchidaceae Herminium gongshanense X.H.Jin, Schuit. & C.Ye","(X.H.Jin, Schuit. & C.Ye)",77307341-1,,,752(2): 168,,,,,,,,,,,,23/04/2026 13:47,23/04/2026 13:47,,,Orchidaceae,Habenaria gongshanensis,Habenaria gongshanensis,Habenaria,,f,f,,,,,,,,,,,,,,,,,,,,,,,,,,,,,325751-2,Phytotaxa,urn:lsid:ipni.org:publications:20011462-1,2026,2026 [22 Apr 2026],[22 Apr 2026],"M.W.Chase, X.H.Jin & Schuit.",spec.,Phytotaxa 752(2): 168. 2026 [22 Apr 2026] ,,doi:10.11646/phytotaxa.752.2.6,,,11,gongshanensis,,,f,t,,,,,,,M.W.Chase@17101-1@1@aut$X.H.Jin@39725-1@4@bas$X.H.Jin@39725-1@2@aut$Schuit.@26386-1@3@aut$C.Ye@20054380-1@6@bas$Schuit.@26386-1@5@bas,,,comb. nov.,,1.1,f,habenaria~gongshanensis,orchidaceaehabenaria~gongshanensis~,,475,wfo-1000089733,,species,,,,
urn:lsid:ipni.org:names:77379075-1,"(T.Hashim.) M.W.Chase, X.H.Jin & Schuit.",Orchidaceae Peristylus hatusimanus T.Hashim.,(T.Hashim.),936249-1,,,752(2): 169,,,,,,,,,,,,23/04/2026 13:50,23/04/2026 13:50,,,Orchidaceae,Habenaria hatusimana,Habenaria hatusimana,Habenaria,,f,f,,,,,,,,,,,,,,,,,,,,,,,,,,,,,325751-2,Phytotaxa,urn:lsid:ipni.org:publications:20011462-1,2026,2026 [22 Apr 2026],[22 Apr 2026],"M.W.Chase, X.H.Jin & Schuit.",spec.,Phytotaxa 752(2): 169. 2026 [22 Apr 2026] ,,doi:10.11646/phytotaxa.752.2.6,,,11,hatusimana,,,f,t,,,,,,,T.Hashim.@3713-1@4@bas$Schuit.@26386-1@3@aut$M.W.Chase@17101-1@1@aut$X.H.Jin@39725-1@2@aut,,,comb. nov.,,1.1,f,habenaria~hatusimana,orchidaceaehabenaria~hatusimana~,,476,wfo-1000089734,,species,,,,
urn:lsid:ipni.org:names:77379076-1,"M.W.Chase, X.H.Jin & Schuit.",,,,,,752(2): 169,,,,,,,,,,,,23/04/2026 13:53,23/04/2026 13:53,,,Orchidaceae,Habenaria hastifolia,Habenaria hastifolia,Habenaria,,f,f,,,,,,,,,,,,,,,,,,,,,,,,,,,,,325751-2,Phytotaxa,urn:lsid:ipni.org:publications:20011462-1,2026,2026 [22 Apr 2026],[22 Apr 2026],"M.W.Chase, X.H.Jin & Schuit.",spec.,Phytotaxa 752(2): 169. 2026 [22 Apr 2026] ,,"doi:10.11646/phytotaxa.752.2.6 Etymology: 'not Habenaria lancifolia A.Rich., Mém. Soc. Hist. Nat. Paris 4: 19 (1828). We selected a new epithet with the same meaning.'",650232-1,,9,hastifolia,,,f,t,,,,,,,Schuit.@26386-1@3@aut$X.H.Jin@39725-1@2@aut$M.W.Chase@17101-1@1@aut,,,nom. nov.,,1.1,f,habenaria~hastifolia,orchidaceaehabenaria~hastifolia~,,477,wfo-1000089735,,species,,,,
urn:lsid:ipni.org:names:77379077-1,"(Renz) M.W.Chase, X.H.Jin & Schuit.",Orchidaceae Bhutanthera himalayana Renz,(Renz),1019039-1,,,752(2): 169,,,,,,,,,,,,23/04/2026 13:56,23/04/2026 13:56,,,Orchidaceae,Habenaria himalayana,Habenaria himalayana,Habenaria,,f,f,,,,,,,,,,,,,,,,,,,,,,,,,,,,,325751-2,Phytotaxa,urn:lsid:ipni.org:publications:20011462-1,2026,2026 [22 Apr 2026],[22 Apr 2026],"M.W.Chase, X.H.Jin & Schuit.",spec.,Phytotaxa 752(2): 169. 2026 [22 Apr 2026] ,,doi:10.11646/phytotaxa.752.2.6,,,11,himalayana,,,f,t,,,,,,,M.W.Chase@17101-1@1@aut$Renz@8297-1@4@bas$X.H.Jin@39725-1@2@aut$Schuit.@26386-1@3@aut,,,comb. nov.,,1.1,f,habenaria~himalayana,orchidaceaehabenaria~himalayana~,,478,wfo-1000089736,,species,,,,
urn:lsid:ipni.org:names:77379078-1,(Dempster & Ehrend.) Kadereit & Schneew.,Rubiaceae Galium diffusoramosum Dempster & Ehrend.,(Dempster & Ehrend.),296174-2,,,75(2)-e70119: 23,,,,,,,,,,,,23/04/2026 13:56,23/04/2026 13:56,,,Rubiaceae,Trichogalium diffusoramosum,Trichogalium diffusoramosum,Trichogalium,,f,f,,,,,,,,,,,,,,,,,,,,,,,,,,,,,35479-1,Taxon,urn:lsid:ipni.org:publications:812-2,2026,2026 [30 Mar 2026],[30 Mar 2026],Kadereit & Schneew.,spec.,Taxon 75(2)-e70119: 23. 2026 [30 Mar 2026] ,,doi:10.1002/tax.70119,,,11,diffusoramosum,,,f,t,,,,,,,Kadereit@14763-1@1@aut$Dempster@13058-1@3@bas$Schneew.@20008845-1@2@aut$Ehrend.@2483-1@4@bas,,,comb. nov.,,1.1,f,trichogalium~diffusoramosum,rubiaceaetrichogalium~diffusoramosum~,,479,wfo-1000089737,,species,,,,
urn:lsid:ipni.org:names:77379079-1,"(Lindl.) M.W.Chase, X.H.Jin & Schuit.",Orchidaceae Diplochilos hirsutus Lindl.,(Lindl.),629972-1,,,752(2): 169,,,,,,,,,,,,23/04/2026 13:57,23/04/2026 13:57,,,Orchidaceae,Habenaria hirsuta,Habenaria hirsuta,Habenaria,,f,f,,,,,,,,,,,,,,,,,,,,,,,,,,,,,325751-2,Phytotaxa,urn:lsid:ipni.org:publications:20011462-1,2026,2026 [22 Apr 2026],[22 Apr 2026],"M.W.Chase, X.H.Jin & Schuit.",spec.,Phytotaxa 752(2): 169. 2026 [22 Apr 2026] ,,doi:10.11646/phytotaxa.752.2.6,,,11,hirsuta,,,f,t,,,,,,,M.W.Chase@17101-1@1@aut$X.H.Jin@39725-1@2@aut$Schuit.@26386-1@3@aut$Lindl.@22383-1@4@bas,,,comb. nov.,,1.1,f,habenaria~hirsuta,orchidaceaehabenaria~hirsuta~,,480,wfo-1000089738,,species,,,,
urn:lsid:ipni.org:names:77379080-1,(K.Schum.) Kadereit & Schneew.,Rubiaceae Relbunium diphyllum K.Schum.,(K.Schum.),218479-2,,,75(2)-e70119: 23,,,,,,,,,,,,23/04/2026 13:57,23/04/2026 13:57,,,Rubiaceae,Trichogalium diphyllum,Trichogalium diphyllum,Trichogalium,,f,f,,,,,,,,,,,,,,,,,,,,,,,,,,,,,35479-1,Taxon,urn:lsid:ipni.org:publications:812-2,2026,2026 [30 Mar 2026],[30 Mar 2026],Kadereit & Schneew.,spec.,Taxon 75(2)-e70119: 23. 2026 [30 Mar 2026] ,,doi:10.1002/tax.70119,,,11,diphyllum,,,f,t,,,,,,,K.Schum.@9333-1@3@bas$Kadereit@14763-1@1@aut$Schneew.@20008845-1@2@aut,,,comb. nov.,,1.1,f,trichogalium~diphyllum,rubiaceaetrichogalium~diphyllum~,,481,wfo-1000089739,,species,,,,
urn:lsid:ipni.org:names:77379081-1,(Dempster) Kadereit & Schneew.,Rubiaceae Galium ecuadoricum Dempster,(Dempster),107015-2,,,75(2)-e70119: 23,,,,,,,,,,,,23/04/2026 13:58,23/04/2026 13:58,,,Rubiaceae,Trichogalium ecuadoricum,Trichogalium ecuadoricum,Trichogalium,,f,f,,,,,,,,,,,,,,,,,,,,,,,,,,,,,35479-1,Taxon,urn:lsid:ipni.org:publications:812-2,2026,2026 [30 Mar 2026],[30 Mar 2026],Kadereit & Schneew.,spec.,Taxon 75(2)-e70119: 23. 2026 [30 Mar 2026] ,,doi:10.1002/tax.70119,,,11,ecuadoricum,,,f,t,,,,,,,Kadereit@14763-1@1@aut$Schneew.@20008845-1@2@aut$Dempster@13058-1@3@bas,,,comb. nov.,,1.1,f,trichogalium~ecuadoricum,rubiaceaetrichogalium~ecuadoricum~,,482,wfo-1000089740,,species,,,,
urn:lsid:ipni.org:names:77379082-1,(Wall.) Kadereit & Schneew.,Rubiaceae Galium elegans Wall.,(Wall.),749855-1,,,75(2)-e70119: 23,,,,,,,,,,,,23/04/2026 13:59,23/04/2026 13:59,,,Rubiaceae,Trichogalium elegans,Trichogalium elegans,Trichogalium,,f,f,,,,,,,,,,,,,,,,,,,,,,,,,,,,,35479-1,Taxon,urn:lsid:ipni.org:publications:812-2,2026,2026 [30 Mar 2026],[30 Mar 2026],Kadereit & Schneew.,spec.,Taxon 75(2)-e70119: 23. 2026 [30 Mar 2026] ,,doi:10.1002/tax.70119,,,11,elegans,,,f,t,,,,,,,Kadereit@14763-1@1@aut$Schneew.@20008845-1@2@aut$Wall.@12990-1@3@bas,,,comb. nov.,,1.1,f,trichogalium~elegans,rubiaceaetrichogalium~elegans~,,483,wfo-1000089741,,species,,,,
urn:lsid:ipni.org:names:77379083-1,"(Seidenf. ex Aver.) M.W.Chase, X.H.Jin & Schuit.",Orchidaceae Peristylus holttumianus Seidenf. ex Aver.,(Seidenf. ex Aver.),935239-1,,,752(2): 169,,,,,,,,,,,,23/04/2026 13:59,23/04/2026 13:59,,,Orchidaceae,Habenaria holttumiana,Habenaria holttumiana,Habenaria,,f,f,,,,,,,,,,,,,,,,,,,,,,,,,,,,,325751-2,Phytotaxa,urn:lsid:ipni.org:publications:20011462-1,2026,2026 [22 Apr 2026],[22 Apr 2026],"M.W.Chase, X.H.Jin & Schuit.",spec.,Phytotaxa 752(2): 169. 2026 [22 Apr 2026] ,,doi:10.11646/phytotaxa.752.2.6,,,11,holttumiana,,,f,t,,,,,,,Seidenf.@9438-1@4@bas$X.H.Jin@39725-1@2@aut$Schuit.@26386-1@3@aut$M.W.Chase@17101-1@1@aut$Aver.@14590-1@5@basEx,,,comb. nov.,,1.1,f,habenaria~holttumiana,orchidaceaehabenaria~holttumiana~,,484,wfo-1000089742,,species,,,,
urn:lsid:ipni.org:names:77379084-1,(Dempster & Ehrend.) Kadereit & Schneew.,Rubiaceae Galium emeryense Dempster & Ehrend.,(Dempster & Ehrend.),296177-2,,,75(2)-e70119: 23,,,,,,,,,,,,23/04/2026 14:00,23/04/2026 14:00,,,Rubiaceae,Trichogalium emeryense,Trichogalium emeryense,Trichogalium,,f,f,,,,,,,,,,,,,,,,,,,,,,,,,,,,,35479-1,Taxon,urn:lsid:ipni.org:publications:812-2,2026,2026 [30 Mar 2026],[30 Mar 2026],Kadereit & Schneew.,spec.,Taxon 75(2)-e70119: 23. 2026 [30 Mar 2026] ,,doi:10.1002/tax.70119,,,11,emeryense,,,f,t,,,,,,,Ehrend.@2483-1@4@bas$Dempster@13058-1@3@bas$Schneew.@20008845-1@2@aut$Kadereit@14763-1@1@aut,,,comb. nov.,,1.1,f,trichogalium~emeryense,rubiaceaetrichogalium~emeryense~,,485,wfo-1000089743,,species,,,,
urn:lsid:ipni.org:names:77379085-1,"(Seidenf.) M.W.Chase, X.H.Jin & Schuit.",Orchidaceae Peristylus holttumii Seidenf.,(Seidenf.),650224-1,,,752(2): 169,,,,,,,,,,,,23/04/2026 14:01,23/04/2026 14:01,,,Orchidaceae,Habenaria holttumii,Habenaria holttumii,Habenaria,,f,f,,,,,,,,,,,,,,,,,,,,,,,,,,,,,325751-2,Phytotaxa,urn:lsid:ipni.org:publications:20011462-1,2026,2026 [22 Apr 2026],[22 Apr 2026],"M.W.Chase, X.H.Jin & Schuit.",spec.,Phytotaxa 752(2): 169. 2026 [22 Apr 2026] ,,doi:10.11646/phytotaxa.752.2.6,,,11,holttumii,,,f,t,,,,,,,Schuit.@26386-1@3@aut$Seidenf.@9438-1@4@bas$M.W.Chase@17101-1@1@aut$X.H.Jin@39725-1@2@aut,,,comb. nov.,,1.1,f,habenaria~holttumii,orchidaceaehabenaria~holttumii~,,486,wfo-1000089744,,species,,,,
urn:lsid:ipni.org:names:77379086-1,(Willk.) Kadereit & Schneew.,Rubiaceae Galium ephedroides Willk.,(Willk.),749861-1,,,75(2)-e70119: 23,,,,,,,,,,,,23/04/2026 14:01,23/04/2026 14:01,,,Rubiaceae,Trichogalium ephedroides,Trichogalium ephedroides,Trichogalium,,f,f,,,,,,,,,,,,,,,,,,,,,,,,,,,,,35479-1,Taxon,urn:lsid:ipni.org:publications:812-2,2026,2026 [30 Mar 2026],[30 Mar 2026],Kadereit & Schneew.,spec.,Taxon 75(2)-e70119: 23. 2026 [30 Mar 2026] ,,doi:10.1002/tax.70119,,,11,ephedroides,,,f,t,,,,,,,Willk.@11723-1@3@bas$Kadereit@14763-1@1@aut$Schneew.@20008845-1@2@aut,,,comb. nov.,,1.1,f,trichogalium~ephedroides,rubiaceaetrichogalium~ephedroides~,,487,wfo-1000089745,,species,,,,
urn:lsid:ipni.org:names:77379087-1,(Cham. & Schltdl.) Kadereit & Schneew.,Rubiaceae Rubia equisetoides Cham. & Schltdl.,(Cham. & Schltdl.),765238-1,,,75(2)-e70119: 23,,,,,,,,,,,,23/04/2026 14:02,23/04/2026 14:02,,,Rubiaceae,Trichogalium equisetoides,Trichogalium equisetoides,Trichogalium,,f,f,,,,,,,,,,,,,,,,,,,,,,,,,,,,,35479-1,Taxon,urn:lsid:ipni.org:publications:812-2,2026,2026 [30 Mar 2026],[30 Mar 2026],Kadereit & Schneew.,spec.,Taxon 75(2)-e70119: 23. 2026 [30 Mar 2026] ,,doi:10.1002/tax.70119,,,11,equisetoides,,,f,t,,,,,,,Kadereit@14763-1@1@aut$Schltdl.@9114-1@4@bas$Schneew.@20008845-1@2@aut$Cham.@1504-1@3@bas,,,comb. nov.,,1.1,f,trichogalium~equisetoides,rubiaceaetrichogalium~equisetoides~,,488,wfo-1000089746,,species,,,,
urn:lsid:ipni.org:names:77379088-1,"(Raskoti) M.W.Chase, X.H.Jin & Schuit.",Orchidaceae Herminium hongdeyuanii Raskoti,(Raskoti),77128871-1,,,752(2): 169,,,,,,,,,,,,23/04/2026 14:03,23/04/2026 14:03,,,Orchidaceae,Habenaria hongdeyuanii,Habenaria hongdeyuanii,Habenaria,,f,f,,,,,,,,,,,,,,,,,,,,,,,,,,,,,325751-2,Phytotaxa,urn:lsid:ipni.org:publications:20011462-1,2026,2026 [22 Apr 2026],[22 Apr 2026],"M.W.Chase, X.H.Jin & Schuit.",spec.,Phytotaxa 752(2): 169. 2026 [22 Apr 2026] ,,doi:10.11646/phytotaxa.752.2.6,,,11,hongdeyuanii,,,f,t,,,,,,,M.W.Chase@17101-1@1@aut$X.H.Jin@39725-1@2@aut$Raskoti@20018859-1@4@bas$Schuit.@26386-1@3@aut,,,comb. nov.,,1.1,f,habenaria~hongdeyuanii,orchidaceaehabenaria~hongdeyuanii~,,489,wfo-1000089747,,species,,,,
urn:lsid:ipni.org:names:77379089-1,(Lam.) Kadereit & Schneew.,Rubiaceae Galium ericoides Lam.,(Lam.),749866-1,,,75(2)-e70119: 23,,,,,,,,,,,,23/04/2026 14:03,23/04/2026 14:03,,,Rubiaceae,Trichogalium ericoides,Trichogalium ericoides,Trichogalium,,f,f,,,,,,,,,,,,,,,,,,,,,,,,,,,,,35479-1,Taxon,urn:lsid:ipni.org:publications:812-2,2026,2026 [30 Mar 2026],[30 Mar 2026],Kadereit & Schneew.,spec.,Taxon 75(2)-e70119: 23. 2026 [30 Mar 2026] ,,doi:10.1002/tax.70119,,,11,ericoides,,,f,t,,,,,,,Schneew.@20008845-1@2@aut$Kadereit@14763-1@1@aut$Lam.@5227-1@3@bas,,,comb. nov.,,1.1,f,trichogalium~ericoides,rubiaceaetrichogalium~ericoides~,,490,wfo-1000089748,,species,,,,
urn:lsid:ipni.org:names:77379090-1,(Bartl. ex DC.) Kadereit & Schneew.,Rubiaceae Galium eriocarpum Bartl. ex DC.,(Bartl. ex DC.),107022-2,,,75(2)-e70119: 23,,,,,,,,,,,,23/04/2026 14:03,23/04/2026 14:03,,,Rubiaceae,Trichogalium eriocarpum,Trichogalium eriocarpum,Trichogalium,,f,f,,,,,,,,,,,,,,,,,,,,,,,,,,,,,35479-1,Taxon,urn:lsid:ipni.org:publications:812-2,2026,2026 [30 Mar 2026],[30 Mar 2026],Kadereit & Schneew.,spec.,Taxon 75(2)-e70119: 23. 2026 [30 Mar 2026] ,,doi:10.1002/tax.70119,,,11,eriocarpum,,,f,t,,,,,,,Bartl.@514-1@3@bas$Schneew.@20008845-1@2@aut$Kadereit@14763-1@1@aut$DC.@16855-1@4@basEx,,,comb. nov.,,1.1,f,trichogalium~eriocarpum,rubiaceaetrichogalium~eriocarpum~,,491,wfo-1000089749,,species,,,,
urn:lsid:ipni.org:names:77379091-1,(Dempster) Kadereit & Schneew.,Rubiaceae Galium espiniacicum Dempster,(Dempster),939094-1,,,75(2)-e70119: 23,,,,,,,,,,,,23/04/2026 14:04,23/04/2026 14:04,,,Rubiaceae,Trichogalium espiniacicum,Trichogalium espiniacicum,Trichogalium,,f,f,,,,,,,,,,,,,,,,,,,,,,,,,,,,,35479-1,Taxon,urn:lsid:ipni.org:publications:812-2,2026,2026 [30 Mar 2026],[30 Mar 2026],Kadereit & Schneew.,spec.,Taxon 75(2)-e70119: 23. 2026 [30 Mar 2026] ,,doi:10.1002/tax.70119,,,11,espiniacicum,,,f,t,,,,,,,Dempster@13058-1@3@bas$Schneew.@20008845-1@2@aut$Kadereit@14763-1@1@aut,,,comb. nov.,,1.1,f,trichogalium~espiniacicum,rubiaceaetrichogalium~espiniacicum~,,492,wfo-1000089750,,species,,,,
urn:lsid:ipni.org:names:77379092-1,"M.W.Chase, X.H.Jin & Schuit.",,,,,,752(2): 169,,,,,,,,,,,,23/04/2026 14:05,23/04/2026 14:05,,,Orchidaceae,Habenaria humidiphila,Habenaria humidiphila,Habenaria,,f,f,,,,,,,,,,,,,,,,,,,,,,,,,,,,,325751-2,Phytotaxa,urn:lsid:ipni.org:publications:20011462-1,2026,2026 [22 Apr 2026],[22 Apr 2026],"M.W.Chase, X.H.Jin & Schuit.",spec.,Phytotaxa 752(2): 169. 2026 [22 Apr 2026] ,,"doi:10.11646/phytotaxa.752.2.6 Etymology: 'not Habenaria humidicola Rolfe, Bull. Misc. Inform. Kew 1896(119): 202 (1896). We selected a new epithet with a similar meaning.'",989652-1,,9,humidiphila,,,f,t,,,,,,,M.W.Chase@17101-1@1@aut$Schuit.@26386-1@3@aut$X.H.Jin@39725-1@2@aut,,,nom. nov.,,1.1,f,habenaria~humidiphila,orchidaceaehabenaria~humidiphila~,,493,wfo-1000089751,,species,,,,
urn:lsid:ipni.org:names:77379093-1,(A.Gray) Kadereit & Schneew.,Rubiaceae Galium fendleri A.Gray,(A.Gray),749883-1,,,75(2)-e70119: 23,,,,,,,,,,,,23/04/2026 14:05,23/04/2026 14:05,,,Rubiaceae,Trichogalium fendleri,Trichogalium fendleri,Trichogalium,,f,f,,,,,,,,,,,,,,,,,,,,,,,,,,,,,35479-1,Taxon,urn:lsid:ipni.org:publications:812-2,2026,2026 [30 Mar 2026],[30 Mar 2026],Kadereit & Schneew.,spec.,Taxon 75(2)-e70119: 23. 2026 [30 Mar 2026] ,,doi:10.1002/tax.70119,,,11,fendleri,,,f,t,,,,,,,A.Gray@19574-1@3@bas$Kadereit@14763-1@1@aut$Schneew.@20008845-1@2@aut,,,comb. nov.,,1.1,f,trichogalium~fendleri,rubiaceaetrichogalium~fendleri~,,494,wfo-1000089752,,species,,,,
urn:lsid:ipni.org:names:77379094-1,(K.Krause) Kadereit & Schneew.,Rubiaceae Galium ferrugineum K.Krause,(K.Krause),749885-1,,,75(2)-e70119: 23,,,,,,,,,,,,23/04/2026 14:06,23/04/2026 14:06,,,Rubiaceae,Trichogalium ferrugineum,Trichogalium ferrugineum,Trichogalium,,f,f,,,,,,,,,,,,,,,,,,,,,,,,,,,,,35479-1,Taxon,urn:lsid:ipni.org:publications:812-2,2026,2026 [30 Mar 2026],[30 Mar 2026],Kadereit & Schneew.,spec.,Taxon 75(2)-e70119: 23. 2026 [30 Mar 2026] ,,doi:10.1002/tax.70119,,,11,ferrugineum,,,f,t,,,,,,,Kadereit@14763-1@1@aut$K.Krause@5045-1@3@bas$Schneew.@20008845-1@2@aut,,,comb. nov.,,1.1,f,trichogalium~ferrugineum,rubiaceaetrichogalium~ferrugineum~,,495,wfo-1000089753,,species,,,,
urn:lsid:ipni.org:names:77379095-1,"(Ormerod) M.W.Chase, X.H.Jin & Schuit.",Orchidaceae Peristylus hylophiloides Ormerod,(Ormerod),77127389-1,,,752(2): 170,,,,,,,,,,,,23/04/2026 14:06,23/04/2026 14:06,,,Orchidaceae,Habenaria hylophiloides,Habenaria hylophiloides,Habenaria,,f,f,,,,,,,,,,,,,,,,,,,,,,,,,,,,,325751-2,Phytotaxa,urn:lsid:ipni.org:publications:20011462-1,2026,2026 [22 Apr 2026],[22 Apr 2026],"M.W.Chase, X.H.Jin & Schuit.",spec.,Phytotaxa 752(2): 170. 2026 [22 Apr 2026] ,,doi:10.11646/phytotaxa.752.2.6,,,11,hylophiloides,,,f,t,,,,,,,X.H.Jin@39725-1@2@aut$M.W.Chase@17101-1@1@aut$Ormerod@36928-1@4@bas$Schuit.@26386-1@3@aut,,,comb. nov.,,1.1,f,habenaria~hylophiloides,orchidaceaehabenaria~hylophiloides~,,496,wfo-1000089754,,species,,,,
urn:lsid:ipni.org:names:77379096-1,(Ohwi) Kadereit & Schneew.,Rubiaceae Galium formosense Ohwi,(Ohwi),749912-1,,,75(2)-e70119: 23,,,,,,,,,,,,23/04/2026 14:07,23/04/2026 14:07,,,Rubiaceae,Trichogalium formosense,Trichogalium formosense,Trichogalium,,f,f,,,,,,,,,,,,,,,,,,,,,,,,,,,,,35479-1,Taxon,urn:lsid:ipni.org:publications:812-2,2026,2026 [30 Mar 2026],[30 Mar 2026],Kadereit & Schneew.,spec.,Taxon 75(2)-e70119: 23. 2026 [30 Mar 2026] ,,doi:10.1002/tax.70119,,,11,formosense,,,f,t,,,,,,,Schneew.@20008845-1@2@aut$Ohwi@7112-1@3@bas$Kadereit@14763-1@1@aut,,,comb. nov.,,1.1,f,trichogalium~formosense,rubiaceaetrichogalium~formosense~,,497,wfo-1000089755,,species,,,,
urn:lsid:ipni.org:names:77379097-1,(Diels) Kadereit & Schneew.,Rubiaceae Galium forrestii Diels,(Diels),749913-1,,,75(2)-e70119: 23,,,,,,,,,,,,23/04/2026 14:08,24/04/2026 10:13,,,Rubiaceae,Trichogalium forrestii,Trichogalium forrestii,Trichogalium,,f,f,,,,,,,,,,,,,,,,,,,,,,,,,,,,,35479-1,Taxon,urn:lsid:ipni.org:publications:812-2,2026,2026 [30 Mar 2026],[30 Mar 2026],Kadereit & Schneew.,spec.,Taxon 75(2)-e70119: 23. 2026 [30 Mar 2026] ,,doi:10.1002/tax.70119,,,11,forrestii,,,f,t,,,,,,,Kadereit@14763-1@1@aut$Schneew.@20008845-1@2@aut$Diels@18030-1@3@bas,,,comb. nov.,,1.2,f,trichogalium~forrestii,rubiaceaetrichogalium~forrestii~,,498,wfo-1000089756,,species,,,,
urn:lsid:ipni.org:names:77379098-1,"(King & Pantl.) M.W.Chase, X.H.Jin & Schuit.",Orchidaceae Herminium jaffreyanum King & Pantl.,(King & Pantl.),638607-1,,,752(2): 170,,,,,,,,,,,,23/04/2026 14:08,23/04/2026 14:08,,,Orchidaceae,Habenaria jaffreyana,Habenaria jaffreyana,Habenaria,,f,f,,,,,,,,,,,,,,,,,,,,,,,,,,,,,325751-2,Phytotaxa,urn:lsid:ipni.org:publications:20011462-1,2026,2026 [22 Apr 2026],[22 Apr 2026],"M.W.Chase, X.H.Jin & Schuit.",spec.,Phytotaxa 752(2): 170. 2026 [22 Apr 2026] ,,doi:10.11646/phytotaxa.752.2.6,,,11,jaffreyana,,,f,t,,,,,,,Pantl.@7314-1@5@bas$X.H.Jin@39725-1@2@aut$Schuit.@26386-1@3@aut$M.W.Chase@17101-1@1@aut$King@4798-1@4@bas,,,comb. nov.,,1.1,f,habenaria~jaffreyana,orchidaceaehabenaria~jaffreyana~,,499,wfo-1000089757,,species,,,,
urn:lsid:ipni.org:names:77379099-1,"(F.Maek.) M.W.Chase, X.H.Jin & Schuit.",Orchidaceae Androcorys japonensis F.Maek.,(F.Maek.),615816-1,,,752(2): 170,,,,,,,,,,,,23/04/2026 14:19,23/04/2026 14:19,,,Orchidaceae,Habenaria japonensis,Habenaria japonensis,Habenaria,,f,f,,,,,,,,,,,,,,,,,,,,,,,,,,,,,325751-2,Phytotaxa,urn:lsid:ipni.org:publications:20011462-1,2026,2026 [22 Apr 2026],[22 Apr 2026],"M.W.Chase, X.H.Jin & Schuit.",spec.,Phytotaxa 752(2): 170. 2026 [22 Apr 2026] ,,doi:10.11646/phytotaxa.752.2.6,,,11,japonensis,,,f,t,,,,,,,M.W.Chase@17101-1@1@aut$F.Maek.@5968-1@4@bas$Schuit.@26386-1@3@aut$X.H.Jin@39725-1@2@aut,,,comb. nov.,,1.1,f,habenaria~japonensis,orchidaceaehabenaria~japonensis~,,500,wfo-1000089758,,species,,,,
urn:lsid:ipni.org:names:77379100-1,"M.W.Chase, X.H.Jin & Schuit.",,,,,,752(2): 170,,,,,,,,,,,,23/04/2026 14:21,23/04/2026 14:21,,,Orchidaceae,Habenaria jejuna,Habenaria jejuna,Habenaria,,f,f,,,,,,,,,,,,,,,,,,,,,,,,,,,,,325751-2,Phytotaxa,urn:lsid:ipni.org:publications:20011462-1,2026,2026 [22 Apr 2026],[22 Apr 2026],"M.W.Chase, X.H.Jin & Schuit.",spec.,Phytotaxa 752(2): 170. 2026 [22 Apr 2026] ,,"doi:10.11646/phytotaxa.752.2.6 Etymology: 'not Habenaria gracilis Colebr., Exot. Fl. t. 135 (1824). The new epithet refers to the plants being slight or meagre, as in a person who is fasting.'",650214-1,,9,jejuna,,,f,t,,,,,,,M.W.Chase@17101-1@1@aut$Schuit.@26386-1@3@aut$X.H.Jin@39725-1@2@aut,,,nom. nov.,,1.1,f,habenaria~jejuna,orchidaceaehabenaria~jejuna~,,501,wfo-1000089759,,species,,,,
urn:lsid:ipni.org:names:77379101-1,"(K.Y.Lang) M.W.Chase, X.H.Jin & Schuit.",Orchidaceae Peristylus jinchuanicus K.Y.Lang,(K.Y.Lang),933686-1,,,752(2): 170,,,,,,,,,,,,23/04/2026 14:22,23/04/2026 14:22,,,Orchidaceae,Habenaria jinchuanica,Habenaria jinchuanica,Habenaria,,f,f,,,,,,,,,,,,,,,,,,,,,,,,,,,,,325751-2,Phytotaxa,urn:lsid:ipni.org:publications:20011462-1,2026,2026 [22 Apr 2026],[22 Apr 2026],"M.W.Chase, X.H.Jin & Schuit.",spec.,Phytotaxa 752(2): 170. 2026 [22 Apr 2026] ,,doi:10.11646/phytotaxa.752.2.6,,,11,jinchuanica,,,f,t,,,,,,,M.W.Chase@17101-1@1@aut$K.Y.Lang@13773-1@4@bas$Schuit.@26386-1@3@aut$X.H.Jin@39725-1@2@aut,,,comb. nov.,,1.1,f,habenaria~jinchuanica,orchidaceaehabenaria~jinchuanica~,,502,wfo-1000089760,,species,,,,
urn:lsid:ipni.org:names:77379102-1,"(Pradhan) M.W.Chase, X.H.Jin & Schuit.",Orchidaceae Herminium kalimpongense Pradhan,(Pradhan),638610-1,,,752(2): 170,,,,,,,,,,,,23/04/2026 14:25,23/04/2026 14:25,,,Orchidaceae,Habenaria kalimpongensis,Habenaria kalimpongensis,Habenaria,,f,f,,,,,,,,,,,,,,,,,,,,,,,,,,,,,325751-2,Phytotaxa,urn:lsid:ipni.org:publications:20011462-1,2026,2026 [22 Apr 2026],[22 Apr 2026],"M.W.Chase, X.H.Jin & Schuit.",spec.,Phytotaxa 752(2): 170. 2026 [22 Apr 2026] ,,doi:10.11646/phytotaxa.752.2.6,,,11,kalimpongensis,,,f,t,,,,,,,Pradhan@7919-1@4@bas$X.H.Jin@39725-1@2@aut$M.W.Chase@17101-1@1@aut$Schuit.@26386-1@3@aut,,,comb. nov.,,1.1,f,habenaria~kalimpongensis,orchidaceaehabenaria~kalimpongensis~,,503,wfo-1000089761,,species,,,,
urn:lsid:ipni.org:names:77379103-1,"(A.N.Rao) M.W.Chase, X.H.Jin & Schuit.",Orchidaceae Herminium kamengense A.N.Rao,(A.N.Rao),20007673-1,,,752(2): 170,,,,,,,,,,,,23/04/2026 14:28,23/04/2026 14:28,,,Orchidaceae,Habenaria kamengensis,Habenaria kamengensis,Habenaria,,f,f,,,,,,,,,,,,,,,,,,,,,,,,,,,,,325751-2,Phytotaxa,urn:lsid:ipni.org:publications:20011462-1,2026,2026 [22 Apr 2026],[22 Apr 2026],"M.W.Chase, X.H.Jin & Schuit.",spec.,Phytotaxa 752(2): 170. 2026 [22 Apr 2026] ,,doi:10.11646/phytotaxa.752.2.6,,,11,kamengensis,,,f,t,,,,,,,A.N.Rao@35362-1@4@bas$Schuit.@26386-1@3@aut$X.H.Jin@39725-1@2@aut$M.W.Chase@17101-1@1@aut,,,comb. nov.,,1.1,f,habenaria~kamengensis,orchidaceaehabenaria~kamengensis~,,504,wfo-1000089762,,species,,,,
urn:lsid:ipni.org:names:77379104-1,"(Seidenf.) M.W.Chase, X.H.Jin & Schuit.",Orchidaceae Peristylus kerrii Seidenf.,(Seidenf.),650228-1,,,752(2): 170,,,,,,,,,,,,23/04/2026 14:29,23/04/2026 14:29,,,Orchidaceae,Habenaria kerrii,Habenaria kerrii,Habenaria,,f,f,,,,,,,,,,,,,,,,,,,,,,,,,,,,,325751-2,Phytotaxa,urn:lsid:ipni.org:publications:20011462-1,2026,2026 [22 Apr 2026],[22 Apr 2026],"M.W.Chase, X.H.Jin & Schuit.",spec.,Phytotaxa 752(2): 170. 2026 [22 Apr 2026] ,,doi:10.11646/phytotaxa.752.2.6,,,11,kerrii,,,f,t,,,,,,,X.H.Jin@39725-1@2@aut$Seidenf.@9438-1@4@bas$M.W.Chase@17101-1@1@aut$Schuit.@26386-1@3@aut,,,comb. nov.,,1.1,f,habenaria~kerrii,orchidaceaehabenaria~kerrii~,,505,wfo-1000089763,,species,,,,
urn:lsid:ipni.org:names:77379105-1,"(Jalal & Jayanthi) M.W.Chase, X.H.Jin & Schuit.",Orchidaceae Pecteilis korigadensis Jalal & Jayanthi,(Jalal & Jayanthi),77193818-1,,,752(2): 170,,,,,,,,,,,,23/04/2026 14:30,23/04/2026 14:30,,,Orchidaceae,Habenaria korigadensis,Habenaria korigadensis,Habenaria,,f,f,,,,,,,,,,,,,,,,,,,,,,,,,,,,,325751-2,Phytotaxa,urn:lsid:ipni.org:publications:20011462-1,2026,2026 [22 Apr 2026],[22 Apr 2026],"M.W.Chase, X.H.Jin & Schuit.",spec.,Phytotaxa 752(2): 170. 2026 [22 Apr 2026] ,,doi:10.11646/phytotaxa.752.2.6,,,11,korigadensis,,,f,t,,,,,,,Schuit.@26386-1@3@aut$Jalal@20016695-1@4@bas$M.W.Chase@17101-1@1@aut$X.H.Jin@39725-1@2@aut$Jayanthi@20000072-1@5@bas,,,comb. nov.,,1.1,f,habenaria~korigadensis,orchidaceaehabenaria~korigadensis~,,506,wfo-1000089764,,species,,,,
urn:lsid:ipni.org:names:77379106-1,"(Deva & H.B.Naithani) M.W.Chase, X.H.Jin & Schuit.",Orchidaceae Herminium kumaunense Deva & H.B.Naithani,(Deva & H.B.Naithani),931416-1,,,752(2): 170,,,,,,,,,,,,23/04/2026 14:46,23/04/2026 14:46,,,Orchidaceae,Habenaria kumaunensis,Habenaria kumaunensis,Habenaria,,f,f,,,,,,,,,,,,,,,,,,,,,,,,,,,,,325751-2,Phytotaxa,urn:lsid:ipni.org:publications:20011462-1,2026,2026 [22 Apr 2026],[22 Apr 2026],"M.W.Chase, X.H.Jin & Schuit.",spec.,Phytotaxa 752(2): 170. 2026 [22 Apr 2026] ,,doi:10.11646/phytotaxa.752.2.6,,,11,kumaunensis,,,f,t,,,,,,,M.W.Chase@17101-1@1@aut$H.B.Naithani@23861-1@5@bas$Deva@17978-1@4@bas$Schuit.@26386-1@3@aut$X.H.Jin@39725-1@2@aut,,,comb. nov.,,1.1,f,habenaria~kumaunensis,orchidaceaehabenaria~kumaunensis~,,507,wfo-1000089765,,species,,,,
urn:lsid:ipni.org:names:77379107-1,"(Thunb. ex Sw.) M.W.Chase, X.H.Jin & Schuit.",Orchidaceae Ophrys lancea Thunb. ex Sw.,(Thunb. ex Sw.),647964-1,,,752(2): 171,,,,,,,,,,,,23/04/2026 14:48,23/04/2026 14:48,,,Orchidaceae,Habenaria lancea,Habenaria lancea,Habenaria,,f,f,,,,,,,,,,,,,,,,,,,,,,,,,,,,,325751-2,Phytotaxa,urn:lsid:ipni.org:publications:20011462-1,2026,2026 [22 Apr 2026],[22 Apr 2026],"M.W.Chase, X.H.Jin & Schuit.",spec.,Phytotaxa 752(2): 171. 2026 [22 Apr 2026] ,,doi:10.11646/phytotaxa.752.2.6,,,11,lancea,,,f,t,,,,,,,Schuit.@26386-1@3@aut$X.H.Jin@39725-1@2@aut$Sw.@27408-1@5@basEx$M.W.Chase@17101-1@1@aut$Thunb.@10646-1@4@bas,,,comb. nov.,,1.1,f,habenaria~lancea,orchidaceaehabenaria~lancea~,,508,wfo-1000089766,,species,,,,
urn:lsid:ipni.org:names:77379108-1,"(J.J.Sm.) M.W.Chase, X.H.Jin & Schuit.",Orchidaceae Peristylus latilobus J.J.Sm.,(J.J.Sm.),650235-1,,,752(2): 171,,,,,,,,,,,,23/04/2026 14:51,23/04/2026 14:51,,,Orchidaceae,Habenaria latiloba,Habenaria latiloba,Habenaria,,f,f,,,,,,,,,,,,,,,,,,,,,,,,,,,,,325751-2,Phytotaxa,urn:lsid:ipni.org:publications:20011462-1,2026,2026 [22 Apr 2026],[22 Apr 2026],"M.W.Chase, X.H.Jin & Schuit.",spec.,Phytotaxa 752(2): 171. 2026 [22 Apr 2026] ,,doi:10.11646/phytotaxa.752.2.6,,,11,latiloba,,,f,t,,,,,,,J.J.Sm.@9804-1@4@bas$X.H.Jin@39725-1@2@aut$M.W.Chase@17101-1@1@aut$Schuit.@26386-1@3@aut,,,comb. nov.,,1.1,f,habenaria~latiloba,orchidaceaehabenaria~latiloba~,,509,wfo-1000089767,,species,,,,
urn:lsid:ipni.org:names:77379109-1,"(J.D.Ya & C.Liu) M.W.Chase, X.H.Jin & Schuit.",Orchidaceae Herminium lijiangense J.D.Ya & C.Liu,(J.D.Ya & C.Liu),77297557-1,,,752(2): 171,,,,,,,,,,,,23/04/2026 14:53,23/04/2026 14:53,,,Orchidaceae,Habenaria lijiangensis,Habenaria lijiangensis,Habenaria,,f,f,,,,,,,,,,,,,,,,,,,,,,,,,,,,,325751-2,Phytotaxa,urn:lsid:ipni.org:publications:20011462-1,2026,2026 [22 Apr 2026],[22 Apr 2026],"M.W.Chase, X.H.Jin & Schuit.",spec.,Phytotaxa 752(2): 171. 2026 [22 Apr 2026] ,,doi:10.11646/phytotaxa.752.2.6,,,11,lijiangensis,,,f,t,,,,,,,M.W.Chase@17101-1@1@aut$Schuit.@26386-1@3@aut$C.Liu@20042725-1@5@bas$X.H.Jin@39725-1@2@aut$J.D.Ya@20042727-1@4@bas,,,comb. nov.,,1.1,f,habenaria~lijiangensis,orchidaceaehabenaria~lijiangensis~,,510,wfo-1000089768,,species,,,,
urn:lsid:ipni.org:names:77379110-1,"(J.J.Sm.) M.W.Chase, X.H.Jin & Schuit.",Orchidaceae Peristylus lombokensis J.J.Sm.,(J.J.Sm.),650240-1,,,752(2): 171,,,,,,,,,,,,23/04/2026 14:55,23/04/2026 14:55,,,Orchidaceae,Habenaria lombokensis,Habenaria lombokensis,Habenaria,,f,f,,,,,,,,,,,,,,,,,,,,,,,,,,,,,325751-2,Phytotaxa,urn:lsid:ipni.org:publications:20011462-1,2026,2026 [22 Apr 2026],[22 Apr 2026],"M.W.Chase, X.H.Jin & Schuit.",spec.,Phytotaxa 752(2): 171. 2026 [22 Apr 2026] ,,doi:10.11646/phytotaxa.752.2.6,,,11,lombokensis,,,f,t,,,,,,,Schuit.@26386-1@3@aut$J.J.Sm.@9804-1@4@bas$X.H.Jin@39725-1@2@aut$M.W.Chase@17101-1@1@aut,,,comb. nov.,,1.1,f,habenaria~lombokensis,orchidaceaehabenaria~lombokensis~,,511,wfo-1000089769,,species,,,,
urn:lsid:ipni.org:names:77379111-1,"(S.N.Hegde & A.N.Rao) M.W.Chase, X.H.Jin & Schuit.",Orchidaceae Herminium longilobatum S.N.Hegde & A.N.Rao,(S.N.Hegde & A.N.Rao),900066-1,,,752(2): 171,,,,,,,,,,,,23/04/2026 14:58,23/04/2026 14:58,,,Orchidaceae,Habenaria longilobata,Habenaria longilobata,Habenaria,,f,f,,,,,,,,,,,,,,,,,,,,,,,,,,,,,325751-2,Phytotaxa,urn:lsid:ipni.org:publications:20011462-1,2026,2026 [22 Apr 2026],[22 Apr 2026],"M.W.Chase, X.H.Jin & Schuit.",spec.,Phytotaxa 752(2): 171. 2026 [22 Apr 2026] ,,doi:10.11646/phytotaxa.752.2.6,,,11,longilobata,,,f,t,,,,,,,Schuit.@26386-1@3@aut$M.W.Chase@17101-1@1@aut$S.N.Hegde@20135-1@4@bas$A.N.Rao@35362-1@5@bas$X.H.Jin@39725-1@2@aut,,,comb. nov.,,1.1,f,habenaria~longilobata,orchidaceaehabenaria~longilobata~,,512,wfo-1000089770,,species,,,,
urn:lsid:ipni.org:names:77379112-1,"(Duthie) M.W.Chase, X.H.Jin & Schuit.",Orchidaceae Herminium mackinnonii Duthie,(Duthie),638619-1,,,752(2): 171,,,,,,,,,,,,23/04/2026 15:03,23/04/2026 15:03,,,Orchidaceae,Habenaria mackinonii,Habenaria mackinonii,Habenaria,,f,f,,,,,,,,,,,,,,,,,,,,,,,,,,,,,325751-2,Phytotaxa,urn:lsid:ipni.org:publications:20011462-1,2026,2026 [22 Apr 2026],[22 Apr 2026],"M.W.Chase, X.H.Jin & Schuit.",spec.,"Phytotaxa 752(2): 171. 2026 [22 Apr 2026] , as 'mackinoii'",", as 'mackinoii'",doi:10.11646/phytotaxa.752.2.6,,,11,mackinonii,,,f,t,,,,,,,X.H.Jin@39725-1@2@aut$Duthie@2411-1@4@bas$Schuit.@26386-1@3@aut$M.W.Chase@17101-1@1@aut,,,comb. nov.,,1.1,f,habenaria~mackinonii,orchidaceaehabenaria~mackinonii~,,513,wfo-1000089771,,species,,,,
urn:lsid:ipni.org:names:77379113-1,(K.Richt.) Woł.,Poaceae Poa caesia Sm. subsp. rehmannii K.Richt.,(K.Richt.),417893-1,,,10-11: 1020,,,,,,,,,,,,23/04/2026 15:04,23/04/2026 15:18,,,Poaceae,Poa rehmannii,Poa rehmannii,Poa,,f,f,,,,,,,,,,,,,,,,,,,,,,,,,,,,,30001404-2,Exsicc. (Fl. Polon.),urn:lsid:ipni.org:publications:20012967-2,1904,1904,,Woł.,spec.,Exsicc. (Fl. Polon.) 10-11: 1020. 1904 ,,Protologue not seen by the IPNI editors. If you have access to the protologue please email a copy to us via the 'contact us' link at the top of the page.,,,11,rehmannii,,,f,t,,,,,,,K.Richt.@12771-1@2@bas$Woł.@11831-1@1@aut,,,comb. et stat. nov.,,1.2,f,poa~rehmannii,poaceaepoa~rehmannii~,,514,wfo-1200118317,,species,,,,
urn:lsid:ipni.org:names:77379114-1,"(L.) M.W.Chase, X.H.Jin, Christenh. & Schuit.",Orchidaceae Ophrys monorchis L.,(L.),647996-1,,,752(2): 171,,,,,,,,,,,,23/04/2026 15:05,23/04/2026 15:05,,,Orchidaceae,Habenaria monorchis,Habenaria monorchis,Habenaria,,f,f,,,,,,,,,,,,,,,,,,,,,,,,,,,,,325751-2,Phytotaxa,urn:lsid:ipni.org:publications:20011462-1,2026,2026 [22 Apr 2026],[22 Apr 2026],"M.W.Chase, X.H.Jin, Christenh. & Schuit.",spec.,Phytotaxa 752(2): 171. 2026 [22 Apr 2026] ,,doi:10.11646/phytotaxa.752.2.6,,,11,monorchis,,,f,t,,,,,,,Schuit.@26386-1@4@aut$Christenh.@40171-1@3@aut$L.@12653-1@5@bas$M.W.Chase@17101-1@1@aut$X.H.Jin@39725-1@2@aut,,,comb. nov.,,1.1,f,habenaria~monorchis,orchidaceaehabenaria~monorchis~,,515,wfo-1000089772,,species,,,,
urn:lsid:ipni.org:names:77379115-1,"(X.H.Jin) M.W.Chase, X.H.Jin & Schuit.",Orchidaceae Herminium motuoense X.H.Jin,(X.H.Jin),77177751-1,,,752(2): 171,,,,,,,,,,,,23/04/2026 15:08,23/04/2026 15:08,,,Orchidaceae,Habenaria motuoensis,Habenaria motuoensis,Habenaria,,f,f,,,,,,,,,,,,,,,,,,,,,,,,,,,,,325751-2,Phytotaxa,urn:lsid:ipni.org:publications:20011462-1,2026,2026 [22 Apr 2026],[22 Apr 2026],"M.W.Chase, X.H.Jin & Schuit.",spec.,Phytotaxa 752(2): 171. 2026 [22 Apr 2026] ,,doi:10.11646/phytotaxa.752.2.6,,,11,motuoensis,,,f,t,,,,,,,X.H.Jin@39725-1@2@aut$Schuit.@26386-1@3@aut$X.H.Jin@39725-1@4@bas$M.W.Chase@17101-1@1@aut,,,comb. nov.,,1.1,f,habenaria~motuoensis,orchidaceaehabenaria~motuoensis~,,516,wfo-1000089773,,species,,,,
urn:lsid:ipni.org:names:77379116-1,Drude,,,,,,39: 302,,,,,,,,,,,,23/04/2026 15:09,23/04/2026 15:09,,,Parnassiaceae,Parnassia sect. Fimbripetalum,Parnassia sect. Fimbripetalum,Parnassia,,f,f,,,,fimbripetalum,,,,,,,,,,,,,,,,,,,,,,,,,30003318-2,Linnaea,urn:lsid:ipni.org:publications:703-2,1875,1875,,Drude,sect.,Linnaea 39: 302. 1875 ,,,,,8,,,,f,t,,,,,,,Drude@2322-1@1@aut,,,tax. nov.,,1.1,f,parnassiafimbripetalum,parnassiaceaeparnassiafimbripetalum~~,,517,wfo-1200118318,,section,,,,
urn:lsid:ipni.org:names:77379117-1,"(J.J.Sm.) M.W.Chase, X.H.Jin & Schuit.",Orchidaceae Peristylus mucronatus J.J.Sm.,(J.J.Sm.),650250-1,,,752(2): 171,,,,,,,,,,,,23/04/2026 15:09,23/04/2026 15:09,,,Orchidaceae,Habenaria mucronata,Habenaria mucronata,Habenaria,,f,f,,,,,,,,,,,,,,,,,,,,,,,,,,,,,325751-2,Phytotaxa,urn:lsid:ipni.org:publications:20011462-1,2026,2026 [22 Apr 2026],[22 Apr 2026],"M.W.Chase, X.H.Jin & Schuit.",spec.,Phytotaxa 752(2): 171. 2026 [22 Apr 2026] ,,doi:10.11646/phytotaxa.752.2.6,,,11,mucronata,,,f,t,,,,,,,M.W.Chase@17101-1@1@aut$Schuit.@26386-1@3@aut$X.H.Jin@39725-1@2@aut$J.J.Sm.@9804-1@4@bas,,,comb. nov.,,1.1,f,habenaria~mucronata,orchidaceaehabenaria~mucronata~,,518,wfo-1000089774,,species,,,,
urn:lsid:ipni.org:names:77379118-1,"M.W.Chase, X.H.Jin & Schuit.",,,,,,752(2): 172,,,,,,,,,,,,23/04/2026 15:23,23/04/2026 15:23,,,Orchidaceae,Habenaria nabalu,Habenaria nabalu,Habenaria,,f,f,,,,,,,,,,,,,,,,,,,,,,,,,,,,,325751-2,Phytotaxa,urn:lsid:ipni.org:publications:20011462-1,2026,2026 [22 Apr 2026],[22 Apr 2026],"M.W.Chase, X.H.Jin & Schuit.",spec.,Phytotaxa 752(2): 172. 2026 [22 Apr 2026] ,,"doi:10.11646/phytotaxa.752.2.6 Etymology: 'not Habenaria kinabaluensis (Kraenzl. ex Rolfe) Ames & C.Schweinf., Orchidaceae (Ames) 6: 9 (1920). The epithet is an alternative local name for Mount Kinabalu, used here as a noun in apposition.'",650229-1,,9,nabalu,,,f,t,,,,,,,M.W.Chase@17101-1@1@aut$Schuit.@26386-1@3@aut$X.H.Jin@39725-1@2@aut,,,nom. nov.,,1.1,f,habenaria~nabalu,orchidaceaehabenaria~nabalu~,,519,wfo-1000089775,,species,,,,
urn:lsid:ipni.org:names:77379119-1,"(Ames & Schltr.) M.W.Chase, X.H.Jin & Schuit.",Orchidaceae Herminium neotineoides Ames & Schltr.,(Ames & Schltr.),638627-1,,,752(2): 172,,,,,,,,,,,,23/04/2026 15:24,23/04/2026 15:24,,,Orchidaceae,Habenaria neotineoides,Habenaria neotineoides,Habenaria,,f,f,,,,,,,,,,,,,,,,,,,,,,,,,,,,,325751-2,Phytotaxa,urn:lsid:ipni.org:publications:20011462-1,2026,2026 [22 Apr 2026],[22 Apr 2026],"M.W.Chase, X.H.Jin & Schuit.",spec.,Phytotaxa 752(2): 172. 2026 [22 Apr 2026] ,,doi:10.11646/phytotaxa.752.2.6,,,11,neotineoides,,,f,t,,,,,,,Schuit.@26386-1@3@aut$X.H.Jin@39725-1@2@aut$M.W.Chase@17101-1@1@aut$Ames@179-1@4@bas$Schltr.@9117-1@5@bas,,,comb. nov.,,1.1,f,habenaria~neotineoides,orchidaceaehabenaria~neotineoides~,,520,wfo-1000089776,,species,,,,
urn:lsid:ipni.org:names:77379120-1,"(Ormerod) M.W.Chase, X.H.Jin & Schuit.",Orchidaceae Peristylus norumbus Ormerod,(Ormerod),77118952-1,,,752(2): 172,,,,,,,,,,,,23/04/2026 15:25,23/04/2026 15:25,,,Orchidaceae,Habenaria norumba,Habenaria norumba,Habenaria,,f,f,,,,,,,,,,,,,,,,,,,,,,,,,,,,,325751-2,Phytotaxa,urn:lsid:ipni.org:publications:20011462-1,2026,2026 [22 Apr 2026],[22 Apr 2026],"M.W.Chase, X.H.Jin & Schuit.",spec.,Phytotaxa 752(2): 172. 2026 [22 Apr 2026] ,,doi:10.11646/phytotaxa.752.2.6,,,11,norumba,,,f,t,,,,,,,M.W.Chase@17101-1@1@aut$X.H.Jin@39725-1@2@aut$Ormerod@36928-1@4@bas$Schuit.@26386-1@3@aut,,,comb. nov.,,1.1,f,habenaria~norumba,orchidaceaehabenaria~norumba~,,521,wfo-1000089777,,species,,,,
urn:lsid:ipni.org:names:77379121-1,"(Schltr.) M.W.Chase, X.H.Jin & Schuit.",Orchidaceae Herminium ophioglossoides Schltr.,(Schltr.),638629-1,,,752(2): 172,,,,,,,,,,,,23/04/2026 15:27,23/04/2026 15:27,,,Orchidaceae,Habenaria ophioglossoides,Habenaria ophioglossoides,Habenaria,,f,f,,,,,,,,,,,,,,,,,,,,,,,,,,,,,325751-2,Phytotaxa,urn:lsid:ipni.org:publications:20011462-1,2026,2026 [22 Apr 2026],[22 Apr 2026],"M.W.Chase, X.H.Jin & Schuit.",spec.,Phytotaxa 752(2): 172. 2026 [22 Apr 2026] ,,doi:10.11646/phytotaxa.752.2.6,,,11,ophioglossoides,,,f,t,,,,,,,Schuit.@26386-1@3@aut$Schltr.@9117-1@4@bas$M.W.Chase@17101-1@1@aut$X.H.Jin@39725-1@2@aut,,,comb. nov.,,1.1,f,habenaria~ophioglossoides,orchidaceaehabenaria~ophioglossoides~,,522,wfo-1000089778,,species,,,,
urn:lsid:ipni.org:names:77379122-1,A.R.Macedo & Farminhão,,,,,,274: 6,,16,,8,,s.n.,2019,,Š.Janeček,,,23/04/2026 15:27,24/04/2026 14:57,"Cameroon (West-Central Tropical Africa, Africa);Equatorial Guinea (West-Central Tropical Africa, Africa);",,Orchidaceae,Rhipidoglossum acuminifolium,Rhipidoglossum acuminifolium,Rhipidoglossum,,f,f,,,,,,,,,,,"Cameroon. Southwest: Fako District, Mount Cameroon, Mann's Spring, 2150 m",,,,,,,,,,,,,,,,,,30515-1,PhytoKeys,urn:lsid:ipni.org:publications:20011997-1,2026,2026 [24 Apr 2026],[24 Apr 2026],A.R.Macedo & Farminhão,spec.,PhytoKeys 274: 6. 2026 [24 Apr 2026] ,,doi:10.3897/phytokeys.274.184429 [english] Etymology: the specific epithet refers to the shape of the larger lobe on the leaves of this species.,,,11,acuminifolium,,,f,t,,holotype BRLU;isotype YA,,,,,Farminhão@20033415-1@2@aut$A.R.Macedo@20041451-1@1@aut,,,tax. nov.,,1.3,f,rhipidoglossum~acuminifolium,orchidaceaerhipidoglossum~acuminifolium~,,523,wfo-1000089779,,species,,,,
urn:lsid:ipni.org:names:77379123-1,"(K.Y.Lang) M.W.Chase, X.H.Jin & Schuit.",Orchidaceae Androcorys oxysepalus K.Y.Lang,(K.Y.Lang),990947-1,,,752(2): 172,,,,,,,,,,,,23/04/2026 15:28,23/04/2026 15:28,,,Orchidaceae,Habenaria oxysepala,Habenaria oxysepala,Habenaria,,f,f,,,,,,,,,,,,,,,,,,,,,,,,,,,,,325751-2,Phytotaxa,urn:lsid:ipni.org:publications:20011462-1,2026,2026 [22 Apr 2026],[22 Apr 2026],"M.W.Chase, X.H.Jin & Schuit.",spec.,Phytotaxa 752(2): 172. 2026 [22 Apr 2026] ,,doi:10.11646/phytotaxa.752.2.6,,,11,oxysepala,,,f,t,,,,,,,K.Y.Lang@13773-1@4@bas$Schuit.@26386-1@3@aut$M.W.Chase@17101-1@1@aut$X.H.Jin@39725-1@2@aut,,,comb. nov.,,1.1,f,habenaria~oxysepala,orchidaceaehabenaria~oxysepala~,,524,wfo-1000089780,,species,,,,
urn:lsid:ipni.org:names:77379124-1,"(Renz) M.W.Chase, X.H.Jin & Schuit.",Orchidaceae Peristylus pachyneuroides Renz,(Renz),937986-1,,,752(2): 172,,,,,,,,,,,,23/04/2026 15:29,23/04/2026 15:29,,,Orchidaceae,Habenaria pachyneuroides,Habenaria pachyneuroides,Habenaria,,f,f,,,,,,,,,,,,,,,,,,,,,,,,,,,,,325751-2,Phytotaxa,urn:lsid:ipni.org:publications:20011462-1,2026,2026 [22 Apr 2026],[22 Apr 2026],"M.W.Chase, X.H.Jin & Schuit.",spec.,Phytotaxa 752(2): 172. 2026 [22 Apr 2026] ,,doi:10.11646/phytotaxa.752.2.6,,,11,pachyneuroides,,,f,t,,,,,,,Renz@8297-1@4@bas$M.W.Chase@17101-1@1@aut$X.H.Jin@39725-1@2@aut$Schuit.@26386-1@3@aut,,,comb. nov.,,1.1,f,habenaria~pachyneuroides,orchidaceaehabenaria~pachyneuroides~,,525,wfo-1000089781,,species,,,,
urn:lsid:ipni.org:names:77379125-1,Farminhão & A.R.Macedo,,,,,,274: 12,,20,,7,,2185,1951,,C.Tisserant et al.,,,23/04/2026 15:29,24/04/2026 15:02,"Central African Republic (West-Central Tropical Africa, Africa);Zaïre (West-Central Tropical Africa, Africa);",,Orchidaceae,Rhipidoglossum falcatulum,Rhipidoglossum falcatulum,Rhipidoglossum,,f,f,,,,,,,,,,,"Central African Republic. Lobaye: Mbaiki, Région de Boukoko",,,,,,,,,,,,,,,,,,30515-1,PhytoKeys,urn:lsid:ipni.org:publications:20011997-1,2026,2026 [24 Apr 2026],[24 Apr 2026],Farminhão & A.R.Macedo,spec.,PhytoKeys 274: 12. 2026 [24 Apr 2026] ,,"doi:10.3897/phytokeys.274.184429 [english] Etymology: the specific epithet refers to the small falcate leaves, and spur, important diagnostic character of this taxon.",,,11,falcatulum,,,f,t,,holotype P P00388648;isotype P P00388649;isotype G G208985,,,,,Farminhão@20033415-1@1@aut$A.R.Macedo@20041451-1@2@aut,,,tax. nov.,,1.3,f,rhipidoglossum~falcatulum,orchidaceaerhipidoglossum~falcatulum~,,526,wfo-1000089782,,species,,,,
urn:lsid:ipni.org:names:77379126-1,"(Kurzweil) M.W.Chase, X.H.Jin & Schuit.",Orchidaceae Peristylus phuwuanensis Kurzweil,(Kurzweil),77103981-1,,,752(2): 172,,,,,,,,,,,,23/04/2026 15:30,23/04/2026 15:30,,,Orchidaceae,Habenaria phuwuanensis,Habenaria phuwuanensis,Habenaria,,f,f,,,,,,,,,,,,,,,,,,,,,,,,,,,,,325751-2,Phytotaxa,urn:lsid:ipni.org:publications:20011462-1,2026,2026 [22 Apr 2026],[22 Apr 2026],"M.W.Chase, X.H.Jin & Schuit.",spec.,Phytotaxa 752(2): 172. 2026 [22 Apr 2026] ,,doi:10.11646/phytotaxa.752.2.6,,,11,phuwuanensis,,,f,t,,,,,,,M.W.Chase@17101-1@1@aut$X.H.Jin@39725-1@2@aut$Kurzweil@36811-1@4@bas$Schuit.@26386-1@3@aut,,,comb. nov.,,1.1,f,habenaria~phuwuanensis,orchidaceaehabenaria~phuwuanensis~,,527,wfo-1000089783,,species,,,,
urn:lsid:ipni.org:names:77379127-1,"M.W.Chase, X.H.Jin & Schuit.",,,,,,752(2): 172,,,,,,,,,,,,23/04/2026 15:32,23/04/2026 15:32,,,Orchidaceae,Habenaria plumosa,Habenaria plumosa,Habenaria,,f,f,,,,,,,,,,,,,,,,,,,,,,,,,,,,,325751-2,Phytotaxa,urn:lsid:ipni.org:publications:20011462-1,2026,2026 [22 Apr 2026],[22 Apr 2026],"M.W.Chase, X.H.Jin & Schuit.",spec.,Phytotaxa 752(2): 172. 2026 [22 Apr 2026] ,,"doi:10.11646/phytotaxa.752.2.6 Etymology: 'not Habenaria fimbriata (Aiton) R.Br., Hort. Kew., ed. 2, 5: 193 (1813).'",77122052-1,,9,plumosa,,,f,t,,,,,,,M.W.Chase@17101-1@1@aut$X.H.Jin@39725-1@2@aut$Schuit.@26386-1@3@aut,,,nom. nov.,,1.1,f,habenaria~plumosa,orchidaceaehabenaria~plumosa~,,528,wfo-1000089784,,species,,,,
urn:lsid:ipni.org:names:77379128-1,Bo Li,,,,,,274: 53,,27,,7,,ZXX211303,2021,,"Xin-Xin Zhu, Jun Wang &amp; Mei-Hua Wang",,,23/04/2026 15:33,27/04/2026 10:49,"Anhui (China Southeast, China, Asia-Temperate)",E,Scrophulariaceae,Mazus unguiculatus,Mazus unguiculatus,Mazus,,f,f,,,,,,,,30,42,37,"Anqing City, Qianshan County, Tianzhushan Mountain, 154 m",116,23,41,,,,,,N,,,,,,,,,37809-1,PhytoKeys,urn:lsid:ipni.org:publications:20011997-1,2026,2026 [24 Apr 2026],[24 Apr 2026],Bo Li,spec.,PhytoKeys 274: 53. 2026 [24 Apr 2026] ,,doi:10.3897/phytokeys.274.183749 [english] Etymology: the specific epithet refers to the lobes of the lower corolla lip forming short claws at the base.,,,11,unguiculatus,,,f,t,,holotype HITBC HITBC0125448;isotype KUN KUN1536783,,,,,Bo Li@20013337-1@1@aut,,,tax. nov.,,1.4,f,mazus~unguiculatus,scrophulariaceaemazus~unguiculatus~,,529,wfo-1000089785,,species,,,,
urn:lsid:ipni.org:names:77379129-1,"(Lindl. ex Hook.f.) M.W.Chase, X.H.Jin & Schuit.",Orchidaceae Herminium pugioniforme Lindl. ex Hook.f.,(Lindl. ex Hook.f.),638632-1,,,752(2): 172,,,,,,,,,,,,23/04/2026 15:34,23/04/2026 15:34,,,Orchidaceae,Habenaria pugioniformis,Habenaria pugioniformis,Habenaria,,f,f,,,,,,,,,,,,,,,,,,,,,,,,,,,,,325751-2,Phytotaxa,urn:lsid:ipni.org:publications:20011462-1,2026,2026 [22 Apr 2026],[22 Apr 2026],"M.W.Chase, X.H.Jin & Schuit.",spec.,Phytotaxa 752(2): 172. 2026 [22 Apr 2026] ,,doi:10.11646/phytotaxa.752.2.6,,,11,pugioniformis,,,f,t,,,,,,,Hook.f.@4084-1@5@basEx$X.H.Jin@39725-1@2@aut$M.W.Chase@17101-1@1@aut$Schuit.@26386-1@3@aut$Lindl.@22383-1@4@bas,,,comb. nov.,,1.1,f,habenaria~pugioniformis,orchidaceaehabenaria~pugioniformis~,,530,wfo-1000089786,,species,,,,
urn:lsid:ipni.org:names:77379130-1,Linden ex Beer,,,,,,5(X): 19,,,,,,,,,,,,23/04/2026 15:35,23/04/2026 15:47,,,Araceae,Anthurium trilobum,Anthurium trilobum,Anthurium,,f,f,,,,,,,,,,,,,,,,,,,,,,,,,,,,,329747-2,Ber. Welt-Austell. Paris,urn:lsid:ipni.org:publications:20063257-1,1869,1869 [1867 publ. 1869],[1867 publ. 1869],Linden ex Beer,spec.,Ber. Welt-Austell. Paris 5(X): 19. 1869 [1867 publ. 1869] ,,"See online at: https://archive.org/details/gri_berichtuberd05kkos/page/18/mode/2up?q=%22Anthurium+trilobum%22  Also published earlier in K.Koch, Wochenschr. Vereines Beförd. Gartenbaues Königl. Preuss. Staaten 10: 132 (1867) but not accepted by the author and also published later in Linden, Ill. Hort. 24: t. 283 (1877).",,,8,trilobum,,,f,t,,,,,,,Beer@611-1@2@autEx$Linden@5612-1@1@aut,,,tax. nov.,,1.2,f,anthurium~trilobum,araceaeanthurium~trilobum~,,531,wfo-1200118319,,species,,,,
urn:lsid:ipni.org:names:77379131-1,"(King & Pantl.) M.W.Chase, X.H.Jin & Schuit.",Orchidaceae Herminium quinquelobum King & Pantl.,(King & Pantl.),638634-1,,,752(2): 172,,,,,,,,,,,,23/04/2026 15:35,23/04/2026 15:35,,,Orchidaceae,Habenaria quinqueloba,Habenaria quinqueloba,Habenaria,,f,f,,,,,,,,,,,,,,,,,,,,,,,,,,,,,325751-2,Phytotaxa,urn:lsid:ipni.org:publications:20011462-1,2026,2026 [22 Apr 2026],[22 Apr 2026],"M.W.Chase, X.H.Jin & Schuit.",spec.,Phytotaxa 752(2): 172. 2026 [22 Apr 2026] ,,doi:10.11646/phytotaxa.752.2.6,,,11,quinqueloba,,,f,t,,,,,,,X.H.Jin@39725-1@2@aut$M.W.Chase@17101-1@1@aut$Schuit.@26386-1@3@aut$King@4798-1@4@bas$Pantl.@7314-1@5@bas,,,comb. nov.,,1.1,f,habenaria~quinqueloba,orchidaceaehabenaria~quinqueloba~,,532,wfo-1000089787,,species,,,,
urn:lsid:ipni.org:names:77379132-1,"M.W.Chase, X.H.Jin & Schuit.",,,,,,752(2): 172,,,,,,,,,,,,23/04/2026 15:43,23/04/2026 15:43,,,Orchidaceae,Habenaria raskotiana,Habenaria raskotiana,Habenaria,,f,f,,,,,,,,,,,,,,,,,,,,,,,,,,,,,325751-2,Phytotaxa,urn:lsid:ipni.org:publications:20011462-1,2026,2026 [22 Apr 2026],[22 Apr 2026],"M.W.Chase, X.H.Jin & Schuit.",spec.,Phytotaxa 752(2): 172. 2026 [22 Apr 2026] ,,"doi:10.11646/phytotaxa.752.2.6 Etymology: 'not Habenaria tibetica Schltr., Repert. Spec. Nov. Regni Veg. Beih. 12: 338 (1922). Named in honour of the author who first published a molecular phylogenetic study of Herminium.'",77161963-1,,9,raskotiana,,,f,t,,,,,,,M.W.Chase@17101-1@1@aut$Schuit.@26386-1@3@aut$X.H.Jin@39725-1@2@aut,,,nom. nov.,,1.1,f,habenaria~raskotiana,orchidaceaehabenaria~raskotiana~,,533,wfo-1000089788,,species,,,,
urn:lsid:ipni.org:names:77379133-1,"(Kurzweil) M.W.Chase, X.H.Jin & Schuit.",Orchidaceae Peristylus rigidus Kurzweil,(Kurzweil),77103984-1,,,752(2): 172,,,,,,,,,,,,23/04/2026 15:44,23/04/2026 15:44,,,Orchidaceae,Habenaria rigida,Habenaria rigida,Habenaria,,f,f,,,,,,,,,,,,,,,,,,,,,,,,,,,,,325751-2,Phytotaxa,urn:lsid:ipni.org:publications:20011462-1,2026,2026 [22 Apr 2026],[22 Apr 2026],"M.W.Chase, X.H.Jin & Schuit.",spec.,Phytotaxa 752(2): 172. 2026 [22 Apr 2026] ,,doi:10.11646/phytotaxa.752.2.6,,,11,rigida,,,f,t,,,,,,,M.W.Chase@17101-1@1@aut$X.H.Jin@39725-1@2@aut$Kurzweil@36811-1@4@bas$Schuit.@26386-1@3@aut,,,comb. nov.,,1.1,f,habenaria~rigida,orchidaceaehabenaria~rigida~,,534,wfo-1000089789,,species,,,,
urn:lsid:ipni.org:names:77379134-1,"(J.J.Sm.) M.W.Chase, X.H.Jin & Schuit.",Orchidaceae Peristylus rindjaniensis J.J.Sm.,(J.J.Sm.),650280-1,,,752(2): 173,,,,,,,,,,,,23/04/2026 15:46,23/04/2026 15:46,,,Orchidaceae,Habenaria rindjaniensis,Habenaria rindjaniensis,Habenaria,,f,f,,,,,,,,,,,,,,,,,,,,,,,,,,,,,325751-2,Phytotaxa,urn:lsid:ipni.org:publications:20011462-1,2026,2026 [22 Apr 2026],[22 Apr 2026],"M.W.Chase, X.H.Jin & Schuit.",spec.,Phytotaxa 752(2): 173. 2026 [22 Apr 2026] ,,doi:10.11646/phytotaxa.752.2.6,,,11,rindjaniensis,,,f,t,,,,,,,J.J.Sm.@9804-1@4@bas$Schuit.@26386-1@3@aut$X.H.Jin@39725-1@2@aut$M.W.Chase@17101-1@1@aut,,,comb. nov.,,1.1,f,habenaria~rindjaniensis,orchidaceaehabenaria~rindjaniensis~,,535,wfo-1000089790,,species,,,,
urn:lsid:ipni.org:names:77379135-1,"(D.L.Jones) M.W.Chase, X.H.Jin & Schuit.",Orchidaceae Cooktownia robertsii D.L.Jones,(D.L.Jones),999023-1,,,752(2): 173,,,,,,,,,,,,23/04/2026 15:47,23/04/2026 15:47,,,Orchidaceae,Habenaria robertsii,Habenaria robertsii,Habenaria,,f,f,,,,,,,,,,,,,,,,,,,,,,,,,,,,,325751-2,Phytotaxa,urn:lsid:ipni.org:publications:20011462-1,2026,2026 [22 Apr 2026],[22 Apr 2026],"M.W.Chase, X.H.Jin & Schuit.",spec.,Phytotaxa 752(2): 173. 2026 [22 Apr 2026] ,,doi:10.11646/phytotaxa.752.2.6,,,11,robertsii,,,f,t,,,,,,,D.L.Jones@4531-1@4@bas$X.H.Jin@39725-1@2@aut$M.W.Chase@17101-1@1@aut$Schuit.@26386-1@3@aut,,,comb. nov.,,1.1,f,habenaria~robertsii,orchidaceaehabenaria~robertsii~,,536,wfo-1000089791,,species,,,,
urn:lsid:ipni.org:names:77379136-1,"(Kumar, G.S.Rawat & Jalal) M.W.Chase, X.H.Jin & Schuit.","Orchidaceae Peristylus sahanii Kumar, G.S.Rawat & Jalal","(Kumar, G.S.Rawat & Jalal)",77104379-1,,,752(2): 173,,,,,,,,,,,,23/04/2026 16:00,23/04/2026 16:00,,,Orchidaceae,Habenaria sahanii,Habenaria sahanii,Habenaria,,f,f,,,,,,,,,,,,,,,,,,,,,,,,,,,,,325751-2,Phytotaxa,urn:lsid:ipni.org:publications:20011462-1,2026,2026 [22 Apr 2026],[22 Apr 2026],"M.W.Chase, X.H.Jin & Schuit.",spec.,Phytotaxa 752(2): 173. 2026 [22 Apr 2026] ,,doi:10.11646/phytotaxa.752.2.6,,,11,sahanii,,,f,t,,,,,,,Jalal@20016695-1@6@bas$G.S.Rawat@20016694-1@5@bas$Kumar@20012069-2@4@bas$M.W.Chase@17101-1@1@aut$Schuit.@26386-1@3@aut$X.H.Jin@39725-1@2@aut,,,comb. nov.,,1.1,f,habenaria~sahanii,orchidaceaehabenaria~sahanii~,,537,wfo-1000089792,,species,,,,
urn:lsid:ipni.org:names:77379137-1,"(Tang & F.T.Wang) M.W.Chase, X.H.Jin & Schuit.",Orchidaceae Herminium singulum Tang & F.T.Wang,(Tang & F.T.Wang),638636-1,,,752(2): 173,,,,,,,,,,,,23/04/2026 16:03,23/04/2026 16:03,,,Orchidaceae,Habenaria singula,Habenaria singula,Habenaria,,f,f,,,,,,,,,,,,,,,,,,,,,,,,,,,,,325751-2,Phytotaxa,urn:lsid:ipni.org:publications:20011462-1,2026,2026 [22 Apr 2026],[22 Apr 2026],"M.W.Chase, X.H.Jin & Schuit.",spec.,Phytotaxa 752(2): 173. 2026 [22 Apr 2026] ,,"doi:10.11646/phytotaxa.752.2.6 Etymology: 'This name could be confused with Habenaria singularis Summerh. (Kew Bull. 20(2): 167. 1966), but the two epithets are not orthographic variants.'",,,11,singula,,,f,t,,,,,,,Tang@10418-1@4@bas$X.H.Jin@39725-1@2@aut$F.T.Wang@11385-1@5@bas$M.W.Chase@17101-1@1@aut$Schuit.@26386-1@3@aut,,,comb. nov.,,1.1,f,habenaria~singula,orchidaceaehabenaria~singula~,,538,wfo-1000089793,,species,,,,
urn:lsid:ipni.org:names:77379138-1,"M.W.Chase, X.H.Jin & Schuit.",,,,,,752(2): 173,,,,,,,,,,,,23/04/2026 16:05,23/04/2026 16:05,,,Orchidaceae,Habenaria singulifolia,Habenaria singulifolia,Habenaria,,f,f,,,,,,,,,,,,,,,,,,,,,,,,,,,,,325751-2,Phytotaxa,urn:lsid:ipni.org:publications:20011462-1,2026,2026 [22 Apr 2026],[22 Apr 2026],"M.W.Chase, X.H.Jin & Schuit.",spec.,Phytotaxa 752(2): 173. 2026 [22 Apr 2026] ,,"doi:10.11646/phytotaxa.752.2.6 Etymology: 'not Habenaria monophylla Collett & Hemsl., J. Linn. Soc., Bot. 28: 134 (1890); not Habenaria graminea Spreng., Syst. Veg., ed. 16, 3: 690 (1826). The new epithet means the same thing as monophylla: one-leaved.'",645353-1,,9,singulifolia,,,f,t,,,,,,,Schuit.@26386-1@3@aut$X.H.Jin@39725-1@2@aut$M.W.Chase@17101-1@1@aut,,,nom. nov.,,1.1,f,habenaria~singulifolia,orchidaceaehabenaria~singulifolia~,,539,wfo-1000089794,,species,,,,
urn:lsid:ipni.org:names:77379139-1,"(Drake) M.W.Chase, X.H.Jin & Schuit.",Orchidaceae Hetaeria societatis Drake,(Drake),638761-1,,,752(2): 173,,,,,,,,,,,,23/04/2026 16:06,23/04/2026 16:06,,,Orchidaceae,Habenaria societatis,Habenaria societatis,Habenaria,,f,f,,,,,,,,,,,,,,,,,,,,,,,,,,,,,325751-2,Phytotaxa,urn:lsid:ipni.org:publications:20011462-1,2026,2026 [22 Apr 2026],[22 Apr 2026],"M.W.Chase, X.H.Jin & Schuit.",spec.,Phytotaxa 752(2): 173. 2026 [22 Apr 2026] ,,doi:10.11646/phytotaxa.752.2.6,,,11,societatis,,,f,t,,,,,,,Schuit.@26386-1@3@aut$M.W.Chase@17101-1@1@aut$Drake@2302-1@4@bas$X.H.Jin@39725-1@2@aut,,,comb. nov.,,1.1,f,habenaria~societatis,orchidaceaehabenaria~societatis~,,540,wfo-1000089795,,species,,,,
urn:lsid:ipni.org:names:77379140-1,"(Finet) M.W.Chase, X.H.Jin & Schuit.",Orchidaceae Herminium angustifolium (Lindl.) Benth. ex Ridl. var. souliei Finet,(Finet),77278632-1,,,752(2): 173,,,,,,,,,,,,23/04/2026 16:08,23/04/2026 16:08,,,Orchidaceae,Habenaria souliei,Habenaria souliei,Habenaria,,f,f,,,,,,,,,,,,,,,,,,,,,,,,,,,,,325751-2,Phytotaxa,urn:lsid:ipni.org:publications:20011462-1,2026,2026 [22 Apr 2026],[22 Apr 2026],"M.W.Chase, X.H.Jin & Schuit.",spec.,Phytotaxa 752(2): 173. 2026 [22 Apr 2026] ,,doi:10.11646/phytotaxa.752.2.6,,,11,souliei,,,f,t,,,,,,,Schuit.@26386-1@3@aut$Finet@2734-1@4@bas$X.H.Jin@39725-1@2@aut$M.W.Chase@17101-1@1@aut,,,comb. et stat. nov.,,1.1,f,habenaria~souliei,orchidaceaehabenaria~souliei~,,541,wfo-1000089796,,species,,,,
urn:lsid:ipni.org:names:77379141-1,"(Tang & F.T.Wang) M.W.Chase, X.H.Jin & Schuit.",Orchidaceae Herminium suave Tang & F.T.Wang,(Tang & F.T.Wang),638644-1,,,752(2): 173,,,,,,,,,,,,23/04/2026 16:09,23/04/2026 16:09,,,Orchidaceae,Habenaria suavis,Habenaria suavis,Habenaria,,f,f,,,,,,,,,,,,,,,,,,,,,,,,,,,,,325751-2,Phytotaxa,urn:lsid:ipni.org:publications:20011462-1,2026,2026 [22 Apr 2026],[22 Apr 2026],"M.W.Chase, X.H.Jin & Schuit.",spec.,Phytotaxa 752(2): 173. 2026 [22 Apr 2026] ,,doi:10.11646/phytotaxa.752.2.6,,,11,suavis,,,f,t,,,,,,,F.T.Wang@11385-1@5@bas$X.H.Jin@39725-1@2@aut$M.W.Chase@17101-1@1@aut$Tang@10418-1@4@bas$Schuit.@26386-1@3@aut,,,comb. nov.,,1.1,f,habenaria~suavis,orchidaceaehabenaria~suavis~,,542,wfo-1000089797,,species,,,,
urn:lsid:ipni.org:names:77379142-1,Regel,,,,,,16: 323,,,,,,,,,,,,23/04/2026 16:11,23/04/2026 16:11,,,Araceae,Anthurium fissum,Anthurium fissum,Anthurium,,f,f,,,,,,,,,,,,,,,,,,,,,,,,,,,,,329747-2,Gartenflora,urn:lsid:ipni.org:publications:1200-2,1867,1867 [Oct 1867],[Oct 1867],Regel,spec.,Gartenflora 16: 323. 1867 [Oct 1867] ,,,,,8,fissum,,,f,t,,,,,,,Regel@8237-1@1@aut,,,tax. nov.,84803-1,1.1,f,anthurium~fissum,araceaeanthurium~fissum~,,543,wfo-1200118320,,species,,,,
urn:lsid:ipni.org:names:77379143-1,"M.W.Chase, X.H.Jin & Schuit.",,,,,,752(2): 173,,,,,,,,,,,,23/04/2026 16:33,23/04/2026 16:33,,,Orchidaceae,Habenaria subalpina,Habenaria subalpina,Habenaria,,f,f,,,,,,,,,,,,,,,"nom. inval.    , contrary to ICN art. 41.5., the replaced synonym is lacking a full and direct reference.",,nom. inval.,,,,,,,,,,,,325751-2,Phytotaxa,urn:lsid:ipni.org:publications:20011462-1,2026,2026 [22 Apr 2026],[22 Apr 2026],"M.W.Chase, X.H.Jin & Schuit.",spec.,Phytotaxa 752(2): 173. 2026 [22 Apr 2026] ,,"doi:10.11646/phytotaxa.752.2.6 Etymology: ' not Habenaria chlorantha Spreng., Syst. Veg., ed. 16, 3: 691 (1826). Only a few species of the largely subtropical/ tropical Habenaria occur under high alpine conditions, hence the new name.'",638586-1,,10,subalpina,,,f,t,,,,,,,X.H.Jin@39725-1@2@aut$M.W.Chase@17101-1@1@aut$Schuit.@26386-1@3@aut,,,nom. nov.,,1.1,f,habenaria~subalpina,orchidaceaehabenaria~subalpina~,,544,wfo-1000089798,,species,,,,
urn:lsid:ipni.org:names:77379144-1,"(S.Y.Hu) M.W.Chase, X.H.Jin & Schuit.",Orchidaceae Peristylus tangianus S.Y.Hu,(S.Y.Hu),650303-1,,,752(2): 173,,,,,,,,,,,,23/04/2026 16:40,23/04/2026 16:40,,,Orchidaceae,Habenaria tangiana,Habenaria tangiana,Habenaria,,f,f,,,,,,,,,,,,,,,,,,,,,,,,,,,,,325751-2,Phytotaxa,urn:lsid:ipni.org:publications:20011462-1,2026,2026 [22 Apr 2026],[22 Apr 2026],"M.W.Chase, X.H.Jin & Schuit.",spec.,Phytotaxa 752(2): 173. 2026 [22 Apr 2026] ,,doi:10.11646/phytotaxa.752.2.6,,,11,tangiana,,,f,t,,,,,,,S.Y.Hu@4186-1@4@bas$X.H.Jin@39725-1@2@aut$Schuit.@26386-1@3@aut$M.W.Chase@17101-1@1@aut,,,comb. nov.,,1.1,f,habenaria~tangiana,orchidaceaehabenaria~tangiana~,,545,wfo-1000089799,,species,,,,
urn:lsid:ipni.org:names:77379145-1,"(Ormerod) M.W.Chase, X.H.Jin & Schuit.",Orchidaceae Peristylus tenuicallus Ormerod,(Ormerod),77119492-1,,,752(2): 173,,,,,,,,,,,,23/04/2026 16:54,23/04/2026 16:54,,,Orchidaceae,Habenaria tenuicallus,Habenaria tenuicallus,Habenaria,,f,f,,,,,,,,,,,,,,,,,,,,,,,,,,,,,325751-2,Phytotaxa,urn:lsid:ipni.org:publications:20011462-1,2026,2026 [22 Apr 2026],[22 Apr 2026],"M.W.Chase, X.H.Jin & Schuit.",spec.,Phytotaxa 752(2): 173. 2026 [22 Apr 2026] ,,doi:10.11646/phytotaxa.752.2.6,,,11,tenuicallus,,,f,t,,,,,,,Ormerod@36928-1@4@bas$Schuit.@26386-1@3@aut$X.H.Jin@39725-1@2@aut$M.W.Chase@17101-1@1@aut,,,comb. nov.,,1.1,f,habenaria~tenuicallus,orchidaceaehabenaria~tenuicallus~,,546,wfo-1000089800,,species,,,,
urn:lsid:ipni.org:names:77379146-1,"(J.J.Sm.) M.W.Chase, X.H.Jin & Schuit.",Orchidaceae Peristylus tobensis J.J.Sm.,(J.J.Sm.),650307-1,,,752(2): 174,,,,,,,,,,,,23/04/2026 16:56,23/04/2026 16:56,,,Orchidaceae,Habenaria tobensis,Habenaria tobensis,Habenaria,,f,f,,,,,,,,,,,,,,,,,,,,,,,,,,,,,325751-2,Phytotaxa,urn:lsid:ipni.org:publications:20011462-1,2026,2026 [22 Apr 2026],[22 Apr 2026],"M.W.Chase, X.H.Jin & Schuit.",spec.,Phytotaxa 752(2): 174. 2026 [22 Apr 2026] ,,doi:10.11646/phytotaxa.752.2.6,,,11,tobensis,,,f,t,,,,,,,M.W.Chase@17101-1@1@aut$X.H.Jin@39725-1@2@aut$Schuit.@26386-1@3@aut$J.J.Sm.@9804-1@4@bas,,,comb. nov.,,1.1,f,habenaria~tobensis,orchidaceaehabenaria~tobensis~,,547,wfo-1000089801,,species,,,,
urn:lsid:ipni.org:names:77379147-1,"M.W.Chase, X.H.Jin & Schuit.",,,,,,752(2): 174,,,,,,,,,,,,23/04/2026 16:59,23/04/2026 16:59,,,Orchidaceae,Habenaria triangulata,Habenaria triangulata,Habenaria,,f,f,,,,,,,,,,,,,,,,,,,,,,,,,,,,,325751-2,Phytotaxa,urn:lsid:ipni.org:publications:20011462-1,2026,2026 [22 Apr 2026],[22 Apr 2026],"M.W.Chase, X.H.Jin & Schuit.",spec.,Phytotaxa 752(2): 174. 2026 [22 Apr 2026] ,,"doi:10.11646/phytotaxa.752.2.6 Etymology: 'not Habenaria yunnanensis Rolfe, J. Linn. Soc., Bot. 36: 61 (1903). The new epithet is based on the triangular lobes of the lip of this species.'",638651-1,,9,triangulata,,,f,t,,,,,,,Schuit.@26386-1@3@aut$X.H.Jin@39725-1@2@aut$M.W.Chase@17101-1@1@aut,,,nom. nov.,,1.1,f,habenaria~triangulata,orchidaceaehabenaria~triangulata~,,548,wfo-1000089802,,species,,,,
urn:lsid:ipni.org:names:77379148-1,"(J.J.Sm.) M.W.Chase, X.H.Jin & Schuit.",Orchidaceae Peristylus tricallosus J.J.Sm.,(J.J.Sm.),650309-1,,,752(2): 174,,,,,,,,,,,,23/04/2026 17:00,23/04/2026 17:00,,,Orchidaceae,Habenaria tricallosa,Habenaria tricallosa,Habenaria,,f,f,,,,,,,,,,,,,,,,,,,,,,,,,,,,,325751-2,Phytotaxa,urn:lsid:ipni.org:publications:20011462-1,2026,2026 [22 Apr 2026],[22 Apr 2026],"M.W.Chase, X.H.Jin & Schuit.",spec.,Phytotaxa 752(2): 174. 2026 [22 Apr 2026] ,,doi:10.11646/phytotaxa.752.2.6,,,11,tricallosa,,,f,t,,,,,,,Schuit.@26386-1@3@aut$M.W.Chase@17101-1@1@aut$J.J.Sm.@9804-1@4@bas$X.H.Jin@39725-1@2@aut,,,comb. nov.,,1.1,f,habenaria~tricallosa,orchidaceaehabenaria~tricallosa~,,549,wfo-1000089803,,species,,,,
urn:lsid:ipni.org:names:77379149-1,"M.W.Chase, X.H.Jin & Schuit.",,,,,,752(2): 174,,,,,,,,,,,,23/04/2026 17:03,23/04/2026 17:03,,,Orchidaceae,Habenaria unilateralis,Habenaria unilateralis,Habenaria,,f,f,,,,,,,,,,,,,,,,,,,,,,,,,,,,,325751-2,Phytotaxa,urn:lsid:ipni.org:publications:20011462-1,2026,2026 [22 Apr 2026],[22 Apr 2026],"M.W.Chase, X.H.Jin & Schuit.",spec.,Phytotaxa 752(2): 174. 2026 [22 Apr 2026] ,,"doi:10.11646/phytotaxa.752.2.6 Etymology: 'not Habenaria secunda Lindl., Gen. Sp. Orchid. Pl. 307 (1835). We used an epithet that means the same: one sided.'",60446112-2,,9,unilateralis,,,f,t,,,,,,,Schuit.@26386-1@3@aut$X.H.Jin@39725-1@2@aut$M.W.Chase@17101-1@1@aut,,,nom. nov.,,1.1,f,habenaria~unilateralis,orchidaceaehabenaria~unilateralis~,,550,wfo-1000089804,,species,,,,
urn:lsid:ipni.org:names:77379150-1,"M.W.Chase, X.H.Jin & Schuit.",,,,,,752(2): 174,,,,,,,,,,,,23/04/2026 17:07,23/04/2026 17:07,,,Orchidaceae,Habenaria uttarakhandica,Habenaria uttarakhandica,Habenaria,,f,f,,,,,,,,,,,,,,,,,,,,,,,,,,,,,325751-2,Phytotaxa,urn:lsid:ipni.org:publications:20011462-1,2026,2026 [22 Apr 2026],[22 Apr 2026],"M.W.Chase, X.H.Jin & Schuit.",spec.,Phytotaxa 752(2): 174. 2026 [22 Apr 2026] ,,"doi:10.11646/phytotaxa.752.2.6 Etymology: 'not Habenaria kumaunensis (Deva & H.B.Naithani) M.W.Chase, X.H.Jin & Schuit., Phytotaxa 752(2): 170. 2026. Kumaon and Kumaun are alternative spellings in English of an administrative division in the Indian state of Uttarakhand, as well as the people and language of that region. We therefore have selected a new name referring to the Indian state of Uttarakhand.'",934014-1,,9,uttarakhandica,,,f,t,,,,,,,X.H.Jin@39725-1@2@aut$M.W.Chase@17101-1@1@aut$Schuit.@26386-1@3@aut,,,nom. nov.,,1.1,f,habenaria~uttarakhandica,orchidaceaehabenaria~uttarakhandica~,,551,wfo-1000089805,,species,,,,
urn:lsid:ipni.org:names:77379151-1,"M.W.Chase, X.H.Jin & Schuit.",,,,,,752(2): 174,,,,,,,,,,,,23/04/2026 17:09,23/04/2026 17:09,,,Orchidaceae,Habenaria vegrandis,Habenaria vegrandis,Habenaria,,f,f,,,,,,,,,,,,,,,,,,,,,,,,,,,,,325751-2,Phytotaxa,urn:lsid:ipni.org:publications:20011462-1,2026,2026 [22 Apr 2026],[22 Apr 2026],"M.W.Chase, X.H.Jin & Schuit.",spec.,Phytotaxa 752(2): 174. 2026 [22 Apr 2026] ,,"doi:10.11646/phytotaxa.752.2.6 Etymology: 'not Habenaria minima R.González & Cuev.-Fig., Orquídeas Occid. Mex. 1: 122 (2010). The new epithet also refers to the small size of the plant and flowers.'",77153977-1,,9,vegrandis,,,f,t,,,,,,,X.H.Jin@39725-1@2@aut$M.W.Chase@17101-1@1@aut$Schuit.@26386-1@3@aut,,,nom. nov.,,1.1,f,habenaria~vegrandis,orchidaceaehabenaria~vegrandis~,,552,wfo-1000089806,,species,,,,
urn:lsid:ipni.org:names:77379152-1,"(X.H.Jin, Schuit., Raskoti & Lu Q.Huang) M.W.Chase, X.H.Jin & Schuit.","Orchidaceae Herminium wangianum X.H.Jin, Schuit., Raskoti & Lu Q.Huang","(X.H.Jin, Schuit., Raskoti & Lu Q.Huang)",77155383-1,,,752(2): 174,,,,,,,,,,,,23/04/2026 17:10,23/04/2026 17:10,,,Orchidaceae,Habenaria wangiana,Habenaria wangiana,Habenaria,,f,f,,,,,,,,,,,,,,,,,,,,,,,,,,,,,325751-2,Phytotaxa,urn:lsid:ipni.org:publications:20011462-1,2026,2026 [22 Apr 2026],[22 Apr 2026],"M.W.Chase, X.H.Jin & Schuit.",spec.,Phytotaxa 752(2): 174. 2026 [22 Apr 2026] ,,doi:10.11646/phytotaxa.752.2.6,,,11,wangiana,,,f,t,,,,,,,X.H.Jin@39725-1@4@bas$Raskoti@20018859-1@6@bas$Schuit.@26386-1@3@aut$X.H.Jin@39725-1@2@aut$Lu Q.Huang@37649-1@7@bas$M.W.Chase@17101-1@1@aut$Schuit.@26386-1@5@bas,,,comb. nov.,,1.1,f,habenaria~wangiana,orchidaceaehabenaria~wangiana~,,553,wfo-1000089807,,species,,,,
urn:lsid:ipni.org:names:77379153-1,"(P.J.Cribb & B.A.Lewis) M.W.Chase, X.H.Jin & Schuit.",Orchidaceae Peristylus wheatleyi P.J.Cribb & B.A.Lewis,(P.J.Cribb & B.A.Lewis),937492-1,,,752(2): 174,,,,,,,,,,,,23/04/2026 17:14,23/04/2026 17:14,,,Orchidaceae,Habenaria wheatleyi,Habenaria wheatleyi,Habenaria,,f,f,,,,,,,,,,,,,,,,,,,,,,,,,,,,,325751-2,Phytotaxa,urn:lsid:ipni.org:publications:20011462-1,2026,2026 [22 Apr 2026],[22 Apr 2026],"M.W.Chase, X.H.Jin & Schuit.",spec.,Phytotaxa 752(2): 174. 2026 [22 Apr 2026] ,,doi:10.11646/phytotaxa.752.2.6,,,11,wheatleyi,,,f,t,,,,,,,X.H.Jin@39725-1@2@aut$P.J.Cribb@1873-1@4@bas$B.A.Lewis@13661-1@5@bas$Schuit.@26386-1@3@aut$M.W.Chase@17101-1@1@aut,,,comb. nov.,,1.1,f,habenaria~wheatleyi,orchidaceaehabenaria~wheatleyi~,,554,wfo-1000089808,,species,,,,
urn:lsid:ipni.org:names:77379154-1,Hook.f. & Thomson,,,,,,1(1): 6,,,,,,,,,,,,23/04/2026 19:55,23/04/2026 19:55,"India (Indian Subcontinent, Asia-Tropical)",,Ranunculaceae,Clematis acuminata var. sikkimensis,Clematis acuminata var. sikkimensis,Clematis,,f,f,,,,,sikkimensis,,,,,,"'Sikkim, alt. 5-7000 ft., Hook.f. & Thomson [s.n.; s.d.] ; Mishmi [ Arunachal Pradesh] and Naga Hills, Griffith [s.n. ; s.d.]'",,,,,,,,,,,,,,,,,,709456-1,Fl. Brit. India,urn:lsid:ipni.org:publications:922-2,1872,1872 [Mai 1872],[Mai 1872],Hook.f. & Thomson,var.,Fl. Brit. India 1(1): 6. 1872 [Mai 1872] ,,,,,9,acuminata,DC.,,f,t,,,,,,,Hook.f.@4084-1@1@aut$Thomson@10621-1@2@aut,DC.@16855-1@1@aut,,tax. nov.,,1.1,f,clematis~acuminatasikkimensis,ranunculaceaeclematis~acuminatasikkimensis,,555,wfo-0000609431,,variety,,,,
urn:lsid:ipni.org:names:77379155-1,Hook.f. & Thomson,,,,,,1(1): 6,,,,,,,,,,,,23/04/2026 19:57,23/04/2026 19:57,,,Ranunculaceae,Clematis acuminata var. wallichii,Clematis acuminata var. wallichii,Clematis,,f,f,,,,,wallichii,,,,,,"''W. Himalaya, Nepal, Bhotan'",,,,,,,,,,,,,,,,,,709456-1,Fl. Brit. India,urn:lsid:ipni.org:publications:922-2,1872,1872 [Mai 1872],[Mai 1872],Hook.f. & Thomson,var.,Fl. Brit. India 1(1): 6. 1872 [Mai 1872] ,,,,,8,acuminata,DC.,,f,t,,,,,,,Thomson@10621-1@2@aut$Hook.f.@4084-1@1@aut,DC.@16855-1@1@aut,,tax. nov.,,1.1,f,clematis~acuminatawallichii,ranunculaceaeclematis~acuminatawallichii,,556,wfo-1200028073,,variety,,,,
urn:lsid:ipni.org:names:77379156-1,(Hook.f. & Thomson) Brühl,Ranunculaceae Clematis acuminata DC. var. sikkimensis Hook.f. & Thomson,(Hook.f. & Thomson),77379154-1,,,5: 75,,,,,,,,,,,,23/04/2026 19:59,23/04/2026 19:59,,,Ranunculaceae,Clematis acuminata subsp. sikkimensis,Clematis acuminata subsp. sikkimensis,Clematis,,f,f,,,,,sikkimensis,,,,,,,,,,,,,,,,,,,,,,,,709456-1,Ann. Roy. Bot. Gard. (Calcutta),urn:lsid:ipni.org:publications:3581-2,1896,1896,,Brühl,subsp.,Ann. Roy. Bot. Gard. (Calcutta) 5: 75. 1896 ,,,,,11,acuminata,DC.,,f,t,,,,,,,Thomson@10621-1@3@bas$Hook.f.@4084-1@2@bas$Brühl@1211-1@1@aut,DC.@16855-1@1@aut,,stat. nov.,,1.1,f,clematis~acuminatasikkimensis,ranunculaceaeclematis~acuminatasikkimensis,,557,wfo-0000742096,,subspecies,,,,
urn:lsid:ipni.org:names:77379158-1,"D.V.S.Silva, A.C.P.Santiago & T.E.Almeida",,,,,,752(3): 202,,,,,,,,,,,,24/04/2026 09:58,24/04/2026 18:18,,,Schizaeaceae,Neoschizaea,Neoschizaea,Neoschizaea,,f,f,,,,,,,,,,,,,,,,,,,,,,,,,,,,,30017813-2,Phytotaxa,urn:lsid:ipni.org:publications:20011462-1,2026,2026 [23 Apr 2026],[23 Apr 2026],"D.V.S.Silva, A.C.P.Santiago & T.E.Almeida",gen.,Phytotaxa 752(3): 202. 2026 [23 Apr 2026] ,,"doi:10.11646/phytotaxa.752.3.2 Etymology: 'Neoschizaea derives from the Greek prefix 'neo-', meaning 'new', combined with the name of the related genus Schizaea. The prefix refers to the geographic distribution of the genus, which is restricted to the Americas.'",,,9,,,,f,t,77379159-1,,,,,,D.V.S.Silva@20098112-1@1@aut$A.C.P.Santiago@20098113-1@2@aut$T.E.Almeida@20015510-1@3@aut,,,tax. nov.,,1.3,f,neoschizaea,schizaeaceaeneoschizaea~~~,,558,wfo-4100006532,,genus,,,,
urn:lsid:ipni.org:names:77379159-1,"(Pursh) D.V.S.Silva, A.C.P.Santiago & T.E.Almeida",Schizaeaceae Schizaea pusilla Pursh,(Pursh),17220680-1,,,752(3): 203,,,,,,,,,,,,24/04/2026 10:01,24/04/2026 18:18,,,Schizaeaceae,Neoschizaea pusilla,Neoschizaea pusilla,Neoschizaea,,f,f,,,,,,,,,,,,,,,,,,,,,,,,,,,,,77379158-1,Phytotaxa,urn:lsid:ipni.org:publications:20011462-1,2026,2026 [23 Apr 2026],[23 Apr 2026],"D.V.S.Silva, A.C.P.Santiago & T.E.Almeida",spec.,Phytotaxa 752(3): 203. 2026 [23 Apr 2026] ,,doi:10.11646/phytotaxa.752.3.2,,,11,pusilla,,,f,t,,,,,,,A.C.P.Santiago@20098113-1@2@aut$Pursh@8035-1@4@bas$D.V.S.Silva@20098112-1@1@aut$T.E.Almeida@20015510-1@3@aut,,,comb. nov.,,1.2,f,neoschizaea~pusilla,schizaeaceaeneoschizaea~pusilla~,,559,wfo-1000089809,,species,,,,
urn:lsid:ipni.org:names:77379160-1,(Willd.) Kadereit & Schneew.,Rubiaceae Galium fruticosum Willd.,(Willd.),749921-1,,,75(2)-e70119: 24,,,,,,,,,,,,24/04/2026 10:15,24/04/2026 10:15,,,Rubiaceae,Trichogalium fruticosum,Trichogalium fruticosum,Trichogalium,,f,f,,,,,,,,,,,,,,,,,,,,,,,,,,,,,35479-1,Taxon,urn:lsid:ipni.org:publications:812-2,2026,2026 [30 Mar 2026],[30 Mar 2026],Kadereit & Schneew.,spec.,Taxon 75(2)-e70119: 24. 2026 [30 Mar 2026] ,,doi:10.1002/tax.70119,,,11,fruticosum,,,f,t,,,,,,,Schneew.@20008845-1@2@aut$Kadereit@14763-1@1@aut$Willd.@11692-1@3@bas,,,comb. nov.,,1.1,f,trichogalium~fruticosum,rubiaceaetrichogalium~fruticosum~,,560,wfo-1000089810,,species,,,,
urn:lsid:ipni.org:names:77379161-1,(Hook.f.) Kadereit & Schneew.,Rubiaceae Galium fuegianum Hook.f.,(Hook.f.),277296-2,,,75(2)-e70119: 24,,,,,,,,,,,,24/04/2026 10:16,24/04/2026 10:16,,,Rubiaceae,Trichogalium fuegianum,Trichogalium fuegianum,Trichogalium,,f,f,,,,,,,,,,,,,,,,,,,,,,,,,,,,,35479-1,Taxon,urn:lsid:ipni.org:publications:812-2,2026,2026 [30 Mar 2026],[30 Mar 2026],Kadereit & Schneew.,spec.,Taxon 75(2)-e70119: 24. 2026 [30 Mar 2026] ,,doi:10.1002/tax.70119,,,11,fuegianum,,,f,t,,,,,,,Kadereit@14763-1@1@aut$Schneew.@20008845-1@2@aut$Hook.f.@4084-1@3@bas,,,comb. nov.,,1.1,f,trichogalium~fuegianum,rubiaceaetrichogalium~fuegianum~,,561,wfo-1000089811,,species,,,,
urn:lsid:ipni.org:names:77379162-1,(M.Martens & Galeotti) Kadereit & Schneew.,Rubiaceae Galium fuscum M.Martens & Galeotti,(M.Martens & Galeotti),749924-1,,,75(2)-e70119: 24,,,,,,,,,,,,24/04/2026 10:17,24/04/2026 10:43,,,Rubiaceae,Trichogalium fuscum,Trichogalium fuscum,Trichogalium,,f,f,,,,,,,,,,,,,,,,,,,,,,,,,,,,,35479-1,Taxon,urn:lsid:ipni.org:publications:812-2,2026,2026 [30 Mar 2026],[30 Mar 2026],Kadereit & Schneew.,spec.,Taxon 75(2)-e70119: 24. 2026 [30 Mar 2026] ,,doi:10.1002/tax.70119,,,11,fuscum,,,f,t,,,,,,,Schneew.@20008845-1@2@aut$M.Martens@6150-1@3@bas$Kadereit@14763-1@1@aut$Galeotti@2992-1@4@bas,,,comb. nov.,,1.2,f,trichogalium~fuscum,rubiaceaetrichogalium~fuscum~,,562,wfo-1000089812,,species,,,,
urn:lsid:ipni.org:names:77379163-1,Urtecho,,,,,,20(1): 46,,22,,3,,5849,1972,,Beaman,,,24/04/2026 10:35,24/04/2026 10:42,"Veracruz (Mexico Gulf, Mexico, Northern America)",,Euphorbiaceae,Tragia catemacoensis,Tragia catemacoensis,Tragia,,f,f,,,,,,,,,,,"Mpio. Catemaco: Bastonal, 10 km E de Lago Catemaco",,,,,,,,,,,,,,,,,,327688-2,J. Bot. Res. Inst. Texas,urn:lsid:ipni.org:publications:20007714-1,2026,2026 [15 Apr 2026],[15 Apr 2026],Urtecho,spec.,J. Bot. Res. Inst. Texas 20(1): 46. 2026 [15 Apr 2026] ,,doi:10.17348/jbrit.v20.i1.1462  Etymology: the specific epithet is named for the locality of the type species.,,,11,catemacoensis,,,f,t,,holotype F 1876399;isotype MEXU;isotype XAL,,,,,Urtecho@20027948-1@1@aut,,,tax. nov.,,1.2,f,tragia~catemacoensis,euphorbiaceaetragia~catemacoensis~,,563,wfo-1000089813,,species,,,,
urn:lsid:ipni.org:names:77379164-1,(Wiggins) Kadereit & Schneew.,Rubiaceae Galium galapagoense Wiggins,(Wiggins),107040-2,,,75(2)-e70119: 24,,,,,,,,,,,,24/04/2026 10:45,24/04/2026 10:45,,,Rubiaceae,Trichogalium galapagoense,Trichogalium galapagoense,Trichogalium,,f,f,,,,,,,,,,,,,,,,,,,,,,,,,,,,,35479-1,Taxon,urn:lsid:ipni.org:publications:812-2,2026,2026 [30 Mar 2026],[30 Mar 2026],Kadereit & Schneew.,spec.,Taxon 75(2)-e70119: 24. 2026 [30 Mar 2026] ,,doi:10.1002/tax.70119,,,11,galapagoense,,,f,t,,,,,,,Schneew.@20008845-1@2@aut$Kadereit@14763-1@1@aut$Wiggins@11657-1@3@bas,,,comb. nov.,,1.1,f,trichogalium~galapagoense,rubiaceaetrichogalium~galapagoense~,,564,wfo-1000089814,,species,,,,
urn:lsid:ipni.org:names:77379165-1,(DC.) Kadereit & Schneew.,Rubiaceae Galium gaudichaudii DC.,(DC.),749932-1,,,75(2)-e70119: 24,,,,,,,,,,,,24/04/2026 10:46,24/04/2026 10:46,,,Rubiaceae,Trichogalium gaudichaudii,Trichogalium gaudichaudii,Trichogalium,,f,f,,,,,,,,,,,,,,,,,,,,,,,,,,,,,35479-1,Taxon,urn:lsid:ipni.org:publications:812-2,2026,2026 [30 Mar 2026],[30 Mar 2026],Kadereit & Schneew.,spec.,Taxon 75(2)-e70119: 24. 2026 [30 Mar 2026] ,,doi:10.1002/tax.70119,,,11,gaudichaudii,,,f,t,,,,,,,Kadereit@14763-1@1@aut$Schneew.@20008845-1@2@aut$DC.@16855-1@3@bas,,,comb. nov.,,1.1,f,trichogalium~gaudichaudii,rubiaceaetrichogalium~gaudichaudii~,,565,wfo-1000089815,,species,,,,
urn:lsid:ipni.org:names:77379166-1,(Hook. & Arn.) Kadereit & Schneew.,Rubiaceae Galium gilliesii Hook. & Arn.,(Hook. & Arn.),749942-1,,,75(2)-e70119: 24,,,,,,,,,,,,24/04/2026 10:47,24/04/2026 10:47,,,Rubiaceae,Trichogalium gilliesii,Trichogalium gilliesii,Trichogalium,,f,f,,,,,,,,,,,,,,,,,,,,,,,,,,,,,35479-1,Taxon,urn:lsid:ipni.org:publications:812-2,2026,2026 [30 Mar 2026],[30 Mar 2026],Kadereit & Schneew.,spec.,Taxon 75(2)-e70119: 24. 2026 [30 Mar 2026] ,,doi:10.1002/tax.70119,,,11,gilliesii,,,f,t,,,,,,,Kadereit@14763-1@1@aut$Schneew.@20008845-1@2@aut$Arn.@281-1@4@bas$Hook.@4086-1@3@bas,,,comb. nov.,,1.1,f,trichogalium~gilliesii,rubiaceaetrichogalium~gilliesii~,,566,wfo-1000089816,,species,,,,
urn:lsid:ipni.org:names:77379167-1,(Hemsl.) Kadereit & Schneew.,Rubiaceae Galium glaberrimum Hemsl.,(Hemsl.),749944-1,,,75(2)-e70119: 24,,,,,,,,,,,,24/04/2026 10:48,24/04/2026 10:48,,,Rubiaceae,Trichogalium glaberrimum,Trichogalium glaberrimum,Trichogalium,,f,f,,,,,,,,,,,,,,,,,,,,,,,,,,,,,35479-1,Taxon,urn:lsid:ipni.org:publications:812-2,2026,2026 [30 Mar 2026],[30 Mar 2026],Kadereit & Schneew.,spec.,Taxon 75(2)-e70119: 24. 2026 [30 Mar 2026] ,,doi:10.1002/tax.70119,,,11,glaberrimum,,,f,t,,,,,,,Hemsl.@3825-1@3@bas$Schneew.@20008845-1@2@aut$Kadereit@14763-1@1@aut,,,comb. nov.,,1.1,f,trichogalium~glaberrimum,rubiaceaetrichogalium~glaberrimum~,,567,wfo-1000089817,,species,,,,
urn:lsid:ipni.org:names:77379168-1,(Ehrend.) Kadereit & Schneew.,Rubiaceae Galium grayanum  subsp. glabrescens Ehrend.,(Ehrend.),107051-2,,,75(2)-e70119: 24,,,,,,,,,,,,24/04/2026 10:49,24/04/2026 10:49,,,Rubiaceae,Trichogalium glabrescens,Trichogalium glabrescens,Trichogalium,,f,f,,,,,,,,,,,,,,,,,,,,,,,,,,,,,35479-1,Taxon,urn:lsid:ipni.org:publications:812-2,2026,2026 [30 Mar 2026],[30 Mar 2026],Kadereit & Schneew.,spec.,Taxon 75(2)-e70119: 24. 2026 [30 Mar 2026] ,,doi:10.1002/tax.70119,,,11,glabrescens,,,f,t,,,,,,,Kadereit@14763-1@1@aut$Ehrend.@2483-1@3@bas$Schneew.@20008845-1@2@aut,,,comb. et stat. nov.,,1.1,f,trichogalium~glabrescens,rubiaceaetrichogalium~glabrescens~,,568,wfo-1000089818,,species,,,,
urn:lsid:ipni.org:names:77379169-1,(Hand.-Mazz.) Kadereit & Schneew.,Rubiaceae Galium glandulosum Hand.-Mazz.,(Hand.-Mazz.),749951-1,,,75(2)-e70119: 24,,,,,,,,,,,,24/04/2026 10:50,24/04/2026 10:50,,,Rubiaceae,Trichogalium glandulosum,Trichogalium glandulosum,Trichogalium,,f,f,,,,,,,,,,,,,,,,,,,,,,,,,,,,,35479-1,Taxon,urn:lsid:ipni.org:publications:812-2,2026,2026 [30 Mar 2026],[30 Mar 2026],Kadereit & Schneew.,spec.,Taxon 75(2)-e70119: 24. 2026 [30 Mar 2026] ,,doi:10.1002/tax.70119,,,11,glandulosum,,,f,t,,,,,,,Schneew.@20008845-1@2@aut$Kadereit@14763-1@1@aut$Hand.-Mazz.@3612-1@3@bas,,,comb. nov.,,1.1,f,trichogalium~glandulosum,rubiaceaetrichogalium~glandulosum~,,569,wfo-1000089819,,species,,,,
urn:lsid:ipni.org:names:77379170-1,(Ehrend. & Bacigalupo) Kadereit & Schneew.,Rubiaceae Galium gracilicaule Ehrend. & Bacigalupo,(Ehrend. & Bacigalupo),107048-2,,,75(2)-e70119: 24,,,,,,,,,,,,24/04/2026 10:51,24/04/2026 10:51,,,Rubiaceae,Trichogalium gracilicaule,Trichogalium gracilicaule,Trichogalium,,f,f,,,,,,,,,,,,,,,,,,,,,,,,,,,,,35479-1,Taxon,urn:lsid:ipni.org:publications:812-2,2026,2026 [30 Mar 2026],[30 Mar 2026],Kadereit & Schneew.,spec.,Taxon 75(2)-e70119: 24. 2026 [30 Mar 2026] ,,doi:10.1002/tax.70119,,,11,gracilicaule,,,f,t,,,,,,,Kadereit@14763-1@1@aut$Ehrend.@2483-1@3@bas$Bacigalupo@367-1@4@bas$Schneew.@20008845-1@2@aut,,,comb. nov.,,1.1,f,trichogalium~gracilicaule,rubiaceaetrichogalium~gracilicaule~,,570,wfo-1000089820,,species,,,,
urn:lsid:ipni.org:names:77379171-1,(Ehrend.) Kadereit & Schneew.,Rubiaceae Relbunium gracillimum Ehrend.,(Ehrend.),218484-2,,,75(2)-e70119: 24,,,,,,,,,,,,24/04/2026 10:52,24/04/2026 10:52,,,Rubiaceae,Trichogalium gracillimum,Trichogalium gracillimum,Trichogalium,,f,f,,,,,,,,,,,,,,,,,,,,,,,,,,,,,35479-1,Taxon,urn:lsid:ipni.org:publications:812-2,2026,2026 [30 Mar 2026],[30 Mar 2026],Kadereit & Schneew.,spec.,Taxon 75(2)-e70119: 24. 2026 [30 Mar 2026] ,,doi:10.1002/tax.70119,,,11,gracillimum,,,f,t,,,,,,,Kadereit@14763-1@1@aut$Schneew.@20008845-1@2@aut$Ehrend.@2483-1@3@bas,,,comb. nov.,,1.1,f,trichogalium~gracillimum,rubiaceaetrichogalium~gracillimum~,,571,wfo-1000089821,,species,,,,
urn:lsid:ipni.org:names:77379172-1,(McClatchie) Kadereit & Schneew.,Rubiaceae Galium grande McClatchie,(McClatchie),107049-2,,,75(2)-e70119: 24,,,,,,,,,,,,24/04/2026 10:53,24/04/2026 10:53,,,Rubiaceae,Trichogalium grande,Trichogalium grande,Trichogalium,,f,f,,,,,,,,,,,,,,,,,,,,,,,,,,,,,35479-1,Taxon,urn:lsid:ipni.org:publications:812-2,2026,2026 [30 Mar 2026],[30 Mar 2026],Kadereit & Schneew.,spec.,Taxon 75(2)-e70119: 24. 2026 [30 Mar 2026] ,,doi:10.1002/tax.70119,,,11,grande,,,f,t,,,,,,,Schneew.@20008845-1@2@aut$McClatchie@5898-1@3@bas$Kadereit@14763-1@1@aut,,,comb. nov.,,1.1,f,trichogalium~grande,rubiaceaetrichogalium~grande~,,572,wfo-1000089822,,species,,,,
urn:lsid:ipni.org:names:77379173-1,(Ehrend.) Kadereit & Schneew.,Rubiaceae Galium grayanum Ehrend.,(Ehrend.),107050-2,,,75(2)-e70119: 24,,,,,,,,,,,,24/04/2026 11:01,24/04/2026 11:01,,,Rubiaceae,Trichogalium grayanum,Trichogalium grayanum,Trichogalium,,f,f,,,,,,,,,,,,,,,,,,,,,,,,,,,,,35479-1,Taxon,urn:lsid:ipni.org:publications:812-2,2026,2026 [30 Mar 2026],[30 Mar 2026],Kadereit & Schneew.,spec.,Taxon 75(2)-e70119: 24. 2026 [30 Mar 2026] ,,doi:10.1002/tax.70119,,,11,grayanum,,,f,t,,,,,,,Kadereit@14763-1@1@aut$Ehrend.@2483-1@3@bas$Schneew.@20008845-1@2@aut,,,comb. nov.,,1.1,f,trichogalium~grayanum,rubiaceaetrichogalium~grayanum~,,573,wfo-1000089823,,species,,,,
urn:lsid:ipni.org:names:77379174-1,(Spreng.) Kadereit & Schneew.,Rubiaceae Rubia guadalupensis Spreng.,(Spreng.),765256-1,,,75(2)-e70119: 24,,,,,,,,,,,,24/04/2026 11:03,24/04/2026 11:03,,,Rubiaceae,Trichogalium guadalupense,Trichogalium guadalupense,Trichogalium,,f,f,,,,,,,,,,,,,,,,,,,,,,,,,,,,,35479-1,Taxon,urn:lsid:ipni.org:publications:812-2,2026,2026 [30 Mar 2026],[30 Mar 2026],Kadereit & Schneew.,spec.,Taxon 75(2)-e70119: 24. 2026 [30 Mar 2026] ,,doi:10.1002/tax.70119,,,11,guadalupense,,,f,t,,,,,,,Spreng.@9992-1@3@bas$Schneew.@20008845-1@2@aut$Kadereit@14763-1@1@aut,,,comb. nov.,,1.1,f,trichogalium~guadalupense,rubiaceaetrichogalium~guadalupense~,,574,wfo-1000089824,,species,,,,
urn:lsid:ipni.org:names:77379175-1,(Munz & I.M.Johnst.) Kadereit & Schneew.,Rubiaceae Galium hallii Munz & I.M.Johnst.,(Munz & I.M.Johnst.),107053-2,,,75(2)-e70119: 24,,,,,,,,,,,,24/04/2026 11:05,24/04/2026 11:05,,,Rubiaceae,Trichogalium hallii,Trichogalium hallii,Trichogalium,,f,f,,,,,,,,,,,,,,,,,,,,,,,,,,,,,35479-1,Taxon,urn:lsid:ipni.org:publications:812-2,2026,2026 [30 Mar 2026],[30 Mar 2026],Kadereit & Schneew.,spec.,Taxon 75(2)-e70119: 24. 2026 [30 Mar 2026] ,,doi:10.1002/tax.70119,,,11,hallii,,,f,t,,,,,,,Kadereit@14763-1@1@aut$I.M.Johnst.@4519-1@4@bas$Munz@6787-1@3@bas$Schneew.@20008845-1@2@aut,,,comb. nov.,,1.1,f,trichogalium~hallii,rubiaceaetrichogalium~hallii~,,575,wfo-1000089825,,species,,,,
urn:lsid:ipni.org:names:77379176-1,(Dempster) Kadereit & Schneew.,Rubiaceae Galium hardhamiae Dempster,(Dempster),107054-2,,,75(2)-e70119: 24,,,,,,,,,,,,24/04/2026 11:06,24/04/2026 11:06,,,Rubiaceae,Trichogalium hardhamiae,Trichogalium hardhamiae,Trichogalium,,f,f,,,,,,,,,,,,,,,,,,,,,,,,,,,,,35479-1,Taxon,urn:lsid:ipni.org:publications:812-2,2026,2026 [30 Mar 2026],[30 Mar 2026],Kadereit & Schneew.,spec.,Taxon 75(2)-e70119: 24. 2026 [30 Mar 2026] ,,doi:10.1002/tax.70119,,,11,hardhamiae,,,f,t,,,,,,,Dempster@13058-1@3@bas$Schneew.@20008845-1@2@aut$Kadereit@14763-1@1@aut,,,comb. nov.,,1.1,f,trichogalium~hardhamiae,rubiaceaetrichogalium~hardhamiae~,,576,wfo-1000089826,,species,,,,
urn:lsid:ipni.org:names:77379177-1,(Dempster) Kadereit & Schneew.,Rubiaceae Galium hatschbachii Dempster,(Dempster),939097-1,,,75(2)-e70119: 24,,,,,,,,,,,,24/04/2026 11:07,24/04/2026 11:09,,,Rubiaceae,Trichogalium hatschbachii,Trichogalium hatschbachii,Trichogalium,,f,f,,,,,,,,,,,,,,,,,,,,,,,,,,,,,35479-1,Taxon,urn:lsid:ipni.org:publications:812-2,2026,2026 [30 Mar 2026],[30 Mar 2026],Kadereit & Schneew.,spec.,Taxon 75(2)-e70119: 24. 2026 [30 Mar 2026] ,,doi:10.1002/tax.70119,,,11,hatschbachii,,,f,t,,,,,,,Dempster@13058-1@3@bas$Kadereit@14763-1@1@aut$Schneew.@20008845-1@2@aut,,,comb. nov.,,1.2,f,trichogalium~hatschbachii,rubiaceaetrichogalium~hatschbachii~,,577,wfo-1000089827,,species,,,,
urn:lsid:ipni.org:names:77379178-1,(Dempster & Ehrend.) Kadereit & Schneew.,Rubiaceae Galium hilendiae Dempster & Ehrend.,(Dempster & Ehrend.),107055-2,,,75(2)-e70119: 24,,,,,,,,,,,,24/04/2026 11:08,24/04/2026 11:08,,,Rubiaceae,Trichogalium hilendiae,Trichogalium hilendiae,Trichogalium,,f,f,,,,,,,,,,,,,,,,,,,,,,,,,,,,,35479-1,Taxon,urn:lsid:ipni.org:publications:812-2,2026,2026 [30 Mar 2026],[30 Mar 2026],Kadereit & Schneew.,spec.,Taxon 75(2)-e70119: 24. 2026 [30 Mar 2026] ,,doi:10.1002/tax.70119,,,11,hilendiae,,,f,t,,,,,,,Kadereit@14763-1@1@aut$Schneew.@20008845-1@2@aut$Ehrend.@2483-1@4@bas$Dempster@13058-1@3@bas,,,comb. nov.,,1.1,f,trichogalium~hilendiae,rubiaceaetrichogalium~hilendiae~,,578,wfo-1000089828,,species,,,,
urn:lsid:ipni.org:names:77379179-1,(B.L.Turner) Kadereit & Schneew.,Rubiaceae Galium hintoniorum B.L.Turner,(B.L.Turner),302257-2,,,75(2)-e70119: 24,,,,,,,,,,,,24/04/2026 11:10,24/04/2026 11:10,,,Rubiaceae,Trichogalium hintoniorum,Trichogalium hintoniorum,Trichogalium,,f,f,,,,,,,,,,,,,,,,,,,,,,,,,,,,,35479-1,Taxon,urn:lsid:ipni.org:publications:812-2,2026,2026 [30 Mar 2026],[30 Mar 2026],Kadereit & Schneew.,spec.,Taxon 75(2)-e70119: 24. 2026 [30 Mar 2026] ,,doi:10.1002/tax.70119,,,11,hintoniorum,,,f,t,,,,,,,B.L.Turner@10915-1@3@bas$Kadereit@14763-1@1@aut$Schneew.@20008845-1@2@aut,,,comb. nov.,,1.1,f,trichogalium~hintoniorum,rubiaceaetrichogalium~hintoniorum~,,579,wfo-1000089829,,species,,,,
urn:lsid:ipni.org:names:77379180-1,U.G.Fern. & Kameyama,,,,,,[early view]: [8 of 12],,,,,,,,,,,,24/04/2026 11:10,24/04/2026 11:10,,,Acanthaceae,Ruellia fatimae,Ruellia fatimae,Ruellia,,f,f,,,,,,,,,,,,,,,,,,,,,,,,,,,,,326011-2,Brittonia,urn:lsid:ipni.org:publications:561-2,2026,2026 [17 Apr 2026],[17 Apr 2026],U.G.Fern. & Kameyama,spec.,Brittonia [early view]: [8 of 12]. 2026 [17 Apr 2026] ,,"doi:10.1007/s12228-026-09877-y  Etymology: the specific epithet honours the memory of the late Fátima Otavina de Souza-Buturi, a Brazilian botanist and dear of the authors, who inspired and mentored several biologists and botanists.",55493-1,,9,fatimae,,,f,t,,,,,,,Kameyama@36782-1@2@aut$U.G.Fern.@20073877-1@1@aut,,,nom. nov.,,1.1,f,ruellia~fatimae,acanthaceaeruellia~fatimae~,,580,wfo-1000089830,,species,,,,
urn:lsid:ipni.org:names:77379181-1,(Ruiz & Pav.) Kadereit & Schneew.,Rubiaceae Galium hirsutum Ruiz & Pav.,(Ruiz & Pav.),750010-1,,,75(2)-e70119: 24,,,,,,,,,,,,24/04/2026 11:11,24/04/2026 11:11,,,Rubiaceae,Trichogalium hirsutum,Trichogalium hirsutum,Trichogalium,,f,f,,,,,,,,,,,,,,,,,,,,,,,,,,,,,35479-1,Taxon,urn:lsid:ipni.org:publications:812-2,2026,2026 [30 Mar 2026],[30 Mar 2026],Kadereit & Schneew.,spec.,Taxon 75(2)-e70119: 24. 2026 [30 Mar 2026] ,,doi:10.1002/tax.70119,,,11,hirsutum,,,f,t,,,,,,,Kadereit@14763-1@1@aut$Ruiz@8735-1@3@bas$Schneew.@20008845-1@2@aut$Pav.@7422-1@4@bas,,,comb. nov.,,1.1,f,trichogalium~hirsutum,rubiaceaetrichogalium~hirsutum~,,581,wfo-1000089831,,species,,,,
urn:lsid:ipni.org:names:77379182-1,(Req. ex DC.) Kadereit & Schneew.,Rubiaceae Galium hirtiflorum Req. ex DC.,(Req. ex DC.),750013-1,,,75(2)-e70119: 24,,,,,,,,,,,,24/04/2026 11:12,24/04/2026 11:12,,,Rubiaceae,Trichogalium hirtiflorum,Trichogalium hirtiflorum,Trichogalium,,f,f,,,,,,,,,,,,,,,,,,,,,,,,,,,,,35479-1,Taxon,urn:lsid:ipni.org:publications:812-2,2026,2026 [30 Mar 2026],[30 Mar 2026],Kadereit & Schneew.,spec.,Taxon 75(2)-e70119: 24. 2026 [30 Mar 2026] ,,doi:10.1002/tax.70119,,,11,hirtiflorum,,,f,t,,,,,,,Req.@8299-1@3@bas$Schneew.@20008845-1@2@aut$DC.@16855-1@4@basEx$Kadereit@14763-1@1@aut,,,comb. nov.,,1.1,f,trichogalium~hirtiflorum,rubiaceaetrichogalium~hirtiflorum~,,582,wfo-1000089832,,species,,,,
urn:lsid:ipni.org:names:77379183-1,(Lam.) Kadereit & Schneew.,Rubiaceae Galium hirtum Lam.,(Lam.),750014-1,,,75(2)-e70119: 24,,,,,,,,,,,,24/04/2026 11:13,24/04/2026 11:13,,,Rubiaceae,Trichogalium hirtum,Trichogalium hirtum,Trichogalium,,f,f,,,,,,,,,,,,,,,,,,,,,,,,,,,,,35479-1,Taxon,urn:lsid:ipni.org:publications:812-2,2026,2026 [30 Mar 2026],[30 Mar 2026],Kadereit & Schneew.,spec.,Taxon 75(2)-e70119: 24. 2026 [30 Mar 2026] ,,doi:10.1002/tax.70119,,,11,hirtum,,,f,t,,,,,,,Schneew.@20008845-1@2@aut$Lam.@5227-1@3@bas$Kadereit@14763-1@1@aut,,,comb. nov.,,1.1,f,trichogalium~hirtum,rubiaceaetrichogalium~hirtum~,,583,wfo-1000089833,,species,,,,
urn:lsid:ipni.org:names:77379184-1,(Michx.) Kadereit & Schneew.,Rubiaceae Galium hispidulum Michx.,(Michx.),750017-1,,,75(2)-e70119: 24,,,,,,,,,,,,24/04/2026 11:14,24/04/2026 11:14,,,Rubiaceae,Trichogalium hispidulum,Trichogalium hispidulum,Trichogalium,,f,f,,,,,,,,,,,,,,,,,,,,,,,,,,,,,35479-1,Taxon,urn:lsid:ipni.org:publications:812-2,2026,2026 [30 Mar 2026],[30 Mar 2026],Kadereit & Schneew.,spec.,Taxon 75(2)-e70119: 24. 2026 [30 Mar 2026] ,,doi:10.1002/tax.70119,,,11,hispidulum,,,f,t,,,,,,,Michx.@6431-1@3@bas$Kadereit@14763-1@1@aut$Schneew.@20008845-1@2@aut,,,comb. nov.,,1.1,f,trichogalium~hispidulum,rubiaceaetrichogalium~hispidulum~,,584,wfo-1000089834,,species,,,,
urn:lsid:ipni.org:names:77379185-1,(Dempster) Kadereit & Schneew.,Rubiaceae Galium huancavelicum Dempster,(Dempster),107061-2,,,75(2)-e70119: 24,,,,,,,,,,,,24/04/2026 11:15,24/04/2026 11:15,,,Rubiaceae,Trichogalium huancavelicum,Trichogalium huancavelicum,Trichogalium,,f,f,,,,,,,,,,,,,,,,,,,,,,,,,,,,,35479-1,Taxon,urn:lsid:ipni.org:publications:812-2,2026,2026 [30 Mar 2026],[30 Mar 2026],Kadereit & Schneew.,spec.,Taxon 75(2)-e70119: 24. 2026 [30 Mar 2026] ,,doi:10.1002/tax.70119,,,11,huancavelicum,,,f,t,,,,,,,Schneew.@20008845-1@2@aut$Kadereit@14763-1@1@aut$Dempster@13058-1@3@bas,,,comb. nov.,,1.1,f,trichogalium~huancavelicum,rubiaceaetrichogalium~huancavelicum~,,585,wfo-1000089835,,species,,,,
urn:lsid:ipni.org:names:77379186-1,(Cham. & Schltdl.) Kadereit & Schneew.,Rubiaceae Galium humile Cham. & Schltdl.,(Cham. & Schltdl.),750034-1,,,75(2)-e70119: 24,,,,,,,,,,,,24/04/2026 11:16,24/04/2026 11:16,,,Rubiaceae,Trichogalium humile,Trichogalium humile,Trichogalium,,f,f,,,,,,,,,,,,,,,,,,,,,,,,,,,,,35479-1,Taxon,urn:lsid:ipni.org:publications:812-2,2026,2026 [30 Mar 2026],[30 Mar 2026],Kadereit & Schneew.,spec.,Taxon 75(2)-e70119: 24. 2026 [30 Mar 2026] ,,doi:10.1002/tax.70119,,,11,humile,,,f,t,,,,,,,Cham.@1504-1@3@bas$Schltdl.@9114-1@4@bas$Kadereit@14763-1@1@aut$Schneew.@20008845-1@2@aut,,,comb. nov.,,1.1,f,trichogalium~humile,rubiaceaetrichogalium~humile~,,586,wfo-1000089836,,species,,,,
urn:lsid:ipni.org:names:77379187-1,(M.L.Porto & Ehrend.) Kadereit & Schneew.,Rubiaceae Relbunium humilioides M.L.Porto & Ehrend.,(M.L.Porto & Ehrend.),764516-1,,,75(2)-e70119: 24,,,,,,,,,,,,24/04/2026 11:17,24/04/2026 11:17,,,Rubiaceae,Trichogalium humilioides,Trichogalium humilioides,Trichogalium,,f,f,,,,,,,,,,,,,,,,,,,,,,,,,,,,,35479-1,Taxon,urn:lsid:ipni.org:publications:812-2,2026,2026 [30 Mar 2026],[30 Mar 2026],Kadereit & Schneew.,spec.,Taxon 75(2)-e70119: 24. 2026 [30 Mar 2026] ,,doi:10.1002/tax.70119,,,11,humilioides,,,f,t,,,,,,,Schneew.@20008845-1@2@aut$Ehrend.@2483-1@4@bas$Kadereit@14763-1@1@aut$M.L.Porto@7869-1@3@bas,,,comb. nov.,,1.1,f,trichogalium~humilioides,rubiaceaetrichogalium~humilioides~,,587,wfo-1000089837,,species,,,,
urn:lsid:ipni.org:names:77379188-1,(Pamp.) Kadereit & Schneew.,Rubiaceae Galium hupehense Pamp.,(Pamp.),750036-1,,,75(2)-e70119: 24,,,,,,,,,,,,24/04/2026 11:17,24/04/2026 11:17,,,Rubiaceae,Trichogalium hupehense,Trichogalium hupehense,Trichogalium,,f,f,,,,,,,,,,,,,,,,,,,,,,,,,,,,,35479-1,Taxon,urn:lsid:ipni.org:publications:812-2,2026,2026 [30 Mar 2026],[30 Mar 2026],Kadereit & Schneew.,spec.,Taxon 75(2)-e70119: 24. 2026 [30 Mar 2026] ,,doi:10.1002/tax.70119,,,11,hupehense,,,f,t,,,,,,,Pamp.@7298-1@3@bas$Kadereit@14763-1@1@aut$Schneew.@20008845-1@2@aut,,,comb. nov.,,1.1,f,trichogalium~hupehense,rubiaceaetrichogalium~hupehense~,,588,wfo-1000089838,,species,,,,
urn:lsid:ipni.org:names:77379189-1,(L.) Kadereit & Schneew.,Rubiaceae Valantia hypocarpia L.,(L.),769664-1,,,75(2)-e70119: 24,,,,,,,,,,,,24/04/2026 11:18,24/04/2026 11:18,,,Rubiaceae,Trichogalium hypocarpium,Trichogalium hypocarpium,Trichogalium,,f,f,,,,,,,,,,,,,,,,,,,,,,,,,,,,,35479-1,Taxon,urn:lsid:ipni.org:publications:812-2,2026,2026 [30 Mar 2026],[30 Mar 2026],Kadereit & Schneew.,spec.,Taxon 75(2)-e70119: 24. 2026 [30 Mar 2026] ,,doi:10.1002/tax.70119,,,11,hypocarpium,,,f,t,,,,,,,Kadereit@14763-1@1@aut$Schneew.@20008845-1@2@aut$L.@12653-1@3@bas,,,comb. nov.,,1.1,f,trichogalium~hypocarpium,rubiaceaetrichogalium~hypocarpium~,,589,wfo-1000089839,,species,,,,
urn:lsid:ipni.org:names:77379190-1,(A.Gray) Kadereit & Schneew.,Rubiaceae Galium hypotrichium A.Gray,(A.Gray),750044-1,,,75(2)-e70119: 24,,,,,,,,,,,,24/04/2026 11:19,24/04/2026 11:19,,,Rubiaceae,Trichogalium hypotrichium,Trichogalium hypotrichium,Trichogalium,,f,f,,,,,,,,,,,,,,,,,,,,,,,,,,,,,35479-1,Taxon,urn:lsid:ipni.org:publications:812-2,2026,2026 [30 Mar 2026],[30 Mar 2026],Kadereit & Schneew.,spec.,Taxon 75(2)-e70119: 24. 2026 [30 Mar 2026] ,,doi:10.1002/tax.70119,,,11,hypotrichium,,,f,t,,,,,,,Kadereit@14763-1@1@aut$Schneew.@20008845-1@2@aut$A.Gray@19574-1@3@bas,,,comb. nov.,,1.1,f,trichogalium~hypotrichium,rubiaceaetrichogalium~hypotrichium~,,590,wfo-1000089840,,species,,,,
urn:lsid:ipni.org:names:77379191-1,(Greenm.) Kadereit & Schneew.,Rubiaceae Galium hystricocarpum Greenm.,(Greenm.),107075-2,,,75(2)-e70119: 24,,,,,,,,,,,,24/04/2026 11:20,24/04/2026 11:20,,,Rubiaceae,Trichogalium hystricocarpum,Trichogalium hystricocarpum,Trichogalium,,f,f,,,,,,,,,,,,,,,,,,,,,,,,,,,,,35479-1,Taxon,urn:lsid:ipni.org:publications:812-2,2026,2026 [30 Mar 2026],[30 Mar 2026],Kadereit & Schneew.,spec.,Taxon 75(2)-e70119: 24. 2026 [30 Mar 2026] ,,doi:10.1002/tax.70119,,,11,hystricocarpum,,,f,t,,,,,,,Greenm.@3368-1@3@bas$Schneew.@20008845-1@2@aut$Kadereit@14763-1@1@aut,,,comb. nov.,,1.1,f,trichogalium~hystricocarpum,rubiaceaetrichogalium~hystricocarpum~,,591,wfo-1000089841,,species,,,,
urn:lsid:ipni.org:names:77379192-1,Bruyns,,,,,,42: 142,,29,,8,,2321,1993,,McLeish,,,24/04/2026 12:15,24/04/2026 12:15,"Oman (Arabian Peninsula, Asia-Temperate);Yemen (Arabian Peninsula, Asia-Temperate);",E,Asclepiadaceae,Cynanchum macleishii,Cynanchum macleishii,Cynanchum,,f,f,,,,,,,,17,17,,"Oman: Dhofar, 17 km along road from Ashinhaib to Zayk, ca. 500 m",54,13,,,,,,,N,,,,,,,,,30401855-2,Symb. Bot. Upsal.,urn:lsid:ipni.org:publications:2969-2,2026,2026 [Apr 2026],[Apr 2026],Bruyns,spec.,Symb. Bot. Upsal. 42: 142. 2026 [Apr 2026] ,,,,,11,macleishii,,,f,t,,holotype E E00121955,,,,,Bruyns@13152-1@1@aut,,,tax. nov.,,1.1,f,cynanchum~macleishii,asclepiadaceaecynanchum~macleishii~,,592,wfo-1000089842,,species,,,,
urn:lsid:ipni.org:names:77379193-1,Bruyns,,,,,,42: 163,,,,,,10264,,,Bruyns,,,24/04/2026 12:19,24/04/2026 12:19,"Yemen (Arabian Peninsula, Asia-Temperate)",,Asclepiadaceae,Ceropegia arabica var. barbigeroides,Ceropegia arabica var. barbigeroides,Ceropegia,,f,f,,,,,barbigeroides,,,,,,Below At Turbah on track to Wadi M'Aden,,,,,,,,,,,,,,,,,,95450-1,Symb. Bot. Upsal.,urn:lsid:ipni.org:publications:2969-2,2026,2026 [Apr 2026],[Apr 2026],Bruyns,var.,Symb. Bot. Upsal. 42: 163. 2026 [Apr 2026] ,,,,,11,arabica,H.Huber,,f,t,,holotype E,,,,,Bruyns@13152-1@1@aut,H.Huber@4196-1@1@aut,,tax. nov.,,1.1,f,ceropegia~arabicabarbigeroides,asclepiadaceaeceropegia~arabicabarbigeroides,,593,wfo-1200118300,,variety,,,,
urn:lsid:ipni.org:names:77379194-1,Bruyns,,,,,,42: 178,,,,,,,,,,,,24/04/2026 12:22,24/04/2026 12:22,,,Asclepiadaceae,Ceropegia neodeflersiana,Ceropegia neodeflersiana,Ceropegia,,f,f,,,,,,,,,,,,,,,,,,,,,,,,,,,,,328162-2,Symb. Bot. Upsal.,urn:lsid:ipni.org:publications:2969-2,2026,2026 [Apr 2026],[Apr 2026],Bruyns,spec.,Symb. Bot. Upsal. 42: 178. 2026 [Apr 2026] ,,,950896-1,,9,neodeflersiana,,,f,t,,,,,,,Bruyns@13152-1@1@aut,,,nom. et stat. nov.,,1.1,f,ceropegia~neodeflersiana,asclepiadaceaeceropegia~neodeflersiana~,,594,wfo-1000089843,,species,,,,
urn:lsid:ipni.org:names:77379195-1,Bruyns,,,,,,42: 188,,28,,9,,16087,1998,,Miller,,,24/04/2026 12:25,24/04/2026 12:25,"Socotra (Northeast Tropical Africa, Africa)",,Asclepiadaceae,Ceropegia platytihamana,Ceropegia platytihamana,Ceropegia,,f,f,,,,,,,,,,,Dixsan plateau,,,,,,,,,,,,,,,,,,328162-2,Symb. Bot. Upsal.,urn:lsid:ipni.org:publications:2969-2,2026,2026 [Apr 2026],[Apr 2026],Bruyns,spec.,Symb. Bot. Upsal. 42: 188. 2026 [Apr 2026] ,,,,,11,platytihamana,,,f,t,,holotype E,,,,,Bruyns@13152-1@1@aut,,,tax. nov.,,1.1,f,ceropegia~platytihamana,asclepiadaceaeceropegia~platytihamana~,,595,wfo-1000089844,,species,,,,
urn:lsid:ipni.org:names:77379196-1,(Plowes) Bruyns,Asclepiadaceae Sulcolluma Plowes,(Plowes),986802-1,,,42: 212,,,,,,,,,,,,24/04/2026 12:29,24/04/2026 12:29,,,Asclepiadaceae,Ceropegia sect. Sulcolluma,Ceropegia sect. Sulcolluma,Ceropegia,,f,f,,,,sulcolluma,,,,,,,,,,,,,,,,,,,,,,,,,328162-2,Symb. Bot. Upsal.,urn:lsid:ipni.org:publications:2969-2,2026,2026 [Apr 2026],[Apr 2026],Bruyns,sect.,Symb. Bot. Upsal. 42: 212. 2026 [Apr 2026] ,,,,,11,,,,f,t,,,,,,,Bruyns@13152-1@1@aut$Plowes@24918-1@2@bas,,,comb. et stat. nov.,,1.1,f,ceropegiasulcolluma,asclepiadaceaeceropegiasulcolluma~~,,596,wfo-1000089845,,section,,,,
urn:lsid:ipni.org:names:77379197-1,(P.R.O.Bally) Bruyns,Asclepiadaceae Pseudolithos P.R.O.Bally,(P.R.O.Bally),326033-2,,,42: 222,,,,,,,,,,,,24/04/2026 12:41,24/04/2026 12:41,,,Asclepiadaceae,Ceropegia sect. Pseudolithos,Ceropegia sect. Pseudolithos,Ceropegia,,f,f,,,,pseudolithos,,,,,,,,,,,,,,,,,,,,,,,,,328162-2,Symb. Bot. Upsal.,urn:lsid:ipni.org:publications:2969-2,2026,2026 [Apr 2026],[Apr 2026],Bruyns,sect.,Symb. Bot. Upsal. 42: 222. 2026 [Apr 2026] ,,,,,11,,,,f,t,,,,,,,P.R.O.Bally@434-1@2@bas$Bruyns@13152-1@1@aut,,,comb. et stat. nov.,,1.1,f,ceropegiapseudolithos,asclepiadaceaeceropegiapseudolithos~~,,597,wfo-1000089846,,section,,,,
urn:lsid:ipni.org:names:77379198-1,Bruyns,,,,,,42: 238,,,,11,,107,1989,,Blendinger sub Jonkers,,,24/04/2026 12:44,24/04/2026 12:44,"Oman (Arabian Peninsula, Asia-Temperate)",,Asclepiadaceae,Ceropegia flava subsp. hajarica,Ceropegia flava subsp. hajarica,Ceropegia,,f,f,,,,,hajarica,,,,,,"Wadi Alwa, 1000 m",,,,,,,,,,,,,,,,,,77166050-1,Symb. Bot. Upsal.,urn:lsid:ipni.org:publications:2969-2,2026,2026 [Apr 2026],[Apr 2026],Bruyns,subsp.,Symb. Bot. Upsal. 42: 238. 2026 [Apr 2026] ,,,,,11,flava,(N.E.Br.) Bruyns,,f,t,,holotype ON;isotype K,,,,,Bruyns@13152-1@1@aut,Bruyns@13152-1@1@aut$N.E.Br.@1191-1@2@bas,,tax. nov.,,1.1,f,ceropegia~flavahajarica,asclepiadaceaeceropegia~flavahajarica,,598,wfo-1200118301,,subspecies,,,,
urn:lsid:ipni.org:names:77379199-1,(Mosti & Raffaelli) Bruyns,Asclepiadaceae Desmidorchis tardellii Mosti & Raffaelli,(Mosti & Raffaelli),77065325-1,,,42: 239,,,,,,,,,,,,24/04/2026 12:46,24/04/2026 12:46,,,Asclepiadaceae,Ceropegia flava subsp. tardellii,Ceropegia flava subsp. tardellii,Ceropegia,,f,f,,,,,tardellii,,,,,,,,,,,,,,,,,,,,,,,,77166050-1,Symb. Bot. Upsal.,urn:lsid:ipni.org:publications:2969-2,2026,2026 [Apr 2026],[Apr 2026],Bruyns,subsp.,Symb. Bot. Upsal. 42: 239. 2026 [Apr 2026] ,,,,,11,flava,(N.E.Br.) Bruyns,,f,t,,,,,,,Raffaelli@14492-1@3@bas$Mosti@38840-1@2@bas$Bruyns@13152-1@1@aut,Bruyns@13152-1@1@aut$N.E.Br.@1191-1@2@bas,,comb. et stat. nov.,,1.1,f,ceropegia~flavatardellii,asclepiadaceaeceropegia~flavatardellii,,599,wfo-1200118302,,subspecies,,,,
urn:lsid:ipni.org:names:77379200-1,(Plowes) Bruyns,Asclepiadaceae Crenulluma collenetteae Plowes,(Plowes),77144128-1,,,42: 244,,,,,,,,,,,,24/04/2026 13:01,24/04/2026 13:01,,,Asclepiadaceae,Ceropegia collenetteae,Ceropegia collenetteae,Ceropegia,,f,f,,,,,,,77357229-1,,,,,,,,nom. illeg. later homonym,,nom. illeg.,,,,,,,,,,,,328162-2,Symb. Bot. Upsal.,urn:lsid:ipni.org:publications:2969-2,2026,2026 [Apr 2026],[Apr 2026],Bruyns,spec.,Symb. Bot. Upsal. 42: 244. 2026 [Apr 2026] ,,,,,13,collenetteae,,,f,t,,,,,,,Plowes@24918-1@2@bas$Bruyns@13152-1@1@aut,,,comb. nov.,,1.1,f,ceropegia~collenetteae,asclepiadaceaeceropegia~collenetteae~,,600,wfo-1200118321,,species,,,,
urn:lsid:ipni.org:names:77379201-1,(Forssk.) Bruyns,Asclepiadaceae Stapelia subulata Forssk.,(Forssk.),101805-1,,,42: 252,,,,,,,,,,,,24/04/2026 13:03,24/04/2026 13:03,,,Asclepiadaceae,Ceropegia subulata,Ceropegia subulata,Ceropegia,,f,f,,,,,,,,,,,,,,,,,,,,,,,,,,,,,328162-2,Symb. Bot. Upsal.,urn:lsid:ipni.org:publications:2969-2,2026,2026 [Apr 2026],[Apr 2026],Bruyns,spec.,Symb. Bot. Upsal. 42: 252. 2026 [Apr 2026] ,,,,,11,subulata,,,f,t,,,,,,,Forssk.@12502-1@2@bas$Bruyns@13152-1@1@aut,,,comb. nov.,,1.1,f,ceropegia~subulata,asclepiadaceaeceropegia~subulata~,,601,wfo-1000089847,,species,,,,
urn:lsid:ipni.org:names:77379202-1,(Bruyns) Bruyns,Asclepiadaceae Echidnopsis scutellata A.Berger subsp. dhofarensis Bruyns,(Bruyns),950687-1,,,42: 288,,,,,,,,,,,,24/04/2026 13:06,24/04/2026 13:06,,,Asclepiadaceae,Ceropegia dhofarensis,Ceropegia dhofarensis,Ceropegia,,f,f,,,,,,,,,,,,,,,,,,,,,,,,,,,,,328162-2,Symb. Bot. Upsal.,urn:lsid:ipni.org:publications:2969-2,2026,2026 [Apr 2026],[Apr 2026],Bruyns,spec.,Symb. Bot. Upsal. 42: 288. 2026 [Apr 2026] ,,,,,11,dhofarensis,,,f,t,,,,,,,Bruyns@13152-1@1@aut$Bruyns@13152-1@2@bas,,,comb. et stat. nov.,,1.1,f,ceropegia~dhofarensis,asclepiadaceaeceropegia~dhofarensis~,,602,wfo-1000089848,,species,,,,
urn:lsid:ipni.org:names:77379203-1,(Balf.f.) Bruyns,Asclepiadaceae Marsdenia robusta Balf.f.,(Balf.f.),99274-1,,,42: 340,,,,,,,,,,,,24/04/2026 13:08,24/04/2026 13:08,,,Asclepiadaceae,Stephanotis robusta,Stephanotis robusta,Stephanotis,,f,f,,,,,,,,,,,,,,,,,,,,,,,,,,,,,30089192-2,Symb. Bot. Upsal.,urn:lsid:ipni.org:publications:2969-2,2026,2026 [Apr 2026],[Apr 2026],Bruyns,spec.,Symb. Bot. Upsal. 42: 340. 2026 [Apr 2026] ,,,,,11,robusta,,,f,t,,,,,,,Balf.f.@423-1@2@bas$Bruyns@13152-1@1@aut,,,comb. nov.,,1.1,f,stephanotis~robusta,asclepiadaceaestephanotis~robusta~,,603,wfo-1000089849,,species,,,,
urn:lsid:ipni.org:names:77379204-1,"C.W.Lin, V.C.Nguyen, Vuong & Aver.",,,,,,752(3): 229,,27,,9,,BV 1958,2025,,"Nguyen Van Canh, Nguyen Van Khuong, Nguyen Thi Hoa, Truong Ba Vuong",,,24/04/2026 13:18,24/04/2026 13:18,"Vietnam (Indo-China, Asia-Tropical)",,Begoniaceae,Begonia hanhhoae,Begonia hanhhoae,Begonia,,f,f,,,,,,,,,,,"Khanh Hoa Province: Ninh Hoa District, Ninh Sim Commune",,,,,,,,,,,,,,,,,,327437-2,Phytotaxa,urn:lsid:ipni.org:publications:20011462-1,2026,2026 [23 Apr 2026],[23 Apr 2026],"C.W.Lin, V.C.Nguyen, Vuong & Aver.",spec.,Phytotaxa 752(3): 229. 2026 [23 Apr 2026] ,,doi:10.11646/phytotaxa.752.3.5 Etymology: 'The epithet is in honour of Mrs. Ha Thi Hanh Hoa who firstly found the species.',,,11,hanhhoae,,,f,t,,holotype VNM VNM00075805;isotype VNM VNM00075806;isotype LE 01204151,,,,,C.W.Lin@20027529-1@1@aut$V.C.Nguyen@20033599-1@2@aut$Aver.@14590-1@4@aut$Vuong@20023999-1@3@aut,,,tax. nov.,,1.1,f,begonia~hanhhoae,begoniaceaebegonia~hanhhoae~,,604,wfo-1000089850,,species,,,,
urn:lsid:ipni.org:names:77379205-1,Teof.,,,,,,752(3): 236,,17,,7,,,2025,,A.Teofilovski,,,24/04/2026 13:27,24/04/2026 13:27,"Macedonia (Yugoslavia, Southeastern Europe, Europe)",E,Asteraceae,Hieracium todorovskii,Hieracium todorovskii,Hieracium,,f,f,,,,,,,,40,57,32,"Baba Mt., right side of Sapundžica River valley, 1705 m",21,13,46,,,,,,N,,,,,,,,,330082-2,Phytotaxa,urn:lsid:ipni.org:publications:20011462-1,2026,2026 [23 Apr 2026],[23 Apr 2026],Teof.,spec.,Phytotaxa 752(3): 236. 2026 [23 Apr 2026] ,,"doi:10.11646/phytotaxa.752.3.6 Etymology: 'The name of the new species honours the Macedonian botanist Aleksandar Todorovski (1923-1984), a prominent researcher of the flora of Baba Mt. and adjacent areas.'",,,10,todorovskii,,,f,t,,holotype MKNH 071920;isotype herb. A.Teofilovski;isotype HMMNH,,,,,Teof.@20067622-1@1@aut,,,tax. nov.,,1.1,f,hieracium~todorovskii,asteraceaehieracium~todorovskii~,,605,wfo-1000089851,,species,,,,
urn:lsid:ipni.org:names:77379206-1,A.Haines,,,,,,21: 3,,,,,,s.n.,,,Haines and Vining,,,24/04/2026 15:02,24/04/2026 15:08,"Connecticut (Northeastern U.S.A., Northern America);Maine (Northeastern U.S.A., Northern America);Massachusetts (Northeastern U.S.A., Northern America);New Brunswick (Eastern Canada, Northern America);Québec (Eastern Canada, Northern America);Vermont (Northeastern U.S.A., Northern America);",,Asteraceae,Artemisia canadensis subsp. saxorum,Artemisia canadensis subsp. saxorum,Artemisia,,f,f,,,,,saxorum,,,,,,"Maine: Penobscot County. Mattawamkeag, circumneutral shoreline outcrops of the Mattawamkeag River, at Slewgundy Heater",,,,,,,,,,,,,,,,,,20568-2,Bot. Notes,urn:lsid:ipni.org:publications:20002764-2,2026,2026 [6 Apr 2026],[6 Apr 2026],A.Haines,subsp.,Bot. Notes 21: 3. 2026 [6 Apr 2026] ,,"Etymology: 'Saxorum means 'of rocks', alluding to the substrate this taxon is usually found growing upon.'",,,11,canadensis,Michx.,,f,t,,holotype GH;isotype MAINE;isotype NEBC;isotype VT,,,,,A.Haines@39574-1@1@aut,Michx.@6431-1@1@aut,,tax. nov.,,1.2,f,artemisia~canadensissaxorum,asteraceaeartemisia~canadensissaxorum,,606,wfo-1200118303,,subspecies,,,,
urn:lsid:ipni.org:names:77379212-1,Dunkel,,,,,,13: 12,,27,,4,,,2024,,F.G.Dunkel,,,24/04/2026 16:27,24/04/2026 16:27,"Czech Republic (Czechoslovakia, Middle Europe, Europe)",E,Ranunculaceae,Ranunculus kirschneri,Ranunculus kirschneri,Ranunculus,,f,f,,,,,,,,49,50,15,"Bohemia, 6153.3, district of Benešov, Lešany village, Břežany, bordered by Horní Návesník Pond in the east, 315 m",14,31,34,,,,,,N,,,,,,,,,30002060-2,Forum Geobot.,urn:lsid:ipni.org:publications:20005673-1,2026,2026 [12 Mar 2026],[12 Mar 2026],Dunkel,spec.,Forum Geobot. 13: 12. 2026 [12 Mar 2026] ,,"doi:10.3264/FG.2026.0312 Etymology: the specific epithet is named in honour of Czech botanist Jan Kirschner, who originally found this species.",,,10,kirschneri,,,f,t,,holotype PR;isotype GOET;isotype M;isotype DU DU-42298,,,,,Dunkel@39858-1@1@aut,,,tax. nov.,,1.1,f,ranunculus~kirschneri,ranunculaceaeranunculus~kirschneri~,,607,wfo-1000089852,,species,,,,
urn:lsid:ipni.org:names:77379213-1,Dunkel,,,,,,13: 13,,27,,4,,,2024,,F.G.Dunkel,,,24/04/2026 16:32,24/04/2026 16:32,"Czech Republic (Czechoslovakia, Middle Europe, Europe)",E,Ranunculaceae,Ranunculus pseudorubricaulis,Ranunculus pseudorubricaulis,Ranunculus,,f,f,,,,,,,,49,50,15,"Bohemia, 6153.3, district of Benešov, Lešany village, Břežany, bordered by Horní Návesník Pond in the east, 315 m",14,31,34,,,,,,N,,,,,,,,,30002060-2,Forum Geobot.,urn:lsid:ipni.org:publications:20005673-1,2026,2026 [12 Mar 2026],[12 Mar 2026],Dunkel,spec.,Forum Geobot. 13: 13. 2026 [12 Mar 2026] ,,doi:10.3264/FG.2026.0312 Etymology: the specific epithet refers to the similarity of this species with that of Ranunculus rubricaulis.,,,10,pseudorubricaulis,,,f,t,,holotype PR;isotype Herb. J.Kirschner;isotype DU DU-42299,,,,,Dunkel@39858-1@1@aut,,,tax. nov.,,1.1,f,ranunculus~pseudorubricaulis,ranunculaceaeranunculus~pseudorubricaulis~,,608,wfo-1000089853,,species,,,,
urn:lsid:ipni.org:names:77379214-1,Parra-Os.,,,,,,49(191): 356,,12,,2,,1105,2021,,"J.Franco, D.Sánchez Gómez &amp; D.Marín",,,24/04/2026 17:00,24/04/2026 17:00,"Colombia (Western South America, Southern America)",W,Myrtaceae,Myrcia segoviensis,Myrcia segoviensis,Myrcia,,f,f,,,,,,,,7,9,45,"Antioquia: Segovia, ‘mina María Elena en vereda La Pó’, 266 m",74,38,26,,,,,,N,,,,,,,,,30001220-2,Revista Acad. Colomb. Ci. Exact.,urn:lsid:ipni.org:publications:1611-2,2025,2025 [12 Jun 2025],[12 Jun 2025],Parra-Os.,spec.,Revista Acad. Colomb. Ci. Exact. 49(191): 356. 2025 [12 Jun 2025] ,,doi:10.18257/raccefyn.3192 Etymology: the specific epithet refers to the type locality.,,,11,segoviensis,,,f,t,,holotype JAUM 0090616,,,,,Parra-Os.@38623-1@1@aut,,,tax. nov.,,1.1,f,myrcia~segoviensis,myrtaceaemyrcia~segoviensis~,,609,wfo-1000089854,,species,,,,
urn:lsid:ipni.org:names:77379215-1,Gir.-Cañas,,,,,,49(191): 380,,6,,2,,16213,2012,,J.Betancur et al.,,,24/04/2026 17:11,24/04/2026 17:11,"Colombia (Western South America, Southern America)",W,Poaceae,Aulonemia antioquensis,Aulonemia antioquensis,Aulonemia,,f,f,,,,,,,,6,36,55,"Antioquia. Municipio de Abriaquí, Parque Nacional Natural Las Orquídeas, cumbres de la cuchilla de Morro Pelao, accediendo por La Mina, 3480 m",76,9,46,,,,,,N,,,,,,,,,30005462-2,Revista Acad. Colomb. Ci. Exact.,urn:lsid:ipni.org:publications:1611-2,2025,2025 [25 Jun 2025],[25 Jun 2025],Gir.-Cañas,spec.,Revista Acad. Colomb. Ci. Exact. 49(191): 380. 2025 [25 Jun 2025] ,,doi:10.18257/raccefyn.3189 Etymology: the specific epithet is named for the type locality.,,,11,antioquensis,,,f,t,,holotype COL COL-634252;isotype COL COL-634249; COL-634250; COL-634251;isotype MO MO-2996289;isotype NY NY-01393363,,,,,Gir.-Cañas@38450-1@1@aut,,,tax. nov.,,1.1,f,aulonemia~antioquensis,poaceaeaulonemia~antioquensis~,,610,wfo-1000089855,,species,,,,
urn:lsid:ipni.org:names:77379217-1,"Hern.-Cárdenas, Espejo & López-Ferr.",,,,,,"sér. 3, 48(9): 63",,8,,7,,2975,2024,,R.Hernández-Cárdenas &amp; S.Lara-Godínez,,,25/04/2026 19:29,27/04/2026 17:16,"Veracruz (Mexico Gulf, Mexico, Northern America)",W,Bromeliaceae,Hechtia atlantica,Hechtia atlantica,Hechtia,,f,f,,,,,,,,19,40,43,"Municipio Actopan, playa Villa Rica, en los acantilados de la Quebrada, c. 20 m",96,23,35,,,,,,N,,,,,,,,,30009638-2,Adansonia,urn:lsid:ipni.org:publications:833-2,2026,2026 [24 Apr 2026],[24 Apr 2026],"Hern.-Cárdenas, Espejo & López-Ferr.",spec.,"Adansonia sér. 3, 48(9): 63. 2026 [24 Apr 2026] ",,"doi:10.5252/adansonia2026v48a9 [english] Etymology: name refers to the region the new taxon inhabits, located in proximity to the Atlantic Ocean, on the coast of Gulf of Mexico.",,,11,atlantica,,,f,t,,holotype UAMIZ UAMIZ92791; UAMIZ92792; UAMIZ92793; UAMIZ92794; UAMIZ92795; UAMIZ92796;isotype XAL,,,,,López-Ferr.@36004-1@3@aut$Espejo@18561-1@2@aut$Hern.-Cárdenas@20027249-1@1@aut,,,tax. nov.,,1.3,f,hechtia~atlantica,bromeliaceaehechtia~atlantica~,,611,wfo-1000089856,,species,,,,
urn:lsid:ipni.org:names:77379218-1,Spach,,,,,,11: 160,,,,,,,,,,,,25/04/2026 23:55,25/04/2026 23:55,,,Fagaceae,Quercus sect. Erythrobalanos,Quercus sect. Erythrobalanos,Quercus,,f,f,,,,erythrobalanos,,,,,,,,,,,,,,,,,,,,,,,,,325819-2,Hist. Nat. Vég. (Spach),urn:lsid:ipni.org:publications:1284-2,1841,1841 [dt. 1842; publ. 25 Dec 1841],[dt. 1842; publ. 25 Dec 1841],Spach,sect.,Hist. Nat. Vég. (Spach) 11: 160. 1841 [dt. 1842; publ. 25 Dec 1841] ,,,,,8,,,,f,t,,,,,,,Spach@9939-1@1@aut,,,tax. nov.,,1.1,f,quercuserythrobalanos,fagaceaequercuserythrobalanos~~,,612,wfo-1000089857,,section,,,,
urn:lsid:ipni.org:names:77379219-1,C.B.Clarke,,,,,,1: 459,,,,,,,,,,,,26/04/2026 14:25,26/04/2026 14:25,"India (Indian Subcontinent, Asia-Tropical)",,Adiantaceae,Onychium japonicum var. intermedium,Onychium japonicum var. intermedium,Onychium,,f,f,,,,,intermedium,,,,,,"& Collection: 'Kumaon ; alt. 7500 feet. Sikkim; Lachen, alt. 9000—1000 feet, Sir J. D. Hooker [s,n.; s.d.]'",,,,,,,,,,,,,,,,,,17167030-1,"Trans. Linn. Soc. London, Bot.",urn:lsid:ipni.org:publications:1084-2,1880,1880,,C.B.Clarke,var.,"Trans. Linn. Soc. London, Bot. 1: 459. 1880 (as 'var. intermedia')",(as 'var. intermedia'),,,,9,japonicum,(Thunb.) Kunze,,f,t,,,,,,,C.B.Clarke@1669-1@1@aut,Kunze@21870-1@1@aut$Thunb.@10646-1@2@bas,,tax. nov.,,1.1,f,onychium~japonicumintermedium,adiantaceaeonychium~japonicumintermedium,,613,wfo-1200103982,,variety,,,,
urn:lsid:ipni.org:names:77379220-1,F.Hend.,,,,,,1(pt. 7): 459,,,,,,,,,,,,26/04/2026 14:36,26/04/2026 21:20,,,Adiantaceae,Onychium multisectum,Onychium multisectum,Onychium,,f,f,,,,,,,,,,,,,,,"nom. illeg. nom. superfl.    The article author C.B. Clarke (p. 425) mentioned; 'After the different tribes have been written out, Major Henderson has gone over the whole material at Kew with me; he has corrected several slips that I had made; and in the body of the paper I have in all cases mentioned particularly any point wherein he differs from what I have written. The present paper is therefore virtually a paper by Major Henderson and myself; but, as I have done all the writing, he declined to have it so entitled, and on p. 459, Clarke published 'Onychium japonicum var. multisecta (sp.) F. Henderson, Ms.', cited Leptostegia lucida D.Don as a synonym, and remarked '[After going through the Kew material with me, F. Henderson would still prefer to make O. multisectum a species]'",,nom. illeg.,,,,,,,,,,,,30027054-2,"Trans. Linn. Soc. London, Bot.",urn:lsid:ipni.org:publications:1084-2,1880,1880 [Feb 1880],[Feb 1880],F.Hend.,spec.,"Trans. Linn. Soc. London, Bot. 1(pt. 7): 459. 1880 [Feb 1880] ",,,17133810-1,,10,multisectum,,,f,t,,,,,,,F.Hend.@20098114-1@1@aut,,,nom. nov.,,1.3,f,onychium~multisectum,adiantaceaeonychium~multisectum~,,614,wfo-1200118322,,species,,,,
urn:lsid:ipni.org:names:77379221-1,Rodion.,,,,,,189,,,,,,,,,,,,26/04/2026 17:19,27/04/2026 20:53,,,Iridaceae,Iris ser. Ventricosae,Iris ser. Ventricosae,Iris,,f,f,,,,ventricosae,,,,,,,,,,,,,,,,,,,,,,,,,326330-2,Rod Iris,urn:lsid:ipni.org:publications:20004058-1,1961,1961,,Rodion.,ser.,Rod Iris 189. 1961 ,,"Etymology: name derives from the type species, Iris ventricosa",,,8,,,,f,t,,,Iris ventricosa Pall.,,,,Rodion.@14277-1@1@aut,,,tax. nov.,,1.3,f,irisventricosae,iridaceaeirisventricosae~~,,615,wfo-2800004681,,series,,,,
urn:lsid:ipni.org:names:77379222-1,"(Migo) M.B.Crespo, Mart.-Azorín & Mavrodiev",Iridaceae Iris cathayensis Migo,(Migo),438464-1,,,6(2)-24: 17,,,,,,,,,,,,26/04/2026 17:28,27/04/2026 20:46,,,Iridaceae,Sclerosiphon cathayensis,Sclerosiphon cathayensis,Sclerosiphon,,f,f,,,,,,,,,,,,,,,,,,,,,,,,,,,,,20479-1,Taxonomy,urn:lsid:ipni.org:publications:20028289-1,2026,2026 [23 Apr 2026],[23 Apr 2026],"M.B.Crespo, Mart.-Azorín & Mavrodiev",spec.,Taxonomy 6(2)-24: 17. 2026 [23 Apr 2026] ,,oi:10.3390/taxonomy6020024,,,11,cathayensis,,,f,t,,,,,,,Mavrodiev@38574-1@3@aut$Migo@6454-1@4@bas$M.B.Crespo@17508-1@1@aut$Mart.-Azorín@20012898-1@2@aut,,,comb. nov.,,1.2,f,sclerosiphon~cathayensis,iridaceaesclerosiphon~cathayensis~,,616,wfo-1000089858,,species,,,,
urn:lsid:ipni.org:names:77379223-1,"(Dykes) M.B.Crespo, Mart.-Azorín & Mavrodiev",Iridaceae Iris farreri Dykes,(Dykes),438584-1,,,6(2)-24: 17,,,,,,,,,,,,26/04/2026 18:26,27/04/2026 20:47,,,Iridaceae,Sclerosiphon farreri,Sclerosiphon farreri,Sclerosiphon,,f,f,,,,,,,,,,,,,,,,,,,,,,,,,,,,null:,20479-1,Taxonomy,urn:lsid:ipni.org:publications:20028289-1,2026,2026 [23 Apr 2026],[23 Apr 2026],"M.B.Crespo, Mart.-Azorín & Mavrodiev",spec.,Taxonomy 6(2)-24: 17. 2026 [23 Apr 2026] ,,doi:10.3390/taxonomy6020024,,,11,farreri,,,f,t,,,,,,,M.B.Crespo@17508-1@1@aut$Dykes@2432-1@4@bas$Mavrodiev@38574-1@3@aut$Mart.-Azorín@20012898-1@2@aut,,,comb. nov.,,1.3,f,sclerosiphon~farreri,iridaceaesclerosiphon~farreri~,,617,wfo-1000089859,,species,,,,
urn:lsid:ipni.org:names:77379224-1,"(Kitag.) M.B.Crespo, Mart.-Azorín & Mavrodiev",Iridaceae Iris kobayashii Kitag.,(Kitag.),438761-1,,,6(2)-24: 18,,,,,,,,,,,,26/04/2026 18:33,27/04/2026 20:48,,,Iridaceae,Sclerosiphon kobayashii,Sclerosiphon kobayashii,Sclerosiphon,,f,f,,,,,,,,,,,,,,,,,,,,,,,,,,,,null:,20479-1,Taxonomy,urn:lsid:ipni.org:publications:20028289-1,2026,2026 [23 Apr 2026],[23 Apr 2026],"M.B.Crespo, Mart.-Azorín & Mavrodiev",spec.,Taxonomy 6(2)-24: 18. 2026 [23 Apr 2026] ,,doi:10.3390/taxonomy6020024,,,11,kobayashii,,,f,t,,,,,,,Kitag.@4818-1@4@bas$M.B.Crespo@17508-1@1@aut$Mart.-Azorín@20012898-1@2@aut$Mavrodiev@38574-1@3@aut,,,comb. nov.,,1.3,f,sclerosiphon~kobayashii,iridaceaesclerosiphon~kobayashii~,,618,wfo-1000089860,,species,,,,
urn:lsid:ipni.org:names:77379225-1,"(Y.T.Zhao) M.B.Crespo, Mart.-Azorín & Mavrodiev",Iridaceae Iris qinghainica Y.T.Zhao,(Y.T.Zhao),439017-1,,,6(2)-24: 18,,,,,,,,,,,,26/04/2026 18:37,27/04/2026 20:49,,,Iridaceae,Sclerosiphon qinghainicum,Sclerosiphon qinghainicum,Sclerosiphon,,f,f,,,,,,,,,,,,,,,,,,,,,,,,,,,,null:,20479-1,Taxonomy,urn:lsid:ipni.org:publications:20028289-1,2026,2026 [23 Apr 2026],[23 Apr 2026],"M.B.Crespo, Mart.-Azorín & Mavrodiev",spec.,Taxonomy 6(2)-24: 18. 2026 [23 Apr 2026] ,,doi:10.3390/taxonomy6020024,,,11,qinghainicum,,,f,t,,,,,,,Mavrodiev@38574-1@3@aut$M.B.Crespo@17508-1@1@aut$Mart.-Azorín@20012898-1@2@aut$Y.T.Zhao@13847-1@4@bas,,,comb. nov.,,1.3,f,sclerosiphon~qinghainicum,iridaceaesclerosiphon~qinghainicum~,,619,wfo-1000089861,,species,,,,
urn:lsid:ipni.org:names:77379226-1,"(Rodion.) M.B.Crespo, Mart.-Azorín & Mavrodiev",Iridaceae Iris ser. Ventricosae Rodion.,(Rodion.),77379221-1,,,6(2)-24: 16,,,,,,,,,,,,26/04/2026 19:12,27/04/2026 20:45,,,Iridaceae,Sclerosiphon ser. Ventricosa,Sclerosiphon ser. Ventricosa,Sclerosiphon,,f,f,,,,ventricosa,,,,,,,,,,,,,,,,,,,,,,,,null:,20479-1,Taxonomy,urn:lsid:ipni.org:publications:20028289-1,2026,2026 [23 Apr 2026],[23 Apr 2026],"M.B.Crespo, Mart.-Azorín & Mavrodiev",ser.,Taxonomy 6(2)-24: 16. 2026 [23 Apr 2026] ,,doi:10.3390/taxonomy6020024,,,11,,,,f,t,,,,,,,M.B.Crespo@17508-1@1@aut$Rodion.@14277-1@4@bas$Mavrodiev@38574-1@3@aut$Mart.-Azorín@20012898-1@2@aut,,,comb. nov.,,1.3,f,sclerosiphonventricosa,iridaceaesclerosiphonventricosa~~,,620,wfo-1000089862,,series,,,,
urn:lsid:ipni.org:names:77379227-1,Oerst.,,,,,,1866(vol 28): 70,,,,,,,,,,,,26/04/2026 22:31,26/04/2026 22:31,,,Fagaceae,Quercus subgen. Erythrobalanus,Quercus subgen. Erythrobalanus,Quercus,,f,f,,,,erythrobalanus,,,,,,,,,,,,,,,,,,,,,,,,,325819-2,Vidensk. Meddel. Naturhist. Foren. Kjøbenhavn,urn:lsid:ipni.org:publications:1089-2,1867,1867,,Oerst.,subgen.,Vidensk. Meddel. Naturhist. Foren. Kjøbenhavn 1866(vol 28): 70. 1867 ,,,,,8,,,,f,t,,,,,,,Oerst.@24229-1@1@aut,,,tax. nov.,,1.1,f,quercuserythrobalanus,fagaceaequercuserythrobalanus~~,,621,wfo-1000089863,,subgenus,,,,
urn:lsid:ipni.org:names:77379330-1,Franch.,,,,,,1: 79,,,,,,,,,,,,27/04/2026 04:06,28/04/2026 06:28,,,Caryophyllaceae,Silene rubicunda var. revoluta,Silene rubicunda var. revoluta,Silene,,f,f,,,,,revoluta,,,,,,,,,,,,,,,,,,,,,,,,158261-1,Pl. Delavay.,urn:lsid:ipni.org:publications:1037-2,1889,1889 [Jan 1889],[Jan 1889],Franch.,var.,Pl. Delavay. 1: 79. 1889 [Jan 1889] ,,,,,8,rubicunda,Franch.,,f,t,,,,,,,Franch.@2869-1@1@aut,Franch.@2869-1@1@aut,,tax. nov.,,1.3,f,silene~rubicundarevoluta,caryophyllaceaesilene~rubicundarevoluta,,622,wfo-0001238566,,variety,,,,
urn:lsid:ipni.org:names:77379331-1,(Schltr.) Jonker,Burmanniaceae Thismia sect. Odoardoa Schltr.,(Schltr.),77304797-1,,,51: 43,,,,,,,,,,,,27/04/2026 06:13,30/04/2026 12:41,,,Burmanniaceae,Thismia subsect. Odoardoa,Thismia subsect. Odoardoa,Thismia,,f,f,,,,odoardoa,,,,,,,,,,,,,,,,,,,,,,,,null:,30015452-2,Meded. Bot. Mus. Herb. Rijks Univ. Utrecht,urn:lsid:ipni.org:publications:999-2,1938,1938 [5 Dec 1938],[5 Dec 1938],Jonker,subsect.,Meded. Bot. Mus. Herb. Rijks Univ. Utrecht 51: 43. 1938 [5 Dec 1938] ; =Monogr. Burmanniac.,; =Monogr. Burmanniac.,,,,11,,,,f,t,,,,,,,Schltr.@9117-1@2@bas$Jonker@4545-1@1@aut,,,comb. nov.,,1.4,f,thismiaodoardoa,burmanniaceaethismiaodoardoa~~,,623,wfo-1000089864,,subsection,,,,
urn:lsid:ipni.org:names:77379332-1,J.L.Gu & Z.K.Wu,,,,,,274: 63,,18,,1,,ZKWU 2026010,2026,,Zhikun Wu,,,27/04/2026 09:01,30/04/2026 15:02,"Sichuan (China South-Central, China, Asia-Temperate)",E,Primulaceae,Primula maershanensis,Primula maershanensis,Primula,,f,f,,,,,,,,32,10,52,"Guangyuan, Jiange County, Jianmenguan town, Maer Mountain, 810 m",105,33,24,,,,,,N,,,,,,,,,30005261-2,PhytoKeys,urn:lsid:ipni.org:publications:20011997-1,2026,2026 [28 Apr 2026],[28 Apr 2026],J.L.Gu & Z.K.Wu,spec.,PhytoKeys 274: 63. 2026 [28 Apr 2026] ,,"doi:10.3897/phytokeys.274.191386 [english] Etymology: name taken from the Chinese Pinyin Maershan, the county in northern Sichuan, China, where the type specimen was collected.",,,11,maershanensis,,,f,t,,holotype KUN;isotype CSH,,,,,Z.K.Wu@20017678-1@2@aut$J.L.Gu@20090288-1@1@aut,,,tax. nov.,,1.2,f,primula~maershanensis,primulaceaeprimula~maershanensis~,,624,wfo-1000089865,,species,,,,
urn:lsid:ipni.org:names:77379333-1,R.Br. ex Wight & Arn.,,,,,,428,,,,,,,,,,,,27/04/2026 10:45,27/04/2026 10:45,,,Rubiaceae,Ixora nigricans,Ixora nigricans,Ixora,,f,f,,,,,,,,,,,,,,,,,,,,,,,,,,,,,30043713-2,Prodr. Fl. Ind. Orient.,urn:lsid:ipni.org:publications:3799-2,1834,1834,,R.Br. ex Wight & Arn.,spec.,Prodr. Fl. Ind. Orient. 428. 1834 ,,,,,8,nigricans,,,f,t,,,,,,,Arn.@281-1@3@autEx$R.Br.@1192-1@1@aut$Wight@11658-1@2@autEx,,,tax. nov.,,1.1,f,ixora~nigricans,rubiaceaeixora~nigricans~,,625,wfo-0000218795,,species,,,,
urn:lsid:ipni.org:names:77379334-1,"Kumar, S.W.Gale, Ji H.Li, Bouaman. & G.A.Fisch.",,,,,,319(3): 233,,,,,,,,,,,,27/04/2026 11:12,28/04/2026 06:09,,,Burmanniaceae,Thismia sect. Glaziocharis,Thismia sect. Glaziocharis,Thismia,,f,f,,,,glaziocharis,,,974748-1,,,,,,,,nom. illeg. later homonym,,nom. illeg.,,,,,,,,,,,,30015452-2,Phytotaxa,urn:lsid:ipni.org:publications:20011462-1,2017,2017 [5 Sep 2017],[5 Sep 2017],"Kumar, S.W.Gale, Ji H.Li, Bouaman. & G.A.Fisch.",sect.,Phytotaxa 319(3): 233. 2017 [5 Sep 2017] ,,"doi:10.11646/phytotaxa.319.3.2 [english] See Nuraliev & Sennikov (2024, https://doi.org/10.11646/phytotaxa.662.1.7)",,,10,,,,f,t,,,Thismia abei (Akasawa) Hatus.,,,,Ji H.Li@40369-1@3@aut$Bouaman.@20033569-1@4@aut$G.A.Fisch.@20010039-1@5@aut$S.W.Gale@20015786-1@2@aut$Kumar@20012069-2@1@aut,,,tax. nov.,,1.3,f,thismiaglaziocharis,burmanniaceaethismiaglaziocharis~~,,626,wfo-1200118323,,section,,,,
urn:lsid:ipni.org:names:77379335-1,Nicotra,,,,,,2: 95,,,,,,,,,,,,27/04/2026 11:14,27/04/2026 11:14,,,Brassicaceae,Cardamine dubia,Cardamine dubia,Cardamine,,f,f,,,,,,,,,,,,,,,,,,,,,,,,,,,,,60436526-2,Prodr. Fl. Messan.,urn:lsid:ipni.org:publications:20064008-1,1883,1883,,Nicotra,spec.,Prodr. Fl. Messan. 2: 95. 1883 ,,,,,8,dubia,,,f,t,,,,,,,Nicotra@24065-1@1@aut,,,tax. nov.,,1.1,f,cardamine~dubia,brassicaceaecardamine~dubia~,,627,wfo-1200108847,,species,,,,
urn:lsid:ipni.org:names:77379336-1,W.E.Cooper & Joyce,,,,,,39(1): 12,,20,,11,,,2020,,W.E.Cooper &amp; A.J.Ford,,,27/04/2026 13:06,27/04/2026 13:06,"Northern Territory (Australia, Australasia);Queensland (Queensland, Australia, Australasia);",,Capparaceae,Capparis spinosa subsp. formicosa,Capparis spinosa subsp. formicosa,Capparis,,f,f,,,,,formicosa,,,,,,Queensland: Burke District: Hughenden,,,,,,,,,,,,,,,,,,146789-1,Austral. Syst. Bot.,urn:lsid:ipni.org:publications:6901-2,2026,2026 [18 Feb 2026],[18 Feb 2026],W.E.Cooper & Joyce,subsp.,Austral. Syst. Bot. 39(1): 12. 2026 [18 Feb 2026] ,,"doi:10.1071/SB25004 Etymology: 'The specific epithet is derived from the Latin formica (ant), and -osus (full of), referring to the ever present ants on all parts of these plants.'",,,10,spinosa,L.,,f,t,,holotype CNS 155749;isotype BRI;isotype CANB;isotype PERTH;isotype L;isotype M;isotype MO;isotype PR,,Isotypes to be distributed,,,W.E.Cooper@20016943-1@1@aut$Joyce@20019525-2@2@aut,L.@12653-1@1@aut,,tax. nov.,,1.1,f,capparis~spinosaformicosa,capparaceaecapparis~spinosaformicosa,,628,wfo-1200118304,,subspecies,,,,
urn:lsid:ipni.org:names:77379337-1,W.E.Cooper & Joyce,,,,,,39(1): 14,,1,,12,,2577,2018,,"W.E.Cooper, J.Pritchard &amp; B.Venables",,,27/04/2026 13:10,27/04/2026 13:10,"Queensland (Queensland, Australia, Australasia)",,Capparaceae,Capparis spinosa subsp. insularis,Capparis spinosa subsp. insularis,Capparis,,f,f,,,,,insularis,,,,,,Cook District: Restoration Rock,,,,,,,,,,,,,,,,,,146789-1,Austral. Syst. Bot.,urn:lsid:ipni.org:publications:6901-2,2026,2026 [18 Feb 2026],[18 Feb 2026],W.E.Cooper & Joyce,subsp.,Austral. Syst. Bot. 39(1): 14. 2026 [18 Feb 2026] ,,doi:10.1071/SB25004 Etymology: 'The specific epithet is derived from the Latin insularis (pertaining to islands).',,,11,spinosa,L.,,f,t,,holotype CNS 152674;isotype BRI;isotype CANB;isotype NSW;isotype L;isotype K;isotype MO;isotype P,,,,,Joyce@20019525-2@2@aut$W.E.Cooper@20016943-1@1@aut,L.@12653-1@1@aut,,tax. nov.,,1.1,f,capparis~spinosainsularis,capparaceaecapparis~spinosainsularis,,629,wfo-1200118305,,subspecies,,,,
urn:lsid:ipni.org:names:77379338-1,(Maxim.) Makino,Asteraceae Macroclinidium robustum Maxim.,(Maxim.),231516-1,,,20: 29,,,,,,,,,,,,27/04/2026 13:10,27/04/2026 13:10,,,Asteraceae,Pertya robusta,Pertya robusta,Pertya,,f,f,,,,,,,,,,,,,,,,,,,,,,,,,,,,,10450-1,Bot. Mag. (Tokyo),urn:lsid:ipni.org:publications:555-2,1906,1906 [20 Feb 1906],[20 Feb 1906],Makino,spec.,Bot. Mag. (Tokyo) 20: 29. 1906 [20 Feb 1906] ,,,,,11,robusta,,,f,t,,,,,,,Maxim.@23089-1@2@bas$Makino@6013-1@1@aut,,,comb. nov.,,1.1,f,pertya~robusta,asteraceaepertya~robusta~,,630,wfo-1200118324,,species,,,,
urn:lsid:ipni.org:names:77379339-1,W.E.Cooper,,,,,,39(1): 15,,,,,,2585,,,W.E.Cooper &amp; T.Hawkes,,,27/04/2026 13:14,27/04/2026 13:14,"Queensland (Queensland, Australia, Australasia)",,Capparaceae,Capparis xylocarpa,Capparis xylocarpa,Capparis,,f,f,,,,,,,,,,,Cook District: Roadside near Somerset,,,,,,,,,,,,,,,,,,30001561-2,Austral. Syst. Bot.,urn:lsid:ipni.org:publications:6901-2,2026,2026 [18 Feb 2026],[18 Feb 2026],W.E.Cooper,spec.,Austral. Syst. Bot. 39(1): 15. 2026 [18 Feb 2026] ,,doi:10.1071/SB25004 Etymology: 'The specific epithet is derived from the Greek xylo- (woody) and -carpos (fruit).',,,11,xylocarpa,,,f,t,,holotype CNS 151465;isotype BRI;isotype CANB;isotype DNA;isotype K;isotype L;isotype MEL;isotype MO;isotype S,,,,,W.E.Cooper@20016943-1@1@aut,,,tax. nov.,,1.1,f,capparis~xylocarpa,capparaceaecapparis~xylocarpa~,,631,wfo-1000089866,,species,,,,
urn:lsid:ipni.org:names:77379340-1,W.E.Cooper,,,,,,39(1): 17,,9,,3,,2841,2022,,W.E.Cooper &amp; J.Pritchard,,,27/04/2026 13:19,27/04/2026 13:19,"Queensland (Queensland, Australia, Australasia)",,Capparaceae,Capparis megacarpa,Capparis megacarpa,Capparis,,f,f,,,,,,,,,,,Cook District: Iron Range Research Station,,,,,,,,,,,,,,,,,,30001561-2,Austral. Syst. Bot.,urn:lsid:ipni.org:publications:6901-2,2026,2026 [18 Feb 2026],[18 Feb 2026],W.E.Cooper,spec.,Austral. Syst. Bot. 39(1): 17. 2026 [18 Feb 2026] ,,"doi:10.1071/SB25004 Etymology: 'The specific epithet is derived from the Greek megas (great or large) and karpos (fruit), referring to the especially large fruit, possibly the largest of any Capparis species worldwide.'",,,11,megacarpa,,,f,t,,holotype CNS 155750;isotype BRI;isotype CANB;isotype K;isotype L;isotype MO;isotype S,,,,,W.E.Cooper@20016943-1@1@aut,,,tax. nov.,,1.1,f,capparis~megacarpa,capparaceaecapparis~megacarpa~,,632,wfo-1000089867,,species,,,,
urn:lsid:ipni.org:names:77379341-1,W.E.Cooper & Joyce,,,,,,39(1): 20,,10,,1,,PIF33222,2008,,"P.I.Forster, G.Guymer &amp; P.McAdam",,,27/04/2026 13:26,27/04/2026 13:26,"Queensland (Queensland, Australia, Australasia)",,Capparaceae,Capparis loxophleba,Capparis loxophleba,Capparis,,f,f,,,,,,,,,,,"Wide Bay District: Mary Cairncross Scenic Reserve, Blackall Range, 3 km SE of Maleny",,,,,,,,,,,,,,,,,,30001561-2,Austral. Syst. Bot.,urn:lsid:ipni.org:publications:6901-2,2026,2026 [18 Feb 2026],[18 Feb 2026],W.E.Cooper & Joyce,spec.,Austral. Syst. Bot. 39(1): 20. 2026 [18 Feb 2026] ,,"doi:10.1071/SB25004 Etymology: 'The specific epithet is derived from the Greek loxos (slanting, oblique or cross wise), and phlebius (-veined), referring to the lateral veins occurring at a wide angle to the primary vein.'",,,11,loxophleba,,,f,t,,holotype BRI AQ0743409;isotype CNS;isotype MEL;isotype NSW,,,,,W.E.Cooper@20016943-1@1@aut$Joyce@20019525-2@2@aut,,,tax. nov.,,1.1,f,capparis~loxophleba,capparaceaecapparis~loxophleba~,,633,wfo-1000089868,,species,,,,
urn:lsid:ipni.org:names:77379342-1,W.E.Cooper,,,,,,39(1): 22,,5,,1,,4341,2021,,R.Jensen &amp; W.Cooper,,,27/04/2026 13:31,27/04/2026 13:31,"Queensland (Queensland, Australia, Australasia)",,Capparaceae,Capparis splendidissima,Capparis splendidissima,Capparis,,f,f,,,,,,,,,,,Cook District: Carpark at Curtain Fig National Park,,,,,,,,,,,,,,,,,,30001561-2,Austral. Syst. Bot.,urn:lsid:ipni.org:publications:6901-2,2026,2026 [18 Feb 2026],[18 Feb 2026],W.E.Cooper,spec.,Austral. Syst. Bot. 39(1): 22. 2026 [18 Feb 2026] ,,"doi:10.1071/SB25004 Etymology: 'The specific epithet is derived from the Latin splendidus (brilliant, splendid, showy) and -issimus (superlative), referring to the bounty of spectacular large fragrant white flowers.'",,,11,splendidissima,,,f,t,,holotype CNS 152698;isotype BRI;isotype CANB;isotype DNA;isotype K;isotype L;isotype MEL;isotype MO,,,,,W.E.Cooper@20016943-1@1@aut,,,tax. nov.,,1.1,f,capparis~splendidissima,capparaceaecapparis~splendidissima~,,634,wfo-1000089869,,species,,,,
urn:lsid:ipni.org:names:77379343-1,(C.T.White ex M.Jacobs) W.E.Cooper & Joyce,Capparaceae Capparis loranthifolia  var. bancroftii C.T.White ex M.Jacobs,(C.T.White ex M.Jacobs),150999-3,,,39(1): 25,,,,,,,,,,,,27/04/2026 13:35,27/04/2026 13:35,,,Capparaceae,Capparis bancroftii,Capparis bancroftii,Capparis,,f,f,,,,,,,,,,,,,,,,,,,,,,,,,,,,,30001561-2,Austral. Syst. Bot.,urn:lsid:ipni.org:publications:6901-2,2026,2026 [18 Feb 2026],[18 Feb 2026],W.E.Cooper & Joyce,spec.,Austral. Syst. Bot. 39(1): 25. 2026 [18 Feb 2026] ,,doi:10.1071/SB25004 Etymology: 'The specific epithet is in honour of Australian physician and naturalist Thomas Lane Bancroft (1860–1933).',,,11,bancroftii,,,f,t,,,,,,,C.T.White@11615-1@3@bas$Joyce@20019525-2@2@aut$M.Jacobs@4376-1@4@basEx$W.E.Cooper@20016943-1@1@aut,,,comb. et stat. nov.,,1.1,f,capparis~bancroftii,capparaceaecapparis~bancroftii~,,635,wfo-1000089870,,species,,,,
urn:lsid:ipni.org:names:77379344-1,G.S.Armstr. & D.J.Ohlsen,,,,,,39(2): 9,,,,,,,,,,,,27/04/2026 14:19,27/04/2026 14:26,,,Polypodiaceae,Phaneroloma,Phaneroloma,Phaneroloma,,f,f,,,,,,,,,,,,,,,,,,,,,,,,,,,,,30000471-2,Austral. Syst. Bot.,urn:lsid:ipni.org:publications:6901-2,2026,2026 [11 Mar 2026],[11 Mar 2026],G.S.Armstr. & D.J.Ohlsen,gen.,Austral. Syst. Bot. 39(2): 9. 2026 [11 Mar 2026] ,,"doi:10.1071/SB25007 Etymology: the generic name is a reference to the long, dense hairs that project beyond the edge of the lamina.",,,9,,,,f,t,77379345-1,,,,,,G.S.Armstr.@20098217-1@1@aut$D.J.Ohlsen@20016740-1@2@aut,,,tax. nov.,,1.2,f,phaneroloma,polypodiaceaephaneroloma~~~,,636,wfo-4100006533,,genus,,,,
urn:lsid:ipni.org:names:77379345-1,(Ching) G.S.Armstr. & D.J.Ohlsen,Grammitidaceae Grammitis pulchella (Watts) Ching,(Ching),17396330-1,,,39(2): 10,,,,,,,,,,,,27/04/2026 14:22,27/04/2026 14:22,,,Polypodiaceae,Phaneroloma pulchellum,Phaneroloma pulchellum,Phaneroloma,,f,f,,,,,,,,,,,,,,,,,,,,,,,,,,,,,77379344-1,Austral. Syst. Bot.,urn:lsid:ipni.org:publications:6901-2,2026,2026 [11 Mar 2026],[11 Mar 2026],G.S.Armstr. & D.J.Ohlsen,spec.,Austral. Syst. Bot. 39(2): 10. 2026 [11 Mar 2026] ,,doi:10.1071/SB25007,,,11,pulchellum,,,f,t,,,,,,,G.S.Armstr.@20098217-1@1@aut$Ching@1597-1@3@bas$D.J.Ohlsen@20016740-1@2@aut,,,comb. nov.,,1.1,f,phaneroloma~pulchellum,polypodiaceaephaneroloma~pulchellum~,,637,wfo-1000089871,,species,,,,
urn:lsid:ipni.org:names:77379346-1,(Copel.) G.S.Armstr. & D.J.Ohlsen,Grammitidaceae Grammitis nudicarpa Copel.,(Copel.),17396120-1,,,39(2): 12,,,,,,,,,,,,27/04/2026 14:28,27/04/2026 14:28,,,Polypodiaceae,Phaneroloma nudicarpum,Phaneroloma nudicarpum,Phaneroloma,,f,f,,,,,,,,,,,,,,,,,,,,,,,,,,,,,77379344-1,Austral. Syst. Bot.,urn:lsid:ipni.org:publications:6901-2,2026,2026 [11 Mar 2026],[11 Mar 2026],G.S.Armstr. & D.J.Ohlsen,spec.,Austral. Syst. Bot. 39(2): 12. 2026 [11 Mar 2026] ,,doi:10.1071/SB25007,,,11,nudicarpum,,,f,t,,,,,,,D.J.Ohlsen@20016740-1@2@aut$G.S.Armstr.@20098217-1@1@aut$Copel.@17415-1@3@bas,,,comb. nov.,,1.1,f,phaneroloma~nudicarpum,polypodiaceaephaneroloma~nudicarpum~,,638,wfo-1000089872,,species,,,,
urn:lsid:ipni.org:names:77379347-1,(L.) Lag.,Dipsacaceae Scabiosa syriaca L.,(L.),320170-1,,,16: 400,,,,,,,,,,,,27/04/2026 14:28,27/04/2026 14:29,,,Dipsacaceae,Lepicephalus syriacus,Lepicephalus syriacus,Lepicephalus,,f,f,,,,,,,,,,,,,,,,,,,,,,,,,,,,,14315-1,Ann. Soc. Linn. Lyon,urn:lsid:ipni.org:publications:843-2,1868,1868,,Lag.,spec.,Ann. Soc. Linn. Lyon 16: 400. 1868 ,,,,,11,syriacus,,,f,t,,,,,,,L.@12653-1@2@bas$Lag.@5205-1@1@aut,,,comb. nov.,319543-1,1.2,f,lepicephalus~syriacus,dipsacaceaelepicephalus~syriacus~,,639,wfo-1200118325,,species,,,,
urn:lsid:ipni.org:names:77379348-1,J.K.Huang & S.Y.Dong,,,,,,274: 85,,7,,11,,D6750,2024,,S.Y.Dong &amp; J.K.Huang,,,27/04/2026 14:52,30/04/2026 14:55,"Guizhou (China South-Central, China, Asia-Temperate)",E,Selaginellaceae,Selaginella dushanensis,Selaginella dushanensis,Selaginella,,f,f,,,,,,,,25,59,15,"Dushan County, Jia Feng Yan, 770 m",107,40,15,,,,,,N,,,,,,,,,30003748-2,PhytoKeys,urn:lsid:ipni.org:publications:20011997-1,2026,2026 [29 Apr 2026],[29 Apr 2026],J.K.Huang & S.Y.Dong,spec.,PhytoKeys 274: 85. 2026 [29 Apr 2026] ,,"[english] Etymology: name derived Dushan County, south-eastern Guizhou, where the new species was first discovered.",,,9,dushanensis,,,f,t,,holotype IBSC 1047559;isotype PE;isotype IBSC 1047560,,,,,J.K.Huang@0-0@1@aut$S.Y.Dong@39656-1@2@aut,,,tax. nov.,,1.2,f,selaginella~dushanensis,selaginellaceaeselaginella~dushanensis~,,640,wfo-1000089873,,species,,,,
urn:lsid:ipni.org:names:77379349-1,"(T.P.Yi & J.Y.Shi) D.Z.Li, M.Y.Zhou & Mei Chen",Poaceae Fargesia daminiu T.P.Yi & J.Y.Shi,(T.P.Yi & J.Y.Shi),77084599-1,,,64(1): 117,,,,,,,,,,,,27/04/2026 14:56,27/04/2026 14:56,,,Poaceae,Thamnocalamus damuniu,Thamnocalamus damuniu,Thamnocalamus,,f,f,,,,,,,,,,,,,,,,,,,,,,,,,,,,,19120-1,J. Syst. Evol.,urn:lsid:ipni.org:publications:20009150-1,2026,2026 [27 Jan 2026],[27 Jan 2026],"D.Z.Li, M.Y.Zhou & Mei Chen",spec.,J. Syst. Evol. 64(1): 117. 2026 [27 Jan 2026] ,,doi:10.1111/jse.70044,,,11,damuniu,,,f,t,,,,,,,J.Y.Shi@20008354-1@5@bas$M.Y.Zhou@20032158-1@2@aut$Mei Chen@20098220-1@3@aut$D.Z.Li@15629-1@1@aut$T.P.Yi@15079-1@4@bas,,,comb. nov.,,1.1,f,thamnocalamus~damuniu,poaceaethamnocalamus~damuniu~,,641,wfo-1000089874,,species,,,,
urn:lsid:ipni.org:names:77379350-1,Vélez-Abarca & M.M.Jiménez,,,,,,274: 101,,23,,5,,1183,2021,,M.Jiménez,,,27/04/2026 14:59,30/04/2026 14:44,"Ecuador (Western South America, Southern America)",W,Orchidaceae,Octomeria ivouquillasii,Octomeria ivouquillasii,Octomeria,,f,f,,,,,,,,3,36,36,"Zamora-Chinchipe: Cordillera del Cóndor, cerca de Tundayme, 1400 m",78,29,17,,,,,,S,,,,,,,,,30001581-2,PhytoKeys,urn:lsid:ipni.org:publications:20011997-1,2026,2026 [29 Apr 2026],[29 Apr 2026],Vélez-Abarca & M.M.Jiménez,spec.,PhytoKeys 274: 101. 2026 [29 Apr 2026] ,,"[english] Etymology: name honours Ivo Alberto Uquillas Bermeo, Ecuadorian artist (painter and sculptor) from Manabí Province, Ecuador.",,,11,ivouquillasii,,,f,t,,holotype HUTPL 15796,,,,,Vélez-Abarca@20046972-1@1@aut$M.M.Jiménez@20019184-2@2@aut,,,tax. nov.,,1.2,f,octomeria~ivouquillasii,orchidaceaeoctomeria~ivouquillasii~,,642,wfo-1000089875,,species,,,,
urn:lsid:ipni.org:names:77379351-1,Vélez-Abarca & M.M.Jiménez,,,,,,274: 105,,23,,5,,948,2021,,M.Jiménez,,,27/04/2026 15:01,30/04/2026 14:43,"Ecuador (Western South America, Southern America)",W,Orchidaceae,Octomeria tricarinata,Octomeria tricarinata,Octomeria,,f,f,,,,,,,,3,34,53,"Zamora-Chinchipe: Cerca de Tundayme, Cordillera del Cóndor, 886 m",78,29,10,,,,,,S,,,,,,,,,30001581-2,PhytoKeys,urn:lsid:ipni.org:publications:20011997-1,2026,2026 [29 Apr 2026],[29 Apr 2026],Vélez-Abarca & M.M.Jiménez,spec.,PhytoKeys 274: 105. 2026 [29 Apr 2026] ,,"doi:10.3897/phytokeys.274.177794 [english] Etymology: named in reference to the tricarinate callus of the mid-lobe of the lip, a diagnostic feature of this species.",,,11,tricarinata,,,f,t,,holotype HUTPL HUTPL14720,,,,,Vélez-Abarca@20046972-1@1@aut$M.M.Jiménez@20019184-2@2@aut,,,tax. nov.,,1.3,f,octomeria~tricarinata,orchidaceaeoctomeria~tricarinata~,,643,wfo-1000089876,,species,,,,
urn:lsid:ipni.org:names:77379352-1,(Fernald) Semple,Asteraceae Solidago lepida DC. var. molina Fernald,(Fernald),240322-2,,,2026-02: 2,,,,,,,,,,,,27/04/2026 15:36,27/04/2026 15:36,,,Asteraceae,Solidago asperata var. molina,Solidago asperata var. molina,Solidago,,f,f,,,,,molina,,,,,,,,,,,,,,,,,,,,,,,,249420-1,Phytoneuron,urn:lsid:ipni.org:publications:20011729-1,2026,2026 [10 Mar 2026],[10 Mar 2026],Semple,var.,Phytoneuron 2026-02: 2. [10 Mar 2026] ,,,,,11,asperata,Herb.Banks ex Pursh,,f,t,,,,,,,Semple@9472-1@1@aut$Fernald@2691-1@2@bas,Pursh@8035-1@2@autEx$Herb.Banks@0-0@1@aut,,comb. nov.,,1.1,f,solidago~asperatamolina,asteraceaesolidago~asperatamolina,,644,wfo-1200118306,,variety,,,,
urn:lsid:ipni.org:names:77379353-1,Zamudio,,,,,,2026-03: 2,,28,,6,,17834,2023,,"S.Zamudio, A.Rodríguez, G.Murguía-Lino &amp; J.Lopez",,,27/04/2026 15:47,27/04/2026 15:47,"San Luis Potosí (Mexico Northeast, Mexico, Northern America)",W,Rubiaceae,Hoffmannia espejoana,Hoffmannia espejoana,Hoffmannia,,f,f,,,,,,,,21,26,38,Mpio. Xilitla: ca. del mirador del cerro La Silleta,99,3,38,,,,,,N,,,,,,,,,34722-1,Phytoneuron,urn:lsid:ipni.org:publications:20011729-1,2026,2026 [10 Mar 2026],[10 Mar 2026],Zamudio,spec.,Phytoneuron 2026-03: 2. [10 Mar 2026] ,,Etymology: the specific epithet is named in honour for Mexican botanist Dr. Adolfo Espejo Serna.,,,11,espejoana,,,f,t,,holotype UAMIZ;isotype CIIDIR;isotype ENCB;isotype IBUG;isotype IEB;isotype MEXU;isotype QMEX;isotype SLPM;isotype XAL;isotype UAMIZ,,,,,Zamudio@35456-1@1@aut,,,tax. nov.,,1.1,f,hoffmannia~espejoana,rubiaceaehoffmannia~espejoana~,,645,wfo-1000089877,,species,,,,
urn:lsid:ipni.org:names:77379354-1,(Merr.) Corner,Moraceae Ficus clementis Merr.,(Merr.),583357-1,,,17(3): 385,,,,,,,,,,,,27/04/2026 15:57,27/04/2026 15:57,,,Moraceae,Ficus crassiramea var. clementis,Ficus crassiramea var. clementis,Ficus,,f,f,,,,,clementis,,,,,,,,,,,,,,,,,,,,,,,,852686-1,Gard. Bull. Singapore,urn:lsid:ipni.org:publications:18726-2,1960,1960 [18 Mai 1960],[18 Mai 1960],Corner,var.,Gard. Bull. Singapore 17(3): 385. 1960 [18 Mai 1960] ,,,,,11,crassiramea,(Miq.) Miq.,,f,t,,,,,,,Corner@17439-1@1@aut$Merr.@6376-1@2@bas,Miq.@6509-1@1@aut$Miq.@6509-1@2@bas,,comb. et stat. nov.,,1.1,f,ficus~crassirameaclementis,moraceaeficus~crassirameaclementis,,646,wfo-0000687964,,variety,,,,
urn:lsid:ipni.org:names:77379355-1,(B.L.Rob.) Carvajal & A.Vázquez,Asteraceae Spilanthes disciformis B.L.Rob.,(B.L.Rob.),242281-2,,,2026-04: 5,,,,,,,,,,,,27/04/2026 16:00,27/04/2026 16:00,,,Asteraceae,Acmella disciformis,Acmella disciformis,Acmella,,f,f,,,,,,,,,,,,,,,,,,,,,,,,,,,,,30001327-2,Phytoneuron,urn:lsid:ipni.org:publications:20011729-1,2026,2026 [10 Mar 2026],[10 Mar 2026],Carvajal & A.Vázquez,spec.,Phytoneuron 2026-04: 5. [10 Mar 2026] ,,,,,11,disciformis,,,f,t,,,,,,,B.L.Rob.@8454-1@3@bas$A.Vázquez@35439-1@2@aut$Carvajal@16951-1@1@aut,,,comb. nov.,,1.1,f,acmella~disciformis,asteraceaeacmella~disciformis~,,647,wfo-1000089878,,species,,,,
urn:lsid:ipni.org:names:77379356-1,(Greenm.) Carvajal & A.Vázquez,Asteraceae Spilanthes disciformis B.L.Rob. var. phaneractis Greenm.,(Greenm.),242282-2,,,2026-04: 5,,,,,,,,,,,,27/04/2026 16:03,27/04/2026 16:03,,,Asteraceae,Acmella phaneractis,Acmella phaneractis,Acmella,,f,f,,,,,,,,,,,,,,,,,,,,,,,,,,,,,30001327-2,Phytoneuron,urn:lsid:ipni.org:publications:20011729-1,2026,2026 [10 Mar 2026],[10 Mar 2026],Carvajal & A.Vázquez,spec.,Phytoneuron 2026-04: 5. [10 Mar 2026] ,,,,,11,phaneractis,,,f,t,,,,,,,A.Vázquez@35439-1@2@aut$Carvajal@16951-1@1@aut$Greenm.@3368-1@3@bas,,,comb. et stat. nov.,,1.1,f,acmella~phaneractis,asteraceaeacmella~phaneractis~,,648,wfo-1000089879,,species,,,,
urn:lsid:ipni.org:names:77379357-1,P.H.Davis,,,,,,21: 126,,,,,,,,,,,,27/04/2026 16:05,27/04/2026 16:05,"Greece (Southeastern Europe, Europe)",,Dipsacaceae,Scabiosa cretica subsp. minoana,Scabiosa cretica subsp. minoana,Scabiosa,,f,f,,,,,minoana,,,,,,Crete (Kriti),,,,,,,,,,,,,,,,,,319812-1,Notes Roy. Bot. Gard. Edinburgh,urn:lsid:ipni.org:publications:758-2,1953,1953,,P.H.Davis,subsp.,Notes Roy. Bot. Gard. Edinburgh 21: 126. 1953 ,,,,,9,cretica,L.,,f,t,,,,,,,P.H.Davis@2032-1@1@aut,L.@12653-1@1@aut,,tax. nov.,,1.1,f,scabiosa~creticaminoana,dipsacaceaescabiosa~creticaminoana,,649,wfo-0000745460,,subspecies,,,,
urn:lsid:ipni.org:names:77379358-1,G.L.Nesom,,,,,,2026-06: 1,,24,,7,,3478,1960,,R.M.King,,,27/04/2026 16:19,27/04/2026 16:19,"Oaxaca (Mexico Southwest, Mexico, Northern America)",W,Asteraceae,Grindelia mitlana,Grindelia mitlana,Grindelia,,f,f,,,,,,,,16,56,24,"Valley of Oaxaca, ca. 21 mi SE of Oaxaca, fields along Hwy 190",96,27,,,,,,,N,,,,,,,,,30001264-2,Phytoneuron,urn:lsid:ipni.org:publications:20011729-1,2026,2026 [10 Mar 2026],[10 Mar 2026],G.L.Nesom,spec.,Phytoneuron 2026-06: 1. [10 Mar 2026] ,,,,,11,mitlana,,,f,t,,holotype TEX;isotype NY;isotype US,,,,,G.L.Nesom@13601-1@1@aut,,,tax. nov.,,1.1,f,grindelia~mitlana,asteraceaegrindelia~mitlana~,,650,wfo-1000089880,,species,,,,
urn:lsid:ipni.org:names:77379359-1,Akasawa,,,,,,1(2): 6,,,,,,,,,,,,27/04/2026 16:24,27/04/2026 16:24,,,Burmanniaceae,Glaziocharis abei,Glaziocharis abei,Glaziocharis,,f,f,,,,,,,,,,,,,,,,,,,,,,,,,,,,,5078-1,Awa-no-Shizen,urn:lsid:ipni.org:publications:20064010-1,1948,1948,,Akasawa,spec.,Awa-no-Shizen 1(2): 6. 1948 ,,Protologue not seen by the IPNI editors. If you have access to the protologue please email a copy to us via the 'contact us' link at the top of the page. See also: Phytotaxa 742(1): 32-54 (2026).,,,8,abei,,,f,t,,,,,,,Akasawa@113-1@1@aut,,,tax. nov.,,1.1,f,glaziocharis~abei,burmanniaceaeglaziocharis~abei~,,651,wfo-1000089356,,species,,,,
urn:lsid:ipni.org:names:77379360-1,G.L.Nesom,,,,,,2026-06: 5,,12,,8,,1592,2007,,G.Goodwin,,,27/04/2026 16:29,27/04/2026 16:29,"Arizona (Southwestern U.S.A., Northern America)",W,Asteraceae,Grindelia coconinoa,Grindelia coconinoa,Grindelia,,f,f,,,,,,,,35,44,48,"Coconino Co.: 5 mi SE of Redlands Camp, ca. 1768 m",112,21,19,,,,,,N,,,,,,,,,30001264-2,Phytoneuron,urn:lsid:ipni.org:publications:20011729-1,2026,2026 [10 Mar 2026],[10 Mar 2026],G.L.Nesom,spec.,Phytoneuron 2026-06: 5. [10 Mar 2026] ,,,,,11,coconinoa,,,f,t,,holotype ASC,,,,,G.L.Nesom@13601-1@1@aut,,,tax. nov.,,1.1,f,grindelia~coconinoa,asteraceaegrindelia~coconinoa~,,652,wfo-1000089881,,species,,,,
urn:lsid:ipni.org:names:77379361-1,G.L.Nesom,,,,,,2026-08: 3,,18,,9,,5357,2004,,E.Lott,,,27/04/2026 16:40,27/04/2026 16:40,"Texas (South-Central U.S.A., Northern America)",W,Asteraceae,Grindelia ventosa,Grindelia ventosa,Grindelia,,f,f,,,,,,,,29,51,45,"Presidio Co.: Chinati Mtns State Natural Area, Pelillos Canyon, at fork of Tinaja Prieta Canyon",104,27,20,,,,,,N,,,,,,,,,30001264-2,Phytoneuron,urn:lsid:ipni.org:publications:20011729-1,2026,2026 [27 Mar 2026],[27 Mar 2026],G.L.Nesom,spec.,Phytoneuron 2026-08: 3. [27 Mar 2026] ,,,,,10,ventosa,,,f,t,,,,,,,G.L.Nesom@13601-1@1@aut,,,tax. nov.,,1.1,f,grindelia~ventosa,asteraceaegrindelia~ventosa~,,653,wfo-1000089882,,species,,,,
urn:lsid:ipni.org:names:77379362-1,G.L.Nesom,,,,,,2026-08: 5,,20,,8,,1041,1967,,T.F.Stuessy,,,27/04/2026 16:44,27/04/2026 16:44,"Chihuahua (Mexico Northeast, Mexico, Northern America)",W,Asteraceae,Grindelia chihuahuana,Grindelia chihuahuana,Grindelia,,f,f,,,,,,,,28,24,,2 mi S of Cuauhtémoc on Hwy 16,106,55,12,,,,,,N,,,,,,,,,30001264-2,Phytoneuron,urn:lsid:ipni.org:publications:20011729-1,2026,2026 [27 Mar 2026],[27 Mar 2026],G.L.Nesom,spec.,Phytoneuron 2026-08: 5. [27 Mar 2026] ,,,,,11,chihuahuana,,,f,t,,holotype MEXU;isotype COLO;isotype TAES;isotype TEX,,,,,G.L.Nesom@13601-1@1@aut,,,tax. nov.,,1.1,f,grindelia~chihuahuana,asteraceaegrindelia~chihuahuana~,,654,wfo-1000089883,,species,,,,
urn:lsid:ipni.org:names:77379363-1,G.L.Nesom,,,,,,2026-08: 11,,14,,7,,6466,1947,,B.H.Warnock,,,27/04/2026 16:47,27/04/2026 16:47,"Texas (South-Central U.S.A., Northern America)",,Asteraceae,Grindelia delnortana,Grindelia delnortana,Grindelia,,f,f,,,,,,,,,,,"Brewster Co.: Del Norte Mtns, E side of Mt. Ord, Gage Estate",,,,,,,,,,,,,,,,,,30001264-2,Phytoneuron,urn:lsid:ipni.org:publications:20011729-1,2026,2026 [27 Mar 2026],[27 Mar 2026],G.L.Nesom,spec.,Phytoneuron 2026-08: 11. [27 Mar 2026] ,,,,,11,delnortana,,,f,t,,holotype SMU;isotype SRSC;isotype TEX,,,,,G.L.Nesom@13601-1@1@aut,,,tax. nov.,,1.1,f,grindelia~delnortana,asteraceaegrindelia~delnortana~,,655,wfo-1000089884,,species,,,,
urn:lsid:ipni.org:names:77379364-1,G.L.Nesom,,,,,,2026-08: 12,,30,,8,,23459,1965,,B.H.Warnock,,,27/04/2026 16:51,27/04/2026 16:51,"Texas (South-Central U.S.A., Northern America)",W,Asteraceae,Grindelia chisosensis,Grindelia chisosensis,Grindelia,,f,f,,,,,,,,29,21,50,"Brewster Co.: Big Bend Natl Park, Green Gulch, 1463 m",103,11,56,,,,,,N,,,,,,,,,30001264-2,Phytoneuron,urn:lsid:ipni.org:publications:20011729-1,2026,2026 [27 Mar 2026],[27 Mar 2026],G.L.Nesom,spec.,Phytoneuron 2026-08: 12. [27 Mar 2026] ,,,,,11,chisosensis,,,f,t,,holotype TEX;isotype SRSC,,,,,G.L.Nesom@13601-1@1@aut,,,tax. nov.,,1.1,f,grindelia~chisosensis,asteraceaegrindelia~chisosensis~,,656,wfo-1000089885,,species,,,,
urn:lsid:ipni.org:names:77379365-1,G.L.Nesom,,,,,,2026-08: 13,,8,,9,,801,1990,,M.A.Carranza,,,27/04/2026 16:57,27/04/2026 16:57,"Coahuila (Mexico Northeast, Mexico, Northern America)",,Asteraceae,Grindelia spinulosissima,Grindelia spinulosissima,Grindelia,,f,f,,,,,,,,28,43,48,"Sierra de La Encantada, Cuesta de Malena, brecha a Boquillas del Carmén, 1311 m",102,28,48,,,,,,N,,,,,,,,,30001264-2,Phytoneuron,urn:lsid:ipni.org:publications:20011729-1,2026,2026 [27 Mar 2026],[27 Mar 2026],G.L.Nesom,spec.,Phytoneuron 2026-08: 13. [27 Mar 2026] ,,,,,11,spinulosissima,,,f,t,,holotype TEX;isotype ANSM,,,,,G.L.Nesom@13601-1@1@aut,,,tax. nov.,,1.1,f,grindelia~spinulosissima,asteraceaegrindelia~spinulosissima~,,657,wfo-1000089886,,species,,,,
urn:lsid:ipni.org:names:77379366-1,G.L.Nesom,,,,,,2026-09: 6,,25,,7,,20165,1958,,D.S.Correll &amp; I.M.Johnston,,,27/04/2026 17:03,27/04/2026 17:03,"Durango (Mexico Northeast, Mexico, Northern America)",W,Asteraceae,Grindelia salina,Grindelia salina,Grindelia,,f,f,,,,,,,,24,24,,"19 mi NE of Durango on Hwy 31, ca. 1859 m",104,12,,,,,,,N,,,,,,,,,30001264-2,Phytoneuron,urn:lsid:ipni.org:publications:20011729-1,2026,2026 [30 Mar 2026],[30 Mar 2026],G.L.Nesom,spec.,Phytoneuron 2026-09: 6. [30 Mar 2026] ,,,,,11,salina,,,f,t,,holotype MEXU;isotype LL,,,,,G.L.Nesom@13601-1@1@aut,,,tax. nov.,,1.1,f,grindelia~salina,asteraceaegrindelia~salina~,,658,wfo-1000089887,,species,,,,
urn:lsid:ipni.org:names:77379367-1,G.L.Nesom,,,,,,2026-09: 16,,9,,7,,933,1982,,P.Tenorio L.,,,27/04/2026 17:07,27/04/2026 17:07,"Durango (Mexico Northeast, Mexico, Northern America)",W,Asteraceae,Grindelia cuarenta,Grindelia cuarenta,Grindelia,,f,f,,,,,,,,23,46,48,"1 km SW de El Salto, en una barranca, 2652 m",105,23,24,,,,,,N,,,,,,,,,30001264-2,Phytoneuron,urn:lsid:ipni.org:publications:20011729-1,2026,2026 [30 Mar 2026],[30 Mar 2026],G.L.Nesom,spec.,Phytoneuron 2026-09: 16. [30 Mar 2026] ,,,,,11,cuarenta,,,f,t,,holotype MEXU 789050;isotype MEXU 819961,,,,,G.L.Nesom@13601-1@1@aut,,,tax. nov.,,1.1,f,grindelia~cuarenta,asteraceaegrindelia~cuarenta~,,659,wfo-1000089888,,species,,,,
urn:lsid:ipni.org:names:77379368-1,G.L.Nesom,,,,,,2026-09: 26,,3,,10,,10137,1983,,P.Tenorio L.,,,27/04/2026 17:10,27/04/2026 17:10,"Sonora (Mexico Northwest, Mexico, Northern America)",,Asteraceae,Grindelia saguaribo,Grindelia saguaribo,Grindelia,,f,f,,,,,,,,,,,"Mpio. Alamos, Sierra Saguaribo, 15 km E de Taymuco, ca. 1000 m",,,,,,,,,,,,,,,,,,30001264-2,Phytoneuron,urn:lsid:ipni.org:publications:20011729-1,2026,2026 [30 Mar 2026],[30 Mar 2026],G.L.Nesom,spec.,Phytoneuron 2026-09: 26. [30 Mar 2026] ,,,,,11,saguaribo,,,f,t,,holotype MEXU 825205;isotype MEXU 807331,,,,,G.L.Nesom@13601-1@1@aut,,,tax. nov.,,1.1,f,grindelia~saguaribo,asteraceaegrindelia~saguaribo~,,660,wfo-1000089889,,species,,,,
urn:lsid:ipni.org:names:77379369-1,Corner,,,,,,17(3): 385,,,,,,,,,,,,27/04/2026 22:43,27/04/2026 22:43,,,Moraceae,Ficus crassiramea var. brevicupulata,Ficus crassiramea var. brevicupulata,Ficus,,f,f,,,,,brevicupulata,,,,,,"& Collection: 'Celebes:—Kjellberg 1300, Poehara, Moeara Sampara; 2245, Tabaramo. Obi:—Exp. v. Hulstyn 111 (typus, herb. Leiden)'",,,,,,,,,,,,,,,,,,852686-1,Gard. Bull. Singapore,urn:lsid:ipni.org:publications:18726-2,1960,1960 [18 Mai 1960],[18 Mai 1960],Corner,var.,Gard. Bull. Singapore 17(3): 385. 1960 [18 Mai 1960] ,,,,,8,crassiramea,(Miq.) Miq.,,f,t,,,,,,,Corner@17439-1@1@aut,Miq.@6509-1@1@aut$Miq.@6509-1@2@bas,,tax. nov.,,1.1,f,ficus~crassirameabrevicupulata,moraceaeficus~crassirameabrevicupulata,,661,wfo-0000687962,,variety,,,,
urn:lsid:ipni.org:names:77379370-1,Corner,,,,,,17(3): 385,,,,,,,,,,,,27/04/2026 22:48,27/04/2026 22:48,,,Moraceae,Ficus crassiramea var. celebica,Ficus crassiramea var. celebica,Ficus,,f,f,,,,,celebica,,,,,,"& Collection: ' Celebes (Mina- hassa, Koorders 19126, 19160, et 19334, typus herb. Leiden)'",,,,,,,,,,,,,,,,,,852686-1,Gard. Bull. Singapore,urn:lsid:ipni.org:publications:18726-2,1960,1960 [18 Mai 1960],[18 Mai 1960],Corner,var.,Gard. Bull. Singapore 17(3): 385. 1960 [18 Mai 1960] ,,,,,8,crassiramea,(Miq.) Miq.,,f,t,,,,,,,Corner@17439-1@1@aut,Miq.@6509-1@2@bas$Miq.@6509-1@1@aut,,tax. nov.,,1.1,f,ficus~crassirameacelebica,moraceaeficus~crassirameacelebica,,662,wfo-0000687963,,variety,,,,
urn:lsid:ipni.org:names:77379371-1,(Warb.) Corner,Moraceae Ficus patellifera Warb.,(Warb.),853382-1,,,17(3): 385,,,,,,,,,,,,27/04/2026 22:51,27/04/2026 22:51,,,Moraceae,Ficus crassiramea var. patellifera,Ficus crassiramea var. patellifera,Ficus,,f,f,,,,,patellifera,,,,,,,,,,,,,,,,,,,,,,,,852686-1,Gard. Bull. Singapore,urn:lsid:ipni.org:publications:18726-2,1960,1960 [18 Mai 1960],[18 Mai 1960],Corner,var.,Gard. Bull. Singapore 17(3): 385. 1960 [18 Mai 1960] ,,,,,11,crassiramea,(Miq.) Miq.,,f,t,,,,,,,Warb.@11402-1@2@bas$Corner@17439-1@1@aut,Miq.@6509-1@1@aut$Miq.@6509-1@2@bas,,comb. et stat. nov.,,1.1,f,ficus~crassirameapatellifera,moraceaeficus~crassirameapatellifera,,663,wfo-0000687965,,variety,,,,
urn:lsid:ipni.org:names:77379372-1,(Láng) Wirtg.,Brassicaceae Erophila spathulata Láng,(Láng),77125394-1,,,22,,,,,,,,,,,,28/04/2026 08:48,28/04/2026 08:48,,,Brassicaceae,Draba verna var. spathulata,Draba verna var. spathulata,Draba,,f,f,,,,,spathulata,,,,,,,,,,,,,,,,,,,,,,,,283173-1,Prodr. Fl. Preuss. Rheinl.,urn:lsid:ipni.org:publications:20064012-1,1842,1842,,Wirtg.,var.,Prodr. Fl. Preuss. Rheinl. 22. 1842 ,,,,,11,verna,L.,,f,t,,,,,,,Wirtg.@28849-1@1@aut$Láng@5254-1@2@bas,L.@12653-1@1@aut,,comb. et stat. nov.,,1.1,f,draba~vernaspathulata,brassicaceaedraba~vernaspathulata,,664,wfo-1200118326,,variety,,,,
urn:lsid:ipni.org:names:77379373-1,Y.H.Tan & B.Yang bis,,,,,,50(3): 200,,,,,,M1427,,,"Y.H.Tan, B.Yang, H.B.Ding, M.B.Maw, T.S.Tin",,,28/04/2026 10:15,28/04/2026 10:15,"Myanmar (Indo-China, Asia-Tropical)",E,Annonaceae,Dasymaschalon wardii,Dasymaschalon wardii,Dasymaschalon,,f,f,,,,,,,,27,17,29,"Kachin State: Putao District, on the way from Putao to Babaw village, 618 m",97,51,54,,,,,,N,,,,,,,,,2003-1,Syst. Bot.,urn:lsid:ipni.org:publications:1295-2,2025,2025 [18 Dec 2025],[18 Dec 2025],Y.H.Tan & B.Yang bis,spec.,Syst. Bot. 50(3): 200. 2025 [18 Dec 2025] ,,"doi:10.1600/036364425X17637402353529 Etymology: the specific epithet is named in honour of British botanist Frank Kingdon-Ward, a prolific collector of plants in Myanmar.",,,11,wardii,,,f,t,,holotype HITBC HITBC0122112;isotype HITBC;isotype RAF,,,,,B.Yang bis@20034115-1@2@aut$Y.H.Tan@20020199-1@1@aut,,,tax. nov.,,1.1,f,dasymaschalon~wardii,annonaceaedasymaschalon~wardii~,,665,wfo-1000089890,,species,,,,
urn:lsid:ipni.org:names:77379374-1,Ruiz-Sanchez,,,,,,50(3): 214,,3,,8,,1805,2001,,V.W.Steinmann &amp; E.Carranza,,,28/04/2026 10:28,28/04/2026 10:28,"Chiapas (Mexico Southeast, Mexico, Northern America);Guatemala (Central America, Southern America);Jalisco (Mexico Southwest, Mexico, Northern America);Michoacán (Mexico Southwest, Mexico, Northern America);Oaxaca (Mexico Southwest, Mexico, Northern America);",W,Poaceae,Bouteloua steinmannii,Bouteloua steinmannii,Bouteloua,,f,f,,,,,,,,18,38,41,"Mexico, Michoacan: Arteaga, along MEX 37, ca. 75 km (by road) north of Arteaga and 1 km south of El Descansadero, ca. 300 m",101,58,10,,,,,,N,,,,,,,,,328303-2,Syst. Bot.,urn:lsid:ipni.org:publications:1295-2,2025,2025 [18 Dec 2025],[18 Dec 2025],Ruiz-Sanchez,spec.,Syst. Bot. 50(3): 214. 2025 [18 Dec 2025] ,,doi:10.1600/036364425X17646257789483 Etymology: the specific epithet is named in honour of botanist Dr. Victor W.Steinmann.,,,11,steinmannii,,,f,t,,holotype IBUG IBUG0223575;isotype IEB;isotype MEXU,,,,,Ruiz-Sanchez@20017598-1@1@aut,,,tax. nov.,,1.1,f,bouteloua~steinmannii,poaceaebouteloua~steinmannii~,,666,wfo-1000089891,,species,,,,
urn:lsid:ipni.org:names:77379375-1,Ruiz-Sanchez,,,,,,50(3): 213,,12,,11,,6652,2013,,G.Ibarra Manrıquez,,,28/04/2026 10:34,28/04/2026 10:34,"Guerrero (Mexico Southwest, Mexico, Northern America);Michoacán (Mexico Southwest, Mexico, Northern America);",W,Poaceae,Bouteloua ibarrae,Bouteloua ibarrae,Bouteloua,,f,f,,,,,,,,18,41,9,"Michoacan: Churumuco, Ejido Llano Ojo de Agua, 290 m",101,39,20,,,,,,N,,,,,,,,,328303-2,Syst. Bot.,urn:lsid:ipni.org:publications:1295-2,2025,2025 [18 Dec 2025],[18 Dec 2025],Ruiz-Sanchez,spec.,Syst. Bot. 50(3): 213. 2025 [18 Dec 2025] ,,"doi:10.1600/036364425X17646257789483 Etymology: 'The specific epithet honours Dr. Guillermo Ibarra-Manrıquez, a botanist who has collected extensively in the Tierra Caliente region of Michoacan.'",,,11,ibarrae,,,f,t,,holotype IBUG IBUG0223576;isotype IEB;isotype MEXU,,,,,Ruiz-Sanchez@20017598-1@1@aut,,,tax. nov.,,1.1,f,bouteloua~ibarrae,poaceaebouteloua~ibarrae~,,667,wfo-1000089892,,species,,,,
urn:lsid:ipni.org:names:77379376-1,"A.N.Lima, D.B.O.S.Cardoso & H.C.Lima",,,,,,50(3): 234,,3,,12,,4892,2022,,D.Cardoso,,,28/04/2026 10:50,28/04/2026 10:50,"Bahia (Brazil Northeast, Brazil, Southern America);Bolivia (Western South America, Southern America);Ceará (Brazil Northeast, Brazil, Southern America);Piauí (Brazil Northeast, Brazil, Southern America);Mato Grosso (Brazil West-Central, Brazil, Southern America);Minas Gerais (Brazil Southeast, Brazil, Southern America);",,Leguminosae,Platypodium caatingarum,Platypodium caatingarum,Platypodium,,f,f,,,,,,,,,,,"Caetite, BR-030 sen tido Caetite",,,,,,,,,,,,,,,,,,23279-1,Syst. Bot.,urn:lsid:ipni.org:publications:1295-2,2025,2025 [18 Dec 2025],[18 Dec 2025],"A.N.Lima, D.B.O.S.Cardoso & H.C.Lima",spec.,Syst. Bot. 50(3): 234. 2025 [18 Dec 2025] ,,doi:10.1600/036364425X17648881141305,,,11,caatingarum,,,f,t,,holotype RB 01491516;isotype ALCB;isotype CTES;isotype HUEFS;isotype TCD,,,,,A.N.Lima@20098222-1@1@aut$D.B.O.S.Cardoso@20013834-1@2@aut$H.C.Lima@17815-1@3@aut,,,tax. nov.,,1.1,f,platypodium~caatingarum,leguminosaeplatypodium~caatingarum~,,668,wfo-1000089893,,species,,,,
urn:lsid:ipni.org:names:77379377-1,"H.C.Hsu, T.V.Do & K.F.Chung",,,,,,50(3): 273,,22,,8,,4010,2023,,Chung,,,28/04/2026 11:06,28/04/2026 11:06,"Vietnam (Indo-China, Asia-Tropical)",E,Gesneriaceae,Primulina cucphuongensis,Primulina cucphuongensis,Primulina,,f,f,,,,,,,,20,21,21,"Ninh Bınh Province: Nho Quan district, Cuc Phuong National Park, close to Silver Cloud Peak, ca. 640 m",105,36,34,,,,,,N,,,,,,,,,17172-1,Syst. Bot.,urn:lsid:ipni.org:publications:1295-2,2025,2025 [18 Dec 2025],[18 Dec 2025],"H.C.Hsu, T.V.Do & K.F.Chung",spec.,Syst. Bot. 50(3): 273. 2025 [18 Dec 2025] ,,doi:10.1600/036364425X17637402353501 Etymology: the specific epithet is named for the type locality.,,,11,cucphuongensis,,,f,t,,holotype VNMN;isotype HAST HAST146301,,"Living plant collected on 22 Aug 2023, holotype specimen from cultivated material on 23 May 2024.",,,T.V.Do@20024831-1@2@aut$H.C.Hsu@20098223-1@1@aut$K.F.Chung@20012333-1@3@aut,,,tax. nov.,,1.1,f,primulina~cucphuongensis,gesneriaceaeprimulina~cucphuongensis~,,669,wfo-1000089894,,species,,,,
urn:lsid:ipni.org:names:77379380-1,(W.T.Wang) J.M.Xiao & L.Xie,Ranunculaceae Clematis subsect. Potaninianae W.T.Wang,(W.T.Wang),1001210-1,,,48(1): 30,,,,,,,,,,,,28/04/2026 12:22,28/04/2026 12:22,,,Ranunculaceae,Clematis sect. Potaninianae,Clematis sect. Potaninianae,Clematis,,f,f,,,,potaninianae,,,,,,,,,,,", basionym as ' Clematis subsect. Potaninianae Johnson, Slaktet Klematis 410. 1997'. Incorrect basionym cited but valid under Art. 41.8c. ICN (2025).",,,,,,,,,,,,,,329401-2,Pl. Diversity,urn:lsid:ipni.org:publications:20022365-1,2025,2025 [20 Nov 2025],[20 Nov 2025],J.M.Xiao & L.Xie,sect.,Pl. Diversity 48(1): 30. 2025 [20 Nov 2025] ,,doi:10.1016/j.pld.2025.11.004,,,12,,,,f,t,,,,,,,L.Xie@20006469-2@2@aut$J.M.Xiao@20098224-1@1@aut$W.T.Wang@11392-1@3@bas,,,stat. nov.,,1.1,f,clematispotaninianae,ranunculaceaeclematispotaninianae~~,,670,wfo-1200118327,,section,,,,
urn:lsid:ipni.org:names:77379381-1,J.M.Xiao & L.Xie,,,,,,48(1): 32,,,,,,,,,,,,28/04/2026 12:27,28/04/2026 12:30,,,Ranunculaceae,Clematis sect. Delavayanae,Clematis sect. Delavayanae,Clematis,,f,f,,,,delavayanae,,,,,,,,,,,,,,,,,,,,,,,,,329401-2,Pl. Diversity,urn:lsid:ipni.org:publications:20022365-1,2025,2025 [20 Nov 2025],[20 Nov 2025],J.M.Xiao & L.Xie,sect.,Pl. Diversity 48(1): 32. 2025 [20 Nov 2025] ,,doi:10.1016/j.pld.2025.11.004 Type cited as 'Clematis delavayi Franch',,,8,,,,f,t,,,,,,,L.Xie@20006469-2@2@aut$J.M.Xiao@20098224-1@1@aut,,,tax. nov.,,1.2,f,clematisdelavayanae,ranunculaceaeclematisdelavayanae~~,,671,wfo-1000089895,,section,,,,
urn:lsid:ipni.org:names:77379382-1,(Serov) J.M.Xiao & L.Xie,Ranunculaceae Clematis ser. Songoricae Serov,(Serov),926164-1,,,48(1): 34,,,,,,,,,,,,28/04/2026 12:33,28/04/2026 12:33,,,Ranunculaceae,Clematis sect. Songoricae,Clematis sect. Songoricae,Clematis,,f,f,,,,songoricae,,,,,,,,,,,,,,,,,,,,,,,,,329401-2,Pl. Diversity,urn:lsid:ipni.org:publications:20022365-1,2025,2025 [20 Nov 2025],[20 Nov 2025],J.M.Xiao & L.Xie,sect.,Pl. Diversity 48(1): 34. 2025 [20 Nov 2025] ,,doi:10.1016/j.pld.2025.11.004,,,11,,,,f,t,,,,,,,J.M.Xiao@20098224-1@1@aut$L.Xie@20006469-2@2@aut$Serov@26536-1@3@bas,,,stat. nov.,,1.1,f,clematissongoricae,ranunculaceaeclematissongoricae~~,,672,wfo-1200118328,,section,,,,
urn:lsid:ipni.org:names:77379383-1,J.M.Xiao & L.Xie,,,,,,48(1): 34,,,,,,,,,,,,28/04/2026 12:39,28/04/2026 12:39,,,Ranunculaceae,Clematis sect. Otophorae,Clematis sect. Otophorae,Clematis,,f,f,,,,otophorae,,,,,,,,,,,,,,,,,,,,,,,,,329401-2,Pl. Diversity,urn:lsid:ipni.org:publications:20022365-1,2025,2025 [20 Nov 2025],[20 Nov 2025],J.M.Xiao & L.Xie,sect.,Pl. Diversity 48(1): 34. 2025 [20 Nov 2025] ,,doi:10.1016/j.pld.2025.11.004 Type cited as 'Clematis otophira Franch ex. Finet & Gagnep.'.,,,8,,,,f,t,,,,,,,J.M.Xiao@20098224-1@1@aut$L.Xie@20006469-2@2@aut,,,tax. nov.,,1.1,f,clematisotophorae,ranunculaceaeclematisotophorae~~,,673,wfo-1000089896,,section,,,,
urn:lsid:ipni.org:names:77379384-1,Baker,,,,,,17: 130,,,,,,,,,,,,28/04/2026 12:43,28/04/2026 12:43,,,Bromeliaceae,Aechmea sect. Platyaechmea,Aechmea sect. Platyaechmea,Aechmea,,f,f,,,,platyaechmea,,,,,,,,,,,,,,,,,,,,,,,,,328345-2,J. Bot.,urn:lsid:ipni.org:publications:678-2,1879,1879 [May 1879],[May 1879],Baker,sect.,J. Bot. 17: 130. 1879 [May 1879] ,,,,,8,,,,f,t,,,,,,,Baker@407-1@1@aut,,,tax. nov.,,1.1,f,aechmeaplatyaechmea,bromeliaceaeaechmeaplatyaechmea~~,,674,wfo-1000089897,,section,,,,
urn:lsid:ipni.org:names:77379385-1,(W.T.Wang) J.M.Xiao & L.Xie,Ranunculaceae Clematis ser. Insidiosae W.T.Wang,(W.T.Wang),1018239-1,,,48(1): 36,,,,,,,,,,,,28/04/2026 12:47,28/04/2026 12:47,,,Ranunculaceae,Clematis sect. Insidiosae,Clematis sect. Insidiosae,Clematis,,f,f,,,,insidiosae,,,,,,,,,,,,,,,,,,,,,,,,,329401-2,Pl. Diversity,urn:lsid:ipni.org:publications:20022365-1,2025,2025 [20 Nov 2025],[20 Nov 2025],J.M.Xiao & L.Xie,sect.,Pl. Diversity 48(1): 36. 2025 [20 Nov 2025] ,,doi:10.1016/j.pld.2025.11.004,,,11,,,,f,t,,,,,,,L.Xie@20006469-2@2@aut$W.T.Wang@11392-1@3@bas$J.M.Xiao@20098224-1@1@aut,,,stat. nov.,,1.1,f,clematisinsidiosae,ranunculaceaeclematisinsidiosae~~,,675,wfo-1200118329,,section,,,,
urn:lsid:ipni.org:names:77379386-1,(W.T.Wang) J.M.Xiao & L.Xie,Ranunculaceae Clematis subsect. Acerifoliae W.T.Wang,(W.T.Wang),1001208-1,,,48(1): 36,,,,,,,,,,,,28/04/2026 12:52,28/04/2026 12:52,,,Ranunculaceae,Clematis sect. Acerifoliae,Clematis sect. Acerifoliae,Clematis,,f,f,,,,acerifoliae,,,,,,,,,,,,,,,,,,,,,,,,,329401-2,Pl. Diversity,urn:lsid:ipni.org:publications:20022365-1,2025,2025 [20 Nov 2025],[20 Nov 2025],J.M.Xiao & L.Xie,sect.,Pl. Diversity 48(1): 36. 2025 [20 Nov 2025] ,,doi:10.1016/j.pld.2025.11.004 Type cited as 'Clematis acerifolia Maxim.',,,11,,,,f,t,,,,,,,W.T.Wang@11392-1@3@bas$J.M.Xiao@20098224-1@1@aut$L.Xie@20006469-2@2@aut,,,stat. nov.,,1.1,f,clematisacerifoliae,ranunculaceaeclematisacerifoliae~~,,676,wfo-1200118330,,section,,,,
urn:lsid:ipni.org:names:77379387-1,"(L.) Z.Y.Wu, X.G.Fu & D.Z.Li",Urticaceae Urtica nivea L.,(L.),857775-1,,,48(2): 300,,,,,,,,,,,,28/04/2026 14:13,28/04/2026 14:18,,,Urticaceae,Archiboehmeria nivea,Archiboehmeria nivea,Archiboehmeria,,f,f,,,,,,,,,,,,,,,,,,,,,,,,,,,,,40712-1,Pl. Diversity,urn:lsid:ipni.org:publications:20022365-1,2025,2025 [17 Dec 2025],[17 Dec 2025],"Z.Y.Wu, X.G.Fu & D.Z.Li",spec.,Pl. Diversity 48(2): 300. 2025 [17 Dec 2025] ,,doi:10.1016/j.pld.2025.12.003,,,11,nivea,,,f,t,,,,,,,L.@12653-1@4@bas$Z.Y.Wu@20017723-1@1@aut$X.G.Fu@20064058-1@2@aut$D.Z.Li@15629-1@3@aut,,,comb. nov.,,1.2,f,archiboehmeria~nivea,urticaceaearchiboehmeria~nivea~,,677,wfo-1000089898,,species,,,,
urn:lsid:ipni.org:names:77379388-1,"(Gaudich.) Z.Y.Wu, X.G.Fu & D.Z.Li",Urticaceae Boehmeria tenacissima Gaudich.,(Gaudich.),850777-1,,,48(2): 300,,,,,,,,,,,,28/04/2026 14:16,28/04/2026 14:16,,,Urticaceae,Archiboehmeria nivea var. tenacissima,Archiboehmeria nivea var. tenacissima,Archiboehmeria,,f,f,,,,,tenacissima,,,,,,,,,,,,,,,,,,,,,,,,77379387-1,Pl. Diversity,urn:lsid:ipni.org:publications:20022365-1,2025,2025 [17 Dec 2025],[17 Dec 2025],"Z.Y.Wu, X.G.Fu & D.Z.Li",var.,Pl. Diversity 48(2): 300. 2025 [17 Dec 2025] ,,doi:10.1016/j.pld.2025.12.003,,,11,nivea,"(L.) Z.Y.Wu, X.G.Fu & D.Z.Li",,f,t,,,,,,,D.Z.Li@15629-1@3@aut$Z.Y.Wu@20017723-1@1@aut$Gaudich.@3050-1@4@bas$X.G.Fu@20064058-1@2@aut,L.@12653-1@4@bas$Z.Y.Wu@20017723-1@1@aut$D.Z.Li@15629-1@3@aut$X.G.Fu@20064058-1@2@aut,,comb. et stat. nov.,,1.1,f,archiboehmeria~niveatenacissima,urticaceaearchiboehmeria~niveatenacissima,,678,wfo-1200118307,,variety,,,,
urn:lsid:ipni.org:names:77379389-1,"(Z.Y.Wu & Ying Zhao) Z.Y.Wu, X.G.Fu & D.Z.Li",Urticaceae Boehmeria nivea (L.) Gaudich. var. strigosa Z.Y.Wu & Ying Zhao,(Z.Y.Wu & Ying Zhao),77355305-1,,,48(2): 300,,,,,,,,,,,,28/04/2026 14:30,28/04/2026 14:30,,,Urticaceae,Archiboehmeria nivea var. strigosa,Archiboehmeria nivea var. strigosa,Archiboehmeria,,f,f,,,,,strigosa,,,,,,,,,,,,,,,,,,,,,,,,77379387-1,Pl. Diversity,urn:lsid:ipni.org:publications:20022365-1,2025,2025 [17 Dec 2025],[17 Dec 2025],"Z.Y.Wu, X.G.Fu & D.Z.Li",var.,Pl. Diversity 48(2): 300. 2025 [17 Dec 2025] ,,doi:10.1016/j.pld.2025.12.003,,,11,nivea,"(L.) Z.Y.Wu, X.G.Fu & D.Z.Li",,f,t,,,,,,,Ying Zhao@20082398-1@5@bas$D.Z.Li@15629-1@3@aut$Z.Y.Wu@20017723-1@4@bas$X.G.Fu@20064058-1@2@aut$Z.Y.Wu@20017723-1@1@aut,L.@12653-1@4@bas$X.G.Fu@20064058-1@2@aut$D.Z.Li@15629-1@3@aut$Z.Y.Wu@20017723-1@1@aut,,comb. nov.,,1.1,f,archiboehmeria~niveastrigosa,urticaceaearchiboehmeria~niveastrigosa,,679,wfo-1200118308,,variety,,,,
urn:lsid:ipni.org:names:77379390-1,"(Leandri) Z.Y.Wu, X.G.Fu & D.Z.Li",Urticaceae Phenax madagascariensis Leandri,(Leandri),855165-1,,,48(2): 301,,,,,,,,,,,,28/04/2026 14:32,28/04/2026 14:32,,,Urticaceae,Pouzolzia madagascariensis,Pouzolzia madagascariensis,Pouzolzia,,f,f,,,,,,,,,,,,,,,,,,,,,,,,,,,,,326038-2,Pl. Diversity,urn:lsid:ipni.org:publications:20022365-1,2025,2025 [17 Dec 2025],[17 Dec 2025],"Z.Y.Wu, X.G.Fu & D.Z.Li",spec.,Pl. Diversity 48(2): 301. 2025 [17 Dec 2025] ,,doi:10.1016/j.pld.2025.12.003,,,11,madagascariensis,,,f,t,,,,,,,Leandri@5368-1@4@bas$Z.Y.Wu@20017723-1@1@aut$X.G.Fu@20064058-1@2@aut$D.Z.Li@15629-1@3@aut,,,comb. nov.,,1.1,f,pouzolzia~madagascariensis,urticaceaepouzolzia~madagascariensis~,,680,wfo-1000089899,,species,,,,
urn:lsid:ipni.org:names:77379391-1,"Z.Y.Wu, X.G.Fu & D.Z.Li",,,,,,48(2): 301,,,,,,,,,,,,28/04/2026 14:37,28/04/2026 14:50,,,Urticaceae,Chiajuia,Chiajuia,Chiajuia,,f,f,,,,,,,,,,,,,,,,,,,,,,,,,,,,,30000535-2,Pl. Diversity,urn:lsid:ipni.org:publications:20022365-1,2025,2025 [17 Dec 2025],[17 Dec 2025],"Z.Y.Wu, X.G.Fu & D.Z.Li",gen.,Pl. Diversity 48(2): 301. 2025 [17 Dec 2025] ,,"doi:10.1016/j.pld.2025.12.003 Etymology: the generic name is named in honour of Prof. Chia-Jui Chen, a distinguished taxonomist who has extensively worked with the Urticaceae.",,,9,,,,f,t,77379392-1,,,,,,X.G.Fu@20064058-1@2@aut$D.Z.Li@15629-1@3@aut$Z.Y.Wu@20017723-1@1@aut,,,tax. nov.,,1.2,f,chiajuia,urticaceaechiajuia~~~,,681,wfo-4100006534,,genus,,,,
urn:lsid:ipni.org:names:77379392-1,"(Wedd.) Z.Y.Wu, X.G.Fu & D.Z.Li",Urticaceae Debregeasia wallichiana Wedd.,(Wedd.),851421-1,,,48(2): 301,,,,,,,,,,,,28/04/2026 14:48,28/04/2026 14:48,,,Urticaceae,Chiajuia wallichiana,Chiajuia wallichiana,Chiajuia,,f,f,,,,,,,,,,,,,,,,,,,,,,,,,,,,,77379391-1,Pl. Diversity,urn:lsid:ipni.org:publications:20022365-1,2025,2025 [17 Dec 2025],[17 Dec 2025],"Z.Y.Wu, X.G.Fu & D.Z.Li",spec.,Pl. Diversity 48(2): 301. 2025 [17 Dec 2025] ,,doi:10.1016/j.pld.2025.12.003,,,11,wallichiana,,,f,t,,,,,,,X.G.Fu@20064058-1@2@aut$Z.Y.Wu@20017723-1@1@aut$Wedd.@11480-1@4@bas$D.Z.Li@15629-1@3@aut,,,comb. nov.,,1.1,f,chiajuia~wallichiana,urticaceaechiajuia~wallichiana~,,682,wfo-1000089900,,species,,,,
urn:lsid:ipni.org:names:77379393-1,Wedd.,,,,,,"sér. 4, 1: 175",,,,,,,,,,,,28/04/2026 15:24,28/04/2026 15:52,,,Urticaceae,subtrib. Sarcochlamydinae,subtrib. Sarcochlamydinae,,,f,f,,,sarcochlamydinae,,,,,,,,,,,,,,,,,,,,,,,,,,30000535-2,"Ann. Sci. Nat., Bot.",urn:lsid:ipni.org:publications:525-2,1854,1854,,Wedd.,subtrib.,"Ann. Sci. Nat., Bot. sér. 4, 1: 175. 1854 , as 'Sarcochlamideae'",", as 'Sarcochlamideae'",,,,8,,,,f,t,,,,,,,Wedd.@11480-1@1@aut,,,tax. nov.,,1.2,f,urticaceaesarcochlamydinae,urticaceae~~~~,,683,wfo-4100006535,,subtribe,,,,
urn:lsid:ipni.org:names:77379394-1,"(Wedd.) Z.Y.Wu, X.G.Fu & D.Z.Li",Urticaceae subtrib. Sarcochlamydinae Wedd.,(Wedd.),77379393-1,,,48(2): 302,,,,,,,,,,,,28/04/2026 15:55,28/04/2026 15:55,,,Urticaceae,trib. Sarcochlamydeae,trib. Sarcochlamydeae,,,f,f,,,sarcochlamydeae,,,,,,,,,,,,,,,,,,,,,,,,,,30000535-2,Pl. Diversity,urn:lsid:ipni.org:publications:20022365-1,2025,2025 [17 Dec 2025],[17 Dec 2025],"Z.Y.Wu, X.G.Fu & D.Z.Li",trib.,Pl. Diversity 48(2): 302. 2025 [17 Dec 2025] ,,doi:10.1016/j.pld.2025.12.003,,,11,,,,f,t,,,,,,,X.G.Fu@20064058-1@2@aut$Z.Y.Wu@20017723-1@1@aut$Wedd.@11480-1@4@bas$D.Z.Li@15629-1@3@aut,,,stat. nov.,,1.1,f,urticaceaesarcochlamydeae,urticaceae~~~~,,684,wfo-4100006536,,tribe,,,,
urn:lsid:ipni.org:names:77379395-1,"(Wedd.) Z.Y.Wu, X.G.Fu & D.Z.Li",Urticaceae Laportea decumana Wedd.,(Wedd.),854252-1,,,48(2): 303,,,,,,,,,,,,28/04/2026 15:57,28/04/2026 15:57,,,Urticaceae,Dendrocnide decumana,Dendrocnide decumana,Dendrocnide,,f,f,,,,,,,,,,,,,,,,,,,,,,,,,,,,,40771-1,Pl. Diversity,urn:lsid:ipni.org:publications:20022365-1,2025,2025 [17 Dec 2025],[17 Dec 2025],"Z.Y.Wu, X.G.Fu & D.Z.Li",spec.,Pl. Diversity 48(2): 303. 2025 [17 Dec 2025] ,,doi:10.1016/j.pld.2025.12.003,,,11,decumana,,,f,t,,,,,,,D.Z.Li@15629-1@3@aut$Z.Y.Wu@20017723-1@1@aut$X.G.Fu@20064058-1@2@aut$Wedd.@11480-1@4@bas,,,comb. nov.,,1.1,f,dendrocnide~decumana,urticaceaedendrocnide~decumana~,,685,wfo-1000089901,,species,,,,
urn:lsid:ipni.org:names:77379396-1,"(Baker) Z.Y.Wu, X.G.Fu & D.Z.Li",Urticaceae Urera oligoloba Baker,(Baker),857042-1,,,48(2): 303,,,,,,,,,,,,28/04/2026 15:58,28/04/2026 15:58,,,Urticaceae,Obetia oligoloba,Obetia oligoloba,Obetia,,f,f,,,,,,,,,,,,,,,,,,,,,,,,,,,,,40912-1,Pl. Diversity,urn:lsid:ipni.org:publications:20022365-1,2025,2025 [17 Dec 2025],[17 Dec 2025],"Z.Y.Wu, X.G.Fu & D.Z.Li",spec.,Pl. Diversity 48(2): 303. 2025 [17 Dec 2025] ,,doi:10.1016/j.pld.2025.12.003,,,11,oligoloba,,,f,t,,,,,,,X.G.Fu@20064058-1@2@aut$D.Z.Li@15629-1@3@aut$Baker@407-1@4@bas$Z.Y.Wu@20017723-1@1@aut,,,comb. nov.,,1.1,f,obetia~oligoloba,urticaceaeobetia~oligoloba~,,686,wfo-1000089902,,species,,,,
urn:lsid:ipni.org:names:77379397-1,"(Wedd.) Z.Y.Wu, X.G.Fu & D.Z.Li",Urticaceae Girardinia cuspidata Wedd.,(Wedd.),854093-1,,,48(2): 304,,,,,,,,,,,,28/04/2026 16:02,28/04/2026 16:02,,,Urticaceae,Sceptrocnide cuspidata,Sceptrocnide cuspidata,Sceptrocnide,,f,f,,,,,,,,,,,,,,,,,,,,,,,,,,,,,40984-1,Pl. Diversity,urn:lsid:ipni.org:publications:20022365-1,2025,2025 [17 Dec 2025],[17 Dec 2025],"Z.Y.Wu, X.G.Fu & D.Z.Li",spec.,Pl. Diversity 48(2): 304. 2025 [17 Dec 2025] ,,doi:10.1016/j.pld.2025.12.003,,,11,cuspidata,,,f,t,,,,,,,Wedd.@11480-1@4@bas$Z.Y.Wu@20017723-1@1@aut$X.G.Fu@20064058-1@2@aut$D.Z.Li@15629-1@3@aut,,,comb. nov.,,1.1,f,sceptrocnide~cuspidata,urticaceaesceptrocnide~cuspidata~,,687,wfo-1000089903,,species,,,,
urn:lsid:ipni.org:names:77379398-1,"(Torr.) Z.Y.Wu, X.G.Fu & D.Z.Li",Urticaceae Hesperocnide tenella Torr.,(Torr.),854173-1,,,48(2): 304,,,,,,,,,,,,28/04/2026 16:05,28/04/2026 16:05,,,Urticaceae,Urtica tenella,Urtica tenella,Urtica,,f,f,,,,,,,,,,,,,,,,,,,,,,,,,,,,,30002031-2,Pl. Diversity,urn:lsid:ipni.org:publications:20022365-1,2025,2025 [17 Dec 2025],[17 Dec 2025],"Z.Y.Wu, X.G.Fu & D.Z.Li",spec.,Pl. Diversity 48(2): 304. 2025 [17 Dec 2025] ,,doi:10.1016/j.pld.2025.12.003,,,11,tenella,,,f,t,,,,,,,Z.Y.Wu@20017723-1@1@aut$D.Z.Li@15629-1@3@aut$Torr.@10754-1@4@bas$X.G.Fu@20064058-1@2@aut,,,comb. nov.,,1.1,f,urtica~tenella,urticaceaeurtica~tenella~,,688,wfo-1000089904,,species,,,,
urn:lsid:ipni.org:names:77379399-1,(Waldst. & Kit.) Spreng.,Dipsacaceae Scabiosa canescens Waldst. & Kit.,(Waldst. & Kit.),319769-1,,,1: 380,,,,,,,,,,,,28/04/2026 16:29,28/04/2026 16:29,,,Dipsacaceae,Asterocephalus canescens,Asterocephalus canescens,Asterocephalus,,f,f,,,,,,,,,,,,,,,,,,,,,,,,,,,,,14294-1,"Syst. Veg., ed. 16.",urn:lsid:ipni.org:publications:14620-2,1824,1824 [dt. 1825; publ. late 1824],[dt. 1825; publ. late 1824],Spreng.,spec.,"Syst. Veg., ed. 16. 1: 380. 1824 [dt. 1825; publ. late 1824] ",,,,,11,canescens,,,f,t,,,,,,,Spreng.@9992-1@1@aut$Waldst.@12989-1@2@bas$Kit.@4819-1@3@bas,,,comb. nov.,318980-1,1.1,f,asterocephalus~canescens,dipsacaceaeasterocephalus~canescens~,,689,wfo-1200118331,,species,,,,
urn:lsid:ipni.org:names:77379400-1,"X.J.Zhang, Bo Xu & M.X.Zhao",,,,,,274: 121,,13,,10,,Tsui-4759,2025,,"Bo Xu, Yongpeng Guo, Ziyi Wang, Sangbu Zhala",,,29/04/2026 07:48,30/04/2026 14:48,"Tibet (China, Asia-Temperate)",E,Saxifragaceae,Saxifraga zhiminiae,Saxifraga zhiminiae,Saxifraga,,f,f,,,,,,,,27,54,48,"Xizang: Xigaze City, Dinggyê County, Chentang Town, 3408 m",87,29,18,,,,,,N,,,,,,,,,30002955-2,PhytoKeys,urn:lsid:ipni.org:publications:20011997-1,2026,2026 [30 Apr 2026],[30 Apr 2026],"X.J.Zhang, Bo Xu & M.X.Zhao",spec.,PhytoKeys 274: 121. 2026 [30 Apr 2026] ,,doi:10.3897/phytokeys.274.183653 [english] Etymology: name honours Professor Zhimin Li of Yunnan Normal University.,,,11,zhiminiae,,,f,t,,holotype KUN KUN1719076;isotype SWFC;isotype KUN KUN1719075,,,,,Bo Xu@20011382-2@2@aut$M.X.Zhao@20033066-1@3@aut$X.J.Zhang@20033431-1@1@aut,,,tax. nov.,,1.3,f,saxifraga~zhiminiae,saxifragaceaesaxifraga~zhiminiae~,,690,wfo-1000089905,,species,,,,
urn:lsid:ipni.org:names:77379401-1,L.J.Singh & Ranjan,,,,,,137(2): [2 of 13],,,,,,,,,,,,29/04/2026 08:28,29/04/2026 09:20,,,Loranthaceae,Crispusanthus,Crispusanthus,Crispusanthus,,f,f,,,,,,,,,,,,,,,,,,,,,,,,,,,,,30000121-2,Feddes Repert.,urn:lsid:ipni.org:publications:914-2,2026,2026 [23 Apr 2026],[23 Apr 2026],L.J.Singh & Ranjan,gen.,Feddes Repert. 137(2): [2 of 13]. 2026 [23 Apr 2026] ,,doi:10.1002/fedr.70097 [english] Etymology: name derived from the Latin word 'Crispus' meaning 'curly' for the curling nature of flower petals.,,,9,,,,f,t,77379402-1,,Crispusanthus indicus L.J. Singh & V. Ranjan,,,,L.J.Singh@20021553-1@1@aut$Ranjan@20015814-1@2@aut,,,tax. nov.,,1.3,f,crispusanthus,loranthaceaecrispusanthus~~~,,691,wfo-4100006537,,genus,,,,
urn:lsid:ipni.org:names:77379402-1,L.J.Singh & Ranjan,,,,,,137(2): [8 of 13],,25,,5,,81753,2025,,Vinay Ranjan,,,29/04/2026 09:12,29/04/2026 09:12,"West Bengal (India, Indian Subcontinent, Asia-Tropical)",,Loranthaceae,Crispusanthus indicus,Crispusanthus indicus,Crispusanthus,,f,f,,,,,,,,,,,"arjeeling, Neora Valley, GolitarKolakham near Lava",,,,,,,,,,,,,,,,,,77379401-1,Feddes Repert.,urn:lsid:ipni.org:publications:914-2,2026,2026 [23 Apr 2026],[23 Apr 2026],L.J.Singh & Ranjan,spec.,Feddes Repert. 137(2): [8 of 13]. 2026 [23 Apr 2026] ,,doi:10.1002/fedr.70097 [english] Etymology: named after the geographical region of the collection.,,,11,indicus,,,f,t,,holotype PBL;isotype BSA,,,,,L.J.Singh@20021553-1@1@aut$Ranjan@20015814-1@2@aut,,,tax. nov.,,1.1,f,crispusanthus~indicus,loranthaceaecrispusanthus~indicus~,,692,wfo-1000089906,,species,,,,
urn:lsid:ipni.org:names:77379404-1,Kottaim.,,,,,,137(1)-e70061: [1 of 2],,,,,,,,,,,,29/04/2026 09:26,29/04/2026 09:26,,,Ebenaceae,Diospyros shukangii,Diospyros shukangii,Diospyros,,f,f,,,,,,,,,,,,,,,,,,,,,,,,,,,,,326017-2,Feddes Repert.,urn:lsid:ipni.org:publications:914-2,2026,2026 [21 Jan 2026],[21 Jan 2026],Kottaim.,spec.,"Feddes Repert. 137(1)-e70061: [1 of 2]. 2026 [21 Jan 2026] , as 'shukangi'",", as 'shukangi'",doi:10.1002/fedr.70061 Etymology: named in honour of Prof. Lee Shu-kang for his remarkable contributions to the Ebenaceae of China.,77174862-1,,9,shukangii,,,f,t,,,,,,,Kottaim.@20027938-1@1@aut,,,nom. nov.,,1.1,f,diospyros~shukangii,ebenaceaediospyros~shukangii~,,693,wfo-1000089907,,species,,,,
urn:lsid:ipni.org:names:77379405-1,"Sag.Kumari, L.J.Singh & A.K.Pandey",,,,,,137(1)-e70060: [3 of 9],,14,,1,,"35,881",2025,,Sagarika Kumari,,,29/04/2026 10:05,01/05/2026 18:32,"Andaman Is. (Andaman Is., Indo-China, Asia-Tropical)",,Asclepiadaceae,Vincetoxicum andamanicum,Vincetoxicum andamanicum,Vincetoxicum,,f,f,,,,,,,,,,,"North Andaman Saddle Peak, 600 m",,,,,,,,,,,,,,,,,,30010004-2,Feddes Repert.,urn:lsid:ipni.org:publications:914-2,2026,2026 [23 Jan 2026],[23 Jan 2026],"Sag.Kumari, L.J.Singh & A.K.Pandey",spec.,Feddes Repert. 137(1)-e70060: [3 of 9]. 2026 [23 Jan 2026] ,,"doi:10.1002/fedr.70060 [english] Etymology: named after the type locality, Andaman group of Islands.",,,11,andamanicum,,,f,t,,holotype PBL;isotype CAL;isotype PBL,,,,,L.J.Singh@20021553-1@2@aut$Sag.Kumari@20098225-1@1@aut$A.K.Pandey@32045-1@3@aut,,,tax. nov.,,1.2,f,vincetoxicum~andamanicum,asclepiadaceaevincetoxicum~andamanicum~,,694,wfo-1000089908,,species,,,,
urn:lsid:ipni.org:names:77379406-1,Soosairaj,,,,,,137(1)-e70052: [3 of 6],,14,,1,,,2023,,S. Soosairaj,,,29/04/2026 10:15,29/04/2026 10:15,"Tamil Nadu (India, Indian Subcontinent, Asia-Tropical)",E,Malvaceae,Sabdariffa pudukkottaiensis,Sabdariffa pudukkottaiensis,Sabdariffa,,f,f,,,,,,,,10,31,42,"Pudukkottai district, 150-200m",78,47,3,,,,,,N,,,,,,,,,26048-1,Feddes Repert.,urn:lsid:ipni.org:publications:914-2,2025,2025 [24 Dec 2025],[24 Dec 2025],Soosairaj,spec.,Feddes Repert. 137(1)-e70052: [3 of 6]. 2025 [24 Dec 2025] ,,"doi:10.1002/fedr.70052 [english] Etymology: name refers to Pudukkottai District, from where the type specimen was collected.",,,10,pudukkottaiensis,,,f,t,,holotype RHT,,,,,Soosairaj@20032833-1@1@aut,,,tax. nov.,,1.1,f,sabdariffa~pudukkottaiensis,malvaceaesabdariffa~pudukkottaiensis~,,695,wfo-1000089909,,species,,,,
urn:lsid:ipni.org:names:77379407-1,"S.Y.Wong, P.C.Boyce & A.Hay",,,,,,137(1)-e70063: [1 of 6],,13,,12,,AR-865,2004,,"P.C. Boyce, Jeland ak Kisai &amp; M. Gibernau",,,29/04/2026 10:51,29/04/2026 10:51,"Sarawak (Borneo, Malesia, Asia-Tropical)",E,Araceae,Bau djinna,Bau djinna,Bau,,f,f,,,,,,,,1,56,46,"Kapit, Taman Rekreasi Sebabai, 50 m",112,54,17,,,,,,N,,,,,,,,,77348028-1,Feddes Repert.,urn:lsid:ipni.org:publications:914-2,2026,2026 [10 Mar 2026],[10 Mar 2026],"S.Y.Wong, P.C.Boyce & A.Hay",spec.,Feddes Repert. 137(1)-e70063: [1 of 6]. 2026 [10 Mar 2026] ,,"doi:10.1002/fedr.70063 [english] Etymology: name meaning to hide, conceal, or cover, used in the feminine nominative, djinna, in the sense that the spadix is concealed by the hardly opening spathe.",,,11,djinna,,,f,t,,holotype SAR;isotype SAR,,,,,S.Y.Wong@20009926-1@1@aut$A.Hay@20080-1@3@aut$P.C.Boyce@12438-1@2@aut,,,tax. nov.,,1.1,f,bau~djinna,araceaebau~djinna~,,696,wfo-1000089910,,species,,,,
urn:lsid:ipni.org:names:77379408-1,Lalnunf. & Lalawmp.,,,,,,137(1)-e70036: [5 of 7],,11,,7,,191,2024,,Feli and Lucy,,,29/04/2026 15:02,01/05/2026 18:35,"Mizoram (Assam, Indian Subcontinent, Asia-Tropical)",E,Rubiaceae,Ophiorrhiza mizoramensis,Ophiorrhiza mizoramensis,Ophiorrhiza,,f,f,,,,,,,,23,39,15,"Champhai, Murlen National Park,Kelchiral road, on the way to the crop field, 1341 m",93,16,30,,,,,,N,,,,,,,,,30280723-2,Feddes Repert.,urn:lsid:ipni.org:publications:914-2,2026,2026 [4 Feb 2026],[4 Feb 2026],Lalnunf. & Lalawmp.,spec.,Feddes Repert. 137(1)-e70036: [5 of 7]. 2026 [4 Feb 2026] ,,"doi:10.1002/fedr.70036 [english] Etymology: name refers to Mizoram, the state from which the new species was collected.",,,11,mizoramensis,,,f,t,,holotype MCCH;isotype ASSAM,,,,,Lalawmp.@20098226-1@2@aut$Lalnunf.@20098227-1@1@aut,,,tax. nov.,,1.3,f,ophiorrhiza~mizoramensis,rubiaceaeophiorrhiza~mizoramensis~,,697,wfo-1000089911,,species,,,,
urn:lsid:ipni.org:names:77379409-1,Deroliya & Ram.Kumar bis,,,,,,137(1)-e70041: [1 of 2],,,,,,,,,,,,29/04/2026 15:11,29/04/2026 15:11,,,Asclepiadaceae,Ceropegia nilagiriensis,Ceropegia nilagiriensis,Ceropegia,,f,f,,,,,,,,,,,,,,,,,,,,,,,,,,,,,328162-2,Feddes Repert.,urn:lsid:ipni.org:publications:914-2,2026,2026 [4 Feb 2026],[4 Feb 2026],Deroliya & Ram.Kumar bis,spec.,Feddes Repert. 137(1)-e70041: [1 of 2]. 2026 [4 Feb 2026] ,,doi:10.1002/fedr.70041 Etymology: name refers to the locality from which the type specimen was collected.,77211853-1,,9,nilagiriensis,,,f,t,,,,,,,Deroliya@20069253-1@1@aut$Ram.Kumar bis@20084577-1@2@aut,,,nom. nov.,,1.1,f,ceropegia~nilagiriensis,asclepiadaceaeceropegia~nilagiriensis~,,698,wfo-1000089912,,species,,,,
urn:lsid:ipni.org:names:77379410-1,S.Y.Wong & P.C.Boyce,,,,,,137(1)-e70075: [1 of 5],,18,,6,,AR-3981,2012,,K. Nakamoto,,,29/04/2026 15:52,29/04/2026 15:52,"Kalimantan (Borneo, Malesia, Asia-Tropical)",,Araceae,Ooia rhea,Ooia rhea,Ooia,,f,f,,,,,,,,,,,"Kalimantan Utara, Malinau Selatan, Mentarang village, near the confluence of Sungai Mentarang and Sg. Malinau",,,,,,,,,,,,,,,,,,77108665-1,Feddes Repert.,urn:lsid:ipni.org:publications:914-2,2026,2026 [19 Mar 2026],[19 Mar 2026],S.Y.Wong & P.C.Boyce,spec.,Feddes Repert. 137(1)-e70075: [1 of 5]. 2026 [19 Mar 2026] ,,"doi:10.1002/fedr.70075 [english] Etymology: name in the feminine nominative honouring the Greek Titaness Rhea,daughter of Gaia and Uranus, and associated with streams and rivers, via connotation with the Greek verb rhein, to flow,and by extension forming the stem of rheophyte.",,,11,rhea,,,f,t,,holotype BO;isotype BO;isotype SAR,,,,,P.C.Boyce@12438-1@2@aut$S.Y.Wong@20009926-1@1@aut,,,tax. nov.,,1.1,f,ooia~rhea,araceaeooia~rhea~,,699,wfo-1000089913,,species,,,,
urn:lsid:ipni.org:names:77379412-1,S.Y.Wong & P.C.Boyce,,,,,,137(1)-e70075: [4 of 5],,2,,9,,AR 2810,2017,,K. Nakamoto,,,29/04/2026 16:00,29/04/2026 16:00,"Kalimantan (Borneo, Malesia, Asia-Tropical)",E,Araceae,Ooia stygis,Ooia stygis,Ooia,,f,f,,,,,,,,,51,56,"Kalimantan Barat, Bengkayang, Pajintan, Ayer Terjun Sibohe, 80 m",109,2,25,,,,,,N,,,,,,,,,77108665-1,Feddes Repert.,urn:lsid:ipni.org:publications:914-2,2026,2026 [19 Mar 2026],[19 Mar 2026],S.Y.Wong & P.C.Boyce,spec.,Feddes Repert. 137(1)-e70075: [4 of 5]. 2026 [19 Mar 2026] doi:10.1002/fedr.70075 [english] Etymology:,doi:10.1002/fedr.70075 [english] Etymology:,"doi:10.1002/fedr.70075 [english] Etymology: named for primordial goddess of the Oceanids, a vast sisterhood of water nymphs tied to rivers, springs, and natural waters, with styx rendered feminine genitive singular stygis indicating dedication or association (‘of Styx’).",,,11,stygis,,,f,t,,holotype BO;isotype BO;isotype SAR,,,,,P.C.Boyce@12438-1@2@aut$S.Y.Wong@20009926-1@1@aut,,,tax. nov.,,1.1,f,ooia~stygis,araceaeooia~stygis~,,700,wfo-1000089914,,species,,,,
urn:lsid:ipni.org:names:77379413-1,"R.Maity, U.L.Tiwari & S.S.Dash",,,,,,137(1)-e70078: [2 of 6],,19,,4,,90801,2022,,"SSD, ULT &amp; RM",,,29/04/2026 16:09,29/04/2026 16:09,"Arunachal Pradesh (East Himalaya, Indian Subcontinent, Asia-Tropical)",E,Actinidiaceae,Actinidia indica,Actinidia indica,Actinidia,,f,f,,,,,,,,27,38,21,"Lower Subansiri District, about 8 km towards Raga from Old Ziro, 1725 m",93,51,26,,,,,,N,,,,,,,,,38999-1,Feddes Repert.,urn:lsid:ipni.org:publications:914-2,2026,2026 [19 Mar 2026],[19 Mar 2026],"R.Maity, U.L.Tiwari & S.S.Dash",spec.,Feddes Repert. 137(1)-e70078: [2 of 6]. 2026 [19 Mar 2026] ,,doi:10.1002/fedr.70078 [english] Etymology: name given after its native country India.,,,11,indica,,,f,t,,holotype CAL;isotype ARUN,,,,,R.Maity@20049631-1@1@aut$U.L.Tiwari@20017719-1@2@aut$S.S.Dash@40000-1@3@aut,,,tax. nov.,,1.1,f,actinidia~indica,actinidiaceaeactinidia~indica~,,701,wfo-1000089915,,species,,,,
urn:lsid:ipni.org:names:77379418-1,J.L.Clark,,,,,,34: 99,,6,,7,,8472,2003,,J.L.Clark &amp; E.Folleco,,,29/04/2026 19:16,30/04/2026 08:38,"Ecuador (Western South America, Southern America)",W,Gesneriaceae,Columnea glaucobracteata,Columnea glaucobracteata,Columnea,,f,f,,,,,,,,,49,46,"Carchi: Cantón Espejo, Parroquia Guatal, Mirador de las Golondrinas (Fundación Golondrinas), trail from El Corazón toward La Cortadera (2 km NE of refugio), 2000-2500 m",78,7,3,,,,,,N,,,,,,,,,30002865-2,Novon,urn:lsid:ipni.org:publications:14256-2,2026,2026 [29 Apr 2026],[29 Apr 2026],J.L.Clark,spec.,Novon 34: 99. 2026 [29 Apr 2026] ,,"doi:10.3417/20261035 [english] Etymology: name derived from the Latin 'glaucus', meaning 'whitish-green' coloration and 'bracteatus', meaning 'having bracts', referring to the distinctive greenish-white (glaucous) bracts that partially to completely cover the corolla",,,11,glaucobracteata,,,f,t,,holotype SEL SEL065344;isotype MO;isotype NY;isotype QCNE;isotype US US00961914,,,,,J.L.Clark@39372-1@1@aut,,,tax. nov.,,1.3,f,columnea~glaucobracteata,gesneriaceaecolumnea~glaucobracteata~,,702,wfo-1000089916,,species,,,,
urn:lsid:ipni.org:names:77379420-1,(Standl.) C.M.Taylor,Rubiaceae Psychotria arirambana Standl.,(Standl.),212455-2,,,34: 6,,,,,,,,,,,,30/04/2026 08:58,30/04/2026 08:58,,,Rubiaceae,Palicourea arirambana,Palicourea arirambana,Palicourea,,f,f,,,,,,,,,,,,,,,,,,,,,,,,,,,,,30000890-2,Novon,urn:lsid:ipni.org:publications:14256-2,2026,2026 [5 Feb 2026],[5 Feb 2026],C.M.Taylor,spec.,Novon 34: 6. 2026 [5 Feb 2026] ,,doi:10.3417/20261011,,,11,arirambana,,,f,t,,,,,,,Standl.@10019-1@2@bas$C.M.Taylor@27568-1@1@aut,,,comb. nov.,,1.1,f,palicourea~arirambana,rubiaceaepalicourea~arirambana~,,703,wfo-1000089917,,species,,,,
urn:lsid:ipni.org:names:77379421-1,C.M.Taylor,,,,,,34: 8,,15,,11,,8179,2001,,"P. Delprete, E. C. Oliveira, M. A. A. Pereira &amp; E. Ferreira",,,30/04/2026 09:04,30/04/2026 09:09,"Acre (Brazil North, Brazil, Southern America);Peru (Western South America, Southern America);",W,Rubiaceae,Palicourea campinaranana,Palicourea campinaranana,Palicourea,,f,f,,,,,,,,7,35,1,"Acre: Mâncio Lima, estrada do Isaco, Km. 8, 240 m",72,58,27,,,,,,S,,,,,,,,,30000890-2,Novon,urn:lsid:ipni.org:publications:14256-2,2026,2026 [5 Feb 2026],[5 Feb 2026],C.M.Taylor,spec.,Novon 34: 8. 2026 [5 Feb 2026] ,,doi:10.3417/20261011 [english] Etymology: name refers to Amazonian campinarana vegetation.,,,11,campinaranana,,,f,t,,holotype MO MO5760182;isotype NY NY709407,,,,,C.M.Taylor@27568-1@1@aut,,,tax. nov.,,1.2,f,palicourea~campinaranana,rubiaceaepalicourea~campinaranana~,,704,wfo-1000089918,,species,,,,
urn:lsid:ipni.org:names:77379422-1,C.M.Taylor,,,,,,34: 10,,26,,11,,8189,2006,,"L. Valenzuela, J. Farfán &amp; E. Suclli",,,30/04/2026 09:11,30/04/2026 09:11,"Peru (Western South America, Southern America)",W,Rubiaceae,Palicourea cuscana,Palicourea cuscana,Palicourea,,f,f,,,,,,,,12,55,29,"Cusco: La Convención, distr. Maranura, Río  Blanco, 2680 m",72,36,9,,,,,,S,,,,,,,,,30000890-2,Novon,urn:lsid:ipni.org:publications:14256-2,2026,2026 [5 Feb 2026],[5 Feb 2026],C.M.Taylor,spec.,Novon 34: 10. 2026 [5 Feb 2026] ,,doi:10.3417/20261011 [english] Etymology: name refers to a rather small region in the department of Cusco from which the species is known.,,,11,cuscana,,,f,t,,holotype MO MO6956135;isotype CUZ;isotype MOL,,,,,C.M.Taylor@27568-1@1@aut,,,tax. nov.,,1.1,f,palicourea~cuscana,rubiaceaepalicourea~cuscana~,,705,wfo-1000089919,,species,,,,
urn:lsid:ipni.org:names:77379423-1,C.M.Taylor,,,,,,34: 12,,15,,4,,11959,1971,,"G. T. Prance, P. J. M. Maas, K. Ku bitzki, W. C. Steward, J. F. Ramos, W. S. Pinheiro  &amp; J. F. Lima",,,30/04/2026 09:15,30/04/2026 09:15,"Acre (Brazil North, Brazil, Southern America);Peru (Western South America, Southern America);",,Rubiaceae,Palicourea dalyana,Palicourea dalyana,Palicourea,,f,f,,,,,,,,,,,"Acre: Cruzeiro do Sul, Rio Jurua & Rio  Moa, estrada Alemanha",,,,,,,,,,,,,,,,,,30000890-2,Novon,urn:lsid:ipni.org:publications:14256-2,2026,2026 [5 Feb 2026],[5 Feb 2026],C.M.Taylor,spec.,Novon 34: 12. 2026 [5 Feb 2026] ,,"doi:10.3417/20261011 [english] Etymology: name honours Dr. Douglas C. Daly, an accomplished tropical plant  taxonomist who has led extensive and productive botanical explorations of this Brazilian state.",,,11,dalyana,,,f,t,,holotype INPA INPA30272;isotype MG MG42751;isotype MO MO04843126;isotype US US2881892,,,,,C.M.Taylor@27568-1@1@aut,,,tax. nov.,,1.1,f,palicourea~dalyana,rubiaceaepalicourea~dalyana~,,706,wfo-1000089920,,species,,,,
urn:lsid:ipni.org:names:77379424-1,C.M.Taylor,,,,,,34: 14,,17,,2,,13727,2002,,"D. Neill, W. Quizhpe, J. Manzanares, A. Hirtz,  T. DeLinks &amp; C. Cole",,,30/04/2026 09:36,30/04/2026 11:16,"Ecuador (Western South America, Southern America)",W,Rubiaceae,Palicourea duende,Palicourea duende,Palicourea,,f,f,,,,,,,,4,7,29,"Zamora-Chinchipe: cantón Nangaritza,  Cordillera de Nanguipa, Cerro Colorado, ca. 8 km by air SSE of Nambija, 20 km ESE of Zamora, 2740 m",78,46,25,,,,,,S,,,,,,,,,30000890-2,Novon,urn:lsid:ipni.org:publications:14256-2,2026,2026 [5 Feb 2026],[5 Feb 2026],C.M.Taylor,spec.,Novon 34: 14. 2026 [5 Feb 2026] ,,"doi:10.3417/20261011 [english] Etymology: name refers to the slender habit with a few small flowers tucked into the closely set, small leaves, giving the flowers a fairylike appearance in this dwarfed, from 'duende', the Spanish word for 'fairy'.",,,11,duende,,,f,t,,holotype MO MO-6956206;isotype QCNE,,,,,C.M.Taylor@27568-1@1@aut,,,tax. nov.,,1.2,f,palicourea~duende,rubiaceaepalicourea~duende~,,707,wfo-1000089921,,species,,,,
urn:lsid:ipni.org:names:77379425-1,Li Bing Zhang & H.He,,,,,,752(4): 244,,11,,11,,5190,2009,,Li Bing Zhang &amp; Hai He,,,30/04/2026 10:00,30/04/2026 10:00,"Guangxi (China Southeast, China, Asia-Temperate)",,Dryopteridaceae,Polystichum adclivum,Polystichum adclivum,Polystichum,,f,f,,,,,,,,,,,"Fengshan Xian, Jiangzhou Xiang, Babiao Cun, in cave entrance, ca. 590 m",,,,,,,,,,,,,,,,,,327121-2,Phytotaxa,urn:lsid:ipni.org:publications:20011462-1,2026,2026 [29 Apr 2026],[29 Apr 2026],Li Bing Zhang & H.He,spec.,Phytotaxa 752(4): 244. 2026 [29 Apr 2026] ,,"doi:10.11646/phytotaxa.752.4.1 Etymology: the specific epithet is named in reference to the ascending, upward pointing pinnae of this species.",,,11,adclivum,,,f,t,,holotype CDBI;isotype CTC;isotype MO,,,,,Li Bing Zhang@36529-1@1@aut$H.He@37465-1@2@aut,,,tax. nov.,,1.1,f,polystichum~adclivum,dryopteridaceaepolystichum~adclivum~,,708,wfo-1000089922,,species,,,,
urn:lsid:ipni.org:names:77379426-1,Roxb.,,,,,,69,,,,,,,,,,,,30/04/2026 10:06,30/04/2026 12:09,,,Euphorbiaceae,Phyllanthus obcordatus,Phyllanthus obcordatus,Phyllanthus,,f,f,,,,,,,,,,,,,,,nom. inval. nom. nud.,,nom. inval.,,,,,,,,,,,,327609-2,Hort. Bengal.,urn:lsid:ipni.org:publications:969-2,1814,1814,,Roxb.,spec.,Hort. Bengal. 69. 1814 ,,,,,9,obcordatus,,,f,t,,,,,,,Roxb.@8682-1@1@aut,,,tax. nov.,,1.3,f,phyllanthus~obcordatus,euphorbiaceaephyllanthus~obcordatus~,,709,wfo-1200118332,,species,,,,
urn:lsid:ipni.org:names:77379427-1,Li Bing Zhang & H.He,,,,,,752(4): 244,,10,,11,,5132,2009,,Li Bing Zhang &amp; Hai He,,,30/04/2026 10:07,30/04/2026 10:07,"Guangxi (China Southeast, China, Asia-Temperate)",,Dryopteridaceae,Polystichum crepusculum,Polystichum crepusculum,Polystichum,,f,f,,,,,,,,,,,"Leye Xian, Tongle Zhen, Yanglin Cun, on cave walls, 970 m",,,,,,,,,,,,,,,,,,327121-2,Phytotaxa,urn:lsid:ipni.org:publications:20011462-1,2026,2026 [29 Apr 2026],[29 Apr 2026],Li Bing Zhang & H.He,spec.,Phytotaxa 752(4): 244. 2026 [29 Apr 2026] ,,doi:10.11646/phytotaxa.752.4.1 Etymology: the specific epithet is a reference to the 'twilight' conditions of the habitat in which this species grows.,,,11,crepusculum,,,f,t,,holotype CDBI;isotype CTC;isotype MO,,,,,Li Bing Zhang@36529-1@1@aut$H.He@37465-1@2@aut,,,tax. nov.,,1.1,f,polystichum~crepusculum,dryopteridaceaepolystichum~crepusculum~,,710,wfo-1000089923,,species,,,,
urn:lsid:ipni.org:names:77379428-1,Li Bing Zhang & H.He,,,,,,752(4): 249,,9,,11,,5111,2009,,Li Bing Zhang &amp; Hai He,,,30/04/2026 10:11,30/04/2026 10:11,"Guangxi (China Southeast, China, Asia-Temperate)",,Dryopteridaceae,Polystichum dilatatisquamosum,Polystichum dilatatisquamosum,Polystichum,,f,f,,,,,,,,,,,"Tianlin Xian, Langping Xiang, Weigui Cun, in a cave, 1460 m",,,,,,,,,,,,,,,,,,327121-2,Phytotaxa,urn:lsid:ipni.org:publications:20011462-1,2026,2026 [29 Apr 2026],[29 Apr 2026],Li Bing Zhang & H.He,spec.,Phytotaxa 752(4): 249. 2026 [29 Apr 2026] ,,"doi:10.11646/phytotaxa.752.4.1 Etymology: 'The species epithet is a compound adjective based on the Latin adjectives dilatatum, widened, broadened, and squamosum, scaly, referring to the broad microscales on the abaxial surfaces of pinnae of the new species.'",,,11,dilatatisquamosum,,,f,t,,holotype CDBI;isotype CTC;isotype MO,,,,,Li Bing Zhang@36529-1@1@aut$H.He@37465-1@2@aut,,,tax. nov.,,1.1,f,polystichum~dilatatisquamosum,dryopteridaceaepolystichum~dilatatisquamosum~,,711,wfo-1000089924,,species,,,,
urn:lsid:ipni.org:names:77379429-1,Li Bing Zhang & H.He,,,,,,752(4): 249,,,,,,5114,,,Li Bing Zhang &amp; Hai He,,,30/04/2026 10:23,30/04/2026 10:23,"Guangxi (China Southeast, China, Asia-Temperate)",,Dryopteridaceae,Polystichum durispinosum,Polystichum durispinosum,Polystichum,,f,f,,,,,,,,,,,"Tianlin Xian, Langping Xiang, Jiangdong Cun, on cave walls, ca. 1580 m",,,,,,,,,,,,,,,,,,327121-2,Phytotaxa,urn:lsid:ipni.org:publications:20011462-1,2026,2026 [29 Apr 2026],[29 Apr 2026],Li Bing Zhang & H.He,spec.,Phytotaxa 752(4): 249. 2026 [29 Apr 2026] ,,"doi:10.11646/phytotaxa.752.4.1 Etymology: 'The species epithet is a compound Latin adjective composed of durum (hard or tough) and spinosum (spiny), referring to the hard spinules on pinna margins of this new species.'",,,11,durispinosum,,,f,t,,holotype CDBI;isotype CTC;isotype MO,,,,,H.He@37465-1@2@aut$Li Bing Zhang@36529-1@1@aut,,,tax. nov.,,1.1,f,polystichum~durispinosum,dryopteridaceaepolystichum~durispinosum~,,712,wfo-1000089925,,species,,,,
urn:lsid:ipni.org:names:77379430-1,Li Bing Zhang & H.He,,,,,,752(4): 253,,9,,11,,5112,2009,,Li Bing Zhang &amp; Hai He,,,30/04/2026 10:38,30/04/2026 10:38,"Guangxi (China Southeast, China, Asia-Temperate)",,Dryopteridaceae,Polystichum elegantissimum,Polystichum elegantissimum,Polystichum,,f,f,,,,,,,,,,,"Tianlin Xian, Langping Xiang, Weigui Cun, in dry cave, ca. 1460 m",,,,,,,,,,,,,,,,,,327121-2,Phytotaxa,urn:lsid:ipni.org:publications:20011462-1,2026,2026 [29 Apr 2026],[29 Apr 2026],Li Bing Zhang & H.He,spec.,Phytotaxa 752(4): 253. 2026 [29 Apr 2026] ,,"doi:10.11646/phytotaxa.752.4.1 Etymology: the specific epithet is a reference to the beautiful, mostly entire, and dark green pinnae of the new species.",,,11,elegantissimum,,,f,t,,holotype CDBI;isotype CTC;isotype MO,,,,,H.He@37465-1@2@aut$Li Bing Zhang@36529-1@1@aut,,,tax. nov.,,1.1,f,polystichum~elegantissimum,dryopteridaceaepolystichum~elegantissimum~,,713,wfo-1000089926,,species,,,,
urn:lsid:ipni.org:names:77379431-1,Li Bing Zhang & H.He,,,,,,752(4): 253,,11,,11,,5172,2009,,Li Bing Zhang &amp; Hai He,,,30/04/2026 10:41,30/04/2026 10:41,"Guangxi (China Southeast, China, Asia-Temperate)",,Dryopteridaceae,Polystichum longidentatum,Polystichum longidentatum,Polystichum,,f,f,,,,,,,,,,,"Leye Xian, Tongle Zhen, Xialiu Cun, in a dry cave, ca. 1170 m",,,,,,,,,,,,,,,,,,327121-2,Phytotaxa,urn:lsid:ipni.org:publications:20011462-1,2026,2026 [29 Apr 2026],[29 Apr 2026],Li Bing Zhang & H.He,spec.,Phytotaxa 752(4): 253. 2026 [29 Apr 2026] ,,"doi:10.11646/phytotaxa.752.4.1 Etymology: 'The species epithet is a compound Latin adjective combined from longum, long, and dentatum, toothed, referring to the long teeth on distal part of the pinna margins of this new species.'",,,11,longidentatum,,,f,t,,holotype CDBI;isotype CTC;isotype MO,,,,,Li Bing Zhang@36529-1@1@aut$H.He@37465-1@2@aut,,,tax. nov.,,1.1,f,polystichum~longidentatum,dryopteridaceaepolystichum~longidentatum~,,714,wfo-1000089927,,species,,,,
urn:lsid:ipni.org:names:77379432-1,Li Bing Zhang & H.He,,,,,,752(4): 258,,11,,11,,5174,2009,,Li Bing Zhang &amp; Hai He,,,30/04/2026 10:45,30/04/2026 10:45,"Guangxi (China Southeast, China, Asia-Temperate)",,Dryopteridaceae,Polystichum tenuirachis,Polystichum tenuirachis,Polystichum,,f,f,,,,,,,,,,,"Leye Xian, Tongle Zhen, Yanglin Cun, in cave entrance, 1190 m",,,,,,,,,,,,,,,,,,327121-2,Phytotaxa,urn:lsid:ipni.org:publications:20011462-1,2026,2026 [29 Apr 2026],[29 Apr 2026],Li Bing Zhang & H.He,spec.,Phytotaxa 752(4): 258. 2026 [29 Apr 2026] ,,"doi:10.11646/phytotaxa.752.4.1 Etymology: 'The species epithet is a compound noun based on the Latin prefix, tenui-, thin or slender, and the Latin noun rachis, rachis, referring to the slender rachis of the new species.'",,,11,tenuirachis,,,f,t,,holotype CDBI;isotype CTC;isotype MO,,,,,H.He@37465-1@2@aut$Li Bing Zhang@36529-1@1@aut,,,tax. nov.,,1.1,f,polystichum~tenuirachis,dryopteridaceaepolystichum~tenuirachis~,,715,wfo-1000089928,,species,,,,
urn:lsid:ipni.org:names:77379433-1,Li Bing Zhang & H.He,,,,,,752(4): 261,,8,,11,,5096,2009,,Li Bing Zhang &amp; Hai He,,,30/04/2026 10:51,30/04/2026 10:51,"Guangxi (China Southeast, China, Asia-Temperate)",,Dryopteridaceae,Polystichum tianlinense,Polystichum tianlinense,Polystichum,,f,f,,,,,,,,,,,"Tianlin Xian, Langping Xiang, Weigui Cun, in cave entrance, ca. 1400 m",,,,,,,,,,,,,,,,,,327121-2,Phytotaxa,urn:lsid:ipni.org:publications:20011462-1,2026,2026 [29 Apr 2026],[29 Apr 2026],Li Bing Zhang & H.He,spec.,Phytotaxa 752(4): 261. 2026 [29 Apr 2026] ,,"doi:10.11646/phytotaxa.752.4.1 Etymology: the specific epithet is named for the type locality in the Chinese county Tianlin, Guangxi.",,,11,tianlinense,,,f,t,,holotype CDBI;isotype CTC;isotype MO,,,,,H.He@37465-1@2@aut$Li Bing Zhang@36529-1@1@aut,,,tax. nov.,,1.1,f,polystichum~tianlinense,dryopteridaceaepolystichum~tianlinense~,,716,wfo-1000089929,,species,,,,
urn:lsid:ipni.org:names:77379434-1,Li Bing Zhang & H.He,,,,,,752(4): 264,,21,,10,,4818,2009,,Li Bing Zhang &amp; Hai He,,,30/04/2026 10:55,30/04/2026 10:55,"Yunnan (China South-Central, China, Asia-Temperate)",,Dryopteridaceae,Polystichum zhenxiongense,Polystichum zhenxiongense,Polystichum,,f,f,,,,,,,,,,,"Zhenxiong Xian, Huashan Xiang, ca. 2050 m",,,,,,,,,,,,,,,,,,327121-2,Phytotaxa,urn:lsid:ipni.org:publications:20011462-1,2026,2026 [29 Apr 2026],[29 Apr 2026],Li Bing Zhang & H.He,spec.,Phytotaxa 752(4): 264. 2026 [29 Apr 2026] ,,"doi:10.11646/phytotaxa.752.4.1 Etymology: 'The species epithet is from the Chinese pinyin, zhenxiong, the county name in northeastern Yunnan, and the Latin suffix -ense, of origin, referring to the type locality and the current known distribution of the species in Zhenxiong County, Yunnan.'",,,11,zhenxiongense,,,f,t,,holotype CDBI;isotype CTC;isotype MO,,,,,H.He@37465-1@2@aut$Li Bing Zhang@36529-1@1@aut,,,tax. nov.,,1.1,f,polystichum~zhenxiongense,dryopteridaceaepolystichum~zhenxiongense~,,717,wfo-1000089930,,species,,,,
urn:lsid:ipni.org:names:77379435-1,Svent.,,,,,,81(1): 28,,11,,5,,,1949,,E.R.Sventenius,,,30/04/2026 10:56,30/04/2026 11:55,"Canary Is. (Macaronesia, Africa)",,Rosaceae,Bencomia sphaerocarpa,Bencomia sphaerocarpa,Bencomia,,f,f,,,,,,,,,,,Fuente de Tincos [El Hierro] 600 m,,,,,,,,,,,,,,,,,,33681-1,Kew Bull.,urn:lsid:ipni.org:publications:987-2,2026,2026 [31 Jan 2026],[31 Jan 2026],Svent.,spec.,Kew Bull. 81(1): 28. 2026 [31 Jan 2026] ,,"doi:10.1007/s12225-025-10364-y  Etymology: the specific epithet is derived from Greek sphaîrab = sphere, and karpósb= fruit, alluding to shape of its fruits.",,,10,sphaerocarpa,,,f,t,,holotype ORT 18141;isotype ORT 18138,,,,,Svent.@10327-1@1@aut,,,tax. nov.,721781-1,1.2,f,bencomia~sphaerocarpa,rosaceaebencomia~sphaerocarpa~,,718,wfo-1000089357,,species,,,,
urn:lsid:ipni.org:names:77379436-1,C.M.Taylor,,,,,,34: 16,,24,,2,,34185,2018,,"L. Valenzuela  G., J. Flores, G. Shareva, J. Carrasco, A. Inuma  &amp; J. Falcón",,,30/04/2026 11:23,30/04/2026 11:23,"Peru (Western South America, Southern America)",W,Rubiaceae,Palicourea fallax,Palicourea fallax,Palicourea,,f,f,,,,,,,,7,41,28,"San Martín: prov. Bellavista, distr. Algo  Biavo, caserío Nuevo San Miguel, PV 21 Cacha tigre, Parque Nacional Cordillera Azul,  897 m",76,20,53,,,,,,S,,,,,,,,,30000890-2,Novon,urn:lsid:ipni.org:publications:14256-2,2026,2026 [5 Feb 2026],[5 Feb 2026],C.M.Taylor,spec.,Novon 34: 16. 2026 [5 Feb 2026] ,,doi:10.3417/20261011 [english] Etymology: name refers to the subtle and potentially deceptive features that indicate its generic placement.,,,10,fallax,,,f,t,,,,,,,C.M.Taylor@27568-1@1@aut,,,tax. nov.,,1.1,f,palicourea~fallax,rubiaceaepalicourea~fallax~,,719,wfo-1000089931,,species,,,,
urn:lsid:ipni.org:names:77379437-1,C.M.Taylor,,,,,,34: 19,,,,10,,16,2003,,A. Sesser,,,30/04/2026 11:27,30/04/2026 11:27,"Peru (Western South America, Southern America)",W,Rubiaceae,Palicourea farfanii,Palicourea farfanii,Palicourea,,f,f,,,,,,,,13,6,21,"Cusco: prov. Paucartambo, distr. Challa bamba, Trocha Unión, Km. 5, parcel 4, 2750 m",71,35,21,,,,,,S,,,,,,,,,30000890-2,Novon,urn:lsid:ipni.org:publications:14256-2,2026,2026 [5 Feb 2026],[5 Feb 2026],C.M.Taylor,spec.,Novon 34: 19. 2026 [5 Feb 2026] ,,doi:10.3417/20261011 [english] Etymology: name honours the energetic Peruvian ecologist Dr. William Farfan.,,,11,farfanii,,,f,t,,holotype MO MO-04824885,,,,,C.M.Taylor@27568-1@1@aut,,,tax. nov.,,1.1,f,palicourea~farfanii,rubiaceaepalicourea~farfanii~,,720,wfo-1000089932,,species,,,,
urn:lsid:ipni.org:names:77379438-1,C.M.Taylor,,,,,,34: 21,,19,,8,,225,1984,,N. Betancourt,,,30/04/2026 11:32,30/04/2026 11:32,"Colombia (Western South America, Southern America);Ecuador (Western South America, Southern America);",W,Rubiaceae,Palicourea hooveri,Palicourea hooveri,Palicourea,,f,f,,,,,,,,,5,,"Ecuador. Pichincha: Reserva de ENDESA 'Corporación Foristcal Juan Manual Durini', carretera Quito–Puerto Quito, Km. 113, 10 km al N de  la carretera principal, 800 m",79,2,,,,,,,N,,,,,,,,,30000890-2,Novon,urn:lsid:ipni.org:publications:14256-2,2026,2026 [5 Feb 2026],[5 Feb 2026],C.M.Taylor,spec.,Novon 34: 21. 2026 [5 Feb 2026] ,,"doi:10.3417/20261011 [english] Etymology: name honours Walter Scott Hoover, who explored and collected plants in these challengingly wet areas in northwestern Ecuador.",,,11,hooveri,,,f,t,,holotype MO MO-3248071;isotype QCA,,,,,C.M.Taylor@27568-1@1@aut,,,tax. nov.,,1.1,f,palicourea~hooveri,rubiaceaepalicourea~hooveri~,,721,wfo-1000089933,,species,,,,
urn:lsid:ipni.org:names:77379439-1,(Standl.) C.M.Taylor,Rubiaceae Psychotria hylocharis Standl.,(Standl.),212910-2,,,34: 23,,,,,,,,,,,,30/04/2026 11:39,30/04/2026 11:39,,,Rubiaceae,Palicourea hylocharis,Palicourea hylocharis,Palicourea,,f,f,,,,,,,,,,,,,,,,,,,,,,,,,,,,,30000890-2,Novon,urn:lsid:ipni.org:publications:14256-2,2026,2026 [5 Feb 2026],[5 Feb 2026],C.M.Taylor,spec.,Novon 34: 23. 2026 [5 Feb 2026] ,,doi:10.3417/20261011,,,11,hylocharis,,,f,t,,,,,,,Standl.@10019-1@2@bas$C.M.Taylor@27568-1@1@aut,,,comb. nov.,,1.1,f,palicourea~hylocharis,rubiaceaepalicourea~hylocharis~,,722,wfo-1000089334,,species,,,,
urn:lsid:ipni.org:names:77379440-1,C.M.Taylor,,,,,,34: 24,,9,,8,,17641,1973,,S. McDaniel  &amp; M. Rimachi Y.,,,30/04/2026 11:41,30/04/2026 11:41,"Peru (Western South America, Southern America)",,Rubiaceae,Palicourea mcdanielii,Palicourea mcdanielii,Palicourea,,f,f,,,,,,,,,,,"Loreto: prov. Maynas, distr. Iquitos,  Iquitos, Moronacocha",,,,,,,,,,,,,,,,,,30000890-2,Novon,urn:lsid:ipni.org:publications:14256-2,2026,2026 [5 Feb 2026],[5 Feb 2026],C.M.Taylor,spec.,Novon 34: 24. 2026 [5 Feb 2026] ,,"doi:10.3417/20261011 [english] Etymology: name honours the productive plant taxonomist and explorer Sidney T. McDaniel (1940–2017), who worked extensively in various areas across North and South America.",,,11,mcdanielii,,,f,t,,holotype MO MO-6259133,,,,,C.M.Taylor@27568-1@1@aut,,,tax. nov.,,1.1,f,palicourea~mcdanielii,rubiaceaepalicourea~mcdanielii~,,723,wfo-1000089934,,species,,,,
urn:lsid:ipni.org:names:77379441-1,C.M.Taylor,,,,,,34: 27,,22,23,4,4,7172,1986,1986,S. Knapp &amp; J. Mallet,,,30/04/2026 11:45,30/04/2026 11:45,"Peru (Western South America, Southern America)",W,Rubiaceae,Palicourea ortiziana,Palicourea ortiziana,Palicourea,,f,f,,,,,,,,6,16,,"San Martín: Lamas, Santa Rosa de  Davidcillo, trail E of rd. to Tioyacu, Km. 72 of  Tarapoto–Yurimaguas rd., 200 m",76,17,,,,,,,S,,,,,,,,,30000890-2,Novon,urn:lsid:ipni.org:publications:14256-2,2026,2026 [5 Feb 2026],[5 Feb 2026],C.M.Taylor,spec.,Novon 34: 27. 2026 [5 Feb 2026] ,,"doi:10.3417/20261011 [english] Etymology: name honours Dr. Rosa  Ortiz, a very productive, knowledgeable, and scientifically generous Peruvian botanist .",,,11,ortiziana,,,f,t,,holotype USM USM-00275713;isotype AAU;isotype F F-2035975;isotype MO MO-3635386;isotype NY;isotype TEX,,,,,C.M.Taylor@27568-1@1@aut,,,tax. nov.,,1.1,f,palicourea~ortiziana,rubiaceaepalicourea~ortiziana~,,724,wfo-1000089935,,species,,,,
urn:lsid:ipni.org:names:77379442-1,C.M.Taylor,,,,,,34: 29,,22,,3,,1066,1980,,S. Tunqui,,,30/04/2026 11:47,30/04/2026 11:47,"Ecuador (Western South America, Southern America);Peru (Western South America, Southern America);",W,Rubiaceae,Palicourea santiagoana,Palicourea santiagoana,Palicourea,,f,f,,,,,,,,3,50,,"Peru. Amazonas: prov. Condorcanqui, valle  del río Santiago, quebrada Caterpiza, 2–3 km atrás de la comunidad Caterpiza, 180 m",77,40,,,,,,,S,,,,,,,,,30000890-2,Novon,urn:lsid:ipni.org:publications:14256-2,2026,2026 [5 Feb 2026],[5 Feb 2026],C.M.Taylor,spec.,Novon 34: 29. 2026 [5 Feb 2026] ,,doi:10.3417/20261011 [english] Etymology:,,,11,santiagoana,,,f,t,,holotype MO MO-5164940,,,,,C.M.Taylor@27568-1@1@aut,,,tax. nov.,,1.1,f,palicourea~santiagoana,rubiaceaepalicourea~santiagoana~,,725,wfo-1000089936,,species,,,,
urn:lsid:ipni.org:names:77379443-1,(Steyerm.) C.M.Taylor,Rubiaceae Psychotria yapacanensis Steyerm.,(Steyerm.),213628-2,,,34: 31,,,,,,,,,,,,30/04/2026 11:49,30/04/2026 11:49,,,Rubiaceae,Palicourea yapacanensis,Palicourea yapacanensis,Palicourea,,f,f,,,,,,,,,,,,,,,,,,,,,,,,,,,,,30000890-2,Novon,urn:lsid:ipni.org:publications:14256-2,2026,2026 [5 Feb 2026],[5 Feb 2026],C.M.Taylor,spec.,Novon 34: 31. 2026 [5 Feb 2026] ,,doi:10.3417/20261011,,,11,yapacanensis,,,f,t,,,,,,,C.M.Taylor@27568-1@1@aut$Steyerm.@10143-1@2@bas,,,comb. nov.,,1.1,f,palicourea~yapacanensis,rubiaceaepalicourea~yapacanensis~,,726,wfo-1000089937,,species,,,,
urn:lsid:ipni.org:names:77379444-1,Svent.,,,,,,81(1): 29,,16,,5,,,1956,,E.R.Sventenius,,,30/04/2026 11:50,30/04/2026 11:50,"Canary Is. (Macaronesia, Africa)",,Rosaceae,Bencomia brachystachya,Bencomia brachystachya,Bencomia,,f,f,,,,,,,,,,,"Los Lajeales, Tirajana [Gran Canaria] 1600 m",,,,,,,,,,,,,,,,,,33681-1,Kew Bull.,urn:lsid:ipni.org:publications:987-2,2026,2026 [31 Jan 2026],[31 Jan 2026],Svent.,spec.,Kew Bull. 81(1): 29. 2026 [31 Jan 2026] ,,"doi:10.1007/s12225-025-10364-y  Etymology: from Greek brakhú meaning short, and stachys meaning spike, alluding to length of the inflorescence of this species.",,,10,brachystachya,,,f,t,,holotype ORT 9128-3;isotype ORT 9128-1; 9128-2,,,,,Svent.@10327-1@1@aut,,,tax. nov.,721776-1,1.1,f,bencomia~brachystachya,rosaceaebencomia~brachystachya~,,727,wfo-1000089358,,species,,,,
urn:lsid:ipni.org:names:77379445-1,Uysal,,,,,,752(4): 284,,16,,5,,3243,2015,,T.Uysal,,,30/04/2026 11:57,30/04/2026 11:57,"Turkey (Western Asia, Asia-Temperate)",E,Asteraceae,Centaurea stadiae,Centaurea stadiae,Centaurea,,f,f,,,,,,,,36,53,8,"Marmaris, Balan Mountains, south-western slopes, 482 m",28,17,8,,,,,,N,,,,,,,,,330045-2,Phytotaxa,urn:lsid:ipni.org:publications:20011462-1,2026,2026 [29 Apr 2026],[29 Apr 2026],Uysal,spec.,Phytotaxa 752(4): 284. 2026 [29 Apr 2026] ,,"doi:10.11646/phytotaxa.752.4.3 Etymology: the specific epithet is named for the ancient city of Stadia, near the Turkish city of Datça.",,,11,stadiae,,,f,t,,holotype KNYA,,,,,Uysal@20005445-1@1@aut,,,tax. nov.,,1.1,f,centaurea~stadiae,asteraceaecentaurea~stadiae~,,728,wfo-1000089938,,species,,,,
urn:lsid:ipni.org:names:77379446-1,Svent.,,,,,,81(1): 29,,28,,10,,,1956,,E.R.Sventenius,,,30/04/2026 12:03,30/04/2026 12:04,"Canary Is. (Macaronesia, Africa)",,Rosaceae,Bencomia exstipulata,Bencomia exstipulata,Bencomia,,f,f,,,,,,,,,,,"Las Cañadas [Tenerife], loc. [= locus] cl. [= classicus]",,,,,,,,,,,,,,,,,,33681-1,Kew Bull.,urn:lsid:ipni.org:publications:987-2,2026,2026 [31 Jan 2026],[31 Jan 2026],Svent.,spec.,Kew Bull. 81(1): 29. 2026 [31 Jan 2026] ,,"doi:10.1007/s12225-025-10364-y  Etymology: the specific epithet is constructed from the Latin prefix ex (= lacking), and stipula (= stipule), alluding to absence of stipules on leaves.",,,10,exstipulata,,,f,t,,holotype ORT 12889,,,,,Svent.@10327-1@1@aut,,,tax. nov.,721778-1,1.2,f,bencomia~exstipulata,rosaceaebencomia~exstipulata~,,729,wfo-1000089359,,species,,,,
urn:lsid:ipni.org:names:77379447-1,H.B.Yang,,,,,,752(4): 294,,21,,4,,202504221,2025,,Yang Hubiao,,,30/04/2026 12:05,30/04/2026 12:05,"Hainan (China, Asia-Temperate)",E,Cyperaceae,Carex mazuilingensis,Carex mazuilingensis,Carex,,f,f,,,,,,,,18,37,17,"Baoting County, Mazuiling Mountain, 1064 m",109,24,11,,,,,,N,,,,,,,,,330029-2,Phytotaxa,urn:lsid:ipni.org:publications:20011462-1,2026,2026 [29 Apr 2026],[29 Apr 2026],H.B.Yang,spec.,Phytotaxa 752(4): 294. 2026 [29 Apr 2026] ,,doi:10.11646/phytotaxa.752.4.4 Etymology: the specific epithet refers to the type locality.,,,11,mazuilingensis,,,f,t,,holotype ATCH,,,,,H.B.Yang@20020696-1@1@aut,,,tax. nov.,,1.1,f,carex~mazuilingensis,cyperaceaecarex~mazuilingensis~,,730,wfo-1000089939,,species,,,,
urn:lsid:ipni.org:names:77379448-1,Revathy V. & Robi,,,,,,63(1): 10,,30,,12,,1246,2024,,Revathy Vijayasharma &amp; A.J.Robi,,,30/04/2026 12:43,30/04/2026 12:43,"Kerala (India, Indian Subcontinent, Asia-Tropical)",,Lauraceae,Litsea meesapulimalaiana,Litsea meesapulimalaiana,Litsea,,f,f,,,,,,,,,,,"Idukki district, Meesapulimala, 2400 m",,,,,,,,,,,,,,,,,,331725-2,Ann. Bot. Fenn.,urn:lsid:ipni.org:publications:516-2,2026,2026 [30 Jan 2026],[30 Jan 2026],Revathy V. & Robi,spec.,Ann. Bot. Fenn. 63(1): 10. 2026 [30 Jan 2026] ,,doi:10.5735/085.063.0103 Etymology: the specific epithet is a reference to the type locality.,,,11,meesapulimalaiana,,,f,t,,holotype KFRI;isotype MH;isotype BAM,,,,,Robi@20025138-1@2@aut$Revathy V.@20073111-1@1@aut,,,tax. nov.,,1.1,f,litsea~meesapulimalaiana,lauraceaelitsea~meesapulimalaiana~,,731,wfo-1000089940,,species,,,,
urn:lsid:ipni.org:names:77379449-1,Robi & Revathy V.,,,,,,63(1): 13,,30,,11,,1183,2024,,A.J.Robi,,,30/04/2026 14:20,30/04/2026 14:20,"Kerala (India, Indian Subcontinent, Asia-Tropical)",,Lauraceae,Litsea idukkiana,Litsea idukkiana,Litsea,,f,f,,,,,,,,,,,"Idukki district, Silent valley-Munnar,  2100 m",,,,,,,,,,,,,,,,,,331725-2,Ann. Bot. Fenn.,urn:lsid:ipni.org:publications:516-2,2026,2026 [30 Jan 2026],[30 Jan 2026],Robi & Revathy V.,spec.,Ann. Bot. Fenn. 63(1): 13. 2026 [30 Jan 2026] ,,doi:10.5735/085.063.0103 Etymology: the specific epithet is named for the type locality.,,,11,idukkiana,,,f,t,,holotype KFRI;isotype BAM;isotype MH,,,,,Revathy V.@20073111-1@2@aut$Robi@20025138-1@1@aut,,,tax. nov.,,1.1,f,litsea~idukkiana,lauraceaelitsea~idukkiana~,,732,wfo-1000089941,,species,,,,
urn:lsid:ipni.org:names:77379450-1,Poir. ex Schult.,,,,,,5: 474,,,,,,,,,,,,30/04/2026 14:33,30/04/2026 14:33,,,Campanulaceae,Jasione corymbosa,Jasione corymbosa,Jasione,,f,f,,,,,,,,,,,,,,,,,,,,,,,,,,,,,5731-1,"Syst. Veg., ed. 15[bis].",urn:lsid:ipni.org:publications:14665-2,1819,1819,,Poir. ex Schult.,spec.,"Syst. Veg., ed. 15[bis]. 5: 474. 1819 ",,,,,8,corymbosa,,,f,t,,,,,,,Poir.@24945-1@1@aut$Schult.@9288-1@2@autEx,,,tax. nov.,,1.1,f,jasione~corymbosa,campanulaceaejasione~corymbosa~,,733,wfo-1000080285,,species,,,,
urn:lsid:ipni.org:names:77379451-1,Q.Lin & Y.M.Shui,,,,,,63(1): 44,,,,,,B2022-201,,,Yu-Min Shui et al.,,,30/04/2026 14:42,30/04/2026 14:42,"Yunnan (China South-Central, China, Asia-Temperate)",E,Illiciaceae,Illicium nymphaeiflorum,Illicium nymphaeiflorum,Illicium,,f,f,,,,,,,,22,43,8,"Maguan County, Gulinqing Community, Bojia Village, 700 m",103,59,2,,,,,,N,,,,,,,,,25577-1,Ann. Bot. Fenn.,urn:lsid:ipni.org:publications:516-2,2026,2026 [13 Mar 2026],[13 Mar 2026],Q.Lin & Y.M.Shui,spec.,"Ann. Bot. Fenn. 63(1): 44. 2026 [13 Mar 2026] , as 'nymphiiflorum'.",", as 'nymphiiflorum'.","doi:10.5735/085.063.0107 Etymology: 'The specific epithet nymphiiflorum refers to the flowers, which resemble those of Nymphaea.'. Specific epithet correctible under ICN art. 60.11. See example 45 on pg. 174.",,,11,nymphaeiflorum,,,f,t,,holotype PE 02251850;isotype KUN 1651610;isotype PE 12251851,,,,,Y.M.Shui@37052-1@2@aut$Q.Lin@37260-1@1@aut,,,tax. nov.,,1.1,f,illicium~nymphaeiflorum,illiciaceaeillicium~nymphaeiflorum~,,734,wfo-1000089942,,species,,,,
urn:lsid:ipni.org:names:77379452-1,"Sajan, Shibu & Sujana",,,,,,63(1): 64,,6,,12,,151620,2025,,A.Sajan &amp; K.A.Sujana,,,30/04/2026 15:21,01/05/2026 18:44,"Kerala (India, Indian Subcontinent, Asia-Tropical)",E,Apiaceae,Pimpinella pygmaea,Pimpinella pygmaea,Pimpinella,,f,f,,,,,,,,11,21,60,"Malappuram District, Karimpuzha Wildlife Sanctuary, Kedakamala Mele, 2450 m",76,30,54,,,,,,N,,,,,,,,,40395-1,Ann. Bot. Fenn.,urn:lsid:ipni.org:publications:516-2,2026,2026 [27 Mar 2026],[27 Mar 2026],"Sajan, Shibu & Sujana",spec.,Ann. Bot. Fenn. 63(1): 64. 2026 [27 Mar 2026] ,,"doi:10.5735/085.063.0110 Etymology: the specific epithet is derived from the Latin word 'pygmaeus', meaning dwarf, in reference to the small size of the species.",,,11,pygmaea,,,f,t,,holotype MH;isotype CAL,,,,,Shibu@20098231-1@2@aut$Sujana@20019734-1@3@aut$Sajan@20098230-1@1@aut,,,tax. nov.,,1.3,f,pimpinella~pygmaea,apiaceaepimpinella~pygmaea~,,735,wfo-1000089943,,species,,,,
urn:lsid:ipni.org:names:77379453-1,D.Maity & Khuroo,,,,,,63(1): 74,,22,,9,,29247,2025,,"Maity, Khuroo, Halder, Jha",,,30/04/2026 15:29,30/04/2026 15:29,"Sikkim (East Himalaya, Indian Subcontinent, Asia-Tropical)",,Asteraceae,Melanoseris pendryi,Melanoseris pendryi,Melanoseris,,f,f,,,,,,,,,,,"Near Thombu, 4500 m",,,,,,,,,,,,,,,,,,9996-1,Ann. Bot. Fenn.,urn:lsid:ipni.org:publications:516-2,2026,2026 [20 Apr 2026],[20 Apr 2026],D.Maity & Khuroo,spec.,Ann. Bot. Fenn. 63(1): 74. 2026 [20 Apr 2026] ,,doi:10.5735/085.063.0112 Etymology: the specific epithet is named in honour of botanist Dr. Colin Pendry.,,,11,pendryi,,,f,t,,holotype CUH;isotype CAL;isotype CUH,,,,,D.Maity@40182-1@1@aut$Khuroo@20048085-1@2@aut,,,tax. nov.,,1.1,f,melanoseris~pendryi,asteraceaemelanoseris~pendryi~,,736,wfo-1000089944,,species,,,,
urn:lsid:ipni.org:names:1021128-1,(Fisch.) Oxelman,Caryophyllaceae Silene compacta Fisch.,(Fisch.),77378468-1,,,20(5): 517,,,,,,,,,,,,02/07/2003 00:00,15/04/2026 10:05,,,Caryophyllaceae,Atocion compactum,Atocion compactum,Atocion,,f,f,,,,,,,,,,,,,,,nom. inval.    with incorrect basionym reference,,nom. inval.,,,,Silene compacta.,(Fisch.),,,,,,,6195-1,Nordic J. Bot.,urn:lsid:ipni.org:publications:2633-2,2001,2001 [2000 publ. 20 May 2001],[2000 publ. 20 May 2001],Oxelman,spec.,Nordic J. Bot. 20(5): 517. 2001 [2000 publ. 20 May 2001] ,,"doi:10.1111/j.1756-1051.2000.tb01595.x Fisch. (1812), a nomen nudum, cited as basionym reference. Basionym as 'Silene compacta Fisch., Cat. Jard. Gorenki 1812: 60, 1812'.",,,13,compactum,,,f,t,,,,,,,Fisch.@2744-1@2@bas$Oxelman@36937-1@1@aut,,,comb. nov.,,1.1.2.1.1.2,f,atocion~compactum,caryophyllaceaeatocion~compactum~,,404,wfo-1000089954,,,,,,
urn:lsid:ipni.org:names:77174862-1,"Yan Liu, Song Shi & Y.S.Huang",,,,,,52(5-6): 335,,27,,6,,Y2968,2014,,Wei-Bin Xu &amp; Yu-Song Huang,,,10/01/2018 10:49,29/04/2026 09:34,"Guangxi (China Southeast, China, Asia-Temperate)",,Ebenaceae,Diospyros leei,Diospyros leei,Diospyros,,f,f,,,,,,,,,,,"Long'an county, Dujie town, 240 m",,,,"nom. illeg. later homonym    , non Diospyros leei Knowlt., Profess. Pap. U.S. Geol. Surv. 101: 275 (1918), fossil",,nom. illeg.,,,,,,,,,,,,326017-2,Ann. Bot. Fenn.,urn:lsid:ipni.org:publications:516-2,2015,2015 [17 Aug 2015],[17 Aug 2015],"Yan Liu, Song Shi & Y.S.Huang",spec.,Ann. Bot. Fenn. 52(5-6): 335. 2015 [17 Aug 2015] [epublished],[epublished],doi:10.5735/085.052.0510 [english] the specific epithet honours Prof. Lee Shu-kang,,,12,leei,,,f,t,,holotype IBK;isotype IBK;isotype PE,,,,,Yan Liu@20000076-2@1@aut$Y.S.Huang@20016569-1@3@aut$Song Shi@20032853-1@2@aut,,,tax. nov.,,1.2,t,diospyros~leei,ebenaceaediospyros~leei~,,27654,wfo-1000056295,,,,,,
urn:lsid:ipni.org:names:77311238-1,"N.Khan, A.Sultan & N.Friesen",,,,,,13-1020440: 3,,16,,7,,101507,2020,,"N.K.Mandokhel, K.I.Bahadikhel &amp; T.Khan",,,31/12/2022 16:13,13/04/2026 09:04,"Pakistan (Indian Subcontinent, Asia-Tropical)",E,Alliaceae,Allium sulaimanicum,Allium sulaimanicum,Allium,,f,f,,,,,,,,31,33,10,"Khyber Pakhtunkhwa, Dera Ismail Khan District, Kaisa Ghar, Ahmadi Dirga, 2022 m",69,55,3,,,,,,N,,,,,,,,,30000901-2,Frontiers Pl. Sci. (Lausanne),urn:lsid:ipni.org:publications:20026691-1,2022,2022 [14 Dec 2022],[14 Dec 2022],"N.Khan, A.Sultan & N.Friesen",spec.,Frontiers Pl. Sci. (Lausanne) 13-1020440: 3. 2022 [14 Dec 2022] [epublished],[epublished],doi:10.3389/fpls.2022.1020440 [english] Etymology: 'The epithet refers to the Sulaiman mountain range'.,,,11,sulaimanicum,,,f,t,,holotype RAW 101507,,,,,A.Sultan@20046601-1@2@aut$N.Friesen@34694-1@3@aut$N.Khan@20048956-1@1@aut,,,tax. nov.,,1.1.1.3,t,allium~sulaimanicum,alliaceaeallium~sulaimanicum~,,30217,wfo-1000089955,,,,,,
urn:lsid:ipni.org:names:77369359-1,A.Dwivedi & S.Subraman.,,,,,,137(1)-e70084: [7 of 11],,11,,9,,206,2024,,Anurag Dwivedi &amp; Shweta Subramaniam,,,18/09/2025 09:20,29/04/2026 15:43,"Chattisgarh (India, Indian Subcontinent, Asia-Tropical)",E,Polygalaceae,Polygala foveolata,Polygala foveolata,Polygala,,f,f,,,,,,,,22,34,11,"Bilaspur district, Tahsil Belgahna,Village Kenda-Banjaripara (Kenda Ghat), 446 m",82,4,9,,,,,,N,,,,,,,,,330512-2,Feddes Repert.,urn:lsid:ipni.org:publications:914-2,2026,2026 [17 Mar 2026],[17 Mar 2026],A.Dwivedi & S.Subraman.,spec.,Feddes Repert. 137(1)-e70084: [7 of 11]. 2026 [17 Mar 2026] ,,doi:10.1002/fedr.70084 [english] Etymology: name refers to the characteristic foveolate pattern formed by the prominent depressions observed on the spermoderm.,,,11,foveolata,,,f,t,,holotype CAL;isotype CAL,,,,,S.Subraman.@20032885-1@2@aut$A.Dwivedi@20098228-1@1@aut,,,tax. nov.,,1.2,f,polygala~foveolata,polygalaceaepolygala~foveolata~,,30597,wfo-1000089956,,,,,,
urn:lsid:ipni.org:names:77371025-1,Erst & K.L.Xiang,,,,,,16-1699952: 16,,18,,4,,CH2024-5,2024,,"Erst A.S., T.V.Erst, Zhang J.",,,23/10/2025 14:37,13/04/2026 15:32,"Sichuan (China South-Central, China, Asia-Temperate)",E,Ranunculaceae,Beesia yangii,Beesia yangii,Beesia,,f,f,,,,,,,,30,54,19,"Dujiangyan Mount, Quingcheng, 970 m",103,33,14,,,,,,N,,,,,,,,,33075-1,Frontiers Pl. Sci. (Lausanne),urn:lsid:ipni.org:publications:20026691-1,2026,2026 [5 Jan 2026],[5 Jan 2026],Erst & K.L.Xiang,spec.,Frontiers Pl. Sci. (Lausanne) 16-1699952: 16. 2026 [5 Jan 2026] [epublished],[epublished],doi:10.3389/fpls.2025.1699952 [english] Etymology: the specific epithet is named in honour of Qin-Er Yang.,,,11,yangii,,,f,t,,holotype NS NS0000490;isotype NS 0000491; 0000492;isotype IRK IRK00058024;isotype LE LE01323001,,,,,Erst@20017484-1@1@aut$K.L.Xiang@20031444-1@2@aut,,,tax. nov.,,1.4,f,beesia~yangii,ranunculaceaebeesia~yangii~,,30621,wfo-1000089957,,,,,,
urn:lsid:ipni.org:names:77371301-1,Kubent. & Levichev,,,,,,20(12): e0336223: 5,,24,,3,,s.n.,2025,,S.A.Kubentayev and D.T.Alibekov,,,30/10/2025 07:57,13/04/2026 08:59,"Kazakhstan (Middle Asia, Asia-Temperate)",E,Liliaceae,Gagea kotuchovii,Gagea kotuchovii,Gagea,,f,f,,,,,,,,43,32,33,"Kazakhstan, Turkestan Region, near Khantagi",68,40,14,,,,,,N,,,,,,,,,24276-1,PLoS ONE,urn:lsid:ipni.org:publications:20011707-1,2025,2025 [5 Dec 2025],[5 Dec 2025],Kubent. & Levichev,spec.,PLoS ONE 20(12): e0336223: 5. 2025 [5 Dec 2025] [epublished],[epublished],"doi:10.1371/journal.pone.0336223 [english] Etymology: 'The new species is named in honour of the eminent florist and taxonomist Yuri Andreevich Kotukhov (lat. J.A. Kotuchov), who greatly contributed to the study of the flora of Kazakhstan and surrounding regions.'",,,11,kotuchovii,,,f,t,,holotype AA AA0003679;isotype NUR;isotype LE,,,,,Levichev@22279-1@2@aut$Kubent.@20095279-1@1@aut,,,tax. nov.,,1.4,f,gagea~kotuchovii,liliaceaegagea~kotuchovii~,,30626,wfo-1000089958,,,,,,
urn:lsid:ipni.org:names:77371699-1,C.L.Ribeiro,,,,,,81(2): [2 of 8],,4,,2,,10596,1992,,C.S.Toledo &amp; J.N.Joaquin,,,07/11/2025 08:42,15/04/2026 10:18,"Bolivia (Western South America, Southern America)",,Leguminosae,Macroptilium chuquisacense,Macroptilium chuquisacense,Macroptilium,,f,f,,,,,,,,,,,"Chuquisaca, Luis Calvo, El Salvador, CIMBOC, El Panta",,,,,,,,,,,,,,,,,,30016192-2,Kew Bull.,urn:lsid:ipni.org:publications:987-2,2026,2026 [26 Mar 2026],[26 Mar 2026],C.L.Ribeiro,spec.,Kew Bull. 81(2): [2 of 8]. 2026 [26 Mar 2026] ,,"doi:10.1007/s12225-025-10348-y [english] Etymology: 'The epithet 'chuquisacense' emphasises the distribution of this species, which is restricted to Chuquisaca, Bolivia'.",,,11,chuquisacense,,,f,t,,holotype BAB 00012917;isotype CTES 182983,,,,,C.L.Ribeiro@20058598-1@1@aut,,,tax. nov.,,1.3,f,macroptilium~chuquisacense,leguminosaemacroptilium~chuquisacense~,,30630,wfo-1000089959,,,,,,
urn:lsid:ipni.org:names:77371880-1,"Koza, Pegu & G.Yam",,,,,,81(1): 137,,29,,7,,NUH0242,2025,,"V.Koza, J.Pegu &amp; G.Yam",,,11/11/2025 09:44,30/04/2026 12:36,"Nagaland (Assam, Indian Subcontinent, Asia-Tropical)",,Asclepiadaceae,Hoya nagaensis,Hoya nagaensis,Hoya,,f,f,,,,,,,,,,,"Phek District, Khezhakeno, Kavünhou Community Reserved Forest, 2150 m; detailed locality withheld for conservation purposes.",,,,,,,,,,,,,,,,,,60437256-2,Kew Bull.,urn:lsid:ipni.org:publications:987-2,2025,2025 [8 Jan 2025],[8 Jan 2025],"Koza, Pegu & G.Yam",spec.,Kew Bull. 81(1): 137. 2025 [8 Jan 2025] [epublished],[epublished],"doi:10.1007/s12225-025-10359-9 [english] Etymology: name dedicated to 'Nagaland', where the species was discovered; this honours the cultural and ecological significance of the locality and the close relationship between the Naga community and the surrounding forest ecosystem.",,,11,nagaensis,,,f,t,,holotype NUH,,,,,Koza@20094299-1@1@aut$Pegu@20094300-1@2@aut$G.Yam@20094301-1@3@aut,,,tax. nov.,,1.5,f,hoya~nagaensis,asclepiadaceaehoya~nagaensis~,,30631,wfo-1000089960,,,,,,
urn:lsid:ipni.org:names:77372200-1,E.Bidault & Rutish.,,,,,,34: 60,,23,,2,,6095,2023,,"E.Bidault, F.Kom Meliphe, L.Fabo, C.Mbassi &amp; F.Jacob",,,19/11/2025 20:50,23/04/2026 12:40,"Cameroon (West-Central Tropical Africa, Africa)",E,Podostemaceae,Tristicha spinulosa,Tristicha spinulosa,Tristicha,,f,f,,,,,,,,4,59,1,"Centre: Mbam, amont de la confluence avec le Noun, village Deck 2, 572 m",11,6,16,,,,,,N,,,,,,,,,32256-1,Novon,urn:lsid:ipni.org:publications:14256-2,2026,2026 [22 Apr 2026],[22 Apr 2026],E.Bidault & Rutish.,spec.,Novon 34: 60. 2026 [22 Apr 2026] ,,doi:10.3417/20261034 Etymology: the epithet of this species refers to the conspicuous spines that are formed by the sclerification of the tepals during maturation of the fruit.,,,11,spinulosa,,,f,t,,holotype MO;isotype BR;isotype BRLU;isotype P;isotype YA;isotype WAG,,,,,E.Bidault@20019093-1@1@aut$Rutish.@25922-1@2@aut,,,tax. nov.,,1.3,f,tristicha~spinulosa,podostemaceaetristicha~spinulosa~,,30633,wfo-1000089961,,,,,,
urn:lsid:ipni.org:names:77374101-1,P.L.R.Moraes & N.Zamora,,,,,,81(2): [3 of 10],,21,,3,,7597,2015,,"N.A.Zamora Villalobos, R.Espinoza, E.Navarro, J.Azofeifa Zuñiga, F.Quesada, R.Moraga &amp; L.Rios",,,20/12/2025 15:35,15/04/2026 10:30,"Costa Rica (Central America, Southern America)",W,Lauraceae,Cryptocarya costaricana,Cryptocarya costaricana,Cryptocarya,,f,f,,,,,,,,10,59,4,"Guanacaste, La Cruz, Santa Cecilia, Área Conservación Guanacaste, P. N. Guanacaste, Sector Volcán Orosí, Sendero La Manta, falda noroeste del Volcán Orosí, entrando por la Finca Del Oro, 676 m",85,27,33,,,,,,N,,,,,,,,,330812-2,Kew Bull.,urn:lsid:ipni.org:publications:987-2,2026,2026 [31 Mar 2026],[31 Mar 2026],P.L.R.Moraes & N.Zamora,spec.,Kew Bull. 81(2): [3 of 10]. 2026 [31 Mar 2026] ,,"doi:10.1007/s12225-026-10388-y [english] Etymology: 'This species is named for being the northernmost member of the genus in the Neotropics, in the Guanacaste Cordillera, Costa Rica'.",,,11,costaricana,,,f,t,,holotype CR CR0000285825 (INB0004446684);isotype HRCB;isotype KRIB;isotype MO A:6745761,,,,,P.L.R.Moraes@20005694-1@1@aut$N.Zamora@29078-1@2@aut,,,tax. nov.,,1.3,f,cryptocarya~costaricana,lauraceaecryptocarya~costaricana~,,30654,wfo-1000089962,,,,,,
urn:lsid:ipni.org:names:77374530-1,"A.Bianchi, S.Orsenigo & Baldesi",,,,,,273: 59,,10,,12,,476,2024,,"Bianchi, Orsenigo &amp; Baldesi",,,02/01/2026 14:51,09/04/2026 15:44,"Tanzania (East Tropical Africa, Africa)",E,Leguminosae,Afzelia corallina,Afzelia corallina,Afzelia,,f,f,,,,,,,,4,56,27,"Zanzibar, Pemba Island, Micheweni Dist., Ngezi-Vumawimbi Nature Forest Reserve, coral rag forest in Tondooni Peninsula",39,40,26,,,,,,S,,,,,,,,,21595-1,PhytoKeys,urn:lsid:ipni.org:publications:20011997-1,2026,2026 [9 Apr 2026],[9 Apr 2026],"A.Bianchi, S.Orsenigo & Baldesi",spec.,PhytoKeys 273: 59. 2026 [9 Apr 2026] ,,"doi:10.3897/phytokeys.273.186903  Etymology. the specific epithet is derived from the Latin 'corallium' meaning coral and refers to this species' habit of growing on coral rag, a rubbly limestone composed of ancient coral reef material. Furthermore, the colourful and dense inflorescence may resemble a coral head, as does the red marking on the large petal.",,,11,corallina,,,f,t,,holotype NHT;isotype EA;isotype FT;isotype PAV;isotype TR,,,,,A.Bianchi@20045417-1@1@aut$S.Orsenigo@20047166-1@2@aut$Baldesi@20045450-1@3@aut,,,tax. nov.,,1.3,f,afzelia~corallina,leguminosaeafzelia~corallina~,,30656,wfo-1000089963,,,,,,
urn:lsid:ipni.org:names:77374715-1,(Baker) M.Pell.,Commelinaceae Tradescantia discolor L'Hér. var. concolor Baker,(Baker),255935-2,,,159(2): 215,,,,,,,,,,,,07/01/2026 11:53,16/04/2026 12:45,,,Commelinaceae,Tradescantia concolor,Tradescantia concolor,Tradescantia,,f,f,,,,,,,,,,,,,,,,,,,,,,,,,,,,null:,60436455-2,Pl. Ecol. Evol.,urn:lsid:ipni.org:publications:20011731-1,2026,2026 [16 Apr 2026],[16 Apr 2026],M.Pell.,spec.,Pl. Ecol. Evol. 159(2): 215. 2026 [16 Apr 2026] ,,doi:10.5091/plecevo.138752,,,11,concolor,,,f,t,,,,,,,Baker@407-1@2@bas$M.Pell.@20030228-1@1@aut,,,comb. et stat. nov.,,1.3,f,tradescantia~concolor,commelinaceaetradescantia~concolor~,,30659,wfo-1000089964,,,,,,
urn:lsid:ipni.org:names:77376859-1,A.Mor.Alonso & Jim.Mejías,,,,,,81(2): [7 of 15],,4,,8,,94ECU-AMA22,2022,,"A.Morales Alonso, P.Jiménez Mejías &amp; I.Masa Iranzo",,,19/02/2026 17:35,09/04/2026 10:56,"Ecuador (Western South America, Southern America);Peru (Western South America, Southern America);",W,Cyperaceae,Carex via-montana,Carex via-montana,Carex,,f,f,,,,,,,,,34,8,"Ecuador: Prov. Pichincha, Cerro Corazón, en pajonal con matorral, en el camino y borde de camino, 3805 m",78,39,53,,,,,,S,,,,,,,,,330029-2,Kew Bull.,urn:lsid:ipni.org:publications:987-2,2026,2026 [7 Apr 2026],[7 Apr 2026],A.Mor.Alonso & Jim.Mejías,spec.,Kew Bull. 81(2): [7 of 15]. 2026 [7 Apr 2026] ,,"doi:10.1007/s12225-025-10332-6 [english] Etymology: from the Latin 'via', path, way, and 'montana', mountain, referring to its typical location on the margins of paths at high altitudes in the Andes.",,,11,via-montana,,,f,t,,holotype UPOS UPOS-17960;isotype HUTI HUTI-1910,,,,,A.Mor.Alonso@20083913-1@1@aut$Jim.Mejías@20015694-1@2@aut,,,tax. nov.,,1.3,f,carex~via-montana,cyperaceaecarex~via-montana~,,30719,wfo-1000078589,,,,,,
urn:lsid:ipni.org:names:77376862-1,Jim.Mejías & Muñoz-Schüler,,,,,,81(2): [10 of 15],,27,,7,,10 ECU-AMA22,2022,,"A.Morales-Alonso, P.Jiménez-Mejías, I.Masa-Iranzo &amp; E.Sánchez",,,19/02/2026 20:06,09/04/2026 11:56,"Ecuador (Western South America, Southern America);Peru (Western South America, Southern America);",W,Cyperaceae,Carex guaguarum,Carex guaguarum,Carex,,f,f,,,,,,,,4,5,37,"Ecuador. Loja: camino Celica-Guachanamá, 2080 m",79,57,19,,,,,,S,,,,,,,,,330029-2,Kew Bull.,urn:lsid:ipni.org:publications:987-2,2026,2026 [7 Apr 2026],[7 Apr 2026],Jim.Mejías & Muñoz-Schüler,spec.,Kew Bull. 81(2): [10 of 15]. 2026 [7 Apr 2026] ,,"doi:10.1007/s12225-025-10332-6 [english] Etymology: the shape of the utricles of this species is similar to that of guaguas de pan ['babies of bread'], a traditional sweet bread consumed during the Día de los Difuntos festival in Ecuador. 'guagua' is a loanword from Quechua, meaning baby. The authors appear to have Latinised the epithet as a genitive plural noun 'guaguarum'.",,,11,guaguarum,,,f,t,,holotype UPOS;isotype UTI,,,,,Muñoz-Schüler@20074723-1@2@aut$Jim.Mejías@20015694-1@1@aut,,,tax. nov.,,1.3,f,carex~guaguarum,cyperaceaecarex~guaguarum~,,30720,wfo-1000089965,,,,,,
urn:lsid:ipni.org:names:77376872-1,Jim.Mejías & Muñoz-Schüler,,,,,,81(2): [12 of 15],,6,,12,,610,1997,,FLSP,,,20/02/2026 15:23,09/04/2026 11:07,"Peru (Western South America, Southern America)",,Cyperaceae,Carex ros-desertum,Carex ros-desertum,Carex,,f,f,,,,,,,,,,,"Arequipa: Caravelí, Lomas de Atiquipa, 700–900 m",,,,,,,,,,,,,,,,,,330029-2,Kew Bull.,urn:lsid:ipni.org:publications:987-2,2026,2026 [7 Apr 2026],[7 Apr 2026],Jim.Mejías & Muñoz-Schüler,spec.,Kew Bull. 81(2): [12 of 15]. 2026 [7 Apr 2026] ,,"doi:10.1007/s12225-025-10332-6 [english] Etymology: the epithet ros-desertum means 'desert dew', as the coastal Lomas formations where the species grows obtain most of the humidity from condensation rather than from rain. Presumably published as a noun in apposition (desertum = second declension neuter noun (s.n. II)).",,,11,ros-desertum,,,f,t,,holotype USM USM-245949,,,,,Jim.Mejías@20015694-1@1@aut$Muñoz-Schüler@20074723-1@2@aut,,,tax. nov.,,1.3,f,carex~ros-desertum,cyperaceaecarex~ros-desertum~,,30721,wfo-1000089966,,,,,,
urn:lsid:ipni.org:names:77377654-1,B.Q.Zheng & Qun Wang,,,,,,14(e21153): 7,,26,,4,,s.n.,2019,,Bao-Qiang Zheng,,,11/03/2026 16:31,16/04/2026 13:42,"Yunnan (China South-Central, China, Asia-Temperate)",,Orchidaceae,Dendrobium × falconerwardianum,Dendrobium × falconerwardianum,Dendrobium,,t,f,"628942-1,627407-1",(Dendrobium wardianum R.Warner × Dendrobium falconeri Hook.),,,,,,,,,"Tengchong City, NW region, c. 1200 m",,,,,,,,,,,,,,,,,,325886-2,PeerJ,urn:lsid:ipni.org:publications:20017696-1,2026,2026 [15 Apr 2026],[15 Apr 2026],B.Q.Zheng & Qun Wang,spec.,PeerJ 14(e21153): 7. 2026 [15 Apr 2026] ,,"doi:10.7717/peerj.21153  Etymology: the epithet is derived from the combination of the specific epithets of the parent species D. falconeri and D. wardianum, reflecting its hybrid nature.",,,11,falconerwardianum,,,f,t,,holotype CAF HYBRID3,,,,,Qun Wang@20097851-1@2@aut$B.Q.Zheng@20043613-1@1@aut,,,tax. nov.,,1.2,f,dendrobium~falconerwardianum,orchidaceaedendrobium~falconerwardianum~,,30736,wfo-1000089967,,,,,,
urn:lsid:ipni.org:names:77377795-1,Hershk.,,,,,,7(3): 5001,,8,,10,,s.n.,2025,,Hershkovitz,,,16/03/2026 22:32,17/04/2026 18:25,"Atacama (Chile North, Southern South America, Southern America)",W,Portulacaceae,Cistanthe inaturalistii,Cistanthe inaturalistii,Cistanthe,,f,f,,,,,,,,27,8,24,"Copiapó Province, Caldera Comuna, 140 m",70,55,16,,,,,,S,,,,,,,,,30006895-2,Int. J. Res. Publ. Rev.,urn:lsid:ipni.org:publications:20058166-1,2026,2026 [19 Mar 2026],[19 Mar 2026],Hershk.,spec.,Int. J. Res. Publ. Rev. 7(3): 5001. 2026 [19 Mar 2026] ,,"[english] Etymology: Named for iNaturalist.org in appreciation for its indispensable contribution to the advancement of Cistanthe taxonomy. Note: Validation of name published in Int. J. Res. Publ. Rev. 7(3): 4155 (16 Mar 2026), where description can be found.",,,11,inaturalistii,,,f,t,,holotype SGO,,,,,Hershk.@35759-1@1@aut,,,tax. nov.,,1.4,f,cistanthe~inaturalistii,portulacaceaecistanthe~inaturalistii~,,30737,wfo-1000089968,,,,,,
