id,authors_t,basionym_s_lower,basionym_author_s_lower,lookup_basionym_id,bibliographic_reference_s_lower,bibliographic_type_info_s_lower,reference_collation_s_lower,collection_date_as_text_s_lower,collection_day_1_s_lower,collection_day_2_s_lower,collection_month_1_s_lower,collection_month_2_s_lower,collection_number_s_lower,collection_year_1_s_lower,collection_year_2_s_lower,collector_team_as_text_t,lookup_conserved_against_id,lookup_correction_of_id,date_created_date,date_last_modified_date,distribution_s_lower,east_or_west_s_lower,family_s_lower,taxon_scientific_name_s_lower,taxon_sci_name_suggestion,genus_s_lower,geographic_unit_as_text_s_lower,hybrid_b,hybrid_genus_b,lookup_hybrid_parent_id,hybrid_parents_s_lower,infra_family_s_lower,infra_genus_s_lower,infraspecies_s_lower,lookup_isonym_of_id,lookup_later_homonym_of_id,latitude_degrees_s_lower,latitude_minutes_s_lower,latitude_seconds_s_lower,locality_s_lower,longitude_degrees_s_lower,longitude_minutes_s_lower,longitude_seconds_s_lower,name_status_s_lower,name_status_bot_code_type_s_lower,name_status_editor_type_s_lower,nomenclatural_synonym_s_lower,lookup_nomenclatural_synonym_id,north_or_south_s_lower,original_basionym_s_lower,original_basionym_author_team_s_lower,original_hybrid_parentage_s_lower,original_remarks_s_lower,original_replaced_synonym_s_lower,original_taxon_distribution_s_lower,lookup_orthographic_variant_of_id,other_links_s_lower,lookup_parent_id,publication_s_lower,lookup_publication_id,publication_year_i,publication_year_full_s_lower,publication_year_note_s_lower,publishing_author_s_lower,rank_s_alphanum,reference_t,reference_remarks_s_lower,remarks_s_lower,lookup_replaced_synonym_id,lookup_same_citation_as_id,score_s_lower,species_s_lower,species_author_s_lower,lookup_superfluous_name_of_id,suppressed_b,top_copy_b,lookup_type_id,type_locations_s_lower,type_name_s_lower,type_remarks_s_lower,type_chosen_by_s_lower,type_note_s_lower,detail_author_team_ids,detail_species_author_team_ids,page_as_text_s_lower,citation_type_s_lower,lookup_validation_of_id,version_s_lower,powo_b,sortable,family_taxon_name_sortable,ipni_wfo_id,rhakhis_pk,rhakhis_wfo,rhakhis_skip,rhakhis_rank,rhakhis_status,rhakhis_parent,rhakhis_accepted,rhakhis_basionym,url,label,pub
urn:lsid:ipni.org:names:77379455-1,Frodin ex Mustaqim & Hutabarat,,,,,,754(1): 116,,7,,3,,9617,1937,,van Steenis,,,01/05/2026 03:38,01/05/2026 12:31,"Sumatera (Malesia, Asia-Tropical)",,Araliaceae,Heptapleurum kemirianum,Heptapleurum kemirianum,Heptapleurum,,f,f,,,,,,,,,,,"Aceh, Mount Kemiri, east slope, Bivouac 2, ca. 2900 m",,,,,,,,,,,,,,,,,,3032-1,Phytotaxa,urn:lsid:ipni.org:publications:20011462-1,2026,2026 [1 May 2026],[1 May 2026],Frodin ex Mustaqim & Hutabarat,spec.,Phytotaxa 754(1): 116. 2026 [1 May 2026] ,,doi:10.11646/phytotaxa.754.1.7 Etymology: 'The epithet refers to Mount Kemiri where the type specimen was collected for the first time.',,,11,kemirianum,,,f,t,,holotype BO BO-408079;isotype L L.2573482,,,,,Mustaqim@20043161-1@2@autEx$Frodin@2928-1@1@aut$Hutabarat@20040375-1@3@autEx,,,tax. nov.,,1.3,f,heptapleurum~kemirianum,araliaceaeheptapleurum~kemirianum~,,1,wfo-1000089970,,species,,,,,https://www.ipni.org/n/77379455-1,IPNI record: 77379455-1,Phytotaxa 754(1): 116 (2026)
urn:lsid:ipni.org:names:77379456-1,Kit Tan & Vold,,,,,,"24(2): 285, f. 29",,8,,7,,32995,2018,,Kit Tan &amp; G.Vold,,,01/05/2026 08:50,05/05/2026 10:55,"Greece (Southeastern Europe, Europe)",,Caryophyllaceae,Silene christodouloui-zarkosii,Silene christodouloui-zarkosii,Silene,,f,f,,,,,,,,,,,"Korinthias, Mougosto forest, 890 m",,,,,,,,,,,,,,,,,,331962-2,Phytol. Balcan.,urn:lsid:ipni.org:publications:18178-2,2018,2018 [Aug 2018],[Aug 2018],Kit Tan & Vold,spec.,"Phytol. Balcan. 24(2): 285, f. 29. 2018 [Aug 2018] ",,[english] Etymology: The specific epithet refers to the Greek botanists Vasilis Christodoulou and George Zarkos.,,,11,christodouloui-zarkosii,,,f,t,,holotype C;isotype ATH;isotype LD,,,,,Kit Tan@14773-1@1@aut$Vold@37771-1@2@aut,,,tax. nov.,,1.3,f,silene~christodouloui-zarkosii,caryophyllaceaesilene~christodouloui-zarkosii~,,2,wfo-1000090097,,species,,,,,https://www.ipni.org/n/77379456-1,IPNI record: 77379456-1,"Phytol. Balcan. 24(2): 285, f. 29 (2018)"
urn:lsid:ipni.org:names:77379458-1,(Parish) M.F.Wojc. & G.P.Lewis,Fabaceae Parosela johnsonii Vail var. minutifolia Parish,(Parish),183770-2,,,[early view]-e70193: 16,,,,,,,,,,,,01/05/2026 09:36,01/05/2026 09:36,,,Fabaceae,Psorodendron minutifolium,Psorodendron minutifolium,Psorodendron,,f,f,,,,,,,,,,,,,,,nom. superfl.,,,,,,,,,,,,,,295491-2,Amer. J. Bot.,urn:lsid:ipni.org:publications:835-2,2026,2026 [23 Apr 2026],[23 Apr 2026],M.F.Wojc. & G.P.Lewis,spec.,Amer. J. Bot. [early view]-e70193: 16. 2026 [23 Apr 2026] ,,doi:10.1002/ajb2.70193,,,12,minutifolium,,212357-2,f,t,,,,,,,M.F.Wojc.@20016982-1@1@aut$G.P.Lewis@12197-1@2@aut$Parish@7337-1@3@bas,,,comb. et stat. nov.,,1.1,f,psorodendron~minutifolium,fabaceaepsorodendron~minutifolium~,,3,wfo-1000090098,,species,,,,,https://www.ipni.org/n/77379458-1,IPNI record: 77379458-1,Amer. J. Bot. [early view]-e70193: 16 (2026)
urn:lsid:ipni.org:names:77379459-1,(Barneby) M.F.Wojc. & G.P.Lewis,Fabaceae Psorothamnus polydenius (Torr.) Rydb. var. jonesii Barneby,(Barneby),212370-2,,,[early view]-e70193: 16,,,,,,,,,,,,01/05/2026 09:42,01/05/2026 09:42,,,Fabaceae,Psorothamnus thompsoniae var. jonesii,Psorothamnus thompsoniae var. jonesii,Psorothamnus,,f,f,,,,,jonesii,,,,,,,,,,,,,,,,,,,,,,,,212375-2,Amer. J. Bot.,urn:lsid:ipni.org:publications:835-2,2026,2026 [23 Apr 2026],[23 Apr 2026],M.F.Wojc. & G.P.Lewis,var.,Amer. J. Bot. [early view]-e70193: 16. 2026 [23 Apr 2026] ,,doi:10.1002/ajb2.70193,,,11,thompsoniae,(Vail) S.L.Welsh & N.D.Atwood,,f,t,,,,,,,Barneby@486-1@3@bas$G.P.Lewis@12197-1@2@aut$M.F.Wojc.@20016982-1@1@aut,N.D.Atwood@325-1@2@aut$Vail@11021-1@3@bas$S.L.Welsh@11539-1@1@aut,,comb. nov.,,1.1,f,psorothamnus~thompsoniaejonesii,fabaceaepsorothamnus~thompsoniaejonesii,,4,wfo-1200118555,,variety,,,,,https://www.ipni.org/n/77379459-1,IPNI record: 77379459-1,Amer. J. Bot. [early view]-e70193: 16 (2026)
urn:lsid:ipni.org:names:77379460-1,Lino & Sylvestre,,,,,,754(1): 13,,31,,3,,91,2019,,"V.Lino, G.A.Queiroz &amp; A.Reis",,,01/05/2026 09:56,01/05/2026 09:56,"Espírito Santo (Brazil Southeast, Brazil, Southern America);Minas Gerais (Brazil Southeast, Brazil, Southern America);Rio de Janeiro (Brazil Southeast, Brazil, Southern America);São Paulo (Brazil Southeast, Brazil, Southern America);",W,Aspleniaceae,Asplenium conforme,Asplenium conforme,Asplenium,,f,f,,,,,,,,22,57,19,"Rio de Janeiro: Parque Nacional da Tijuca, Trilha para o Bico do Papagaio, 868 m",43,18,2,,,,,,S,,,,,,,,,328226-2,Phytotaxa,urn:lsid:ipni.org:publications:20011462-1,2026,2026 [1 May 2026],[1 May 2026],Lino & Sylvestre,spec.,Phytotaxa 754(1): 13. 2026 [1 May 2026] ,,doi:10.11646/phytotaxa.754.1.1 Etymology: 'The specific epithet refers to the conform apical pinnae of the species.',,,11,conforme,,,f,t,,holotype RB Rb01450992;isotype R R010070233;isotype UPCB UPCB0040974,,,,,Lino@20063834-1@1@aut$Sylvestre@40499-1@2@aut,,,tax. nov.,,1.1,f,asplenium~conforme,aspleniaceaeasplenium~conforme~,,5,wfo-1000090099,,species,,,,,https://www.ipni.org/n/77379460-1,IPNI record: 77379460-1,Phytotaxa 754(1): 13 (2026)
urn:lsid:ipni.org:names:77379461-1,Lino & Sylvestre,,,,,,754(1): 23,,30,,7,,525,2023,,"V.Lino, A.Reis, C.Mynssen, F.Costa &amp; L.Sylvestre",,,01/05/2026 10:02,01/05/2026 10:02,"Espírito Santo (Brazil Southeast, Brazil, Southern America)",W,Aspleniaceae,Asplenium orthogonale,Asplenium orthogonale,Asplenium,,f,f,,,,,,,,19,54,19,"Santa Teresa, Reserva Biológica Augusto Ruschi, Trilha do carrapato, 818 m",40,33,35,,,,,,S,,,,,,,,,328226-2,Phytotaxa,urn:lsid:ipni.org:publications:20011462-1,2026,2026 [1 May 2026],[1 May 2026],Lino & Sylvestre,spec.,Phytotaxa 754(1): 23. 2026 [1 May 2026] ,,doi:10.11646/phytotaxa.754.1.1 Etymology: 'The specific epithet refers to the orthogonal attachment of the lateral pinnae.',,,11,orthogonale,,,f,t,,holotype RB RB01496671;isotype MBML MBML00058140;isotype UPCB;isotype VIES,,,,,Lino@20063834-1@1@aut$Sylvestre@40499-1@2@aut,,,tax. nov.,,1.1,f,asplenium~orthogonale,aspleniaceaeasplenium~orthogonale~,,6,wfo-1000090100,,species,,,,,https://www.ipni.org/n/77379461-1,IPNI record: 77379461-1,Phytotaxa 754(1): 23 (2026)
urn:lsid:ipni.org:names:77379462-1,Lino & Mynssen,,,,,,754(1): 29,,12,,3,,1095,2008,,"C.Mynssen, J.Prado, S.Lehtonen, M.Christenhuzs &amp; H.Tuomisto",,,01/05/2026 10:07,01/05/2026 10:07,"Rio de Janeiro (Brazil Southeast, Brazil, Southern America)",,Aspleniaceae,Asplenium tijucanum,Asplenium tijucanum,Asplenium,,f,f,,,,,,,,,,,"Rio de Janeiro, Parque Nacional da Tijuca",,,,,,,,,,,,,,,,,,328226-2,Phytotaxa,urn:lsid:ipni.org:publications:20011462-1,2026,2026 [1 May 2026],[1 May 2026],Lino & Mynssen,spec.,Phytotaxa 754(1): 29. 2026 [1 May 2026] ,,"doi:10.11646/phytotaxa.754.1.1 Etymology: 'The specific epithet refers to the locality from where the species is endemic, Tijuca National Park.'",,,11,tijucanum,,,f,t,,holotype RB RB00526526;isotype SP 411699,,,,,Mynssen@20015970-1@2@aut$Lino@20063834-1@1@aut,,,tax. nov.,,1.1,f,asplenium~tijucanum,aspleniaceaeasplenium~tijucanum~,,7,wfo-1000090101,,species,,,,,https://www.ipni.org/n/77379462-1,IPNI record: 77379462-1,Phytotaxa 754(1): 29 (2026)
urn:lsid:ipni.org:names:77379463-1,Kosterm. ex Sari & Crayn,,,,,,754(1): 73,,10,30,11,11,IS239,1985,1985,I.Hardjono,,,01/05/2026 11:28,01/05/2026 11:28,"Maluku (Malesia, Asia-Tropical)",,Clusiaceae,Garcinia cylindrocarpa,Garcinia cylindrocarpa,Garcinia,,f,f,,,,,,,,,,,"District of Tanimbar Islands, Subdistrict South Tanimbar, Saumlaki, Anai/Rimbur",,,,nom. inval.    Contrary to Art. 40.5. ICN (2025). No institution in which the type is conserved was specified.,,nom. inval.,,,,,,,,,,,,19345-1,Phytotaxa,urn:lsid:ipni.org:publications:20011462-1,2026,2026 [1 May 2026],[1 May 2026],Kosterm. ex Sari & Crayn,spec.,Phytotaxa 754(1): 73. 2026 [1 May 2026] ,,doi:10.11646/phytotaxa.754.1.3 Etymology: 'The specific epithet is that which was handwritten on specimens of this taxon by Dr. A.J.G.H.Kostermans and apparently refers to the round-cylindrical shape of the fruit.',,,12,cylindrocarpa,,,f,t,,unknown BO;unknown CANB;unknown K;unknown L;unknown MO,,,,,Kosterm.@4984-1@1@aut$Sari@20017417-1@2@autEx$Crayn@38128-1@3@autEx,,,tax. nov.,,1.1,f,garcinia~cylindrocarpa,clusiaceaegarcinia~cylindrocarpa~,,8,wfo-1000090102,,species,,,,,https://www.ipni.org/n/77379463-1,IPNI record: 77379463-1,Phytotaxa 754(1): 73 (2026)
urn:lsid:ipni.org:names:77379464-1,Sari & N.L.Dillon,,,,,,754(1): 76,,20,10,6,7,IS19,1995,1995,I.Hardjono,,,01/05/2026 11:37,01/05/2026 11:37,"Maluku (Malesia, Asia-Tropical)",,Clusiaceae,Garcinia morotaiensis,Garcinia morotaiensis,Garcinia,,f,f,,,,,,,,,,,"Province of North Maluku, District of Morotai Island, Subdistrict of West South Morotai",,,,nom. inval.    Contrary to Art. 40.5. ICN (2025). No institution in which the type is conserved was specified.,,nom. inval.,,,,,,,,,,,,19345-1,Phytotaxa,urn:lsid:ipni.org:publications:20011462-1,2026,2026 [1 May 2026],[1 May 2026],Sari & N.L.Dillon,spec.,Phytotaxa 754(1): 76. 2026 [1 May 2026] ,,doi:10.11646/phytotaxa.754.1.3 Etymology: the specific epithet is named for the apparent type locality.,,,12,morotaiensis,,,f,t,,unknown BO;unknown CANB;unknown K;unknown L;unknown MO,,,,,Sari@20017417-1@1@aut$N.L.Dillon@20098234-1@2@aut,,,tax. nov.,,1.1,f,garcinia~morotaiensis,clusiaceaegarcinia~morotaiensis~,,9,wfo-1000090103,,species,,,,,https://www.ipni.org/n/77379464-1,IPNI record: 77379464-1,Phytotaxa 754(1): 76 (2026)
urn:lsid:ipni.org:names:77379465-1,"Bucay, Tandang & K.F.Chung",,,,,,754(1): 84,,6,,8,,855,2023,,M.A.C.Bucay &amp; D.N.Tandang,,,01/05/2026 12:10,01/05/2026 12:10,"Philippines (Malesia, Asia-Tropical)",E,Begoniaceae,Begonia camugao,Begonia camugao,Begonia,,f,f,,,,,,,,9,42,,"Bohol. Municipality of Balilihan, ca. 90 m",123,54,,,,,,,N,,,,,,,,,327437-2,Phytotaxa,urn:lsid:ipni.org:publications:20011462-1,2026,2026 [1 May 2026],[1 May 2026],"Bucay, Tandang & K.F.Chung",spec.,Phytotaxa 754(1): 84. 2026 [1 May 2026] ,,doi:10.11646/phytotaxa.754.1.4 Etymology: the specific epithet is the name used by local people for the type locality.,,,11,camugao,,,f,t,,holotype PNH;isotype HAST,,,,,Tandang@20007038-2@2@aut$K.F.Chung@20012333-1@3@aut$Bucay@20072204-1@1@aut,,,tax. nov.,,1.1,f,begonia~camugao,begoniaceaebegonia~camugao~,,10,wfo-1000090104,,species,,,,,https://www.ipni.org/n/77379465-1,IPNI record: 77379465-1,Phytotaxa 754(1): 84 (2026)
urn:lsid:ipni.org:names:77379466-1,"Bucay, Tandang & K.F.Chung",,,,,,754(1): 87,,,,,,824,,,M.A.C.Bucay &amp; D.N.Tandang,,,01/05/2026 12:14,01/05/2026 12:14,"Philippines (Malesia, Asia-Tropical)",E,Begoniaceae,Begonia matulis,Begonia matulis,Begonia,,f,f,,,,,,,,10,24,,"Cebu. City of Cebu, ca. 550 m",123,48,,,,,,,N,,,,,,,,,327437-2,Phytotaxa,urn:lsid:ipni.org:publications:20011462-1,2026,2026 [1 May 2026],[1 May 2026],"Bucay, Tandang & K.F.Chung",spec.,Phytotaxa 754(1): 87. 2026 [1 May 2026] ,,"doi:10.11646/phytotaxa.754.1.4 Etymology: the specific epithet is a term from the Filipino language meaning 'pointy', describing the prominent acuminate lobes of the leaves.",,,11,matulis,,,f,t,,holotype PNH;isotype HAST,,,,,K.F.Chung@20012333-1@3@aut$Tandang@20007038-2@2@aut$Bucay@20072204-1@1@aut,,,tax. nov.,,1.1,f,begonia~matulis,begoniaceaebegonia~matulis~,,11,wfo-1000090105,,species,,,,,https://www.ipni.org/n/77379466-1,IPNI record: 77379466-1,Phytotaxa 754(1): 87 (2026)
urn:lsid:ipni.org:names:77379467-1,Xiao W.Li & Bo Yang,,,,,,754(1): 107,,15,,8,,NXNHS-250815032,2025,,Yang Bo,,,01/05/2026 12:25,01/05/2026 12:25,"Ningxia (Inner Mongolia, China, Asia-Temperate)",E,Ranunculaceae,Delphinium nanhuashanense,Delphinium nanhuashanense,Delphinium,,f,f,,,,,,,,36,26,56,"Nanhuashan of Ningxia, 2625 m",105,37,29,,,,,,N,,,,,,,,,328251-2,Phytotaxa,urn:lsid:ipni.org:publications:20011462-1,2026,2026 [1 May 2026],[1 May 2026],Xiao W.Li & Bo Yang,spec.,Phytotaxa 754(1): 107. 2026 [1 May 2026] ,,doi:10.11646/phytotaxa.754.1.6 Etymology: the specifc epithet is named for the type locality.,,,11,nanhuashanense,,,f,t,,holotype PE,,,,,Bo Yang@20083905-1@2@aut$Xiao W.Li@20083906-1@1@aut,,,tax. nov.,,1.1,f,delphinium~nanhuashanense,ranunculaceaedelphinium~nanhuashanense~,,12,wfo-1000090106,,species,,,,,https://www.ipni.org/n/77379467-1,IPNI record: 77379467-1,Phytotaxa 754(1): 107 (2026)
urn:lsid:ipni.org:names:77379468-1,(Cham.) R.B.Pacifico & Almeda,Melastomataceae Chaetostoma microlicioides Cham.,(Cham.),567354-1,,,754(1): 120,,,,,,,,,,,,01/05/2026 15:01,01/05/2026 15:01,,,Melastomataceae,Microlicia microlicioides,Microlicia microlicioides,Microlicia,,f,f,,,,,,,,,,,,,,,,,,,,,,,,,,,,,30001767-2,Phytotaxa,urn:lsid:ipni.org:publications:20011462-1,2026,2026 [1 May 2026],[1 May 2026],R.B.Pacifico & Almeda,spec.,Phytotaxa 754(1): 120. 2026 [1 May 2026] ,,doi:10.11646/phytotaxa.754.1.8,,,11,microlicioides,,,f,t,,,,,,,Cham.@1504-1@3@bas$R.B.Pacifico@20029315-1@1@aut$Almeda@160-1@2@aut,,,comb. nov.,,1.1,f,microlicia~microlicioides,melastomataceaemicrolicia~microlicioides~,,13,wfo-1000090107,,species,,,,,https://www.ipni.org/n/77379468-1,IPNI record: 77379468-1,Phytotaxa 754(1): 120 (2026)
urn:lsid:ipni.org:names:77379469-1,"G.Amorim, L.L.Santos & E.B.Almeida",,,,,,[early view]: [2 of 7],,25,,10,,58874,1964,,G.T.Prance &amp; N.T.Silva,,,01/05/2026 19:35,05/05/2026 09:32,"Maranhão (Brazil Northeast, Brazil, Southern America);Pará (Brazil North, Brazil, Southern America);",W,Myrtaceae,Myrcia spiciformis,Myrcia spiciformis,Myrcia,,f,f,,,,,,,,1,38,21,"Pará: BR 22, Km 64",46,47,42,,,,,,S,,,,,,,,,30001220-2,Brittonia,urn:lsid:ipni.org:publications:561-2,2026,2026 [9 Mar 2026],[9 Mar 2026],"G.Amorim, L.L.Santos & E.B.Almeida",spec.,Brittonia [early view]: [2 of 7]. 2026 [9 Mar 2026] ,,"doi:10.1007/s12228-025-09874-7 [english] Etymology: 'The specific epithet refers to the spiciform panicle, which is a 'spike-shaped' inflorescence'.",,,11,spiciformis,,,f,t,,holotype NY 01472814;isotype F V0121548F;isotype K K000344947;isotype S S17-10361;isotype U 1444113;isotype US 01893242,,,,,L.L.Santos@20030113-1@2@aut$G.Amorim@20048366-1@1@aut$E.B.Almeida@20098338-1@3@aut,,,tax. nov.,,1.3,f,myrcia~spiciformis,myrtaceaemyrcia~spiciformis~,,14,wfo-1000090108,,species,,,,,https://www.ipni.org/n/77379469-1,IPNI record: 77379469-1,Brittonia [early view]: [2 of 7] (2026)
urn:lsid:ipni.org:names:77379470-1,(H.Perrier) Flicker ex Kottaim.,Violaceae Hybanthus danguyanus H.Perrier,(H.Perrier),866632-1,,,23(1): 107,,,,,,,,,,,,02/05/2026 04:19,06/05/2026 09:47,,,Violaceae,Afrohybanthus danguyanus,Afrohybanthus danguyanus,Afrohybanthus,,f,f,,,,,,,,,,,,,,,,,,,,,,,,,,,,null:,77150385-1,Bioinfolet,urn:lsid:ipni.org:publications:20011118-2,2026,2026 [31 Mar 2026],[31 Mar 2026],Flicker ex Kottaim.,spec.,Bioinfolet 23(1): 107. 2026 [31 Mar 2026] ,,,,,11,danguyanus,,,f,t,,,,,,,Flicker@20029068-1@1@aut$Kottaim.@20027938-1@2@autEx$H.Perrier@7533-1@3@bas,,,comb. nov.,,1.4,f,afrohybanthus~danguyanus,violaceaeafrohybanthus~danguyanus~,,15,wfo-1000090640,,species,,,,,https://www.ipni.org/n/77379470-1,IPNI record: 77379470-1,Bioinfolet 23(1): 107 (2026)
urn:lsid:ipni.org:names:77379471-1,(H.Perrier) Flicker ex Kottaim.,Violaceae Hybanthus decaryanus H.Perrier,(H.Perrier),866634-1,,,23(1): 107,,,,,,,,,,,,02/05/2026 04:22,06/05/2026 09:50,,,Violaceae,Afrohybanthus decaryanus,Afrohybanthus decaryanus,Afrohybanthus,,f,f,,,,,,,,,,,,,,,,,,,,,,,,,,,,null:,77150385-1,Bioinfolet,urn:lsid:ipni.org:publications:20011118-2,2026,2026 [31 Mar 2026],[31 Mar 2026],Flicker ex Kottaim.,spec.,Bioinfolet 23(1): 107. 2026 [31 Mar 2026] ,,,,,11,decaryanus,,,f,t,,,,,,,H.Perrier@7533-1@3@bas$Flicker@20029068-1@1@aut$Kottaim.@20027938-1@2@autEx,,,comb. nov.,77150390-1,1.4,f,afrohybanthus~decaryanus,violaceaeafrohybanthus~decaryanus~,,16,wfo-1000090641,,species,,,,,https://www.ipni.org/n/77379471-1,IPNI record: 77379471-1,Bioinfolet 23(1): 107 (2026)
urn:lsid:ipni.org:names:77379473-1,Maire,,,,,,2: 228,,,,,,,,,,,,03/05/2026 05:32,05/05/2026 15:11,"Morocco (Northern Africa, Africa)",,Caryophyllaceae,Silene mesatlantica var. ibrahimiana,Silene mesatlantica var. ibrahimiana,Silene,,f,f,,,,,ibrahimiana,,,,,,,,,,nom. inval. nom. nud.,,nom. inval.,,,,,,,,,,,,157805-1,Cat. Pl. Maroc,urn:lsid:ipni.org:publications:19594-2,1932,1932,,Maire,var.,Cat. Pl. Maroc 2: 228. 1932 ,,Basionym citation as 'Emberger' but Silene ibrahimiana Emb. was not validly published.,,,10,mesatlantica,Maire,,f,t,,,,,,,Maire@6001-1@1@aut,Maire@0-0@1@aut,,tax. nov.,,1.3,f,silene~mesatlanticaibrahimiana,caryophyllaceaesilene~mesatlanticaibrahimiana,,17,wfo-1200118556,,variety,,,,,https://www.ipni.org/n/77379473-1,IPNI record: 77379473-1,Cat. Pl. Maroc 2: 228 (1932)
urn:lsid:ipni.org:names:77379474-1,Maire,,,,,,10: 160,,,,,,,,,,,,03/05/2026 07:04,06/05/2026 10:06,,,Caryophyllaceae,Silene mesatlantica var. embergeri,Silene mesatlantica var. embergeri,Silene,,f,f,,,,,embergeri,,,,,,,,,,nom. inval.    Contrary to Art. 39.1. ICN (2025). No Latin description; Contrary to Art. 40.1. ICN (2025). Type not indicated.,,nom. inval.,,,,,,,,,,,,157805-1,Fl. Afrique N.,urn:lsid:ipni.org:publications:1114-2,1963,1963,,Maire,var.,Fl. Afrique N. 10: 160. 1963 ,,Etymology: The specific epithet refers to the French botanist and phytogeographer Marie Louis Emberger.,,,9,mesatlantica,Maire,,f,t,,,,,,,Maire@6001-1@1@aut,Maire@0-0@1@aut,,tax. nov.,,1.4,f,silene~mesatlanticaembergeri,caryophyllaceaesilene~mesatlanticaembergeri,,18,wfo-1200118557,,variety,,,,,https://www.ipni.org/n/77379474-1,IPNI record: 77379474-1,Fl. Afrique N. 10: 160 (1963)
urn:lsid:ipni.org:names:77379581-1,Emb. & Maire,,,,,,22: 27,,,,,,,,,,,,04/05/2026 06:25,05/05/2026 15:17,"Morocco (Northern Africa, Africa)",,Caryophyllaceae,Silene mesatlantica var. typica,Silene mesatlantica var. typica,Silene,,f,f,,,,,typica,,,,,,,,,,nom. inval.    Contrary to Art. 24.3. ICN (2018). Final epithet as 'typica'.,,nom. inval.,,,,,,,,,,,,157805-1,Mém. Soc. Sci. Nat. Maroc,urn:lsid:ipni.org:publications:2920-2,1930,1930,,Emb. & Maire,var.,Mém. Soc. Sci. Nat. Maroc 22: 27. 1930 ,,,,,10,mesatlantica,Maire,,f,t,,,,,,,Emb.@2525-1@1@aut$Maire@6001-1@2@aut,Maire@0-0@1@aut,,tax. nov.,,1.3,f,silene~mesatlanticatypica,caryophyllaceaesilene~mesatlanticatypica,,19,wfo-1200118558,,variety,,,,,https://www.ipni.org/n/77379581-1,IPNI record: 77379581-1,Mém. Soc. Sci. Nat. Maroc 22: 27 (1930)
urn:lsid:ipni.org:names:77379583-1,Roxb.,,,,,,3: 656,,,,,,,,,,,,05/05/2026 11:23,05/05/2026 11:23,,,Euphorbiaceae,Phyllanthus obcordatus,Phyllanthus obcordatus,Phyllanthus,,f,f,,,,,,,354367-1,,,,,,,,nom. illeg. later homonym,,nom. illeg.,,,,,,,,,,,,327609-2,"Fl. Ind., ed. 1832.",urn:lsid:ipni.org:publications:5717-2,1832,1832,,Roxb.,spec.,"Fl. Ind., ed. 1832. 3: 656. 1832 ",,"Type: Roxburgh in Wallich 7906 A (lectotype K [K001128484], designated by Chakrabarty & Balakrishnan (2018: 302)).",,,10,obcordatus,,,f,t,,,,,,,Roxb.@8682-1@1@aut,,,tax. nov.,,1.1,f,phyllanthus~obcordatus,euphorbiaceaephyllanthus~obcordatus~,,20,wfo-1000090642,,species,,,,,https://www.ipni.org/n/77379583-1,IPNI record: 77379583-1,"Fl. Ind., ed. 1832. 3: 656 (1832)"
urn:lsid:ipni.org:names:77379584-1,Leandri,,,,,,111: 77,,,,,,,,,,,,05/05/2026 11:43,05/05/2026 11:43,,,Euphorbiaceae,Phyllanthus maderaspatensis f. thermarum,Phyllanthus maderaspatensis f. thermarum,Phyllanthus,,f,f,,,,,thermarum,,,,,,,,,,nom. inval.    Contrary to Art. 39.1. ICN (2025). No Latin description; Contrary to Art. 40.3. ICN (2025). Multiple gatherings cited.,,nom. inval.,,,,,,,,,,,,354211-1,Fl. Madagasc.,urn:lsid:ipni.org:publications:1552-2,1958,1958,,Leandri,f.,Fl. Madagasc. 111: 77. 1958 ,,French descr.,,,9,maderaspatensis,L.,,f,t,,,,,,,Leandri@5368-1@1@aut,L.@12653-1@1@aut,,tax. nov.,,1.2,f,phyllanthus~maderaspatensisthermarum,euphorbiaceaephyllanthus~maderaspatensisthermarum,,21,wfo-0000271449,,form,,,,,https://www.ipni.org/n/77379584-1,IPNI record: 77379584-1,Fl. Madagasc. 111: 77 (1958)
urn:lsid:ipni.org:names:77379585-1,Leandri,,,,,,111: 77,,,,,,,,,,,,05/05/2026 11:47,05/05/2026 11:47,,,Euphorbiaceae,Phyllanthus maderaspatensis f. fastigiatus,Phyllanthus maderaspatensis f. fastigiatus,Phyllanthus,,f,f,,,,,fastigiatus,,,,,,,,,,nom. inval.    Contrary to Art. 39.1. ICN (2025). No Latin description; Contrary to Art. 40.3. ICN (2025). Multiple gatherings cited.,,nom. inval.,,,,,,,,,,,,354211-1,Fl. Madagasc.,urn:lsid:ipni.org:publications:1552-2,1958,1958,,Leandri,f.,Fl. Madagasc. 111: 77. 1958 ,,French descr.,,,9,maderaspatensis,L.,,f,t,,,,,,,Leandri@5368-1@1@aut,L.@12653-1@1@aut,,tax. nov.,,1.1,f,phyllanthus~maderaspatensisfastigiatus,euphorbiaceaephyllanthus~maderaspatensisfastigiatus,,22,wfo-0000271447,,form,,,,,https://www.ipni.org/n/77379585-1,IPNI record: 77379585-1,Fl. Madagasc. 111: 77 (1958)
urn:lsid:ipni.org:names:77379586-1,Gaddy & S.Sakag.,,,,,,1: 3,,25,,8,,20126,1955,,Hatusima &amp; Shimabukuro,,,05/05/2026 12:53,05/05/2026 12:53,"Nansei-shoto (Eastern Asia, Asia-Temperate)",,Diapensiaceae,Shortia amamiana,Shortia amamiana,Shortia,,f,f,,,,,,,,,,,Japan: Amami-Oshima,,,,,,,,,,,,,,,,,,331959-2,Endang. Sp. Biol.,urn:lsid:ipni.org:publications:20064133-1,2024,2024,,Gaddy & S.Sakag.,spec.,Endang. Sp. Biol. 1: 3. 2024 ,,,,,11,amamiana,,,f,t,,holotype KAG 150820,,,,,S.Sakag.@20047366-1@2@aut$Gaddy@19067-1@1@aut,,,tax. nov.,,1.1,f,shortia~amamiana,diapensiaceaeshortia~amamiana~,,23,wfo-1000089322,,species,,,,,https://www.ipni.org/n/77379586-1,IPNI record: 77379586-1,Endang. Sp. Biol. 1: 3 (2024)
urn:lsid:ipni.org:names:77379588-1,Gaddy & S.Sakag.,,,,,,1: 4,,2,,11,,7503,1955,,Amano,,,05/05/2026 14:10,05/05/2026 14:10,"Nansei-shoto (Eastern Asia, Asia-Temperate)",,Diapensiaceae,Shortia okinawensis,Shortia okinawensis,Shortia,,f,f,,,,,,,,,,,"Okinawa, Mt. Yonaha",,,,,,,,,,,,,,,,,,331959-2,Endang. Sp. Biol.,urn:lsid:ipni.org:publications:20064133-1,2024,2024,,Gaddy & S.Sakag.,spec.,Endang. Sp. Biol. 1: 4. 2024 ,,,,,11,okinawensis,,,f,t,,holotype KAG 150813,,,,,Gaddy@19067-1@1@aut$S.Sakag.@20047366-1@2@aut,,,tax. nov.,,1.1,f,shortia~okinawensis,diapensiaceaeshortia~okinawensis~,,24,wfo-1000089321,,species,,,,,https://www.ipni.org/n/77379588-1,IPNI record: 77379588-1,Endang. Sp. Biol. 1: 4 (2024)
urn:lsid:ipni.org:names:77379589-1,Y.M.Shui ex Gaddy & S.Sakag.,,,,,,1: 4,,7,,12,,13690,1947,,K.M.Feng,,,05/05/2026 14:17,05/05/2026 14:17,"Yunnan (China South-Central, China, Asia-Temperate)",,Diapensiaceae,Shortia pubinervis,Shortia pubinervis,Shortia,,f,f,,,,,,,,,,,"Ching-Kou, Lao Chun Shan",,,,,,,,,,,,,,,,,,331959-2,Endang. Sp. Biol.,urn:lsid:ipni.org:publications:20064133-1,2024,2024,,Y.M.Shui ex Gaddy & S.Sakag.,spec.,Endang. Sp. Biol. 1: 4. 2024 ,,,,,11,pubinervis,,,f,t,,holotype KUN 0235234,,,,,S.Sakag.@20047366-1@3@autEx$Gaddy@19067-1@2@autEx$Y.M.Shui@37052-1@1@aut,,,tax. nov.,,1.2,f,shortia~pubinervis,diapensiaceaeshortia~pubinervis~,,25,wfo-1000089320,,species,,,,,https://www.ipni.org/n/77379589-1,IPNI record: 77379589-1,Endang. Sp. Biol. 1: 4 (2024)
urn:lsid:ipni.org:names:77379590-1,Samp.-Castro & Giacomin,,,,,,754(2): 228,,8,,6,,33,2023,,"E.T.S.Castro, L.C.Marinho, M.F.S.Gomes &amp; A.W.C.Ferreira",,,05/05/2026 14:31,05/05/2026 15:43,"Maranhão (Brazil Northeast, Brazil, Southern America)",W,Solanaceae,Solanum longisepalum,Solanum longisepalum,Solanum,,f,f,,,,,,,,2,31,35,"São Luís, APA do Itapiracó",44,12,25,,,,,,S,,,,,,,,,30000630-2,Phytotaxa,urn:lsid:ipni.org:publications:20011462-1,2026,2026 [5 May 2026],[5 May 2026],Samp.-Castro & Giacomin,spec.,Phytotaxa 754(2): 228. 2026 [5 May 2026] ,,doi:10.11646/phytotaxa.754.2.8 [english] Etymology: 'The epithet refers to the notably long calyx lobes'.,,,11,longisepalum,,,f,t,,holotype MAR 14348;isotype JPB,,,,,Giacomin@20018744-1@2@aut$Samp.-Castro@20098342-1@1@aut,,,tax. nov.,,1.2,f,solanum~longisepalum,solanaceaesolanum~longisepalum~,,26,wfo-1000090093,,species,,,,,https://www.ipni.org/n/77379590-1,IPNI record: 77379590-1,Phytotaxa 754(2): 228 (2026)
urn:lsid:ipni.org:names:77379591-1,"Chiranj., K.Prasad & V.Nagaraju",,,,,,2026(4)-e05069: 2,,8,,7,,28,2019,,P.Chiranjeevi,,,05/05/2026 15:12,05/05/2026 15:12,"Andhra Pradesh (India, Indian Subcontinent, Asia-Tropical)",E,Asclepiadaceae,Ceropegia andhrica,Ceropegia andhrica,Ceropegia,,f,f,,,,,,,,18,1,38,"Alluri Sitharamaraju District, Paderu forest division, Cheedikudda, 1010 m",82,41,24,,,,,,N,,,,,,,,,328162-2,Nordic J. Bot.,urn:lsid:ipni.org:publications:2633-2,2026,2026 [25 Jan 2026],[25 Jan 2026],"Chiranj., K.Prasad & V.Nagaraju",spec.,Nordic J. Bot. 2026(4)-e05069: 2. [25 Jan 2026] ,,doi:10.1002/njb.05069  Etymology: the specific epithet is named after the Andhra Pradesh state of India.,,,11,andhrica,,,f,t,,holotype CAL;isotype BSID;isotype KFRI,,,,,Chiranj.@20098341-1@1@aut$V.Nagaraju@20047394-1@3@aut$K.Prasad@20018705-1@2@aut,,,tax. nov.,,1.1,f,ceropegia~andhrica,asclepiadaceaeceropegia~andhrica~,,27,wfo-1000090109,,species,,,,,https://www.ipni.org/n/77379591-1,IPNI record: 77379591-1,Nordic J. Bot. 2026(4)-e05069: 2 (2026)
urn:lsid:ipni.org:names:77379592-1,Yue L.Xu,,,,,,2026(4)-e05024: 5,,26,,3,,Xu3029,2025,,Yueliang Xu &amp; Zhenghai Chen,,,05/05/2026 15:21,05/05/2026 15:21,"Zhejiang (China Southeast, China, Asia-Temperate);Jiangxi (China Southeast, China, Asia-Temperate);",E,Crassulaceae,Sedum zhenghaianum,Sedum zhenghaianum,Sedum,,f,f,,,,,,,,29,22,46,"Zhejiang Province, Hangzhou City, Chunan County, Shilin Town, Shili Scenic Area, 588 m",119,,2,,,,,,N,,,,,,,,,30001444-2,Nordic J. Bot.,urn:lsid:ipni.org:publications:2633-2,2026,2026 [27 Jan 2026],[27 Jan 2026],Yue L.Xu,spec.,Nordic J. Bot. 2026(4)-e05024: 5. [27 Jan 2026] ,,"doi:10.1002/njb.05024  Etymology: the specific epithet is derived from the name of Zhenghai Chen (Professor Senior Engineer of Zhejiang Forest Resources Monitoring Center), to honour his contributions to the discovery of this new species.",,,11,zhenghaianum,,,f,t,,holotype ZM ZMNH0067423,,,,,Yue L.Xu@20061109-1@1@aut,,,tax. nov.,,1.1,f,sedum~zhenghaianum,crassulaceaesedum~zhenghaianum~,,28,wfo-1000090110,,species,,,,,https://www.ipni.org/n/77379592-1,IPNI record: 77379592-1,Nordic J. Bot. 2026(4)-e05024: 5 (2026)
urn:lsid:ipni.org:names:77379593-1,R.Sengupta & S.S.Dash,,,,,,2026(4)-e05107: 2,,21,,6,,103418,2025,,R.Sengupta &amp; S.S.Dash,,,05/05/2026 15:37,05/05/2026 15:37,"Mizoram (Assam, Indian Subcontinent, Asia-Tropical)",E,Araceae,Arisaema siahaense,Arisaema siahaense,Arisaema,,f,f,,,,,,,,22,30,24,"Siaha District, Tlangpui peak area near Lungzarhțum village, 1563 m",93,1,19,,,,,,N,,,,,,,,,328148-2,Nordic J. Bot.,urn:lsid:ipni.org:publications:2633-2,2026,2026 [28 Jan 2026],[28 Jan 2026],R.Sengupta & S.S.Dash,spec.,Nordic J. Bot. 2026(4)-e05107: 2. [28 Jan 2026] ,,"doi:10.1002/njb.05107  Etymology: the specific epithet is derived from the type locality Siaha in southern Mizoram, India.",,,11,siahaense,,,f,t,,holotype CAL CAL0000295648; CAL0000295649,,,,,R.Sengupta@20073000-1@1@aut$S.S.Dash@40000-1@2@aut,,,tax. nov.,,1.1,f,arisaema~siahaense,araceaearisaema~siahaense~,,29,wfo-1000090111,,species,,,,,https://www.ipni.org/n/77379593-1,IPNI record: 77379593-1,Nordic J. Bot. 2026(4)-e05107: 2 (2026)
urn:lsid:ipni.org:names:77379594-1,Yo.Tanaka & Ono,,,,,,12: fols. 32v–33r,,,,,,,,,,,,05/05/2026 16:16,05/05/2026 16:16,,,Brassicaceae,Brassica rapa f. amplexicaulis,Brassica rapa f. amplexicaulis,Brassica,,f,f,,,,,amplexicaulis,,,,,,,,,,,,,,,,,,,,,,,,279485-1,"Somoku Dzusetsu, ed. 2",urn:lsid:ipni.org:publications:19438-2,1874,1874,,Yo.Tanaka & Ono,f.,"Somoku Dzusetsu, ed. 2 12: fols. 32v–33r. 1874 , as 'AMPLEXICAUIHS'",", as 'AMPLEXICAUIHS'",,,,8,rapa,L.,,f,t,,,,,,,Ono@7148-1@2@aut$Yo.Tanaka@10414-1@1@aut,L.@12653-1@1@aut,,tax. nov.,,1.1,f,brassica~rapaamplexicaulis,brassicaceaebrassica~rapaamplexicaulis,,30,wfo-0000743424,,form,,,,,https://www.ipni.org/n/77379594-1,IPNI record: 77379594-1,"Somoku Dzusetsu, ed. 2 12: fols. 32v–33r (1874)"
urn:lsid:ipni.org:names:77379595-1,(Yo.Tanaka & Ono) Makino,Brassicaceae Brassica rapa L. f. amplexicaulis Yo.Tanaka & Ono,(Yo.Tanaka & Ono),77379594-1,,,3: 901,,,,,,,,,,,,05/05/2026 16:19,21/05/2026 14:33,,,Brassicaceae,Brassica campestris var. amplexicaulis,Brassica campestris var. amplexicaulis,Brassica,,f,f,,,,,amplexicaulis,,,,,,,,,,,,,,,,,,,,,,,,30076075-2,"Somoku Dzusetsu, ed. 3.",urn:lsid:ipni.org:publications:20333-2,1912,1912,,Makino,var.,"Somoku Dzusetsu, ed. 3. 3: 901. 1912 ",,,,,11,campestris,L.,,f,t,,,,,,,Makino@6013-1@1@aut$Ono@7148-1@3@bas$Yo.Tanaka@10414-1@2@bas,L.@12653-1@1@aut,,comb. et stat. nov.,,1.2,f,brassica~campestrisamplexicaulis,brassicaceaebrassica~campestrisamplexicaulis,,31,wfo-0000570942,,variety,,,,,https://www.ipni.org/n/77379595-1,IPNI record: 77379595-1,"Somoku Dzusetsu, ed. 3. 3: 901 (1912)"
urn:lsid:ipni.org:names:77379596-1,(Yo.Tanaka & Ono) Makino,Brassicaceae Brassica rapa L. f. amplexicaulis Yo.Tanaka & Ono,(Yo.Tanaka & Ono),77379594-1,,,393,,,,,,,,,,,,05/05/2026 16:23,05/05/2026 16:23,,,Brassicaceae,Brassica chinensis var. amplexicaulis,Brassica chinensis var. amplexicaulis,Brassica,,f,f,,,,,amplexicaulis,,,,,,,,,,,,,,,,,,,,,,,,279290-1,"Fl. Japan (Nippon-Shokubutsu-Sōran), ed. 2.",urn:lsid:ipni.org:publications:19632-2,1931,1931,,Makino,var.,"Fl. Japan (Nippon-Shokubutsu-Sōran), ed. 2. 393. 1931 ",,,,,11,chinensis,L.,,f,t,,,,,,,Ono@7148-1@3@bas$Makino@6013-1@1@aut$Yo.Tanaka@10414-1@2@bas,L.@12653-1@1@aut,,comb. et stat. nov.,,1.1,f,brassica~chinensisamplexicaulis,brassicaceaebrassica~chinensisamplexicaulis,,32,wfo-1200118559,,variety,,,,,https://www.ipni.org/n/77379596-1,IPNI record: 77379596-1,"Fl. Japan (Nippon-Shokubutsu-Sōran), ed. 2. 393 (1931)"
urn:lsid:ipni.org:names:77379597-1,Höfle,,,,,,29,,,,,,,,,,,,05/05/2026 16:42,05/05/2026 16:42,,,Brassicaceae,Brassica rapa subsp. esculenta,Brassica rapa subsp. esculenta,Brassica,,f,f,,,,,esculenta,,,,,,,,,,,,,,,,,,,,,,,,279485-1,Grundr. Angew. Bot.,urn:lsid:ipni.org:publications:20064134-1,1851,1851,,Höfle,subsp.,Grundr. Angew. Bot. 29. 1851 ,,,,,8,rapa,L.,,f,t,,,,,,,Höfle@3996-1@1@aut,L.@12653-1@1@aut,,tax. nov.,,1.1,f,brassica~rapaesculenta,brassicaceaebrassica~rapaesculenta,,33,wfo-1200118560,,subspecies,,,,,https://www.ipni.org/n/77379597-1,IPNI record: 77379597-1,Grundr. Angew. Bot. 29 (1851)
urn:lsid:ipni.org:names:77379598-1,(Mill.) Steud.,Brassicaceae Rapa rotunda Mill.,(Mill.),288387-1,,,1: 117,,,,,,,,,,,,05/05/2026 16:50,05/05/2026 16:50,,,Brassicaceae,Brassica rapa var. rotunda,Brassica rapa var. rotunda,Brassica,,f,f,,,,,rotunda,,,,,,,,,,,,,,,,,,,,,,,,279485-1,Nomencl. Bot. [Steudel],urn:lsid:ipni.org:publications:757-2,1821,1821,,Steud.,var.,Nomencl. Bot. [Steudel] 1: 117. 1821 ,,,,,11,rapa,L.,,f,t,,,,,,,Steud.@10122-1@1@aut$Mill.@6485-1@2@bas,L.@12653-1@1@aut,,comb. et stat. nov.,,1.1,f,brassica~raparotunda,brassicaceaebrassica~raparotunda,,34,wfo-1200118561,,variety,,,,,https://www.ipni.org/n/77379598-1,IPNI record: 77379598-1,Nomencl. Bot. [Steudel] 1: 117 (1821)
urn:lsid:ipni.org:names:77379599-1,Peterm.,,,,,,491,,,,,,,,,,,,05/05/2026 16:52,05/05/2026 16:52,,,Brassicaceae,Brassica rapa [infrasp.unranked] globosa,Brassica rapa [infrasp.unranked] globosa,Brassica,,f,f,,,,,globosa,,,,,,,,,,,,,,,,,,,,,,,,279485-1,Fl. Lips. Excurs.,urn:lsid:ipni.org:publications:20011013-2,1838,1838,,Peterm.,[infrasp.unranked],Fl. Lips. Excurs. 491. 1838 ,,,,,8,rapa,L.,,f,t,,,,,,,Peterm.@7565-1@1@aut,L.@12653-1@1@aut,,tax. nov.,,1.1,f,brassica~rapaglobosa,brassicaceaebrassica~rapaglobosa,,35,wfo-0000571569,1,unranked,,,,,https://www.ipni.org/n/77379599-1,IPNI record: 77379599-1,Fl. Lips. Excurs. 491 (1838)
urn:lsid:ipni.org:names:77379600-1,DC.,,,,,,2: 590,,,,,,,,,,,,05/05/2026 16:55,05/05/2026 16:55,,,Brassicaceae,Brassica rapa [infrasp.unranked] depressa,Brassica rapa [infrasp.unranked] depressa,Brassica,,f,f,,,,,depressa,,,,,,,,,,,,,,,,,,,,,,,,279485-1,Syst. Nat.,urn:lsid:ipni.org:publications:8273-2,1821,1821,,DC.,[infrasp.unranked],Syst. Nat. 2: 590. 1821 ,,"De Candolle cites Brassica rapa Martyn, Fl. Rust. t. 49, 50 as illustrations.",,,8,rapa,L.,,f,t,,,,,,,DC.@16855-1@1@aut,L.@12653-1@1@aut,,tax. nov.,,1.1,f,brassica~rapadepressa,brassicaceaebrassica~rapadepressa,,36,wfo-0000571561,1,unranked,,,,,https://www.ipni.org/n/77379600-1,IPNI record: 77379600-1,Syst. Nat. 2: 590 (1821)
urn:lsid:ipni.org:names:77379601-1,(Mill.) DC.,Brassicaceae Rapa oblonga Mill.,(Mill.),288386-1,,,2: 591,,,,,,,,,,,,05/05/2026 17:02,05/05/2026 17:02,,,Brassicaceae,Brassica rapa [infrasp.unranked] oblonga,Brassica rapa [infrasp.unranked] oblonga,Brassica,,f,f,,,,,oblonga,,,,,,,,,,,,,,,,,,,,,,,,279485-1,Syst. Nat.,urn:lsid:ipni.org:publications:8273-2,1821,1821,,DC.,[infrasp.unranked],Syst. Nat. 2: 591. 1821 ,,,,,11,rapa,L.,,f,t,,,,,,,DC.@16855-1@1@aut$Mill.@6485-1@2@bas,L.@12653-1@1@aut,,comb. et stat. nov.,,1.1,f,brassica~rapaoblonga,brassicaceaebrassica~rapaoblonga,,37,wfo-1200118695,1,unranked,,,,,https://www.ipni.org/n/77379601-1,IPNI record: 77379601-1,Syst. Nat. 2: 591 (1821)
urn:lsid:ipni.org:names:77379602-1,(DC.) Lej. & Courtois,Brassicaceae Brassica rapa L. [infrasp.unranked] depressa DC.,(DC.),77379600-1,,,2: 294,,,,,,,,,,,,05/05/2026 17:06,05/05/2026 17:06,,,Brassicaceae,Brassica rapa var. depressa,Brassica rapa var. depressa,Brassica,,f,f,,,,,depressa,,,,,,,,,,,,,,,,,,,,,,,,279485-1,Comp. Fl. Belg.,urn:lsid:ipni.org:publications:7604-2,1831,1831,,Lej. & Courtois,var.,Comp. Fl. Belg. 2: 294. 1831 ,,,,,11,rapa,L.,,f,t,,,,,,,Lej.@5451-1@1@aut$Courtois@1843-1@2@aut$DC.@16855-1@3@bas,L.@12653-1@1@aut,,comb. et stat. nov.,,1.1,f,brassica~rapadepressa,brassicaceaebrassica~rapadepressa,,38,wfo-1200118627,,variety,,,,,https://www.ipni.org/n/77379602-1,IPNI record: 77379602-1,Comp. Fl. Belg. 2: 294 (1831)
urn:lsid:ipni.org:names:77379603-1,(Mill.) Lej. & Courtois,Brassicaceae Rapa oblonga Mill.,(Mill.),288386-1,,,2: 295,,,,,,,,,,,,05/05/2026 17:08,05/05/2026 17:08,,,Brassicaceae,Brassica rapa var. oblonga,Brassica rapa var. oblonga,Brassica,,f,f,,,,,oblonga,,,,,,,,,,,,,,,,,,,,,,,,279485-1,Comp. Fl. Belg.,urn:lsid:ipni.org:publications:7604-2,1831,1831,,Lej. & Courtois,var.,Comp. Fl. Belg. 2: 295. 1831 ,,,,,11,rapa,L.,,f,t,,,,,,,Courtois@1843-1@2@aut$Lej.@5451-1@1@aut$Mill.@6485-1@3@bas,L.@12653-1@1@aut,,comb. et stat. nov.,,1.1,f,brassica~rapaoblonga,brassicaceaebrassica~rapaoblonga,,39,wfo-1200118628,,variety,,,,,https://www.ipni.org/n/77379603-1,IPNI record: 77379603-1,Comp. Fl. Belg. 2: 295 (1831)
urn:lsid:ipni.org:names:77379604-1,C.Wen Li,,,,,,5,,,,,,,,,,,,05/05/2026 17:17,06/05/2026 10:15,,,Brassicaceae,Brassica campestris var. dissoluta,Brassica campestris var. dissoluta,Brassica,,f,f,,,,,dissoluta,,,,,,,,,,nom. inval.    Contrary to Art. 39.1. ICN (2025). No Latin description; Contrary to Art. 40.1. ICN (2025). Type not indicated.,,nom. inval.,,,,,,,,,,,,30076075-2,Chinese Cabbage,urn:lsid:ipni.org:publications:20064135-1,1981,1981,,C.Wen Li,var.,Chinese Cabbage 5. 1981 ,,,,,9,campestris,L.,,f,t,,,,,,,C.Wen Li@20098343-1@1@aut,L.@12653-1@1@aut,,tax. nov.,,1.2,f,brassica~campestrisdissoluta,brassicaceaebrassica~campestrisdissoluta,,40,wfo-1200118562,,variety,,,,,https://www.ipni.org/n/77379604-1,IPNI record: 77379604-1,Chinese Cabbage 5 (1981)
urn:lsid:ipni.org:names:77379605-1,C.Wen Li,,,,,,5,,,,,,,,,,,,05/05/2026 17:19,05/05/2026 17:19,,,Brassicaceae,Brassica campestris var. infarcta,Brassica campestris var. infarcta,Brassica,,f,f,,,,,infarcta,,,,,,,,,,nom. inval.    Contrary to Art. 39.1. ICN (2025). No Latin description; Contrary to Art. 40.1. ICN (2025). Type not indicated.,,nom. inval.,,,,,,,,,,,,30076075-2,Chinese Cabbage,urn:lsid:ipni.org:publications:20064135-1,1981,1981,,C.Wen Li,var.,Chinese Cabbage 5. 1981 ,,,,,9,campestris,L.,,f,t,,,,,,,C.Wen Li@20098343-1@1@aut,L.@12653-1@1@aut,,tax. nov.,,1.1,f,brassica~campestrisinfarcta,brassicaceaebrassica~campestrisinfarcta,,41,wfo-1200118563,,variety,,,,,https://www.ipni.org/n/77379605-1,IPNI record: 77379605-1,Chinese Cabbage 5 (1981)
urn:lsid:ipni.org:names:77379610-1,D.Frank & Almendras,,,,,,[early view]: [17 of 22],,5,,12,,s.n.,2022,,D.Almendras,,,05/05/2026 18:48,06/05/2026 12:05,"Coquimbo (Chile Central, Southern South America, Southern America)",W,Aristolochiaceae,Aristolochia juntucha,Aristolochia juntucha,Aristolochia,,f,f,,,,,,,,30,13,13,"Nameless road behind Cerro El Calvario, close to D-51, Andacollo, 1097 m",71,5,10,,,,,,S,,,,,,,,,330834-2,Brittonia,urn:lsid:ipni.org:publications:561-2,2026,2026 [27 Apr 2026],[27 Apr 2026],D.Frank & Almendras,spec.,Brittonia [early view]: [17 of 22]. 2026 [27 Apr 2026] ,,"doi:10.1007/s12228-025-09871-w [english] Etymology: 'The specific epithet juntucha is derived from Quechua, the language of the Inka people, and translates to 'unity', symbolizing the team effort that led to its discovery'.",,,11,juntucha,,,f,t,,holotype SGO 171816;isotype CONC 201601;isotype JBN 4904;isotype VALPL 3002;isotype UV,,,,,Almendras@20098346-1@2@aut$D.Frank@20054063-1@1@aut,,,tax. nov.,,1.2,f,aristolochia~juntucha,aristolochiaceaearistolochia~juntucha~,,42,wfo-1000090112,,species,,,,,https://www.ipni.org/n/77379610-1,IPNI record: 77379610-1,Brittonia [early view]: [17 of 22] (2026)
urn:lsid:ipni.org:names:77379611-1,"D.Frank, Almendras, Cisternas & Novoa",,,,,,[early view]: [16 of 22],,14,,8,,s.n.,2024,,M.Cisternas,,,05/05/2026 18:49,06/05/2026 11:52,"Coquimbo (Chile Central, Southern South America, Southern America)",W,Aristolochiaceae,Aristolochia distorta,Aristolochia distorta,Aristolochia,,f,f,,,,,,,,31,57,40,"Choapa, Los Vilos, ladera pedregosa, estero Pupio, 545 m",71,5,50,,,,,,S,,,,,,,,,330834-2,Brittonia,urn:lsid:ipni.org:publications:561-2,2026,2026 [27 Apr 2026],[27 Apr 2026],"D.Frank, Almendras, Cisternas & Novoa",spec.,Brittonia [early view]: [16 of 22]. 2026 [27 Apr 2026] ,,"doi:10.1007/s12228-025-09871-w Etymology: 'The specific epithet is derived from Latin distortus, ''deformed'' or ''twisted'' and refers to the asymmetry of flowers at anthesis'.",,,11,distorta,,,f,t,,"holotype JBN 4549;isotype CONC 201334;isotype EIF 18555;isotype JBN 4555, 4556;isotype VALPL 3000",,,,,D.Frank@20054063-1@1@aut$Cisternas@20005713-2@3@aut$Almendras@20098346-1@2@aut$Novoa@20025675-1@4@aut,,,tax. nov.,,1.2,f,aristolochia~distorta,aristolochiaceaearistolochia~distorta~,,43,wfo-1000090113,,species,,,,,https://www.ipni.org/n/77379611-1,IPNI record: 77379611-1,Brittonia [early view]: [16 of 22] (2026)
urn:lsid:ipni.org:names:77379612-1,Almendras & D.Frank,,,,,,[early view]: [19 of 22],,27,,10,,s.n.,2022,,D.Almendras,,,05/05/2026 18:50,06/05/2026 12:14,"Coquimbo (Chile Central, Southern South America, Southern America)",W,Aristolochiaceae,Aristolochia marinae,Aristolochia marinae,Aristolochia,,f,f,,,,,,,,31,43,18,"Choapa, Salamanca, by the D-845, in a gorge between San Agustín and Zapallar",70,48,56,,,,,,S,,,,,,,,,330834-2,Brittonia,urn:lsid:ipni.org:publications:561-2,2026,2026 [27 Apr 2026],[27 Apr 2026],Almendras & D.Frank,spec.,Brittonia [early view]: [19 of 22]. 2026 [27 Apr 2026] ,,"doi:10.1007/s12228-025-09871-w [english] Etymology: 'The specific epithet marinae honors Marina Santana Reyes, grandmother of the second author'.",,,11,marinae,,,f,t,,holotype SGO 171805;isotype JBN 4905;isotype UV;isotype VALPL 3003,,,,,D.Frank@20054063-1@2@aut$Almendras@20098346-1@1@aut,,,tax. nov.,,1.2,f,aristolochia~marinae,aristolochiaceaearistolochia~marinae~,,44,wfo-1000090114,,species,,,,,https://www.ipni.org/n/77379612-1,IPNI record: 77379612-1,Brittonia [early view]: [19 of 22] (2026)
urn:lsid:ipni.org:names:77379613-1,A.S.D.Irsyam & M.R.Hariri,,,,,,[early view]: [2 of 4],,,,,,12025,2025,,A.A.Setiawan,,,06/05/2026 07:47,06/05/2026 12:20,"Kalimantan (Borneo, Malesia, Asia-Tropical)",,Araceae,Tweeddalea capsiciformis,Tweeddalea capsiciformis,Tweeddalea,,f,f,,,,,,,,,,,"West Kalimantan, Melawi Regency, South Pinoh, Manggala village",,,,,,,,,,,,,,,,,,77348032-1,Brittonia,urn:lsid:ipni.org:publications:561-2,2026,2026 [30 Apr 2026],[30 Apr 2026],A.S.D.Irsyam & M.R.Hariri,spec.,Brittonia [early view]: [2 of 4]. 2026 [30 Apr 2026] ,,"doi:10.1007/s12228-026-09883-0 [english] Etymology: 'The specific epithet capsiciformis refers to the chili-like shape of the spathe, which resembles the fruit of Capsicum L. (Solanaceae)'.",,,11,capsiciformis,,,f,t,,holotype FIPIA;isotype UIDEP,,,,,A.S.D.Irsyam@20072205-1@1@aut$M.R.Hariri@20072206-1@2@aut,,,tax. nov.,,1.3,f,tweeddalea~capsiciformis,araceaetweeddalea~capsiciformis~,,45,wfo-1000090115,,species,,,,,https://www.ipni.org/n/77379613-1,IPNI record: 77379613-1,Brittonia [early view]: [2 of 4] (2026)
urn:lsid:ipni.org:names:77379614-1,B.Ståhl,,,,,,100: 45,,13,,4,,122,1994,,Jorgensen et al.,,,06/05/2026 12:07,06/05/2026 12:07,"Ecuador (Western South America, Southern America)",W,Ranunculaceae,Clematis jorgensenii,Clematis jorgensenii,Clematis,,f,f,,,,,,,,4,2,12,"Loja, Cerro de Celica, km 14-18 on road Celica-Guachanamá, 3100 m",79,52,14,,,,,,S,,,,,,,,,329401-2,Fl. Ecuador,urn:lsid:ipni.org:publications:2177-2,2025,2025,,B.Ståhl,spec.,Fl. Ecuador 100: 45. 2025 ,,[english],,,11,jorgensenii,,,f,t,,holotype MO;isotype LOJA;isotype NY;isotype QCA,,,,,B.Ståhl@27118-1@1@aut,,,tax. nov.,,1.1,f,clematis~jorgensenii,ranunculaceaeclematis~jorgensenii~,,46,wfo-1000090116,,species,,,,,https://www.ipni.org/n/77379614-1,IPNI record: 77379614-1,Fl. Ecuador 100: 45 (2025)
urn:lsid:ipni.org:names:77379615-1,B.Ståhl,,,,,,100: 47,,,,,,,,,,,,06/05/2026 12:10,06/05/2026 12:10,"Ecuador (Western South America, Southern America)",W,Ranunculaceae,Clematis azuayensis,Clematis azuayensis,Clematis,,f,f,,,,,,,,3,8,,"Azuay, Río Cumbe valley, c. 5 km S of Cumbe, 2900-3000 m",79,1,,,,,,,N,,,,,,,,,329401-2,Fl. Ecuador,urn:lsid:ipni.org:publications:2177-2,2025,2025,,B.Ståhl,spec.,Fl. Ecuador 100: 47. 2025 ,,[english],,,9,azuayensis,,,f,t,,,,,,,B.Ståhl@27118-1@1@aut,,,tax. nov.,,1.1,f,clematis~azuayensis,ranunculaceaeclematis~azuayensis~,,47,wfo-1000090117,,species,,,,,https://www.ipni.org/n/77379615-1,IPNI record: 77379615-1,Fl. Ecuador 100: 47 (2025)
urn:lsid:ipni.org:names:77379620-1,Wad.Khan & R.D.Taur,,,,,,8(3): 224,,18,,12,,4350,1995,,W.Khan,,,06/05/2026 12:46,06/05/2026 12:46,"Maharashtra (India, Indian Subcontinent, Asia-Tropical);Tamil Nadu (India, Indian Subcontinent, Asia-Tropical);",,Cyperaceae,Fimbristylis bhuskutei,Fimbristylis bhuskutei,Fimbristylis,,f,f,,,,,,,,,,,Maharashtra State. Sindhudurg Dist. Amboli Ghats,,,,,,,,,,,,,,,,,,331197-2,Bioinfolet,urn:lsid:ipni.org:publications:20011118-2,2011,2011 [Sep 2011],[Sep 2011],Wad.Khan & R.D.Taur,spec.,"Bioinfolet 8(3): 224. 2011 [Sep 2011] , as 'bhuskutii'",", as 'bhuskutii'","Etymology: the specific epithet is named after Dr. S. M. Bhuskute, Principal (Bhawbhuti College, Amgaon, Dist. Gondia, Maharashtra) for his contributions in the field of taxonomy. Epithet correctable under Art. 60.8.(a), ICN (2025).",,,11,bhuskutei,,,f,t,,holotype HCMCM;isotype CAL;isotype BSI;isotype Herb. BAMU,,,,,Wad.Khan@28482-1@1@aut$R.D.Taur@20027241-1@2@aut,,,tax. nov.,,1.1,f,fimbristylis~bhuskutei,cyperaceaefimbristylis~bhuskutei~,,48,wfo-1000090118,,species,,,,,https://www.ipni.org/n/77379620-1,IPNI record: 77379620-1,Bioinfolet 8(3): 224 (2011)
urn:lsid:ipni.org:names:77379624-1,Wad.Khan & Rakhonde,,,,,,8(3): 225,,19,,10,,4481,1995,,W.Khan,,,06/05/2026 12:53,06/05/2026 12:54,"Maharashtra (India, Indian Subcontinent, Asia-Tropical)",,Cyperaceae,Fimbristylis nairii,Fimbristylis nairii,Fimbristylis,,f,f,,,,,,,,,,,"Sindhudurg Dist. Sawantwadi, Amboli Road",,,,,,,,,,,,,,,,,,331197-2,Bioinfolet,urn:lsid:ipni.org:publications:20011118-2,2011,2011 [Sep 2011],[Sep 2011],Wad.Khan & Rakhonde,spec.,Bioinfolet 8(3): 225. 2011 [Sep 2011] ,,"Etymology: the specific epithet is named after Dr. V. J. Nair, Emeritus scientist, BSI Coimbatore for his contributions in the field of taxonomy.",,,11,nairii,,,f,t,,holotype HCMCM;isotype CAL;isotype BSI;isotype Herb. BAMU,,,,,Wad.Khan@28482-1@1@aut$Rakhonde@20098347-1@2@aut,,,tax. nov.,,1.2,f,fimbristylis~nairii,cyperaceaefimbristylis~nairii~,,49,wfo-1000090119,,species,,,,,https://www.ipni.org/n/77379624-1,IPNI record: 77379624-1,Bioinfolet 8(3): 225 (2011)
urn:lsid:ipni.org:names:77379628-1,R.I.Shaikh,,,,,,8(3): 226,,12,,10,,5356,2004,,D.P.Chavan,,,06/05/2026 13:00,06/05/2026 13:00,"Maharashtra (India, Indian Subcontinent, Asia-Tropical)",,Cyperaceae,Fimbristylis nairii f. chaukulensis,Fimbristylis nairii f. chaukulensis,Fimbristylis,,f,f,,,,,chaukulensis,,,,,,"Sindhudurg Dist, Chaukul",,,,,,,,,,,,,,,,,,77379624-1,Bioinfolet,urn:lsid:ipni.org:publications:20011118-2,2011,2011 [Sep 2011],[Sep 2011],R.I.Shaikh,f.,Bioinfolet 8(3): 226. 2011 [Sep 2011] ,,Etymology: the infraspecific epithet is named after the locality of occurrence.,,,11,nairii,Wad.Khan & Rakhonde,,f,t,,holotype HCMCM;isotype HCMCM;isotype Herb. BAMU,,,,,R.I.Shaikh@20027242-1@1@aut,Rakhonde@20098347-1@2@aut$Wad.Khan@28482-1@1@aut,,tax. nov.,,1.1,f,fimbristylis~nairiichaukulensis,cyperaceaefimbristylis~nairiichaukulensis,,50,wfo-1200118564,,form,,,,,https://www.ipni.org/n/77379628-1,IPNI record: 77379628-1,Bioinfolet 8(3): 226 (2011)
urn:lsid:ipni.org:names:77379633-1,Wad.Khan & R.D.Taur,,,,,,8(3): 226,,9,,11,,515,2003,,R.D.Taur,,,06/05/2026 13:05,06/05/2026 13:05,"Tamil Nadu (India, Indian Subcontinent, Asia-Tropical)",,Cyperaceae,Fimbristylis sivarajanii,Fimbristylis sivarajanii,Fimbristylis,,f,f,,,,,,,,,,,Tiruchchirapalli Dist. Near Bharatidasan University,,,,,,,,,,,,,,,,,,331197-2,Bioinfolet,urn:lsid:ipni.org:publications:20011118-2,2011,2011 [Sep 2011],[Sep 2011],Wad.Khan & R.D.Taur,spec.,Bioinfolet 8(3): 226. 2011 [Sep 2011] ,,"Etymology: the specific epithet honours the late Prof. V. V. Sivarajan(University of Calicut, Founder Secretory of Indian Association for Angiosperm Taxonomy, IAAT) for his valuable contributions in the field of taxonomy.",,,11,sivarajanii,,,f,t,,holotype CAL;isotype HCMCM;isotype BSI;isotype Herb. BAMU,,,,,Wad.Khan@28482-1@1@aut$R.D.Taur@20027241-1@2@aut,,,tax. nov.,,1.1,f,fimbristylis~sivarajanii,cyperaceaefimbristylis~sivarajanii~,,51,wfo-1000090120,,species,,,,,https://www.ipni.org/n/77379633-1,IPNI record: 77379633-1,Bioinfolet 8(3): 226 (2011)
urn:lsid:ipni.org:names:77379664-1,R.J.Mitch.,,,,,,44: 38,,15,,10,,4,2024,,Robert J.Mitchell,,,07/05/2026 03:05,07/05/2026 12:44,"Victoria (Australia, Australasia)",,Orchidaceae,Thelymitra asperifolia,Thelymitra asperifolia,Thelymitra,,f,f,,,,,,,,,,,"Frankston Nature Conservation Reserve, throughout fire break beside Boundary West Track",,,,,,,,,,,,,,,,,,30798-1,Muelleria,urn:lsid:ipni.org:publications:1554-2,2026,2026 [7 May 2026],[7 May 2026],R.J.Mitch.,spec.,Muelleria 44: 38. 2026 [7 May 2026] ,,"[english] Etymology: 'Latin: aspera (rough, harsh) + folium (leaf); the leaf has an abrasive texture similar to that of fine emery board'.",,,11,asperifolia,,,f,t,,holotype MEL 2549820A;isotype MEL 2549829A,,,,,R.J.Mitch.@14325-1@1@aut,,,tax. nov.,,1.2,f,thelymitra~asperifolia,orchidaceaethelymitra~asperifolia~,,52,wfo-1000090121,,species,,,,,https://www.ipni.org/n/77379664-1,IPNI record: 77379664-1,Muelleria 44: 38 (2026)
urn:lsid:ipni.org:names:77379665-1,R.J.Mitch.,,,,,,44: 41,,15,,10,,2,2024,,Robert J. Mitchell,,,07/05/2026 04:43,07/05/2026 12:06,"Victoria (Australia, Australasia)",,Orchidaceae,Thelymitra aurorae,Thelymitra aurorae,Thelymitra,,f,f,,,,,,,,,,,Mornington Peninsula,,,,,,,,,,,,,,,,,,30798-1,Muelleria,urn:lsid:ipni.org:publications:1554-2,2026,2026 [7 May 2026],[7 May 2026],R.J.Mitch.,spec.,Muelleria 44: 41. 2026 [7 May 2026] ,,"[english] Etymology: 'Named for the nature-loving music artist Aurora (Aurora Aksnes, 1996–). The species, with its short stature and white flowers with pink trichomes, bears an uncanny resemblance (in Thelymitra terms) to the artist's stage appearance'.",,,11,aurorae,,,f,t,,holotype MEL 2549821A;isotype MEL 2549828A,,,,,R.J.Mitch.@14325-1@1@aut,,,tax. nov.,,1.3,f,thelymitra~aurorae,orchidaceaethelymitra~aurorae~,,53,wfo-1000090122,,species,,,,,https://www.ipni.org/n/77379665-1,IPNI record: 77379665-1,Muelleria 44: 41 (2026)
urn:lsid:ipni.org:names:77379666-1,R.J.Mitch.,,,,,,44: 44,,15,,10,,5,2024,,Robert J.Mitchell,,,07/05/2026 04:50,07/05/2026 12:14,"Victoria (Australia, Australasia)",,Orchidaceae,Thelymitra serpentina,Thelymitra serpentina,Thelymitra,,f,f,,,,,,,,,,,"Frankston Nature Conservation Reserve, firebreak beside Boundary West Track",,,,,,,,,,,,,,,,,,30798-1,Muelleria,urn:lsid:ipni.org:publications:1554-2,2026,2026 [7 May 2026],[7 May 2026],R.J.Mitch.,spec.,Muelleria 44: 44. 2026 [7 May 2026] ,,"[english] Etymology: 'Latin serpentina (snake-like), an allusion to the shape of the column, with the combination of the tapering and grooved post-anther lobe and singular trichome tuft, resembling the head of a snake'.",,,11,serpentina,,,f,t,,holotype MEL 2555003A;isotype MEL 2549831A,,,,,R.J.Mitch.@14325-1@1@aut,,,tax. nov.,,1.3,f,thelymitra~serpentina,orchidaceaethelymitra~serpentina~,,54,wfo-1000090123,,species,,,,,https://www.ipni.org/n/77379666-1,IPNI record: 77379666-1,Muelleria 44: 44 (2026)
urn:lsid:ipni.org:names:77379667-1,"(Seem.) Kottaim., Arisdason & Murugan",Araliaceae Agalma griffithii Seem.,(Seem.),89529-1,,,11: 389,,,,,,,,,,,,07/05/2026 06:57,07/05/2026 12:32,,,Araliaceae,Heptapleurum griffithii,Heptapleurum griffithii,Heptapleurum,,f,f,,,,,,,,,,,,,,,,,,,,,,,,,,,,null:,3032-1,Fl. India,urn:lsid:ipni.org:publications:20111-2,2025,2025 [13 Feb 2025],[13 Feb 2025],"Kottaim., Arisdason & Murugan",spec.,Fl. India 11: 389. 2025 [13 Feb 2025] ,,,,,11,griffithii,,,f,t,,,,,,,Seem.@9417-1@4@bas$Kottaim.@20027938-1@1@aut$Murugan@39421-1@3@aut$Arisdason@20015747-1@2@aut,,,comb. nov.,,1.3,f,heptapleurum~griffithii,araliaceaeheptapleurum~griffithii~,,55,wfo-1000042400,,species,,,,,https://www.ipni.org/n/77379667-1,IPNI record: 77379667-1,Fl. India 11: 389 (2025)
urn:lsid:ipni.org:names:77379687-1,"Eb.Fisch., B.Dumbo & L.Dumbo",,,,,,24,,22,,8,,s.n.,2017,,B.Dumbo &amp; L.Dumbo,,,07/05/2026 12:57,07/05/2026 12:57,"Congo (West-Central Tropical Africa, Africa)",E,Scrophulariaceae,Thunbergianthus muloloensis,Thunbergianthus muloloensis,Thunbergianthus,,f,f,,,,,,,,2,29,6,"Kahuzi-Biéga National Park, liana in transitional rainforest at Mulolo, 1108 m",28,21,22,,,,,,S,,,,,,,,,38057-1,"Fl. Afrique Centr., Orobanch.",urn:lsid:ipni.org:publications:20064141-1,2025,2025 [Oct 2025],[Oct 2025],"Eb.Fisch., B.Dumbo & L.Dumbo",spec.,"Fl. Afrique Centr., Orobanch. 24. 2025 [Oct 2025] ",,,,,11,muloloensis,,,f,t,,holotype BR BR0000022773777;isotype KOBL,,,,,Eb.Fisch.@35131-1@1@aut$L.Dumbo@20044345-1@3@aut$B.Dumbo@20044344-1@2@aut,,,tax. nov.,,1.1,f,thunbergianthus~muloloensis,scrophulariaceaethunbergianthus~muloloensis~,,56,wfo-1000090124,,species,,,,,https://www.ipni.org/n/77379687-1,IPNI record: 77379687-1,"Fl. Afrique Centr., Orobanch. 24 (2025)"
urn:lsid:ipni.org:names:77379688-1,(Hedberg) Eb.Fisch.,Scrophulariaceae Bartsia macrophylla Hedberg,(Hedberg),799657-1,,,190,,,,,,,,,,,,07/05/2026 13:00,07/05/2026 13:00,,,Scrophulariaceae,Hedbergia macrophylla,Hedbergia macrophylla,Hedbergia,,f,f,,,,,,,,,,,,,,,,,,,,,,,,,,,,,925106-1,"Fl. Afrique Centr., Orobanch.",urn:lsid:ipni.org:publications:20064141-1,2025,2025 [Oct 2025],[Oct 2025],Eb.Fisch.,spec.,"Fl. Afrique Centr., Orobanch. 190. 2025 [Oct 2025] ",,,,,11,macrophylla,,,f,t,,,,,,,Eb.Fisch.@35131-1@1@aut$Hedberg@20112-1@2@bas,,,comb. nov.,,1.1,f,hedbergia~macrophylla,scrophulariaceaehedbergia~macrophylla~,,57,wfo-1000090125,,species,,,,,https://www.ipni.org/n/77379688-1,IPNI record: 77379688-1,"Fl. Afrique Centr., Orobanch. 190 (2025)"
urn:lsid:ipni.org:names:77379750-1,Sartin & Kameyama,,,,,,754(2): 159,,30,,7,,293,2011,,R.D.Sartin,,,07/05/2026 14:36,07/05/2026 14:36,"Goiás (Brazil West-Central, Brazil, Southern America)",W,Acanthaceae,Justicia dissimulata,Justicia dissimulata,Justicia,,f,f,,,,,,,,15,31,22,"Matrinchã, Condomínio Santa Rosa, Mata Ciliar do Rio Vermelho, 296 m",50,42,45,,,,,,S,,,,,,,,,326849-2,Phytotaxa,urn:lsid:ipni.org:publications:20011462-1,2026,2026 [5 May 2026],[5 May 2026],Sartin & Kameyama,spec.,Phytotaxa 754(2): 159. 2026 [5 May 2026] ,,"doi:10.11646/phytotaxa.754.2.3 Etymology: 'The specific epithet refers to the small size of the species, making it difficult to be  found.'",,,11,dissimulata,,,f,t,,holotype SP;isotype SPF,,,,,Kameyama@36782-1@2@aut$Sartin@20098348-1@1@aut,,,tax. nov.,,1.1,f,justicia~dissimulata,acanthaceaejusticia~dissimulata~,,58,wfo-1000090126,,species,,,,,https://www.ipni.org/n/77379750-1,IPNI record: 77379750-1,Phytotaxa 754(2): 159 (2026)
urn:lsid:ipni.org:names:77379751-1,Sartin & Kameyama,,,,,,754(2): 163,,15,,9,,659,2014,,R.D.Sartin,,,07/05/2026 14:41,07/05/2026 14:41,"Goiás (Brazil West-Central, Brazil, Southern America)",W,Acanthaceae,Justicia kalunga,Justicia kalunga,Justicia,,f,f,,,,,,,,14,7,17,"Alto Paraíso de Goiás, Parque Nacional da Chapada dos Veadeiros, Jardim de Maitreya,",47,41,10,,,,,,S,,,,,,,,,326849-2,Phytotaxa,urn:lsid:ipni.org:publications:20011462-1,2026,2026 [5 May 2026],[5 May 2026],Sartin & Kameyama,spec.,Phytotaxa 754(2): 163. 2026 [5 May 2026] ,,"doi:10.11646/phytotaxa.754.2.3 Etymology: 'The specific epithet is a noun in apposition, honouring the quilombola Kalunga people who inhabit the region. They are descendants of Africans who were enslaved and worked in gold mines, escaped and resisted from slavery in the 18th century, and founded villages in remote places where they could not be found.'",,,11,kalunga,,,f,t,,holotype SPF SPF00237507;isotype MG,,,,,Sartin@20098348-1@1@aut$Kameyama@36782-1@2@aut,,,tax. nov.,,1.1,f,justicia~kalunga,acanthaceaejusticia~kalunga~,,59,wfo-1000090127,,species,,,,,https://www.ipni.org/n/77379751-1,IPNI record: 77379751-1,Phytotaxa 754(2): 163 (2026)
urn:lsid:ipni.org:names:77379752-1,Sartin & Kameyama,,,,,,754(2): 167,,20,,2,,70283,2000,,"G.Hatschbach, M.Hatschbach &amp; E.Barbosa",,,07/05/2026 14:48,07/05/2026 14:48,"Goiás (Brazil West-Central, Brazil, Southern America);Brasília Distrito Federal (Brazil West-Central, Brazil, Southern America);",,Acanthaceae,Justicia oreadica,Justicia oreadica,Justicia,,f,f,,,,,,,,,,,"Goiás: São João d’Aliança, Corrente, ca. 1200 m",,,,,,,,,,,,,,,,,,326849-2,Phytotaxa,urn:lsid:ipni.org:publications:20011462-1,2026,2026 [5 May 2026],[5 May 2026],Sartin & Kameyama,spec.,Phytotaxa 754(2): 167. 2026 [5 May 2026] ,,"doi:10.11646/phytotaxa.754.2.3 Etymology: 'The specific epithet refers to the Cerrado domain, according to the phytogeographic classification proposed by Carl Friedrich Philipp von Martius, one of the editors of Flora Brasiliensis (1840–1906). In this system, the 'Oreades' (Greek mountain nymphs) designate montane and grassland vegetation, corresponding to the Cerrado, where the new species occurs.'",,,11,oreadica,,,f,t,,holotype SPF SPF00143698;isotype BHCB BHCB052997;isotype HCF HCF-30454;isotype K K001033251;isotype MBM MBM252149;isotype SP SP-349097;isotype US US02878274,,,,,Sartin@20098348-1@1@aut$Kameyama@36782-1@2@aut,,,tax. nov.,,1.1,f,justicia~oreadica,acanthaceaejusticia~oreadica~,,60,wfo-1000090128,,species,,,,,https://www.ipni.org/n/77379752-1,IPNI record: 77379752-1,Phytotaxa 754(2): 167 (2026)
urn:lsid:ipni.org:names:77379784-1,L.Rudolph,,,,,,121,,,,,,,,,,,,07/05/2026 20:34,07/05/2026 20:34,,,Arecaceae,Elaeis oleifera,Elaeis oleifera,Elaeis,,f,f,,,,,,,,,,,,,,,"nom. inval. nom. nud.    'Südamerika besitzt eine ähnliche Palme, E. oleifera, deren Oel vorzugsweiſe in Neugranada und Carthagena benutzt wird'",,nom. inval.,,,,,,,,,,,,30289452-2,"Pfl.-Decke Erde, Ed. 2.",urn:lsid:ipni.org:publications:20064142-1,1859,1859,,L.Rudolph,spec.,"Pfl.-Decke Erde, Ed. 2. 121. 1859 ",,,,,9,oleifera,,,f,t,,,,,,,L.Rudolph@8712-1@1@aut,,,tax. nov.,,1.1,f,elaeis~oleifera,arecaceaeelaeis~oleifera~,,61,wfo-1200118629,,species,,,,,https://www.ipni.org/n/77379784-1,IPNI record: 77379784-1,"Pfl.-Decke Erde, Ed. 2. 121 (1859)"
urn:lsid:ipni.org:names:77379785-1,G.Hartwig,,,,,,149,,,,,,,,,,,,07/05/2026 21:03,07/05/2026 21:03,,,Arecaceae,Elaeis oleifera,Elaeis oleifera,Elaeis,,f,f,,,,,,,,,,,,,,,nom. inval. nom. nud.    'The oil of the Corozo {Elaeis oleifera) is usually burnt in the houses and churches of Carthagena and New Granada',,nom. inval.,,,,,,,,,,,,30289452-2,Trop. World: Sci. Acc. Nat. Hist.,urn:lsid:ipni.org:publications:20064143-1,1863,1863,,G.Hartwig,spec.,Trop. World: Sci. Acc. Nat. Hist. 149. 1863 ,,,,,9,oleifera,,,f,t,,,,,,,G.Hartwig@20098379-1@1@aut,,,tax. nov.,,1.1,f,elaeis~oleifera,arecaceaeelaeis~oleifera~,,62,wfo-1200118630,,species,,,,,https://www.ipni.org/n/77379785-1,IPNI record: 77379785-1,Trop. World: Sci. Acc. Nat. Hist. 149 (1863)
urn:lsid:ipni.org:names:77379787-1,Stoj.,,,,,,1: 72,,,,,,,,,,,,08/05/2026 07:48,11/05/2026 09:17,"Bulgaria (Southeastern Europe, Europe)",,Caryophyllaceae,Silene lerchenfeldiana f. pirinica,Silene lerchenfeldiana f. pirinica,Silene,,f,f,,,,,pirinica,,,,,,,,,,,,,,,,,,,,,,,,157663-1,Izv. Bulg. Bot. Družh.,urn:lsid:ipni.org:publications:9399-2,1926,1926,,Stoj.,f.,Izv. Bulg. Bot. Družh. 1: 72. 1926 ,,Latin descr. Etymology: For the Pirin alpine region.,,,9,lerchenfeldiana,Baumg.,,f,t,,,,,,,Stoj.@10192-1@1@aut,Baumg.@0-0@1@aut,,tax. nov.,,1.4,f,silene~lerchenfeldianapirinica,caryophyllaceaesilene~lerchenfeldianapirinica,,63,wfo-1200118565,,form,,,,,https://www.ipni.org/n/77379787-1,IPNI record: 77379787-1,Izv. Bulg. Bot. Družh. 1: 72 (1926)
urn:lsid:ipni.org:names:77379788-1,C.B.Clarke,,,,,,8: 85,,,,,,,,,,,,08/05/2026 09:05,08/05/2026 09:05,,,Commelinaceae,Floscopa africana var. majuscula,Floscopa africana var. majuscula,Floscopa,,f,f,,,,,majuscula,,,,,,,,,,,,,,,,,,,,,,,,172709-1,Fl. Trop. Afr.,urn:lsid:ipni.org:publications:951-2,1901,1901,,C.B.Clarke,var.,Fl. Trop. Afr. 8: 85. 1901 ,,,,,8,africana,C.B.Clarke,,f,t,,,,,,,C.B.Clarke@1669-1@1@aut,C.B.Clarke@1669-1@1@aut,,tax. nov.,,1.1,f,floscopa~africanamajuscula,commelinaceaefloscopa~africanamajuscula,,64,wfo-0000424913,,variety,,,,,https://www.ipni.org/n/77379788-1,IPNI record: 77379788-1,Fl. Trop. Afr. 8: 85 (1901)
urn:lsid:ipni.org:names:77379789-1,Chaudhary,,,,,,754(2): 245,,17,,11,,962,1988,,S.A.Chaudhary,,,08/05/2026 10:00,08/05/2026 10:00,"Saudi Arabia (Arabian Peninsula, Asia-Temperate)",,Asteraceae,Echinops abuzinadianus,Echinops abuzinadianus,Echinops,,f,f,,,,,,,,,,,Asir region: near Abha,,,,,,,,,,,,,,,,,,8731-1,Phytotaxa,urn:lsid:ipni.org:publications:20011462-1,2026,2026 [5 May 2026],[5 May 2026],Chaudhary,spec.,Phytotaxa 754(2): 245. 2026 [5 May 2026] ,,doi:10.11646/phytotaxa.754.2.10,,,11,abuzinadianus,,,f,t,,holotype RIY;isotype E,,,,,Chaudhary@1554-1@1@aut,,,tax. nov.,1020070-1,1.1,f,echinops~abuzinadianus,asteraceaeechinops~abuzinadianus~,,65,wfo-1000090648,,species,,,,,https://www.ipni.org/n/77379789-1,IPNI record: 77379789-1,Phytotaxa 754(2): 245 (2026)
urn:lsid:ipni.org:names:77379790-1,Chaudhary,,,,,,754(2): 245,,18,,4,,9960,1985,,I.S.Collenette,,,08/05/2026 10:05,08/05/2026 10:05,"Saudi Arabia (Arabian Peninsula, Asia-Temperate)",,Asteraceae,Phagnalon stenolepis subsp. abdulazizianum,Phagnalon stenolepis subsp. abdulazizianum,Phagnalon,,f,f,,,,,abdulazizianum,,,,,,"Al-Baha region: 7 km south of Baljurshi, top of 'Grandi Lavori' road",,,,,,,,,,,,,,,,,,237604-1,Phytotaxa,urn:lsid:ipni.org:publications:20011462-1,2026,2026 [5 May 2026],[5 May 2026],Chaudhary,subsp.,Phytotaxa 754(2): 245. 2026 [5 May 2026] ,,doi:10.11646/phytotaxa.754.2.10,,,11,stenolepis,Chiov.,,f,t,,holotype RIY;isotype E,,,,,Chaudhary@1554-1@1@aut,Chiov.@1600-1@1@aut,,tax. nov.,1020071-1,1.1,f,phagnalon~stenolepisabdulazizianum,asteraceaephagnalon~stenolepisabdulazizianum,,66,wfo-1200118699,,subspecies,,,,,https://www.ipni.org/n/77379790-1,IPNI record: 77379790-1,Phytotaxa 754(2): 245 (2026)
urn:lsid:ipni.org:names:77379791-1,"E.L.F.Menezes, Giordani & J.V.Corrêa",,,,,,754(3): 254,,10,,10,,382,2020,,E.L.F.Menezes,,,08/05/2026 10:56,08/05/2026 10:56,"Minas Gerais (Brazil Southeast, Brazil, Southern America)",,Orchidaceae,Cattleya ramosii,Cattleya ramosii,Cattleya,,f,f,,,,,,,,,,,"Congonhas do Norte, Serra do Cipó, Capão de Congonhas, 1053 m",,,,,,,,,,,,,,,,,,28960-1,Phytotaxa,urn:lsid:ipni.org:publications:20011462-1,2026,2026 [6 May 2026],[6 May 2026],"E.L.F.Menezes, Giordani & J.V.Corrêa",spec.,Phytotaxa 754(3): 254. 2026 [6 May 2026] ,,"doi:10.11646/phytotaxa.754.3.1 Etymology: the specific epithet is named in honour of Adjarme Ramos de Oliveira Neto, who initially found the species.",,,11,ramosii,,,f,t,,holotype HDJF 8026;isotype DIAM,,,,,E.L.F.Menezes@20032895-1@1@aut$Giordani@20048650-1@2@aut$J.V.Corrêa@20070190-1@3@aut,,,tax. nov.,,1.1,f,cattleya~ramosii,orchidaceaecattleya~ramosii~,,67,wfo-1000090129,,species,,,,,https://www.ipni.org/n/77379791-1,IPNI record: 77379791-1,Phytotaxa 754(3): 254 (2026)
urn:lsid:ipni.org:names:77379792-1,Szeląg,,,,,,754(3): 294,,5,,7,,,2018,,Z.Szeląg,,,08/05/2026 11:12,08/05/2026 11:12,"Poland (Middle Europe, Europe)",,Asteraceae,Hieracium oycoviense,Hieracium oycoviense,Hieracium,,f,f,,,,,,,,,,,"Kraków-Częstochowa Upland, north-facing slope along the road from the Skała village to the Prądnik valley, 360 m",,,,,,,,,,,,,,,,,,330082-2,Phytotaxa,urn:lsid:ipni.org:publications:20011462-1,2026,2026 [6 May 2026],[6 May 2026],Szeląg,spec.,Phytotaxa 754(3): 294. 2026 [6 May 2026] ,,doi:10.11646/phytotaxa.754.3.4,,,10,oycoviense,,,f,t,,holotype KRAM;isotype Herb. Hierac. Z.Szelag,,"Holotype & isotype from specimens taken from type locality and cultivated in authors garden, pressed on 10 Jun 2025.",,,Szeląg@39474-1@1@aut,,,tax. nov.,,1.1,f,hieracium~oycoviense,asteraceaehieracium~oycoviense~,,68,wfo-1000090130,,species,,,,,https://www.ipni.org/n/77379792-1,IPNI record: 77379792-1,Phytotaxa 754(3): 294 (2026)
urn:lsid:ipni.org:names:77379793-1,Phonep.,,,,,,755(1): 42,,23,,8,,LPB230821,2023,,P.Phonepaseuth &amp; V.Vongsavath,,,08/05/2026 11:26,08/05/2026 11:26,"Laos (Indo-China, Asia-Tropical)",E,Begoniaceae,Begonia luangprabangensis,Begonia luangprabangensis,Begonia,,f,f,,,,,,,,20,34,33,"Luang Prabang Province, Nongkhiaw village, 457 m",102,36,48,,,,,,N,,,,,,,,,327437-2,Phytotaxa,urn:lsid:ipni.org:publications:20011462-1,2026,2026 [7 May 2026],[7 May 2026],Phonep.,spec.,Phytotaxa 755(1): 42. 2026 [7 May 2026] ,,doi:10.11646/phytotaxa.755.1.2 Etymology: the specific epithet is named for the type locality.,,,11,luangprabangensis,,,f,t,,holotype FOF;isotype HNL,,,,,Phonep.@20044670-1@1@aut,,,tax. nov.,,1.1,f,begonia~luangprabangensis,begoniaceaebegonia~luangprabangensis~,,69,wfo-1000090131,,species,,,,,https://www.ipni.org/n/77379793-1,IPNI record: 77379793-1,Phytotaxa 755(1): 42 (2026)
urn:lsid:ipni.org:names:77379794-1,"D.R.P.Krahl, Cantuária, Chiron & Krahl",,,,,,755(1): 60,,1,,3,,1747,2025,,R.Dias &amp; A.H.Krahl,,,08/05/2026 11:36,08/05/2026 11:36,"Bahia (Brazil Northeast, Brazil, Southern America)",W,Orchidaceae,Catasetum × ronaldoi,Catasetum × ronaldoi,Catasetum,,t,f,"621771-1,621901-1",(Catasetum blackii Pabst × Catasetum purum Nees & Sinning),,,,,,13,50,48,Ituaçu,41,16,55,,,,,,S,,,,,,,,,30000124-2,Phytotaxa,urn:lsid:ipni.org:publications:20011462-1,2026,2026 [7 May 2026],[7 May 2026],"D.R.P.Krahl, Cantuária, Chiron & Krahl",spec.,Phytotaxa 755(1): 60. 2026 [7 May 2026] ,,doi:10.11646/phytotaxa.755.1.3 Etymology: the hybrid epithet is named in honour of orchid-lover Ronaldo Dias who intially discovered the hybrid.,,,11,ronaldoi,,,f,t,,holotype HUAM HUAM12808,,,,,Chiron@38221-1@3@aut$Cantuária@20046626-1@2@aut$Krahl@20024858-1@4@aut$D.R.P.Krahl@20045588-1@1@aut,,,tax. nov.,,1.1,f,catasetum~ronaldoi,orchidaceaecatasetum~ronaldoi~,,70,wfo-1000090132,,species,,,,,https://www.ipni.org/n/77379794-1,IPNI record: 77379794-1,Phytotaxa 755(1): 60 (2026)
urn:lsid:ipni.org:names:77379795-1,Zhigila,,,,,,755(1): 92,,20,,8,,324,2024,,D.A.Zhigila,,,08/05/2026 12:37,08/05/2026 12:37,"Nigeria (West Tropical Africa, Africa)",E,Pedaliaceae,Sesamum albidiflorum,Sesamum albidiflorum,Sesamum,,f,f,,,,,,,,10,16,,"Borno State: Dalori grassland, behind Demonstration Farm, 400 m",11,17,,,,,,,N,,,,,,,,,30077849-2,Phytotaxa,urn:lsid:ipni.org:publications:20011462-1,2026,2026 [7 May 2026],[7 May 2026],Zhigila,spec.,Phytotaxa 755(1): 92. 2026 [7 May 2026] ,,"doi:10.11646/phytotaxa.755.1.5 Etymology: the specific epithet refers to the white flowers possessed by this species, distinguishing it from others in the genus.",,,11,albidiflorum,,,f,t,,holotype GSUH;isotype UMH,,,,,Zhigila@20043184-1@1@aut,,,tax. nov.,,1.1,f,sesamum~albidiflorum,pedaliaceaesesamum~albidiflorum~,,71,wfo-1000090133,,species,,,,,https://www.ipni.org/n/77379795-1,IPNI record: 77379795-1,Phytotaxa 755(1): 92 (2026)
urn:lsid:ipni.org:names:77379796-1,Szeląg,,,,,,755(1): 108,,19,,7,,,2019,,Z.Szeląg,,,08/05/2026 12:59,08/05/2026 12:59,"Romania (Southeastern Europe, Europe)",,Asteraceae,Hieracium caesnense,Hieracium caesnense,Hieracium,,f,f,,,,,,,,,,,"Banat, Mehedinți Mountains, Ţăsna Gorge, 80 m north of the waterfall in the upper part of the canyon, 660 m",,,,,,,,,,,,,,,,,,330082-2,Phytotaxa,urn:lsid:ipni.org:publications:20011462-1,2026,2026 [7 May 2026],[7 May 2026],Szeląg,spec.,Phytotaxa 755(1): 108. 2026 [7 May 2026] ,,"doi:10.11646/phytotaxa.755.1.7 Etymology: 'The specific epithet refers to the Romanian pronunciation of the name ţăsna, which means gushing water.'",,,10,caesnense,,,f,t,,holotype KRAM;isotype Herb. Hierac. Z.Szelag,,"Holotype & isotype specimens from plants cultivated in the authors garden, pressed on 30 May 2026.",,,Szeląg@39474-1@1@aut,,,tax. nov.,,1.1,f,hieracium~caesnense,asteraceaehieracium~caesnense~,,72,wfo-1000090134,,species,,,,,https://www.ipni.org/n/77379796-1,IPNI record: 77379796-1,Phytotaxa 755(1): 108 (2026)
urn:lsid:ipni.org:names:77379798-1,"Mart.-Domínguez, Nic.-Mor. & D.W.Stev.",,,,,,274: 235,,28,,5,,3156,2019,,F.Nicolalde-Morejón et al.,,,08/05/2026 13:37,12/05/2026 10:03,"Guerrero (Mexico Southwest, Mexico, Northern America)",,Zamiaceae,Dioon nuusaviorum,Dioon nuusaviorum,Dioon,,f,f,,,,,,,,,,,"Tlacoachistlahuaca, near Rancho Viejo, 1140 m",,,,,,,,,,,,,,,,,,331122-2,PhytoKeys,urn:lsid:ipni.org:publications:20011997-1,2026,2026 [11 May 2026],[11 May 2026],"Mart.-Domínguez, Nic.-Mor. & D.W.Stev.",spec.,PhytoKeys 274: 235. 2026 [11 May 2026] ,,doi:10.3897/phytokeys.274.173907 [english] Etymology: 'Ñuu savi' is an endonym translated as 'people of the rain'.,,,11,nuusaviorum,,,f,t,,holotype CIB 22584UV;isotype MEXU,,,,,Nic.-Mor.@20014834-1@2@aut$Mart.-Domínguez@20030674-1@1@aut$D.W.Stev.@27213-1@3@aut,,,tax. nov.,,1.3,f,dioon~nuusaviorum,zamiaceaedioon~nuusaviorum~,,73,wfo-1000090135,,species,,,,,https://www.ipni.org/n/77379798-1,IPNI record: 77379798-1,PhytoKeys 274: 235 (2026)
urn:lsid:ipni.org:names:77379799-1,C.B.Clarke,,,,,,3: 261,,,,,,,,,,,,08/05/2026 14:07,08/05/2026 14:07,,,Commelinaceae,Streptolirion volubile var. khasianum,Streptolirion volubile var. khasianum,Streptolirion,,f,f,,,,,khasianum,,,,,,,,,,,,,,,,,,,,,,,,173139-1,Monogr. Phan.,urn:lsid:ipni.org:publications:3279-2,1881,1881,,C.B.Clarke,var.,Monogr. Phan. 3: 261. 1881 ,,,,,8,volubile,Edgew.,,f,t,,,,,,,C.B.Clarke@1669-1@1@aut,Edgew.@2463-1@1@aut,,tax. nov.,,1.1,f,streptolirion~volubilekhasianum,commelinaceaestreptolirion~volubilekhasianum,,74,wfo-0000562642,,variety,,,,,https://www.ipni.org/n/77379799-1,IPNI record: 77379799-1,Monogr. Phan. 3: 261 (1881)
urn:lsid:ipni.org:names:77379800-1,(Dempster) Kadereit & Schneew.,Rubiaceae Galium iltisii Dempster,(Dempster),107076-2,,,75(2)-e70119: 24,,,,,,,,,,,,08/05/2026 16:22,08/05/2026 16:22,,,Rubiaceae,Trichogalium iltisii,Trichogalium iltisii,Trichogalium,,f,f,,,,,,,,,,,,,,,,,,,,,,,,,,,,,35479-1,Taxon,urn:lsid:ipni.org:publications:812-2,2026,2026 [30 Mar 2026],[30 Mar 2026],Kadereit & Schneew.,spec.,Taxon 75(2)-e70119: 24. 2026 [30 Mar 2026] ,,doi:10.1002/tax.70119,,,11,iltisii,,,f,t,,,,,,,Dempster@13058-1@3@bas$Kadereit@14763-1@1@aut$Schneew.@20008845-1@2@aut,,,comb. nov.,,1.1,f,trichogalium~iltisii,rubiaceaetrichogalium~iltisii~,,75,wfo-1000090136,,species,,,,,https://www.ipni.org/n/77379800-1,IPNI record: 77379800-1,Taxon 75(2)-e70119: 24 (2026)
urn:lsid:ipni.org:names:77379801-1,(Phil.) Kadereit & Schneew.,Rubiaceae Galium inconspicuum Phil.,(Phil.),750056-1,,,75(2)-e70119: 24,,,,,,,,,,,,08/05/2026 16:25,08/05/2026 16:25,,,Rubiaceae,Trichogalium inconspicuum,Trichogalium inconspicuum,Trichogalium,,f,f,,,,,,,,,,,,,,,,,,,,,,,,,,,,,35479-1,Taxon,urn:lsid:ipni.org:publications:812-2,2026,2026 [30 Mar 2026],[30 Mar 2026],Kadereit & Schneew.,spec.,Taxon 75(2)-e70119: 24. 2026 [30 Mar 2026] ,,doi:10.1002/tax.70119,,,11,inconspicuum,,,f,t,,,,,,,Kadereit@14763-1@1@aut$Schneew.@20008845-1@2@aut$Phil.@12735-1@3@bas,,,comb. nov.,,1.1,f,trichogalium~inconspicuum,rubiaceaetrichogalium~inconspicuum~,,76,wfo-1000090137,,species,,,,,https://www.ipni.org/n/77379801-1,IPNI record: 77379801-1,Taxon 75(2)-e70119: 24 (2026)
urn:lsid:ipni.org:names:77379802-1,(Cham. & Schltdl.) Kadereit & Schneew.,Rubiaceae Rubia indecora Cham. & Schltdl.,(Cham. & Schltdl.),222852-2,,,75(2)-e70119: 24,,,,,,,,,,,,08/05/2026 16:26,08/05/2026 16:26,,,Rubiaceae,Trichogalium indecorum,Trichogalium indecorum,Trichogalium,,f,f,,,,,,,,,,,,,,,,,,,,,,,,,,,,,35479-1,Taxon,urn:lsid:ipni.org:publications:812-2,2026,2026 [30 Mar 2026],[30 Mar 2026],Kadereit & Schneew.,spec.,Taxon 75(2)-e70119: 24. 2026 [30 Mar 2026] ,,doi:10.1002/tax.70119,,,11,indecorum,,,f,t,,,,,,,Cham.@1504-1@3@bas$Schneew.@20008845-1@2@aut$Kadereit@14763-1@1@aut$Schltdl.@9114-1@4@bas,,,comb. nov.,,1.1,f,trichogalium~indecorum,rubiaceaetrichogalium~indecorum~,,77,wfo-1000090138,,species,,,,,https://www.ipni.org/n/77379802-1,IPNI record: 77379802-1,Taxon 75(2)-e70119: 24 (2026)
urn:lsid:ipni.org:names:77379803-1,(Hilend & J.T.Howell) Kadereit & Schneew.,Rubiaceae Galium jepsonii Hilend & J.T.Howell,(Hilend & J.T.Howell),107080-2,,,75(2)-e70119: 24,,,,,,,,,,,,08/05/2026 16:34,08/05/2026 16:34,,,Rubiaceae,Trichogalium jepsonii,Trichogalium jepsonii,Trichogalium,,f,f,,,,,,,,,,,,,,,,,,,,,,,,,,,,,35479-1,Taxon,urn:lsid:ipni.org:publications:812-2,2026,2026 [30 Mar 2026],[30 Mar 2026],Kadereit & Schneew.,spec.,Taxon 75(2)-e70119: 24. 2026 [30 Mar 2026] ,,doi:10.1002/tax.70119,,,11,jepsonii,,,f,t,,,,,,,J.T.Howell@4163-1@4@bas$Schneew.@20008845-1@2@aut$Hilend@3941-1@3@bas$Kadereit@14763-1@1@aut,,,comb. nov.,,1.1,f,trichogalium~jepsonii,rubiaceaetrichogalium~jepsonii~,,78,wfo-1000090139,,species,,,,,https://www.ipni.org/n/77379803-1,IPNI record: 77379803-1,Taxon 75(2)-e70119: 24 (2026)
urn:lsid:ipni.org:names:77379804-1,(Dempster & Stebbins) Kadereit & Schneew.,Rubiaceae Galium johnstonii Dempster & Stebbins,(Dempster & Stebbins),107081-2,,,75(2)-e70119: 24,,,,,,,,,,,,08/05/2026 16:45,08/05/2026 16:45,,,Rubiaceae,Trichogalium johnstonii,Trichogalium johnstonii,Trichogalium,,f,f,,,,,,,,,,,,,,,,,,,,,,,,,,,,,35479-1,Taxon,urn:lsid:ipni.org:publications:812-2,2026,2026 [30 Mar 2026],[30 Mar 2026],Kadereit & Schneew.,spec.,Taxon 75(2)-e70119: 24. 2026 [30 Mar 2026] ,,doi:10.1002/tax.70119,,,11,johnstonii,,,f,t,,,,,,,Kadereit@14763-1@1@aut$Schneew.@20008845-1@2@aut$Stebbins@10049-1@4@bas$Dempster@13058-1@3@bas,,,comb. nov.,,1.1,f,trichogalium~johnstonii,rubiaceaetrichogalium~johnstonii~,,79,wfo-1000090140,,species,,,,,https://www.ipni.org/n/77379804-1,IPNI record: 77379804-1,Taxon 75(2)-e70119: 24 (2026)
urn:lsid:ipni.org:names:77379805-1,(Standl.) Kadereit & Schneew.,Rubiaceae Galium juniperinum Standl.,(Standl.),107082-2,,,75(2)-e70119: 24,,,,,,,,,,,,08/05/2026 16:46,08/05/2026 16:46,,,Rubiaceae,Trichogalium juniperinum,Trichogalium juniperinum,Trichogalium,,f,f,,,,,,,,,,,,,,,,,,,,,,,,,,,,,35479-1,Taxon,urn:lsid:ipni.org:publications:812-2,2026,2026 [30 Mar 2026],[30 Mar 2026],Kadereit & Schneew.,spec.,Taxon 75(2)-e70119: 24. 2026 [30 Mar 2026] ,,doi:10.1002/tax.70119,,,11,juniperinum,,,f,t,,,,,,,Kadereit@14763-1@1@aut$Standl.@10019-1@3@bas$Schneew.@20008845-1@2@aut,,,comb. nov.,,1.1,f,trichogalium~juniperinum,rubiaceaetrichogalium~juniperinum~,,80,wfo-1000090141,,species,,,,,https://www.ipni.org/n/77379805-1,IPNI record: 77379805-1,Taxon 75(2)-e70119: 24 (2026)
urn:lsid:ipni.org:names:77379806-1,(Steller ex Schult.) Kadereit & Schneew.,Rubiaceae Galium kamtschaticum Steller ex Schult.,(Steller ex Schult.),750102-1,,,75(2)-e70119: 24,,,,,,,,,,,,08/05/2026 16:50,08/05/2026 16:50,,,Rubiaceae,Trichogalium kamtschaticum,Trichogalium kamtschaticum,Trichogalium,,f,f,,,,,,,,,,,,,,,,,,,,,,,,,,,,,35479-1,Taxon,urn:lsid:ipni.org:publications:812-2,2026,2026 [30 Mar 2026],[30 Mar 2026],Kadereit & Schneew.,spec.,Taxon 75(2)-e70119: 24. 2026 [30 Mar 2026] ,,doi:10.1002/tax.70119,,,11,kamtschaticum,,,f,t,,,,,,,Steller@10088-1@3@bas$Schult.@9288-1@4@basEx$Kadereit@14763-1@1@aut$Schneew.@20008845-1@2@aut,,,comb. nov.,,1.1,f,trichogalium~kamtschaticum,rubiaceaetrichogalium~kamtschaticum~,,81,wfo-1000090142,,species,,,,,https://www.ipni.org/n/77379806-1,IPNI record: 77379806-1,Taxon 75(2)-e70119: 24 (2026)
urn:lsid:ipni.org:names:77379807-1,(Dempster & Ehrend.) Kadereit & Schneew.,Rubiaceae Galium killipii Dempster & Ehrend.,(Dempster & Ehrend.),107085-2,,,75(2)-e70119: 24,,,,,,,,,,,,08/05/2026 16:51,08/05/2026 16:51,,,Rubiaceae,Trichogalium killipii,Trichogalium killipii,Trichogalium,,f,f,,,,,,,,,,,,,,,,,,,,,,,,,,,,,35479-1,Taxon,urn:lsid:ipni.org:publications:812-2,2026,2026 [30 Mar 2026],[30 Mar 2026],Kadereit & Schneew.,spec.,Taxon 75(2)-e70119: 24. 2026 [30 Mar 2026] ,,doi:10.1002/tax.70119,,,11,killipii,,,f,t,,,,,,,Ehrend.@2483-1@4@bas$Kadereit@14763-1@1@aut$Schneew.@20008845-1@2@aut$Dempster@13058-1@3@bas,,,comb. nov.,,1.1,f,trichogalium~killipii,rubiaceaetrichogalium~killipii~,,82,wfo-1000090143,,species,,,,,https://www.ipni.org/n/77379807-1,IPNI record: 77379807-1,Taxon 75(2)-e70119: 24 (2026)
urn:lsid:ipni.org:names:77379808-1,(Nakai & Hara) Kadereit & Schneew.,Rubiaceae Galium kinuta Nakai & Hara,(Nakai & Hara),750114-1,,,75(2)-e70119: 24,,,,,,,,,,,,08/05/2026 16:52,08/05/2026 16:52,,,Rubiaceae,Trichogalium kinuta,Trichogalium kinuta,Trichogalium,,f,f,,,,,,,,,,,,,,,,,,,,,,,,,,,,,35479-1,Taxon,urn:lsid:ipni.org:publications:812-2,2026,2026 [30 Mar 2026],[30 Mar 2026],Kadereit & Schneew.,spec.,Taxon 75(2)-e70119: 24. 2026 [30 Mar 2026] ,,doi:10.1002/tax.70119,,,11,kinuta,,,f,t,,,,,,,Hara@3644-1@4@bas$Kadereit@14763-1@1@aut$Nakai@23869-1@3@bas$Schneew.@20008845-1@2@aut,,,comb. nov.,,1.1,f,trichogalium~kinuta,rubiaceaetrichogalium~kinuta~,,83,wfo-1000090144,,species,,,,,https://www.ipni.org/n/77379808-1,IPNI record: 77379808-1,Taxon 75(2)-e70119: 24 (2026)
urn:lsid:ipni.org:names:77379809-1,(Ehrend.) Kadereit & Schneew.,Rubiaceae Galium kunmingense Ehrend.,(Ehrend.),60455156-2,,,75(2)-e70119: 24,,,,,,,,,,,,08/05/2026 16:53,08/05/2026 16:53,,,Rubiaceae,Trichogalium kunmingense,Trichogalium kunmingense,Trichogalium,,f,f,,,,,,,,,,,,,,,,,,,,,,,,,,,,,35479-1,Taxon,urn:lsid:ipni.org:publications:812-2,2026,2026 [30 Mar 2026],[30 Mar 2026],Kadereit & Schneew.,spec.,Taxon 75(2)-e70119: 24. 2026 [30 Mar 2026] ,,doi:10.1002/tax.70119,,,11,kunmingense,,,f,t,,,,,,,Schneew.@20008845-1@2@aut$Ehrend.@2483-1@3@bas$Kadereit@14763-1@1@aut,,,comb. nov.,,1.1,f,trichogalium~kunmingense,rubiaceaetrichogalium~kunmingense~,,84,wfo-1000090145,,species,,,,,https://www.ipni.org/n/77379809-1,IPNI record: 77379809-1,Taxon 75(2)-e70119: 24 (2026)
urn:lsid:ipni.org:names:77379810-1,(Dempster) Kadereit & Schneew.,Rubiaceae Galium lacrimiforme Dempster,(Dempster),107087-2,,,75(2)-e70119: 24,,,,,,,,,,,,08/05/2026 16:54,08/05/2026 16:54,,,Rubiaceae,Trichogalium lacrimiforme,Trichogalium lacrimiforme,Trichogalium,,f,f,,,,,,,,,,,,,,,,,,,,,,,,,,,,,35479-1,Taxon,urn:lsid:ipni.org:publications:812-2,2026,2026 [30 Mar 2026],[30 Mar 2026],Kadereit & Schneew.,spec.,Taxon 75(2)-e70119: 24. 2026 [30 Mar 2026] ,,doi:10.1002/tax.70119,,,11,lacrimiforme,,,f,t,,,,,,,Dempster@13058-1@3@bas$Schneew.@20008845-1@2@aut$Kadereit@14763-1@1@aut,,,comb. nov.,,1.1,f,trichogalium~lacrimiforme,rubiaceaetrichogalium~lacrimiforme~,,85,wfo-1000090146,,species,,,,,https://www.ipni.org/n/77379810-1,IPNI record: 77379810-1,Taxon 75(2)-e70119: 24 (2026)
urn:lsid:ipni.org:names:77379811-1,(Torr.) Kadereit & Schneew.,Rubiaceae Galium circaezans Michx. var. lanceolatum Torr. & A.Gray,(Torr.),1205555-2,,,75(2)-e70119: 24,,,,,,,,,,,,08/05/2026 16:56,08/05/2026 16:56,,,Rubiaceae,Trichogalium lanceolatum,Trichogalium lanceolatum,Trichogalium,,f,f,,,,,,,,,,,,,,,,,,,,,,,,,,,,,35479-1,Taxon,urn:lsid:ipni.org:publications:812-2,2026,2026 [30 Mar 2026],[30 Mar 2026],Kadereit & Schneew.,spec.,Taxon 75(2)-e70119: 24. 2026 [30 Mar 2026] ,,doi:10.1002/tax.70119,,,11,lanceolatum,,,f,t,,,,,,,Schneew.@20008845-1@2@aut$Torr.@10754-1@3@bas$Kadereit@14763-1@1@aut,,,comb. et stat. nov.,,1.1,f,trichogalium~lanceolatum,rubiaceaetrichogalium~lanceolatum~,,86,wfo-1000090147,,species,,,,,https://www.ipni.org/n/77379811-1,IPNI record: 77379811-1,Taxon 75(2)-e70119: 24 (2026)
urn:lsid:ipni.org:names:77379812-1,(Michx.) Kadereit & Schneew.,Rubiaceae Galium latifolium Michx.,(Michx.),750148-1,,,75(2)-e70119: 24,,,,,,,,,,,,08/05/2026 16:58,08/05/2026 16:58,,,Rubiaceae,Trichogalium latifolium,Trichogalium latifolium,Trichogalium,,f,f,,,,,,,,,,,,,,,,,,,,,,,,,,,,,35479-1,Taxon,urn:lsid:ipni.org:publications:812-2,2026,2026 [30 Mar 2026],[30 Mar 2026],Kadereit & Schneew.,spec.,Taxon 75(2)-e70119: 24. 2026 [30 Mar 2026] ,,doi:10.1002/tax.70119,,,11,latifolium,,,f,t,,,,,,,Kadereit@14763-1@1@aut$Schneew.@20008845-1@2@aut$Michx.@6431-1@3@bas,,,comb. nov.,,1.1,f,trichogalium~latifolium,rubiaceaetrichogalium~latifolium~,,87,wfo-1000090148,,species,,,,,https://www.ipni.org/n/77379812-1,IPNI record: 77379812-1,Taxon 75(2)-e70119: 24 (2026)
urn:lsid:ipni.org:names:77379813-1,(Clos) Kadereit & Schneew.,Rubiaceae Galium latoramosum Clos,(Clos),750150-1,,,75(2)-e70119: 24,,,,,,,,,,,,08/05/2026 16:59,08/05/2026 16:59,,,Rubiaceae,Trichogalium latoramosum,Trichogalium latoramosum,Trichogalium,,f,f,,,,,,,,,,,,,,,,,,,,,,,,,,,,,35479-1,Taxon,urn:lsid:ipni.org:publications:812-2,2026,2026 [30 Mar 2026],[30 Mar 2026],Kadereit & Schneew.,spec.,Taxon 75(2)-e70119: 24. 2026 [30 Mar 2026] ,,doi:10.1002/tax.70119,,,11,latoramosum,,,f,t,,,,,,,Schneew.@20008845-1@2@aut$Clos@1703-1@3@bas$Kadereit@14763-1@1@aut,,,comb. nov.,,1.1,f,trichogalium~latoramosum,rubiaceaetrichogalium~latoramosum~,,88,wfo-1000090149,,species,,,,,https://www.ipni.org/n/77379813-1,IPNI record: 77379813-1,Taxon 75(2)-e70119: 24 (2026)
urn:lsid:ipni.org:names:77379814-1,(I.Thomps.) Kadereit & Schneew.,Rubiaceae Galium leiocarpum I.Thomps.,(I.Thomps.),77096371-1,,,75(2)-e70119: 24,,,,,,,,,,,,08/05/2026 17:00,08/05/2026 17:00,,,Rubiaceae,Trichogalium leiocarpum,Trichogalium leiocarpum,Trichogalium,,f,f,,,,,,,,,,,,,,,,,,,,,,,,,,,,,35479-1,Taxon,urn:lsid:ipni.org:publications:812-2,2026,2026 [30 Mar 2026],[30 Mar 2026],Kadereit & Schneew.,spec.,Taxon 75(2)-e70119: 24. 2026 [30 Mar 2026] ,,doi:10.1002/tax.70119,,,11,leiocarpum,,,f,t,,,,,,,I.Thomps.@37433-1@3@bas$Schneew.@20008845-1@2@aut$Kadereit@14763-1@1@aut,,,comb. nov.,,1.1,f,trichogalium~leiocarpum,rubiaceaetrichogalium~leiocarpum~,,89,wfo-1000090150,,species,,,,,https://www.ipni.org/n/77379814-1,IPNI record: 77379814-1,Taxon 75(2)-e70119: 24 (2026)
urn:lsid:ipni.org:names:77379815-1,(I.Thomps.) Kadereit & Schneew.,Rubiaceae Galium leptogonium I.Thomps.,(I.Thomps.),77096373-1,,,75(2)-e70119: 24,,,,,,,,,,,,08/05/2026 17:01,08/05/2026 17:01,,,Rubiaceae,Trichogalium leptogonium,Trichogalium leptogonium,Trichogalium,,f,f,,,,,,,,,,,,,,,,,,,,,,,,,,,,,35479-1,Taxon,urn:lsid:ipni.org:publications:812-2,2026,2026 [30 Mar 2026],[30 Mar 2026],Kadereit & Schneew.,spec.,Taxon 75(2)-e70119: 24. 2026 [30 Mar 2026] ,,doi:10.1002/tax.70119,,,11,leptogonium,,,f,t,,,,,,,Schneew.@20008845-1@2@aut$Kadereit@14763-1@1@aut$I.Thomps.@37433-1@3@bas,,,comb. nov.,,1.1,f,trichogalium~leptogonium,rubiaceaetrichogalium~leptogonium~,,90,wfo-1000090151,,species,,,,,https://www.ipni.org/n/77379815-1,IPNI record: 77379815-1,Taxon 75(2)-e70119: 24 (2026)
urn:lsid:ipni.org:names:77379816-1,(Phil.) Kadereit & Schneew.,Rubiaceae Galium leptum Phil.,(Phil.),107093-2,,,75(2)-e70119: 24,,,,,,,,,,,,08/05/2026 17:02,08/05/2026 17:02,,,Rubiaceae,Trichogalium leptum,Trichogalium leptum,Trichogalium,,f,f,,,,,,,,,,,,,,,,,,,,,,,,,,,,,35479-1,Taxon,urn:lsid:ipni.org:publications:812-2,2026,2026 [30 Mar 2026],[30 Mar 2026],Kadereit & Schneew.,spec.,Taxon 75(2)-e70119: 24. 2026 [30 Mar 2026] ,,doi:10.1002/tax.70119,,,11,leptum,,,f,t,,,,,,,Phil.@12735-1@3@bas$Schneew.@20008845-1@2@aut$Kadereit@14763-1@1@aut,,,comb. nov.,,1.1,f,trichogalium~leptum,rubiaceaetrichogalium~leptum~,,91,wfo-1000090152,,species,,,,,https://www.ipni.org/n/77379816-1,IPNI record: 77379816-1,Taxon 75(2)-e70119: 24 (2026)
urn:lsid:ipni.org:names:77379817-1,(Hicken) Kadereit & Schneew.,Rubiaceae Galium lilloi Hicken,(Hicken),107094-2,,,75(2)-e70119: 24,,,,,,,,,,,,08/05/2026 17:03,08/05/2026 17:03,,,Rubiaceae,Trichogalium lilloi,Trichogalium lilloi,Trichogalium,,f,f,,,,,,,,,,,,,,,,,,,,,,,,,,,,,35479-1,Taxon,urn:lsid:ipni.org:publications:812-2,2026,2026 [30 Mar 2026],[30 Mar 2026],Kadereit & Schneew.,spec.,Taxon 75(2)-e70119: 24. 2026 [30 Mar 2026] ,,doi:10.1002/tax.70119,,,11,lilloi,,,f,t,,,,,,,Schneew.@20008845-1@2@aut$Kadereit@14763-1@1@aut$Hicken@3930-1@3@bas,,,comb. nov.,,1.1,f,trichogalium~lilloi,rubiaceaetrichogalium~lilloi~,,92,wfo-1000090153,,species,,,,,https://www.ipni.org/n/77379817-1,IPNI record: 77379817-1,Taxon 75(2)-e70119: 24 (2026)
urn:lsid:ipni.org:names:77379818-1,(Turcz.) Kadereit & Schneew.,Rubiaceae Galium linearifolium Turcz.,(Turcz.),750167-1,,,75(2)-e70119: 24,,,,,,,,,,,,08/05/2026 17:06,08/05/2026 17:06,,,Rubiaceae,Trichogalium linearifolium,Trichogalium linearifolium,Trichogalium,,f,f,,,,,,,,,,,,,,,,,,,,,,,,,,,,,35479-1,Taxon,urn:lsid:ipni.org:publications:812-2,2026,2026 [30 Mar 2026],[30 Mar 2026],Kadereit & Schneew.,spec.,Taxon 75(2)-e70119: 24. 2026 [30 Mar 2026] ,,doi:10.1002/tax.70119,,,11,linearifolium,,,f,t,,,,,,,Schneew.@20008845-1@2@aut$Kadereit@14763-1@1@aut$Turcz.@10909-1@3@bas,,,comb. nov.,,1.1,f,trichogalium~linearifolium,rubiaceaetrichogalium~linearifolium~,,93,wfo-1000090154,,species,,,,,https://www.ipni.org/n/77379818-1,IPNI record: 77379818-1,Taxon 75(2)-e70119: 24 (2026)
urn:lsid:ipni.org:names:77379819-1,(N.A.Wakef.) Kadereit & Schneew.,Rubiaceae Galium liratum N.A.Wakef.,(N.A.Wakef.),750170-1,,,75(2)-e70119: 24,,,,,,,,,,,,08/05/2026 17:07,08/05/2026 17:07,,,Rubiaceae,Trichogalium liratum,Trichogalium liratum,Trichogalium,,f,f,,,,,,,,,,,,,,,,,,,,,,,,,,,,,35479-1,Taxon,urn:lsid:ipni.org:publications:812-2,2026,2026 [30 Mar 2026],[30 Mar 2026],Kadereit & Schneew.,spec.,Taxon 75(2)-e70119: 24. 2026 [30 Mar 2026] ,,doi:10.1002/tax.70119,,,11,liratum,,,f,t,,,,,,,Schneew.@20008845-1@2@aut$N.A.Wakef.@11324-1@3@bas$Kadereit@14763-1@1@aut,,,comb. nov.,,1.1,f,trichogalium~liratum,rubiaceaetrichogalium~liratum~,,94,wfo-1000090155,,species,,,,,https://www.ipni.org/n/77379819-1,IPNI record: 77379819-1,Taxon 75(2)-e70119: 24 (2026)
urn:lsid:ipni.org:names:77379820-1,(Mariath & Ehrend.) Kadereit & Schneew.,Rubiaceae Relbunium longipedunculatum Mariath & Ehrend.,(Mariath & Ehrend.),764521-1,,,75(2)-e70119: 24,,,,,,,,,,,,08/05/2026 17:08,11/05/2026 11:13,,,Rubiaceae,Trichogalium longipedunculatum,Trichogalium longipedunculatum,Trichogalium,,f,f,,,,,,,,,,,,,,,,,,,,,,,,,,,,,35479-1,Taxon,urn:lsid:ipni.org:publications:812-2,2026,2026 [30 Mar 2026],[30 Mar 2026],Kadereit & Schneew.,spec.,Taxon 75(2)-e70119: 24. 2026 [30 Mar 2026] ,,doi:10.1002/tax.70119,,,11,longipedunculatum,,,f,t,,,,,,,Kadereit@14763-1@1@aut$Mariath@20027703-1@3@bas$Schneew.@20008845-1@2@aut$Ehrend.@2483-1@4@bas,,,comb. nov.,,1.2,f,trichogalium~longipedunculatum,rubiaceaetrichogalium~longipedunculatum~,,95,wfo-1000090156,,species,,,,,https://www.ipni.org/n/77379820-1,IPNI record: 77379820-1,Taxon 75(2)-e70119: 24 (2026)
urn:lsid:ipni.org:names:77379825-1,H.Lév.,,,,,,388,,,,,,,,,,,,09/05/2026 16:46,09/05/2026 16:46,,,Escalloniaceae,Itea esquirolii,Itea esquirolii,Itea,,f,f,,,,,,,,,,,,,,,nom. inval. nom. nud.,,nom. inval.,,,,,,,,,,,,37068-1,Fl. Kouy-Tcheou,urn:lsid:ipni.org:publications:3634-2,,1914-1915,[1914-1915],H.Lév.,spec.,Fl. Kouy-Tcheou 388. [1914-1915] ,,,,,8,esquirolii,,,f,t,,,,,,,H.Lév.@12648-1@1@aut,,,tax. nov.,,1.1,f,itea~esquirolii,escalloniaceaeitea~esquirolii~,,96,wfo-0001253158,,species,,,,,https://www.ipni.org/n/77379825-1,IPNI record: 77379825-1,Fl. Kouy-Tcheou 388 ()
urn:lsid:ipni.org:names:77379826-1,(Lindl.) Bateman ex Rchb.f.,Orchidaceae Burlingtonia candida Lindl.,(Lindl.),304625-2,,,10(no. 44): 771,,,,,,,,,,,,09/05/2026 18:25,09/05/2026 18:25,,,Orchidaceae,Rodriguezia candida,Rodriguezia candida,Rodriguezia,,f,f,,,,,,,,,,,,,,,,,,,,,,,,,,,,,30552-1,Bot. Zeitung (Berlin),urn:lsid:ipni.org:publications:559-2,1852,1852 [29 Oct 1852],[29 Oct 1852],Bateman ex Rchb.f.,spec.,Bot. Zeitung (Berlin) 10(no. 44): 771. 1852 [29 Oct 1852] ,,,,,11,candida,,,f,t,,,,,,,Lindl.@22383-1@3@bas$Rchb.f.@8254-1@2@autEx$Bateman@537-1@1@aut,,,comb. nov.,,1.1,f,rodriguezia~candida,orchidaceaerodriguezia~candida~,,97,wfo-1000090651,,species,,,,,https://www.ipni.org/n/77379826-1,IPNI record: 77379826-1,Bot. Zeitung (Berlin) 10(no. 44): 771 (1852)
urn:lsid:ipni.org:names:77379827-1,Wall.,,,,,,"1: 44, t. 52",,,,,,,,,,,,10/05/2026 07:22,10/05/2026 07:22,,,Woodsiaceae,Allantodia brunoniana,Allantodia brunoniana,Allantodia,,f,f,,,,,,,,,,,,,,,,,,,,,,,,,,,,,17014110-1,Pl. Asiat. Rar.,urn:lsid:ipni.org:publications:3468-2,1830,1830 [15 Jul 1830],[15 Jul 1830],Wall.,spec.,"Pl. Asiat. Rar. 1: 44, t. 52. 1830 [15 Jul 1830] ",,,,,8,brunoniana,,,f,t,,,,,,,Wall.@12990-1@1@aut,,,tax. nov.,17014370-1,1.1,f,allantodia~brunoniana,woodsiaceaeallantodia~brunoniana~,,98,wfo-1200118631,,species,,,,,https://www.ipni.org/n/77379827-1,IPNI record: 77379827-1,"Pl. Asiat. Rar. 1: 44, t. 52 (1830)"
urn:lsid:ipni.org:names:77379828-1,(Heldr. ex Nyman) Maire & Petitm.,Caryophyllaceae Silene haussknechtii Heldr. ex Nyman,(Heldr. ex Nyman),157481-1,,,"sér. 3, 9: 189",,,,,,,,,,,,10/05/2026 20:49,11/05/2026 09:36,,,Caryophyllaceae,Silene sedoides subsp. haussknechtii,Silene sedoides subsp. haussknechtii,Silene,,f,f,,,,,haussknechtii,,,,,,,,,,,,,,,,,,,,,,,null:,60453465-2,Bull. Séances Soc. Sci. Nancy,urn:lsid:ipni.org:publications:4976-2,1908,1908,,Maire & Petitm.,subsp.,"Bull. Séances Soc. Sci. Nancy sér. 3, 9: 189. 1908 ",,,,,11,sedoides,Poir.,,f,t,,,,,,,Petitm.@7583-1@2@aut$Nyman@7069-1@4@basEx$Heldr.@3803-1@3@bas$Maire@6001-1@1@aut,Poir.@0-0@1@aut,,comb. et stat. nov.,,1.3,f,silene~sedoideshaussknechtii,caryophyllaceaesilene~sedoideshaussknechtii,,99,wfo-1200118566,,subspecies,,,,,https://www.ipni.org/n/77379828-1,IPNI record: 77379828-1,"Bull. Séances Soc. Sci. Nancy sér. 3, 9: 189 (1908)"
urn:lsid:ipni.org:names:77379930-1,J.S.Kim & K.S.Choi,,,,,,274: 281,,10,,8,,20230810,2023,,Choi KS &amp; Kim JS,,,11/05/2026 10:08,12/05/2026 15:53,"South Korea (Korea, Eastern Asia, Asia-Temperate)",E,Primulaceae,Lysimachia × glabrophora,Lysimachia × glabrophora,Lysimachia,,t,f,"701131-1,701051-1",(Lysimachia fortunei Maxim. × Lysimachia barystachys Bunge),,,,,,35,18,33,"Gyeongsangnam-do, Gimhae-Si, Hallim-myeon",128,47,52,,,,,,N,,,,,,,,,30015375-2,PhytoKeys,urn:lsid:ipni.org:publications:20011997-1,2026,2026 [12 May 2026],[12 May 2026],J.S.Kim & K.S.Choi,spec.,PhytoKeys 274: 281. 2026 [12 May 2026] ,,doi:10.3897/phytokeys.274.190054 [english] Etymology: the epithet is derived from the Latin glaber ('hairless') and the Greek -phora ('bearing').,,,11,glabrophora,,,f,t,,holotype KNU;isotype KB;isotype NNH,,,,,K.S.Choi@20098588-1@2@aut$J.S.Kim@20015385-1@1@aut,,,tax. nov.,,1.3,f,lysimachia~glabrophora,primulaceaelysimachia~glabrophora~,,100,wfo-1000090157,,species,,,,,https://www.ipni.org/n/77379930-1,IPNI record: 77379930-1,PhytoKeys 274: 281 (2026)
urn:lsid:ipni.org:names:77379931-1,B.Pan & Y.B.Lu,,,,,,274: 294,,5,,11,,QC20141105022,2014,,B.Pan et al.,,,11/05/2026 10:10,12/05/2026 15:59,"Guangxi (China Southeast, China, Asia-Temperate)",E,Gesneriaceae,Hemiboea siccinvolucris,Hemiboea siccinvolucris,Hemiboea,,f,f,,,,,,,,24,16,7,"Guangxi Zhuang Autonomous Region: Hezhou City, Zhaoping County, Qichong Nature Reserve, c. 171 m",110,49,51,,,,,,N,,,,,,,,,17053-1,PhytoKeys,urn:lsid:ipni.org:publications:20011997-1,2026,2026 [12 May 2026],[12 May 2026],B.Pan & Y.B.Lu,spec.,PhytoKeys 274: 294. 2026 [12 May 2026] ,,"doi:10.3897/phytokeys.274.190054 [english] Etymology: the specific epithet refers to the characteristic involucre, which becomes dry and scarious before the flowers open.",,,11,siccinvolucris,,,f,t,,holotype IBK IBK00470681;isotype IBK IBK00470682; IBK00470683,,,,,B.Pan@20019261-1@1@aut$Y.B.Lu@20031223-1@2@aut,,,tax. nov.,,1.3,f,hemiboea~siccinvolucris,gesneriaceaehemiboea~siccinvolucris~,,101,wfo-1000090158,,species,,,,,https://www.ipni.org/n/77379931-1,IPNI record: 77379931-1,PhytoKeys 274: 294 (2026)
urn:lsid:ipni.org:names:77379932-1,(Hook.f.) Kadereit & Schneew.,Rubiaceae Galium magellanicum Hook.f.,(Hook.f.),277297-2,,,75(2)-e70119: 24,,,,,,,,,,,,11/05/2026 11:15,11/05/2026 11:15,,,Rubiaceae,Trichogalium magellanicum,Trichogalium magellanicum,Trichogalium,,f,f,,,,,,,,,,,,,,,,,,,,,,,,,,,,,35479-1,Taxon,urn:lsid:ipni.org:publications:812-2,2026,2026 [30 Mar 2026],[30 Mar 2026],Kadereit & Schneew.,spec.,Taxon 75(2)-e70119: 24. 2026 [30 Mar 2026] ,,doi:10.1002/tax.70119,,,11,magellanicum,,,f,t,,,,,,,Hook.f.@4084-1@3@bas$Kadereit@14763-1@1@aut$Schneew.@20008845-1@2@aut,,,comb. nov.,,1.1,f,trichogalium~magellanicum,rubiaceaetrichogalium~magellanicum~,,102,wfo-1000090159,,species,,,,,https://www.ipni.org/n/77379932-1,IPNI record: 77379932-1,Taxon 75(2)-e70119: 24 (2026)
urn:lsid:ipni.org:names:77379933-1,(Dempster) Kadereit & Schneew.,Rubiaceae Galium matthewsii  var. magnifolium Dempster,(Dempster),107100-2,,,75(2)-e70119: 24,,,,,,,,,,,,11/05/2026 11:17,11/05/2026 11:17,,,Rubiaceae,Trichogalium magnifolium,Trichogalium magnifolium,Trichogalium,,f,f,,,,,,,,,,,,,,,,,,,,,,,,,,,,,35479-1,Taxon,urn:lsid:ipni.org:publications:812-2,2026,2026 [30 Mar 2026],[30 Mar 2026],Kadereit & Schneew.,spec.,Taxon 75(2)-e70119: 24. 2026 [30 Mar 2026] ,,doi:10.1002/tax.70119,,,11,magnifolium,,,f,t,,,,,,,Schneew.@20008845-1@2@aut$Kadereit@14763-1@1@aut$Dempster@13058-1@3@bas,,,comb. et stat. nov.,,1.1,f,trichogalium~magnifolium,rubiaceaetrichogalium~magnifolium~,,103,wfo-1000090160,,species,,,,,https://www.ipni.org/n/77379933-1,IPNI record: 77379933-1,Taxon 75(2)-e70119: 24 (2026)
urn:lsid:ipni.org:names:77379934-1,(Britton) Kadereit & Schneew.,Rubiaceae Galium mandonii Britton,(Britton),750199-1,,,75(2)-e70119: 24,,,,,,,,,,,,11/05/2026 11:18,11/05/2026 11:18,,,Rubiaceae,Trichogalium mandonii,Trichogalium mandonii,Trichogalium,,f,f,,,,,,,,,,,,,,,,,,,,,,,,,,,,,35479-1,Taxon,urn:lsid:ipni.org:publications:812-2,2026,2026 [30 Mar 2026],[30 Mar 2026],Kadereit & Schneew.,spec.,Taxon 75(2)-e70119: 24. 2026 [30 Mar 2026] ,,doi:10.1002/tax.70119,,,11,mandonii,,,f,t,,,,,,,Britton@1161-1@3@bas$Schneew.@20008845-1@2@aut$Kadereit@14763-1@1@aut,,,comb. nov.,,1.1,f,trichogalium~mandonii,rubiaceaetrichogalium~mandonii~,,104,wfo-1000090161,,species,,,,,https://www.ipni.org/n/77379934-1,IPNI record: 77379934-1,Taxon 75(2)-e70119: 24 (2026)
urn:lsid:ipni.org:names:77379935-1,(Dempster & Stebbins) Kadereit & Schneew.,Rubiaceae Galium martirense Dempster & Stebbins,(Dempster & Stebbins),107098-2,,,75(2)-e70119: 24,,,,,,,,,,,,11/05/2026 11:19,11/05/2026 11:19,,,Rubiaceae,Trichogalium martirense,Trichogalium martirense,Trichogalium,,f,f,,,,,,,,,,,,,,,,,,,,,,,,,,,,,35479-1,Taxon,urn:lsid:ipni.org:publications:812-2,2026,2026 [30 Mar 2026],[30 Mar 2026],Kadereit & Schneew.,spec.,Taxon 75(2)-e70119: 24. 2026 [30 Mar 2026] ,,doi:10.1002/tax.70119,,,11,martirense,,,f,t,,,,,,,Dempster@13058-1@3@bas$Kadereit@14763-1@1@aut$Stebbins@10049-1@4@bas$Schneew.@20008845-1@2@aut,,,comb. nov.,,1.1,f,trichogalium~martirense,rubiaceaetrichogalium~martirense~,,105,wfo-1000090162,,species,,,,,https://www.ipni.org/n/77379935-1,IPNI record: 77379935-1,Taxon 75(2)-e70119: 24 (2026)
urn:lsid:ipni.org:names:77379936-1,(Skottsb.) Kadereit & Schneew.,Rubiaceae Galium masafueranum Skottsb.,(Skottsb.),107099-2,,,75(2)-e70119: 24,,,,,,,,,,,,11/05/2026 11:20,11/05/2026 11:20,,,Rubiaceae,Trichogalium masafueranum,Trichogalium masafueranum,Trichogalium,,f,f,,,,,,,,,,,,,,,,,,,,,,,,,,,,,35479-1,Taxon,urn:lsid:ipni.org:publications:812-2,2026,2026 [30 Mar 2026],[30 Mar 2026],Kadereit & Schneew.,spec.,Taxon 75(2)-e70119: 24. 2026 [30 Mar 2026] ,,doi:10.1002/tax.70119,,,11,masafueranum,,,f,t,,,,,,,Skottsb.@9724-1@3@bas$Kadereit@14763-1@1@aut$Schneew.@20008845-1@2@aut,,,comb. nov.,,1.1,f,trichogalium~masafueranum,rubiaceaetrichogalium~masafueranum~,,106,wfo-1000090163,,species,,,,,https://www.ipni.org/n/77379936-1,IPNI record: 77379936-1,Taxon 75(2)-e70119: 24 (2026)
urn:lsid:ipni.org:names:77379937-1,(A.Gray) Kadereit & Schneew.,Rubiaceae Galium matthewsii A.Gray,(A.Gray),750215-1,,,75(2)-e70119: 24,,,,,,,,,,,,11/05/2026 11:21,11/05/2026 11:21,,,Rubiaceae,Trichogalium matthewsii,Trichogalium matthewsii,Trichogalium,,f,f,,,,,,,,,,,,,,,,,,,,,,,,,,,,,35479-1,Taxon,urn:lsid:ipni.org:publications:812-2,2026,2026 [30 Mar 2026],[30 Mar 2026],Kadereit & Schneew.,spec.,Taxon 75(2)-e70119: 24. 2026 [30 Mar 2026] ,,doi:10.1002/tax.70119,,,11,matthewsii,,,f,t,,,,,,,Kadereit@14763-1@1@aut$Schneew.@20008845-1@2@aut$A.Gray@19574-1@3@bas,,,comb. nov.,,1.1,f,trichogalium~matthewsii,rubiaceaetrichogalium~matthewsii~,,107,wfo-1000090164,,species,,,,,https://www.ipni.org/n/77379937-1,IPNI record: 77379937-1,Taxon 75(2)-e70119: 24 (2026)
urn:lsid:ipni.org:names:77379938-1,(Greenm.) Kadereit & Schneew.,Rubiaceae Relbunium mazocarpum Greenm.,(Greenm.),218509-2,,,75(2)-e70119: 24,,,,,,,,,,,,11/05/2026 11:22,11/05/2026 11:22,,,Rubiaceae,Trichogalium mazocarpum,Trichogalium mazocarpum,Trichogalium,,f,f,,,,,,,,,,,,,,,,,,,,,,,,,,,,,35479-1,Taxon,urn:lsid:ipni.org:publications:812-2,2026,2026 [30 Mar 2026],[30 Mar 2026],Kadereit & Schneew.,spec.,Taxon 75(2)-e70119: 24. 2026 [30 Mar 2026] ,,doi:10.1002/tax.70119,,,11,mazocarpum,,,f,t,,,,,,,Kadereit@14763-1@1@aut$Greenm.@3368-1@3@bas$Schneew.@20008845-1@2@aut,,,comb. nov.,,1.1,f,trichogalium~mazocarpum,rubiaceaetrichogalium~mazocarpum~,,108,wfo-1000090165,,species,,,,,https://www.ipni.org/n/77379938-1,IPNI record: 77379938-1,Taxon 75(2)-e70119: 24 (2026)
urn:lsid:ipni.org:names:77379939-1,(Dempster) Kadereit & Schneew.,Rubiaceae Galium mechudoense Dempster,(Dempster),107102-2,,,75(2)-e70119: 24,,,,,,,,,,,,11/05/2026 11:23,11/05/2026 11:23,,,Rubiaceae,Trichogalium mechudoense,Trichogalium mechudoense,Trichogalium,,f,f,,,,,,,,,,,,,,,,,,,,,,,,,,,,,35479-1,Taxon,urn:lsid:ipni.org:publications:812-2,2026,2026 [30 Mar 2026],[30 Mar 2026],Kadereit & Schneew.,spec.,Taxon 75(2)-e70119: 24. 2026 [30 Mar 2026] ,,doi:10.1002/tax.70119,,,11,mechudoense,,,f,t,,,,,,,Schneew.@20008845-1@2@aut$Kadereit@14763-1@1@aut$Dempster@13058-1@3@bas,,,comb. nov.,,1.1,f,trichogalium~mechudoense,rubiaceaetrichogalium~mechudoense~,,109,wfo-1000090166,,species,,,,,https://www.ipni.org/n/77379939-1,IPNI record: 77379939-1,Taxon 75(2)-e70119: 24 (2026)
urn:lsid:ipni.org:names:77379940-1,(Spreng.) Kadereit & Schneew.,Rubiaceae Galium megapotamicum Spreng.,(Spreng.),750224-1,,,75(2)-e70119: 24,,,,,,,,,,,,11/05/2026 11:26,11/05/2026 11:26,,,Rubiaceae,Trichogalium megapotamicum,Trichogalium megapotamicum,Trichogalium,,f,f,,,,,,,,,,,,,,,,,,,,,,,,,,,,,35479-1,Taxon,urn:lsid:ipni.org:publications:812-2,2026,2026 [30 Mar 2026],[30 Mar 2026],Kadereit & Schneew.,spec.,Taxon 75(2)-e70119: 24. 2026 [30 Mar 2026] ,,doi:10.1002/tax.70119,,,11,megapotamicum,,,f,t,,,,,,,Spreng.@9992-1@3@bas$Kadereit@14763-1@1@aut$Schneew.@20008845-1@2@aut,,,comb. nov.,,1.1,f,trichogalium~megapotamicum,rubiaceaetrichogalium~megapotamicum~,,110,wfo-1000090167,,species,,,,,https://www.ipni.org/n/77379940-1,IPNI record: 77379940-1,Taxon 75(2)-e70119: 24 (2026)
urn:lsid:ipni.org:names:77379941-1,(I.Thomps.) Kadereit & Schneew.,Rubiaceae Galium microlobum I.Thomps.,(I.Thomps.),77096381-1,,,75(2)-e70119: 24,,,,,,,,,,,,11/05/2026 11:35,11/05/2026 11:35,,,Rubiaceae,Trichogalium microlobum,Trichogalium microlobum,Trichogalium,,f,f,,,,,,,,,,,,,,,,,,,,,,,,,,,,,35479-1,Taxon,urn:lsid:ipni.org:publications:812-2,2026,2026 [30 Mar 2026],[30 Mar 2026],Kadereit & Schneew.,spec.,Taxon 75(2)-e70119: 24. 2026 [30 Mar 2026] ,,doi:10.1002/tax.70119,,,11,microlobum,,,f,t,,,,,,,Schneew.@20008845-1@2@aut$I.Thomps.@37433-1@3@bas$Kadereit@14763-1@1@aut,,,comb. nov.,,1.1,f,trichogalium~microlobum,rubiaceaetrichogalium~microlobum~,,111,wfo-1000090168,,species,,,,,https://www.ipni.org/n/77379941-1,IPNI record: 77379941-1,Taxon 75(2)-e70119: 24 (2026)
urn:lsid:ipni.org:names:77379942-1,(A.Gray) Kadereit & Schneew.,Rubiaceae Galium microphyllum A.Gray,(A.Gray),750235-1,,,75(2)-e70119: 24,,,,,,,,,,,,11/05/2026 11:36,11/05/2026 11:36,,,Rubiaceae,Trichogalium microphyllum,Trichogalium microphyllum,Trichogalium,,f,f,,,,,,,,,,,,,,,,,,,,,,,,,,,,,35479-1,Taxon,urn:lsid:ipni.org:publications:812-2,2026,2026 [30 Mar 2026],[30 Mar 2026],Kadereit & Schneew.,spec.,Taxon 75(2)-e70119: 24. 2026 [30 Mar 2026] ,,doi:10.1002/tax.70119,,,11,microphyllum,,,f,t,,,,,,,A.Gray@19574-1@3@bas$Schneew.@20008845-1@2@aut$Kadereit@14763-1@1@aut,,,comb. nov.,,1.1,f,trichogalium~microphyllum,rubiaceaetrichogalium~microphyllum~,,112,wfo-1000090169,,species,,,,,https://www.ipni.org/n/77379942-1,IPNI record: 77379942-1,Taxon 75(2)-e70119: 24 (2026)
urn:lsid:ipni.org:names:77379943-1,(Ehrend. & McGill.) Kadereit & Schneew.,Rubiaceae Galium migrans Ehrend. & McGill.,(Ehrend. & McGill.),907556-1,,,75(2)-e70119: 24,,,,,,,,,,,,11/05/2026 11:37,11/05/2026 11:37,,,Rubiaceae,Trichogalium migrans,Trichogalium migrans,Trichogalium,,f,f,,,,,,,,,,,,,,,,,,,,,,,,,,,,,35479-1,Taxon,urn:lsid:ipni.org:publications:812-2,2026,2026 [30 Mar 2026],[30 Mar 2026],Kadereit & Schneew.,spec.,Taxon 75(2)-e70119: 24. 2026 [30 Mar 2026] ,,doi:10.1002/tax.70119,,,11,migrans,,,f,t,,,,,,,Ehrend.@2483-1@3@bas$Schneew.@20008845-1@2@aut$Kadereit@14763-1@1@aut$McGill.@5918-1@4@bas,,,comb. nov.,,1.1,f,trichogalium~migrans,rubiaceaetrichogalium~migrans~,,113,wfo-1000090170,,species,,,,,https://www.ipni.org/n/77379943-1,IPNI record: 77379943-1,Taxon 75(2)-e70119: 24 (2026)
urn:lsid:ipni.org:names:77379944-1,(Greene) Kadereit & Schneew.,Rubiaceae Galium miguelense Greene,(Greene),107107-2,,,75(2)-e70119: 24,,,,,,,,,,,,11/05/2026 11:38,11/05/2026 11:38,,,Rubiaceae,Trichogalium miguelense,Trichogalium miguelense,Trichogalium,,f,f,,,,,,,,,,,,,,,,,,,,,,,,,,,,,35479-1,Taxon,urn:lsid:ipni.org:publications:812-2,2026,2026 [30 Mar 2026],[30 Mar 2026],Kadereit & Schneew.,spec.,Taxon 75(2)-e70119: 24. 2026 [30 Mar 2026] ,,doi:10.1002/tax.70119,,,11,miguelense,,,f,t,,,,,,,Schneew.@20008845-1@2@aut$Kadereit@14763-1@1@aut$Greene@3366-1@3@bas,,,comb. nov.,,1.1,f,trichogalium~miguelense,rubiaceaetrichogalium~miguelense~,,114,wfo-1000090171,,species,,,,,https://www.ipni.org/n/77379944-1,IPNI record: 77379944-1,Taxon 75(2)-e70119: 24 (2026)
urn:lsid:ipni.org:names:77379945-1,(T.Shimizu) Kadereit & Schneew.,Rubiaceae Galium minutissimum T.Shimizu,(T.Shimizu),750243-1,,,75(2)-e70119: 25,,,,,,,,,,,,11/05/2026 11:46,11/05/2026 11:46,,,Rubiaceae,Trichogalium minutissimum,Trichogalium minutissimum,Trichogalium,,f,f,,,,,,,,,,,,,,,,,,,,,,,,,,,,,35479-1,Taxon,urn:lsid:ipni.org:publications:812-2,2026,2026 [30 Mar 2026],[30 Mar 2026],Kadereit & Schneew.,spec.,Taxon 75(2)-e70119: 25. 2026 [30 Mar 2026] ,,doi:10.1002/tax.70119,,,11,minutissimum,,,f,t,,,,,,,Schneew.@20008845-1@2@aut$Kadereit@14763-1@1@aut$T.Shimizu@9577-1@3@bas,,,comb. nov.,,1.1,f,trichogalium~minutissimum,rubiaceaetrichogalium~minutissimum~,,115,wfo-1000090172,,species,,,,,https://www.ipni.org/n/77379945-1,IPNI record: 77379945-1,Taxon 75(2)-e70119: 25 (2026)
urn:lsid:ipni.org:names:77379946-1,(Dempster) Kadereit & Schneew.,Rubiaceae Galium moranii Dempster,(Dempster),107108-2,,,75(2)-e70119: 25,,,,,,,,,,,,11/05/2026 11:47,11/05/2026 11:47,,,Rubiaceae,Trichogalium moranii,Trichogalium moranii,Trichogalium,,f,f,,,,,,,,,,,,,,,,,,,,,,,,,,,,,35479-1,Taxon,urn:lsid:ipni.org:publications:812-2,2026,2026 [30 Mar 2026],[30 Mar 2026],Kadereit & Schneew.,spec.,Taxon 75(2)-e70119: 25. 2026 [30 Mar 2026] ,,doi:10.1002/tax.70119,,,11,moranii,,,f,t,,,,,,,Dempster@13058-1@3@bas$Kadereit@14763-1@1@aut$Schneew.@20008845-1@2@aut,,,comb. nov.,,1.1,f,trichogalium~moranii,rubiaceaetrichogalium~moranii~,,116,wfo-1000090173,,species,,,,,https://www.ipni.org/n/77379946-1,IPNI record: 77379946-1,Taxon 75(2)-e70119: 25 (2026)
urn:lsid:ipni.org:names:77379947-1,(Hayata) Kadereit & Schneew.,Rubiaceae Galium morii Hayata,(Hayata),750266-1,,,75(2)-e70119: 25,,,,,,,,,,,,11/05/2026 11:48,11/05/2026 11:48,,,Rubiaceae,Trichogalium morii,Trichogalium morii,Trichogalium,,f,f,,,,,,,,,,,,,,,,,,,,,,,,,,,,,35479-1,Taxon,urn:lsid:ipni.org:publications:812-2,2026,2026 [30 Mar 2026],[30 Mar 2026],Kadereit & Schneew.,spec.,Taxon 75(2)-e70119: 25. 2026 [30 Mar 2026] ,,doi:10.1002/tax.70119,,,11,morii,,,f,t,,,,,,,Kadereit@14763-1@1@aut$Hayata@3744-1@3@bas$Schneew.@20008845-1@2@aut,,,comb. nov.,,1.1,f,trichogalium~morii,rubiaceaetrichogalium~morii~,,117,wfo-1000090174,,species,,,,,https://www.ipni.org/n/77379947-1,IPNI record: 77379947-1,Taxon 75(2)-e70119: 25 (2026)
urn:lsid:ipni.org:names:77379948-1,(K.Schum.) Kadereit & Schneew.,Rubiaceae Relbunium muelleri K.Schum.,(K.Schum.),218515-2,,,75(2)-e70119: 25,,,,,,,,,,,,11/05/2026 11:51,11/05/2026 11:51,,,Rubiaceae,Trichogalium muelleri,Trichogalium muelleri,Trichogalium,,f,f,,,,,,,,,,,,,,,,,,,,,,,,,,,,,35479-1,Taxon,urn:lsid:ipni.org:publications:812-2,2026,2026 [30 Mar 2026],[30 Mar 2026],Kadereit & Schneew.,spec.,Taxon 75(2)-e70119: 25. 2026 [30 Mar 2026] ,,doi:10.1002/tax.70119,,,11,muelleri,,,f,t,,,,,,,Schneew.@20008845-1@2@aut$K.Schum.@9333-1@3@bas$Kadereit@14763-1@1@aut,,,comb. nov.,,1.1,f,trichogalium~muelleri,rubiaceaetrichogalium~muelleri~,,118,wfo-1000090175,,species,,,,,https://www.ipni.org/n/77379948-1,IPNI record: 77379948-1,Taxon 75(2)-e70119: 25 (2026)
urn:lsid:ipni.org:names:77379949-1,(Kellogg) Kadereit & Schneew.,Rubiaceae Galium multiflorum Kellogg,(Kellogg),750276-1,,,75(2)-e70119: 25,,,,,,,,,,,,11/05/2026 11:52,11/05/2026 11:52,,,Rubiaceae,Trichogalium multiflorum,Trichogalium multiflorum,Trichogalium,,f,f,,,,,,,,,,,,,,,,,,,,,,,,,,,,,35479-1,Taxon,urn:lsid:ipni.org:publications:812-2,2026,2026 [30 Mar 2026],[30 Mar 2026],Kadereit & Schneew.,spec.,Taxon 75(2)-e70119: 25. 2026 [30 Mar 2026] ,,doi:10.1002/tax.70119,,,11,multiflorum,,,f,t,,,,,,,Schneew.@20008845-1@2@aut$Kadereit@14763-1@1@aut$Kellogg@4712-1@3@bas,,,comb. nov.,,1.1,f,trichogalium~multiflorum,rubiaceaetrichogalium~multiflorum~,,119,wfo-1000090176,,species,,,,,https://www.ipni.org/n/77379949-1,IPNI record: 77379949-1,Taxon 75(2)-e70119: 25 (2026)
urn:lsid:ipni.org:names:77379950-1,(Hilend & J.T.Howell) Kadereit & Schneew.,Rubiaceae Galium munzii Hilend & J.T.Howell,(Hilend & J.T.Howell),107116-2,,,75(2)-e70119: 25,,,,,,,,,,,,11/05/2026 11:53,11/05/2026 11:53,,,Rubiaceae,Trichogalium munzii,Trichogalium munzii,Trichogalium,,f,f,,,,,,,,,,,,,,,,,,,,,,,,,,,,,35479-1,Taxon,urn:lsid:ipni.org:publications:812-2,2026,2026 [30 Mar 2026],[30 Mar 2026],Kadereit & Schneew.,spec.,Taxon 75(2)-e70119: 25. 2026 [30 Mar 2026] ,,doi:10.1002/tax.70119,,,11,munzii,,,f,t,,,,,,,Hilend@3941-1@3@bas$Kadereit@14763-1@1@aut$Schneew.@20008845-1@2@aut$J.T.Howell@4163-1@4@bas,,,comb. nov.,,1.1,f,trichogalium~munzii,rubiaceaetrichogalium~munzii~,,120,wfo-1000090177,,species,,,,,https://www.ipni.org/n/77379950-1,IPNI record: 77379950-1,Taxon 75(2)-e70119: 25 (2026)
urn:lsid:ipni.org:names:77379951-1,(W.Wight) Kadereit & Schneew.,Rubiaceae Galium muricatum W.Wight,(W.Wight),107121-2,,,75(2)-e70119: 25,,,,,,,,,,,,11/05/2026 11:54,11/05/2026 11:54,,,Rubiaceae,Trichogalium muricatum,Trichogalium muricatum,Trichogalium,,f,f,,,,,,,,,,,,,,,,,,,,,,,,,,,,,35479-1,Taxon,urn:lsid:ipni.org:publications:812-2,2026,2026 [30 Mar 2026],[30 Mar 2026],Kadereit & Schneew.,spec.,Taxon 75(2)-e70119: 25. 2026 [30 Mar 2026] ,,doi:10.1002/tax.70119,,,11,muricatum,,,f,t,,,,,,,Schneew.@20008845-1@2@aut$W.Wight@11659-1@3@bas$Kadereit@14763-1@1@aut,,,comb. nov.,,1.1,f,trichogalium~muricatum,rubiaceaetrichogalium~muricatum~,,121,wfo-1000090178,,species,,,,,https://www.ipni.org/n/77379951-1,IPNI record: 77379951-1,Taxon 75(2)-e70119: 25 (2026)
urn:lsid:ipni.org:names:77379952-1,(Kudô) Kadereit & Schneew.,Rubiaceae Galium nakaii Kudô,(Kudô),750291-1,,,75(2)-e70119: 25,,,,,,,,,,,,11/05/2026 12:02,11/05/2026 12:02,,,Rubiaceae,Trichogalium nakaii,Trichogalium nakaii,Trichogalium,,f,f,,,,,,,,,,,,,,,,,,,,,,,,,,,,,35479-1,Taxon,urn:lsid:ipni.org:publications:812-2,2026,2026 [30 Mar 2026],[30 Mar 2026],Kadereit & Schneew.,spec.,Taxon 75(2)-e70119: 25. 2026 [30 Mar 2026] ,,doi:10.1002/tax.70119,,,11,nakaii,,,f,t,,,,,,,Kudô@5103-1@3@bas$Kadereit@14763-1@1@aut$Schneew.@20008845-1@2@aut,,,comb. nov.,,1.1,f,trichogalium~nakaii,rubiaceaetrichogalium~nakaii~,,122,wfo-1000090179,,species,,,,,https://www.ipni.org/n/77379952-1,IPNI record: 77379952-1,Taxon 75(2)-e70119: 25 (2026)
urn:lsid:ipni.org:names:77379953-1,(Ohwi) Kadereit & Schneew.,Rubiaceae Galium nankotaizanum Ohwi,(Ohwi),750293-1,,,75(2)-e70119: 25,,,,,,,,,,,,11/05/2026 12:04,11/05/2026 12:04,,,Rubiaceae,Trichogalium nankotaizanum,Trichogalium nankotaizanum,Trichogalium,,f,f,,,,,,,,,,,,,,,,,,,,,,,,,,,,,35479-1,Taxon,urn:lsid:ipni.org:publications:812-2,2026,2026 [30 Mar 2026],[30 Mar 2026],Kadereit & Schneew.,spec.,Taxon 75(2)-e70119: 25. 2026 [30 Mar 2026] ,,doi:10.1002/tax.70119,,,11,nankotaizanum,,,f,t,,,,,,,Ohwi@7112-1@3@bas$Kadereit@14763-1@1@aut$Schneew.@20008845-1@2@aut,,,comb. nov.,,1.1,f,trichogalium~nankotaizanum,rubiaceaetrichogalium~nankotaizanum~,,123,wfo-1000090180,,species,,,,,https://www.ipni.org/n/77379953-1,IPNI record: 77379953-1,Taxon 75(2)-e70119: 25 (2026)
urn:lsid:ipni.org:names:77379954-1,(Ehrend.) Kadereit & Schneew.,Rubiaceae Relbunium nigroramosum Ehrend.,(Ehrend.),218516-2,,,75(2)-e70119: 25,,,,,,,,,,,,11/05/2026 12:06,11/05/2026 12:06,,,Rubiaceae,Trichogalium nigroramosum,Trichogalium nigroramosum,Trichogalium,,f,f,,,,,,,,,,,,,,,,,,,,,,,,,,,,,35479-1,Taxon,urn:lsid:ipni.org:publications:812-2,2026,2026 [30 Mar 2026],[30 Mar 2026],Kadereit & Schneew.,spec.,Taxon 75(2)-e70119: 25. 2026 [30 Mar 2026] ,,doi:10.1002/tax.70119,,,11,nigroramosum,,,f,t,,,,,,,Ehrend.@2483-1@3@bas$Kadereit@14763-1@1@aut$Schneew.@20008845-1@2@aut,,,comb. nov.,,1.1,f,trichogalium~nigroramosum,rubiaceaetrichogalium~nigroramosum~,,124,wfo-1000090181,,species,,,,,https://www.ipni.org/n/77379954-1,IPNI record: 77379954-1,Taxon 75(2)-e70119: 25 (2026)
urn:lsid:ipni.org:names:77379955-1,(A.St.-Hil.) Kadereit & Schneew.,Rubiaceae Rubia noxia A.St.-Hil.,(A.St.-Hil.),765307-1,,,75(2)-e70119: 25,,,,,,,,,,,,11/05/2026 12:08,11/05/2026 12:08,,,Rubiaceae,Trichogalium noxium,Trichogalium noxium,Trichogalium,,f,f,,,,,,,,,,,,,,,,,,,,,,,,,,,,,35479-1,Taxon,urn:lsid:ipni.org:publications:812-2,2026,2026 [30 Mar 2026],[30 Mar 2026],Kadereit & Schneew.,spec.,Taxon 75(2)-e70119: 25. 2026 [30 Mar 2026] ,,doi:10.1002/tax.70119,,,11,noxium,,,f,t,,,,,,,Schneew.@20008845-1@2@aut$Kadereit@14763-1@1@aut$A.St.-Hil.@8827-1@3@bas,,,comb. nov.,,1.1,f,trichogalium~noxium,rubiaceaetrichogalium~noxium~,,125,wfo-1000090182,,species,,,,,https://www.ipni.org/n/77379955-1,IPNI record: 77379955-1,Taxon 75(2)-e70119: 25 (2026)
urn:lsid:ipni.org:names:77379956-1,(A.Gray) Kadereit & Schneew.,Rubiaceae Galium nuttallii A.Gray,(A.Gray),750320-1,,,75(2)-e70119: 25,,,,,,,,,,,,11/05/2026 12:14,12/05/2026 10:59,,,Rubiaceae,Trichogalium nuttallii,Trichogalium nuttallii,Trichogalium,,f,f,,,,,,,,,,,,,,,,,,,,,,,,,,,,,35479-1,Taxon,urn:lsid:ipni.org:publications:812-2,2026,2026 [30 Mar 2026],[30 Mar 2026],Kadereit & Schneew.,spec.,Taxon 75(2)-e70119: 25. 2026 [30 Mar 2026] ,,doi:10.1002/tax.70119,,,11,nuttallii,,,f,t,,,,,,,A.Gray@19574-1@3@bas$Schneew.@20008845-1@2@aut$Kadereit@14763-1@1@aut,,,comb. nov.,,1.2,f,trichogalium~nuttallii,rubiaceaetrichogalium~nuttallii~,,126,wfo-1000090183,,species,,,,,https://www.ipni.org/n/77379956-1,IPNI record: 77379956-1,Taxon 75(2)-e70119: 25 (2026)
urn:lsid:ipni.org:names:77379957-1,(L.) Makino,Brassicaceae Brassica chinensis L.,(L.),279290-1,,,3(12): XXVII,,,,,,,,,,,,11/05/2026 12:59,21/05/2026 14:33,,,Brassicaceae,Brassica campestris subsp. chinensis,Brassica campestris subsp. chinensis,Brassica,,f,f,,,,,chinensis,,,,,,,,,,,,,,,,,,,,,,,,30076075-2,"Somoku Dzusetsu, ed. 3.",urn:lsid:ipni.org:publications:20333-2,1912,1912,,Makino,subsp.,"Somoku Dzusetsu, ed. 3. 3(12): XXVII. 1912 ",,,,,11,campestris,L.,,f,t,,,,,,,Makino@6013-1@1@aut$L.@12653-1@2@bas,L.@12653-1@1@aut,,comb. et stat. nov.,,1.2,f,brassica~campestrischinensis,brassicaceaebrassica~campestrischinensis,,127,wfo-0001261029,,subspecies,,,,,https://www.ipni.org/n/77379957-1,IPNI record: 77379957-1,"Somoku Dzusetsu, ed. 3. 3(12): XXVII (1912)"
urn:lsid:ipni.org:names:77379959-1,(Piper) Guilliams & R.B.Kelley,Boraginaceae Allocarya minuta Piper,(Piper),9018-2,,,733(1): 6,,,,,,,,,,,,11/05/2026 17:05,11/05/2026 17:05,,,Boraginaceae,Plagiobothrys minutus,Plagiobothrys minutus,Plagiobothrys,,f,f,,,,,,,120248-1,,,,,,,,nom. illeg. later homonym,,nom. illeg.,,,,,,,,,,,,30000151-2,Phytotaxa,urn:lsid:ipni.org:publications:20011462-1,2025,2025 [9 Dec 2025],[9 Dec 2025],Guilliams & R.B.Kelley,spec.,Phytotaxa 733(1): 6. 2025 [9 Dec 2025] ,,,,,13,minutus,,,f,t,,,,,,,Guilliams@20012227-2@1@aut$Piper@24883-1@3@bas$R.B.Kelley@20012669-2@2@aut,,,comb. nov.,,1.1,f,plagiobothrys~minutus,boraginaceaeplagiobothrys~minutus~,,128,wfo-1200118632,,species,,,,,https://www.ipni.org/n/77379959-1,IPNI record: 77379959-1,Phytotaxa 733(1): 6 (2025)
urn:lsid:ipni.org:names:77379960-1,A.Santos,,,,,,33: 124,,14,,6,,,1988,,A.Santos,,,11/05/2026 18:03,11/05/2026 18:03,"Canary Is. (Macaronesia, Africa)",,Brassicaceae,Parolinia aridanae,Parolinia aridanae,Parolinia,,f,f,,,,,,,,,,,"Santa Cruz de Tenerife, Isla de La Palma, Los Llanos de Aridane, Laderas de la Punta de Jedey, sobre Charco Verde, UTM 28R BS1763, 90 m",,,,,,,,,,,,,,,,,,12892-1,Rev. Acad. Canar. Ci.,urn:lsid:ipni.org:publications:20064248-1,2021,2021 [Dec 2021],[Dec 2021],A.Santos,spec.,Rev. Acad. Canar. Ci. 33: 124. 2021 [Dec 2021] ,,,,,10,aridanae,,,f,t,,holotype ORT 30751,,,,,A.Santos@13225-1@1@aut,,,tax. nov.,,1.1,f,parolinia~aridanae,brassicaceaeparolinia~aridanae~,,129,wfo-1000080105,,species,,,,,https://www.ipni.org/n/77379960-1,IPNI record: 77379960-1,Rev. Acad. Canar. Ci. 33: 124 (2021)
urn:lsid:ipni.org:names:77379961-1,(Spreng.) P.L.R.Moraes,Asteraceae Chrysocoma megapotamica Spreng.,(Spreng.),193951-1,,,596(1): 183,,,,,,,,,,,,11/05/2026 22:25,12/05/2026 09:41,,,Asteraceae,Disynaphia megapotamica,Disynaphia megapotamica,Disynaphia,,f,f,,,,,,,,,,,,,,,,,,,,,,,,,,,,null:,30006627-2,Phytotaxa,urn:lsid:ipni.org:publications:20011462-1,2023,2023 [9 May 2023],[9 May 2023],P.L.R.Moraes,spec.,Phytotaxa 596(1): 183. 2023 [9 May 2023] ,,doi:10.11646/phytotaxa.596.1.1,,,11,megapotamica,,,f,t,,,,,,,Spreng.@9992-1@2@bas$P.L.R.Moraes@20005694-1@1@aut,,,comb. nov.,,1.3,f,disynaphia~megapotamica,asteraceaedisynaphia~megapotamica~,,130,wfo-1000090184,,species,,,,,https://www.ipni.org/n/77379961-1,IPNI record: 77379961-1,Phytotaxa 596(1): 183 (2023)
urn:lsid:ipni.org:names:77379962-1,"Rojas-Alv., Rizo-Patrón & Ocupa",,,,,,756(1): 3,,6,,5,,118,2021,,F.Rizo-Patrón,,,12/05/2026 02:49,13/05/2026 09:46,"Peru (Western South America, Southern America)",,Orchidaceae,Myoxanthus triceratops,Myoxanthus triceratops,Myoxanthus,,f,f,,,,,,,,,,,"Pasco: Oxapampa, San Alberto, 2200 m",,,,,,,,,,,,,,,,,,327094-2,Phytotaxa,urn:lsid:ipni.org:publications:20011462-1,2026,2026 [12 May 2026],[12 May 2026],"Rojas-Alv., Rizo-Patrón & Ocupa",spec.,Phytotaxa 756(1): 3. 2026 [12 May 2026] ,,"doi:10.11646/phytotaxa.756.1.1 Etymology: 'Specific epithet comes from the Greek triceratops, 'three-horned-faced' (tri-, 'three-,' ceras, 'horn,' and ops, 'eye, face'), in allusion to the resemblance of the apex of the labellum to the celebrated dinosaur.'",,,11,triceratops,,,f,t,,holotype HUPCH HUPCH-6260;isotype HOXA,,,,,Rizo-Patrón@20053068-1@2@aut$Ocupa@20046955-1@3@aut$Rojas-Alv.@20032163-1@1@aut,,,tax. nov.,,1.2,f,myoxanthus~triceratops,orchidaceaemyoxanthus~triceratops~,,131,wfo-1000090185,,species,,,,,https://www.ipni.org/n/77379962-1,IPNI record: 77379962-1,Phytotaxa 756(1): 3 (2026)
urn:lsid:ipni.org:names:77379963-1,(Grecescu) Borza,Caryophyllaceae Silene lotriensis Grecescu,(Grecescu),157719-1,,,1: 80,,,,,,,,,,,,12/05/2026 07:13,14/05/2026 10:10,,,Caryophyllaceae,Silene lerchenfeldiana var. lotriensis,Silene lerchenfeldiana var. lotriensis,Silene,,f,f,,,,,lotriensis,,,,,,,,,,,,,,,,,,,,,,,null:,157663-1,Consp. Fl. Roman. Reg. Aff.,urn:lsid:ipni.org:publications:20064257-1,1947,1947,,Borza,var.,Consp. Fl. Roman. Reg. Aff. 1: 80. 1947 ,,,,,11,lerchenfeldiana,Baumg.,,f,t,,,,,,,Grecescu@3360-1@2@bas$Borza@1000-1@1@aut,Baumg.@0-0@1@aut,,comb. et stat. nov.,,1.3,f,silene~lerchenfeldianalotriensis,caryophyllaceaesilene~lerchenfeldianalotriensis,,132,wfo-1200118567,,variety,,,,,https://www.ipni.org/n/77379963-1,IPNI record: 77379963-1,Consp. Fl. Roman. Reg. Aff. 1: 80 (1947)
urn:lsid:ipni.org:names:77379964-1,(Kunth) Kadereit & Schneew.,Rubiaceae Galium obovatum Kunth,(Kunth),750324-1,,,75(2)-e70119: 25,,,,,,,,,,,,12/05/2026 11:02,12/05/2026 11:02,,,Rubiaceae,Trichogalium obovatum,Trichogalium obovatum,Trichogalium,,f,f,,,,,,,,,,,,,,,,,,,,,,,,,,,,,35479-1,Taxon,urn:lsid:ipni.org:publications:812-2,2026,2026 [30 Mar 2026],[30 Mar 2026],Kadereit & Schneew.,spec.,Taxon 75(2)-e70119: 25. 2026 [30 Mar 2026] ,,doi:10.1002/tax.70119,,,11,obovatum,,,f,t,,,,,,,Kadereit@14763-1@1@aut$Kunth@21866-1@3@bas$Schneew.@20008845-1@2@aut,,,comb. nov.,,1.1,f,trichogalium~obovatum,rubiaceaetrichogalium~obovatum~,,133,wfo-1000090186,,species,,,,,https://www.ipni.org/n/77379964-1,IPNI record: 77379964-1,Taxon 75(2)-e70119: 25 (2026)
urn:lsid:ipni.org:names:77379965-1,(Britton) Kadereit & Schneew.,Rubiaceae Galium oreganum Britton,(Britton),107137-2,,,75(2)-e70119: 25,,,,,,,,,,,,12/05/2026 11:04,12/05/2026 11:04,,,Rubiaceae,Trichogalium oreganum,Trichogalium oreganum,Trichogalium,,f,f,,,,,,,,,,,,,,,,,,,,,,,,,,,,,35479-1,Taxon,urn:lsid:ipni.org:publications:812-2,2026,2026 [30 Mar 2026],[30 Mar 2026],Kadereit & Schneew.,spec.,Taxon 75(2)-e70119: 25. 2026 [30 Mar 2026] ,,doi:10.1002/tax.70119,,,11,oreganum,,,f,t,,,,,,,Kadereit@14763-1@1@aut$Britton@1161-1@3@bas$Schneew.@20008845-1@2@aut,,,comb. nov.,,1.1,f,trichogalium~oreganum,rubiaceaetrichogalium~oreganum~,,134,wfo-1000090187,,species,,,,,https://www.ipni.org/n/77379965-1,IPNI record: 77379965-1,Taxon 75(2)-e70119: 25 (2026)
urn:lsid:ipni.org:names:77379966-1,(Greenm.) Kadereit & Schneew.,Rubiaceae Galium oresbium Greenm.,(Greenm.),107138-2,,,75(2)-e70119: 25,,,,,,,,,,,,12/05/2026 11:04,12/05/2026 11:04,,,Rubiaceae,Trichogalium oresbium,Trichogalium oresbium,Trichogalium,,f,f,,,,,,,,,,,,,,,,,,,,,,,,,,,,,35479-1,Taxon,urn:lsid:ipni.org:publications:812-2,2026,2026 [30 Mar 2026],[30 Mar 2026],Kadereit & Schneew.,spec.,Taxon 75(2)-e70119: 25. 2026 [30 Mar 2026] ,,doi:10.1002/tax.70119,,,11,oresbium,,,f,t,,,,,,,Kadereit@14763-1@1@aut$Schneew.@20008845-1@2@aut$Greenm.@3368-1@3@bas,,,comb. nov.,,1.1,f,trichogalium~oresbium,rubiaceaetrichogalium~oresbium~,,135,wfo-1000090188,,species,,,,,https://www.ipni.org/n/77379966-1,IPNI record: 77379966-1,Taxon 75(2)-e70119: 25 (2026)
urn:lsid:ipni.org:names:77379967-1,(Hemsl.) Kadereit & Schneew.,Rubiaceae Galium orizabense Hemsl.,(Hemsl.),107139-2,,,75(2)-e70119: 25,,,,,,,,,,,,12/05/2026 11:06,12/05/2026 11:06,,,Rubiaceae,Trichogalium orizabense,Trichogalium orizabense,Trichogalium,,f,f,,,,,,,,,,,,,,,,,,,,,,,,,,,,,35479-1,Taxon,urn:lsid:ipni.org:publications:812-2,2026,2026 [30 Mar 2026],[30 Mar 2026],Kadereit & Schneew.,spec.,Taxon 75(2)-e70119: 25. 2026 [30 Mar 2026] ,,doi:10.1002/tax.70119,,,11,orizabense,,,f,t,,,,,,,Hemsl.@3825-1@3@bas$Schneew.@20008845-1@2@aut$Kadereit@14763-1@1@aut,,,comb. nov.,,1.1,f,trichogalium~orizabense,rubiaceaetrichogalium~orizabense~,,136,wfo-1000090189,,species,,,,,https://www.ipni.org/n/77379967-1,IPNI record: 77379967-1,Taxon 75(2)-e70119: 25 (2026)
urn:lsid:ipni.org:names:77379968-1,(Standl.) Kadereit & Schneew.,Rubiaceae Relbunium ostenianum Standl.,(Standl.),218521-2,,,75(2)-e70119: 25,,,,,,,,,,,,12/05/2026 11:07,12/05/2026 11:07,,,Rubiaceae,Trichogalium ostenianum,Trichogalium ostenianum,Trichogalium,,f,f,,,,,,,,,,,,,,,,,,,,,,,,,,,,,35479-1,Taxon,urn:lsid:ipni.org:publications:812-2,2026,2026 [30 Mar 2026],[30 Mar 2026],Kadereit & Schneew.,spec.,Taxon 75(2)-e70119: 25. 2026 [30 Mar 2026] ,,doi:10.1002/tax.70119,,,11,ostenianum,,,f,t,,,,,,,Kadereit@14763-1@1@aut$Standl.@10019-1@3@bas$Schneew.@20008845-1@2@aut,,,comb. nov.,,1.1,f,trichogalium~ostenianum,rubiaceaetrichogalium~ostenianum~,,137,wfo-1000090190,,species,,,,,https://www.ipni.org/n/77379968-1,IPNI record: 77379968-1,Taxon 75(2)-e70119: 25 (2026)
urn:lsid:ipni.org:names:77379969-1,(Phil.) Kadereit & Schneew.,Rubiaceae Galium ovalleanum Phil.,(Phil.),107142-2,,,75(2)-e70119: 25,,,,,,,,,,,,12/05/2026 11:08,12/05/2026 11:08,,,Rubiaceae,Trichogalium ovalleanum,Trichogalium ovalleanum,Trichogalium,,f,f,,,,,,,,,,,,,,,,,,,,,,,,,,,,,35479-1,Taxon,urn:lsid:ipni.org:publications:812-2,2026,2026 [30 Mar 2026],[30 Mar 2026],Kadereit & Schneew.,spec.,Taxon 75(2)-e70119: 25. 2026 [30 Mar 2026] ,,doi:10.1002/tax.70119,,,11,ovalleanum,,,f,t,,,,,,,Phil.@12735-1@3@bas$Kadereit@14763-1@1@aut$Schneew.@20008845-1@2@aut,,,comb. nov.,,1.1,f,trichogalium~ovalleanum,rubiaceaetrichogalium~ovalleanum~,,138,wfo-1000090191,,species,,,,,https://www.ipni.org/n/77379969-1,IPNI record: 77379969-1,Taxon 75(2)-e70119: 25 (2026)
urn:lsid:ipni.org:names:77379970-1,(Hilend & J.T.Howell) Kadereit & Schneew.,Rubiaceae Galium parishii Hilend & J.T.Howell,(Hilend & J.T.Howell),107143-2,,,75(2)-e70119: 25,,,,,,,,,,,,12/05/2026 11:11,12/05/2026 11:11,,,Rubiaceae,Trichogalium parishii,Trichogalium parishii,Trichogalium,,f,f,,,,,,,,,,,,,,,,,,,,,,,,,,,,,35479-1,Taxon,urn:lsid:ipni.org:publications:812-2,2026,2026 [30 Mar 2026],[30 Mar 2026],Kadereit & Schneew.,spec.,Taxon 75(2)-e70119: 25. 2026 [30 Mar 2026] ,,doi:10.1002/tax.70119,,,11,parishii,,,f,t,,,,,,,J.T.Howell@4163-1@4@bas$Hilend@3941-1@3@bas$Schneew.@20008845-1@2@aut$Kadereit@14763-1@1@aut,,,comb. nov.,,1.1,f,trichogalium~parishii,rubiaceaetrichogalium~parishii~,,139,wfo-1000090192,,species,,,,,https://www.ipni.org/n/77379970-1,IPNI record: 77379970-1,Taxon 75(2)-e70119: 25 (2026)
urn:lsid:ipni.org:names:77379971-1,(Standl.) Kadereit & Schneew.,Rubiaceae Relbunium paulense Standl.,(Standl.),218524-2,,,75(2)-e70119: 25,,,,,,,,,,,,12/05/2026 11:12,12/05/2026 11:12,,,Rubiaceae,Trichogalium paulense,Trichogalium paulense,Trichogalium,,f,f,,,,,,,,,,,,,,,,,,,,,,,,,,,,,35479-1,Taxon,urn:lsid:ipni.org:publications:812-2,2026,2026 [30 Mar 2026],[30 Mar 2026],Kadereit & Schneew.,spec.,Taxon 75(2)-e70119: 25. 2026 [30 Mar 2026] ,,doi:10.1002/tax.70119,,,11,paulense,,,f,t,,,,,,,Standl.@10019-1@3@bas$Schneew.@20008845-1@2@aut$Kadereit@14763-1@1@aut,,,comb. nov.,,1.1,f,trichogalium~paulense,rubiaceaetrichogalium~paulense~,,140,wfo-1000090193,,species,,,,,https://www.ipni.org/n/77379971-1,IPNI record: 77379971-1,Taxon 75(2)-e70119: 25 (2026)
urn:lsid:ipni.org:names:77379972-1,(Greenm.) Kadereit & Schneew.,Rubiaceae Galium pendulum Greenm.,(Greenm.),107146-2,,,75(2)-e70119: 25,,,,,,,,,,,,12/05/2026 11:13,12/05/2026 11:13,,,Rubiaceae,Trichogalium pendulum,Trichogalium pendulum,Trichogalium,,f,f,,,,,,,,,,,,,,,,,,,,,,,,,,,,,35479-1,Taxon,urn:lsid:ipni.org:publications:812-2,2026,2026 [30 Mar 2026],[30 Mar 2026],Kadereit & Schneew.,spec.,Taxon 75(2)-e70119: 25. 2026 [30 Mar 2026] ,,doi:10.1002/tax.70119,,,11,pendulum,,,f,t,,,,,,,Kadereit@14763-1@1@aut$Schneew.@20008845-1@2@aut$Greenm.@3368-1@3@bas,,,comb. nov.,,1.1,f,trichogalium~pendulum,rubiaceaetrichogalium~pendulum~,,141,wfo-1000090194,,species,,,,,https://www.ipni.org/n/77379972-1,IPNI record: 77379972-1,Taxon 75(2)-e70119: 25 (2026)
urn:lsid:ipni.org:names:77379973-1,(Dempster) Kadereit & Schneew.,Rubiaceae Galium pennellii Dempster,(Dempster),750407-1,,,75(2)-e70119: 25,,,,,,,,,,,,12/05/2026 11:14,12/05/2026 11:14,,,Rubiaceae,Trichogalium pennellii,Trichogalium pennellii,Trichogalium,,f,f,,,,,,,,,,,,,,,,,,,,,,,,,,,,,35479-1,Taxon,urn:lsid:ipni.org:publications:812-2,2026,2026 [30 Mar 2026],[30 Mar 2026],Kadereit & Schneew.,spec.,Taxon 75(2)-e70119: 25. 2026 [30 Mar 2026] ,,doi:10.1002/tax.70119,,,11,pennellii,,,f,t,,,,,,,Kadereit@14763-1@1@aut$Schneew.@20008845-1@2@aut$Dempster@13058-1@3@bas,,,comb. nov.,,1.1,f,trichogalium~pennellii,rubiaceaetrichogalium~pennellii~,,142,wfo-1000090195,,species,,,,,https://www.ipni.org/n/77379973-1,IPNI record: 77379973-1,Taxon 75(2)-e70119: 25 (2026)
urn:lsid:ipni.org:names:77379974-1,(Dempster & Ehrend.) Kadereit & Schneew.,Rubiaceae Galium peruvianum Dempster & Ehrend.,(Dempster & Ehrend.),107148-2,,,75(2)-e70119: 25,,,,,,,,,,,,12/05/2026 11:15,12/05/2026 11:15,,,Rubiaceae,Trichogalium peruvianum,Trichogalium peruvianum,Trichogalium,,f,f,,,,,,,,,,,,,,,,,,,,,,,,,,,,,35479-1,Taxon,urn:lsid:ipni.org:publications:812-2,2026,2026 [30 Mar 2026],[30 Mar 2026],Kadereit & Schneew.,spec.,Taxon 75(2)-e70119: 25. 2026 [30 Mar 2026] ,,doi:10.1002/tax.70119,,,11,peruvianum,,,f,t,,,,,,,Schneew.@20008845-1@2@aut$Kadereit@14763-1@1@aut$Ehrend.@2483-1@4@bas$Dempster@13058-1@3@bas,,,comb. nov.,,1.1,f,trichogalium~peruvianum,rubiaceaetrichogalium~peruvianum~,,143,wfo-1000090196,,species,,,,,https://www.ipni.org/n/77379974-1,IPNI record: 77379974-1,Taxon 75(2)-e70119: 25 (2026)
urn:lsid:ipni.org:names:77379975-1,(Dempster) Kadereit & Schneew.,Rubiaceae Galium philippianum Dempster,(Dempster),107150-2,,,75(2)-e70119: 25,,,,,,,,,,,,12/05/2026 11:16,12/05/2026 11:16,,,Rubiaceae,Trichogalium philippianum,Trichogalium philippianum,Trichogalium,,f,f,,,,,,,,,,,,,,,,,,,,,,,,,,,,,35479-1,Taxon,urn:lsid:ipni.org:publications:812-2,2026,2026 [30 Mar 2026],[30 Mar 2026],Kadereit & Schneew.,spec.,Taxon 75(2)-e70119: 25. 2026 [30 Mar 2026] ,,doi:10.1002/tax.70119,,,11,philippianum,,,f,t,,,,,,,Dempster@13058-1@3@bas$Schneew.@20008845-1@2@aut$Kadereit@14763-1@1@aut,,,comb. nov.,,1.1,f,trichogalium~philippianum,rubiaceaetrichogalium~philippianum~,,144,wfo-1000090197,,species,,,,,https://www.ipni.org/n/77379975-1,IPNI record: 77379975-1,Taxon 75(2)-e70119: 25 (2026)
urn:lsid:ipni.org:names:77379976-1,(Aiton) Kadereit & Schneew.,Rubiaceae Galium pilosum Aiton,(Aiton),750432-1,,,75(2)-e70119: 25,,,,,,,,,,,,12/05/2026 11:17,12/05/2026 11:17,,,Rubiaceae,Trichogalium pilosum,Trichogalium pilosum,Trichogalium,,f,f,,,,,,,,,,,,,,,,,,,,,,,,,,,,,35479-1,Taxon,urn:lsid:ipni.org:publications:812-2,2026,2026 [30 Mar 2026],[30 Mar 2026],Kadereit & Schneew.,spec.,Taxon 75(2)-e70119: 25. 2026 [30 Mar 2026] ,,doi:10.1002/tax.70119,,,11,pilosum,,,f,t,,,,,,,Schneew.@20008845-1@2@aut$Aiton@110-1@3@bas$Kadereit@14763-1@1@aut,,,comb. nov.,,1.1,f,trichogalium~pilosum,rubiaceaetrichogalium~pilosum~,,145,wfo-1000090198,,species,,,,,https://www.ipni.org/n/77379976-1,IPNI record: 77379976-1,Taxon 75(2)-e70119: 25 (2026)
urn:lsid:ipni.org:names:77379977-1,(Rusby) Kadereit & Schneew.,Rubiaceae Galium plumosum Rusby,(Rusby),107155-2,,,75(2)-e70119: 25,,,,,,,,,,,,12/05/2026 11:20,12/05/2026 11:20,,,Rubiaceae,Trichogalium plumosum,Trichogalium plumosum,Trichogalium,,f,f,,,,,,,,,,,,,,,,,,,,,,,,,,,,,35479-1,Taxon,urn:lsid:ipni.org:publications:812-2,2026,2026 [30 Mar 2026],[30 Mar 2026],Kadereit & Schneew.,spec.,Taxon 75(2)-e70119: 25. 2026 [30 Mar 2026] ,,doi:10.1002/tax.70119,,,11,plumosum,,,f,t,,,,,,,Rusby@8747-1@3@bas$Kadereit@14763-1@1@aut$Schneew.@20008845-1@2@aut,,,comb. nov.,,1.1,f,trichogalium~plumosum,rubiaceaetrichogalium~plumosum~,,146,wfo-1000090199,,species,,,,,https://www.ipni.org/n/77379977-1,IPNI record: 77379977-1,Taxon 75(2)-e70119: 25 (2026)
urn:lsid:ipni.org:names:77379979-1,(I.Thomps.) Kadereit & Schneew.,Rubiaceae Galium polyanthum I.Thomps.,(I.Thomps.),77096376-1,,,75(2)-e70119: 25,,,,,,,,,,,,12/05/2026 11:23,12/05/2026 11:23,,,Rubiaceae,Trichogalium polyanthum,Trichogalium polyanthum,Trichogalium,,f,f,,,,,,,,,,,,,,,,,,,,,,,,,,,,,35479-1,Taxon,urn:lsid:ipni.org:publications:812-2,2026,2026 [30 Mar 2026],[30 Mar 2026],Kadereit & Schneew.,spec.,Taxon 75(2)-e70119: 25. 2026 [30 Mar 2026] ,,doi:10.1002/tax.70119,,,11,polyanthum,,,f,t,,,,,,,Schneew.@20008845-1@2@aut$I.Thomps.@37433-1@3@bas$Kadereit@14763-1@1@aut,,,comb. nov.,,1.1,f,trichogalium~polyanthum,rubiaceaetrichogalium~polyanthum~,,147,wfo-1000090200,,species,,,,,https://www.ipni.org/n/77379979-1,IPNI record: 77379979-1,Taxon 75(2)-e70119: 25 (2026)
urn:lsid:ipni.org:names:77379980-1,(Hemsl.) Kadereit & Schneew.,Rubiaceae Relbunium polyplocum Hemsl.,(Hemsl.),764535-1,,,75(2)-e70119: 25,,,,,,,,,,,,12/05/2026 11:24,12/05/2026 11:24,,,Rubiaceae,Trichogalium polyplocum,Trichogalium polyplocum,Trichogalium,,f,f,,,,,,,,,,,,,,,,,,,,,,,,,,,,,35479-1,Taxon,urn:lsid:ipni.org:publications:812-2,2026,2026 [30 Mar 2026],[30 Mar 2026],Kadereit & Schneew.,spec.,Taxon 75(2)-e70119: 25. 2026 [30 Mar 2026] ,,doi:10.1002/tax.70119,,,11,polyplocum,,,f,t,,,,,,,Schneew.@20008845-1@2@aut$Hemsl.@3825-1@3@bas$Kadereit@14763-1@1@aut,,,comb. nov.,,1.1,f,trichogalium~polyplocum,rubiaceaetrichogalium~polyplocum~,,148,wfo-1000090201,,species,,,,,https://www.ipni.org/n/77379980-1,IPNI record: 77379980-1,Taxon 75(2)-e70119: 25 (2026)
urn:lsid:ipni.org:names:77379981-1,(Dempster) Kadereit & Schneew.,Rubiaceae Galium porrigens Dempster,(Dempster),296179-2,,,75(2)-e70119: 25,,,,,,,,,,,,12/05/2026 11:25,12/05/2026 11:25,,,Rubiaceae,Trichogalium porrigens,Trichogalium porrigens,Trichogalium,,f,f,,,,,,,,,,,,,,,,,,,,,,,,,,,,,35479-1,Taxon,urn:lsid:ipni.org:publications:812-2,2026,2026 [30 Mar 2026],[30 Mar 2026],Kadereit & Schneew.,spec.,Taxon 75(2)-e70119: 25. 2026 [30 Mar 2026] ,,doi:10.1002/tax.70119,,,11,porrigens,,,f,t,,,,,,,Schneew.@20008845-1@2@aut$Kadereit@14763-1@1@aut$Dempster@13058-1@3@bas,,,comb. nov.,,1.1,f,trichogalium~porrigens,rubiaceaetrichogalium~porrigens~,,149,wfo-1000090202,,species,,,,,https://www.ipni.org/n/77379981-1,IPNI record: 77379981-1,Taxon 75(2)-e70119: 25 (2026)
urn:lsid:ipni.org:names:77379982-1,(Greenm.) Kadereit & Schneew.,Rubiaceae Galium praetermissum Greenm.,(Greenm.),107158-2,,,75(2)-e70119: 25,,,,,,,,,,,,12/05/2026 11:26,12/05/2026 11:26,,,Rubiaceae,Trichogalium praetermissum,Trichogalium praetermissum,Trichogalium,,f,f,,,,,,,,,,,,,,,,,,,,,,,,,,,,,35479-1,Taxon,urn:lsid:ipni.org:publications:812-2,2026,2026 [30 Mar 2026],[30 Mar 2026],Kadereit & Schneew.,spec.,Taxon 75(2)-e70119: 25. 2026 [30 Mar 2026] ,,doi:10.1002/tax.70119,,,11,praetermissum,,,f,t,,,,,,,Greenm.@3368-1@3@bas$Schneew.@20008845-1@2@aut$Kadereit@14763-1@1@aut,,,comb. nov.,,1.1,f,trichogalium~praetermissum,rubiaceaetrichogalium~praetermissum~,,150,wfo-1000090203,,species,,,,,https://www.ipni.org/n/77379982-1,IPNI record: 77379982-1,Taxon 75(2)-e70119: 25 (2026)
urn:lsid:ipni.org:names:77379983-1,(Greenm.) Kadereit & Schneew.,Rubiaceae Galium pringlei Greenm.,(Greenm.),107159-2,,,75(2)-e70119: 25,,,,,,,,,,,,12/05/2026 11:27,12/05/2026 11:27,,,Rubiaceae,Trichogalium pringlei,Trichogalium pringlei,Trichogalium,,f,f,,,,,,,,,,,,,,,,,,,,,,,,,,,,,35479-1,Taxon,urn:lsid:ipni.org:publications:812-2,2026,2026 [30 Mar 2026],[30 Mar 2026],Kadereit & Schneew.,spec.,Taxon 75(2)-e70119: 25. 2026 [30 Mar 2026] ,,doi:10.1002/tax.70119,,,11,pringlei,,,f,t,,,,,,,Schneew.@20008845-1@2@aut$Kadereit@14763-1@1@aut$Greenm.@3368-1@3@bas,,,comb. nov.,,1.1,f,trichogalium~pringlei,rubiaceaetrichogalium~pringlei~,,151,wfo-1000090204,,species,,,,,https://www.ipni.org/n/77379983-1,IPNI record: 77379983-1,Taxon 75(2)-e70119: 25 (2026)
urn:lsid:ipni.org:names:77379984-1,(A.Gray) Kadereit & Schneew.,Rubiaceae Galium proliferum A.Gray,(A.Gray),750459-1,,,75(2)-e70119: 25,,,,,,,,,,,,12/05/2026 11:28,12/05/2026 11:28,,,Rubiaceae,Trichogalium proliferum,Trichogalium proliferum,Trichogalium,,f,f,,,,,,,,,,,,,,,,,,,,,,,,,,,,,35479-1,Taxon,urn:lsid:ipni.org:publications:812-2,2026,2026 [30 Mar 2026],[30 Mar 2026],Kadereit & Schneew.,spec.,Taxon 75(2)-e70119: 25. 2026 [30 Mar 2026] ,,doi:10.1002/tax.70119,,,11,proliferum,,,f,t,,,,,,,Schneew.@20008845-1@2@aut$A.Gray@19574-1@3@bas$Kadereit@14763-1@1@aut,,,comb. nov.,,1.1,f,trichogalium~proliferum,rubiaceaetrichogalium~proliferum~,,152,wfo-1000090205,,species,,,,,https://www.ipni.org/n/77379984-1,IPNI record: 77379984-1,Taxon 75(2)-e70119: 25 (2026)
urn:lsid:ipni.org:names:77379985-1,(A.Cunn.) Kadereit & Schneew.,Rubiaceae Galium propinquum A.Cunn.,(A.Cunn.),750460-1,,,75(2)-e70119: 25,,,,,,,,,,,,12/05/2026 11:29,12/05/2026 11:29,,,Rubiaceae,Trichogalium propinquum,Trichogalium propinquum,Trichogalium,,f,f,,,,,,,,,,,,,,,,,,,,,,,,,,,,,35479-1,Taxon,urn:lsid:ipni.org:publications:812-2,2026,2026 [30 Mar 2026],[30 Mar 2026],Kadereit & Schneew.,spec.,Taxon 75(2)-e70119: 25. 2026 [30 Mar 2026] ,,doi:10.1002/tax.70119,,,11,propinquum,,,f,t,,,,,,,A.Cunn.@1916-1@3@bas$Schneew.@20008845-1@2@aut$Kadereit@14763-1@1@aut,,,comb. nov.,,1.1,f,trichogalium~propinquum,rubiaceaetrichogalium~propinquum~,,153,wfo-1000090206,,species,,,,,https://www.ipni.org/n/77379985-1,IPNI record: 77379985-1,Taxon 75(2)-e70119: 25 (2026)
urn:lsid:ipni.org:names:77379986-1,(Standl.) Kadereit & Schneew.,Rubiaceae Galium pumilio Standl.,(Standl.),750494-1,,,75(2)-e70119: 25,,,,,,,,,,,,12/05/2026 11:30,13/05/2026 11:41,,,Rubiaceae,Trichogalium pumilio,Trichogalium pumilio,Trichogalium,,f,f,,,,,,,,,,,,,,,,,,,,,,,,,,,,,35479-1,Taxon,urn:lsid:ipni.org:publications:812-2,2026,2026 [30 Mar 2026],[30 Mar 2026],Kadereit & Schneew.,spec.,Taxon 75(2)-e70119: 25. 2026 [30 Mar 2026] ,,doi:10.1002/tax.70119,,,11,pumilio,,,f,t,,,,,,,Standl.@10019-1@3@bas$Kadereit@14763-1@1@aut$Schneew.@20008845-1@2@aut,,,comb. nov.,,1.2,f,trichogalium~pumilio,rubiaceaetrichogalium~pumilio~,,154,wfo-1000090207,,species,,,,,https://www.ipni.org/n/77379986-1,IPNI record: 77379986-1,Taxon 75(2)-e70119: 25 (2026)
urn:lsid:ipni.org:names:77379987-1,DC.,,,,,,2: 589,,,,,,,,,,,,12/05/2026 13:03,18/05/2026 06:32,,,Brassicaceae,Brassica campestris subvar. praecox,Brassica campestris subvar. praecox,Brassica,,f,f,,,,,praecox,,,,,,,,,,,,,,,,,,,,,,,,30076075-2,Syst. Nat.,urn:lsid:ipni.org:publications:8273-2,1821,1821 [May 1821],[May 1821],DC.,subvar.,Syst. Nat. 2: 589. 1821 [May 1821] ,,Brief description alongiside subvar. autumnalis on p 590?,,,8,campestris,L.,,f,t,,,,,,,DC.@16855-1@1@aut,L.@12653-1@1@aut,,tax. nov.,,1.4,f,brassica~campestrispraecox,brassicaceaebrassica~campestrispraecox,,155,wfo-0000570974,,subvariety,,,,,https://www.ipni.org/n/77379987-1,IPNI record: 77379987-1,Syst. Nat. 2: 589 (1821)
urn:lsid:ipni.org:names:77379988-1,DC.,,,,,,2: 589,,,,,,,,,,,,12/05/2026 13:06,18/05/2026 06:32,,,Brassicaceae,Brassica campestris subvar. autumnalis,Brassica campestris subvar. autumnalis,Brassica,,f,f,,,,,autumnalis,,,,,,,,,,,,,,,,,,,,,,,,30076075-2,Syst. Nat.,urn:lsid:ipni.org:publications:8273-2,1821,1821 [May 1821],[May 1821],DC.,subvar.,Syst. Nat. 2: 589. 1821 [May 1821] ,,Brief description on p 590,,,8,campestris,L.,,f,t,,,,,,,DC.@16855-1@1@aut,L.@12653-1@1@aut,,tax. nov.,,1.4,f,brassica~campestrisautumnalis,brassicaceaebrassica~campestrisautumnalis,,156,wfo-0000570946,,subvariety,,,,,https://www.ipni.org/n/77379988-1,IPNI record: 77379988-1,Syst. Nat. 2: 589 (1821)
urn:lsid:ipni.org:names:77379989-1,"Bo Wang, Q.W.Sun & S.Z.He",,,,,,756(1): 19,,28,,6,,wb-202206029,2022,,Bo Wang,,,12/05/2026 13:31,12/05/2026 13:31,"Guizhou (China South-Central, China, Asia-Temperate)",E,Convallariaceae,Aspidistra wangmoensis,Aspidistra wangmoensis,Aspidistra,,f,f,,,,,,,,25,,49,"Wangmo County, Zhexiang town, ca. 738 m",106,7,21,,,,,,N,,,,,,,,,24019-1,Phytotaxa,urn:lsid:ipni.org:publications:20011462-1,2026,2026 [12 May 2026],[12 May 2026],"Bo Wang, Q.W.Sun & S.Z.He",spec.,Phytotaxa 756(1): 19. 2026 [12 May 2026] ,,"doi:10.11646/phytotaxa.756.1.3 Etymology: 'The specific epithet is derived from the type locality, wangmo (Guizhou, China).'",,,11,wangmoensis,,,f,t,,holotype GZTM;isotype GZTM,,,,,Q.W.Sun@20016481-1@2@aut$S.Z.He@35905-1@3@aut$Bo Wang@20034991-1@1@aut,,,tax. nov.,,1.1,f,aspidistra~wangmoensis,convallariaceaeaspidistra~wangmoensis~,,157,wfo-1000090208,,species,,,,,https://www.ipni.org/n/77379989-1,IPNI record: 77379989-1,Phytotaxa 756(1): 19 (2026)
urn:lsid:ipni.org:names:77379990-1,Rentería,,,,,,5(2): 97,,1,,3,,797,1852,,Schlim,,,12/05/2026 16:19,13/05/2026 09:48,"Colombia (Western South America, Southern America);Venezuela (Northern South America, Southern America);",,Anacardiaceae,Mauria amaliae,Mauria amaliae,Mauria,,f,f,,,,,,,,,,,Colombia. Magdalena. Sierra Nevada de Santa Marta,,,,,,,,,,,,,,,,,,1849-1,Revista BioEtnia,urn:lsid:ipni.org:publications:20064255-1,2008,2008,,Rentería,spec.,Revista BioEtnia 5(2): 97. 2008 ,,doi:10.51641/bioetnia.v5i2  Etymology: the specific epithet is dedicated to Colombian botanist Amalia Cruz Cecilia Estrad.,,,11,amaliae,,,f,t,,holotype BR;isotype G;isotype K,,,,,Rentería@20019188-2@1@aut,,,tax. nov.,,1.4,f,mauria~amaliae,anacardiaceaemauria~amaliae~,,158,wfo-1000090209,,species,,,,,https://www.ipni.org/n/77379990-1,IPNI record: 77379990-1,Revista BioEtnia 5(2): 97 (2008)
urn:lsid:ipni.org:names:77379991-1,Rentería,,,,,,5(2): 99,,9,,4,,7695,1944,,Litte,,,12/05/2026 16:22,13/05/2026 09:51,"Colombia (Western South America, Southern America);Venezuela (Northern South America, Southern America);",,Anacardiaceae,Mauria amaliae subsp. huilae,Mauria amaliae subsp. huilae,Mauria,,f,f,,,,,huilae,,,,,,Colombia. Huila: San Agustín,,,,,,,,,,,,,,,,,,77379990-1,Revista BioEtnia,urn:lsid:ipni.org:publications:20064255-1,2008,2008,,Rentería,subsp.,Revista BioEtnia 5(2): 99. 2008 ,,doi:10.51641/bioetnia.v5i2 Etymology: the infraspecific epithet refers to the department of Huila.,,,11,amaliae,Rentería,,f,t,,holotype COL;isotype US,,,,,Rentería@20019188-2@1@aut,Rentería@0-0@1@aut,,tax. nov.,,1.3,f,mauria~amaliaehuilae,anacardiaceaemauria~amaliaehuilae,,159,wfo-1200118568,,subspecies,,,,,https://www.ipni.org/n/77379991-1,IPNI record: 77379991-1,Revista BioEtnia 5(2): 99 (2008)
urn:lsid:ipni.org:names:77379992-1,S.R.Dutta,,,,,,"36, Photogrs.",,,,1,,SD26002,2026,,S. R. Dutta,,,12/05/2026 19:58,24/05/2026 17:44,"Maharashtra (India, Indian Subcontinent, Asia-Tropical)",E,Moringaceae,Moringa oleifera var. davnae,Moringa oleifera var. davnae,Moringa,,f,f,,,,,davnae,,,20,3,34,"Palgha District: Lilakpada, Kainad, alt. 36 m",72,46,6,,,,,,N,,,,,,,,,584736-1,Beyond Tarpa,urn:lsid:ipni.org:publications:20064254-1,2026,2026 [22 Mai 2026],[22 Mai 2026],S.R.Dutta,var.,"Beyond Tarpa 36, Photogrs. 2026 [22 Mai 2026] ",,Etymology: varietal epithet 'davnae' is derived from the local name 'Davna'. (english),,,11,oleifera,Lam.,,f,t,,holotype BLAT,,,,,S.R.Dutta@38523-1@1@aut,Lam.@5227-1@1@aut,,tax. nov.,,1.2,f,moringa~oleiferadavnae,moringaceaemoringa~oleiferadavnae,,160,wfo-1200118569,,variety,,,,,https://www.ipni.org/n/77379992-1,IPNI record: 77379992-1,"Beyond Tarpa 36, Photogrs. (2026)"
urn:lsid:ipni.org:names:77379993-1,"Kitan., Penev & Vyhodc.",,,,,,131,,,,,,,,,,,,13/05/2026 08:21,13/05/2026 10:04,,,Caryophyllaceae,Silene lerchenfeldiana var. intermedia,Silene lerchenfeldiana var. intermedia,Silene,,f,f,,,,,intermedia,,,,,,,,,,,,,,,,,,,,,,,,157663-1,"God. Sofiisk. Univ. Biol.-Geol.-Geogr. Fak., 1, Biol. Bot.",urn:lsid:ipni.org:publications:16736-2,1960,1960,,"Kitan., Penev & Vyhodc.",var.,"God. Sofiisk. Univ. Biol.-Geol.-Geogr. Fak., 1, Biol. Bot. 131. 1960 ",,Name added via registration. Protologue not seen by the IPNI editors. If you have access to the protologue please email a copy to us via the 'contact us' link at the top of the page.,,,8,lerchenfeldiana,Baumg.,,f,t,,,,,,,Kitan.@12610-1@1@aut$Penev@7484-1@2@aut$Vyhodcevski@20098593-1@3@aut,Baumg.@0-0@1@aut,,tax. nov.,,1.4,f,silene~lerchenfeldianaintermedia,caryophyllaceaesilene~lerchenfeldianaintermedia,,161,wfo-1200118570,,variety,,,,,https://www.ipni.org/n/77379993-1,IPNI record: 77379993-1,"God. Sofiisk. Univ. Biol.-Geol.-Geogr. Fak., 1, Biol. Bot. 131 (1960)"
urn:lsid:ipni.org:names:77379994-1,(Dempster) Kadereit & Schneew.,Rubiaceae Galium quichense Dempster,(Dempster),107169-2,,,75(2)-e70119: 25,,,,,,,,,,,,13/05/2026 11:42,13/05/2026 11:42,,,Rubiaceae,Trichogalium quichense,Trichogalium quichense,Trichogalium,,f,f,,,,,,,,,,,,,,,,,,,,,,,,,,,,,35479-1,Taxon,urn:lsid:ipni.org:publications:812-2,2026,2026 [30 Mar 2026],[30 Mar 2026],Kadereit & Schneew.,spec.,Taxon 75(2)-e70119: 25. 2026 [30 Mar 2026] ,,doi:10.1002/tax.70119,,,11,quichense,,,f,t,,,,,,,Kadereit@14763-1@1@aut$Schneew.@20008845-1@2@aut$Dempster@13058-1@3@bas,,,comb. nov.,,1.1,f,trichogalium~quichense,rubiaceaetrichogalium~quichense~,,162,wfo-1000090210,,species,,,,,https://www.ipni.org/n/77379994-1,IPNI record: 77379994-1,Taxon 75(2)-e70119: 25 (2026)
urn:lsid:ipni.org:names:77379995-1,(Dempster) Kadereit & Schneew.,Rubiaceae Galium ramboi Dempster,(Dempster),939099-1,,,75(2)-e70119: 25,,,,,,,,,,,,13/05/2026 11:51,13/05/2026 11:51,,,Rubiaceae,Trichogalium ramboi,Trichogalium ramboi,Trichogalium,,f,f,,,,,,,,,,,,,,,,,,,,,,,,,,,,,35479-1,Taxon,urn:lsid:ipni.org:publications:812-2,2026,2026 [30 Mar 2026],[30 Mar 2026],Kadereit & Schneew.,spec.,Taxon 75(2)-e70119: 25. 2026 [30 Mar 2026] ,,doi:10.1002/tax.70119,,,11,ramboi,,,f,t,,,,,,,Dempster@13058-1@3@bas$Schneew.@20008845-1@2@aut$Kadereit@14763-1@1@aut,,,comb. nov.,,1.1,f,trichogalium~ramboi,rubiaceaetrichogalium~ramboi~,,163,wfo-1000090211,,species,,,,,https://www.ipni.org/n/77379995-1,IPNI record: 77379995-1,Taxon 75(2)-e70119: 25 (2026)
urn:lsid:ipni.org:names:77379996-1,(Dempster) Kadereit & Schneew.,Rubiaceae Galium reynoldsii Dempster,(Dempster),107172-2,,,75(2)-e70119: 25,,,,,,,,,,,,13/05/2026 11:52,13/05/2026 11:52,,,Rubiaceae,Trichogalium reynoldsii,Trichogalium reynoldsii,Trichogalium,,f,f,,,,,,,,,,,,,,,,,,,,,,,,,,,,,35479-1,Taxon,urn:lsid:ipni.org:publications:812-2,2026,2026 [30 Mar 2026],[30 Mar 2026],Kadereit & Schneew.,spec.,Taxon 75(2)-e70119: 25. 2026 [30 Mar 2026] ,,doi:10.1002/tax.70119,,,11,reynoldsii,,,f,t,,,,,,,Kadereit@14763-1@1@aut$Schneew.@20008845-1@2@aut$Dempster@13058-1@3@bas,,,comb. nov.,,1.1,f,trichogalium~reynoldsii,rubiaceaetrichogalium~reynoldsii~,,164,wfo-1000090212,,species,,,,,https://www.ipni.org/n/77379996-1,IPNI record: 77379996-1,Taxon 75(2)-e70119: 25 (2026)
urn:lsid:ipni.org:names:77379997-1,(Gillies ex Hook. & Arn.) Kadereit & Schneew.,Rubiaceae Rubia richardiana Gillies ex Hook. & Arn.,(Gillies ex Hook. & Arn.),765337-1,,,75(2)-e70119: 25,,,,,,,,,,,,13/05/2026 11:53,13/05/2026 11:53,,,Rubiaceae,Trichogalium richardianum,Trichogalium richardianum,Trichogalium,,f,f,,,,,,,,,,,,,,,,,,,,,,,,,,,,,35479-1,Taxon,urn:lsid:ipni.org:publications:812-2,2026,2026 [30 Mar 2026],[30 Mar 2026],Kadereit & Schneew.,spec.,Taxon 75(2)-e70119: 25. 2026 [30 Mar 2026] ,,doi:10.1002/tax.70119,,,11,richardianum,,,f,t,,,,,,,Arn.@281-1@5@basEx$Hook.@4086-1@4@basEx$Schneew.@20008845-1@2@aut$Gillies@19349-1@3@bas$Kadereit@14763-1@1@aut,,,comb. nov.,,1.1,f,trichogalium~richardianum,rubiaceaetrichogalium~richardianum~,,165,wfo-1000090213,,species,,,,,https://www.ipni.org/n/77379997-1,IPNI record: 77379997-1,Taxon 75(2)-e70119: 25 (2026)
urn:lsid:ipni.org:names:77379998-1,(Ehrend. & McGill.) Kadereit & Schneew.,Rubiaceae Galium roddii Ehrend. & McGill.,(Ehrend. & McGill.),902082-1,,,75(2)-e70119: 25,,,,,,,,,,,,13/05/2026 11:54,13/05/2026 11:54,,,Rubiaceae,Trichogalium roddii,Trichogalium roddii,Trichogalium,,f,f,,,,,,,,,,,,,,,,,,,,,,,,,,,,,35479-1,Taxon,urn:lsid:ipni.org:publications:812-2,2026,2026 [30 Mar 2026],[30 Mar 2026],Kadereit & Schneew.,spec.,Taxon 75(2)-e70119: 25. 2026 [30 Mar 2026] ,,doi:10.1002/tax.70119,,,11,roddii,,,f,t,,,,,,,Ehrend.@2483-1@3@bas$Kadereit@14763-1@1@aut$McGill.@5918-1@4@bas$Schneew.@20008845-1@2@aut,,,comb. nov.,,1.1,f,trichogalium~roddii,rubiaceaetrichogalium~roddii~,,166,wfo-1000090214,,species,,,,,https://www.ipni.org/n/77379998-1,IPNI record: 77379998-1,Taxon 75(2)-e70119: 25 (2026)
urn:lsid:ipni.org:names:77379999-1,(Dempster) Kadereit & Schneew.,Rubiaceae Galium rubidiflorum Dempster,(Dempster),939096-1,,,75(2)-e70119: 25,,,,,,,,,,,,13/05/2026 11:56,13/05/2026 11:56,,,Rubiaceae,Trichogalium rubidiflorum,Trichogalium rubidiflorum,Trichogalium,,f,f,,,,,,,,,,,,,,,,,,,,,,,,,,,,,35479-1,Taxon,urn:lsid:ipni.org:publications:812-2,2026,2026 [30 Mar 2026],[30 Mar 2026],Kadereit & Schneew.,spec.,Taxon 75(2)-e70119: 25. 2026 [30 Mar 2026] ,,doi:10.1002/tax.70119,,,11,rubidiflorum,,,f,t,,,,,,,Kadereit@14763-1@1@aut$Schneew.@20008845-1@2@aut$Dempster@13058-1@3@bas,,,comb. nov.,,1.1,f,trichogalium~rubidiflorum,rubiaceaetrichogalium~rubidiflorum~,,167,wfo-1000090215,,species,,,,,https://www.ipni.org/n/77379999-1,IPNI record: 77379999-1,Taxon 75(2)-e70119: 25 (2026)
urn:lsid:ipni.org:names:77380000-1,(L.) Kadereit & Schneew.,Rubiaceae Galium rubioides L.,(L.),750553-1,,,75(2)-e70119: 25,,,,,,,,,,,,13/05/2026 11:56,13/05/2026 11:56,,,Rubiaceae,Trichogalium rubioides,Trichogalium rubioides,Trichogalium,,f,f,,,,,,,,,,,,,,,,,,,,,,,,,,,,,35479-1,Taxon,urn:lsid:ipni.org:publications:812-2,2026,2026 [30 Mar 2026],[30 Mar 2026],Kadereit & Schneew.,spec.,Taxon 75(2)-e70119: 25. 2026 [30 Mar 2026] ,,doi:10.1002/tax.70119,,,11,rubioides,,,f,t,,,,,,,Kadereit@14763-1@1@aut$Schneew.@20008845-1@2@aut$L.@12653-1@3@bas,,,comb. nov.,,1.1,f,trichogalium~rubioides,rubiaceaetrichogalium~rubioides~,,168,wfo-1000090216,,species,,,,,https://www.ipni.org/n/77380000-1,IPNI record: 77380000-1,Taxon 75(2)-e70119: 25 (2026)
urn:lsid:ipni.org:names:77380001-1,W.C.Cheng & S.Y.Chang,,,,,,8(1): 1,,,,,,,,,,,,13/05/2026 11:57,13/05/2026 11:57,,,Calycanthaceae,Calycanthus sect. Sinocalycanthus,Calycanthus sect. Sinocalycanthus,Calycanthus,,f,f,,,,sinocalycanthus,,,,,,,,,,,nom. inval.    Contrary to Art. 40.2. ICN (2025). Type species not validly published.,,nom. inval.,,,,,,,,,,,,331448-2,Sci. Silvae Sin.,urn:lsid:ipni.org:publications:12114-2,1963,1963,,W.C.Cheng & S.Y.Chang,sect.,Sci. Silvae Sin. 8(1): 1. 1963 ,,,,,9,,,,f,t,,,,,,,S.Y.Chang@1521-1@2@aut$W.C.Cheng@1576-1@1@aut,,,tax. nov.,,1.1,f,calycanthussinocalycanthus,calycanthaceaecalycanthussinocalycanthus~~,,169,wfo-1000090217,,section,,,,,https://www.ipni.org/n/77380001-1,IPNI record: 77380001-1,Sci. Silvae Sin. 8(1): 1 (1963)
urn:lsid:ipni.org:names:77380002-1,(Gardner) Kadereit & Schneew.,Rubiaceae Rubia rupestris Gardner,(Gardner),765342-1,,,75(2)-e70119: 25,,,,,,,,,,,,13/05/2026 11:57,13/05/2026 11:57,,,Rubiaceae,Trichogalium rupestre,Trichogalium rupestre,Trichogalium,,f,f,,,,,,,,,,,,,,,,,,,,,,,,,,,,,35479-1,Taxon,urn:lsid:ipni.org:publications:812-2,2026,2026 [30 Mar 2026],[30 Mar 2026],Kadereit & Schneew.,spec.,Taxon 75(2)-e70119: 25. 2026 [30 Mar 2026] ,,doi:10.1002/tax.70119,,,11,rupestre,,,f,t,,,,,,,Schneew.@20008845-1@2@aut$Gardner@3026-1@3@bas$Kadereit@14763-1@1@aut,,,comb. nov.,,1.1,f,trichogalium~rupestre,rubiaceaetrichogalium~rupestre~,,170,wfo-1000090218,,species,,,,,https://www.ipni.org/n/77380002-1,IPNI record: 77380002-1,Taxon 75(2)-e70119: 25 (2026)
urn:lsid:ipni.org:names:77380003-1,(Ehrend.) Kadereit & Schneew.,Rubiaceae Galium rupifragum Ehrend.,(Ehrend.),60455157-2,,,75(2)-e70119: 25,,,,,,,,,,,,13/05/2026 11:58,13/05/2026 11:58,,,Rubiaceae,Trichogalium rupifragum,Trichogalium rupifragum,Trichogalium,,f,f,,,,,,,,,,,,,,,,,,,,,,,,,,,,,35479-1,Taxon,urn:lsid:ipni.org:publications:812-2,2026,2026 [30 Mar 2026],[30 Mar 2026],Kadereit & Schneew.,spec.,Taxon 75(2)-e70119: 25. 2026 [30 Mar 2026] ,,doi:10.1002/tax.70119,,,11,rupifragum,,,f,t,,,,,,,Kadereit@14763-1@1@aut$Schneew.@20008845-1@2@aut$Ehrend.@2483-1@3@bas,,,comb. nov.,,1.1,f,trichogalium~rupifragum,rubiaceaetrichogalium~rupifragum~,,171,wfo-1000090219,,species,,,,,https://www.ipni.org/n/77380003-1,IPNI record: 77380003-1,Taxon 75(2)-e70119: 25 (2026)
urn:lsid:ipni.org:names:77380004-1,(Dempster) Kadereit & Schneew.,Rubiaceae Galium rzedowskii Dempster,(Dempster),107181-2,,,75(2)-e70119: 25,,,,,,,,,,,,13/05/2026 12:00,13/05/2026 12:00,,,Rubiaceae,Trichogalium rzedowskii,Trichogalium rzedowskii,Trichogalium,,f,f,,,,,,,,,,,,,,,,,,,,,,,,,,,,,35479-1,Taxon,urn:lsid:ipni.org:publications:812-2,2026,2026 [30 Mar 2026],[30 Mar 2026],Kadereit & Schneew.,spec.,Taxon 75(2)-e70119: 25. 2026 [30 Mar 2026] ,,doi:10.1002/tax.70119,,,11,rzedowskii,,,f,t,,,,,,,Dempster@13058-1@3@bas$Schneew.@20008845-1@2@aut$Kadereit@14763-1@1@aut,,,comb. nov.,,1.1,f,trichogalium~rzedowskii,rubiaceaetrichogalium~rzedowskii~,,172,wfo-1000090220,,species,,,,,https://www.ipni.org/n/77380004-1,IPNI record: 77380004-1,Taxon 75(2)-e70119: 25 (2026)
urn:lsid:ipni.org:names:77380005-1,(Hand.-Mazz.) Kadereit & Schneew.,Rubiaceae Galium salwinense Hand.-Mazz.,(Hand.-Mazz.),750580-1,,,75(2)-e70119: 25,,,,,,,,,,,,13/05/2026 12:01,13/05/2026 12:01,,,Rubiaceae,Trichogalium salwinense,Trichogalium salwinense,Trichogalium,,f,f,,,,,,,,,,,,,,,,,,,,,,,,,,,,,35479-1,Taxon,urn:lsid:ipni.org:publications:812-2,2026,2026 [30 Mar 2026],[30 Mar 2026],Kadereit & Schneew.,spec.,Taxon 75(2)-e70119: 25. 2026 [30 Mar 2026] ,,doi:10.1002/tax.70119,,,11,salwinense,,,f,t,,,,,,,Kadereit@14763-1@1@aut$Hand.-Mazz.@3612-1@3@bas$Schneew.@20008845-1@2@aut,,,comb. nov.,,1.1,f,trichogalium~salwinense,rubiaceaetrichogalium~salwinense~,,173,wfo-1000090221,,species,,,,,https://www.ipni.org/n/77380005-1,IPNI record: 77380005-1,Taxon 75(2)-e70119: 25 (2026)
urn:lsid:ipni.org:names:77380006-1,(Ehrend.) Kadereit & Schneew.,Rubiaceae Galium hypotrichium  subsp. scabriusculum Ehrend.,(Ehrend.),107069-2,,,75(2)-e70119: 25,,,,,,,,,,,,13/05/2026 12:02,13/05/2026 12:02,,,Rubiaceae,Trichogalium scabriusculum,Trichogalium scabriusculum,Trichogalium,,f,f,,,,,,,,,,,,,,,,,,,,,,,,,,,,,35479-1,Taxon,urn:lsid:ipni.org:publications:812-2,2026,2026 [30 Mar 2026],[30 Mar 2026],Kadereit & Schneew.,spec.,Taxon 75(2)-e70119: 25. 2026 [30 Mar 2026] ,,doi:10.1002/tax.70119,,,11,scabriusculum,,,f,t,,,,,,,Kadereit@14763-1@1@aut$Schneew.@20008845-1@2@aut$Ehrend.@2483-1@3@bas,,,comb. et stat. nov.,,1.1,f,trichogalium~scabriusculum,rubiaceaetrichogalium~scabriusculum~,,174,wfo-1000090222,,species,,,,,https://www.ipni.org/n/77380006-1,IPNI record: 77380006-1,Taxon 75(2)-e70119: 25 (2026)
urn:lsid:ipni.org:names:77380007-1,(L.) Kadereit & Schneew.,Rubiaceae Galium scabrum L.,(L.),750597-1,,,75(2)-e70119: 25,,,,,,,,,,,,13/05/2026 12:03,13/05/2026 12:03,,,Rubiaceae,Trichogalium scabrum,Trichogalium scabrum,Trichogalium,,f,f,,,,,,,,,,,,,,,,,,,,,,,,,,,,,35479-1,Taxon,urn:lsid:ipni.org:publications:812-2,2026,2026 [30 Mar 2026],[30 Mar 2026],Kadereit & Schneew.,spec.,Taxon 75(2)-e70119: 25. 2026 [30 Mar 2026] ,,doi:10.1002/tax.70119,,,11,scabrum,,,f,t,,,,,,,Kadereit@14763-1@1@aut$L.@12653-1@3@bas$Schneew.@20008845-1@2@aut,,,comb. nov.,,1.1,f,trichogalium~scabrum,rubiaceaetrichogalium~scabrum~,,175,wfo-1000090223,,species,,,,,https://www.ipni.org/n/77380007-1,IPNI record: 77380007-1,Taxon 75(2)-e70119: 25 (2026)
urn:lsid:ipni.org:names:77380008-1,(Greenm.) Kadereit & Schneew.,Rubiaceae Galium seatonii Greenm.,(Greenm.),107184-2,,,75(2)-e70119: 25,,,,,,,,,,,,13/05/2026 12:06,13/05/2026 12:06,,,Rubiaceae,Trichogalium seatonii,Trichogalium seatonii,Trichogalium,,f,f,,,,,,,,,,,,,,,,,,,,,,,,,,,,,35479-1,Taxon,urn:lsid:ipni.org:publications:812-2,2026,2026 [30 Mar 2026],[30 Mar 2026],Kadereit & Schneew.,spec.,"Taxon 75(2)-e70119: 25. 2026 [30 Mar 2026] , as 'seatoni'",", as 'seatoni'",doi:10.1002/tax.70119,,,11,seatonii,,,f,t,,,,,,,Greenm.@3368-1@3@bas$Schneew.@20008845-1@2@aut$Kadereit@14763-1@1@aut,,,comb. nov.,,1.1,f,trichogalium~seatonii,rubiaceaetrichogalium~seatonii~,,176,wfo-1000090224,,species,,,,,https://www.ipni.org/n/77380008-1,IPNI record: 77380008-1,Taxon 75(2)-e70119: 25 (2026)
urn:lsid:ipni.org:names:77380009-1,(Cham.) Kadereit & Schneew.,Rubiaceae Rubia sellowiana Cham.,(Cham.),765352-1,,,75(2)-e70119: 25,,,,,,,,,,,,13/05/2026 12:08,13/05/2026 12:08,,,Rubiaceae,Trichogalium sellowianum,Trichogalium sellowianum,Trichogalium,,f,f,,,,,,,,,,,,,,,,,,,,,,,,,,,,,35479-1,Taxon,urn:lsid:ipni.org:publications:812-2,2026,2026 [30 Mar 2026],[30 Mar 2026],Kadereit & Schneew.,spec.,Taxon 75(2)-e70119: 25. 2026 [30 Mar 2026] ,,doi:10.1002/tax.70119,,,11,sellowianum,,,f,t,,,,,,,Kadereit@14763-1@1@aut$Schneew.@20008845-1@2@aut$Cham.@1504-1@3@bas,,,comb. nov.,,1.1,f,trichogalium~sellowianum,rubiaceaetrichogalium~sellowianum~,,177,wfo-1000090225,,species,,,,,https://www.ipni.org/n/77380009-1,IPNI record: 77380009-1,Taxon 75(2)-e70119: 25 (2026)
urn:lsid:ipni.org:names:77380010-1,(Dempster) Kadereit & Schneew.,Rubiaceae Galium serpenticum Dempster,(Dempster),107188-2,,,75(2)-e70119: 25,,,,,,,,,,,,13/05/2026 12:09,13/05/2026 12:09,,,Rubiaceae,Trichogalium serpenticum,Trichogalium serpenticum,Trichogalium,,f,f,,,,,,,,,,,,,,,,,,,,,,,,,,,,,35479-1,Taxon,urn:lsid:ipni.org:publications:812-2,2026,2026 [30 Mar 2026],[30 Mar 2026],Kadereit & Schneew.,spec.,Taxon 75(2)-e70119: 25. 2026 [30 Mar 2026] ,,doi:10.1002/tax.70119,,,11,serpenticum,,,f,t,,,,,,,Dempster@13058-1@3@bas$Kadereit@14763-1@1@aut$Schneew.@20008845-1@2@aut,,,comb. nov.,,1.1,f,trichogalium~serpenticum,rubiaceaetrichogalium~serpenticum~,,178,wfo-1000090226,,species,,,,,https://www.ipni.org/n/77380010-1,IPNI record: 77380010-1,Taxon 75(2)-e70119: 25 (2026)
urn:lsid:ipni.org:names:77380011-1,(Royle ex Hook.f.) Kadereit & Schneew.,Rubiaceae Galium serpylloides Royle ex Hook.f.,(Royle ex Hook.f.),750621-1,,,75(2)-e70119: 25,,,,,,,,,,,,13/05/2026 12:11,13/05/2026 12:11,,,Rubiaceae,Trichogalium serpylloides,Trichogalium serpylloides,Trichogalium,,f,f,,,,,,,,,,,,,,,,,,,,,,,,,,,,,35479-1,Taxon,urn:lsid:ipni.org:publications:812-2,2026,2026 [30 Mar 2026],[30 Mar 2026],Kadereit & Schneew.,spec.,Taxon 75(2)-e70119: 25. 2026 [30 Mar 2026] ,,doi:10.1002/tax.70119,,,11,serpylloides,,,f,t,,,,,,,Royle@8688-1@3@bas$Schneew.@20008845-1@2@aut$Kadereit@14763-1@1@aut$Hook.f.@4084-1@4@basEx,,,comb. nov.,,1.1,f,trichogalium~serpylloides,rubiaceaetrichogalium~serpylloides~,,179,wfo-1000090227,,species,,,,,https://www.ipni.org/n/77380011-1,IPNI record: 77380011-1,Taxon 75(2)-e70119: 25 (2026)
urn:lsid:ipni.org:names:77380012-1,(W.Wight) Kadereit & Schneew.,Rubiaceae Galium sparsiflorum W.Wight,(W.Wight),107201-2,,,75(2)-e70119: 25,,,,,,,,,,,,13/05/2026 12:12,13/05/2026 12:12,,,Rubiaceae,Trichogalium sparsiflorum,Trichogalium sparsiflorum,Trichogalium,,f,f,,,,,,,,,,,,,,,,,,,,,,,,,,,,,35479-1,Taxon,urn:lsid:ipni.org:publications:812-2,2026,2026 [30 Mar 2026],[30 Mar 2026],Kadereit & Schneew.,spec.,Taxon 75(2)-e70119: 25. 2026 [30 Mar 2026] ,,doi:10.1002/tax.70119,,,11,sparsiflorum,,,f,t,,,,,,,Kadereit@14763-1@1@aut$Schneew.@20008845-1@2@aut$W.Wight@11659-1@3@bas,,,comb. nov.,,1.1,f,trichogalium~sparsiflorum,rubiaceaetrichogalium~sparsiflorum~,,180,wfo-1000090228,,species,,,,,https://www.ipni.org/n/77380012-1,IPNI record: 77380012-1,Taxon 75(2)-e70119: 25 (2026)
urn:lsid:ipni.org:names:77380013-1,(I.Thomps.) Kadereit & Schneew.,Rubiaceae Galium spathulatum I.Thomps.,(I.Thomps.),77096370-1,,,75(2)-e70119: 25,,,,,,,,,,,,13/05/2026 12:14,13/05/2026 12:14,,,Rubiaceae,Trichogalium spathulatum,Trichogalium spathulatum,Trichogalium,,f,f,,,,,,,,,,,,,,,,,,,,,,,,,,,,,35479-1,Taxon,urn:lsid:ipni.org:publications:812-2,2026,2026 [30 Mar 2026],[30 Mar 2026],Kadereit & Schneew.,spec.,Taxon 75(2)-e70119: 25. 2026 [30 Mar 2026] ,,doi:10.1002/tax.70119,,,11,spathulatum,,,f,t,,,,,,,Kadereit@14763-1@1@aut$Schneew.@20008845-1@2@aut$I.Thomps.@37433-1@3@bas,,,comb. nov.,,1.1,f,trichogalium~spathulatum,rubiaceaetrichogalium~spathulatum~,,181,wfo-1000090229,,species,,,,,https://www.ipni.org/n/77380013-1,IPNI record: 77380013-1,Taxon 75(2)-e70119: 25 (2026)
urn:lsid:ipni.org:names:77380014-1,(Greenm.) Kadereit & Schneew.,Rubiaceae Relbunium sphagnophilum Greenm.,(Greenm.),218532-2,,,75(2)-e70119: 25,,,,,,,,,,,,13/05/2026 12:15,13/05/2026 12:15,,,Rubiaceae,Trichogalium sphagnophilum,Trichogalium sphagnophilum,Trichogalium,,f,f,,,,,,,,,,,,,,,,,,,,,,,,,,,,,35479-1,Taxon,urn:lsid:ipni.org:publications:812-2,2026,2026 [30 Mar 2026],[30 Mar 2026],Kadereit & Schneew.,spec.,Taxon 75(2)-e70119: 25. 2026 [30 Mar 2026] ,,doi:10.1002/tax.70119,,,11,sphagnophilum,,,f,t,,,,,,,Schneew.@20008845-1@2@aut$Greenm.@3368-1@3@bas$Kadereit@14763-1@1@aut,,,comb. nov.,,1.1,f,trichogalium~sphagnophilum,rubiaceaetrichogalium~sphagnophilum~,,182,wfo-1000090230,,species,,,,,https://www.ipni.org/n/77380014-1,IPNI record: 77380014-1,Taxon 75(2)-e70119: 25 (2026)
urn:lsid:ipni.org:names:77380015-1,(Kellogg) Kadereit & Schneew.,Rubiaceae Galium stellatum Kellogg,(Kellogg),750671-1,,,75(2)-e70119: 25,,,,,,,,,,,,13/05/2026 12:17,13/05/2026 12:17,,,Rubiaceae,Trichogalium stellatum,Trichogalium stellatum,Trichogalium,,f,f,,,,,,,,,,,,,,,,,,,,,,,,,,,,,35479-1,Taxon,urn:lsid:ipni.org:publications:812-2,2026,2026 [30 Mar 2026],[30 Mar 2026],Kadereit & Schneew.,spec.,Taxon 75(2)-e70119: 25. 2026 [30 Mar 2026] ,,doi:10.1002/tax.70119,,,11,stellatum,,,f,t,,,,,,,Kadereit@14763-1@1@aut$Kellogg@4712-1@3@bas$Schneew.@20008845-1@2@aut,,,comb. nov.,,1.1,f,trichogalium~stellatum,rubiaceaetrichogalium~stellatum~,,183,wfo-1000090231,,species,,,,,https://www.ipni.org/n/77380015-1,IPNI record: 77380015-1,Taxon 75(2)-e70119: 25 (2026)
urn:lsid:ipni.org:names:77380016-1,(Ehrend. & Schönb.-Tem.) Kadereit & Schneew.,Rubiaceae Galium subtrinervium Ehrend. & Schönb.-Tem.,(Ehrend. & Schönb.-Tem.),77067768-1,,,75(2)-e70119: 25,,,,,,,,,,,,13/05/2026 12:19,13/05/2026 12:19,,,Rubiaceae,Trichogalium subtrinervium,Trichogalium subtrinervium,Trichogalium,,f,f,,,,,,,,,,,,,,,,,,,,,,,,,,,,,35479-1,Taxon,urn:lsid:ipni.org:publications:812-2,2026,2026 [30 Mar 2026],[30 Mar 2026],Kadereit & Schneew.,spec.,Taxon 75(2)-e70119: 25. 2026 [30 Mar 2026] ,,doi:10.1002/tax.70119,,,11,subtrinervium,,,f,t,,,,,,,Schneew.@20008845-1@2@aut$Ehrend.@2483-1@3@bas$Schönb.-Tem.@10494-1@4@bas$Kadereit@14763-1@1@aut,,,comb. nov.,,1.1,f,trichogalium~subtrinervium,rubiaceaetrichogalium~subtrinervium~,,184,wfo-1000090232,,species,,,,,https://www.ipni.org/n/77380016-1,IPNI record: 77380016-1,Taxon 75(2)-e70119: 25 (2026)
urn:lsid:ipni.org:names:77380017-1,(Hook. & Arn.) Kadereit & Schneew.,Rubiaceae Galium suffruticosum Hook. & Arn.,(Hook. & Arn.),750697-1,,,75(2)-e70119: 25,,,,,,,,,,,,13/05/2026 12:20,14/05/2026 10:58,,,Rubiaceae,Trichogalium suffruticosum,Trichogalium suffruticosum,Trichogalium,,f,f,,,,,,,,,,,,,,,,,,,,,,,,,,,,,35479-1,Taxon,urn:lsid:ipni.org:publications:812-2,2026,2026 [30 Mar 2026],[30 Mar 2026],Kadereit & Schneew.,spec.,Taxon 75(2)-e70119: 25. 2026 [30 Mar 2026] ,,doi:10.1002/tax.70119,,,11,suffruticosum,,,f,t,,,,,,,Schneew.@20008845-1@2@aut$Kadereit@14763-1@1@aut$Arn.@281-1@4@bas$Hook.@4086-1@3@bas,,,comb. nov.,,1.2,f,trichogalium~suffruticosum,rubiaceaetrichogalium~suffruticosum~,,185,wfo-1000090233,,species,,,,,https://www.ipni.org/n/77380017-1,IPNI record: 77380017-1,Taxon 75(2)-e70119: 25 (2026)
urn:lsid:ipni.org:names:77380018-1,(Ohwi) Ohwi,Ranunculaceae Clematis okinawensis Ohwi,(Ohwi),709928-1,,,33: 71,,,,,,,,,,,,13/05/2026 18:31,19/05/2026 10:23,,,Ranunculaceae,Clematis uncinata var. okinawensis,Clematis uncinata var. okinawensis,Clematis,,f,f,,,,,okinawensis,,,,,,,,,,,,,,,,,,,,,,,,710165-1,Bull. Natl. Sci. Mus. Tokyo,urn:lsid:ipni.org:publications:5993-2,1953,1953 [Jul 1953],[Jul 1953],Ohwi,var.,Bull. Natl. Sci. Mus. Tokyo 33: 71. 1953 [Jul 1953] ,,,,,11,uncinata,Champ. ex Benth.,,f,t,,,,,,,Ohwi@7112-1@1@bas$Ohwi@7112-1@2@aut,,,comb. et stat. nov.,77249780-1,1.2,f,clematis~uncinataokinawensis,ranunculaceaeclematis~uncinataokinawensis,,186,wfo-1200118700,,variety,,,,,https://www.ipni.org/n/77380018-1,IPNI record: 77380018-1,Bull. Natl. Sci. Mus. Tokyo 33: 71 (1953)
urn:lsid:ipni.org:names:77380019-1,Makino,,,,,,11: 332,,,,,,,,,,,,14/05/2026 00:11,14/05/2026 16:39,"Japan (Eastern Asia, Asia-Temperate)",,Ranunculaceae,Clematis tosaensis,Clematis tosaensis,Clematis,,f,f,,,,,,,,,,,"& Collection: 'Hab. Prov. Tosa: Mt. Torigata (T. Makino! May 22, 1889), Mt. Kuishi in Tadzikawa-mura (T. Makino! May 6, 1893); Prov. YAMASHIIRO: Mt. Hiei (C. Takemura! May 12, 1901); Prov. ISE: Mt. Asama (Z. Ume- mura! May 7, 1893), Õishi-mura (Z. Umemura! April 28, 1895); Prov. RIKUZEN: Kaga (Kamezirō Yendo! June 10, 1900); Prov. SHINANO (K. Tanaka! 1900); Prov. SURUGA: Mt. Fuzi (S. Matsuda! July 1891)'",,,,,,,,,,,,,,,,,,329401-2,Bot. Mag. (Tokyo),urn:lsid:ipni.org:publications:555-2,1897,1897,,Makino,spec.,Bot. Mag. (Tokyo) 11: 332. 1897 ; addit. publ.: Clematis tosaensis Makino Bot. Mag. (Tokyo) 18(no. 206): 51. 1904,; addit. publ.: Clematis tosaensis Makino Bot. Mag. (Tokyo) 18(no. 206): 51. 1904,Protologue: 'Clematis tosaensis Makino. しろばなのはんしゃらづる とりがたはんしゃうづる 予始メ之レヲ土佐鳥形山二採花極短ク夢色淡綠ニシテ質薄シ葉形はんしゃうづるト酷ダ相似タ リ',,,9,tosaensis,,,f,t,,,,,,,Makino@6013-1@1@aut,,,tax. nov.,710137-1,1.2,f,clematis~tosaensis,ranunculaceaeclematis~tosaensis~,,187,wfo-1000090649,,species,,,,,https://www.ipni.org/n/77380019-1,IPNI record: 77380019-1,Bot. Mag. (Tokyo) 11: 332 (1897)
urn:lsid:ipni.org:names:77380020-1,(Hayata) Kadereit & Schneew.,Rubiaceae Galium tarokoense Hayata,(Hayata),750711-1,,,75(2)-e70119: 25,,,,,,,,,,,,14/05/2026 10:59,14/05/2026 10:59,,,Rubiaceae,Trichogalium tarokoense,Trichogalium tarokoense,Trichogalium,,f,f,,,,,,,,,,,,,,,,,,,,,,,,,,,,,35479-1,Taxon,urn:lsid:ipni.org:publications:812-2,2026,2026 [30 Mar 2026],[30 Mar 2026],Kadereit & Schneew.,spec.,Taxon 75(2)-e70119: 25. 2026 [30 Mar 2026] ,,doi:10.1002/tax.70119,,,11,tarokoense,,,f,t,,,,,,,Hayata@3744-1@3@bas$Kadereit@14763-1@1@aut$Schneew.@20008845-1@2@aut,,,comb. nov.,,1.1,f,trichogalium~tarokoense,rubiaceaetrichogalium~tarokoense~,,188,wfo-1000090234,,species,,,,,https://www.ipni.org/n/77380020-1,IPNI record: 77380020-1,Taxon 75(2)-e70119: 25 (2026)
urn:lsid:ipni.org:names:77380021-1,(Ehrend. & McGill.) Kadereit & Schneew.,Rubiaceae Galium terrae-reginae Ehrend. & McGill.,(Ehrend. & McGill.),902084-1,,,75(2)-e70119: 25,,,,,,,,,,,,14/05/2026 11:01,14/05/2026 11:01,,,Rubiaceae,Trichogalium terrae-reginae,Trichogalium terrae-reginae,Trichogalium,,f,f,,,,,,,,,,,,,,,,,,,,,,,,,,,,,35479-1,Taxon,urn:lsid:ipni.org:publications:812-2,2026,2026 [30 Mar 2026],[30 Mar 2026],Kadereit & Schneew.,spec.,Taxon 75(2)-e70119: 25. 2026 [30 Mar 2026] ,,doi:10.1002/tax.70119,,,11,terrae-reginae,,,f,t,,,,,,,Ehrend.@2483-1@3@bas$Schneew.@20008845-1@2@aut$McGill.@5918-1@4@bas$Kadereit@14763-1@1@aut,,,comb. nov.,,1.1,f,trichogalium~terrae-reginae,rubiaceaetrichogalium~terrae-reginae~,,189,wfo-1000090235,,species,,,,,https://www.ipni.org/n/77380021-1,IPNI record: 77380021-1,Taxon 75(2)-e70119: 25 (2026)
urn:lsid:ipni.org:names:77380022-1,DC.,,,,,,5(1): 21,,,,,,,,,,,,14/05/2026 11:12,14/05/2026 11:12,,,Brassicaceae,Brassica campestris proles oleifera,Brassica campestris proles oleifera,Brassica,,f,f,,,,,oleifera,,,,,,,,,,,,,,,,,,,,,,,,30076075-2,Trans. Hort. Soc. London,urn:lsid:ipni.org:publications:3276-2,1822,1822 [6 Aug 1822],[6 Aug 1822],DC.,proles,Trans. Hort. Soc. London 5(1): 21. 1822 [6 Aug 1822] ,,,,,8,campestris,L.,,f,t,,,,,,,DC.@16855-1@1@aut,L.@12653-1@1@aut,,tax. nov.,,1.1,f,brassica~campestrisoleifera,brassicaceaebrassica~campestrisoleifera,,190,wfo-1200118633,,prole,,,,,https://www.ipni.org/n/77380022-1,IPNI record: 77380022-1,Trans. Hort. Soc. London 5(1): 21 (1822)
urn:lsid:ipni.org:names:77380023-1,(A.Gray) Kadereit & Schneew.,Rubiaceae Galium texense A.Gray,(A.Gray),750734-1,,,75(2)-e70119: 25,,,,,,,,,,,,14/05/2026 11:18,14/05/2026 11:18,,,Rubiaceae,Trichogalium texense,Trichogalium texense,Trichogalium,,f,f,,,,,,,,,,,,,,,,,,,,,,,,,,,,,35479-1,Taxon,urn:lsid:ipni.org:publications:812-2,2026,2026 [30 Mar 2026],[30 Mar 2026],Kadereit & Schneew.,spec.,Taxon 75(2)-e70119: 25. 2026 [30 Mar 2026] ,,doi:10.1002/tax.70119,,,11,texense,,,f,t,,,,,,,Kadereit@14763-1@1@aut$Schneew.@20008845-1@2@aut$A.Gray@19574-1@3@bas,,,comb. nov.,,1.1,f,trichogalium~texense,rubiaceaetrichogalium~texense~,,191,wfo-1000090236,,species,,,,,https://www.ipni.org/n/77380023-1,IPNI record: 77380023-1,Taxon 75(2)-e70119: 25 (2026)
urn:lsid:ipni.org:names:77380024-1,(Eckl. & Zeyh.) Kadereit & Schneew.,Rubiaceae Galium thunbergianum Eckl. & Zeyh.,(Eckl. & Zeyh.),750737-1,,,75(2)-e70119: 25,,,,,,,,,,,,14/05/2026 11:19,14/05/2026 11:19,,,Rubiaceae,Trichogalium thunbergianum,Trichogalium thunbergianum,Trichogalium,,f,f,,,,,,,,,,,,,,,,,,,,,,,,,,,,,35479-1,Taxon,urn:lsid:ipni.org:publications:812-2,2026,2026 [30 Mar 2026],[30 Mar 2026],Kadereit & Schneew.,spec.,Taxon 75(2)-e70119: 25. 2026 [30 Mar 2026] ,,doi:10.1002/tax.70119,,,11,thunbergianum,,,f,t,,,,,,,Zeyh.@13042-1@4@bas$Kadereit@14763-1@1@aut$Eckl.@2457-1@3@bas$Schneew.@20008845-1@2@aut,,,comb. nov.,,1.1,f,trichogalium~thunbergianum,rubiaceaetrichogalium~thunbergianum~,,192,wfo-1000090237,,species,,,,,https://www.ipni.org/n/77380024-1,IPNI record: 77380024-1,Taxon 75(2)-e70119: 25 (2026)
urn:lsid:ipni.org:names:77380025-1,(DC.) Kadereit & Schneew.,Rubiaceae Galium trichocarpum DC.,(DC.),750760-1,,,75(2)-e70119: 25,,,,,,,,,,,,14/05/2026 11:20,14/05/2026 11:22,,,Rubiaceae,Trichogalium trichocarpum,Trichogalium trichocarpum,Trichogalium,,f,f,,,,,,,,,,,,,,,,,,,,,,,,,,,,,35479-1,Taxon,urn:lsid:ipni.org:publications:812-2,2026,2026 [30 Mar 2026],[30 Mar 2026],Kadereit & Schneew.,spec.,Taxon 75(2)-e70119: 25. 2026 [30 Mar 2026] ,,doi:10.1002/tax.70119,,,11,trichocarpum,,,f,t,,,,,,,DC.@16855-1@3@bas$Schneew.@20008845-1@2@aut$Kadereit@14763-1@1@aut,,,comb. nov.,,1.2,f,trichogalium~trichocarpum,rubiaceaetrichogalium~trichocarpum~,,193,wfo-1000090238,,species,,,,,https://www.ipni.org/n/77380025-1,IPNI record: 77380025-1,Taxon 75(2)-e70119: 25 (2026)
urn:lsid:ipni.org:names:77380026-1,(Colenso) Kadereit & Schneew.,Rubiaceae Galium trilobum Colenso,(Colenso),750772-1,,,75(2)-e70119: 25,,,,,,,,,,,,14/05/2026 11:21,14/05/2026 11:21,,,Rubiaceae,Trichogalium trilobum,Trichogalium trilobum,Trichogalium,,f,f,,,,,,,,,,,,,,,,,,,,,,,,,,,,,35479-1,Taxon,urn:lsid:ipni.org:publications:812-2,2026,2026 [30 Mar 2026],[30 Mar 2026],Kadereit & Schneew.,spec.,Taxon 75(2)-e70119: 25. 2026 [30 Mar 2026] ,,doi:10.1002/tax.70119,,,11,trilobum,,,f,t,,,,,,,Colenso@1736-1@3@bas$Schneew.@20008845-1@2@aut$Kadereit@14763-1@1@aut,,,comb. nov.,,1.1,f,trichogalium~trilobum,rubiaceaetrichogalium~trilobum~,,194,wfo-1000090239,,species,,,,,https://www.ipni.org/n/77380026-1,IPNI record: 77380026-1,Taxon 75(2)-e70119: 25 (2026)
urn:lsid:ipni.org:names:77380027-1,(Pobed.) Kadereit & Schneew.,Rubiaceae Galium turkestanicum Pobed.,(Pobed.),750785-1,,,75(2)-e70119: 25,,,,,,,,,,,,14/05/2026 11:23,14/05/2026 11:23,,,Rubiaceae,Trichogalium turkestanicum,Trichogalium turkestanicum,Trichogalium,,f,f,,,,,,,,,,,,,,,,,,,,,,,,,,,,,35479-1,Taxon,urn:lsid:ipni.org:publications:812-2,2026,2026 [30 Mar 2026],[30 Mar 2026],Kadereit & Schneew.,spec.,Taxon 75(2)-e70119: 25. 2026 [30 Mar 2026] ,,doi:10.1002/tax.70119,,,11,turkestanicum,,,f,t,,,,,,,Kadereit@14763-1@1@aut$Pobed.@7769-1@3@bas$Schneew.@20008845-1@2@aut,,,comb. nov.,,1.1,f,trichogalium~turkestanicum,rubiaceaetrichogalium~turkestanicum~,,195,wfo-1000090240,,species,,,,,https://www.ipni.org/n/77380027-1,IPNI record: 77380027-1,Taxon 75(2)-e70119: 25 (2026)
urn:lsid:ipni.org:names:77380028-1,(DC.) Kadereit & Schneew.,Rubiaceae Galium uncinulatum DC.,(DC.),750796-1,,,75(2)-e70119: 25,,,,,,,,,,,,14/05/2026 11:24,14/05/2026 11:24,,,Rubiaceae,Trichogalium uncinulatum,Trichogalium uncinulatum,Trichogalium,,f,f,,,,,,,,,,,,,,,,,,,,,,,,,,,,,35479-1,Taxon,urn:lsid:ipni.org:publications:812-2,2026,2026 [30 Mar 2026],[30 Mar 2026],Kadereit & Schneew.,spec.,Taxon 75(2)-e70119: 25. 2026 [30 Mar 2026] ,,doi:10.1002/tax.70119,,,11,uncinulatum,,,f,t,,,,,,,Kadereit@14763-1@1@aut$Schneew.@20008845-1@2@aut$DC.@16855-1@3@bas,,,comb. nov.,,1.1,f,trichogalium~uncinulatum,rubiaceaetrichogalium~uncinulatum~,,196,wfo-1000090241,,species,,,,,https://www.ipni.org/n/77380028-1,IPNI record: 77380028-1,Taxon 75(2)-e70119: 25 (2026)
urn:lsid:ipni.org:names:77380029-1,(Michx.) Kadereit & Schneew.,Rubiaceae Galium uniflorum Michx.,(Michx.),750800-1,,,75(2)-e70119: 25,,,,,,,,,,,,14/05/2026 11:25,14/05/2026 11:25,,,Rubiaceae,Trichogalium uniflorum,Trichogalium uniflorum,Trichogalium,,f,f,,,,,,,,,,,,,,,,,,,,,,,,,,,,,35479-1,Taxon,urn:lsid:ipni.org:publications:812-2,2026,2026 [30 Mar 2026],[30 Mar 2026],Kadereit & Schneew.,spec.,Taxon 75(2)-e70119: 25. 2026 [30 Mar 2026] ,,doi:10.1002/tax.70119,,,11,uniflorum,,,f,t,,,,,,,Kadereit@14763-1@1@aut$Michx.@6431-1@3@bas$Schneew.@20008845-1@2@aut,,,comb. nov.,,1.1,f,trichogalium~uniflorum,rubiaceaetrichogalium~uniflorum~,,197,wfo-1000090242,,species,,,,,https://www.ipni.org/n/77380029-1,IPNI record: 77380029-1,Taxon 75(2)-e70119: 25 (2026)
urn:lsid:ipni.org:names:77380030-1,(Bacigalupo) Kadereit & Schneew.,Rubiaceae Galium uruguayense Bacigalupo,(Bacigalupo),107246-2,,,75(2)-e70119: 26,,,,,,,,,,,,14/05/2026 11:27,14/05/2026 11:27,,,Rubiaceae,Trichogalium uruguayense,Trichogalium uruguayense,Trichogalium,,f,f,,,,,,,,,,,,,,,,,,,,,,,,,,,,,35479-1,Taxon,urn:lsid:ipni.org:publications:812-2,2026,2026 [30 Mar 2026],[30 Mar 2026],Kadereit & Schneew.,spec.,Taxon 75(2)-e70119: 26. 2026 [30 Mar 2026] ,,doi:10.1002/tax.70119,,,11,uruguayense,,,f,t,,,,,,,Bacigalupo@367-1@3@bas$Schneew.@20008845-1@2@aut$Kadereit@14763-1@1@aut,,,comb. nov.,,1.1,f,trichogalium~uruguayense,rubiaceaetrichogalium~uruguayense~,,198,wfo-1000090243,,species,,,,,https://www.ipni.org/n/77380030-1,IPNI record: 77380030-1,Taxon 75(2)-e70119: 26 (2026)
urn:lsid:ipni.org:names:77380031-1,(Cham. & Schltdl.) Kadereit & Schneew.,Rubiaceae Rubia valantioides Cham. & Schltdl.,(Cham. & Schltdl.),765379-1,,,75(2)-e70119: 26,,,,,,,,,,,,14/05/2026 11:29,14/05/2026 11:29,,,Rubiaceae,Trichogalium valantioides,Trichogalium valantioides,Trichogalium,,f,f,,,,,,,,,,,,,,,,,,,,,,,,,,,,,35479-1,Taxon,urn:lsid:ipni.org:publications:812-2,2026,2026 [30 Mar 2026],[30 Mar 2026],Kadereit & Schneew.,spec.,Taxon 75(2)-e70119: 26. 2026 [30 Mar 2026] ,,doi:10.1002/tax.70119,,,11,valantioides,,,f,t,,,,,,,Cham.@1504-1@3@bas$Kadereit@14763-1@1@aut$Schneew.@20008845-1@2@aut$Schltdl.@9114-1@4@bas,,,comb. nov.,,1.1,f,trichogalium~valantioides,rubiaceaetrichogalium~valantioides~,,199,wfo-1000090244,,species,,,,,https://www.ipni.org/n/77380031-1,IPNI record: 77380031-1,Taxon 75(2)-e70119: 26 (2026)
urn:lsid:ipni.org:names:77380032-1,(Cham. & Schltdl.) Kadereit & Schneew.,Rubiaceae Rubia vilis Cham. & Schltdl.,(Cham. & Schltdl.),765382-1,,,75(2)-e70119: 26,,,,,,,,,,,,14/05/2026 11:30,14/05/2026 11:30,,,Rubiaceae,Trichogalium vile,Trichogalium vile,Trichogalium,,f,f,,,,,,,,,,,,,,,,,,,,,,,,,,,,,35479-1,Taxon,urn:lsid:ipni.org:publications:812-2,2026,2026 [30 Mar 2026],[30 Mar 2026],Kadereit & Schneew.,spec.,Taxon 75(2)-e70119: 26. 2026 [30 Mar 2026] ,,doi:10.1002/tax.70119,,,11,vile,,,f,t,,,,,,,Cham.@1504-1@3@bas$Schneew.@20008845-1@2@aut$Kadereit@14763-1@1@aut$Schltdl.@9114-1@4@bas,,,comb. nov.,,1.1,f,trichogalium~vile,rubiaceaetrichogalium~vile~,,200,wfo-1000090245,,species,,,,,https://www.ipni.org/n/77380032-1,IPNI record: 77380032-1,Taxon 75(2)-e70119: 26 (2026)
urn:lsid:ipni.org:names:77380033-1,(Nutt. ex Torr. & A.Gray) Kadereit & Schneew.,Rubiaceae Galium virgatum Nutt. ex Torr. & A.Gray,(Nutt. ex Torr. & A.Gray),750836-1,,,75(2)-e70119: 26,,,,,,,,,,,,14/05/2026 11:31,14/05/2026 11:31,,,Rubiaceae,Trichogalium virgatum,Trichogalium virgatum,Trichogalium,,f,f,,,,,,,,,,,,,,,,,,,,,,,,,,,,,35479-1,Taxon,urn:lsid:ipni.org:publications:812-2,2026,2026 [30 Mar 2026],[30 Mar 2026],Kadereit & Schneew.,spec.,Taxon 75(2)-e70119: 26. 2026 [30 Mar 2026] ,,doi:10.1002/tax.70119,,,11,virgatum,,,f,t,,,,,,,Kadereit@14763-1@1@aut$Schneew.@20008845-1@2@aut$Nutt.@24198-1@3@bas$Torr.@10754-1@4@basEx$A.Gray@19574-1@5@basEx,,,comb. nov.,,1.1,f,trichogalium~virgatum,rubiaceaetrichogalium~virgatum~,,201,wfo-1000090246,,species,,,,,https://www.ipni.org/n/77380033-1,IPNI record: 77380033-1,Taxon 75(2)-e70119: 26 (2026)
urn:lsid:ipni.org:names:77380034-1,(Dempster) Kadereit & Schneew.,Rubiaceae Galium volcanense Dempster,(Dempster),107254-2,,,75(2)-e70119: 26,,,,,,,,,,,,14/05/2026 11:32,14/05/2026 11:32,,,Rubiaceae,Trichogalium volcanense,Trichogalium volcanense,Trichogalium,,f,f,,,,,,,,,,,,,,,,,,,,,,,,,,,,,35479-1,Taxon,urn:lsid:ipni.org:publications:812-2,2026,2026 [30 Mar 2026],[30 Mar 2026],Kadereit & Schneew.,spec.,Taxon 75(2)-e70119: 26. 2026 [30 Mar 2026] ,,doi:10.1002/tax.70119,,,11,volcanense,,,f,t,,,,,,,Kadereit@14763-1@1@aut$Dempster@13058-1@3@bas$Schneew.@20008845-1@2@aut,,,comb. nov.,,1.1,f,trichogalium~volcanense,rubiaceaetrichogalium~volcanense~,,202,wfo-1000090247,,species,,,,,https://www.ipni.org/n/77380034-1,IPNI record: 77380034-1,Taxon 75(2)-e70119: 26 (2026)
urn:lsid:ipni.org:names:77380035-1,(A.Gray) Kadereit & Schneew.,Rubiaceae Galium multiflorum  var. watsonii A.Gray,(A.Gray),107115-2,,,75(2)-e70119: 26,,,,,,,,,,,,14/05/2026 11:33,14/05/2026 11:33,,,Rubiaceae,Trichogalium watsonii,Trichogalium watsonii,Trichogalium,,f,f,,,,,,,,,,,,,,,,,,,,,,,,,,,,,35479-1,Taxon,urn:lsid:ipni.org:publications:812-2,2026,2026 [30 Mar 2026],[30 Mar 2026],Kadereit & Schneew.,spec.,Taxon 75(2)-e70119: 26. 2026 [30 Mar 2026] ,,doi:10.1002/tax.70119,,,11,watsonii,,,f,t,,,,,,,Schneew.@20008845-1@2@aut$A.Gray@19574-1@3@bas$Kadereit@14763-1@1@aut,,,comb. et stat. nov.,,1.1,f,trichogalium~watsonii,rubiaceaetrichogalium~watsonii~,,203,wfo-1000090248,,species,,,,,https://www.ipni.org/n/77380035-1,IPNI record: 77380035-1,Taxon 75(2)-e70119: 26 (2026)
urn:lsid:ipni.org:names:77380036-1,(K.Krause) Kadereit & Schneew.,Rubiaceae Galium weberbaueri K.Krause,(K.Krause),750851-1,,,75(2)-e70119: 26,,,,,,,,,,,,14/05/2026 11:34,14/05/2026 11:34,,,Rubiaceae,Trichogalium weberbaueri,Trichogalium weberbaueri,Trichogalium,,f,f,,,,,,,,,,,,,,,,,,,,,,,,,,,,,35479-1,Taxon,urn:lsid:ipni.org:publications:812-2,2026,2026 [30 Mar 2026],[30 Mar 2026],Kadereit & Schneew.,spec.,Taxon 75(2)-e70119: 26. 2026 [30 Mar 2026] ,,doi:10.1002/tax.70119,,,11,weberbaueri,,,f,t,,,,,,,Kadereit@14763-1@1@aut$K.Krause@5045-1@3@bas$Schneew.@20008845-1@2@aut,,,comb. nov.,,1.1,f,trichogalium~weberbaueri,rubiaceaetrichogalium~weberbaueri~,,204,wfo-1000090249,,species,,,,,https://www.ipni.org/n/77380036-1,IPNI record: 77380036-1,Taxon 75(2)-e70119: 26 (2026)
urn:lsid:ipni.org:names:77380037-1,(Standl.) Kadereit & Schneew.,Rubiaceae Galium werdermannii Standl.,(Standl.),750852-1,,,75(2)-e70119: 26,,,,,,,,,,,,14/05/2026 11:35,14/05/2026 11:35,,,Rubiaceae,Trichogalium werdermannii,Trichogalium werdermannii,Trichogalium,,f,f,,,,,,,,,,,,,,,,,,,,,,,,,,,,,35479-1,Taxon,urn:lsid:ipni.org:publications:812-2,2026,2026 [30 Mar 2026],[30 Mar 2026],Kadereit & Schneew.,spec.,Taxon 75(2)-e70119: 26. 2026 [30 Mar 2026] ,,doi:10.1002/tax.70119,,,11,werdermannii,,,f,t,,,,,,,Standl.@10019-1@3@bas$Kadereit@14763-1@1@aut$Schneew.@20008845-1@2@aut,,,comb. nov.,,1.1,f,trichogalium~werdermannii,rubiaceaetrichogalium~werdermannii~,,205,wfo-1000090250,,species,,,,,https://www.ipni.org/n/77380037-1,IPNI record: 77380037-1,Taxon 75(2)-e70119: 26 (2026)
urn:lsid:ipni.org:names:77380038-1,(Dempster) Kadereit & Schneew.,Rubiaceae Galium wigginsii Dempster,(Dempster),107261-2,,,75(2)-e70119: 26,,,,,,,,,,,,14/05/2026 11:36,14/05/2026 11:36,,,Rubiaceae,Trichogalium wigginsii,Trichogalium wigginsii,Trichogalium,,f,f,,,,,,,,,,,,,,,,,,,,,,,,,,,,,35479-1,Taxon,urn:lsid:ipni.org:publications:812-2,2026,2026 [30 Mar 2026],[30 Mar 2026],Kadereit & Schneew.,spec.,Taxon 75(2)-e70119: 26. 2026 [30 Mar 2026] ,,doi:10.1002/tax.70119,,,11,wigginsii,,,f,t,,,,,,,Dempster@13058-1@3@bas$Schneew.@20008845-1@2@aut$Kadereit@14763-1@1@aut,,,comb. nov.,,1.1,f,trichogalium~wigginsii,rubiaceaetrichogalium~wigginsii~,,206,wfo-1000090251,,species,,,,,https://www.ipni.org/n/77380038-1,IPNI record: 77380038-1,Taxon 75(2)-e70119: 26 (2026)
urn:lsid:ipni.org:names:77380039-1,(A.Gray) Kadereit & Schneew.,Rubiaceae Galium wrightii A.Gray,(A.Gray),750860-1,,,75(2)-e70119: 26,,,,,,,,,,,,14/05/2026 11:37,14/05/2026 11:37,,,Rubiaceae,Trichogalium wrightii,Trichogalium wrightii,Trichogalium,,f,f,,,,,,,,,,,,,,,,,,,,,,,,,,,,,35479-1,Taxon,urn:lsid:ipni.org:publications:812-2,2026,2026 [30 Mar 2026],[30 Mar 2026],Kadereit & Schneew.,spec.,Taxon 75(2)-e70119: 26. 2026 [30 Mar 2026] ,,doi:10.1002/tax.70119,,,11,wrightii,,,f,t,,,,,,,A.Gray@19574-1@3@bas$Schneew.@20008845-1@2@aut$Kadereit@14763-1@1@aut,,,comb. nov.,,1.1,f,trichogalium~wrightii,rubiaceaetrichogalium~wrightii~,,207,wfo-1000090252,,species,,,,,https://www.ipni.org/n/77380039-1,IPNI record: 77380039-1,Taxon 75(2)-e70119: 26 (2026)
urn:lsid:ipni.org:names:77380040-1,(H.Hara & C.Y.Wu) Kadereit & Schneew.,Rubiaceae Galium yunnanense H.Hara & C.Y.Wu,(H.Hara & C.Y.Wu),929816-1,,,75(2)-e70119: 26,,,,,,,,,,,,14/05/2026 11:38,14/05/2026 11:38,,,Rubiaceae,Trichogalium yunnanense,Trichogalium yunnanense,Trichogalium,,f,f,,,,,,,,,,,,,,,,,,,,,,,,,,,,,35479-1,Taxon,urn:lsid:ipni.org:publications:812-2,2026,2026 [30 Mar 2026],[30 Mar 2026],Kadereit & Schneew.,spec.,Taxon 75(2)-e70119: 26. 2026 [30 Mar 2026] ,,doi:10.1002/tax.70119,,,11,yunnanense,,,f,t,,,,,,,Schneew.@20008845-1@2@aut$H.Hara@3643-1@3@bas$Kadereit@14763-1@1@aut$C.Y.Wu@11888-1@4@bas,,,comb. nov.,,1.1,f,trichogalium~yunnanense,rubiaceaetrichogalium~yunnanense~,,208,wfo-1000090253,,species,,,,,https://www.ipni.org/n/77380040-1,IPNI record: 77380040-1,Taxon 75(2)-e70119: 26 (2026)
urn:lsid:ipni.org:names:77380041-1,Piper,,,,,,10(1): 40,,,,,,,,,,,,14/05/2026 12:13,14/05/2026 12:13,,,Poaceae,Festuca subgen. Hesperochloa,Festuca subgen. Hesperochloa,Festuca,,f,f,,,,hesperochloa,,,,,,,,,,,,,,,,,,,,,,,,,328907-2,Contr. U.S. Natl. Herb.,urn:lsid:ipni.org:publications:605-2,1906,1906,,Piper,subgen.,Contr. U.S. Natl. Herb. 10(1): 40. 1906 ,,,,,8,,,,f,t,,,,,,,Piper@24883-1@1@aut,,,tax. nov.,,1.1,f,festucahesperochloa,poaceaefestucahesperochloa~~,,209,wfo-1000090254,,subgenus,,,,,https://www.ipni.org/n/77380041-1,IPNI record: 77380041-1,Contr. U.S. Natl. Herb. 10(1): 40 (1906)
urn:lsid:ipni.org:names:77380042-1,(Piper) Englmaier,Poaceae Festuca subgen. Hesperochloa Piper,(Piper),77380041-1,,,16: 25,,,,,,,,,,,,14/05/2026 12:16,14/05/2026 12:16,,,Poaceae,Lolium subgen. Hesperochloa,Lolium subgen. Hesperochloa,Lolium,,f,f,,,,hesperochloa,,,,,,,,,,,,,,,,,,,,,,,,,18423-1,Neilreichia,urn:lsid:ipni.org:publications:20000510-1,2026,2026 [2025 publ. 24 Apr 2026],[2025 publ. 24 Apr 2026],Englmaier,subgen.,Neilreichia 16: 25. 2026 [2025 publ. 24 Apr 2026] ,,,,,11,,,,f,t,,,,,,,Englmaier@18514-1@1@aut$Piper@24883-1@2@bas,,,comb. nov.,,1.1,f,loliumhesperochloa,poaceaeloliumhesperochloa~~,,210,wfo-1000090255,,subgenus,,,,,https://www.ipni.org/n/77380042-1,IPNI record: 77380042-1,Neilreichia 16: 25 (2026)
urn:lsid:ipni.org:names:77380043-1,(Bertol.) Englmaier,Poaceae Festuca spectabilis Bertol.,(Bertol.),77071609-1,,,16: 25,,,,,,,,,,,,14/05/2026 12:19,14/05/2026 12:19,,,Poaceae,Lolium spectabile,Lolium spectabile,Lolium,,f,f,,,,,,,,,,,,,,,,,,,,,,,,,,,,,18423-1,Neilreichia,urn:lsid:ipni.org:publications:20000510-1,2026,2026 [2025 publ. 24 Apr 2026],[2025 publ. 24 Apr 2026],Englmaier,spec.,Neilreichia 16: 25. 2026 [2025 publ. 24 Apr 2026] ,,,,,11,spectabile,,,f,t,,,,,,,Englmaier@18514-1@1@aut$Bertol.@16042-1@2@bas,,,comb. nov.,,1.1,f,lolium~spectabile,poaceaelolium~spectabile~,,211,wfo-1000090256,,species,,,,,https://www.ipni.org/n/77380043-1,IPNI record: 77380043-1,Neilreichia 16: 25 (2026)
urn:lsid:ipni.org:names:77380044-1,(Hack.) Englmaier,Poaceae Festuca spectabilis Jan var. carniolica Hack.,(Hack.),77071611-1,,,16: 25,,,,,,,,,,,,14/05/2026 12:21,14/05/2026 12:21,,,Poaceae,Lolium spectabile subsp. carniolicum,Lolium spectabile subsp. carniolicum,Lolium,,f,f,,,,,carniolicum,,,,,,,,,,,,,,,,,,,,,,,,77380043-1,Neilreichia,urn:lsid:ipni.org:publications:20000510-1,2026,2026 [2025 publ. 24 Apr 2026],[2025 publ. 24 Apr 2026],Englmaier,subsp.,Neilreichia 16: 25. 2026 [2025 publ. 24 Apr 2026] ,,,,,11,spectabile,(Bertol.) Englmaier,,f,t,,,,,,,Hack.@3523-1@2@bas$Englmaier@18514-1@1@aut,Englmaier@18514-1@1@aut$Bertol.@16042-1@2@bas,,comb. et stat. nov.,,1.1,f,lolium~spectabilecarniolicum,poaceaelolium~spectabilecarniolicum,,212,wfo-1200118571,,subspecies,,,,,https://www.ipni.org/n/77380044-1,IPNI record: 77380044-1,Neilreichia 16: 25 (2026)
urn:lsid:ipni.org:names:77380045-1,(Hack.) Englmaier,Poaceae Festuca affinis Hack.,(Hack.),77240770-1,,,16: 25,,,,,,,,,,,,14/05/2026 12:24,14/05/2026 12:24,,,Poaceae,Lolium spectabile subsp. affine,Lolium spectabile subsp. affine,Lolium,,f,f,,,,,affine,,,,,,,,,,,,,,,,,,,,,,,,77380043-1,Neilreichia,urn:lsid:ipni.org:publications:20000510-1,2026,2026 [2025 publ. 24 Apr 2026],[2025 publ. 24 Apr 2026],Englmaier,subsp.,Neilreichia 16: 25. 2026 [2025 publ. 24 Apr 2026] ,,,,,11,spectabile,(Bertol.) Englmaier,,f,t,,,,,,,Hack.@3523-1@2@bas$Englmaier@18514-1@1@aut,Englmaier@18514-1@1@aut$Bertol.@16042-1@2@bas,,comb. et stat. nov.,,1.1,f,lolium~spectabileaffine,poaceaelolium~spectabileaffine,,213,wfo-1200118572,,subspecies,,,,,https://www.ipni.org/n/77380045-1,IPNI record: 77380045-1,Neilreichia 16: 25 (2026)
urn:lsid:ipni.org:names:77380046-1,(Schrad.) Englmaier,Poaceae Festuca pulchella Schrad.,(Schrad.),403363-1,,,16: 26,,,,,,,,,,,,14/05/2026 12:28,14/05/2026 12:28,,,Poaceae,Lolium pulchellum,Lolium pulchellum,Lolium,,f,f,,,,,,,,,,,,,,,,,,,,,,,,,,,,,18423-1,Neilreichia,urn:lsid:ipni.org:publications:20000510-1,2026,2026 [2025 publ. 24 Apr 2026],[2025 publ. 24 Apr 2026],Englmaier,spec.,Neilreichia 16: 26. 2026 [2025 publ. 24 Apr 2026] ,,,,,11,pulchellum,,,f,t,,,,,,,Schrad.@9250-1@2@bas$Englmaier@18514-1@1@aut,,,comb. nov.,,1.1,f,lolium~pulchellum,poaceaelolium~pulchellum~,,214,wfo-1000090257,,species,,,,,https://www.ipni.org/n/77380046-1,IPNI record: 77380046-1,Neilreichia 16: 26 (2026)
urn:lsid:ipni.org:names:77380047-1,(Gren.) Englmaier,Poaceae Festuca pulchella Schrad. var. jurana Gren.,(Gren.),77071606-1,,,16: 26,,,,,,,,,,,,14/05/2026 12:31,15/05/2026 09:26,,,Poaceae,Lolium pulchellum subsp. juranum,Lolium pulchellum subsp. juranum,Lolium,,f,f,,,,,juranum,,,,,,,,,,,,,,,,,,,,,,,,77380046-1,Neilreichia,urn:lsid:ipni.org:publications:20000510-1,2026,2026 [2025 publ. 24 Apr 2026],[2025 publ. 24 Apr 2026],Englmaier,subsp.,Neilreichia 16: 26. 2026 [2025 publ. 24 Apr 2026] ,,,,,11,pulchellum,(Schrad.) Englmaier,,f,t,,,,,,,Englmaier@18514-1@1@aut$Gren.@3375-1@2@bas,Englmaier@18514-1@1@aut$Schrad.@9250-1@2@bas,,comb. et stat. nov.,,1.2,f,lolium~pulchellumjuranum,poaceaelolium~pulchellumjuranum,,215,wfo-1200118573,,subspecies,,,,,https://www.ipni.org/n/77380047-1,IPNI record: 77380047-1,Neilreichia 16: 26 (2026)
urn:lsid:ipni.org:names:77380048-1,Nyman ex Hack.,,,,,,8: 413,,,,,,,,,,,,14/05/2026 12:38,14/05/2026 12:38,,,Poaceae,Festuca sect. Subbulbosae,Festuca sect. Subbulbosae,Festuca,,f,f,,,,subbulbosae,,,,,,,,,,,,,,,,,,,,,,,,,328907-2,Bot. Centralbl.,urn:lsid:ipni.org:publications:551-2,1881,1881,,Nyman ex Hack.,sect.,Bot. Centralbl. 8: 413. 1881 ,,,,,8,,,,f,t,,,,,,,Hack.@3523-1@2@autEx$Nyman@7069-1@1@aut,,,tax. nov.,,1.1,f,festucasubbulbosae,poaceaefestucasubbulbosae~~,,216,wfo-1000090258,,section,,,,,https://www.ipni.org/n/77380048-1,IPNI record: 77380048-1,Bot. Centralbl. 8: 413 (1881)
urn:lsid:ipni.org:names:77380049-1,(Nyman ex Hack.) Englmaier,Poaceae Festuca sect. Subbulbosae Nyman ex Hack.,(Nyman ex Hack.),77380048-1,,,16: 26,,,,,,,,,,,,14/05/2026 12:40,14/05/2026 12:40,,,Poaceae,Lolium subgen. Subbulbosae,Lolium subgen. Subbulbosae,Lolium,,f,f,,,,subbulbosae,,,,,,,,,,,,,,,,,,,,,,,,,18423-1,Neilreichia,urn:lsid:ipni.org:publications:20000510-1,2026,2026 [2025 publ. 24 Apr 2026],[2025 publ. 24 Apr 2026],Englmaier,subgen.,Neilreichia 16: 26. 2026 [2025 publ. 24 Apr 2026] ,,,,,11,,,,f,t,,,,,,,Nyman@7069-1@2@bas$Hack.@3523-1@3@basEx$Englmaier@18514-1@1@aut,,,comb. et stat. nov.,,1.1,f,loliumsubbulbosae,poaceaeloliumsubbulbosae~~,,217,wfo-1000090259,,subgenus,,,,,https://www.ipni.org/n/77380049-1,IPNI record: 77380049-1,Neilreichia 16: 26 (2026)
urn:lsid:ipni.org:names:77380050-1,(L.) Englmaier,Poaceae Anthoxanthum paniculatum L.,(L.),389037-1,,,16: 26,,,,,,,,,,,,14/05/2026 12:42,14/05/2026 12:42,,,Poaceae,Lolium paniculatum,Lolium paniculatum,Lolium,,f,f,,,,,,,,,,,,,,,,,,,,,,,,,,,,,18423-1,Neilreichia,urn:lsid:ipni.org:publications:20000510-1,2026,2026 [2025 publ. 24 Apr 2026],[2025 publ. 24 Apr 2026],Englmaier,spec.,Neilreichia 16: 26. 2026 [2025 publ. 24 Apr 2026] ,,,,,11,paniculatum,,,f,t,,,,,,,L.@12653-1@2@bas$Englmaier@18514-1@1@aut,,,comb. nov.,,1.1,f,lolium~paniculatum,poaceaelolium~paniculatum~,,218,wfo-1000090260,,species,,,,,https://www.ipni.org/n/77380050-1,IPNI record: 77380050-1,Neilreichia 16: 26 (2026)
urn:lsid:ipni.org:names:77380051-1,(Benth.) Soosairaj,Lamiaceae Anisochilus eriocephalus Benth.,(Benth.),444803-1,,,2026(5)-e04990: 3,,,,,,,,,,,,14/05/2026 13:37,14/05/2026 13:37,,,Lamiaceae,Coleus eriocephalus,Coleus eriocephalus,Coleus,,f,f,,,,,,,,,,,,,,,,,,,,,,,,,,,,,20765-1,Nordic J. Bot.,urn:lsid:ipni.org:publications:2633-2,2026,2026 [28 Jan 2026],[28 Jan 2026],Soosairaj,spec.,Nordic J. Bot. 2026(5)-e04990: 3. [28 Jan 2026] ,,doi:10.1002/njb.04990,,,11,eriocephalus,,,f,t,,,,,,,Soosairaj@20032833-1@1@aut$Benth.@15956-1@2@bas,,,comb. nov.,,1.1,f,coleus~eriocephalus,lamiaceaecoleus~eriocephalus~,,219,wfo-1000090261,,species,,,,,https://www.ipni.org/n/77380051-1,IPNI record: 77380051-1,Nordic J. Bot. 2026(5)-e04990: 3 (2026)
urn:lsid:ipni.org:names:77380052-1,"(R.S.Cowan) E.Guerra, M.V.B.Soares, M.P.Morim & Iganci",Mimosaceae Pithecellobium levelii R.S.Cowan,(R.S.Cowan),200728-2,,,2026(5)-e04944: 3,,,,,,,,,,,,14/05/2026 13:45,14/05/2026 13:45,,,Leguminosae,Jupunba levelii,Jupunba levelii,Jupunba,,f,f,,,,,,,,,,,,,,,,,,,,,,,,,,,,,22687-1,Nordic J. Bot.,urn:lsid:ipni.org:publications:2633-2,2026,2026 [30 Jan 2026],[30 Jan 2026],"E.Guerra, M.V.B.Soares, M.P.Morim & Iganci",spec.,Nordic J. Bot. 2026(5)-e04944: 3. [30 Jan 2026] ,,doi:10.1002/njb.04944,,,11,levelii,,,f,t,,,,,,,E.Guerra@20031213-1@1@aut$Iganci@20015745-1@4@aut$M.V.B.Soares@20046695-1@2@aut$M.P.Morim@20023881-1@3@aut$R.S.Cowan@1850-1@5@bas,,,comb. nov.,,1.1,f,jupunba~levelii,leguminosaejupunba~levelii~,,220,wfo-1000088929,,species,,,,,https://www.ipni.org/n/77380052-1,IPNI record: 77380052-1,Nordic J. Bot. 2026(5)-e04944: 3 (2026)
urn:lsid:ipni.org:names:77380053-1,(Wiesb.) Englmaier,Poaceae Festuca uechtritziana Wiesb.,(Wiesb.),403673-1,,,16: 26,,,,,,,,,,,,14/05/2026 13:54,14/05/2026 14:43,,,Poaceae,Lolium arundinaceum subsp. uechtritzianum,Lolium arundinaceum subsp. uechtritzianum,Lolium,,f,f,,,,,uechtritzianum,77301805-1,,,,,,,,,isonym,,isonym,,,,,,,,,,,,973267-1,Neilreichia,urn:lsid:ipni.org:publications:20000510-1,2026,2026 [2025 publ. 24 Apr 2026],[2025 publ. 24 Apr 2026],Englmaier,subsp.,Neilreichia 16: 26. 2026 [2025 publ. 24 Apr 2026] ,,,,,13,arundinaceum,(Schreb.) Darbysh.,,f,t,,,,,,,Englmaier@18514-1@1@aut$Wiesb.@11652-1@2@bas,Darbysh.@17692-1@1@aut$Schreb.@9255-1@2@bas,,comb. et stat. nov.,,1.2,f,lolium~arundinaceumuechtritzianum,poaceaelolium~arundinaceumuechtritzianum,,221,wfo-1200118634,,subspecies,,,,,https://www.ipni.org/n/77380053-1,IPNI record: 77380053-1,Neilreichia 16: 26 (2026)
urn:lsid:ipni.org:names:77380054-1,Dumort.,,,,,,159,,,,,,,,,,,,14/05/2026 14:09,14/05/2026 14:09,,,Poaceae,Schedonorus sect. Plantynia,Schedonorus sect. Plantynia,Schedonorus,,f,f,,,,plantynia,,,,,,,,,,,,,,,,,,,,,,,,,18950-1,Fl. Belg. (Dumortier),urn:lsid:ipni.org:publications:5943-2,1827,1827,,Dumort.,sect.,Fl. Belg. (Dumortier) 159. 1827 ,,,,,8,,,,f,t,,,,,,,Dumort.@18271-1@1@aut,,,tax. nov.,,1.1,f,schedonorusplantynia,poaceaeschedonorusplantynia~~,,222,wfo-1000090262,,section,,,,,https://www.ipni.org/n/77380054-1,IPNI record: 77380054-1,Fl. Belg. (Dumortier) 159 (1827)
urn:lsid:ipni.org:names:77380055-1,(Dumort.) Englmaier,Poaceae Schedonorus sect. Plantynia Dumort.,(Dumort.),77380054-1,,,16: 26,,,,,,,,,,,,14/05/2026 14:11,14/05/2026 14:11,,,Poaceae,Lolium sect. Plantynia,Lolium sect. Plantynia,Lolium,,f,f,,,,plantynia,,,,,,,,,,,,,,,,,,,,,,,,,18423-1,Neilreichia,urn:lsid:ipni.org:publications:20000510-1,2026,2026 [2025 publ. 24 Apr 2026],[2025 publ. 24 Apr 2026],Englmaier,sect.,Neilreichia 16: 26. 2026 [2025 publ. 24 Apr 2026] ,,,,,11,,,,f,t,,,,,,,Dumort.@18271-1@2@bas$Englmaier@18514-1@1@aut,,,comb. nov.,,1.1,f,loliumplantynia,poaceaeloliumplantynia~~,,223,wfo-1000090263,,section,,,,,https://www.ipni.org/n/77380055-1,IPNI record: 77380055-1,Neilreichia 16: 26 (2026)
urn:lsid:ipni.org:names:77380056-1,(Friis) Amit Gupta & V.Wagh,Urticaceae Pouzolzia peteri Friis,(Friis),940940-1,,,2026(5)-e04827: 2,,,,,,,,,,,,14/05/2026 14:14,14/05/2026 14:14,,,Urticaceae,Gonostegia peteri,Gonostegia peteri,Gonostegia,,f,f,,,,,,,,,,,,,,,,,,,,,,,,,,,,,40824-1,Nordic J. Bot.,urn:lsid:ipni.org:publications:2633-2,2026,2026 [30 Jan 2026],[30 Jan 2026],Amit Gupta & V.Wagh,spec.,Nordic J. Bot. 2026(5)-e04827: 2. [30 Jan 2026] ,,doi:10.1002/njb.04827,,,11,peteri,,,f,t,,,,,,,V.Wagh@20045185-1@2@aut$Amit Gupta@20080860-1@1@aut$Friis@2921-1@3@bas,,,comb. nov.,,1.1,f,gonostegia~peteri,urticaceaegonostegia~peteri~,,224,wfo-1000090264,,species,,,,,https://www.ipni.org/n/77380056-1,IPNI record: 77380056-1,Nordic J. Bot. 2026(5)-e04827: 2 (2026)
urn:lsid:ipni.org:names:77380057-1,(Bory & Chaub.) Englmaier,Poaceae Rottboellia loliacea Bory & Chaub.,(Bory & Chaub.),419696-1,,,16: 27,,,,,,,,,,,,14/05/2026 14:15,14/05/2026 14:15,,,Poaceae,Lolium rigidum subsp. loliaceum,Lolium rigidum subsp. loliaceum,Lolium,,f,f,,,,,loliaceum,,,,,,,,,,,,,,,,,,,,,,,,407503-1,Neilreichia,urn:lsid:ipni.org:publications:20000510-1,2026,2026 [2025 publ. 24 Apr 2026],[2025 publ. 24 Apr 2026],Englmaier,subsp.,Neilreichia 16: 27. 2026 [2025 publ. 24 Apr 2026] ,,,,,11,rigidum,Gaudin,,f,t,,,,,,,Englmaier@18514-1@1@aut$Bory@16366-1@2@bas$Chaub.@17111-1@3@bas,Gaudin@3051-1@1@aut,,comb. et stat. nov.,,1.1,f,lolium~rigidumloliaceum,poaceaelolium~rigidumloliaceum,,225,wfo-1200118635,,subspecies,,,,,https://www.ipni.org/n/77380057-1,IPNI record: 77380057-1,Neilreichia 16: 27 (2026)
urn:lsid:ipni.org:names:77380058-1,Janch. & Markgr.-Dann. ex Englmaier,,,,,,16: 27,,,,,,,,,,,,14/05/2026 14:51,14/05/2026 14:51,,,Poaceae,Festuca ser. Variae,Festuca ser. Variae,Festuca,,f,f,,,,variae,,,,,,,,,,,,,,,,,,,,,,,,,328907-2,Neilreichia,urn:lsid:ipni.org:publications:20000510-1,2026,2026 [2025 publ. 24 Apr 2026],[2025 publ. 24 Apr 2026],Janch. & Markgr.-Dann. ex Englmaier,ser.,Neilreichia 16: 27. 2026 [2025 publ. 24 Apr 2026] ,,,,,8,,,,f,t,,,Festuca varia Haenke (1789),,,,Englmaier@18514-1@3@autEx$Markgr.-Dann.@6110-1@2@aut$Janch.@4417-1@1@aut,,,tax. nov.,,1.1,f,festucavariae,poaceaefestucavariae~~,,226,wfo-1000090265,,series,,,,,https://www.ipni.org/n/77380058-1,IPNI record: 77380058-1,Neilreichia 16: 27 (2026)
urn:lsid:ipni.org:names:77380059-1,Krajina,,,,,,106: 14,,,,,,,,,,,,14/05/2026 15:01,14/05/2026 15:01,,,Poaceae,Festuca varia var. handel-mazzettii,Festuca varia var. handel-mazzettii,Festuca,,f,f,,,,,handel-mazzettii,,,,,,,,,,,,,,,,,,,,,,,,403698-1,Spisy Přír. Fak. Karlovy Univ.,urn:lsid:ipni.org:publications:5420-2,1930,1930,,Krajina,var.,Spisy Přír. Fak. Karlovy Univ. 106: 14. 1930 ,,Protologue not seen by the IPNI editors. If you have access to the protologue please email a copy to us via the 'contact us' link at the top of the page.,,,8,varia,Haenke,,f,t,,,,,,,Krajina@5016-1@1@aut,Haenke@3535-1@1@aut,,tax. nov.,,1.1,f,festuca~variahandel-mazzettii,poaceaefestuca~variahandel-mazzettii,,227,wfo-1200118574,,variety,,,,,https://www.ipni.org/n/77380059-1,IPNI record: 77380059-1,Spisy Přír. Fak. Karlovy Univ. 106: 14 (1930)
urn:lsid:ipni.org:names:77380060-1,(Krajina) Englmaier,Poaceae Festuca varia Haenke var. handel-mazzettii Krajina,(Krajina),77380059-1,,,16: 27,,,,,,,,,,,,14/05/2026 15:02,14/05/2026 15:02,,,Poaceae,Festuca scabriculmis subsp. handel-mazzettii,Festuca scabriculmis subsp. handel-mazzettii,Festuca,,f,f,,,,,handel-mazzettii,,,,,,,,,,,,,,,,,,,,,,,,403486-1,Neilreichia,urn:lsid:ipni.org:publications:20000510-1,2026,2026 [2025 publ. 24 Apr 2026],[2025 publ. 24 Apr 2026],Englmaier,subsp.,Neilreichia 16: 27. 2026 [2025 publ. 24 Apr 2026] ,,,,,11,scabriculmis,Rouy,,f,t,,,,,,,Krajina@5016-1@2@bas$Englmaier@18514-1@1@aut,Rouy@8674-1@1@aut,,comb. et stat. nov.,,1.1,f,festuca~scabriculmishandel-mazzettii,poaceaefestuca~scabriculmishandel-mazzettii,,228,wfo-1200118575,,subspecies,,,,,https://www.ipni.org/n/77380060-1,IPNI record: 77380060-1,Neilreichia 16: 27 (2026)
urn:lsid:ipni.org:names:77380061-1,(Wallossek & Markgr.-Dann.) Englmaier,Poaceae Festuca varia Haenke var. winnebachensis Wallossek & Markgr.-Dann.,(Wallossek & Markgr.-Dann.),1016775-1,,,16: 27,,,,,,,,,,,,14/05/2026 15:11,14/05/2026 15:11,,,Poaceae,Festuca varia subsp. winnebachensis,Festuca varia subsp. winnebachensis,Festuca,,f,f,,,,,winnebachensis,,,,,,,,,,,,,,,,,,,,,,,,403698-1,Neilreichia,urn:lsid:ipni.org:publications:20000510-1,2026,2026 [2025 publ. 24 Apr 2026],[2025 publ. 24 Apr 2026],Englmaier,subsp.,Neilreichia 16: 27. 2026 [2025 publ. 24 Apr 2026] ,,"See Art. 6.10, Note 5 (ICN 2025).",,,11,varia,Haenke,,f,t,,,,,,,Markgr.-Dann.@6110-1@3@bas$Englmaier@18514-1@1@aut$Wallossek@39383-1@2@bas,Haenke@3535-1@1@aut,,stat. nov.,,1.1,f,festuca~variawinnebachensis,poaceaefestuca~variawinnebachensis,,229,wfo-1200118636,,subspecies,,,,,https://www.ipni.org/n/77380061-1,IPNI record: 77380061-1,Neilreichia 16: 27 (2026)
urn:lsid:ipni.org:names:77380062-1,(Duval-Jouve) Englmaier,Poaceae Loretia Duval-Jouve,(Duval-Jouve),18433-1,,,16: 27,,,,,,,,,,,,14/05/2026 15:24,14/05/2026 15:24,,,Poaceae,Festuca sect. Loretia,Festuca sect. Loretia,Festuca,,f,f,,,,loretia,,,,,,,,,,,,,,,,,,,,,,,,,328907-2,Neilreichia,urn:lsid:ipni.org:publications:20000510-1,2026,2026 [2025 publ. 24 Apr 2026],[2025 publ. 24 Apr 2026],Englmaier,sect.,Neilreichia 16: 27. 2026 [2025 publ. 24 Apr 2026] ,,,,,11,,,,f,t,,,,,,,Englmaier@18514-1@1@aut$Duval-Jouve@2419-1@2@bas,,,comb. et stat. nov.,,1.1,f,festucaloretia,poaceaefestucaloretia~~,,230,wfo-1000090266,,section,,,,,https://www.ipni.org/n/77380062-1,IPNI record: 77380062-1,Neilreichia 16: 27 (2026)
urn:lsid:ipni.org:names:77380063-1,(Mert. & W.D.J.Koch) Englmaier,Poaceae Festuca duriuscula L. var. nemoralis Mert. & W.D.J.Koch,(Mert. & W.D.J.Koch),77275526-1,,,16: 27,,,,,,,,,,,,14/05/2026 15:43,14/05/2026 15:43,,,Poaceae,Festuca amethystina subsp. nemoralis,Festuca amethystina subsp. nemoralis,Festuca,,f,f,,,,,nemoralis,,,,,,,,,,Incorrect basionym cited but valid under Art. 41.8c. ICN (2025).,,,,,,,,,,,,,,402336-1,Neilreichia,urn:lsid:ipni.org:publications:20000510-1,2026,2026 [2025 publ. 24 Apr 2026],[2025 publ. 24 Apr 2026],Englmaier,subsp.,Neilreichia 16: 27. 2026 [2025 publ. 24 Apr 2026] ,,,,,12,amethystina,L.,,f,t,,,,,,,W.D.J.Koch@21570-1@3@bas$Mert.@6378-1@2@bas$Englmaier@18514-1@1@aut,L.@12653-1@1@aut,,comb. et stat. nov.,,1.1,f,festuca~amethystinanemoralis,poaceaefestuca~amethystinanemoralis,,231,wfo-1200118576,,subspecies,,,,,https://www.ipni.org/n/77380063-1,IPNI record: 77380063-1,Neilreichia 16: 27 (2026)
urn:lsid:ipni.org:names:77380064-1,Janch. & Markgr.-Dann. ex Englmaier,,,,,,16: 28,,,,,,,,,,,,14/05/2026 15:56,14/05/2026 15:56,,,Poaceae,Festuca ser. Violaceae,Festuca ser. Violaceae,Festuca,,f,f,,,,violaceae,,,,,,,,,,,,,,,,,,,,,,,,,328907-2,Neilreichia,urn:lsid:ipni.org:publications:20000510-1,2026,2026 [2025 publ. 24 Apr 2026],[2025 publ. 24 Apr 2026],Janch. & Markgr.-Dann. ex Englmaier,ser.,Neilreichia 16: 28. 2026 [2025 publ. 24 Apr 2026] ,,,,,8,,,,f,t,,,Festuca violacea Ser. ex Gaudin (1808),,,,Janch.@4417-1@1@aut$Markgr.-Dann.@6110-1@2@aut$Englmaier@18514-1@3@autEx,,,tax. nov.,,1.2,f,festucaviolaceae,poaceaefestucaviolaceae~~,,232,wfo-1000090267,,series,,,,,https://www.ipni.org/n/77380064-1,IPNI record: 77380064-1,Neilreichia 16: 28 (2026)
urn:lsid:ipni.org:names:77380065-1,Englmaier,,,,,,16: 28,,,,,,,,,,,,14/05/2026 17:00,14/05/2026 17:00,"Croatia (Yugoslavia, Southeastern Europe, Europe)",,Poaceae,Festuca ambigua subsp. ciliata,Festuca ambigua subsp. ciliata,Festuca,,f,f,,,,,ciliata,,,,,,Vrgada,,,,,,,,,,,,,,,,,,402328-1,Neilreichia,urn:lsid:ipni.org:publications:20000510-1,2026,2026 [2025 publ. 24 Apr 2026],[2025 publ. 24 Apr 2026],Englmaier,subsp.,Neilreichia 16: 28. 2026 [2025 publ. 24 Apr 2026] ,,,,,10,ambigua,Le Gall,,f,t,,holotype W W0366091 (right hand side of sheet),,,,,Englmaier@18514-1@1@aut,Le Gall@5417-1@1@aut,,tax. nov.,,1.1,f,festuca~ambiguaciliata,poaceaefestuca~ambiguaciliata,,233,wfo-1200118577,,subspecies,,,,,https://www.ipni.org/n/77380065-1,IPNI record: 77380065-1,Neilreichia 16: 28 (2026)
urn:lsid:ipni.org:names:77380066-1,Harv.,,,,,,1: 176,,,,,,,,,,,,14/05/2026 21:18,14/05/2026 21:18,Cape Province (South Africa),,Malvaceae,Hibiscus trionum var. hastifolius,Hibiscus trionum var. hastifolius,Hibiscus,,f,f,,,,,hastifolius,,,,,,,,,,,,,,,,,,,,,,,,122028-2,Fl. Cap. (Harvey),urn:lsid:ipni.org:publications:954-2,1860,1860 [10-31 May 1860],[10-31 May 1860],Harv.,var.,Fl. Cap. (Harvey) 1: 176. 1860 [10-31 May 1860] (as 'hastaefolius'),(as 'hastaefolius'),,,,9,trionum,L.,,f,t,,,,,,,Harv.@3705-1@1@aut,L.@12653-1@1@aut,,tax. nov.,,1.1,f,hibiscus~trionumhastifolius,malvaceaehibiscus~trionumhastifolius,,234,wfo-1200118578,,variety,,,,,https://www.ipni.org/n/77380066-1,IPNI record: 77380066-1,Fl. Cap. (Harvey) 1: 176 (1860)
urn:lsid:ipni.org:names:77380067-1,Harv.,,,,,,1: 176,,,,,,,,,,,,14/05/2026 21:20,14/05/2026 21:20,Cape Province (South Africa),,Malvaceae,Hibiscus trionum var. ternatus,Hibiscus trionum var. ternatus,Hibiscus,,f,f,,,,,ternatus,,,,,,,,,,,,,,,,,,,,,,,,560932-1,Fl. Cap. (Harvey),urn:lsid:ipni.org:publications:954-2,1860,1860 [10-31 May 1860],[10-31 May 1860],Harv.,var.,Fl. Cap. (Harvey) 1: 176. 1860 [10-31 May 1860] ,,,,,9,trionum,L.,,f,t,,,,,,,Harv.@3705-1@1@aut,L.@12653-1@1@aut,,tax. nov.,,1.1,f,hibiscus~trionumternatus,malvaceaehibiscus~trionumternatus,,235,wfo-1200118637,,variety,,,,,https://www.ipni.org/n/77380067-1,IPNI record: 77380067-1,Fl. Cap. (Harvey) 1: 176 (1860)
urn:lsid:ipni.org:names:77380068-1,Harv.,,,,,,1: 176,,,,,,,,,,,,14/05/2026 21:29,14/05/2026 21:29,,,Malvaceae,Hibiscus trionum var. cordifolius,Hibiscus trionum var. cordifolius,Hibiscus,,f,f,,,,,cordifolius,,,,,,,,,,,,,,,,,,,,,,,,560932-1,Fl. Cap. (Harvey),urn:lsid:ipni.org:publications:954-2,1860,1860 [10-31 May 1860],[10-31 May 1860],Harv.,var.,Fl. Cap. (Harvey) 1: 176. 1860 [10-31 May 1860] ,,,,,8,trionum,L.,,f,t,,,,,,,Harv.@3705-1@1@aut,L.@12653-1@1@aut,,tax. nov.,,1.1,f,hibiscus~trionumcordifolius,malvaceaehibiscus~trionumcordifolius,,236,wfo-1200118638,,variety,,,,,https://www.ipni.org/n/77380068-1,IPNI record: 77380068-1,Fl. Cap. (Harvey) 1: 176 (1860)
urn:lsid:ipni.org:names:77380069-1,Harv.,,,,,,1: 176,,,,,,,,,,,,14/05/2026 21:30,14/05/2026 21:30,,,Malvaceae,Hibiscus trionum var. cordatus,Hibiscus trionum var. cordatus,Hibiscus,,f,f,,,,,cordatus,,,,,,,,,,,,,,,,,,,,,,,,560932-1,Fl. Cap. (Harvey),urn:lsid:ipni.org:publications:954-2,1860,1860 [10-31 May 1860],[10-31 May 1860],Harv.,var.,Fl. Cap. (Harvey) 1: 176. 1860 [10-31 May 1860] ,,,,,8,trionum,L.,,f,t,,,,,,,Harv.@3705-1@1@aut,L.@12653-1@1@aut,,tax. nov.,,1.1,f,hibiscus~trionumcordatus,malvaceaehibiscus~trionumcordatus,,237,wfo-1200118579,,variety,,,,,https://www.ipni.org/n/77380069-1,IPNI record: 77380069-1,Fl. Cap. (Harvey) 1: 176 (1860)
urn:lsid:ipni.org:names:77380070-1,Harv.,,,,,,1: 176,,,,,,,,,,,,14/05/2026 21:31,14/05/2026 21:31,,,Malvaceae,Hibiscus trionum var. lanceolatus,Hibiscus trionum var. lanceolatus,Hibiscus,,f,f,,,,,lanceolatus,,,,,,,,,,,,,,,,,,,,,,,,560932-1,Fl. Cap. (Harvey),urn:lsid:ipni.org:publications:954-2,1860,1860 [10-31 May 1860],[10-31 May 1860],Harv.,var.,Fl. Cap. (Harvey) 1: 176. 1860 [10-31 May 1860] ,,,,,8,trionum,L.,,f,t,,,,,,,Harv.@3705-1@1@aut,L.@12653-1@1@aut,,tax. nov.,,1.1,f,hibiscus~trionumlanceolatus,malvaceaehibiscus~trionumlanceolatus,,238,wfo-1200118580,,variety,,,,,https://www.ipni.org/n/77380070-1,IPNI record: 77380070-1,Fl. Cap. (Harvey) 1: 176 (1860)
urn:lsid:ipni.org:names:77380071-1,Boiss.,,,,,,2: 45,,,,,,,,,,,,15/05/2026 09:04,15/05/2026 09:04,,,Brassicaceae,Ptilotrichum halimifolium,Ptilotrichum halimifolium,Ptilotrichum,,f,f,,,,,,,,,,,,,,,,,,,,,,,,,,,,,12969-1,Voy. Bot. Espagne,urn:lsid:ipni.org:publications:3598-2,1839,1839,,Boiss.,spec.,Voy. Bot. Espagne 2: 45. 1839 ,,,277542-1,,9,halimifolium,,,f,t,,,,,,,Boiss.@16284-1@1@aut,,,nom. nov.,,1.1,f,ptilotrichum~halimifolium,brassicaceaeptilotrichum~halimifolium~,,239,wfo-0000735602,,species,,,,,https://www.ipni.org/n/77380071-1,IPNI record: 77380071-1,Voy. Bot. Espagne 2: 45 (1839)
urn:lsid:ipni.org:names:77380072-1,(Vis.) Englmaier,Poaceae Festuca ciliata Danthoine ex DC. var. imberbis Vis.,(Vis.),77275685-1,,,16: 29,,,,,,,,,,,,15/05/2026 10:43,15/05/2026 10:46,,,Poaceae,Festuca ambigua var. imberbis,Festuca ambigua var. imberbis,Festuca,,f,f,,,,,imberbis,,,,,,,,,,,,,,,,,,,,,,,,402328-1,Neilreichia,urn:lsid:ipni.org:publications:20000510-1,2026,2026 [2025 publ. 24 Apr 2026],[2025 publ. 24 Apr 2026],Englmaier,var.,Neilreichia 16: 29. 2026 [2025 publ. 24 Apr 2026] ,,"Basionym as 'Vulpia ciliata var. imberbis Vis., Fl. Dlamat. 1: 75 (1842).'",,,11,ambigua,Le Gall,,f,t,,,,,,,Vis.@11218-1@2@bas$Englmaier@18514-1@1@aut,Le Gall@5417-1@1@aut,,comb. nov.,,1.2,f,festuca~ambiguaimberbis,poaceaefestuca~ambiguaimberbis,,240,wfo-1200118639,,variety,,,,,https://www.ipni.org/n/77380072-1,IPNI record: 77380072-1,Neilreichia 16: 29 (2026)
urn:lsid:ipni.org:names:77380073-1,(Boiss.) Englmaier,Poaceae Vulpia ciliata Link var. plumosa Boiss.,(Boiss.),77295413-1,,,16: 29,,,,,,,,,,,,15/05/2026 10:49,15/05/2026 10:49,,,Poaceae,Festuca ambigua subsp. plumosa,Festuca ambigua subsp. plumosa,Festuca,,f,f,,,,,plumosa,,,,,,,,,,,,,,,,,,,,,,,,402328-1,Neilreichia,urn:lsid:ipni.org:publications:20000510-1,2026,2026 [2025 publ. 24 Apr 2026],[2025 publ. 24 Apr 2026],Englmaier,subsp.,Neilreichia 16: 29. 2026 [2025 publ. 24 Apr 2026] ,,,,,11,ambigua,Le Gall,,f,t,,,,,,,Boiss.@16284-1@2@bas$Englmaier@18514-1@1@aut,Le Gall@5417-1@1@aut,,comb. et stat. nov.,,1.1,f,festuca~ambiguaplumosa,poaceaefestuca~ambiguaplumosa,,241,wfo-1200118640,,subspecies,,,,,https://www.ipni.org/n/77380073-1,IPNI record: 77380073-1,Neilreichia 16: 29 (2026)
urn:lsid:ipni.org:names:77380074-1,Janch. & Markgr.-Dann. ex Englmaier,,,,,,16: 29,,,,,,,,,,,,15/05/2026 10:53,15/05/2026 10:53,,,Poaceae,Festuca ser. Hallerianae,Festuca ser. Hallerianae,Festuca,,f,f,,,,hallerianae,,,,,,,,,,,,,,,,,,,,,,,,,328907-2,Neilreichia,urn:lsid:ipni.org:publications:20000510-1,2026,2026 [2025 publ. 24 Apr 2026],[2025 publ. 24 Apr 2026],Janch. & Markgr.-Dann. ex Englmaier,ser.,Neilreichia 16: 29. 2026 [2025 publ. 24 Apr 2026] ,,,,,8,,,,f,t,,,Festuca stenantha (Hack.) K.Richt. (1890),,,,Englmaier@18514-1@3@autEx$Janch.@4417-1@1@aut$Markgr.-Dann.@6110-1@2@aut,,,tax. nov.,,1.1,f,festucahallerianae,poaceaefestucahallerianae~~,,242,wfo-1000090268,,series,,,,,https://www.ipni.org/n/77380074-1,IPNI record: 77380074-1,Neilreichia 16: 29 (2026)
urn:lsid:ipni.org:names:77380075-1,(R.Tracey) Englmaier,Poaceae Festuca brevipila R.Tracey,(R.Tracey),402461-1,,,16: 30,,,,,,,,,,,,15/05/2026 10:58,15/05/2026 10:58,,,Poaceae,Festuca trachyphylla subsp. brevipila,Festuca trachyphylla subsp. brevipila,Festuca,,f,f,,,,,brevipila,,,,,,,,,,,,,,,,,,,,,,,,60451281-2,Neilreichia,urn:lsid:ipni.org:publications:20000510-1,2026,2026 [2025 publ. 24 Apr 2026],[2025 publ. 24 Apr 2026],Englmaier,subsp.,Neilreichia 16: 30. 2026 [2025 publ. 24 Apr 2026] ,,,,,11,trachyphylla,(Hack. & Hack.) Hack. & R.P.Murray,,f,t,,,,,,,R.Tracey@13124-1@2@bas$Englmaier@18514-1@1@aut,Hack.@3523-1@3@bas$Hack.@3523-1@1@aut$R.P.Murray@6810-1@2@aut$Hack.@3523-1@4@bas,,comb. et stat. nov.,,1.1,f,festuca~trachyphyllabrevipila,poaceaefestuca~trachyphyllabrevipila,,243,wfo-1200118581,,subspecies,,,,,https://www.ipni.org/n/77380075-1,IPNI record: 77380075-1,Neilreichia 16: 30 (2026)
urn:lsid:ipni.org:names:77380076-1,T.E.Nilsson,,,,,,2026(5)-e05063: 2,,7,,7,,11138,2022,,Tommy Nilsson &amp; Jimmie Rundberg,,,15/05/2026 11:04,15/05/2026 11:45,"Sweden (Northern Europe, Europe)",,Asteraceae,Hieracium anisodontum,Hieracium anisodontum,Hieracium,,f,f,,,,,,,,,,,"Småland, Våthult parish 'Våthultsström. Örtrik vägslänt'",,,,,,,,,,,,,,,,,,330082-2,Nordic J. Bot.,urn:lsid:ipni.org:publications:2633-2,2026,2026 [2 Feb 2026],[2 Feb 2026],T.E.Nilsson,spec.,Nordic J. Bot. 2026(5)-e05063: 2. [2 Feb 2026] ,,doi:10.1002/njb.05063 Etymology: the specific epithet is chosen to underline the habit of this species of having leaf-teeth of strikingly unequal lengths.,,,11,anisodontum,,,f,t,,holotype LD,,,,,T.E.Nilsson@20030219-1@1@aut,,,tax. nov.,,1.3,f,hieracium~anisodontum,asteraceaehieracium~anisodontum~,,244,wfo-1000090269,,species,,,,,https://www.ipni.org/n/77380076-1,IPNI record: 77380076-1,Nordic J. Bot. 2026(5)-e05063: 2 (2026)
urn:lsid:ipni.org:names:77380077-1,T.E.Nilsson,,,,,,2026(5)-e05063: 12,,16,,7,,9933,2020,,Tommy Nilsson &amp; Lennart Persson,,,15/05/2026 11:04,15/05/2026 11:51,"Sweden (Northern Europe, Europe)",,Asteraceae,Hieracium erectifolium,Hieracium erectifolium,Hieracium,,f,f,,,,,,,,,,,"Småland, Bottnaryd parish, '675 m SO södra gården i Ryden. Vägslänt'",,,,,,,,,,,,,,,,,,330082-2,Nordic J. Bot.,urn:lsid:ipni.org:publications:2633-2,2026,2026 [2 Feb 2026],[2 Feb 2026],T.E.Nilsson,spec.,Nordic J. Bot. 2026(5)-e05063: 12. [2 Feb 2026] ,,doi:10.1002/njb.05063 Etymology: the specific epithet is chosen to underline this species habit of having strongly erect leaves on at least the upper half of the stem.,,,11,erectifolium,,,f,t,,holotype LD,,,,,T.E.Nilsson@20030219-1@1@aut,,,tax. nov.,,1.3,f,hieracium~erectifolium,asteraceaehieracium~erectifolium~,,245,wfo-1000090270,,species,,,,,https://www.ipni.org/n/77380077-1,IPNI record: 77380077-1,Nordic J. Bot. 2026(5)-e05063: 12 (2026)
urn:lsid:ipni.org:names:77380078-1,T.E.Nilsson,,,,,,2026(5)-e05063: 4,,28,,6,,8222,2017,,Tommy Nilsson &amp; Kjell Georgson,,,15/05/2026 11:04,15/05/2026 11:47,"Sweden (Northern Europe, Europe)",,Asteraceae,Hieracium bicoloriceps,Hieracium bicoloriceps,Hieracium,,f,f,,,,,,,,,,,"Halland, Årstad parish, '500 m NO Torsegård. Torr vägslänt'",,,,,,,,,,,,,,,,,,330082-2,Nordic J. Bot.,urn:lsid:ipni.org:publications:2633-2,2026,2026 [2 Feb 2026],[2 Feb 2026],T.E.Nilsson,spec.,Nordic J. Bot. 2026(5)-e05063: 4. [2 Feb 2026] ,,"doi:10.1002/njb.05063 Etymology: the specific epithet refers to the variegated coloration of the phyllaries of the capitula, with glossy blackish and light green parts creating surprisingly big contrasts, rarely seen in species of Hieracium sect. Tridentata.",,,11,bicoloriceps,,,f,t,,holotype LD,,,,,T.E.Nilsson@20030219-1@1@aut,,,tax. nov.,,1.3,f,hieracium~bicoloriceps,asteraceaehieracium~bicoloriceps~,,246,wfo-1000090271,,species,,,,,https://www.ipni.org/n/77380078-1,IPNI record: 77380078-1,Nordic J. Bot. 2026(5)-e05063: 4 (2026)
urn:lsid:ipni.org:names:77380079-1,T.E.Nilsson,,,,,,2026(5)-e05063: 19,,2,,7,,11231,2022,,Tommy Nilsson &amp; Jimmie Rundberg,,,15/05/2026 11:04,15/05/2026 11:54,"Sweden (Northern Europe, Europe)",,Asteraceae,Hieracium lapsanae,Hieracium lapsanae,Hieracium,,f,f,,,,,,,,,,,"Västergötland, Borås parish, 'Sjömarken, nära Norra Gränsgatan 5. Lövbryn'",,,,,,,,,,,,,,,,,,330082-2,Nordic J. Bot.,urn:lsid:ipni.org:publications:2633-2,2026,2026 [2 Feb 2026],[2 Feb 2026],T.E.Nilsson,spec.,Nordic J. Bot. 2026(5)-e05063: 19. [2 Feb 2026] ,,"doi:10.1002/njb.05063 Etymology: the specific epithet refers to the leaves of the new species, especially the median ones, which are similar to those of Lapsana communis with respect to both their shape and the distinct venation.",,,11,lapsanae,,,f,t,,holotype LD,,,,,T.E.Nilsson@20030219-1@1@aut,,,tax. nov.,,1.3,f,hieracium~lapsanae,asteraceaehieracium~lapsanae~,,247,wfo-1000090272,,species,,,,,https://www.ipni.org/n/77380079-1,IPNI record: 77380079-1,Nordic J. Bot. 2026(5)-e05063: 19 (2026)
urn:lsid:ipni.org:names:77380080-1,T.E.Nilsson,,,,,,2026(5)-e05063: 26,,14,,7,,9344,2019,,Tommy Nilsson &amp; Jimmie Rundberg,,,15/05/2026 11:04,15/05/2026 12:01,"Sweden (Northern Europe, Europe)",,Asteraceae,Hieracium multifolium,Hieracium multifolium,Hieracium,,f,f,,,,,,,,,,,"Småland, Bondstorp parish, 'Strax S om Bogla. Örtrik vägslänt'",,,,,,,,,,,,,,,,,,330082-2,Nordic J. Bot.,urn:lsid:ipni.org:publications:2633-2,2026,2026 [2 Feb 2026],[2 Feb 2026],T.E.Nilsson,spec.,Nordic J. Bot. 2026(5)-e05063: 26. [2 Feb 2026] ,,doi:10.1002/njb.05063 Etymology: the specific epithet refers to the large number of leaves of the new species.,,,11,multifolium,,,f,t,,holotype LD,,,,,T.E.Nilsson@20030219-1@1@aut,,,tax. nov.,,1.3,f,hieracium~multifolium,asteraceaehieracium~multifolium~,,248,wfo-1000090273,,species,,,,,https://www.ipni.org/n/77380080-1,IPNI record: 77380080-1,Nordic J. Bot. 2026(5)-e05063: 26 (2026)
urn:lsid:ipni.org:names:77380081-1,T.E.Nilsson & T.Tyler,,,,,,2026(5)-e05063: 24,,21,,7,,nb21 3108,2021,,Hans Groth,,,15/05/2026 11:04,15/05/2026 11:58,"Sweden (Northern Europe, Europe)",,Asteraceae,Hieracium megaplicatum,Hieracium megaplicatum,Hieracium,,f,f,,,,,,,,,,,"Norrbotten: Råneå: Vitå, vid Nyåkern, gräsmark, 25L6j 1645",,,,,,,,,,,,,,,,,,330082-2,Nordic J. Bot.,urn:lsid:ipni.org:publications:2633-2,2026,2026 [2 Feb 2026],[2 Feb 2026],T.E.Nilsson & T.Tyler,spec.,Nordic J. Bot. 2026(5)-e05063: 24. [2 Feb 2026] ,,doi:10.1002/njb.05063 Etymology: the specific epithet refers to the morphological similarity of the new species to H. plicatum Lindeb. but the new species is a much taller species with the habit of H. sect. Tridentata motivating the prefix 'mega-'.,,,11,megaplicatum,,,f,t,,holotype S;isotype LD;isotype S,,,,,T.Tyler@39648-1@2@aut$T.E.Nilsson@20030219-1@1@aut,,,tax. nov.,,1.3,f,hieracium~megaplicatum,asteraceaehieracium~megaplicatum~,,249,wfo-1000090274,,species,,,,,https://www.ipni.org/n/77380081-1,IPNI record: 77380081-1,Nordic J. Bot. 2026(5)-e05063: 24 (2026)
urn:lsid:ipni.org:names:77380082-1,T.E.Nilsson,,,,,,2026(5)-e05063: 8,,29,,6,,12337,2024,,T.Nilsson &amp; A.Svenson,,,15/05/2026 11:04,15/05/2026 11:49,"Sweden (Northern Europe, Europe)",,Asteraceae,Hieracium ditrichum,Hieracium ditrichum,Hieracium,,f,f,,,,,,,,,,,"Skåne, Loshult parish, '525 m SSV Loshults kyrka. Örtrik vägslänt mot blandskog'",,,,,,,,,,,,,,,,,,330082-2,Nordic J. Bot.,urn:lsid:ipni.org:publications:2633-2,2026,2026 [2 Feb 2026],[2 Feb 2026],T.E.Nilsson,spec.,Nordic J. Bot. 2026(5)-e05063: 8. [2 Feb 2026] ,,doi:10.1002/njb.05063 Etymology: the specific epithet refers to the new species' habit of having pilose hairs on both the phyllaries and the peduncles.,,,11,ditrichum,,,f,t,,holotype LD,,,,,T.E.Nilsson@20030219-1@1@aut,,,tax. nov.,,1.3,f,hieracium~ditrichum,asteraceaehieracium~ditrichum~,,250,wfo-1000090275,,species,,,,,https://www.ipni.org/n/77380082-1,IPNI record: 77380082-1,Nordic J. Bot. 2026(5)-e05063: 8 (2026)
urn:lsid:ipni.org:names:77380083-1,T.E.Nilsson,,,,,,2026(5)-e05063: 15,,22,,6,,12386,2024,,Tommy Nilsson &amp; Jimmie Rundberg,,,15/05/2026 11:04,15/05/2026 11:53,"Sweden (Northern Europe, Europe)",,Asteraceae,Hieracium ferox,Hieracium ferox,Hieracium,,f,f,,,,,,,,,,,"Skåne, Hörby parish, 'Osbyholm, Banvallsvägen, intill E 22:ans av- och påfart. Vägkant'",,,,,,,,,,,,,,,,,,330082-2,Nordic J. Bot.,urn:lsid:ipni.org:publications:2633-2,2026,2026 [2 Feb 2026],[2 Feb 2026],T.E.Nilsson,spec.,Nordic J. Bot. 2026(5)-e05063: 15. [2 Feb 2026] ,,doi:10.1002/njb.05063 Etymology: the specific epithet refers to the 'wild' dentation of the leaves of this species.,,,11,ferox,,,f,t,,holotype LD,,,,,T.E.Nilsson@20030219-1@1@aut,,,tax. nov.,,1.3,f,hieracium~ferox,asteraceaehieracium~ferox~,,251,wfo-1000090276,,species,,,,,https://www.ipni.org/n/77380083-1,IPNI record: 77380083-1,Nordic J. Bot. 2026(5)-e05063: 15 (2026)
urn:lsid:ipni.org:names:77380084-1,T.E.Nilsson,,,,,,2026(5)-e05063: 21,,14,,7,,11726,2023,,Tommy Nilsson &amp; Anders Svenson,,,15/05/2026 11:04,15/05/2026 11:56,"Sweden (Northern Europe, Europe)",,Asteraceae,Hieracium luteoviride,Hieracium luteoviride,Hieracium,,f,f,,,,,,,,,,,"Östergötland, Simonstorp parish '745 m SO Östralund. Skogsvägkant mot unggranskog'",,,,,,,,,,,,,,,,,,330082-2,Nordic J. Bot.,urn:lsid:ipni.org:publications:2633-2,2026,2026 [2 Feb 2026],[2 Feb 2026],T.E.Nilsson,spec.,Nordic J. Bot. 2026(5)-e05063: 21. [2 Feb 2026] ,,doi:10.1002/njb.05063 Etymology: the specific epithet is meant to point at the common habit of this species of having yellow-green leaves.,,,11,luteoviride,,,f,t,,holotype LD,,,,,T.E.Nilsson@20030219-1@1@aut,,,tax. nov.,,1.3,f,hieracium~luteoviride,asteraceaehieracium~luteoviride~,,252,wfo-1000090277,,species,,,,,https://www.ipni.org/n/77380084-1,IPNI record: 77380084-1,Nordic J. Bot. 2026(5)-e05063: 21 (2026)
urn:lsid:ipni.org:names:77380085-1,T.E.Nilsson,,,,,,2026(5)-e05063: 31,,3,,7,,4511,2011,,T.Nilsson,,,15/05/2026 11:04,15/05/2026 12:15,"Sweden (Northern Europe, Europe)",,Asteraceae,Hieracium perpendiculum,Hieracium perpendiculum,Hieracium,,f,f,,,,,,,,,,,"Småland, Tingsås parish, 'Tingsryd, 550 m SO Tingsås kyrka. Grässlänt i aspdunge'",,,,,,,,,,,,,,,,,,330082-2,Nordic J. Bot.,urn:lsid:ipni.org:publications:2633-2,2026,2026 [2 Feb 2026],[2 Feb 2026],T.E.Nilsson,spec.,Nordic J. Bot. 2026(5)-e05063: 31. [2 Feb 2026] ,,doi:10.1002/njb.05063 Etymology: the specific epithet associates to the habit of the new species of having peduncles that form right angles with main axis of the synflorescence.,,,11,perpendiculum,,,f,t,,holotype LD,,,,,T.E.Nilsson@20030219-1@1@aut,,,tax. nov.,,1.3,f,hieracium~perpendiculum,asteraceaehieracium~perpendiculum~,,253,wfo-1000090278,,species,,,,,https://www.ipni.org/n/77380085-1,IPNI record: 77380085-1,Nordic J. Bot. 2026(5)-e05063: 31 (2026)
urn:lsid:ipni.org:names:77380086-1,T.E.Nilsson,,,,,,2026(5)-e05063: 34,,28,,6,,9062,2018,,Tommy Nilsson,,,15/05/2026 11:04,15/05/2026 12:17,"Sweden (Northern Europe, Europe)",,Asteraceae,Hieracium phaeochlorum,Hieracium phaeochlorum,Hieracium,,f,f,,,,,,,,,,,"Dalsland, Håbol parish '900 m V Näset. Vägslänt'",,,,,,,,,,,,,,,,,,330082-2,Nordic J. Bot.,urn:lsid:ipni.org:publications:2633-2,2026,2026 [2 Feb 2026],[2 Feb 2026],T.E.Nilsson,spec.,Nordic J. Bot. 2026(5)-e05063: 34. [2 Feb 2026] ,,doi:10.1002/njb.05063 Etymology: the specific epithet refers to the unusual habit of this species of having leaves marbled in brown and green.,,,11,phaeochlorum,,,f,t,,holotype LD,,,,,T.E.Nilsson@20030219-1@1@aut,,,tax. nov.,,1.3,f,hieracium~phaeochlorum,asteraceaehieracium~phaeochlorum~,,254,wfo-1000090279,,species,,,,,https://www.ipni.org/n/77380086-1,IPNI record: 77380086-1,Nordic J. Bot. 2026(5)-e05063: 34 (2026)
urn:lsid:ipni.org:names:77380087-1,T.E.Nilsson,,,,,,2026(5)-e05063: 36,,18,,6,,,2016,,Kjell Georgson,,,15/05/2026 11:04,15/05/2026 12:19,"Sweden (Northern Europe, Europe)",,Asteraceae,Hieracium prasiniceps,Hieracium prasiniceps,Hieracium,,f,f,,,,,,,,,,,"Skåne, Helsingborg parish, 'Sofierovägen 35 (mittemot). Brant lövslänt mot vägen'",,,,,,,,,,,,,,,,,,330082-2,Nordic J. Bot.,urn:lsid:ipni.org:publications:2633-2,2026,2026 [2 Feb 2026],[2 Feb 2026],T.E.Nilsson,spec.,Nordic J. Bot. 2026(5)-e05063: 36. [2 Feb 2026] ,,doi:10.1002/njb.05063 Etymology: the specific epithet refers to the colour of the phyllaries of this new species.,,,10,prasiniceps,,,f,t,,holotype LD;isotype LD;isotype S;isotype OHN,,,,,T.E.Nilsson@20030219-1@1@aut,,,tax. nov.,,1.3,f,hieracium~prasiniceps,asteraceaehieracium~prasiniceps~,,255,wfo-1000090280,,species,,,,,https://www.ipni.org/n/77380087-1,IPNI record: 77380087-1,Nordic J. Bot. 2026(5)-e05063: 36 (2026)
urn:lsid:ipni.org:names:77380088-1,T.E.Nilsson,,,,,,2026(5)-e05063: 39,,18,,7,,,2023,,Kjell Georgson,,,15/05/2026 11:04,15/05/2026 12:20,"Sweden (Northern Europe, Europe)",,Asteraceae,Hieracium semirigidum,Hieracium semirigidum,Hieracium,,f,f,,,,,,,,,,,"Halland, Söndrum parish 'Eketångaskogen. Stigkant i talldominerat blandskogsområde'",,,,,,,,,,,,,,,,,,330082-2,Nordic J. Bot.,urn:lsid:ipni.org:publications:2633-2,2026,2026 [2 Feb 2026],[2 Feb 2026],T.E.Nilsson,spec.,Nordic J. Bot. 2026(5)-e05063: 39. [2 Feb 2026] ,,doi:10.1002/njb.05063 Etymology: the specific epithet refers to this species similarity to Hieracium rigidum Hartm.,,,10,semirigidum,,,f,t,,holotype LD;isotype LD;isotype S,,,,,T.E.Nilsson@20030219-1@1@aut,,,tax. nov.,,1.3,f,hieracium~semirigidum,asteraceaehieracium~semirigidum~,,256,wfo-1000090281,,species,,,,,https://www.ipni.org/n/77380088-1,IPNI record: 77380088-1,Nordic J. Bot. 2026(5)-e05063: 39 (2026)
urn:lsid:ipni.org:names:77380094-1,T.E.Nilsson,,,,,,2026(5)-e05063: 53,,7,,7,,AS19349,2019,,A.Svenson &amp; T.Nilsson,,,15/05/2026 11:28,15/05/2026 12:25,"Sweden (Northern Europe, Europe)",,Asteraceae,Hieracium xantholineatum,Hieracium xantholineatum,Hieracium,,f,f,,,,,,,,,,,"Östergötland, Örtomta parish: 'Ringstorp, Folkets hus, 25 m NNO. Gräsmark intill grusplan'",,,,,,,,,,,,,,,,,,330082-2,Nordic J. Bot.,urn:lsid:ipni.org:publications:2633-2,2026,2026 [2 Feb 2026],[2 Feb 2026],T.E.Nilsson,spec.,Nordic J. Bot. 2026(5)-e05063: 53. [2 Feb 2026] ,,"doi:10.1002/njb.05063 Etymology: the specific epithet refers to the partial similarity of this species to Hieracium lineatum (Stenstr.) Dahlst., from which it differs in having yellow-green leaves and yellow styles.",,,11,xantholineatum,,,f,t,,holotype LD;isotype LD;isotype S,,,,,T.E.Nilsson@20030219-1@1@aut,,,tax. nov.,,1.3,f,hieracium~xantholineatum,asteraceaehieracium~xantholineatum~,,257,wfo-1000090282,,species,,,,,https://www.ipni.org/n/77380094-1,IPNI record: 77380094-1,Nordic J. Bot. 2026(5)-e05063: 53 (2026)
urn:lsid:ipni.org:names:77380095-1,T.E.Nilsson,,,,,,2026(5)-e05063: 56,,22,,7,,11708,2023,,T.Nilsson &amp; A.Svenson,,,15/05/2026 11:28,15/05/2026 12:27,"Sweden (Northern Europe, Europe)",,Asteraceae,Hieracium hesperidifrons,Hieracium hesperidifrons,Hieracium,,f,f,,,,,,,,,,,"Västergötland, Strängsered parish, 'Torhult, vid västra infarten från riksväg 40. Vägkanmot cykelbana'",,,,,,,,,,,,,,,,,,330082-2,Nordic J. Bot.,urn:lsid:ipni.org:publications:2633-2,2026,2026 [2 Feb 2026],[2 Feb 2026],T.E.Nilsson,spec.,Nordic J. Bot. 2026(5)-e05063: 56. [2 Feb 2026] ,,doi:10.1002/njb.05063 Etymology: the specific epithet is chosen to point at the similarity of the leaves of this species with those of Hesperis matronalis.,,,11,hesperidifrons,,,f,t,,holotype LD,,,,,T.E.Nilsson@20030219-1@1@aut,,,tax. nov.,,1.3,f,hieracium~hesperidifrons,asteraceaehieracium~hesperidifrons~,,258,wfo-1000090283,,species,,,,,https://www.ipni.org/n/77380095-1,IPNI record: 77380095-1,Nordic J. Bot. 2026(5)-e05063: 56 (2026)
urn:lsid:ipni.org:names:77380096-1,T.E.Nilsson,,,,,,2026(5)-e05063: 46,,30,,6,,11262,2022,,Tommy Nilsson,,,15/05/2026 11:28,15/05/2026 12:22,"Sweden (Northern Europe, Europe)",,Asteraceae,Hieracium spinophytoides,Hieracium spinophytoides,Hieracium,,f,f,,,,,,,,,,,"Halland, Ullared parish '450 m NNV fyrvägskorsningen i Fridhemsberg'",,,,,,,,,,,,,,,,,,330082-2,Nordic J. Bot.,urn:lsid:ipni.org:publications:2633-2,2026,2026 [2 Feb 2026],[2 Feb 2026],T.E.Nilsson,spec.,Nordic J. Bot. 2026(5)-e05063: 46. [2 Feb 2026] ,,doi:10.1002/njb.05063 Etymology: the specific epithet refers to the resemblance of this species to Hieracium spinophytum Johanss.,,,11,spinophytoides,,,f,t,,holotype LD,,,,,T.E.Nilsson@20030219-1@1@aut,,,tax. nov.,,1.3,f,hieracium~spinophytoides,asteraceaehieracium~spinophytoides~,,259,wfo-1000090284,,species,,,,,https://www.ipni.org/n/77380096-1,IPNI record: 77380096-1,Nordic J. Bot. 2026(5)-e05063: 46 (2026)
urn:lsid:ipni.org:names:77380097-1,T.E.Nilsson,,,,,,2026(5)-e05063: 25,,,,,,,,,,,,15/05/2026 11:28,15/05/2026 11:38,,,Asteraceae,Hieracium melanostigma,Hieracium melanostigma,Hieracium,,f,f,,,,,,,,,,,,,,,,,,,,,,,,,,,,,330082-2,Nordic J. Bot.,urn:lsid:ipni.org:publications:2633-2,2026,2026 [2 Feb 2026],[2 Feb 2026],T.E.Nilsson,spec.,Nordic J. Bot. 2026(5)-e05063: 25. [2 Feb 2026] ,,doi:10.1002/njb.05063,77327181-1,,9,melanostigma,,,f,t,,,,,,,T.E.Nilsson@20030219-1@1@aut,,,nom. et stat. nov.,77327182-1,1.3,f,hieracium~melanostigma,asteraceaehieracium~melanostigma~,,260,wfo-1000090650,,species,,,,,https://www.ipni.org/n/77380097-1,IPNI record: 77380097-1,Nordic J. Bot. 2026(5)-e05063: 25 (2026)
urn:lsid:ipni.org:names:77380098-1,T.E.Nilsson,,,,,,2026(5)-e05063: 42,,7,,7,,12238,2024,,Tommy Nilsson &amp; Oskar Fransson,,,15/05/2026 11:28,15/05/2026 11:44,"Sweden (Northern Europe, Europe)",,Asteraceae,Hieracium serriolum,Hieracium serriolum,Hieracium,,f,f,,,,,,,,,,,"Småland, Järeda parish '550 m S Järeda kyrka'",,,,,,,,,,,,,,,,,,330082-2,Nordic J. Bot.,urn:lsid:ipni.org:publications:2633-2,2026,2026 [2 Feb 2026],[2 Feb 2026],T.E.Nilsson,spec.,Nordic J. Bot. 2026(5)-e05063: 42. [2 Feb 2026] ,,"doi:10.1002/njb.05063 Etymology: the specific epithet refers to the dentation of the leaves of this species, especially those on the upper half of the stem.",,,11,serriolum,,,f,t,,holotype LD,,,,,T.E.Nilsson@20030219-1@1@aut,,,tax. nov.,,1.3,f,hieracium~serriolum,asteraceaehieracium~serriolum~,,261,wfo-1000090285,,species,,,,,https://www.ipni.org/n/77380098-1,IPNI record: 77380098-1,Nordic J. Bot. 2026(5)-e05063: 42 (2026)
urn:lsid:ipni.org:names:77380099-1,T.E.Nilsson,,,,,,2026(5)-e05063: 49,,5,,7,,11172,2022,,Tommy Nilsson &amp; Jimmie Rundberg,,,15/05/2026 11:28,15/05/2026 12:23,"Sweden (Northern Europe, Europe)",,Asteraceae,Hieracium svensonii,Hieracium svensonii,Hieracium,,f,f,,,,,,,,,,,"Östergötland, Motala parish, '300 m O Bromma. Vägkant'",,,,,,,,,,,,,,,,,,330082-2,Nordic J. Bot.,urn:lsid:ipni.org:publications:2633-2,2026,2026 [2 Feb 2026],[2 Feb 2026],T.E.Nilsson,spec.,Nordic J. Bot. 2026(5)-e05063: 49. [2 Feb 2026] ,,doi:10.1002/njb.05063 Etymology: the specific epithet honours the prominent Swedish amateur botanist Anders Svenson who had an important role in the discovery of this new species.,,,11,svensonii,,,f,t,,holotype LD,,,,,T.E.Nilsson@20030219-1@1@aut,,,tax. nov.,,1.3,f,hieracium~svensonii,asteraceaehieracium~svensonii~,,262,wfo-1000090286,,species,,,,,https://www.ipni.org/n/77380099-1,IPNI record: 77380099-1,Nordic J. Bot. 2026(5)-e05063: 49 (2026)
urn:lsid:ipni.org:names:77380100-1,(Johanss.) T.E.Nilsson,Asteraceae Hieracium poliothapsinum Johanss. var. disparifolium Johanss.,(Johanss.),77369265-1,,,2026(5)-e05063: 8,,,,,,,,,,,,15/05/2026 11:28,15/05/2026 11:41,,,Asteraceae,Hieracium disparifolium,Hieracium disparifolium,Hieracium,,f,f,,,,,,,,,,,,,,,,,,,,,,,,,,,,null:,330082-2,Nordic J. Bot.,urn:lsid:ipni.org:publications:2633-2,2026,2026 [2 Feb 2026],[2 Feb 2026],T.E.Nilsson,spec.,Nordic J. Bot. 2026(5)-e05063: 8. [2 Feb 2026] ,,doi:10.1002/njb.05063,,,11,disparifolium,,,f,t,,,,,,,T.E.Nilsson@20030219-1@1@aut$Johanss.@4504-1@2@bas,,,comb. et stat. nov.,,1.3,f,hieracium~disparifolium,asteraceaehieracium~disparifolium~,,263,wfo-1000090287,,species,,,,,https://www.ipni.org/n/77380100-1,IPNI record: 77380100-1,Nordic J. Bot. 2026(5)-e05063: 8 (2026)
urn:lsid:ipni.org:names:77380102-1,H.Lindb.,,,,,,Fasc. 21-42: 203,,,,,,,,,,,,15/05/2026 12:10,15/05/2026 12:13,,,Asteraceae,Hieracium floccimarginatum subsp. paer-haraldii,Hieracium floccimarginatum subsp. paer-haraldii,Hieracium,,f,f,,,,,paer-haraldii,,,,,,,,,,,,,,,,,,,,,,,,217637-1,Exsicc. (Pl. Finland.),urn:lsid:ipni.org:publications:20040257-1,1944,1944,,H.Lindb.,subsp.,Exsicc. (Pl. Finland.) Fasc. 21-42: 203. 1944 ,,,,,8,floccimarginatum,Brenner,,f,t,,,,,,,H.Lindb.@22367-1@1@aut,Brenner@1120-1@1@aut,10460509,tax. nov.,,1.2,f,hieracium~floccimarginatumpaer-haraldii,asteraceaehieracium~floccimarginatumpaer-haraldii,,264,wfo-1200118582,,subspecies,,,,,https://www.ipni.org/n/77380102-1,IPNI record: 77380102-1,Exsicc. (Pl. Finland.) Fasc. 21-42: 203 (1944)
urn:lsid:ipni.org:names:77380103-1,(H.Lindb.) T.E.Nilsson,Asteraceae Hieracium floccimarginatum Brenner subsp. paer-haraldii H.Lindb.,(H.Lindb.),77380102-1,,,2026(5)-e05063: 30,,,,,,,,,,,,15/05/2026 12:12,15/05/2026 12:12,,,Asteraceae,Hieracium paer-haraldi,Hieracium paer-haraldi,Hieracium,,f,f,,,,,,,,,,,,,,,,,,,,,,,,,,,,,330082-2,Nordic J. Bot.,urn:lsid:ipni.org:publications:2633-2,2026,2026 [2 Feb 2026],[2 Feb 2026],T.E.Nilsson,spec.,Nordic J. Bot. 2026(5)-e05063: 30. [2 Feb 2026] ,,doi:10.1002/njb.05063,,,11,paer-haraldi,,,f,t,,,,,,,H.Lindb.@22367-1@2@bas$T.E.Nilsson@20030219-1@1@aut,,,comb. et stat. nov.,,1.1,f,hieracium~paer-haraldi,asteraceaehieracium~paer-haraldi~,,265,wfo-1000090288,,species,,,,,https://www.ipni.org/n/77380103-1,IPNI record: 77380103-1,Nordic J. Bot. 2026(5)-e05063: 30 (2026)
urn:lsid:ipni.org:names:77380104-1,Gideon F.Sm.,,,,,,755(2): 187,,,,,,,,,,,,15/05/2026 13:22,15/05/2026 13:22,,,Crassulaceae,Kalanchoe ser. Hirtae,Kalanchoe ser. Hirtae,Kalanchoe,,f,f,,,,hirtae,,,,,,,,,,,,,,,,,,,,,,,,,30060186-2,Phytotaxa,urn:lsid:ipni.org:publications:20011462-1,2026,2026 [8 May 2026],[8 May 2026],Gideon F.Sm.,ser.,Phytotaxa 755(2): 187. 2026 [8 May 2026] ,,doi:10.11646/phytotaxa.755.2.3,,,8,,,,f,t,,,Kalanchoe hirta Harvey (1862),,,,Gideon F.Sm.@40108-1@1@aut,,,tax. nov.,,1.1,f,kalanchoehirtae,crassulaceaekalanchoehirtae~~,,266,wfo-1000090289,,series,,,,,https://www.ipni.org/n/77380104-1,IPNI record: 77380104-1,Phytotaxa 755(2): 187 (2026)
urn:lsid:ipni.org:names:77380105-1,İ.Genç & Özcan,,,,,,755(2): 203,,,,,,,,,,,,15/05/2026 13:28,18/05/2026 09:30,,,Euphorbiaceae,Euphorbia bornmuelleri,Euphorbia bornmuelleri,Euphorbia,,f,f,,,,,,,,,,,,,,,,,,,,,,,,,,,,,327729-2,Phytotaxa,urn:lsid:ipni.org:publications:20011462-1,2026,2026 [8 May 2026],[8 May 2026],İ.Genç & Özcan,spec.,Phytotaxa 755(2): 203. 2026 [8 May 2026] ,,"doi:10.11646/phytotaxa.755.2.4 Etymology: 'The specific epithet refers to the German Botanist Joseph Friedrich Nicolaus Bornmüller (1862-1948), who was the first collector of the specimen'.",60465458-2,,9,bornmuelleri,,,f,t,,,,,,,İ.Genç@20014248-1@1@aut$Özcan@20028702-1@2@aut,,,nom. et stat. nov.,,1.2,f,euphorbia~bornmuelleri,euphorbiaceaeeuphorbia~bornmuelleri~,,267,wfo-1000090290,,species,,,,,https://www.ipni.org/n/77380105-1,IPNI record: 77380105-1,Phytotaxa 755(2): 203 (2026)
urn:lsid:ipni.org:names:77380106-1,F.A.Silva & Fraga,,,,,,755(2): 227,,15,,1,,7749,2009,,"A.M.Amorim, J.L.Paixão &amp; L.H.Daneu",,,15/05/2026 13:36,15/05/2026 13:38,"Bahia (Brazil Northeast, Brazil, Southern America)",W,Acanthaceae,Justicia zappiana,Justicia zappiana,Justicia,,f,f,,,,,,,,15,23,30,"Camacan, RPPN Serra Bonita, 835–1000 m",39,33,55,,,,,,S,,,,,,,,,326849-2,Phytotaxa,urn:lsid:ipni.org:publications:20011462-1,2026,2026 [8 May 2026],[8 May 2026],F.A.Silva & Fraga,spec.,Phytotaxa 755(2): 227. 2026 [8 May 2026] ,,doi:10.11646/phytotaxa.755.2.6 Etymology: 'The specific epithet honors Dr. Daniela C. Zappi'.,,,11,zappiana,,,f,t,,holotype RB RB00599132;isotype CEPEC CEPEC126371;isotype HUEFS HUEFS171578,,,,,Fraga@38845-1@2@aut$F.A.Silva@20040106-1@1@aut,,,tax. nov.,,1.2,f,justicia~zappiana,acanthaceaejusticia~zappiana~,,268,wfo-1000090291,,species,,,,,https://www.ipni.org/n/77380106-1,IPNI record: 77380106-1,Phytotaxa 755(2): 227 (2026)
urn:lsid:ipni.org:names:77380107-1,Bulacio & Arana,,,,,,755(2): 237,,15,,11,,2735,2014,,E.Bulacio &amp; H.Ayarde,,,15/05/2026 13:50,15/05/2026 13:50,"Jujuy (Argentina Northwest, Southern South America, Southern America)",W,Solanaceae,Solanum altoserranum,Solanum altoserranum,Solanum,,f,f,,,,,,,,23,37,9,"Departamento Valle Grande, Sierras de Calilegua, senda de Duraznillo a Alto Calilegua, 2950 m",64,54,54,,,,,,S,,,,,,,,,30000630-2,Phytotaxa,urn:lsid:ipni.org:publications:20011462-1,2026,2026 [8 May 2026],[8 May 2026],Bulacio & Arana,spec.,Phytotaxa 755(2): 237. 2026 [8 May 2026] ,,"doi:10.11646/phytotaxa.755.2.7 Etymology: 'The specific epithet of the new species refers to its habitat, known in Spanish as 'serranías', in the Calilegua and Santa Ana mountain ranges'.",,,11,altoserranum,,,f,t,,holotype LIL;isotype SI,,,,,Bulacio@20013218-1@1@aut$Arana@20027395-1@2@aut,,,tax. nov.,,1.1,f,solanum~altoserranum,solanaceaesolanum~altoserranum~,,269,wfo-1000090292,,species,,,,,https://www.ipni.org/n/77380107-1,IPNI record: 77380107-1,Phytotaxa 755(2): 237 (2026)
urn:lsid:ipni.org:names:77380108-1,"Mart.-Azorín, A.P.Dold, M.B.Crespo & N.R.Crouch",,,,,,755(2): 246,,6,,10,,TD 16066,2025,,A.P.Dold,,,15/05/2026 13:56,15/05/2026 13:56,"Eastern Cape Province (Cape Provinces, Southern Africa, Africa)",,Hyacinthaceae,Trimelopter pterocarpum,Trimelopter pterocarpum,Trimelopter,,f,f,,,,,,,,,,,"Rietbron (3223): Kariegasfontein farm, 30 km west of Aberdeen [Xamdeboo] on R61 (–DA), 840 m",,,,,,,,,,,,,,,,,,24858-1,Phytotaxa,urn:lsid:ipni.org:publications:20011462-1,2026,2026 [8 May 2026],[8 May 2026],"Mart.-Azorín, A.P.Dold, M.B.Crespo & N.R.Crouch",spec.,Phytotaxa 755(2): 246. 2026 [8 May 2026] ,,"doi:10.11646/phytotaxa.755.2.8 Etymology: 'Named after the large, winged capsule. The specific epithet of the new species derives from the Greek terms πτερο- (ptero-) (winged) and καρπός (karpos) (fruit)'.",,,11,pterocarpum,,,f,t,,holotype GRA,,ex hort. Grahamstown,,,N.R.Crouch@39277-1@4@aut$M.B.Crespo@17508-1@3@aut$A.P.Dold@40124-1@2@aut$Mart.-Azorín@20012898-1@1@aut,,,tax. nov.,,1.1,f,trimelopter~pterocarpum,hyacinthaceaetrimelopter~pterocarpum~,,270,wfo-1000090293,,species,,,,,https://www.ipni.org/n/77380108-1,IPNI record: 77380108-1,Phytotaxa 755(2): 246 (2026)
urn:lsid:ipni.org:names:77380109-1,J.F.Morales,,,,,,755(3): 294,,15,,12,,60626,1965,,N.T.Silva &amp; U.Brazão,,,15/05/2026 14:04,15/05/2026 14:04,"Amazonas (Brazil North, Brazil, Southern America)",,Apocynaceae,Mandevilla neblinensis,Mandevilla neblinensis,Mandevilla,,f,f,,,,,,,,,,,"Slopes of Pico da Neblina, slopes above Igarapé Anta",,,,,,,,,,,,,,,,,,328998-2,Phytotaxa,urn:lsid:ipni.org:publications:20011462-1,2026,2026 [11 May 2026],[11 May 2026],J.F.Morales,spec.,Phytotaxa 755(3): 294. 2026 [11 May 2026] ,,"doi:10.11646/phytotaxa.755.3.3 Etymology: 'The name refers to the type locality, largely known for its high endemism'.",,,11,neblinensis,,,f,t,,holotype NY NY02447128;isotype INPA;isotype UB,,,,,J.F.Morales@36896-1@1@aut,,,tax. nov.,,1.1,f,mandevilla~neblinensis,apocynaceaemandevilla~neblinensis~,,271,wfo-1000090294,,species,,,,,https://www.ipni.org/n/77380109-1,IPNI record: 77380109-1,Phytotaxa 755(3): 294 (2026)
urn:lsid:ipni.org:names:77380110-1,J.F.Morales,,,,,,755(3): 296,,29,,11,,358,1984,,D.Bell,,,15/05/2026 14:09,15/05/2026 14:09,"Venezuela (Northern South America, Southern America)",,Apocynaceae,Mandevilla yanomamii,Mandevilla yanomamii,Mandevilla,,f,f,,,,,,,,,,,"Territorio Federal Amazonas: Departamento de Río Negro, Cerro de la Neblina, 5.1 km al NE de Pico Phelps",,,,,,,,,,,,,,,,,,328998-2,Phytotaxa,urn:lsid:ipni.org:publications:20011462-1,2026,2026 [11 May 2026],[11 May 2026],J.F.Morales,spec.,Phytotaxa 755(3): 296. 2026 [11 May 2026] ,,"doi:10.11646/phytotaxa.755.3.3 Etymology: 'This species is named after the Yanomami, a native American Indian indigenous people'.",,,11,yanomamii,,,f,t,,holotype CR;isotype VEN,,,,,J.F.Morales@36896-1@1@aut,,,tax. nov.,,1.1,f,mandevilla~yanomamii,apocynaceaemandevilla~yanomamii~,,272,wfo-1000090295,,species,,,,,https://www.ipni.org/n/77380110-1,IPNI record: 77380110-1,Phytotaxa 755(3): 296 (2026)
urn:lsid:ipni.org:names:77380111-1,"Sumit Malik, I.M.Malik & V.Malik",,,,,,274: 323,,16,,11,,1706,2025,,Sumit Malik &amp; Vijai Malik,,,15/05/2026 14:41,22/05/2026 11:31,"Uttar Pradesh (India, Indian Subcontinent, Asia-Tropical)",E,Malvaceae,Sida gathwalarum,Sida gathwalarum,Sida,,f,f,,,,,,,,29,,27,Meerut Cantonment,77,42,51,,,,,,N,,,,,,,,,327150-2,PhytoKeys,urn:lsid:ipni.org:publications:20011997-1,2026,2026 [18 May 2026],[18 May 2026],"Sumit Malik, I.M.Malik & V.Malik",spec.,PhytoKeys 274: 323. 2026 [18 May 2026] ,,"doi:10.3897/phytokeys.274.191644 [english] Etymology: name honours the Gathwala (Gathwal) Khap, a traditional North Indian community to which the discoverers of this species belong.",,,11,gathwalarum,,,f,t,,holotype BSD BSD137791;isotype BSD BSD137790;isotype DD S-1012; S-1013; S-1014,,,,,Sumit Malik@20098758-1@1@aut$I.M.Malik@20098759-1@2@aut$V.Malik@20098756-1@3@aut,,,tax. nov.,,1.4,f,sida~gathwalarum,malvaceaesida~gathwalarum~,,273,wfo-1000090296,,species,,,,,https://www.ipni.org/n/77380111-1,IPNI record: 77380111-1,PhytoKeys 274: 323 (2026)
urn:lsid:ipni.org:names:77380112-1,"P.M.Peterson, Romasch. & Soreng",,,,,,275: 4,,,,,,,,,,,,15/05/2026 14:47,19/05/2026 11:50,,,Poaceae,Eragrostiola,Eragrostiola,Eragrostiola,,f,f,,,,,,,,,,,,,,,,,,,,,,,,,,,,,30000032-2,PhytoKeys,urn:lsid:ipni.org:publications:20011997-1,2026,2026 [19 May 2026],[19 May 2026],"P.M.Peterson, Romasch. & Soreng",gen.,PhytoKeys 275: 4. 2026 [19 May 2026] ,,"doi:10.3897/phytokeys.275.190083 [english] Etymology: name derived from the genus Eragrostis combined with 'ola' referring to Uniola, therefore alluding to being intermediate between these two genera.",,,9,,,,f,t,77380113-1,,,,,,Soreng@35734-1@3@aut$Romasch.@20015653-1@2@aut$P.M.Peterson@14873-1@1@aut,,,tax. nov.,,1.3,f,eragrostiola,poaceaeeragrostiola~~~,,274,wfo-4100006573,,genus,,,,,https://www.ipni.org/n/77380112-1,IPNI record: 77380112-1,PhytoKeys 275: 4 (2026)
urn:lsid:ipni.org:names:77380113-1,"(Vasey) P.M.Peterson, Romasch. & Soreng",Poaceae Eragrostis spicata Vasey,(Vasey),93223-2,,,275: 6,,,,,,,,,,,,15/05/2026 14:48,19/05/2026 11:49,,,Poaceae,Eragrostiola spicata,Eragrostiola spicata,Eragrostiola,,f,f,,,,,,,,,,,,,,,,,,,,,,,,,,,,null:,77380112-1,PhytoKeys,urn:lsid:ipni.org:publications:20011997-1,2026,2026 [19 May 2026],[19 May 2026],"P.M.Peterson, Romasch. & Soreng",spec.,PhytoKeys 275: 6. 2026 [19 May 2026] ,,doi:10.3897/phytokeys.275.190083,,,11,spicata,,,f,t,,,,,,,Vasey@11074-1@4@bas$Soreng@35734-1@3@aut$Romasch.@20015653-1@2@aut$P.M.Peterson@14873-1@1@aut,,,comb. nov.,,1.3,f,eragrostiola~spicata,poaceaeeragrostiola~spicata~,,275,wfo-1000090297,,species,,,,,https://www.ipni.org/n/77380113-1,IPNI record: 77380113-1,PhytoKeys 275: 6 (2026)
urn:lsid:ipni.org:names:77380114-1,Jian Xu & M.T.An,,,,,,275: 18,,8,,5,,,2021,,Jian Xu,,,15/05/2026 14:51,26/05/2026 12:13,"Guizhou (China South-Central, China, Asia-Temperate)",E,Ericaceae,Rhododendron jiucaipingense,Rhododendron jiucaipingense,Rhododendron,,f,f,,,,,,,,27,,9,"Bijie City, Hezhang County, Xingfa Township, on cliffs, 2600 m",104,43,48,,,,,,N,,,,,,,,,327085-2,PhytoKeys,urn:lsid:ipni.org:publications:20011997-1,2026,2026 [19 May 2026],[19 May 2026],Jian Xu & M.T.An,spec.,"PhytoKeys 275: 18. 2026 [19 May 2026] , as 'jiucaipingensis'",", as 'jiucaipingensis'","doi:10.3897/phytokeys.275.183519 [english] Etymology: the specific epithet refers to the type locality, Xingfa Township (Jiucaiping), Guizhou, China.  Epithet corrected according to Art. 23.5. ICN (2025).",,,10,jiucaipingense,,,f,t,,holotype GZAC 20210508JCP001;isotype GZAC 20210508JCP002,,,,,Jian Xu@20048524-1@1@aut$M.T.An@20014374-1@2@aut,,,tax. nov.,,1.4,f,rhododendron~jiucaipingense,ericaceaerhododendron~jiucaipingense~,,276,wfo-1000090298,,species,,,,,https://www.ipni.org/n/77380114-1,IPNI record: 77380114-1,PhytoKeys 275: 18 (2026)
urn:lsid:ipni.org:names:77380115-1,(T.Moore) W.Shao,Polypodiaceae Pleopeltis sect. Arthromeris T.Moore,(T.Moore),60468578-2,,,75(1)-e70030: 16,,,,,,,,,,,,15/05/2026 14:59,15/05/2026 15:02,,,Polypodiaceae,Selliguea subgen. Arthromeris,Selliguea subgen. Arthromeris,Selliguea,,f,f,,,,arthromeris,,,,,,,,,,,,,,,,,,,,,,,,,17221940-1,Taxon,urn:lsid:ipni.org:publications:812-2,2025,2025 [14 Sep 2025],[14 Sep 2025],W.Shao,subgen.,Taxon 75(1)-e70030: 16. 2025 [14 Sep 2025] ,,doi:10.1002/tax.70030,,,11,,,,f,t,,,,,,,T.Moore@6623-1@2@bas$W.Shao@20016954-1@1@aut,,,stat. nov.,,1.2,f,selligueaarthromeris,polypodiaceaeselligueaarthromeris~~,,277,wfo-1000090299,,subgenus,,,,,https://www.ipni.org/n/77380115-1,IPNI record: 77380115-1,Taxon 75(1)-e70030: 16 (2025)
urn:lsid:ipni.org:names:77380116-1,Ching,,,,,,9: 183,,,,,,,,,,,,15/05/2026 15:12,15/05/2026 15:12,,,Polypodiaceae,Phymatopsis ser. Hastatae,Phymatopsis ser. Hastatae,Phymatopsis,,f,f,,,,hastatae,,,,,,,,,,,,,,,,,,,,,,,,,17176820-1,Acta Phytotax. Sin.,urn:lsid:ipni.org:publications:511-2,1964,1964,,Ching,ser.,Acta Phytotax. Sin. 9: 183. 1964 ,,,,,8,,,,f,t,,,Polypodium hastatum Thunb.,,,,Ching@1597-1@1@aut,,,tax. nov.,,1.1,f,phymatopsishastatae,polypodiaceaephymatopsishastatae~~,,278,wfo-1000090300,,series,,,,,https://www.ipni.org/n/77380116-1,IPNI record: 77380116-1,Acta Phytotax. Sin. 9: 183 (1964)
urn:lsid:ipni.org:names:77380117-1,(Ching) W.Shao,Polypodiaceae Phymatopsis ser. Hastatae Ching,(Ching),77380116-1,,,75(1)-e70030: 16,,,,,,,,,,,,15/05/2026 15:13,18/05/2026 10:17,,,Polypodiaceae,Selliguea subgen. Hastatae,Selliguea subgen. Hastatae,Selliguea,,f,f,,,,hastatae,,,,,,,,,,,,,,,,,,,,,,,,,17221940-1,Taxon,urn:lsid:ipni.org:publications:812-2,2025,2025 [14 Sep 2025],[14 Sep 2025],W.Shao,subgen.,"Taxon 75(1)-e70030: 16. 2025 [14 Sep 2025] , as 'Hastata'",", as 'Hastata'",doi:10.1002/tax.70030,,,11,,,,f,t,,,,,,,W.Shao@20016954-1@1@aut$Ching@1597-1@2@bas,,,comb. et stat. nov.,,1.2,f,selligueahastatae,polypodiaceaeselligueahastatae~~,,279,wfo-1000090301,,subgenus,,,,,https://www.ipni.org/n/77380117-1,IPNI record: 77380117-1,Taxon 75(1)-e70030: 16 (2025)
urn:lsid:ipni.org:names:77380118-1,(Fraser-Jenk.) W.Shao,Polypodiaceae Pichisermollodes Fraser-Jenk.,(Fraser-Jenk.),77107825-1,,,75(1)-e70030: 16,,,,,,,,,,,,15/05/2026 15:21,15/05/2026 15:21,,,Polypodiaceae,Selliguea subgen. Pichisermollodes,Selliguea subgen. Pichisermollodes,Selliguea,,f,f,,,,pichisermollodes,,,,,,,,,,,,,,,,,,,,,,,,,17221940-1,Taxon,urn:lsid:ipni.org:publications:812-2,2025,2025 [14 Sep 2025],[14 Sep 2025],W.Shao,subgen.,Taxon 75(1)-e70030: 16. 2025 [14 Sep 2025] ,,doi:10.1002/tax.70030,,,11,,,,f,t,,,,,,,W.Shao@20016954-1@1@aut$Fraser-Jenk.@18954-1@2@bas,,,comb. et stat. nov.,,1.1,f,selligueapichisermollodes,polypodiaceaeselligueapichisermollodes~~,,280,wfo-1000090302,,subgenus,,,,,https://www.ipni.org/n/77380118-1,IPNI record: 77380118-1,Taxon 75(1)-e70030: 16 (2025)
urn:lsid:ipni.org:names:77380119-1,(Schott & Endl.) V.N.Yoshik. & M.C.Duarte,Bombacaceae Eriotheca Schott & Endl.,(Schott & Endl.),328414-2,,,75(1)-e70060: 13,,,,,,,,,,,,15/05/2026 15:38,15/05/2026 15:41,,,Bombacaceae,Pachira subgen. Eriotheca,Pachira subgen. Eriotheca,Pachira,,f,f,,,,eriotheca,,,,,,,,,,,,,,,,,,,,,,,,,26004-1,Taxon,urn:lsid:ipni.org:publications:812-2,2025,2025 [29 Oct 2025],[29 Oct 2025],V.N.Yoshik. & M.C.Duarte,subgen.,Taxon 75(1)-e70060: 13. 2025 [29 Oct 2025] ,,doi:10.1002/tax.70060,,,11,,,,f,t,,,,,,,V.N.Yoshik.@20041231-1@1@aut$Schott@9240-1@3@bas$Endl.@18490-1@4@bas$M.C.Duarte@20012601-2@2@aut,,,comb. nov.,,1.2,f,pachiraeriotheca,bombacaceaepachiraeriotheca~~,,281,wfo-1000090303,,subgenus,,,,,https://www.ipni.org/n/77380119-1,IPNI record: 77380119-1,Taxon 75(1)-e70060: 13 (2025)
urn:lsid:ipni.org:names:77380120-1,(Carv.-Sobr. & Dorr) V.N.Yoshik. & M.C.Duarte,Bombacaceae Eriotheca alversonii Carv.-Sobr. & Dorr,(Carv.-Sobr. & Dorr),77212952-1,,,75(1)-e70060: 13,,,,,,,,,,,,15/05/2026 15:40,15/05/2026 15:40,,,Bombacaceae,Pachira alversonii,Pachira alversonii,Pachira,,f,f,,,,,,,,,,,,,,,,,,,,,,,,,,,,,26004-1,Taxon,urn:lsid:ipni.org:publications:812-2,2025,2025 [29 Oct 2025],[29 Oct 2025],V.N.Yoshik. & M.C.Duarte,spec.,Taxon 75(1)-e70060: 13. 2025 [29 Oct 2025] ,,doi:10.1002/tax.70060,,,11,alversonii,,,f,t,,,,,,,M.C.Duarte@20012601-2@2@aut$Dorr@14672-1@4@bas$Carv.-Sobr.@20014698-1@3@bas$V.N.Yoshik.@20041231-1@1@aut,,,comb. nov.,,1.1,f,pachira~alversonii,bombacaceaepachira~alversonii~,,282,wfo-1000090304,,species,,,,,https://www.ipni.org/n/77380120-1,IPNI record: 77380120-1,Taxon 75(1)-e70060: 13 (2025)
urn:lsid:ipni.org:names:77380121-1,(M.C.Duarte & G.L.Esteves) V.N.Yoshik. & M.C.Duarte,Bombacaceae Eriotheca bahiensis M.C.Duarte & G.L.Esteves,(M.C.Duarte & G.L.Esteves),60457765-2,,,75(1)-e70060: 13,,,,,,,,,,,,15/05/2026 15:45,15/05/2026 15:45,,,Bombacaceae,Pachira bahiensis,Pachira bahiensis,Pachira,,f,f,,,,,,,,,,,,,,,,,,,,,,,,,,,,,26004-1,Taxon,urn:lsid:ipni.org:publications:812-2,2025,2025 [29 Oct 2025],[29 Oct 2025],V.N.Yoshik. & M.C.Duarte,spec.,Taxon 75(1)-e70060: 13. 2025 [29 Oct 2025] ,,doi:10.1002/tax.70060,,,11,bahiensis,,,f,t,,,,,,,G.L.Esteves@36662-1@4@bas$M.C.Duarte@20012601-2@3@bas$M.C.Duarte@20012601-2@2@aut$V.N.Yoshik.@20041231-1@1@aut,,,comb. nov.,,1.1,f,pachira~bahiensis,bombacaceaepachira~bahiensis~,,283,wfo-1000090305,,species,,,,,https://www.ipni.org/n/77380121-1,IPNI record: 77380121-1,Taxon 75(1)-e70060: 13 (2025)
urn:lsid:ipni.org:names:77380122-1,(K.Schum.) V.N.Yoshik. & M.C.Duarte,Bombacaceae Bombax candolleanum K.Schum.,(K.Schum.),34577-2,,,75(1)-e70060: 14,,,,,,,,,,,,15/05/2026 15:47,15/05/2026 15:47,,,Bombacaceae,Pachira candolleana,Pachira candolleana,Pachira,,f,f,,,,,,,,,,,,,,,,,,,,,,,,,,,,,26004-1,Taxon,urn:lsid:ipni.org:publications:812-2,2025,2025 [29 Oct 2025],[29 Oct 2025],V.N.Yoshik. & M.C.Duarte,spec.,Taxon 75(1)-e70060: 14. 2025 [29 Oct 2025] ,,doi:10.1002/tax.70060,,,11,candolleana,,,f,t,,,,,,,V.N.Yoshik.@20041231-1@1@aut$M.C.Duarte@20012601-2@2@aut$K.Schum.@9333-1@3@bas,,,comb. nov.,,1.1,f,pachira~candolleana,bombacaceaepachira~candolleana~,,284,wfo-1000090306,,species,,,,,https://www.ipni.org/n/77380122-1,IPNI record: 77380122-1,Taxon 75(1)-e70060: 14 (2025)
urn:lsid:ipni.org:names:77380123-1,(K.Schum.) V.N.Yoshik. & M.C.Duarte,Bombacaceae Bombax crenulatum K.Schum.,(K.Schum.),34585-2,,,75(1)-e70060: 14,,,,,,,,,,,,15/05/2026 15:50,15/05/2026 15:50,,,Bombacaceae,Pachira crenulata,Pachira crenulata,Pachira,,f,f,,,,,,,,,,,,,,,,,,,,,,,,,,,,,26004-1,Taxon,urn:lsid:ipni.org:publications:812-2,2025,2025 [29 Oct 2025],[29 Oct 2025],V.N.Yoshik. & M.C.Duarte,spec.,Taxon 75(1)-e70060: 14. 2025 [29 Oct 2025] ,,doi:10.1002/tax.70060,,,11,crenulata,,,f,t,,,,,,,V.N.Yoshik.@20041231-1@1@aut$K.Schum.@9333-1@3@bas$M.C.Duarte@20012601-2@2@aut,,,comb. nov.,,1.1,f,pachira~crenulata,bombacaceaepachira~crenulata~,,285,wfo-1000090307,,species,,,,,https://www.ipni.org/n/77380123-1,IPNI record: 77380123-1,Taxon 75(1)-e70060: 14 (2025)
urn:lsid:ipni.org:names:77380124-1,(A.Robyns) V.N.Yoshik. & M.C.Duarte,Bombacaceae Eriotheca dolichopoda A.Robyns,(A.Robyns),95969-2,,,75(1)-e70060: 14,,,,,,,,,,,,15/05/2026 15:52,15/05/2026 15:52,,,Bombacaceae,Pachira dolichopoda,Pachira dolichopoda,Pachira,,f,f,,,,,,,,,,,,,,,,,,,,,,,,,,,,,26004-1,Taxon,urn:lsid:ipni.org:publications:812-2,2025,2025 [29 Oct 2025],[29 Oct 2025],V.N.Yoshik. & M.C.Duarte,spec.,Taxon 75(1)-e70060: 14. 2025 [29 Oct 2025] ,,doi:10.1002/tax.70060,,,11,dolichopoda,,,f,t,,,,,,,V.N.Yoshik.@20041231-1@1@aut$A.Robyns@8465-1@3@bas$M.C.Duarte@20012601-2@2@aut,,,comb. nov.,,1.1,f,pachira~dolichopoda,bombacaceaepachira~dolichopoda~,,286,wfo-1000090308,,species,,,,,https://www.ipni.org/n/77380124-1,IPNI record: 77380124-1,Taxon 75(1)-e70060: 14 (2025)
urn:lsid:ipni.org:names:77380125-1,(Carv.-Sobr.) V.N.Yoshik. & M.C.Duarte,Bombacaceae Eriotheca estevesiae Carv.-Sobr.,(Carv.-Sobr.),77149229-1,,,75(1)-e70060: 14,,,,,,,,,,,,15/05/2026 15:54,15/05/2026 15:54,,,Bombacaceae,Pachira estevesiae,Pachira estevesiae,Pachira,,f,f,,,,,,,,,,,,,,,,,,,,,,,,,,,,,26004-1,Taxon,urn:lsid:ipni.org:publications:812-2,2025,2025 [29 Oct 2025],[29 Oct 2025],V.N.Yoshik. & M.C.Duarte,spec.,Taxon 75(1)-e70060: 14. 2025 [29 Oct 2025] ,,doi:10.1002/tax.70060,,,11,estevesiae,,,f,t,,,,,,,Carv.-Sobr.@20014698-1@3@bas$V.N.Yoshik.@20041231-1@1@aut$M.C.Duarte@20012601-2@2@aut,,,comb. nov.,,1.1,f,pachira~estevesiae,bombacaceaepachira~estevesiae~,,287,wfo-1000090309,,species,,,,,https://www.ipni.org/n/77380125-1,IPNI record: 77380125-1,Taxon 75(1)-e70060: 14 (2025)
urn:lsid:ipni.org:names:77380126-1,(Aubl.) V.N.Yoshik. & M.C.Duarte,Bombacaceae Bombax globosum Aubl.,(Aubl.),559137-1,,,75(1)-e70060: 14,,,,,,,,,,,,15/05/2026 15:55,15/05/2026 15:55,,,Bombacaceae,Pachira globosa,Pachira globosa,Pachira,,f,f,,,,,,,,,,,,,,,,,,,,,,,,,,,,,26004-1,Taxon,urn:lsid:ipni.org:publications:812-2,2025,2025 [29 Oct 2025],[29 Oct 2025],V.N.Yoshik. & M.C.Duarte,spec.,Taxon 75(1)-e70060: 14. 2025 [29 Oct 2025] ,,doi:10.1002/tax.70060,,,11,globosa,,,f,t,,,,,,,Aubl.@327-1@3@bas$M.C.Duarte@20012601-2@2@aut$V.N.Yoshik.@20041231-1@1@aut,,,comb. nov.,,1.1,f,pachira~globosa,bombacaceaepachira~globosa~,,288,wfo-1000090310,,species,,,,,https://www.ipni.org/n/77380126-1,IPNI record: 77380126-1,Taxon 75(1)-e70060: 14 (2025)
urn:lsid:ipni.org:names:77380127-1,(K.Schum.) V.N.Yoshik. & M.C.Duarte,Bombacaceae Bombax gracilipes K.Schum.,(K.Schum.),34601-2,,,75(1)-e70060: 14,,,,,,,,,,,,15/05/2026 15:57,15/05/2026 15:57,,,Bombacaceae,Pachira gracilipes,Pachira gracilipes,Pachira,,f,f,,,,,,,,,,,,,,,,,,,,,,,,,,,,,26004-1,Taxon,urn:lsid:ipni.org:publications:812-2,2025,2025 [29 Oct 2025],[29 Oct 2025],V.N.Yoshik. & M.C.Duarte,spec.,Taxon 75(1)-e70060: 14. 2025 [29 Oct 2025] ,,doi:10.1002/tax.70060,,,11,gracilipes,,,f,t,,,,,,,K.Schum.@9333-1@3@bas$M.C.Duarte@20012601-2@2@aut$V.N.Yoshik.@20041231-1@1@aut,,,comb. nov.,,1.1,f,pachira~gracilipes,bombacaceaepachira~gracilipes~,,289,wfo-1000090311,,species,,,,,https://www.ipni.org/n/77380127-1,IPNI record: 77380127-1,Taxon 75(1)-e70060: 14 (2025)
urn:lsid:ipni.org:names:77380128-1,(A.Robyns) V.N.Yoshik. & M.C.Duarte,Bombacaceae Eriotheca candolleana (K.Schum.) A.Robyns var. longipes A.Robyns,(A.Robyns),95965-2,,,75(1)-e70060: 14,,,,,,,,,,,,15/05/2026 15:58,15/05/2026 15:58,,,Bombacaceae,Pachira longipes,Pachira longipes,Pachira,,f,f,,,,,,,,,,,,,,,,,,,,,,,,,,,,,26004-1,Taxon,urn:lsid:ipni.org:publications:812-2,2025,2025 [29 Oct 2025],[29 Oct 2025],V.N.Yoshik. & M.C.Duarte,spec.,Taxon 75(1)-e70060: 14. 2025 [29 Oct 2025] ,,doi:10.1002/tax.70060,,,11,longipes,,,f,t,,,,,,,M.C.Duarte@20012601-2@2@aut$A.Robyns@8465-1@3@bas$V.N.Yoshik.@20041231-1@1@aut,,,comb. et stat. nov.,,1.1,f,pachira~longipes,bombacaceaepachira~longipes~,,290,wfo-1000090312,,species,,,,,https://www.ipni.org/n/77380128-1,IPNI record: 77380128-1,Taxon 75(1)-e70060: 14 (2025)
urn:lsid:ipni.org:names:77380129-1,(V.N.Yoshik. & M.C.Duarte) V.N.Yoshik. & M.C.Duarte,Bombacaceae Eriotheca luzensis V.N.Yoshik. & M.C.Duarte,(V.N.Yoshik. & M.C.Duarte),77343129-1,,,75(1)-e70060: 14,,,,,,,,,,,,15/05/2026 15:59,15/05/2026 15:59,,,Bombacaceae,Pachira luzensis,Pachira luzensis,Pachira,,f,f,,,,,,,,,,,,,,,,,,,,,,,,,,,,,26004-1,Taxon,urn:lsid:ipni.org:publications:812-2,2025,2025 [29 Oct 2025],[29 Oct 2025],V.N.Yoshik. & M.C.Duarte,spec.,Taxon 75(1)-e70060: 14. 2025 [29 Oct 2025] ,,doi:10.1002/tax.70060,,,11,luzensis,,,f,t,,,,,,,M.C.Duarte@20012601-2@4@bas$V.N.Yoshik.@20041231-1@3@bas$M.C.Duarte@20012601-2@2@aut$V.N.Yoshik.@20041231-1@1@aut,,,comb. nov.,,1.1,f,pachira~luzensis,bombacaceaepachira~luzensis~,,291,wfo-1000090313,,species,,,,,https://www.ipni.org/n/77380129-1,IPNI record: 77380129-1,Taxon 75(1)-e70060: 14 (2025)
urn:lsid:ipni.org:names:77380130-1,(K.Schum.) V.N.Yoshik. & M.C.Duarte,Bombacaceae Bombax macrophyllum K.Schum.,(K.Schum.),34591-2,,,75(1)-e70060: 14,,,,,,,,,,,,15/05/2026 16:04,15/05/2026 16:04,,,Bombacaceae,Pachira macrophylla,Pachira macrophylla,Pachira,,f,f,,,,,,,,,,,,,,,,,,,,,,,,,,,,,26004-1,Taxon,urn:lsid:ipni.org:publications:812-2,2025,2025 [29 Oct 2025],[29 Oct 2025],V.N.Yoshik. & M.C.Duarte,spec.,Taxon 75(1)-e70060: 14. 2025 [29 Oct 2025] ,,doi:10.1002/tax.70060,,,11,macrophylla,,,f,t,,,,,,,K.Schum.@9333-1@3@bas$M.C.Duarte@20012601-2@2@aut$V.N.Yoshik.@20041231-1@1@aut,,,comb. nov.,,1.1,f,pachira~macrophylla,bombacaceaepachira~macrophylla~,,292,wfo-1000090314,,species,,,,,https://www.ipni.org/n/77380130-1,IPNI record: 77380130-1,Taxon 75(1)-e70060: 14 (2025)
urn:lsid:ipni.org:names:77380131-1,(A.Robyns & S.Nilsson) V.N.Yoshik. & M.C.Duarte,Bombacaceae Eriotheca obcordata A.Robyns & S.Nilsson,(A.Robyns & S.Nilsson),95978-2,,,75(1)-e70060: 14,,,,,,,,,,,,15/05/2026 16:06,15/05/2026 16:06,,,Bombacaceae,Pachira obcordata,Pachira obcordata,Pachira,,f,f,,,,,,,,,,,,,,,,,,,,,,,,,,,,,26004-1,Taxon,urn:lsid:ipni.org:publications:812-2,2025,2025 [29 Oct 2025],[29 Oct 2025],V.N.Yoshik. & M.C.Duarte,spec.,Taxon 75(1)-e70060: 14. 2025 [29 Oct 2025] ,,doi:10.1002/tax.70060,,,11,obcordata,,,f,t,,,,,,,M.C.Duarte@20012601-2@2@aut$A.Robyns@8465-1@3@bas$V.N.Yoshik.@20041231-1@1@aut$S.Nilsson@6996-1@4@bas,,,comb. nov.,,1.1,f,pachira~obcordata,bombacaceaepachira~obcordata~,,293,wfo-1000090315,,species,,,,,https://www.ipni.org/n/77380131-1,IPNI record: 77380131-1,Taxon 75(1)-e70060: 14 (2025)
urn:lsid:ipni.org:names:77380132-1,"(Carv.-Sobr., A.C.Mota & Dorr) V.N.Yoshik. & M.C.Duarte","Bombacaceae Eriotheca paganuccii Carv.-Sobr., A.C.Mota & Dorr","(Carv.-Sobr., A.C.Mota & Dorr)",77344361-1,,,75(1)-e70060: 14,,,,,,,,,,,,15/05/2026 16:07,15/05/2026 16:07,,,Bombacaceae,Pachira paganuccii,Pachira paganuccii,Pachira,,f,f,,,,,,,,,,,,,,,,,,,,,,,,,,,,,26004-1,Taxon,urn:lsid:ipni.org:publications:812-2,2025,2025 [29 Oct 2025],[29 Oct 2025],V.N.Yoshik. & M.C.Duarte,spec.,Taxon 75(1)-e70060: 14. 2025 [29 Oct 2025] ,,doi:10.1002/tax.70060,,,11,paganuccii,,,f,t,,,,,,,Dorr@14672-1@5@bas$A.C.Mota@20019884-1@4@bas$Carv.-Sobr.@20014698-1@3@bas$V.N.Yoshik.@20041231-1@1@aut$M.C.Duarte@20012601-2@2@aut,,,comb. nov.,,1.1,f,pachira~paganuccii,bombacaceaepachira~paganuccii~,,294,wfo-1000090316,,species,,,,,https://www.ipni.org/n/77380132-1,IPNI record: 77380132-1,Taxon 75(1)-e70060: 14 (2025)
urn:lsid:ipni.org:names:77380133-1,(Mart. & Zucc.) V.N.Yoshik. & M.C.Duarte,Bombacaceae Bombax parvifolium Mart. & Zucc.,(Mart. & Zucc.),34630-2,,,75(1)-e70060: 14,,,,,,,,,,,,15/05/2026 16:08,15/05/2026 16:08,,,Bombacaceae,Pachira parvifolia,Pachira parvifolia,Pachira,,f,f,,,,,,,,,,,,,,,,,,,,,,,,,,,,,26004-1,Taxon,urn:lsid:ipni.org:publications:812-2,2025,2025 [29 Oct 2025],[29 Oct 2025],V.N.Yoshik. & M.C.Duarte,spec.,Taxon 75(1)-e70060: 14. 2025 [29 Oct 2025] ,,doi:10.1002/tax.70060,,,11,parvifolia,,,f,t,,,,,,,Zucc.@12069-1@4@bas$V.N.Yoshik.@20041231-1@1@aut$M.C.Duarte@20012601-2@2@aut$Mart.@22979-1@3@bas,,,comb. nov.,,1.1,f,pachira~parvifolia,bombacaceaepachira~parvifolia~,,295,wfo-1000090317,,species,,,,,https://www.ipni.org/n/77380133-1,IPNI record: 77380133-1,Taxon 75(1)-e70060: 14 (2025)
urn:lsid:ipni.org:names:77380134-1,(Vell.) V.N.Yoshik. & M.C.Duarte,Bombacaceae Bombax pentaphyllum Vell.,(Vell.),559170-1,,,75(1)-e70060: 14,,,,,,,,,,,,15/05/2026 16:12,15/05/2026 16:12,,,Bombacaceae,Pachira pentaphylla,Pachira pentaphylla,Pachira,,f,f,,,,,,,,,,,,,,,,,,,,,,,,,,,,,26004-1,Taxon,urn:lsid:ipni.org:publications:812-2,2025,2025 [29 Oct 2025],[29 Oct 2025],V.N.Yoshik. & M.C.Duarte,spec.,Taxon 75(1)-e70060: 14. 2025 [29 Oct 2025] ,,doi:10.1002/tax.70060,,,11,pentaphylla,,,f,t,,,,,,,M.C.Duarte@20012601-2@2@aut$V.N.Yoshik.@20041231-1@1@aut$Vell.@11122-1@3@bas,,,comb. nov.,,1.1,f,pachira~pentaphylla,bombacaceaepachira~pentaphylla~,,296,wfo-1000090318,,species,,,,,https://www.ipni.org/n/77380134-1,IPNI record: 77380134-1,Taxon 75(1)-e70060: 14 (2025)
urn:lsid:ipni.org:names:77380135-1,(Mart. & Zucc.) V.N.Yoshik. & M.C.Duarte,Bombacaceae Bombax pubescens Mart. & Zucc.,(Mart. & Zucc.),559173-1,,,75(1)-e70060: 14,,,,,,,,,,,,15/05/2026 16:22,15/05/2026 16:22,,,Bombacaceae,Pachira pubescens,Pachira pubescens,Pachira,,f,f,,,,,,,,,,,,,,,,,,,,,,,,,,,,,26004-1,Taxon,urn:lsid:ipni.org:publications:812-2,2025,2025 [29 Oct 2025],[29 Oct 2025],V.N.Yoshik. & M.C.Duarte,spec.,Taxon 75(1)-e70060: 14. 2025 [29 Oct 2025] ,,doi:10.1002/tax.70060,,,11,pubescens,,,f,t,,,,,,,M.C.Duarte@20012601-2@2@aut$Zucc.@12069-1@4@bas$Mart.@22979-1@3@bas$V.N.Yoshik.@20041231-1@1@aut,,,comb. nov.,,1.1,f,pachira~pubescens,bombacaceaepachira~pubescens~,,297,wfo-1000090319,,species,,,,,https://www.ipni.org/n/77380135-1,IPNI record: 77380135-1,Taxon 75(1)-e70060: 14 (2025)
urn:lsid:ipni.org:names:77380136-1,V.N.Yoshik. & M.C.Duarte,,,,,,75(1)-e70060: 14,,,,,,,,,,,,15/05/2026 16:25,15/05/2026 16:25,,,Bombacaceae,Pachira ruschii,Pachira ruschii,Pachira,,f,f,,,,,,,,,,,,,,,,,,,,,,,,,,,,,26004-1,Taxon,urn:lsid:ipni.org:publications:812-2,2025,2025 [29 Oct 2025],[29 Oct 2025],V.N.Yoshik. & M.C.Duarte,spec.,Taxon 75(1)-e70060: 14. 2025 [29 Oct 2025] ,,"doi:10.1002/tax.70060  Etymology: the epithet refers to the type locality, Reserva Biológica Augusto Rusch.",77195154-1,,9,ruschii,,,f,t,,,,,,,V.N.Yoshik.@20041231-1@1@aut$M.C.Duarte@20012601-2@2@aut,,,nom. nov.,,1.1,f,pachira~ruschii,bombacaceaepachira~ruschii~,,298,wfo-1000090320,,species,,,,,https://www.ipni.org/n/77380136-1,IPNI record: 77380136-1,Taxon 75(1)-e70060: 14 (2025)
urn:lsid:ipni.org:names:77380137-1,(Carv.-Sobr.) V.N.Yoshik. & M.C.Duarte,Bombacaceae Eriotheca saxicola Carv.-Sobr.,(Carv.-Sobr.),60461601-2,,,75(1)-e70060: 14,,,,,,,,,,,,15/05/2026 16:26,15/05/2026 16:26,,,Bombacaceae,Pachira saxicola,Pachira saxicola,Pachira,,f,f,,,,,,,,,,,,,,,,,,,,,,,,,,,,,26004-1,Taxon,urn:lsid:ipni.org:publications:812-2,2025,2025 [29 Oct 2025],[29 Oct 2025],V.N.Yoshik. & M.C.Duarte,spec.,Taxon 75(1)-e70060: 14. 2025 [29 Oct 2025] ,,doi:10.1002/tax.70060,,,11,saxicola,,,f,t,,,,,,,M.C.Duarte@20012601-2@2@aut$Carv.-Sobr.@20014698-1@3@bas$V.N.Yoshik.@20041231-1@1@aut,,,comb. nov.,,1.1,f,pachira~saxicola,bombacaceaepachira~saxicola~,,299,wfo-1000090321,,species,,,,,https://www.ipni.org/n/77380137-1,IPNI record: 77380137-1,Taxon 75(1)-e70060: 14 (2025)
urn:lsid:ipni.org:names:77380138-1,(Ducke) V.N.Yoshik. & M.C.Duarte,Bombacaceae Bombax sclerophyllum Ducke,(Ducke),34643-2,,,75(1)-e70060: 14,,,,,,,,,,,,15/05/2026 16:29,15/05/2026 16:29,,,Bombacaceae,Pachira sclerophylla,Pachira sclerophylla,Pachira,,f,f,,,,,,,,,,,,,,,,,,,,,,,,,,,,,26004-1,Taxon,urn:lsid:ipni.org:publications:812-2,2025,2025 [29 Oct 2025],[29 Oct 2025],V.N.Yoshik. & M.C.Duarte,spec.,Taxon 75(1)-e70060: 14. 2025 [29 Oct 2025] ,,doi:10.1002/tax.70060,,,11,sclerophylla,,,f,t,,,,,,,V.N.Yoshik.@20041231-1@1@aut$M.C.Duarte@20012601-2@2@aut$Ducke@2347-1@3@bas,,,comb. nov.,,1.1,f,pachira~sclerophylla,bombacaceaepachira~sclerophylla~,,300,wfo-1000090322,,species,,,,,https://www.ipni.org/n/77380138-1,IPNI record: 77380138-1,Taxon 75(1)-e70060: 14 (2025)
urn:lsid:ipni.org:names:77380139-1,(Uittien) V.N.Yoshik. & M.C.Duarte,Bombacaceae Bombax surinamense Uittien,(Uittien),34650-2,,,75(1)-e70060: 14,,,,,,,,,,,,15/05/2026 16:37,15/05/2026 16:37,,,Bombacaceae,Pachira surinamensis,Pachira surinamensis,Pachira,,f,f,,,,,,,,,,,,,,,,,,,,,,,,,,,,,26004-1,Taxon,urn:lsid:ipni.org:publications:812-2,2025,2025 [29 Oct 2025],[29 Oct 2025],V.N.Yoshik. & M.C.Duarte,spec.,Taxon 75(1)-e70060: 14. 2025 [29 Oct 2025] ,,doi:10.1002/tax.70060,,,11,surinamensis,,,f,t,,,,,,,V.N.Yoshik.@20041231-1@1@aut$Uittien@10964-1@3@bas$M.C.Duarte@20012601-2@2@aut,,,comb. nov.,,1.1,f,pachira~surinamensis,bombacaceaepachira~surinamensis~,,301,wfo-1000090323,,species,,,,,https://www.ipni.org/n/77380139-1,IPNI record: 77380139-1,Taxon 75(1)-e70060: 14 (2025)
urn:lsid:ipni.org:names:77380140-1,(V.N.Yoshik. & M.C.Duarte) V.N.Yoshik. & M.C.Duarte,Bombacaceae Eriotheca uniflora V.N.Yoshik. & M.C.Duarte,(V.N.Yoshik. & M.C.Duarte),77299362-1,,,75(1)-e70060: 14,,,,,,,,,,,,15/05/2026 16:38,15/05/2026 16:38,,,Bombacaceae,Pachira uniflora,Pachira uniflora,Pachira,,f,f,,,,,,,,,,,,,,,,,,,,,,,,,,,,,26004-1,Taxon,urn:lsid:ipni.org:publications:812-2,2025,2025 [29 Oct 2025],[29 Oct 2025],V.N.Yoshik. & M.C.Duarte,spec.,Taxon 75(1)-e70060: 14. 2025 [29 Oct 2025] ,,doi:10.1002/tax.70060,,,11,uniflora,,,f,t,,,,,,,V.N.Yoshik.@20041231-1@3@bas$V.N.Yoshik.@20041231-1@1@aut$M.C.Duarte@20012601-2@4@bas$M.C.Duarte@20012601-2@2@aut,,,comb. nov.,,1.1,f,pachira~uniflora,bombacaceaepachira~uniflora~,,302,wfo-1000090324,,species,,,,,https://www.ipni.org/n/77380140-1,IPNI record: 77380140-1,Taxon 75(1)-e70060: 14 (2025)
urn:lsid:ipni.org:names:77380141-1,J.S.Siqueira & M.C.Duarte,,,,,,75(1)-e70060: 14,,,,,,,,,,,,15/05/2026 16:42,15/05/2026 16:42,,,Bombacaceae,Pachira subgen. Longissimae,Pachira subgen. Longissimae,Pachira,,f,f,,,,longissimae,,,,,,,,,,,,,,,,,,,,,,,,,26004-1,Taxon,urn:lsid:ipni.org:publications:812-2,2025,2025 [29 Oct 2025],[29 Oct 2025],J.S.Siqueira & M.C.Duarte,subgen.,Taxon 75(1)-e70060: 14. 2025 [29 Oct 2025] ,,doi:10.1002/tax.70060,,,8,,,,f,t,,,Pachira calophylla (K.Schum.) Fern.Alonso,,,,M.C.Duarte@20012601-2@2@aut$J.S.Siqueira@20098650-1@1@aut,,,tax. nov.,,1.1,f,pachiralongissimae,bombacaceaepachiralongissimae~~,,303,wfo-1000090325,,subgenus,,,,,https://www.ipni.org/n/77380141-1,IPNI record: 77380141-1,Taxon 75(1)-e70060: 14 (2025)
urn:lsid:ipni.org:names:77380142-1,A.Robyns,,,,,,33: 167,,,,,,,,,,,,15/05/2026 16:52,15/05/2026 16:52,,,Bombacaceae,Eriotheca subgen. Macrosiphon,Eriotheca subgen. Macrosiphon,Eriotheca,,f,f,,,,macrosiphon,,,,,,,,,,,,,,,,,,,,,,,,,328414-2,Bull. Jard. Bot. État Bruxelles,urn:lsid:ipni.org:publications:876-2,1963,1963 [30 Jun 1963],[30 Jun 1963],A.Robyns,subgen.,Bull. Jard. Bot. État Bruxelles 33: 167. 1963 [30 Jun 1963] ,,,,,8,,,,f,t,,,Eriotheca longipedicellata (Ducke) A.Robyns,,,,A.Robyns@8465-1@1@aut,,,tax. nov.,,1.1,f,eriothecamacrosiphon,bombacaceaeeriothecamacrosiphon~~,,304,wfo-1000090326,,subgenus,,,,,https://www.ipni.org/n/77380142-1,IPNI record: 77380142-1,Bull. Jard. Bot. État Bruxelles 33: 167 (1963)
urn:lsid:ipni.org:names:77380143-1,(A.Robyns) V.N.Yoshik. & M.C.Duarte,Bombacaceae Eriotheca subgen. Macrosiphon A.Robyns,(A.Robyns),77380142-1,,,75(1)-e70060: 15,,,,,,,,,,,,15/05/2026 16:52,15/05/2026 16:52,,,Bombacaceae,Pachira subgen. Macrosiphon,Pachira subgen. Macrosiphon,Pachira,,f,f,,,,macrosiphon,,,,,,,,,,,,,,,,,,,,,,,,,26004-1,Taxon,urn:lsid:ipni.org:publications:812-2,2025,2025 [29 Oct 2025],[29 Oct 2025],V.N.Yoshik. & M.C.Duarte,subgen.,Taxon 75(1)-e70060: 15. 2025 [29 Oct 2025] ,,doi:10.1002/tax.70060,,,11,,,,f,t,,,,,,,A.Robyns@8465-1@3@bas$V.N.Yoshik.@20041231-1@1@aut$M.C.Duarte@20012601-2@2@aut,,,comb. nov.,,1.1,f,pachiramacrosiphon,bombacaceaepachiramacrosiphon~~,,305,wfo-1000090327,,subgenus,,,,,https://www.ipni.org/n/77380143-1,IPNI record: 77380143-1,Taxon 75(1)-e70060: 15 (2025)
urn:lsid:ipni.org:names:77380144-1,(Ducke) V.N.Yoshik. & M.C.Duarte,Bombacaceae Bombax longipedicellatum Ducke,(Ducke),34593-2,,,75(1)-e70060: 15,,,,,,,,,,,,15/05/2026 16:57,15/05/2026 16:57,,,Bombacaceae,Pachira longipedicellata,Pachira longipedicellata,Pachira,,f,f,,,,,,,,,,,,,,,,,,,,,,,,,,,,,26004-1,Taxon,urn:lsid:ipni.org:publications:812-2,2025,2025 [29 Oct 2025],[29 Oct 2025],V.N.Yoshik. & M.C.Duarte,spec.,Taxon 75(1)-e70060: 15. 2025 [29 Oct 2025] ,,doi:10.1002/tax.70060,,,11,longipedicellata,,,f,t,,,,,,,Ducke@2347-1@3@bas$M.C.Duarte@20012601-2@2@aut$V.N.Yoshik.@20041231-1@1@aut,,,comb. nov.,,1.1,f,pachira~longipedicellata,bombacaceaepachira~longipedicellata~,,306,wfo-1000090328,,species,,,,,https://www.ipni.org/n/77380144-1,IPNI record: 77380144-1,Taxon 75(1)-e70060: 15 (2025)
urn:lsid:ipni.org:names:77380145-1,(A.Robyns) V.N.Yoshik. & M.C.Duarte,Bombacaceae Eriotheca longitubulosa A.Robyns,(A.Robyns),95975-2,,,75(1)-e70060: 15,,,,,,,,,,,,15/05/2026 17:01,15/05/2026 17:01,,,Bombacaceae,Pachira longitubulosa,Pachira longitubulosa,Pachira,,f,f,,,,,,,,,,,,,,,,,,,,,,,,,,,,,26004-1,Taxon,urn:lsid:ipni.org:publications:812-2,2025,2025 [29 Oct 2025],[29 Oct 2025],V.N.Yoshik. & M.C.Duarte,spec.,Taxon 75(1)-e70060: 15. 2025 [29 Oct 2025] ,,doi:10.1002/tax.70060,,,11,longitubulosa,,,f,t,,,,,,,A.Robyns@8465-1@3@bas$V.N.Yoshik.@20041231-1@1@aut$M.C.Duarte@20012601-2@2@aut,,,comb. nov.,,1.1,f,pachira~longitubulosa,bombacaceaepachira~longitubulosa~,,307,wfo-1000090329,,species,,,,,https://www.ipni.org/n/77380145-1,IPNI record: 77380145-1,Taxon 75(1)-e70060: 15 (2025)
urn:lsid:ipni.org:names:77380146-1,(Fern.Alonso) V.N.Yoshik. & M.C.Duarte,Bombacaceae Eriotheca loretensis Fern.Alonso,(Fern.Alonso),327588-2,,,75(1)-e70060: 15,,,,,,,,,,,,15/05/2026 17:03,15/05/2026 17:03,,,Bombacaceae,Pachira loretensis,Pachira loretensis,Pachira,,f,f,,,,,,,,,,,,,,,,,,,,,,,,,,,,,26004-1,Taxon,urn:lsid:ipni.org:publications:812-2,2025,2025 [29 Oct 2025],[29 Oct 2025],V.N.Yoshik. & M.C.Duarte,spec.,Taxon 75(1)-e70060: 15. 2025 [29 Oct 2025] ,,doi:10.1002/tax.70060,,,11,loretensis,,,f,t,,,,,,,M.C.Duarte@20012601-2@2@aut$V.N.Yoshik.@20041231-1@1@aut$Fern.Alonso@18744-1@3@bas,,,comb. nov.,,1.1,f,pachira~loretensis,bombacaceaepachira~loretensis~,,308,wfo-1000090330,,species,,,,,https://www.ipni.org/n/77380146-1,IPNI record: 77380146-1,Taxon 75(1)-e70060: 15 (2025)
urn:lsid:ipni.org:names:77380147-1,(Standl.) A.Robyns,Bombacaceae Millea Standl.,(Standl.),297546-2,,,33(2): 159,,,,,,,,,,,,15/05/2026 17:10,15/05/2026 17:10,,,Bombacaceae,Eriotheca subgen. Millea,Eriotheca subgen. Millea,Eriotheca,,f,f,,,,millea,,,,,,,,,,,,,,,,,,,,,,,,,328414-2,Bull. Jard. Bot. État Bruxelles,urn:lsid:ipni.org:publications:876-2,1963,1963 [30 Jun 1963],[30 Jun 1963],A.Robyns,subgen.,Bull. Jard. Bot. État Bruxelles 33(2): 159. 1963 [30 Jun 1963] ,,,,,11,,,,f,t,,,,,,,A.Robyns@8465-1@1@aut$Standl.@10019-1@2@bas,,,comb. et stat. nov.,,1.1,f,eriothecamillea,bombacaceaeeriothecamillea~~,,309,wfo-1000090331,,subgenus,,,,,https://www.ipni.org/n/77380147-1,IPNI record: 77380147-1,Bull. Jard. Bot. État Bruxelles 33(2): 159 (1963)
urn:lsid:ipni.org:names:77380149-1,(Standl.) V.N.Yoshik. & M.C.Duarte,Bombacaceae Millea Standl.,(Standl.),297546-2,,,75(1)-e70060: 15,,,,,,,,,,,,15/05/2026 17:11,18/05/2026 11:05,,,Bombacaceae,Pachira subgen. Millea,Pachira subgen. Millea,Pachira,,f,f,,,,millea,,,,,,,,,,,,,,,,,,,,,,,,,26004-1,Taxon,urn:lsid:ipni.org:publications:812-2,2025,2025 [29 Oct 2025],[29 Oct 2025],V.N.Yoshik. & M.C.Duarte,subgen.,Taxon 75(1)-e70060: 15. 2025 [29 Oct 2025] ,,"doi:10.1002/tax.70060 Published with incorrect basionym reference and basionym not cited, but valid as a combination under Art. 41.8.(d), ICN (2025), as the authors provide a type citation and validating description.",,,11,,,,f,t,,,,,,,M.C.Duarte@20012601-2@2@aut$V.N.Yoshik.@20041231-1@1@aut$Standl.@10019-1@3@bas,,,comb. nov.,,1.2,f,pachiramillea,bombacaceaepachiramillea~~,,310,wfo-1000090332,,subgenus,,,,,https://www.ipni.org/n/77380149-1,IPNI record: 77380149-1,Taxon 75(1)-e70060: 15 (2025)
urn:lsid:ipni.org:names:77380150-1,(Uittien) V.N.Yoshik. & M.C.Duarte,Bombacaceae Bombax crassum Uittien,(Uittien),112255-1,,,75(1)-e70060: 15,,,,,,,,,,,,15/05/2026 17:16,15/05/2026 17:16,,,Bombacaceae,Pachira crassa,Pachira crassa,Pachira,,f,f,,,,,,,,,,,,,,,,,,,,,,,,,,,,,26004-1,Taxon,urn:lsid:ipni.org:publications:812-2,2025,2025 [29 Oct 2025],[29 Oct 2025],V.N.Yoshik. & M.C.Duarte,spec.,Taxon 75(1)-e70060: 15. 2025 [29 Oct 2025] ,,doi:10.1002/tax.70060,,,11,crassa,,,f,t,,,,,,,V.N.Yoshik.@20041231-1@1@aut$M.C.Duarte@20012601-2@2@aut$Uittien@10964-1@3@bas,,,comb. nov.,,1.1,f,pachira~crassa,bombacaceaepachira~crassa~,,311,wfo-1000090333,,species,,,,,https://www.ipni.org/n/77380150-1,IPNI record: 77380150-1,Taxon 75(1)-e70060: 15 (2025)
urn:lsid:ipni.org:names:77380151-1,(Kunth) V.N.Yoshik. & M.C.Duarte,Bombacaceae Bombax discolor Kunth,(Kunth),559128-1,,,75(1)-e70060: 15,,,,,,,,,,,,15/05/2026 17:19,15/05/2026 17:19,,,Bombacaceae,Pachira discolor,Pachira discolor,Pachira,,f,f,,,,,,,,,,,,,,,,,,,,,,,,,,,,,26004-1,Taxon,urn:lsid:ipni.org:publications:812-2,2025,2025 [29 Oct 2025],[29 Oct 2025],V.N.Yoshik. & M.C.Duarte,spec.,Taxon 75(1)-e70060: 15. 2025 [29 Oct 2025] ,,doi:10.1002/tax.70060,,,11,discolor,,,f,t,,,,,,,V.N.Yoshik.@20041231-1@1@aut$M.C.Duarte@20012601-2@2@aut$Kunth@21866-1@3@bas,,,comb. nov.,,1.1,f,pachira~discolor,bombacaceaepachira~discolor~,,312,wfo-1000090334,,species,,,,,https://www.ipni.org/n/77380151-1,IPNI record: 77380151-1,Taxon 75(1)-e70060: 15 (2025)
urn:lsid:ipni.org:names:77380152-1,(A.Robyns) V.N.Yoshik. & M.C.Duarte,Bombacaceae Eriotheca peruviana A.Robyns,(A.Robyns),95982-2,,,75(1)-e70060: 15,,,,,,,,,,,,15/05/2026 17:20,15/05/2026 17:20,,,Bombacaceae,Pachira peruviana,Pachira peruviana,Pachira,,f,f,,,,,,,,,,,,,,,,,,,,,,,,,,,,,26004-1,Taxon,urn:lsid:ipni.org:publications:812-2,2025,2025 [29 Oct 2025],[29 Oct 2025],V.N.Yoshik. & M.C.Duarte,spec.,Taxon 75(1)-e70060: 15. 2025 [29 Oct 2025] ,,doi:10.1002/tax.70060,,,11,peruviana,,,f,t,,,,,,,V.N.Yoshik.@20041231-1@1@aut$A.Robyns@8465-1@3@bas$M.C.Duarte@20012601-2@2@aut,,,comb. nov.,,1.1,f,pachira~peruviana,bombacaceaepachira~peruviana~,,313,wfo-1000090335,,species,,,,,https://www.ipni.org/n/77380152-1,IPNI record: 77380152-1,Taxon 75(1)-e70060: 15 (2025)
urn:lsid:ipni.org:names:77380153-1,(K.Schum.) V.N.Yoshik. & M.C.Duarte,Bombacaceae Bombax ruizii K.Schum.,(K.Schum.),559181-1,,,75(1)-e70060: 15,,,,,,,,,,,,15/05/2026 17:21,15/05/2026 17:21,,,Bombacaceae,Pachira ruizii,Pachira ruizii,Pachira,,f,f,,,,,,,,,,,,,,,,,,,,,,,,,,,,,26004-1,Taxon,urn:lsid:ipni.org:publications:812-2,2025,2025 [29 Oct 2025],[29 Oct 2025],V.N.Yoshik. & M.C.Duarte,spec.,Taxon 75(1)-e70060: 15. 2025 [29 Oct 2025] ,,doi:10.1002/tax.70060,,,11,ruizii,,,f,t,,,,,,,M.C.Duarte@20012601-2@2@aut$V.N.Yoshik.@20041231-1@1@aut$K.Schum.@9333-1@3@bas,,,comb. nov.,,1.1,f,pachira~ruizii,bombacaceaepachira~ruizii~,,314,wfo-1000090336,,species,,,,,https://www.ipni.org/n/77380153-1,IPNI record: 77380153-1,Taxon 75(1)-e70060: 15 (2025)
urn:lsid:ipni.org:names:77380154-1,(Cuatrec.) V.N.Yoshik. & M.C.Duarte,Bombacaceae Pseudobombax squamigerum Cuatrec.,(Cuatrec.),112524-1,,,75(1)-e70060: 15,,,,,,,,,,,,15/05/2026 17:22,15/05/2026 17:22,,,Bombacaceae,Pachira squamigera,Pachira squamigera,Pachira,,f,f,,,,,,,,,,,,,,,,,,,,,,,,,,,,,26004-1,Taxon,urn:lsid:ipni.org:publications:812-2,2025,2025 [29 Oct 2025],[29 Oct 2025],V.N.Yoshik. & M.C.Duarte,spec.,Taxon 75(1)-e70060: 15. 2025 [29 Oct 2025] ,,doi:10.1002/tax.70060,,,11,squamigera,,,f,t,,,,,,,V.N.Yoshik.@20041231-1@1@aut$M.C.Duarte@20012601-2@2@aut$Cuatrec.@17562-1@3@bas,,,comb. nov.,,1.1,f,pachira~squamigera,bombacaceaepachira~squamigera~,,315,wfo-1200118641,,species,,,,,https://www.ipni.org/n/77380154-1,IPNI record: 77380154-1,Taxon 75(1)-e70060: 15 (2025)
urn:lsid:ipni.org:names:77380155-1,Makino,,,,,,3: 903,,,,,,,,,,,,15/05/2026 17:23,21/05/2026 14:33,,,Brassicaceae,Brassica japonica,Brassica japonica,Brassica,,f,f,,,,,,,279372-1,,,,,,,,nom. illeg. later homonym,,nom. illeg.,,,,,,,,,,,,30043511-2,"Somoku Dzusetsu, ed. 3.",urn:lsid:ipni.org:publications:20333-2,1913,1913 [1912 publ. 1 Jan 1913],[1912 publ. 1 Jan 1913],Makino,spec.,"Somoku Dzusetsu, ed. 3. 3: 903. 1913 [1912 publ. 1 Jan 1913] ",,"Appears to be an intentional creation of a new name, not an isonym. Makino cites 'Midzu-na' (Brassica rapa var. laciniifolia (L.H.Bailey) Kitam)",,,10,japonica,,,f,t,,,,,,,Makino@6013-1@1@aut,,,tax. nov.,,1.4,f,brassica~japonica,brassicaceaebrassica~japonica~,,316,wfo-1200118642,,species,,,,,https://www.ipni.org/n/77380155-1,IPNI record: 77380155-1,"Somoku Dzusetsu, ed. 3. 3: 903 (1913)"
urn:lsid:ipni.org:names:77380156-1,(A.Robyns) V.N.Yoshik. & M.C.Duarte,Bombacaceae Eriotheca subgen. Tartagalia A.Robyns,(A.Robyns),60452484-2,,,75(1)-e70060: 16,,,,,,,,,,,,15/05/2026 17:26,15/05/2026 17:26,,,Bombacaceae,Pachira subgen. Tartagalia,Pachira subgen. Tartagalia,Pachira,,f,f,,,,tartagalia,,,,,,,,,,,,,,,,,,,,,,,,,26004-1,Taxon,urn:lsid:ipni.org:publications:812-2,2025,2025 [29 Oct 2025],[29 Oct 2025],V.N.Yoshik. & M.C.Duarte,subgen.,Taxon 75(1)-e70060: 16. 2025 [29 Oct 2025] ,,doi:10.1002/tax.70060,,,11,,,,f,t,,,,,,,V.N.Yoshik.@20041231-1@1@aut$A.Robyns@8465-1@3@bas$M.C.Duarte@20012601-2@2@aut,,,comb. nov.,,1.1,f,pachiratartagalia,bombacaceaepachiratartagalia~~,,317,wfo-1000090337,,subgenus,,,,,https://www.ipni.org/n/77380156-1,IPNI record: 77380156-1,Taxon 75(1)-e70060: 16 (2025)
urn:lsid:ipni.org:names:77380157-1,(Cuatrec.) V.N.Yoshik. & M.C.Duarte,Bombacaceae Bombax roseorum Cuatrec.,(Cuatrec.),112286-1,,,75(1)-e70060: 16,,,,,,,,,,,,15/05/2026 17:27,15/05/2026 17:27,,,Bombacaceae,Pachira roseorum,Pachira roseorum,Pachira,,f,f,,,,,,,,,,,,,,,,,,,,,,,,,,,,,26004-1,Taxon,urn:lsid:ipni.org:publications:812-2,2025,2025 [29 Oct 2025],[29 Oct 2025],V.N.Yoshik. & M.C.Duarte,spec.,Taxon 75(1)-e70060: 16. 2025 [29 Oct 2025] ,,doi:10.1002/tax.70060,,,11,roseorum,,,f,t,,,,,,,M.C.Duarte@20012601-2@2@aut$V.N.Yoshik.@20041231-1@1@aut$Cuatrec.@17562-1@3@bas,,,comb. nov.,,1.1,f,pachira~roseorum,bombacaceaepachira~roseorum~,,318,wfo-1000090338,,species,,,,,https://www.ipni.org/n/77380157-1,IPNI record: 77380157-1,Taxon 75(1)-e70060: 16 (2025)
urn:lsid:ipni.org:names:77380158-1,J.S.Siqueira & M.C.Duarte,,,,,,75(1)-e70060: 16,,,,,,,,,,,,15/05/2026 17:29,15/05/2026 17:29,,,Bombacaceae,Pachira subgen. Viridipetalae,Pachira subgen. Viridipetalae,Pachira,,f,f,,,,viridipetalae,,,,,,,,,,,,,,,,,,,,,,,,,26004-1,Taxon,urn:lsid:ipni.org:publications:812-2,2025,2025 [29 Oct 2025],[29 Oct 2025],J.S.Siqueira & M.C.Duarte,subgen.,Taxon 75(1)-e70060: 16. 2025 [29 Oct 2025] ,,doi:10.1002/tax.70060,,,8,,,,f,t,,,Pachira glabra Pasq.,,,,J.S.Siqueira@20098650-1@1@aut$M.C.Duarte@20012601-2@2@aut,,,tax. nov.,,1.1,f,pachiraviridipetalae,bombacaceaepachiraviridipetalae~~,,319,wfo-1000090339,,subgenus,,,,,https://www.ipni.org/n/77380158-1,IPNI record: 77380158-1,Taxon 75(1)-e70060: 16 (2025)
urn:lsid:ipni.org:names:77380159-1,Alef.,,,,,,249,,,,,,,,,,,,15/05/2026 17:30,17/05/2026 17:21,,,Brassicaceae,Brassica rapa [infrasp.unranked] pygmaea,Brassica rapa [infrasp.unranked] pygmaea,Brassica,,f,f,,,,,pygmaea,,,,,,,,,,,,,,,,,,,,,,,,279485-1,Landw. Fl.,urn:lsid:ipni.org:publications:1134-2,1866,1866,,Alef.,[infrasp.unranked],Landw. Fl. 249. 1866 ,,"Published between ranks var-gr. and var., at same rank as two DC names of rank stirps.",,,8,rapa,L.,,f,t,,,,,,,Alef.@129-1@1@aut,L.@0-0@1@aut,,tax. nov.,,1.3,f,brassica~rapapygmaea,brassicaceaebrassica~rapapygmaea,,320,wfo-1200118696,1,unranked,,,,,https://www.ipni.org/n/77380159-1,IPNI record: 77380159-1,Landw. Fl. 249 (1866)
urn:lsid:ipni.org:names:77380160-1,(Cuatrec.) V.N.Yoshik. & M.C.Duarte,Bombacaceae Bombax vargasii Cuatrec.,(Cuatrec.),112307-1,,,75(1)-e70060: 17,,,,,,,,,,,,15/05/2026 17:30,15/05/2026 17:30,,,Bombacaceae,Pachira vargasii,Pachira vargasii,Pachira,,f,f,,,,,,,,,,,,,,,,,,,,,,,,,,,,,26004-1,Taxon,urn:lsid:ipni.org:publications:812-2,2025,2025 [29 Oct 2025],[29 Oct 2025],V.N.Yoshik. & M.C.Duarte,spec.,Taxon 75(1)-e70060: 17. 2025 [29 Oct 2025] ,,doi:10.1002/tax.70060,,,11,vargasii,,,f,t,,,,,,,V.N.Yoshik.@20041231-1@1@aut$Cuatrec.@17562-1@3@bas$M.C.Duarte@20012601-2@2@aut,,,comb. nov.,,1.1,f,pachira~vargasii,bombacaceaepachira~vargasii~,,321,wfo-1000090340,,species,,,,,https://www.ipni.org/n/77380160-1,IPNI record: 77380160-1,Taxon 75(1)-e70060: 17 (2025)
urn:lsid:ipni.org:names:77380161-1,Hayata,,,,,,"5: 81, fig. 20-i",,,,,,,,,,,,15/05/2026 19:05,15/05/2026 19:05,,,Rubiaceae,Galium gracile f. rotundifolium,Galium gracile f. rotundifolium,Galium,,f,f,,,,,rotundifolium,,,,,,,,,,nom. inval. nom. nud.,,nom. inval.,,,,,,,,,,,,749963-1,Icon. Pl. Formosan.,urn:lsid:ipni.org:publications:1154-2,1915,1915,,Hayata,f.,"Icon. Pl. Formosan. 5: 81, fig. 20-i. 1915 ",,"Although fig. 20-i is diagnostic, it is a post-1907 publication and is not acceptable for validity",,,9,gracile,Bunge,,f,t,,,,,,,Hayata@3744-1@1@aut,Bunge@12367-1@1@aut,,tax. nov.,,1.1,f,galium~gracilerotundifolium,rubiaceaegalium~gracilerotundifolium,,322,wfo-0000969062,,form,,,,,https://www.ipni.org/n/77380161-1,IPNI record: 77380161-1,"Icon. Pl. Formosan. 5: 81, fig. 20-i (1915)"
urn:lsid:ipni.org:names:77380162-1,"Xiao J.Liu, X.G.Sun & Wei Li quater",,,,,,6(2)-32: 2,,14,,7,,20220714001,2022,,"X.G.Sun, X.J.Liu &amp; W.X.Mao",,,16/05/2026 11:50,26/05/2026 09:47,"Gansu (China North-Central, China, Asia-Temperate)",E,Scrophulariaceae,Pedicularis dieshanensis,Pedicularis dieshanensis,Pedicularis,,f,f,,,,,,,,34,7,15,"Diebu County, Jianni Valley, 3336 m",103,38,40,,,,,,N,,,,,,,,,328292-2,Taxonomy,urn:lsid:ipni.org:publications:20028289-1,2026,2026 [20 May 2026],[20 May 2026],"Xiao J.Liu, X.G.Sun & Wei Li quater",spec.,Taxonomy 6(2)-32: 2. 2026 [20 May 2026] ,,"doi:10.3390/taxonomy6020032 [english] Etymology: 'The species epithet is derived from the type locality, the Die Mountains'.",,,11,dieshanensis,,,f,t,,holotype GAUF,,,,,Wei Li quater@20098917-1@3@aut$X.G.Sun@38204-1@2@aut$Xiao J.Liu@20046403-1@1@aut,,,tax. nov.,,1.3,f,pedicularis~dieshanensis,scrophulariaceaepedicularis~dieshanensis~,,323,wfo-1000090341,,species,,,,,https://www.ipni.org/n/77380162-1,IPNI record: 77380162-1,Taxonomy 6(2)-32: 2 (2026)
urn:lsid:ipni.org:names:77380163-1,Harv.,,,,,,3: 142,,,,,,,,,,,,16/05/2026 20:11,16/05/2026 20:11,Cape Province (South Africa),,Asteraceae,Sphenogyne nudicaulis var. gracilior,Sphenogyne nudicaulis var. gracilior,Sphenogyne,,f,f,,,,,gracilior,,,,,,"& Collection: 'Lambert’s Kloof, Dr. Wallich ; Cape, Thunb.' ; 'Hb. Thunb., Sd., D'",,,,,,,,,,,,,,,,,,250717-1,Fl. Cap. (Harvey),urn:lsid:ipni.org:publications:954-2,1865,1865,,Harv.,var.,Fl. Cap. (Harvey) 3: 142. 1865 ,,,,,9,nudicaulis,Less.,,f,t,,,,,,,Harv.@3705-1@1@aut,Less.@22263-1@1@aut,,tax. nov.,,1.1,f,sphenogyne~nudicaulisgracilior,asteraceaesphenogyne~nudicaulisgracilior,,324,wfo-0000101193,,variety,,,,,https://www.ipni.org/n/77380163-1,IPNI record: 77380163-1,Fl. Cap. (Harvey) 3: 142 (1865)
urn:lsid:ipni.org:names:77380164-1,Harv.,,,,,,3: 142,,,,,,,,,,,,16/05/2026 20:18,16/05/2026 20:18,Cape Province (South Africa),,Asteraceae,Sphenogyne nudicaulis var. alpina,Sphenogyne nudicaulis var. alpina,Sphenogyne,,f,f,,,,,alpina,,,,,,"& Collection: 'Summit of Sneewekop, Dr. Wallich! (Herb. D., Sd., Th.)'",,,,,,,,,,,,,,,,,,250717-1,Fl. Cap. (Harvey),urn:lsid:ipni.org:publications:954-2,1865,1865,,Harv.,var.,Fl. Cap. (Harvey) 3: 142. 1865 ,,,,,9,nudicaulis,Less.,,f,t,,,,,,,Harv.@3705-1@1@aut,Less.@22263-1@1@aut,,tax. nov.,,1.1,f,sphenogyne~nudicaulisalpina,asteraceaesphenogyne~nudicaulisalpina,,325,wfo-0000030125,,variety,,,,,https://www.ipni.org/n/77380164-1,IPNI record: 77380164-1,Fl. Cap. (Harvey) 3: 142 (1865)
urn:lsid:ipni.org:names:77380165-1,Harv.,,,,,,3: 75,,,,,,,,,,,,16/05/2026 20:42,16/05/2026 20:50,Cape Province (South Africa),,Asteraceae,Aster hyssopifolius var. wallichii,Aster hyssopifolius var. wallichii,Aster,,f,f,,,,,wallichii,,,,,,"& Collection: ' Hab.: Cape, Dr. Wallich (Hb. Th., D., Hk., Sd.)'",,,,,,,,,,,,,,,,,,181456-1,Fl. Cap. (Harvey),urn:lsid:ipni.org:publications:954-2,1865,1865,,Harv.,var.,Fl. Cap. (Harvey) 3: 75. 1865 ,,,,,9,hyssopifolius,L.,,f,t,,,,,,,Harv.@3705-1@1@aut,L.@12653-1@1@aut,,tax. nov.,,1.2,f,aster~hyssopifoliuswallichii,asteraceaeaster~hyssopifoliuswallichii,,326,wfo-1200118583,,variety,,,,,https://www.ipni.org/n/77380165-1,IPNI record: 77380165-1,Fl. Cap. (Harvey) 3: 75 (1865)
urn:lsid:ipni.org:names:77380166-1,(DC.) Harv.,Asteraceae Felicia rigidula DC.,(DC.),207768-1,,,3: 75,,,,,,,,,,,,16/05/2026 21:05,16/05/2026 21:05,,,Asteraceae,Aster hyssopifolius var. rigidulus,Aster hyssopifolius var. rigidulus,Aster,,f,f,,,,,rigidulus,,,,,,,,,,,,,,,,,,,,,,,,181456-1,Fl. Cap. (Harvey),urn:lsid:ipni.org:publications:954-2,1865,1865,,Harv.,var.,Fl. Cap. (Harvey) 3: 75. 1865 ,,,,,11,hyssopifolius,L.,,f,t,,,,,,,DC.@16855-1@2@bas$Harv.@3705-1@1@aut,L.@12653-1@1@aut,,comb. et stat. nov.,,1.1,f,aster~hyssopifoliusrigidulus,asteraceaeaster~hyssopifoliusrigidulus,,327,wfo-0000094870,,variety,,,,,https://www.ipni.org/n/77380166-1,IPNI record: 77380166-1,Fl. Cap. (Harvey) 3: 75 (1865)
urn:lsid:ipni.org:names:77380167-1,DC.,,,,,,5: 220,,,,,,,,,,,,16/05/2026 21:13,16/05/2026 21:13,,,Asteraceae,Felicia rigidula var. subcanescens,Felicia rigidula var. subcanescens,Felicia,,f,f,,,,,subcanescens,,,,,,"& Collection: ' in Africá Capensi (Dreg.!) , in distr. Uitenhage (Eckl.! et Zeyh.). (v. s.)'",,,,,,,,,,,,,,,,,,207768-1,Prodr.,urn:lsid:ipni.org:publications:1051-2,1836,1836,,DC.,var.,Prodr. 5: 220. 1836 ,,,,,8,rigidula,DC.,,f,t,,,,,,,DC.@16855-1@1@aut,DC.@16855-1@1@aut,,tax. nov.,,1.1,f,felicia~rigidulasubcanescens,asteraceaefelicia~rigidulasubcanescens,,328,wfo-0000011640,,variety,,,,,https://www.ipni.org/n/77380167-1,IPNI record: 77380167-1,Prodr. 5: 220 (1836)
urn:lsid:ipni.org:names:77380168-1,Harv.,,,,,,3: 75,,,,,,,,,,,,16/05/2026 21:20,16/05/2026 21:20,,,Asteraceae,Aster hyssopifolius var. canescens,Aster hyssopifolius var. canescens,Aster,,f,f,,,,,canescens,,,,,,,,,,,,,,,,,,,,,,,,181456-1,Fl. Cap. (Harvey),urn:lsid:ipni.org:publications:954-2,1865,1865,,Harv.,var.,Fl. Cap. (Harvey) 3: 75. 1865 ,,,77380167-1,,9,hyssopifolius,L.,,f,t,,,,,,,Harv.@3705-1@1@aut,L.@12653-1@1@aut,,nom. nov.,,1.1,f,aster~hyssopifoliuscanescens,asteraceaeaster~hyssopifoliuscanescens,,329,wfo-1200118584,,variety,,,,,https://www.ipni.org/n/77380168-1,IPNI record: 77380168-1,Fl. Cap. (Harvey) 3: 75 (1865)
urn:lsid:ipni.org:names:77380169-1,Harv.,,,,,,3: 75,,,,,,,,,,,,16/05/2026 21:37,16/05/2026 21:37,,,Asteraceae,Aster hyssopifolius var. hirtus,Aster hyssopifolius var. hirtus,Aster,,f,f,,,,,hirtus,,,,,,,,,,,,,,,,,,,,,,,,181456-1,Fl. Cap. (Harvey),urn:lsid:ipni.org:publications:954-2,1865,1865,,Harv.,var.,Fl. Cap. (Harvey) 3: 75. 1865 ,,,181419-1,,9,hyssopifolius,L.,,f,t,,,,,,,Harv.@3705-1@1@aut,L.@12653-1@1@aut,,nom. et stat. nov.,,1.1,f,aster~hyssopifoliushirtus,asteraceaeaster~hyssopifoliushirtus,,330,wfo-0000105994,,variety,,,,,https://www.ipni.org/n/77380169-1,IPNI record: 77380169-1,Fl. Cap. (Harvey) 3: 75 (1865)
urn:lsid:ipni.org:names:77380170-1,Harv.,,,,,,3: 75,,,,,,,,,,,,16/05/2026 21:52,16/05/2026 21:52,Cape Province (South Africa),,Asteraceae,Aster hyssopifolius var. linifolius,Aster hyssopifolius var. linifolius,Aster,,f,f,,,,,linifolius,,,,,,"Hab.: 'Kommando Kraal, Zey. 2747'",,,,,,,,,,,,,,,,,,181456-1,Fl. Cap. (Harvey),urn:lsid:ipni.org:publications:954-2,1865,1865,,Harv.,var.,Fl. Cap. (Harvey) 3: 75. 1865 ,,,,,9,hyssopifolius,L.,,f,t,,,,,,,Harv.@3705-1@1@aut,L.@12653-1@1@aut,,tax. nov.,,1.1,f,aster~hyssopifoliuslinifolius,asteraceaeaster~hyssopifoliuslinifolius,,331,wfo-0000103963,,variety,,,,,https://www.ipni.org/n/77380170-1,IPNI record: 77380170-1,Fl. Cap. (Harvey) 3: 75 (1865)
urn:lsid:ipni.org:names:77380171-1,(DC.) Harv.,Asteraceae Felicia cana DC.,(DC.),207677-1,,,3: 75,,,,,,,,,,,,16/05/2026 21:56,16/05/2026 21:56,,,Asteraceae,Aster hyssopifolius var. canus,Aster hyssopifolius var. canus,Aster,,f,f,,,,,canus,,,,,,,,,,,,,,,,,,,,,,,,181456-1,Fl. Cap. (Harvey),urn:lsid:ipni.org:publications:954-2,1865,1865,,Harv.,var.,Fl. Cap. (Harvey) 3: 75. 1865 ,,,,,11,hyssopifolius,L.,,f,t,,,,,,,Harv.@3705-1@1@aut$DC.@16855-1@2@bas,L.@12653-1@1@aut,,comb. et stat. nov.,,1.1,f,aster~hyssopifoliuscanus,asteraceaeaster~hyssopifoliuscanus,,332,wfo-0000021212,,variety,,,,,https://www.ipni.org/n/77380171-1,IPNI record: 77380171-1,Fl. Cap. (Harvey) 3: 75 (1865)
urn:lsid:ipni.org:names:77380172-1,(DC.) Harv.,Asteraceae Felicia paralia DC.,(DC.),207757-1,,,3: 77,,,,,,,,,,,,16/05/2026 22:53,16/05/2026 22:53,,,Asteraceae,Aster echinatus var. paralia,Aster echinatus var. paralia,Aster,,f,f,,,,,paralia,,,,,,,,,,,,,,,,,,,,,,,,181119-1,Fl. Cap. (Harvey),urn:lsid:ipni.org:publications:954-2,1865,1865,,Harv.,var.,Fl. Cap. (Harvey) 3: 77. 1865 ,,,,,11,echinatus,(Thunb.) Less.,,f,t,,,,,,,Harv.@3705-1@1@aut$DC.@16855-1@2@bas,Thunb.@10646-1@2@bas$Less.@22263-1@1@aut,,comb. nov.,,1.1,f,aster~echinatusparalia,asteraceaeaster~echinatusparalia,,333,wfo-0000077312,,variety,,,,,https://www.ipni.org/n/77380172-1,IPNI record: 77380172-1,Fl. Cap. (Harvey) 3: 77 (1865)
urn:lsid:ipni.org:names:77380173-1,Harv.,,,,,,3: 78,,,,,,,,,,,,16/05/2026 23:16,16/05/2026 23:16,,,Asteraceae,Aster bergerianus var. alternifolia,Aster bergerianus var. alternifolia,Aster,,f,f,,,,,alternifolia,,,,,,"'& Collection: Hab.: Cape, Vilette (Herb. Sd., Hk., D)'",,,,,,,,,,,,,,,,,,180768-1,Fl. Cap. (Harvey),urn:lsid:ipni.org:publications:954-2,1865,1865,,Harv.,var.,Fl. Cap. (Harvey) 3: 78. 1865 ,,,,,8,bergerianus,(Spreng.) Harv.,,f,t,,,,,,,Harv.@3705-1@1@aut,Spreng.@9992-1@2@bas$Harv.@3705-1@1@aut,,tax. nov.,,1.1,f,aster~bergerianusalternifolia,asteraceaeaster~bergerianusalternifolia,,334,wfo-1200118585,,variety,,,,,https://www.ipni.org/n/77380173-1,IPNI record: 77380173-1,Fl. Cap. (Harvey) 3: 78 (1865)
urn:lsid:ipni.org:names:77380174-1,Sond.,,,,,,3: 78,,,,,,,,,,,,16/05/2026 23:27,16/05/2026 23:27,,,Asteraceae,Aster reflexus var. brachyphyllus,Aster reflexus var. brachyphyllus,Aster,,f,f,,,,,brachyphyllus,,,,,,"'Hab.: Has, Mts. round Capetown, common. (Herb. Th., D., Sd., Hk.)'",,,,,,,,,,,,,,,,,,182143-1,Fl. Cap. (Harvey),urn:lsid:ipni.org:publications:954-2,1865,1865,,Sond.,var.,Fl. Cap. (Harvey) 3: 78. 1865 ,,,,,8,reflexus,L.,,f,t,,,,,,,Sond.@9891-1@1@aut,L.@12653-1@1@aut,,tax. nov.,,1.1,f,aster~reflexusbrachyphyllus,asteraceaeaster~reflexusbrachyphyllus,,335,wfo-1200118643,,variety,,,,,https://www.ipni.org/n/77380174-1,IPNI record: 77380174-1,Fl. Cap. (Harvey) 3: 78 (1865)
urn:lsid:ipni.org:names:77380175-1,"Djarwan., Agust. & M.R.Hariri",,,,,,15(1): 56-62,,12,,7,,2606,2024,,Tutie Djarwaningsih,,,17/05/2026 04:39,22/05/2026 11:21,"Kalimantan (Borneo, Malesia, Asia-Tropical)",,Solanaceae,Solanum kalimantanense,Solanum kalimantanense,Solanum,,f,f,,,,,,,,,,,"East Kalimantan Province, Nyuatan (West Kutai Regency), Intu Lingau Village",,,,,,,,,,,,,,,,,,30000630-2,Taprobanica,urn:lsid:ipni.org:publications:20013526-2,2026,2026 [16 May 2026],[16 May 2026],"Djarwan., Agust. & M.R.Hariri",spec.,Taprobanica 15(1): 56-62. 2026 [16 May 2026] ,,doi:10.47605/tapro.v15i1.401 [english] Etymology: name derived from Kalimantan (Indonesian Borneo).,,,11,kalimantanense,,,f,t,,holotype BO;isotype FIPIA;isotype WAN,,,,,M.R.Hariri@20072206-1@3@aut$Agust.@20098652-1@2@aut$Djarwan.@20098651-1@1@aut,,,tax. nov.,,1.4,f,solanum~kalimantanense,solanaceaesolanum~kalimantanense~,,336,wfo-1000090342,,species,,,,,https://www.ipni.org/n/77380175-1,IPNI record: 77380175-1,Taprobanica 15(1): 56-62 (2026)
urn:lsid:ipni.org:names:77380176-1,S.Valencia & De Luna-Bon.,,,,,,312(3)-25: 13,,8,,9,,387,2018,,O.De Luna-Bonilla,,,17/05/2026 18:27,18/05/2026 09:40,"Coahuila (Mexico Northeast, Mexico, Northern America);Durango (Mexico Northeast, Mexico, Northern America);Nuevo León (Mexico Northeast, Mexico, Northern America);Querétaro (Mexico Northeast, Mexico, Northern America);San Luis Potosí (Mexico Northeast, Mexico, Northern America);Tamaulipas (Mexico Northeast, Mexico, Northern America);Zacatecas (Mexico Northeast, Mexico, Northern America);",W,Fagaceae,Quercus oyamae,Quercus oyamae,Quercus,,f,f,,,,,,,,23,35,2,"San Luis Potosí, Sierra de Catorce, approx. 13 km southeast of Wadley Station, 2819 m",100,53,7,,,,,,N,,,,,,,,,325819-2,Pl. Syst. Evol.,urn:lsid:ipni.org:publications:2733-2,2026,2026 [13 May 2026],[13 May 2026],S.Valencia & De Luna-Bon.,spec.,Pl. Syst. Evol. 312(3)-25: 13. 2026 [13 May 2026] ,,"doi:10.1007/s00606-026-02002-2 [english] Etymology: name honors Dr. Ken Oyama, a pioneer in genetic and evolutionary studies of the genus Quercus in Mexico.",,,11,oyamae,,,f,t,,holotype FCME;isotype CIIDIR;isotype HUAP,,,,,De Luna-Bon.@20079584-1@2@aut$S.Valencia@37428-1@1@aut,,,tax. nov.,,1.3,f,quercus~oyamae,fagaceaequercus~oyamae~,,337,wfo-1000090343,,species,,,,,https://www.ipni.org/n/77380176-1,IPNI record: 77380176-1,Pl. Syst. Evol. 312(3)-25: 13 (2026)
urn:lsid:ipni.org:names:77380177-1,M.Martins & T.Silveira,,,,,,312(3)-23: 8,,12,,2,,M242,2016,,"M.L.L. Martins, P.C.L. de Carvalho and C.A.S. Ledo",,,17/05/2026 18:38,18/05/2026 09:53,"Minas Gerais (Brazil Southeast, Brazil, Southern America)",W,Euphorbiaceae,Manihot capsularis,Manihot capsularis,Manihot,,f,f,,,,,,,,16,34,52,"Grão Mogol, início da ladeira de acesso a Grão Mogol, em frente ao Balneário do Córrego, 744 m",42,53,59,", lists seven herbaria after 'holotype'",,,,,S,,,,,,,,,327701-2,Pl. Syst. Evol.,urn:lsid:ipni.org:publications:2733-2,2026,2026 [27 Apr 2026],[27 Apr 2026],M.Martins & T.Silveira,spec.,Pl. Syst. Evol. 312(3)-23: 8. 2026 [27 Apr 2026] ,,"doi:10.1007/s00606-026-01998-x [english] Etymology: name refers to the capsular fruit, which contrasts with the baccate fruits of M. caerulescens Pohl.",,,12,capsularis,,,f,t,,holotype HURB,,,,,T.Silveira@20041892-1@2@aut$M.Martins@38706-1@1@aut,,,tax. nov.,,1.3,f,manihot~capsularis,euphorbiaceaemanihot~capsularis~,,338,wfo-1000090344,,species,,,,,https://www.ipni.org/n/77380177-1,IPNI record: 77380177-1,Pl. Syst. Evol. 312(3)-23: 8 (2026)
urn:lsid:ipni.org:names:77380178-1,Cornejo,,,,,,30(1): 22,,4,,4,,4928,1996,,"X. Cornejo, C. Cornejo &amp; C. Bonifaz",,,17/05/2026 19:01,20/05/2026 09:29,"Ecuador (Western South America, Southern America)",W,Lecythidaceae,Scottmoria apilingua,Scottmoria apilingua,Scottmoria,,f,f,,,,,,,,1,40,,"Los Ríos: Hcda. Clementina, Cerro Samama, 500-600 m",79,21,,,,,,,S,,,,,,,,,77345009-1,Harvard Pap. Bot.,urn:lsid:ipni.org:publications:10651-2,2026,2026 [20 May 2026],[20 May 2026],Cornejo,spec.,Harvard Pap. Bot. 30(1): 22. 2026 [20 May 2026] ,,"doi:10.3100/hpib.v30iss1.2026.n4 [english] Etymology: name derived from 'apis', bee, and 'lingua', tongue, alluding to the linearcaudate leaf apex (reaching up to 7 cm in length, which characterizes this species) often resembling the linear tongue of a bee. Paper gives publication date of 12 Feb 2026, but the pdf was not linked from the 'downloads' site until 20 May 2026.",,,11,apilingua,,,f,t,,holotype NY NY-01096752;isotype AAU;isotype K;isotype GUAY GUAY-7924,,,,,Cornejo@20000142-1@1@aut,,,tax. nov.,,1.3,f,scottmoria~apilingua,lecythidaceaescottmoria~apilingua~,,339,wfo-1000090345,,species,,,,,https://www.ipni.org/n/77380178-1,IPNI record: 77380178-1,Harvard Pap. Bot. 30(1): 22 (2026)
urn:lsid:ipni.org:names:77380179-1,Cornejo,,,,,,30(1): 26,,8,,10,,2099,1987,,W.Palacios,,,17/05/2026 19:05,20/05/2026 09:34,"Ecuador (Western South America, Southern America)",W,Lecythidaceae,Scottmoria felix-mangingii,Scottmoria felix-mangingii,Scottmoria,,f,f,,,,,,,,,25,,"Napo: carretera Cañón de Los Monos-Sacha, 250 m",76,55,,,,,,,S,,,,,,,,,77345009-1,Harvard Pap. Bot.,urn:lsid:ipni.org:publications:10651-2,2026,2026 [20 May 2026],[20 May 2026],Cornejo,spec.,Harvard Pap. Bot. 30(1): 26. 2026 [20 May 2026] ,,"doi:10.3100/hpib.v30iss1.2026.n4 [english] Etymology: name honours Ecuadorian biologist Félix Manging, director and curator at the Museum of Zoology (MZUG), University of Guayaquil. Paper gives publication date of 12 Feb 2026, but the pdf was not linked from the 'downloads' site until 20 May 2026.",,,11,felix-mangingii,,,f,t,,holotype QCA QCA-54491;isotype NY NY-2152804;isotype QCNE QCNE-28240;isotype US US-3287084,,,,,Cornejo@20000142-1@1@aut,,,tax. nov.,,1.3,f,scottmoria~felix-mangingii,lecythidaceaescottmoria~felix-mangingii~,,340,wfo-1000090346,,species,,,,,https://www.ipni.org/n/77380179-1,IPNI record: 77380179-1,Harvard Pap. Bot. 30(1): 26 (2026)
urn:lsid:ipni.org:names:77380180-1,M.Hassl. & P.Kirchm.,,,,,,19: 134,,2,,5,,MHa 25-223,2025,,"M.Hassler, H.Kiesewetter &amp; P.Kirchmeier",,,17/05/2026 21:58,26/05/2026 17:06,"Germany (Middle Europe, Europe)",E,Asteraceae,Taraxacum kiesewetteri,Taraxacum kiesewetteri,Taraxacum,,f,f,,,,,,,,54,17,39,"Rügen, Halbinsel Mönchgut, Zicker Berg, MTB 1747/222",13,39,23,,,,,,N,,,,,,,,,328762-2,Kochia,urn:lsid:ipni.org:publications:20008447-1,2026,2026 [8 Mar 2026],[8 Mar 2026],M.Hassl. & P.Kirchm.,spec.,Kochia 19: 134. 2026 [8 Mar 2026] ,,"doi:10.21248/kochia.v19.286 [english] Etymology: Named after Helmut Kiesewetter (Crivitz), a German botanist and specialist for the genus Taraxacum.",,,11,kiesewetteri,,,f,t,,holotype STU SMNS-STU-PH-0180196,,,,,P.Kirchm.@20022938-1@2@aut$M.Hassl.@20051064-1@1@aut,,,tax. nov.,,1.2,f,taraxacum~kiesewetteri,asteraceaetaraxacum~kiesewetteri~,,341,wfo-1000090347,,species,,,,,https://www.ipni.org/n/77380180-1,IPNI record: 77380180-1,Kochia 19: 134 (2026)
urn:lsid:ipni.org:names:77380181-1,Kiesew. & M.Hassl.,,,,,,19: 197,,3,,5,,HKi 14.503.6-1,2014,,Helmut Kiesewetter,,,17/05/2026 22:06,26/05/2026 17:32,"Germany (Middle Europe, Europe)",E,Asteraceae,Taraxacum rugianum,Taraxacum rugianum,Taraxacum,,f,f,,,,,,,,54,17,36,"Mecklenburg-Vorpommern, Rügen, Halbinsel Mönchgut, 'Nonnenloch'",13,39,6,,,,,,N,,,,,,,,,328762-2,Kochia,urn:lsid:ipni.org:publications:20008447-1,2026,2026 [8 Mar 2026],[8 Mar 2026],Kiesew. & M.Hassl.,spec.,Kochia 19: 197. 2026 [8 Mar 2026] ,,"doi:10.21248/kochia.v19.286 [english] Etymology: Named after the island of Rügen, the type locality.",,,11,rugianum,,,f,t,,holotype STU,,Date as 13 May 2014 in protologue but 3 May 2014 on image of sheet.,,,M.Hassl.@20051064-1@2@aut$Kiesew.@39727-1@1@aut,,,tax. nov.,,1.2,f,taraxacum~rugianum,asteraceaetaraxacum~rugianum~,,342,wfo-1000090348,,species,,,,,https://www.ipni.org/n/77380181-1,IPNI record: 77380181-1,Kochia 19: 197 (2026)
urn:lsid:ipni.org:names:77380182-1,P.Kirchm. & M.Hassl.,,,,,,19: 194,,27,,4,,MHa 24-207,2024,,Michael Hassler,,,17/05/2026 22:10,26/05/2026 17:13,"Germany (Middle Europe, Europe)",E,Asteraceae,Taraxacum caprimontanum,Taraxacum caprimontanum,Taraxacum,,f,f,,,,,,,,52,3,46,"Niedersachsen, nördliches Weserbergland, Thüster Berg, c. 1 km O Salzhemmendorf, ehemaliges Steinbruchgelände am 'Bockshorn', 3923/231",7,34,21,,,,,,N,,,,,,,,,328762-2,Kochia,urn:lsid:ipni.org:publications:20008447-1,2026,2026 [8 Mar 2026],[8 Mar 2026],P.Kirchm. & M.Hassl.,spec.,Kochia 19: 194. 2026 [8 Mar 2026] ,,"doi:10.21248/kochia.v19.286 [english] Etymology: Named after the type location, the mountain 'Bockshorn'.",,,11,caprimontanum,,,f,t,,holotype STU SMNS-STU-PH-0179979;isotype STU,,Date as 29 Apr 2024 in protologue but 27 Apr 2024 on image of sheet.,,,P.Kirchm.@20022938-1@1@aut$M.Hassl.@20051064-1@2@aut,,,tax. nov.,,1.2,f,taraxacum~caprimontanum,asteraceaetaraxacum~caprimontanum~,,343,wfo-1000090349,,species,,,,,https://www.ipni.org/n/77380182-1,IPNI record: 77380182-1,Kochia 19: 194 (2026)
urn:lsid:ipni.org:names:77380285-1,Simonk.,,,,,,3: 51,,,,,,,,,,,,18/05/2026 06:23,18/05/2026 06:23,,,Rubiaceae,Asperula tinctoria var. intermedia,Asperula tinctoria var. intermedia,Asperula,,f,f,,,,,intermedia,,,,,,,,,,,,,,,,,,,,,,,,744208-1,Magyar Növényt. Lapok,urn:lsid:ipni.org:publications:10070-2,1879,1879,,Simonk.,var.,Magyar Növényt. Lapok 3: 51. 1879 ,,,,,8,tinctoria,L.,,f,t,,,,,,,Simonk.@9674-1@1@aut,L.@12653-1@1@aut,,tax. nov.,,1.1,f,asperula~tinctoriaintermedia,rubiaceaeasperula~tinctoriaintermedia,,344,wfo-1200118348,,variety,,,,,https://www.ipni.org/n/77380285-1,IPNI record: 77380285-1,Magyar Növényt. Lapok 3: 51 (1879)
urn:lsid:ipni.org:names:77380287-1,Kottaim.,,,,,,11(2): 207,,,,,,,,,,,,18/05/2026 10:07,18/05/2026 11:15,,,Berberidaceae,Berberis gandhii,Berberis gandhii,Berberis,,f,f,,,,,,,,,,,,,,,,,,,,,,,,,,,,,328526-2,Int. J. Bot. Stud.,urn:lsid:ipni.org:publications:20045093-1,2026,2026 [16 May 2026],[16 May 2026],Kottaim.,spec.,Int. J. Bot. Stud. 11(2): 207. 2026 [16 May 2026] ,,"Etymology: named in recognition of Kanchi N. Gandhi, Senior Nomenclatural Registrar at Harvard University,  USA, for his outstanding contributions to the field of  angiosperm taxonomy.",106411-1,,9,gandhii,,,f,t,,,,,,,Kottaim.@20027938-1@1@aut,,,nom. nov.,,1.3,f,berberis~gandhii,berberidaceaeberberis~gandhii~,,345,wfo-1000090350,,species,,,,,https://www.ipni.org/n/77380287-1,IPNI record: 77380287-1,Int. J. Bot. Stud. 11(2): 207 (2026)
urn:lsid:ipni.org:names:77380288-1,Kottaim.,,,,,,11(2): 208,,,,,,,,,,,,18/05/2026 10:11,18/05/2026 11:21,,,Berberidaceae,Berberis govaertsii,Berberis govaertsii,Berberis,,f,f,,,,,,,,,,,,,,,,,,,,,,,,,,,,null:,328526-2,Int. J. Bot. Stud.,urn:lsid:ipni.org:publications:20045093-1,2026,2026 [16 May 2026],[16 May 2026],Kottaim.,spec.,Int. J. Bot. Stud. 11(2): 208. 2026 [16 May 2026] ,,"Etymology: named in honour of Rafaël Herman Anna  Govaerts, Royal Botanic Gardens, Kew, in recognition of  his outstanding contributions to angiosperm taxonomy.",106478-1,,9,govaertsii,,,f,t,,,,,,,Kottaim.@20027938-1@1@aut,,,nom. nov.,,1.3,f,berberis~govaertsii,berberidaceaeberberis~govaertsii~,,346,wfo-1000090351,,species,,,,,https://www.ipni.org/n/77380288-1,IPNI record: 77380288-1,Int. J. Bot. Stud. 11(2): 208 (2026)
urn:lsid:ipni.org:names:77380289-1,Kottaim.,,,,,,11(2): 208,,,,,,,,,,,,18/05/2026 10:15,18/05/2026 11:42,,,Berberidaceae,Berberis harberi,Berberis harberi,Berberis,,f,f,,,,,,,,,,,,,,,,,,,,,,,,,,,,null:,328526-2,Int. J. Bot. Stud.,urn:lsid:ipni.org:publications:20045093-1,2026,2026 [16 May 2026],[16 May 2026],Kottaim.,spec.,Int. J. Bot. Stud. 11(2): 208. 2026 [16 May 2026] ,,non Berberis jiangxiensis C.M.Hu. Etymology: named in honour of Julian Francis Harber in recognition of his remarkable contributions to the taxonomy of the genus Berberis.,77103362-1,,9,harberi,,,f,t,,,,,,,Kottaim.@20027938-1@1@aut,,,nom. nov.,,1.4,f,berberis~harberi,berberidaceaeberberis~harberi~,,347,wfo-1000090352,,species,,,,,https://www.ipni.org/n/77380289-1,IPNI record: 77380289-1,Int. J. Bot. Stud. 11(2): 208 (2026)
urn:lsid:ipni.org:names:77380290-1,Rossado,,,,,,756(1): 44,,22,,9,,2187,1965,,P.Izaguirre et al.,,,18/05/2026 10:17,18/05/2026 10:17,"Buenos Aires (Argentina Northeast, Southern South America, Southern America);Entre Ríos (Argentina Northeast, Southern South America, Southern America);Uruguay (Southern South America, Southern America);",W,Bromeliaceae,Tillandsia cleistopetala,Tillandsia cleistopetala,Tillandsia,,f,f,,,,,,,,34,17,,"Uruguay: Lavalleja, Cerro Arequita",55,16,,,,,,,S,,,,,,,,,328340-2,Phytotaxa,urn:lsid:ipni.org:publications:20011462-1,2026,2026 [12 May 2026],[12 May 2026],Rossado,spec.,Phytotaxa 756(1): 44. 2026 [12 May 2026] ,,"doi:10.11646/phytotaxa.756.1.4 Etymology: the specific epithet is derived from Greek, and is a reference to the flowers of this species remaining closed.",,,11,cleistopetala,,,f,t,,holotype MVFA MVFA0008861,,,,,Rossado@20033145-1@1@aut,,,tax. nov.,,1.1,f,tillandsia~cleistopetala,bromeliaceaetillandsia~cleistopetala~,,348,wfo-1000090353,,species,,,,,https://www.ipni.org/n/77380290-1,IPNI record: 77380290-1,Phytotaxa 756(1): 44 (2026)
urn:lsid:ipni.org:names:77380291-1,Kottaim.,,,,,,11(2): 208,,,,,,,,,,,,18/05/2026 10:17,18/05/2026 11:54,,,Berberidaceae,Berberis lezamae,Berberis lezamae,Berberis,,f,f,,,,,,,,,,,,,,,,,,,,,,,,,,,,null:,328526-2,Int. J. Bot. Stud.,urn:lsid:ipni.org:publications:20045093-1,2026,2026 [16 May 2026],[16 May 2026],Kottaim.,spec.,Int. J. Bot. Stud. 11(2): 208. 2026 [16 May 2026] ,,Etymology: named in honour of Carolina Lezama in recognition of her outstanding contributions to the Flora of  Uruguay.,31561-2,,9,lezamae,,,f,t,,,,,,,Kottaim.@20027938-1@1@aut,,,nom. nov.,,1.3,f,berberis~lezamae,berberidaceaeberberis~lezamae~,,349,wfo-1000090354,,species,,,,,https://www.ipni.org/n/77380291-1,IPNI record: 77380291-1,Int. J. Bot. Stud. 11(2): 208 (2026)
urn:lsid:ipni.org:names:77380292-1,(Hand.-Mazz.) Kottaim.,Berberidaceae Mahonia bijuga Hand.-Mazz.,(Hand.-Mazz.),107403-1,,,11(2): 208,,,,,,,,,,,,18/05/2026 10:19,18/05/2026 11:10,,,Berberidaceae,Berberis bijuga,Berberis bijuga,Berberis,,f,f,,,,,,,,,,,,,,,,,,,,,,,,,,,,null:,328526-2,Int. J. Bot. Stud.,urn:lsid:ipni.org:publications:20045093-1,2026,2026 [16 May 2026],[16 May 2026],Kottaim.,spec.,Int. J. Bot. Stud. 11(2): 208. 2026 [16 May 2026] ,,,,,11,bijuga,,,f,t,,,,,,,Hand.-Mazz.@3612-1@2@bas$Kottaim.@20027938-1@1@aut,,,comb. nov.,,1.3,f,berberis~bijuga,berberidaceaeberberis~bijuga~,,350,wfo-1000090355,,species,,,,,https://www.ipni.org/n/77380292-1,IPNI record: 77380292-1,Int. J. Bot. Stud. 11(2): 208 (2026)
urn:lsid:ipni.org:names:77380293-1,(O.Colin) Kottaim.,Berberidaceae Mahonia lancasteri O.Colin,(O.Colin),77215762-1,,,11(2): 208,,,,,,,,,,,,18/05/2026 10:20,18/05/2026 11:50,,,Berberidaceae,Berberis lancasteri,Berberis lancasteri,Berberis,,f,f,,,,,,,,,,,,,,,,,,,,,,,,,,,,null:,328526-2,Int. J. Bot. Stud.,urn:lsid:ipni.org:publications:20045093-1,2026,2026 [16 May 2026],[16 May 2026],Kottaim.,spec.,Int. J. Bot. Stud. 11(2): 208. 2026 [16 May 2026] ,,,,,11,lancasteri,,,f,t,,,,,,,Kottaim.@20027938-1@1@aut$O.Colin@20028269-1@2@bas,,,comb. nov.,,1.3,f,berberis~lancasteri,berberidaceaeberberis~lancasteri~,,351,wfo-1000090356,,species,,,,,https://www.ipni.org/n/77380293-1,IPNI record: 77380293-1,Int. J. Bot. Stud. 11(2): 208 (2026)
urn:lsid:ipni.org:names:77380294-1,(T.S.Ying & H.Li) Kottaim.,Berberidaceae Mahonia lushuiensis T.S.Ying & H.Li,(T.S.Ying & H.Li),77102920-1,,,11(2): 208,,,,,,,,,,,,18/05/2026 10:22,18/05/2026 11:51,,,Berberidaceae,Berberis lushuiensis,Berberis lushuiensis,Berberis,,f,f,,,,,,,,,,,,,,,,,,,,,,,,,,,,null:,328526-2,Int. J. Bot. Stud.,urn:lsid:ipni.org:publications:20045093-1,2026,2026 [16 May 2026],[16 May 2026],Kottaim.,spec.,Int. J. Bot. Stud. 11(2): 208. 2026 [16 May 2026] ,,,,,11,lushuiensis,,,f,t,,,,,,,T.S.Ying@11942-1@2@bas$H.Li@13776-1@3@bas$Kottaim.@20027938-1@1@aut,,,comb. nov.,,1.3,f,berberis~lushuiensis,berberidaceaeberberis~lushuiensis~,,352,wfo-1000090357,,species,,,,,https://www.ipni.org/n/77380294-1,IPNI record: 77380294-1,Int. J. Bot. Stud. 11(2): 208 (2026)
urn:lsid:ipni.org:names:77380295-1,(T.S.Ying & G.R.Long) Kottaim.,Berberidaceae Mahonia microphylla T.S.Ying & G.R.Long,(T.S.Ying & G.R.Long),1008792-1,,,11(2): 208,,,,,,,,,,,,18/05/2026 10:23,18/05/2026 11:51,,,Berberidaceae,Berberis microphyllus,Berberis microphyllus,Berberis,,f,f,,,,,,,,,,,,,,,,,,,,,,,,,,,,null:,328526-2,Int. J. Bot. Stud.,urn:lsid:ipni.org:publications:20045093-1,2026,2026 [16 May 2026],[16 May 2026],Kottaim.,spec.,Int. J. Bot. Stud. 11(2): 208. 2026 [16 May 2026] ,,,,,11,microphyllus,,,f,t,,,,,,,Kottaim.@20027938-1@1@aut$G.R.Long@38685-1@3@bas$T.S.Ying@11942-1@2@bas,,,comb. nov.,,1.3,f,berberis~microphyllus,berberidaceaeberberis~microphyllus~,,353,wfo-1000090358,,species,,,,,https://www.ipni.org/n/77380295-1,IPNI record: 77380295-1,Int. J. Bot. Stud. 11(2): 208 (2026)
urn:lsid:ipni.org:names:77380296-1,(Y.Tong & Z.D.Wang) Kottaim.,Berberidaceae Mahonia nanlingensis Y.Tong & Z.D.Wang,(Y.Tong & Z.D.Wang),77352573-1,,,11(2): 208,,,,,,,,,,,,18/05/2026 10:24,18/05/2026 11:52,,,Berberidaceae,Berberis nanlingensis,Berberis nanlingensis,Berberis,,f,f,,,,,,,,,,,,,,,,,,,,,,,,,,,,null:,328526-2,Int. J. Bot. Stud.,urn:lsid:ipni.org:publications:20045093-1,2026,2026 [16 May 2026],[16 May 2026],Kottaim.,spec.,Int. J. Bot. Stud. 11(2): 208. 2026 [16 May 2026] ,,,,,11,nanlingensis,,,f,t,,,,,,,Kottaim.@20027938-1@1@aut$Z.D.Wang@20080646-1@3@bas$Y.Tong@20029804-1@2@bas,,,comb. nov.,,1.3,f,berberis~nanlingensis,berberidaceaeberberis~nanlingensis~,,354,wfo-1000090359,,species,,,,,https://www.ipni.org/n/77380296-1,IPNI record: 77380296-1,Int. J. Bot. Stud. 11(2): 208 (2026)
urn:lsid:ipni.org:names:77380297-1,(H.Li) Kottaim.,Berberidaceae Mahonia dulongensis H.Li,(H.Li),77102919-1,,,11(2): 208,,,,,,,,,,,,18/05/2026 10:26,18/05/2026 11:21,,,Berberidaceae,Berberis dulongensis,Berberis dulongensis,Berberis,,f,f,,,,,,,,,,,,,,,,,,,,,,,,,,,,null:,328526-2,Int. J. Bot. Stud.,urn:lsid:ipni.org:publications:20045093-1,2026,2026 [16 May 2026],[16 May 2026],Kottaim.,spec.,Int. J. Bot. Stud. 11(2): 208. 2026 [16 May 2026] ,,,,,11,dulongensis,,,f,t,,,,,,,Kottaim.@20027938-1@1@aut$H.Li@13776-1@2@bas,,,comb. nov.,,1.3,f,berberis~dulongensis,berberidaceaeberberis~dulongensis~,,355,wfo-1000090360,,species,,,,,https://www.ipni.org/n/77380297-1,IPNI record: 77380297-1,Int. J. Bot. Stud. 11(2): 208 (2026)
urn:lsid:ipni.org:names:77380298-1,Rossado & Donadío,,,,,,756(1): 48,,9,,7,,349,2013,,L.V.Castello,,,18/05/2026 10:26,18/05/2026 10:26,"Bolivia (Western South America, Southern America);Catamarca (Argentina Northwest, Southern South America, Southern America);Córdoba (Argentina Northeast, Southern South America, Southern America);La Rioja (Argentina Northwest, Southern South America, Southern America);Salta (Argentina Northwest, Southern South America, Southern America);San Luis (Argentina Northwest, Southern South America, Southern America);Santiago del Estero (Argentina Northwest, Southern South America, Southern America);Tucumán (Argentina Northwest, Southern South America, Southern America);",W,Bromeliaceae,Tillandsia pachyphylla,Tillandsia pachyphylla,Tillandsia,,f,f,,,,,,,,30,50,38,"Argentina: Córdoba, Dept. Punilla, Los Mogotes a 5 km de Capilla del Monte",64,32,40,,,,,,S,,,,,,,,,328340-2,Phytotaxa,urn:lsid:ipni.org:publications:20011462-1,2026,2026 [12 May 2026],[12 May 2026],Rossado & Donadío,spec.,Phytotaxa 756(1): 48. 2026 [12 May 2026] ,,doi:10.11646/phytotaxa.756.1.4 Etymology: the specific epithet is named for its thick and succulent leaf blades.,,,11,pachyphylla,,,f,t,,holotype CORD CORD00044102;isotype WU WU00151154,,,,,Rossado@20033145-1@1@aut$Donadío@20012616-2@2@aut,,,tax. nov.,,1.1,f,tillandsia~pachyphylla,bromeliaceaetillandsia~pachyphylla~,,356,wfo-1000090361,,species,,,,,https://www.ipni.org/n/77380298-1,IPNI record: 77380298-1,Phytotaxa 756(1): 48 (2026)
urn:lsid:ipni.org:names:77380299-1,Behçet,,,,,,756(1): 60,,20,,7,,2009,2025,,L.Behçet &amp; İHG,,,18/05/2026 10:34,18/05/2026 10:34,"Turkey (Western Asia, Asia-Temperate)",,Alliaceae,Allium gulbasanii,Allium gulbasanii,Allium,,f,f,,,,,,,,,,,"B8 Elazığ: Karakoçan District, 3–4 km west of the district center, around Tekardıç Village, ca. 1000 m",,,,,,,,,,,,,,,,,,30000901-2,Phytotaxa,urn:lsid:ipni.org:publications:20011462-1,2026,2026 [12 May 2026],[12 May 2026],Behçet,spec.,Phytotaxa 756(1): 60. 2026 [12 May 2026] ,,"doi:10.11646/phytotaxa.756.1.5 Etymology: the specific epithet is named in honour of İbrahım Halıl Gülbasan, a masters student who studied the locality in which this species was first discovered.",,,11,gulbasanii,,,f,t,,holotype BIN BIN15119;isotype ANK;isotype BIN,,,,,Behçet@39529-1@1@aut,,,tax. nov.,,1.1,f,allium~gulbasanii,alliaceaeallium~gulbasanii~,,357,wfo-1000090362,,species,,,,,https://www.ipni.org/n/77380299-1,IPNI record: 77380299-1,Phytotaxa 756(1): 60 (2026)
urn:lsid:ipni.org:names:77380300-1,"Y.Y.Cong, G.W.Hu & T.Hu",,,,,,756(1): 75,,25,,4,,HK-042512,2016,,Yi-Yan Cong,,,18/05/2026 10:54,18/05/2026 10:54,"Yunnan (China South-Central, China, Asia-Temperate)",E,Balsaminaceae,Impatiens hekouensis,Impatiens hekouensis,Impatiens,,f,f,,,,,,,,22,49,50,"Hekou County, Liangzi Village, Yaoshan Township, 1306 m",103,43,46,,,,,,N,,,,,,,,,325983-2,Phytotaxa,urn:lsid:ipni.org:publications:20011462-1,2026,2026 [12 May 2026],[12 May 2026],"Y.Y.Cong, G.W.Hu & T.Hu",spec.,Phytotaxa 756(1): 75. 2026 [12 May 2026] ,,"doi:10.11646/phytotaxa.756.1.6 Etymology: the specific epithet is named for the type locality, Hekou County.",,,11,hekouensis,,,f,t,,holotype HUNU;isotype HUNU,,,,,T.Hu@20053725-1@3@aut$Y.Y.Cong@20013449-1@1@aut$G.W.Hu@20012505-1@2@aut,,,tax. nov.,,1.1,f,impatiens~hekouensis,balsaminaceaeimpatiens~hekouensis~,,358,wfo-1000090363,,species,,,,,https://www.ipni.org/n/77380300-1,IPNI record: 77380300-1,Phytotaxa 756(1): 75 (2026)
urn:lsid:ipni.org:names:77380301-1,Flickinger & Jestrow,,,,,,75(1)-e13296: 14,,,,,,,,,,,,18/05/2026 11:37,18/05/2026 12:55,,,Myrsinaceae,Ardisia antillana,Ardisia antillana,Ardisia,,f,f,,,,,,,,,,,,,,,,,,,,,,,,,,,,,327477-2,Taxon,urn:lsid:ipni.org:publications:812-2,2024,2024 [30 Dec 2024],[30 Dec 2024],Flickinger & Jestrow,spec.,Taxon 75(1)-e13296: 14. 2024 [30 Dec 2024] ,,doi:10.1002/tax.13296  Etymology: the specific epithet refers to the broad distribution of the species across the Greater Antilles and into the Bahamas.,590415-1,,9,antillana,,,f,t,,,,,,,Jestrow@20013878-1@2@aut$Flickinger@20041886-1@1@aut,,,nom. nov.,,1.2,f,ardisia~antillana,myrsinaceaeardisia~antillana~,,359,wfo-1000090364,,species,,,,,https://www.ipni.org/n/77380301-1,IPNI record: 77380301-1,Taxon 75(1)-e13296: 14 (2024)
urn:lsid:ipni.org:names:77380302-1,(Urb.) Flickinger & Jestrow,Myrsinaceae Wallenia laurifolia Sw. var. raunkiaeri Urb.,(Urb.),267668-2,,,75(1)-e13296: 15,,,,,,,,,,,,18/05/2026 11:39,18/05/2026 12:55,,,Myrsinaceae,Ardisia antillana var. raunkiaeri,Ardisia antillana var. raunkiaeri,Ardisia,,f,f,,,,,raunkiaeri,,,,,,,,,,,,,,,,,,,,,,,,77380301-1,Taxon,urn:lsid:ipni.org:publications:812-2,2024,2024 [30 Dec 2024],[30 Dec 2024],Flickinger & Jestrow,var.,Taxon 75(1)-e13296: 15. 2024 [30 Dec 2024] ,,doi:10.1002/tax.13296,,,11,antillana,Flickinger & Jestrow,,f,t,,,,,,,Urb.@10993-1@1@bas$Flickinger@20041886-1@2@aut$Jestrow@20013878-1@3@aut,,,comb. nov.,,1.2,f,ardisia~antillanaraunkiaeri,myrsinaceaeardisia~antillanaraunkiaeri,,360,wfo-1200118586,,variety,,,,,https://www.ipni.org/n/77380302-1,IPNI record: 77380302-1,Taxon 75(1)-e13296: 15 (2024)
urn:lsid:ipni.org:names:77380303-1,(Urb.) Flickinger & Jestrow,Myrsinaceae Wallenia calyptrata Urb.,(Urb.),267653-2,,,75(1)-e13296: 15,,,,,,,,,,,,18/05/2026 11:40,19/05/2026 09:49,,,Myrsinaceae,Ardisia calyptrata,Ardisia calyptrata,Ardisia,,f,f,,,,,,,,,,,,,,,,,,,,,,,,,,,,,327477-2,Taxon,urn:lsid:ipni.org:publications:812-2,2024,2024 [30 Dec 2024],[30 Dec 2024],Flickinger & Jestrow,spec.,Taxon 75(1)-e13296: 15. 2024 [30 Dec 2024] ,,doi:10.1002/tax.13296,,,11,calyptrata,,,f,t,,,,,,,Jestrow@20013878-1@2@aut$Flickinger@20041886-1@1@aut$Urb.@10993-1@3@bas,,,comb. nov.,,1.3,f,ardisia~calyptrata,myrsinaceaeardisia~calyptrata~,,361,wfo-1000090365,,species,,,,,https://www.ipni.org/n/77380303-1,IPNI record: 77380303-1,Taxon 75(1)-e13296: 15 (2024)
urn:lsid:ipni.org:names:77380304-1,Flickinger & Jestrow,,,,,,75(1)-e13296: 15,,,,,,,,,,,,18/05/2026 11:48,18/05/2026 12:55,,,Myrsinaceae,Ardisia cinctinodis,Ardisia cinctinodis,Ardisia,,f,f,,,,,,,,,,,,,,,,,,,,,,,,,,,,,327477-2,Taxon,urn:lsid:ipni.org:publications:812-2,2024,2024 [30 Dec 2024],[30 Dec 2024],Flickinger & Jestrow,spec.,Taxon 75(1)-e13296: 15. 2024 [30 Dec 2024] ,,"doi:10.1002/tax.13296  Etymology: the specific epithet refers to the manner in which the subsessile leaves, which are borne in clusters of two or three, encircle the nodes.",191175-2,,9,cinctinodis,,,f,t,,,,,,,Jestrow@20013878-1@2@aut$Flickinger@20041886-1@1@aut,,,nom. nov.,,1.2,f,ardisia~cinctinodis,myrsinaceaeardisia~cinctinodis~,,362,wfo-1000090366,,species,,,,,https://www.ipni.org/n/77380304-1,IPNI record: 77380304-1,Taxon 75(1)-e13296: 15 (2024)
urn:lsid:ipni.org:names:77380305-1,K.Campbell & Flickinger,,,,,,75(1)-e13296: 15,,,,,,,,,,,,18/05/2026 11:51,18/05/2026 12:56,,,Myrsinaceae,Ardisia clivorum,Ardisia clivorum,Ardisia,,f,f,,,,,,,,,,,,,,,,,,,,,,,,,,,,,327477-2,Taxon,urn:lsid:ipni.org:publications:812-2,2024,2024 [30 Dec 2024],[30 Dec 2024],K.Campbell & Flickinger,spec.,Taxon 75(1)-e13296: 15. 2024 [30 Dec 2024] ,,doi:10.1002/tax.13296  Etymology: the specific epithet refers to the characteristic topography of areas from which this species is known.,590408-1,,9,clivorum,,,f,t,,,,,,,Flickinger@20041886-1@2@aut$K.Campbell@20031100-1@1@aut,,,nom. nov.,,1.2,f,ardisia~clivorum,myrsinaceaeardisia~clivorum~,,363,wfo-1000090367,,species,,,,,https://www.ipni.org/n/77380305-1,IPNI record: 77380305-1,Taxon 75(1)-e13296: 15 (2024)
urn:lsid:ipni.org:names:77380306-1,(Urb.) Flickinger & Jestrow,Myrsinaceae Wallenia corymbosa Urb.,(Urb.),267656-2,,,75(1)-e13296: 16,,,,,,,,,,,,18/05/2026 11:54,18/05/2026 12:56,,,Myrsinaceae,Ardisia corymbosa,Ardisia corymbosa,Ardisia,,f,f,,,,,,,,,,,,,,,,,,,,,,,,,,,,,327477-2,Taxon,urn:lsid:ipni.org:publications:812-2,2024,2024 [30 Dec 2024],[30 Dec 2024],Flickinger & Jestrow,spec.,Taxon 75(1)-e13296: 16. 2024 [30 Dec 2024] ,,doi:10.1002/tax.13296,,,11,corymbosa,,,f,t,,,,,,,Jestrow@20013878-1@3@aut$Flickinger@20041886-1@2@aut$Urb.@10993-1@1@bas,,,comb. nov.,,1.2,f,ardisia~corymbosa,myrsinaceaeardisia~corymbosa~,,364,wfo-1000090368,,species,,,,,https://www.ipni.org/n/77380306-1,IPNI record: 77380306-1,Taxon 75(1)-e13296: 16 (2024)
urn:lsid:ipni.org:names:77380307-1,Commock & Flickinger,,,,,,75(1)-e13296: 16,,,,,,,,,,,,18/05/2026 11:56,18/05/2026 12:56,,,Myrsinaceae,Ardisia dichroma,Ardisia dichroma,Ardisia,,f,f,,,,,,,,,,,,,,,,,,,,,,,,,,,,,327477-2,Taxon,urn:lsid:ipni.org:publications:812-2,2024,2024 [30 Dec 2024],[30 Dec 2024],Commock & Flickinger,spec.,Taxon 75(1)-e13296: 16. 2024 [30 Dec 2024] ,,doi:10.1002/tax.13296  Etymology: the specific epithet refers to the color difference between the adaxial and abaxial surfaces of dried leaves that inspired the original name.,590405-1,,9,dichroma,,,f,t,,,,,,,Flickinger@20041886-1@2@aut$Commock@20028698-1@1@aut,,,nom. nov.,,1.2,f,ardisia~dichroma,myrsinaceaeardisia~dichroma~,,365,wfo-1000090369,,species,,,,,https://www.ipni.org/n/77380307-1,IPNI record: 77380307-1,Taxon 75(1)-e13296: 16 (2024)
urn:lsid:ipni.org:names:77380308-1,(Urb.) Flickinger & Jestrow,Myrsinaceae Wallenia ekmanii Urb.,(Urb.),590406-1,,,75(1)-e13296: 16,,,,,,,,,,,,18/05/2026 11:59,18/05/2026 12:56,,,Myrsinaceae,Ardisia ekmanii,Ardisia ekmanii,Ardisia,,f,f,,,,,,,,,,,,,,,,,,,,,,,,,,,,,327477-2,Taxon,urn:lsid:ipni.org:publications:812-2,2024,2024 [30 Dec 2024],[30 Dec 2024],Flickinger & Jestrow,spec.,Taxon 75(1)-e13296: 16. 2024 [30 Dec 2024] ,,doi:10.1002/tax.13296,,,11,ekmanii,,,f,t,,,,,,,Jestrow@20013878-1@3@aut$Flickinger@20041886-1@2@aut$Urb.@10993-1@1@bas,,,comb. nov.,,1.2,f,ardisia~ekmanii,myrsinaceaeardisia~ekmanii~,,366,wfo-1000090370,,species,,,,,https://www.ipni.org/n/77380308-1,IPNI record: 77380308-1,Taxon 75(1)-e13296: 16 (2024)
urn:lsid:ipni.org:names:77380309-1,(Mez) Flickinger & Jestrow,Myrsinaceae Wallenia fawcettii Mez,(Mez),590409-1,,,75(1)-e13296: 16,,,,,,,,,,,,18/05/2026 12:01,18/05/2026 12:56,,,Myrsinaceae,Ardisia fawcettii,Ardisia fawcettii,Ardisia,,f,f,,,,,,,,,,,,,,,,,,,,,,,,,,,,,327477-2,Taxon,urn:lsid:ipni.org:publications:812-2,2024,2024 [30 Dec 2024],[30 Dec 2024],Flickinger & Jestrow,spec.,Taxon 75(1)-e13296: 16. 2024 [30 Dec 2024] ,,doi:10.1002/tax.13296,,,11,fawcettii,,,f,t,,,,,,,Mez@6424-1@1@bas$Jestrow@20013878-1@3@aut$Flickinger@20041886-1@2@aut,,,comb. nov.,,1.2,f,ardisia~fawcettii,myrsinaceaeardisia~fawcettii~,,367,wfo-1000090371,,species,,,,,https://www.ipni.org/n/77380309-1,IPNI record: 77380309-1,Taxon 75(1)-e13296: 16 (2024)
urn:lsid:ipni.org:names:77380310-1,K.Campbell & Jestrow,,,,,,75(1)-e13296: 16,,,,,,,,,,,,18/05/2026 12:03,18/05/2026 12:56,,,Myrsinaceae,Ardisia garveyi,Ardisia garveyi,Ardisia,,f,f,,,,,,,,,,,,,,,,,,,,,,,,,,,,,327477-2,Taxon,urn:lsid:ipni.org:publications:812-2,2024,2024 [30 Dec 2024],[30 Dec 2024],K.Campbell & Jestrow,spec.,Taxon 75(1)-e13296: 16. 2024 [30 Dec 2024] ,,doi:10.1002/tax.13296,590407-1,,9,garveyi,,,f,t,,,,,,,Jestrow@20013878-1@2@aut$K.Campbell@20031100-1@1@aut,,,nom. nov.,,1.2,f,ardisia~garveyi,myrsinaceaeardisia~garveyi~,,368,wfo-1000090372,,species,,,,,https://www.ipni.org/n/77380310-1,IPNI record: 77380310-1,Taxon 75(1)-e13296: 16 (2024)
urn:lsid:ipni.org:names:77380311-1,(Mez) Flickinger & Jestrow,Myrsinaceae Wallenia grisebachii Mez,(Mez),267664-2,,,75(1)-e13296: 17,,,,,,,,,,,,18/05/2026 12:05,18/05/2026 12:56,,,Myrsinaceae,Ardisia grisebachii,Ardisia grisebachii,Ardisia,,f,f,,,,,,,,,,,,,,,,,,,,,,,,,,,,,327477-2,Taxon,urn:lsid:ipni.org:publications:812-2,2024,2024 [30 Dec 2024],[30 Dec 2024],Flickinger & Jestrow,spec.,Taxon 75(1)-e13296: 17. 2024 [30 Dec 2024] ,,doi:10.1002/tax.13296,,,11,grisebachii,,,f,t,,,,,,,Jestrow@20013878-1@3@aut$Mez@6424-1@1@bas$Flickinger@20041886-1@2@aut,,,comb. nov.,,1.2,f,ardisia~grisebachii,myrsinaceaeardisia~grisebachii~,,369,wfo-1000090373,,species,,,,,https://www.ipni.org/n/77380311-1,IPNI record: 77380311-1,Taxon 75(1)-e13296: 17 (2024)
urn:lsid:ipni.org:names:77380312-1,K.Campbell & Jestrow,,,,,,75(1)-e13296: 17,,,,,,,,,,,,18/05/2026 12:08,18/05/2026 12:56,,,Myrsinaceae,Ardisia marleyi,Ardisia marleyi,Ardisia,,f,f,,,,,,,,,,,,,,,,,,,,,,,,,,,,,327477-2,Taxon,urn:lsid:ipni.org:publications:812-2,2024,2024 [30 Dec 2024],[30 Dec 2024],K.Campbell & Jestrow,spec.,Taxon 75(1)-e13296: 17. 2024 [30 Dec 2024] ,,doi:10.1002/tax.13296  Etymology: the specific epithet honours world-renowned Jamaican reggae musician Bob Marley (1945–1981). The species' range encompasses Marley's place of birth within the central parish of Saint Ann.,590427-1,,9,marleyi,,,f,t,,,,,,,K.Campbell@20031100-1@1@aut$Jestrow@20013878-1@2@aut,,,nom. nov.,,1.2,f,ardisia~marleyi,myrsinaceaeardisia~marleyi~,,370,wfo-1000090374,,species,,,,,https://www.ipni.org/n/77380312-1,IPNI record: 77380312-1,Taxon 75(1)-e13296: 17 (2024)
urn:lsid:ipni.org:names:77380313-1,Commock & Jestrow,,,,,,75(1)-e13296: 17,,,,,,,,,,,,18/05/2026 12:11,18/05/2026 12:56,,,Myrsinaceae,Ardisia nannyae,Ardisia nannyae,Ardisia,,f,f,,,,,,,,,,,,,,,,,,,,,,,,,,,,,327477-2,Taxon,urn:lsid:ipni.org:publications:812-2,2024,2024 [30 Dec 2024],[30 Dec 2024],Commock & Jestrow,spec.,Taxon 75(1)-e13296: 17. 2024 [30 Dec 2024] ,,"doi:10.1002/tax.13296  Etymology: the specific epithet honors the Rt. Excellent Nanny of the Maroons (c. 1686 – c. 1760), who is Jamaica's only National Heroine.",590404-1,,9,nannyae,,,f,t,,,,,,,Commock@20028698-1@1@aut$Jestrow@20013878-1@2@aut,,,nom. nov.,,1.2,f,ardisia~nannyae,myrsinaceaeardisia~nannyae~,,371,wfo-1000090375,,species,,,,,https://www.ipni.org/n/77380313-1,IPNI record: 77380313-1,Taxon 75(1)-e13296: 17 (2024)
urn:lsid:ipni.org:names:77380314-1,Flickinger & Jestrow,,,,,,75(1)-e13296: 18,,,,,,,,,,,,18/05/2026 12:15,18/05/2026 12:56,,,Myrsinaceae,Ardisia panfetiae,Ardisia panfetiae,Ardisia,,f,f,,,,,,,,,,,,,,,,,,,,,,,,,,,,,327477-2,Taxon,urn:lsid:ipni.org:publications:812-2,2024,2024 [30 Dec 2024],[30 Dec 2024],Flickinger & Jestrow,spec.,Taxon 75(1)-e13296: 18. 2024 [30 Dec 2024] ,,"doi:10.1002/tax.13296  Etymology: the specific epithet honours Cuban botanist and specialist in Myrsinoideae Dra. Cristina Mercedes Panfet Valdés (1957–2023), who helped collect the material of this species.",240637-2,,9,panfetiae,,,f,t,,,,,,,Jestrow@20013878-1@2@aut$Flickinger@20041886-1@1@aut,,,nom. nov.,,1.2,f,ardisia~panfetiae,myrsinaceaeardisia~panfetiae~,,372,wfo-1000090376,,species,,,,,https://www.ipni.org/n/77380314-1,IPNI record: 77380314-1,Taxon 75(1)-e13296: 18 (2024)
urn:lsid:ipni.org:names:77380315-1,(Urb.) Flickinger & Jestrow,Myrsinaceae Wallenia punctulata Urb.,(Urb.),590421-1,,,75(1)-e13296: 18,,,,,,,,,,,,18/05/2026 12:16,18/05/2026 12:56,,,Myrsinaceae,Ardisia punctulata,Ardisia punctulata,Ardisia,,f,f,,,,,,,,,,,,,,,,,,,,,,,,,,,,,327477-2,Taxon,urn:lsid:ipni.org:publications:812-2,2024,2024 [30 Dec 2024],[30 Dec 2024],Flickinger & Jestrow,spec.,Taxon 75(1)-e13296: 18. 2024 [30 Dec 2024] ,,doi:10.1002/tax.13296,,,11,punctulata,,,f,t,,,,,,,Urb.@10993-1@1@bas$Flickinger@20041886-1@2@aut$Jestrow@20013878-1@3@aut,,,comb. nov.,,1.2,f,ardisia~punctulata,myrsinaceaeardisia~punctulata~,,373,wfo-1000090377,,species,,,,,https://www.ipni.org/n/77380315-1,IPNI record: 77380315-1,Taxon 75(1)-e13296: 18 (2024)
urn:lsid:ipni.org:names:77380316-1,(Urb.) Flickinger & Jestrow,Myrsinaceae Wallenia sylvestris Urb.,(Urb.),590425-1,,,75(1)-e13296: 18,,,,,,,,,,,,18/05/2026 12:18,18/05/2026 12:56,,,Myrsinaceae,Ardisia sylvestris,Ardisia sylvestris,Ardisia,,f,f,,,,,,,,,,,,,,,,,,,,,,,,,,,,,327477-2,Taxon,urn:lsid:ipni.org:publications:812-2,2024,2024 [30 Dec 2024],[30 Dec 2024],Flickinger & Jestrow,spec.,Taxon 75(1)-e13296: 18. 2024 [30 Dec 2024] ,,doi:10.1002/tax.13296,,,11,sylvestris,,,f,t,,,,,,,Jestrow@20013878-1@3@aut$Flickinger@20041886-1@2@aut$Urb.@10993-1@1@bas,,,comb. nov.,,1.2,f,ardisia~sylvestris,myrsinaceaeardisia~sylvestris~,,374,wfo-1000090378,,species,,,,,https://www.ipni.org/n/77380316-1,IPNI record: 77380316-1,Taxon 75(1)-e13296: 18 (2024)
urn:lsid:ipni.org:names:77380317-1,(Mez) Flickinger & Jestrow,Myrsinaceae Wallenia purdieana Mez,(Mez),590422-1,,,75(1)-e13296: 18,,,,,,,,,,,,18/05/2026 12:20,18/05/2026 12:56,,,Myrsinaceae,Ardisia purdieana,Ardisia purdieana,Ardisia,,f,f,,,,,,,,,,,,,,,,,,,,,,,,,,,,,327477-2,Taxon,urn:lsid:ipni.org:publications:812-2,2024,2024 [30 Dec 2024],[30 Dec 2024],Flickinger & Jestrow,spec.,Taxon 75(1)-e13296: 18. 2024 [30 Dec 2024] ,,doi:10.1002/tax.13296,,,11,purdieana,,,f,t,,,,,,,Flickinger@20041886-1@2@aut$Mez@6424-1@1@bas$Jestrow@20013878-1@3@aut,,,comb. nov.,,1.2,f,ardisia~purdieana,myrsinaceaeardisia~purdieana~,,375,wfo-1000090379,,species,,,,,https://www.ipni.org/n/77380317-1,IPNI record: 77380317-1,Taxon 75(1)-e13296: 18 (2024)
urn:lsid:ipni.org:names:77380318-1,(Urb.) Jestrow & Flickinger,Myrsinaceae Wallenia apiculata Urb.,(Urb.),590397-1,,,75(1)-e13296: 18,,,,,,,,,,,,18/05/2026 12:21,18/05/2026 12:58,,,Myrsinaceae,Vegaea apiculata,Vegaea apiculata,Vegaea,,f,f,,,,,,,,,,,,,,,,,,,,,,,,,,,,,289131-2,Taxon,urn:lsid:ipni.org:publications:812-2,2024,2024 [30 Dec 2024],[30 Dec 2024],Jestrow & Flickinger,spec.,Taxon 75(1)-e13296: 18. 2024 [30 Dec 2024] ,,doi:10.1002/tax.13296,,,11,apiculata,,,f,t,,,,,,,Urb.@10993-1@1@bas$Jestrow@20013878-1@2@aut$Flickinger@20041886-1@3@aut,,,comb. nov.,,1.2,f,vegaea~apiculata,myrsinaceaevegaea~apiculata~,,376,wfo-1000090380,,species,,,,,https://www.ipni.org/n/77380318-1,IPNI record: 77380318-1,Taxon 75(1)-e13296: 18 (2024)
urn:lsid:ipni.org:names:77380319-1,(Urb. & Ekman) Jestrow & Flickinger,Myrsinaceae Wallenia aquifolia Urb. & Ekman,(Urb. & Ekman),590398-1,,,75(1)-e13296: 19,,,,,,,,,,,,18/05/2026 12:23,18/05/2026 12:58,,,Myrsinaceae,Vegaea aquifolia,Vegaea aquifolia,Vegaea,,f,f,,,,,,,,,,,,,,,,,,,,,,,,,,,,,289131-2,Taxon,urn:lsid:ipni.org:publications:812-2,2024,2024 [30 Dec 2024],[30 Dec 2024],Jestrow & Flickinger,spec.,Taxon 75(1)-e13296: 19. 2024 [30 Dec 2024] ,,doi:10.1002/tax.13296,,,11,aquifolia,,,f,t,,,,,,,Flickinger@20041886-1@4@aut$Urb.@10993-1@1@bas$Ekman@2502-1@2@bas$Jestrow@20013878-1@3@aut,,,comb. nov.,,1.2,f,vegaea~aquifolia,myrsinaceaevegaea~aquifolia~,,377,wfo-1000090381,,species,,,,,https://www.ipni.org/n/77380319-1,IPNI record: 77380319-1,Taxon 75(1)-e13296: 19 (2024)
urn:lsid:ipni.org:names:77380320-1,(Griseb.) Jestrow & Flickinger,Myrsinaceae Ardisia bumelioides Griseb.,(Griseb.),586807-1,,,75(1)-e13296: 19,,,,,,,,,,,,18/05/2026 12:24,18/05/2026 12:58,,,Myrsinaceae,Vegaea bumelioides,Vegaea bumelioides,Vegaea,,f,f,,,,,,,,,,,,,,,,,,,,,,,,,,,,,289131-2,Taxon,urn:lsid:ipni.org:publications:812-2,2024,2024 [30 Dec 2024],[30 Dec 2024],Jestrow & Flickinger,spec.,Taxon 75(1)-e13296: 19. 2024 [30 Dec 2024] ,,doi:10.1002/tax.13296,,,11,bumelioides,,,f,t,,,,,,,Griseb.@3397-1@1@bas$Flickinger@20041886-1@3@aut$Jestrow@20013878-1@2@aut,,,comb. nov.,,1.2,f,vegaea~bumelioides,myrsinaceaevegaea~bumelioides~,,378,wfo-1000090382,,species,,,,,https://www.ipni.org/n/77380320-1,IPNI record: 77380320-1,Taxon 75(1)-e13296: 19 (2024)
urn:lsid:ipni.org:names:77380321-1,(Judd) Jestrow & Flickinger,Myrsinaceae Wallenia formonensis Judd,(Judd),287010-2,,,75(1)-e13296: 19,,,,,,,,,,,,18/05/2026 12:26,18/05/2026 12:58,,,Myrsinaceae,Vegaea formonensis,Vegaea formonensis,Vegaea,,f,f,,,,,,,,,,,,,,,,,,,,,,,,,,,,,289131-2,Taxon,urn:lsid:ipni.org:publications:812-2,2024,2024 [30 Dec 2024],[30 Dec 2024],Jestrow & Flickinger,spec.,Taxon 75(1)-e13296: 19. 2024 [30 Dec 2024] ,,doi:10.1002/tax.13296,,,11,formonensis,,,f,t,,,,,,,Judd@21093-1@1@bas$Jestrow@20013878-1@2@aut$Flickinger@20041886-1@3@aut,,,comb. nov.,,1.2,f,vegaea~formonensis,myrsinaceaevegaea~formonensis~,,379,wfo-1000090383,,species,,,,,https://www.ipni.org/n/77380321-1,IPNI record: 77380321-1,Taxon 75(1)-e13296: 19 (2024)
urn:lsid:ipni.org:names:77380322-1,(Alain) Jestrow & Flickinger,Myrsinaceae Wallenia gracilis Alain,(Alain),590410-1,,,75(1)-e13296: 19,,,,,,,,,,,,18/05/2026 12:27,18/05/2026 12:58,,,Myrsinaceae,Vegaea gracilis,Vegaea gracilis,Vegaea,,f,f,,,,,,,,,,,,,,,,,,,,,,,,,,,,,289131-2,Taxon,urn:lsid:ipni.org:publications:812-2,2024,2024 [30 Dec 2024],[30 Dec 2024],Jestrow & Flickinger,spec.,Taxon 75(1)-e13296: 19. 2024 [30 Dec 2024] ,,doi:10.1002/tax.13296,,,11,gracilis,,,f,t,,,,,,,Jestrow@20013878-1@2@aut$Flickinger@20041886-1@3@aut$Alain@14944-1@1@bas,,,comb. nov.,,1.2,f,vegaea~gracilis,myrsinaceaevegaea~gracilis~,,380,wfo-1000090384,,species,,,,,https://www.ipni.org/n/77380322-1,IPNI record: 77380322-1,Taxon 75(1)-e13296: 19 (2024)
urn:lsid:ipni.org:names:77380323-1,(Alain) Jestrow & Flickinger,Myrsinaceae Wallenia hughsonii Alain,(Alain),287011-2,,,75(1)-e13296: 19,,,,,,,,,,,,18/05/2026 12:30,18/05/2026 12:58,,,Myrsinaceae,Vegaea hughsonii,Vegaea hughsonii,Vegaea,,f,f,,,,,,,,,,,,,,,,,,,,,,,,,,,,,289131-2,Taxon,urn:lsid:ipni.org:publications:812-2,2024,2024 [30 Dec 2024],[30 Dec 2024],Jestrow & Flickinger,spec.,Taxon 75(1)-e13296: 19. 2024 [30 Dec 2024] ,,doi:10.1002/tax.13296,,,11,hughsonii,,,f,t,,,,,,,Alain@14944-1@1@bas$Flickinger@20041886-1@3@aut$Jestrow@20013878-1@2@aut,,,comb. nov.,,1.2,f,vegaea~hughsonii,myrsinaceaevegaea~hughsonii~,,381,wfo-1000090385,,species,,,,,https://www.ipni.org/n/77380323-1,IPNI record: 77380323-1,Taxon 75(1)-e13296: 19 (2024)
urn:lsid:ipni.org:names:77380324-1,(Urb. & Ekman) Jestrow & Flickinger,Myrsinaceae Wallenia ilicifolia Urb. & Ekman,(Urb. & Ekman),590412-1,,,75(1)-e13296: 19,,,,,,,,,,,,18/05/2026 12:32,18/05/2026 12:58,,,Myrsinaceae,Vegaea ilicifolia,Vegaea ilicifolia,Vegaea,,f,f,,,,,,,,,,,,,,,,,,,,,,,,,,,,,289131-2,Taxon,urn:lsid:ipni.org:publications:812-2,2024,2024 [30 Dec 2024],[30 Dec 2024],Jestrow & Flickinger,spec.,Taxon 75(1)-e13296: 19. 2024 [30 Dec 2024] ,,doi:10.1002/tax.13296,,,11,ilicifolia,,,f,t,,,,,,,Jestrow@20013878-1@3@aut$Flickinger@20041886-1@4@aut$Urb.@10993-1@1@bas$Ekman@2502-1@2@bas,,,comb. nov.,,1.2,f,vegaea~ilicifolia,myrsinaceaevegaea~ilicifolia~,,382,wfo-1000090386,,species,,,,,https://www.ipni.org/n/77380324-1,IPNI record: 77380324-1,Taxon 75(1)-e13296: 19 (2024)
urn:lsid:ipni.org:names:77380325-1,(Griseb.) Jestrow & Flickinger,Myrsinaceae Ardisia jacquinioides Griseb.,(Griseb.),587111-1,,,75(1)-e13296: 20,,,,,,,,,,,,18/05/2026 12:33,18/05/2026 12:58,,,Myrsinaceae,Vegaea jacquinioides,Vegaea jacquinioides,Vegaea,,f,f,,,,,,,,,,,,,,,,,,,,,,,,,,,,,289131-2,Taxon,urn:lsid:ipni.org:publications:812-2,2024,2024 [30 Dec 2024],[30 Dec 2024],Jestrow & Flickinger,spec.,Taxon 75(1)-e13296: 20. 2024 [30 Dec 2024] ,,doi:10.1002/tax.13296,,,11,jacquinioides,,,f,t,,,,,,,Griseb.@3397-1@1@bas$Flickinger@20041886-1@3@aut$Jestrow@20013878-1@2@aut,,,comb. nov.,,1.2,f,vegaea~jacquinioides,myrsinaceaevegaea~jacquinioides~,,383,wfo-1000090387,,species,,,,,https://www.ipni.org/n/77380325-1,IPNI record: 77380325-1,Taxon 75(1)-e13296: 20 (2024)
urn:lsid:ipni.org:names:77380326-1,(Panfet & Ventosa) Jestrow & Flickinger,Myrsinaceae Wallenia jacquinioides Mez subsp. montecristensis Panfet & Ventosa,(Panfet & Ventosa),70029231-1,,,75(1)-e13296: 20,,,,,,,,,,,,18/05/2026 12:34,18/05/2026 12:58,,,Myrsinaceae,Vegaea jacquinioides subsp. montecristensis,Vegaea jacquinioides subsp. montecristensis,Vegaea,,f,f,,,,,montecristensis,,,,,,,,,,,,,,,,,,,,,,,,77380325-1,Taxon,urn:lsid:ipni.org:publications:812-2,2024,2024 [30 Dec 30 Dec 20242025],[30 Dec [30 Dec 2024]2025],Jestrow & Flickinger,subsp.,Taxon 75(1)-e13296: 20. 2024 [30 Dec [30 Dec 2024]2025] ,,doi:10.1002/tax.13296,,,11,jacquinioides,(Griseb.) Jestrow & Flickinger,,f,t,,,,,,,Panfet@36447-1@1@bas$Ventosa@39299-1@2@bas$Jestrow@20013878-1@3@aut$Flickinger@20041886-1@4@aut,,,comb. nov.,,1.2,f,vegaea~jacquinioidesmontecristensis,myrsinaceaevegaea~jacquinioidesmontecristensis,,384,wfo-1200118587,,subspecies,,,,,https://www.ipni.org/n/77380326-1,IPNI record: 77380326-1,Taxon 75(1)-e13296: 20 (2024)
urn:lsid:ipni.org:names:77380327-1,(Lam.) Santiago-Val. & Flickinger,Myrsinaceae Anguillaria laurifolia Lam.,(Lam.),586675-1,,,75(1)-e13296: 20,,,,,,,,,,,,18/05/2026 12:43,18/05/2026 12:43,,,Myrsinaceae,Vegaea laurifolia,Vegaea laurifolia,Vegaea,,f,f,,,,,,,,,,,,,,,,,,,,,,,,,,,,,289131-2,Taxon,urn:lsid:ipni.org:publications:812-2,2024,2024 [30 Dec 2024],[30 Dec 2024],Santiago-Val. & Flickinger,spec.,Taxon 75(1)-e13296: 20. 2024 [30 Dec 2024] ,,doi:10.1002/tax.13296,,,11,laurifolia,,,f,t,,,,,,,Flickinger@20041886-1@2@aut$Santiago-Val.@20098755-1@1@aut$Lam.@5227-1@3@bas,,,comb. nov.,,1.1,f,vegaea~laurifolia,myrsinaceaevegaea~laurifolia~,,385,wfo-1000090388,,species,,,,,https://www.ipni.org/n/77380327-1,IPNI record: 77380327-1,Taxon 75(1)-e13296: 20 (2024)
urn:lsid:ipni.org:names:77380328-1,(Panfet & Ventosa) Jestrow & Flickinger,Myrsinaceae Wallenia lepperi Panfet & Ventosa,(Panfet & Ventosa),329337-2,,,75(1)-e13296: 21,,,,,,,,,,,,18/05/2026 12:45,18/05/2026 12:45,,,Myrsinaceae,Vegaea lepperi,Vegaea lepperi,Vegaea,,f,f,,,,,,,,,,,,,,,,,,,,,,,,,,,,,289131-2,Taxon,urn:lsid:ipni.org:publications:812-2,2024,2024 [30 Dec 2024],[30 Dec 2024],Jestrow & Flickinger,spec.,Taxon 75(1)-e13296: 21. 2024 [30 Dec 2024] ,,doi:10.1002/tax.13296,,,11,lepperi,,,f,t,,,,,,,Ventosa@39299-1@4@bas$Panfet@36447-1@3@bas$Flickinger@20041886-1@2@aut$Jestrow@20013878-1@1@aut,,,comb. nov.,,1.1,f,vegaea~lepperi,myrsinaceaevegaea~lepperi~,,386,wfo-1000090389,,species,,,,,https://www.ipni.org/n/77380328-1,IPNI record: 77380328-1,Taxon 75(1)-e13296: 21 (2024)
urn:lsid:ipni.org:names:77380329-1,(Panfet & Ventosa) Jestrow & Flickinger,Myrsinaceae Wallenia maestrensis Panfet & Ventosa,(Panfet & Ventosa),320321-2,,,75(1)-e13296: 21,,,,,,,,,,,,18/05/2026 12:46,18/05/2026 12:46,,,Myrsinaceae,Vegaea maestrensis,Vegaea maestrensis,Vegaea,,f,f,,,,,,,,,,,,,,,,,,,,,,,,,,,,,289131-2,Taxon,urn:lsid:ipni.org:publications:812-2,2024,2024 [30 Dec 2024],[30 Dec 2024],Jestrow & Flickinger,spec.,Taxon 75(1)-e13296: 21. 2024 [30 Dec 2024] ,,doi:10.1002/tax.13296,,,11,maestrensis,,,f,t,,,,,,,Jestrow@20013878-1@1@aut$Ventosa@39299-1@4@bas$Panfet@36447-1@3@bas$Flickinger@20041886-1@2@aut,,,comb. nov.,,1.1,f,vegaea~maestrensis,myrsinaceaevegaea~maestrensis~,,387,wfo-1000090390,,species,,,,,https://www.ipni.org/n/77380329-1,IPNI record: 77380329-1,Taxon 75(1)-e13296: 21 (2024)
urn:lsid:ipni.org:names:77380330-1,(Mez) Jestrow & Flickinger,Myrsinaceae Wallenia urbaniana Mez,(Mez),590426-1,,,75(1)-e13296: 21,,,,,,,,,,,,18/05/2026 12:48,18/05/2026 12:48,,,Myrsinaceae,Vegaea urbaniana,Vegaea urbaniana,Vegaea,,f,f,,,,,,,,,,,,,,,,,,,,,,,,,,,,,289131-2,Taxon,urn:lsid:ipni.org:publications:812-2,2024,2024 [30 Dec 2024],[30 Dec 2024],Jestrow & Flickinger,spec.,Taxon 75(1)-e13296: 21. 2024 [30 Dec 2024] ,,doi:10.1002/tax.13296,,,11,urbaniana,,,f,t,,,,,,,Jestrow@20013878-1@1@aut$Flickinger@20041886-1@2@aut$Mez@6424-1@3@bas,,,comb. nov.,,1.1,f,vegaea~urbaniana,myrsinaceaevegaea~urbaniana~,,388,wfo-1000090391,,species,,,,,https://www.ipni.org/n/77380330-1,IPNI record: 77380330-1,Taxon 75(1)-e13296: 21 (2024)
urn:lsid:ipni.org:names:77380331-1,(Urb.) Santiago-Val. & Jestrow,Myrsinaceae Ardisia yunquensis Urb.,(Urb.),18384-2,,,75(1)-e13296: 21,,,,,,,,,,,,18/05/2026 12:49,18/05/2026 12:49,,,Myrsinaceae,Vegaea yunquensis,Vegaea yunquensis,Vegaea,,f,f,,,,,,,,,,,,,,,,,,,,,,,,,,,,,289131-2,Taxon,urn:lsid:ipni.org:publications:812-2,2024,2024 [30 Dec 2024],[30 Dec 2024],Santiago-Val. & Jestrow,spec.,Taxon 75(1)-e13296: 21. 2024 [30 Dec 2024] ,,doi:10.1002/tax.13296,,,11,yunquensis,,,f,t,,,,,,,Urb.@10993-1@3@bas$Jestrow@20013878-1@2@aut$Santiago-Val.@20098755-1@1@aut,,,comb. nov.,,1.1,f,vegaea~yunquensis,myrsinaceaevegaea~yunquensis~,,389,wfo-1000090392,,species,,,,,https://www.ipni.org/n/77380331-1,IPNI record: 77380331-1,Taxon 75(1)-e13296: 21 (2024)
urn:lsid:ipni.org:names:77380332-1,"de Santiago, L.O.Alvarado, S.Islas & Ram.-Barrios",,,,,,756(2): 106,,6,,6,,5121,2024,,R. de Santiago et al.,,,18/05/2026 14:23,18/05/2026 14:23,"Guerrero (Mexico Southwest, Mexico, Northern America)",,Apocynaceae,Tabernaemontana chanequeana,Tabernaemontana chanequeana,Tabernaemontana,,f,f,,,,,,,,,,,"Mun. Atoyac de Álvarez, aproximadamente 2.5 km en línea recta al S de El Edén, camino a Las Higuerillas, 1420 m",,,,,,,,,,,,,,,,,,328993-2,Phytotaxa,urn:lsid:ipni.org:publications:20011462-1,2026,2026 [14 May 2026],[14 May 2026],"de Santiago, L.O.Alvarado, S.Islas & Ram.-Barrios",spec.,Phytotaxa 756(2): 106. 2026 [14 May 2026] ,,"doi:10.11646/phytotaxa.756.2.1 Etymology: the specific epithet refers to the Chaneques, a mythological creature in Mayan culture that are typically associated with the protection of nature.",,,11,chanequeana,,,f,t,,holotype FCME,,,,,L.O.Alvarado@20012512-1@2@aut$Ram.-Barrios@20098757-1@4@aut$de Santiago@39230-1@1@aut$S.Islas@20039977-1@3@aut,,,tax. nov.,,1.1,f,tabernaemontana~chanequeana,apocynaceaetabernaemontana~chanequeana~,,390,wfo-1000090393,,species,,,,,https://www.ipni.org/n/77380332-1,IPNI record: 77380332-1,Phytotaxa 756(2): 106 (2026)
urn:lsid:ipni.org:names:77380333-1,"A.Vázquez, Padilla-Lepe & Shalisko",,,,,,756(2): 123,,,,,,10377,,,"J.Antonio Vázquez García, Jesús Padilla-Lepe &amp; Juan Luis Hernández-Lomelí",,,18/05/2026 14:30,18/05/2026 14:30,"Colima (Mexico Southwest, Mexico, Northern America)",,Agavaceae,Agave hernandezverae,Agave hernandezverae,Agave,,f,f,,,,,,,,,,,Tecomán,,,,,,,,,,,,,,,,,,325900-2,Phytotaxa,urn:lsid:ipni.org:publications:20011462-1,2026,2026 [14 May 2026],[14 May 2026],"A.Vázquez, Padilla-Lepe & Shalisko",spec.,Phytotaxa 756(2): 123. 2026 [14 May 2026] ,,doi:10.11646/phytotaxa.756.2.2,,,11,hernandezverae,,,f,t,,holotype IBUG 223349;isotype IBUG 223350,,,,,A.Vázquez@35439-1@1@aut$Padilla-Lepe@20023643-1@2@aut$Shalisko@20027236-1@3@aut,,,tax. nov.,,1.1,f,agave~hernandezverae,agavaceaeagave~hernandezverae~,,391,wfo-1000090394,,species,,,,,https://www.ipni.org/n/77380333-1,IPNI record: 77380333-1,Phytotaxa 756(2): 123 (2026)
urn:lsid:ipni.org:names:77380334-1,(Cheek & Lopez Poveda) De Block,Rubiaceae Tarenna agnata Cheek & Lopez Poveda,(Cheek & Lopez Poveda),77144181-1,,,75(1)-e70031: 21,,,,,,,,,,,,18/05/2026 14:32,18/05/2026 14:32,,,Rubiaceae,Alatostigma agnatum,Alatostigma agnatum,Alatostigma,,f,f,,,,,,,,,,,,,,,,,,,,,,,,,,,,,77369688-1,Taxon,urn:lsid:ipni.org:publications:812-2,2025,2025 [16 Sep 2025],[16 Sep 2025],De Block,spec.,"Taxon 75(1)-e70031: 21. 2025 [16 Sep 2025] , as 'agnata'",", as 'agnata'",doi:10.1002/tax.70031,,,11,agnatum,,,f,t,,,,,,,Lopez Poveda@20027416-1@3@bas$Cheek@12442-1@2@bas$De Block@38102-1@1@aut,,,comb. nov.,,1.1,f,alatostigma~agnatum,rubiaceaealatostigma~agnatum~,,392,wfo-1000090395,,species,,,,,https://www.ipni.org/n/77380334-1,IPNI record: 77380334-1,Taxon 75(1)-e70031: 21 (2025)
urn:lsid:ipni.org:names:77380335-1,(Bremek.) De Block,Rubiaceae Pavetta funebris Bremek.,(Bremek.),759691-1,,,75(1)-e70031: 21,,,,,,,,,,,,18/05/2026 14:35,18/05/2026 14:35,,,Rubiaceae,Alatostigma funebre,Alatostigma funebre,Alatostigma,,f,f,,,,,,,,,,,,,,,,,,,,,,,,,,,,,77369688-1,Taxon,urn:lsid:ipni.org:publications:812-2,2025,2025 [16 Sep 2025],[16 Sep 2025],De Block,spec.,"Taxon 75(1)-e70031: 21. 2025 [16 Sep 2025] , as 'funebris'",", as 'funebris'",doi:10.1002/tax.70031,,,11,funebre,,,f,t,,,,,,,De Block@38102-1@1@aut$Bremek.@1115-1@2@bas,,,comb. nov.,,1.1,f,alatostigma~funebre,rubiaceaealatostigma~funebre~,,393,wfo-1000090396,,species,,,,,https://www.ipni.org/n/77380335-1,IPNI record: 77380335-1,Taxon 75(1)-e70031: 21 (2025)
urn:lsid:ipni.org:names:77380336-1,(Bremek.) De Block,Rubiaceae Tarenna hutchinsonii Bremek.,(Bremek.),767491-1,,,75(1)-e70031: 21,,,,,,,,,,,,18/05/2026 14:37,18/05/2026 14:37,,,Rubiaceae,Alatostigma hutchinsonii,Alatostigma hutchinsonii,Alatostigma,,f,f,,,,,,,,,,,,,,,,,,,,,,,,,,,,,77369688-1,Taxon,urn:lsid:ipni.org:publications:812-2,2025,2025 [16 Sep 2025],[16 Sep 2025],De Block,spec.,Taxon 75(1)-e70031: 21. 2025 [16 Sep 2025] ,,doi:10.1002/tax.70031,,,11,hutchinsonii,,,f,t,,,,,,,De Block@38102-1@1@aut$Bremek.@1115-1@2@bas,,,comb. nov.,,1.1,f,alatostigma~hutchinsonii,rubiaceaealatostigma~hutchinsonii~,,394,wfo-1000090397,,species,,,,,https://www.ipni.org/n/77380336-1,IPNI record: 77380336-1,Taxon 75(1)-e70031: 21 (2025)
urn:lsid:ipni.org:names:77380337-1,(N.Hallé) De Block,Rubiaceae Tarenna jolinonii N.Hallé,(N.Hallé),767495-1,,,75(1)-e70031: 21,,,,,,,,,,,,18/05/2026 14:38,18/05/2026 15:32,,,Rubiaceae,Alatostigma jolinonii,Alatostigma jolinonii,Alatostigma,,f,f,,,,,,,,,,,,,,,,,,,,,,,,,,,,,77369688-1,Taxon,urn:lsid:ipni.org:publications:812-2,2025,2025 [16 Sep 2025],[16 Sep 2025],De Block,spec.,Taxon 75(1)-e70031: 21. 2025 [16 Sep 2025] ,,doi:10.1002/tax.70031,,,11,jolinonii,,,f,t,,,,,,,N.Hallé@3584-1@2@bas$De Block@38102-1@1@aut,,,comb. nov.,,1.2,f,alatostigma~jolinonii,rubiaceaealatostigma~jolinonii~,,395,wfo-1000090398,,species,,,,,https://www.ipni.org/n/77380337-1,IPNI record: 77380337-1,Taxon 75(1)-e70031: 21 (2025)
urn:lsid:ipni.org:names:77380338-1,(Wernham) De Block,Rubiaceae Tarenna baconoides Wernham,(Wernham),767409-1,,,75(1)-e70031: 22,,,,,,,,,,,,18/05/2026 15:39,18/05/2026 15:39,,,Rubiaceae,Cladoceras baconoides,Cladoceras baconoides,Cladoceras,,f,f,,,,,,,,,,,,,,,,,,,,,,,,,,,,,34370-1,Taxon,urn:lsid:ipni.org:publications:812-2,2025,2025 [16 Sep 2025],[16 Sep 2025],De Block,spec.,Taxon 75(1)-e70031: 22. 2025 [16 Sep 2025] ,,doi:10.1002/tax.70031,,,11,baconoides,,,f,t,,,,,,,Wernham@11566-1@2@bas$De Block@38102-1@1@aut,,,comb. nov.,,1.1,f,cladoceras~baconoides,rubiaceaecladoceras~baconoides~,,396,wfo-1000090399,,species,,,,,https://www.ipni.org/n/77380338-1,IPNI record: 77380338-1,Taxon 75(1)-e70031: 22 (2025)
urn:lsid:ipni.org:names:77380339-1,(Hiern) De Block,Rubiaceae Ixora brachysiphon Hiern,(Hiern),753778-1,,,75(1)-e70031: 22,,,,,,,,,,,,18/05/2026 15:41,18/05/2026 15:41,,,Rubiaceae,Cladoceras brachysiphon,Cladoceras brachysiphon,Cladoceras,,f,f,,,,,,,,,,,,,,,,,,,,,,,,,,,,,34370-1,Taxon,urn:lsid:ipni.org:publications:812-2,2025,2025 [16 Sep 2025],[16 Sep 2025],De Block,spec.,Taxon 75(1)-e70031: 22. 2025 [16 Sep 2025] ,,doi:10.1002/tax.70031,,,11,brachysiphon,,,f,t,,,,,,,De Block@38102-1@1@aut$Hiern@3932-1@2@bas,,,comb. nov.,,1.1,f,cladoceras~brachysiphon,rubiaceaecladoceras~brachysiphon~,,397,wfo-1000090400,,species,,,,,https://www.ipni.org/n/77380339-1,IPNI record: 77380339-1,Taxon 75(1)-e70031: 22 (2025)
urn:lsid:ipni.org:names:77380340-1,(Degreef) De Block,Rubiaceae Tarenna bridsoniana Degreef,(Degreef),77084760-1,,,75(1)-e70031: 22,,,,,,,,,,,,18/05/2026 15:42,18/05/2026 15:42,,,Rubiaceae,Cladoceras bridsonianum,Cladoceras bridsonianum,Cladoceras,,f,f,,,,,,,,,,,,,,,,,,,,,,,,,,,,,34370-1,Taxon,urn:lsid:ipni.org:publications:812-2,2025,2025 [16 Sep 2025],[16 Sep 2025],De Block,spec.,"Taxon 75(1)-e70031: 22. 2025 [16 Sep 2025] , as 'bridsoniana'",", as 'bridsoniana'",doi:10.1002/tax.70031,,,11,bridsonianum,,,f,t,,,,,,,Degreef@40303-1@2@bas$De Block@38102-1@1@aut,,,comb. nov.,,1.1,f,cladoceras~bridsonianum,rubiaceaecladoceras~bridsonianum~,,398,wfo-1000090401,,species,,,,,https://www.ipni.org/n/77380340-1,IPNI record: 77380340-1,Taxon 75(1)-e70031: 22 (2025)
urn:lsid:ipni.org:names:77380341-1,(Bridson) De Block,Rubiaceae Tarenna burttii Bridson,(Bridson),767423-1,,,75(1)-e70031: 22,,,,,,,,,,,,18/05/2026 15:45,18/05/2026 15:45,,,Rubiaceae,Cladoceras burttii,Cladoceras burttii,Cladoceras,,f,f,,,,,,,,,,,,,,,,,,,,,,,,,,,,,34370-1,Taxon,urn:lsid:ipni.org:publications:812-2,2025,2025 [16 Sep 2025],[16 Sep 2025],De Block,spec.,Taxon 75(1)-e70031: 22. 2025 [16 Sep 2025] ,,doi:10.1002/tax.70031,,,11,burttii,,,f,t,,,,,,,Bridson@1139-1@2@bas$De Block@38102-1@1@aut,,,comb. nov.,,1.1,f,cladoceras~burttii,rubiaceaecladoceras~burttii~,,399,wfo-1000090402,,species,,,,,https://www.ipni.org/n/77380341-1,IPNI record: 77380341-1,Taxon 75(1)-e70031: 22 (2025)
urn:lsid:ipni.org:names:77380342-1,"J.D.Gómez-Rom., D.Sanín, J.Murillo & Gasper",,,,,,756(2): 164,,18,,1,,9112,2024,,D.Sanín et al.,,,18/05/2026 15:45,18/05/2026 15:45,"Colombia (Western South America, Southern America)",W,Blechnaceae,Parablechnum yariguense,Parablechnum yariguense,Parablechnum,,f,f,,,,,,,,6,30,17,"Santander: Simacota, Parque Nacional Natural Serranía de los Yariguíes, ruta de los Conquistadores, vereda El Salto, Microcuenca entre Santa Cruz y Santa Rosa, camino hacia laguna, 2546 m",73,24,42,,,,,,N,,,,,,,,,17169960-1,Phytotaxa,urn:lsid:ipni.org:publications:20011462-1,2026,2026 [14 May 2026],[14 May 2026],"J.D.Gómez-Rom., D.Sanín, J.Murillo & Gasper",spec.,Phytotaxa 756(2): 164. 2026 [14 May 2026] ,,doi:10.11646/phytotaxa.756.2.5 Etymology: the specific epithet is named for the type locality.,,,11,yariguense,,,f,t,,holotype UIS 23404;isotype COL;isotype FURB 77615;isotype HUA,,,,,Gasper@20031069-1@4@aut$J.Murillo@39050-1@3@aut$J.D.Gómez-Rom.@20098760-1@1@aut$D.Sanín@20025135-1@2@aut,,,tax. nov.,,1.1,f,parablechnum~yariguense,blechnaceaeparablechnum~yariguense~,,400,wfo-1000090403,,species,,,,,https://www.ipni.org/n/77380342-1,IPNI record: 77380342-1,Phytotaxa 756(2): 164 (2026)
urn:lsid:ipni.org:names:77380343-1,"H.C.Xi, X.D.Ma, J.Y.Shen & W.G.Wang",,,,,,756(2): 192,,18,,11,,WWG934,2025,,"Jian-Yong Shen, Dian-Xiang Zhang, Wen Guang Wang, Hou-Cheng Xi, Xing-Da Ma, Ming-Xiang Lu &amp; Kittisack Phoutthavong",,,18/05/2026 15:53,18/05/2026 15:53,"Laos (Indo-China, Asia-Tropical)",E,Convallariaceae,Aspidistra khamkheuthensis,Aspidistra khamkheuthensis,Aspidistra,,f,f,,,,,,,,18,,,"Bolikhamsai Province: Khamkheuth District, 642 m",105,3,,,,,,,N,,,,,,,,,24019-1,Phytotaxa,urn:lsid:ipni.org:publications:20011462-1,2026,2026 [14 May 2026],[14 May 2026],"H.C.Xi, X.D.Ma, J.Y.Shen & W.G.Wang",spec.,Phytotaxa 756(2): 192. 2026 [14 May 2026] ,,"doi:10.11646/phytotaxa.756.2.8 Etymology: 'The specific epithet 'khamkheuthensis' refers to the name of type locality, Khamkheuth District, in Bolikhamsai Province, Laos.'",,,11,khamkheuthensis,,,f,t,,holotype FOF;isotype HNL;isotype HITBC,,,,,H.C.Xi@20041773-1@1@aut$X.D.Ma@20042599-1@2@aut$W.G.Wang@20042534-1@4@aut$J.Y.Shen@20033889-1@3@aut,,,tax. nov.,,1.1,f,aspidistra~khamkheuthensis,convallariaceaeaspidistra~khamkheuthensis~,,401,wfo-1000090404,,species,,,,,https://www.ipni.org/n/77380343-1,IPNI record: 77380343-1,Phytotaxa 756(2): 192 (2026)
urn:lsid:ipni.org:names:77380344-1,(N.Hallé) De Block,Rubiaceae Tarenna calliblepharis N.Hallé,(N.Hallé),767426-1,,,75(1)-e70031: 22,,,,,,,,,,,,18/05/2026 15:53,18/05/2026 15:53,,,Rubiaceae,Cladoceras calliblepharis,Cladoceras calliblepharis,Cladoceras,,f,f,,,,,,,,,,,,,,,,,,,,,,,,,,,,,34370-1,Taxon,urn:lsid:ipni.org:publications:812-2,2025,2025 [16 Sep 2025],[16 Sep 2025],De Block,spec.,Taxon 75(1)-e70031: 22. 2025 [16 Sep 2025] ,,doi:10.1002/tax.70031,,,11,calliblepharis,,,f,t,,,,,,,De Block@38102-1@1@aut$N.Hallé@3584-1@2@bas,,,comb. nov.,,1.1,f,cladoceras~calliblepharis,rubiaceaecladoceras~calliblepharis~,,402,wfo-1000090405,,species,,,,,https://www.ipni.org/n/77380344-1,IPNI record: 77380344-1,Taxon 75(1)-e70031: 22 (2025)
urn:lsid:ipni.org:names:77380345-1,(Benth.) De Block,Rubiaceae Stylocoryna conferta Benth.,(Benth.),767241-1,,,75(1)-e70031: 22,,,,,,,,,,,,18/05/2026 15:58,18/05/2026 15:58,,,Rubiaceae,Cladoceras confertum,Cladoceras confertum,Cladoceras,,f,f,,,,,,,,,,,,,,,,,,,,,,,,,,,,,34370-1,Taxon,urn:lsid:ipni.org:publications:812-2,2025,2025 [16 Sep 2025],[16 Sep 2025],De Block,spec.,"Taxon 75(1)-e70031: 22. 2025 [16 Sep 2025] , as 'conferta'",", as 'conferta'",doi:10.1002/tax.70031,,,11,confertum,,,f,t,,,,,,,De Block@38102-1@1@aut$Benth.@15956-1@2@bas,,,comb. nov.,,1.1,f,cladoceras~confertum,rubiaceaecladoceras~confertum~,,403,wfo-1000090406,,species,,,,,https://www.ipni.org/n/77380345-1,IPNI record: 77380345-1,Taxon 75(1)-e70031: 22 (2025)
urn:lsid:ipni.org:names:77380346-1,(Hiern) De Block,Rubiaceae Tarenna congensis Hiern,(Hiern),767442-1,,,75(1)-e70031: 22,,,,,,,,,,,,18/05/2026 16:00,18/05/2026 16:00,,,Rubiaceae,Cladoceras congense,Cladoceras congense,Cladoceras,,f,f,,,,,,,,,,,,,,,,,,,,,,,,,,,,,34370-1,Taxon,urn:lsid:ipni.org:publications:812-2,2025,2025 [16 Sep 2025],[16 Sep 2025],De Block,spec.,"Taxon 75(1)-e70031: 22. 2025 [16 Sep 2025] , as 'congensis'",", as 'congensis'",doi:10.1002/tax.70031,,,11,congense,,,f,t,,,,,,,De Block@38102-1@1@aut$Hiern@3932-1@2@bas,,,comb. nov.,,1.1,f,cladoceras~congense,rubiaceaecladoceras~congense~,,404,wfo-1000090407,,species,,,,,https://www.ipni.org/n/77380346-1,IPNI record: 77380346-1,Taxon 75(1)-e70031: 22 (2025)
urn:lsid:ipni.org:names:77380347-1,(Bridson) De Block,Rubiaceae Tarenna drummondii Bridson,(Bridson),767453-1,,,75(1)-e70031: 22,,,,,,,,,,,,18/05/2026 16:01,18/05/2026 16:01,,,Rubiaceae,Cladoceras drummondii,Cladoceras drummondii,Cladoceras,,f,f,,,,,,,,,,,,,,,,,,,,,,,,,,,,,34370-1,Taxon,urn:lsid:ipni.org:publications:812-2,2025,2025 [16 Sep 2025],[16 Sep 2025],De Block,spec.,Taxon 75(1)-e70031: 22. 2025 [16 Sep 2025] ,,doi:10.1002/tax.70031,,,11,drummondii,,,f,t,,,,,,,Bridson@1139-1@2@bas$De Block@38102-1@1@aut,,,comb. nov.,,1.1,f,cladoceras~drummondii,rubiaceaecladoceras~drummondii~,,405,wfo-1000090408,,species,,,,,https://www.ipni.org/n/77380347-1,IPNI record: 77380347-1,Taxon 75(1)-e70031: 22 (2025)
urn:lsid:ipni.org:names:77380348-1,(Wernham) De Block,Rubiaceae Tarenna eketensis Wernham,(Wernham),767456-1,,,75(1)-e70031: 22,,,,,,,,,,,,18/05/2026 16:02,18/05/2026 16:02,,,Rubiaceae,Cladoceras eketense,Cladoceras eketense,Cladoceras,,f,f,,,,,,,,,,,,,,,,,,,,,,,,,,,,,34370-1,Taxon,urn:lsid:ipni.org:publications:812-2,2025,2025 [16 Sep 2025],[16 Sep 2025],De Block,spec.,"Taxon 75(1)-e70031: 22. 2025 [16 Sep 2025] , as 'eketensis'",", as 'eketensis'",doi:10.1002/tax.70031,,,11,eketense,,,f,t,,,,,,,Wernham@11566-1@2@bas$De Block@38102-1@1@aut,,,comb. nov.,,1.1,f,cladoceras~eketense,rubiaceaecladoceras~eketense~,,406,wfo-1000090409,,species,,,,,https://www.ipni.org/n/77380348-1,IPNI record: 77380348-1,Taxon 75(1)-e70031: 22 (2025)
urn:lsid:ipni.org:names:77380349-1,(N.Hallé ex Degreef) De Block,Rubiaceae Tarenna eketensis Wernham var. pilumna N.Hallé ex Degreef,(N.Hallé ex Degreef),77084761-1,,,75(1)-e70031: 22,,,,,,,,,,,,18/05/2026 16:12,18/05/2026 16:12,,,Rubiaceae,Cladoceras eketense var. pilumna,Cladoceras eketense var. pilumna,Cladoceras,,f,f,,,,,pilumna,,,,,,,,,,,,,,,,,,,,,,,,77380348-1,Taxon,urn:lsid:ipni.org:publications:812-2,2025,2025 [16 Sep 2025],[16 Sep 2025],De Block,var.,Taxon 75(1)-e70031: 22. 2025 [16 Sep 2025] ,,doi:10.1002/tax.70031,,,11,eketense,(Wernham) De Block,,f,t,,,,,,,De Block@38102-1@1@aut$Degreef@40303-1@3@basEx$N.Hallé@3584-1@2@bas,Wernham@11566-1@2@bas$De Block@38102-1@1@aut,,comb. nov.,,1.1,f,cladoceras~eketensepilumna,rubiaceaecladoceras~eketensepilumna,,407,wfo-1200118588,,variety,,,,,https://www.ipni.org/n/77380349-1,IPNI record: 77380349-1,Taxon 75(1)-e70031: 22 (2025)
urn:lsid:ipni.org:names:77380350-1,(N.Hallé) De Block,Rubiaceae Tarenna eketensis Wernham var. situtela N.Hallé,(N.Hallé),77188800-1,,,75(1)-e70031: 23,,,,,,,,,,,,18/05/2026 16:19,18/05/2026 16:19,,,Rubiaceae,Cladoceras eketense var. situtela,Cladoceras eketense var. situtela,Cladoceras,,f,f,,,,,situtela,,,,,,,,,,,,,,,,,,,,,,,,77380348-1,Taxon,urn:lsid:ipni.org:publications:812-2,2025,2025 [16 Sep 2025],[16 Sep 2025],De Block,var.,Taxon 75(1)-e70031: 23. 2025 [16 Sep 2025] ,,doi:10.1002/tax.70031,,,11,eketense,(Wernham) De Block,,f,t,,,,,,,N.Hallé@3584-1@2@bas$De Block@38102-1@1@aut,De Block@38102-1@1@aut$Wernham@11566-1@2@bas,,comb. nov.,,1.1,f,cladoceras~eketensesitutela,rubiaceaecladoceras~eketensesitutela,,408,wfo-1200118589,,variety,,,,,https://www.ipni.org/n/77380350-1,IPNI record: 77380350-1,Taxon 75(1)-e70031: 23 (2025)
urn:lsid:ipni.org:names:77380351-1,(Degreef) De Block,Rubiaceae Tarenna eketensis Wernham var. transiens Degreef,(Degreef),77084762-1,,,75(1)-e70031: 23,,,,,,,,,,,,18/05/2026 16:21,18/05/2026 16:21,,,Rubiaceae,Cladoceras eketense var. transiens,Cladoceras eketense var. transiens,Cladoceras,,f,f,,,,,transiens,,,,,,,,,,,,,,,,,,,,,,,,77380348-1,Taxon,urn:lsid:ipni.org:publications:812-2,2025,2025 [16 Sep 2025],[16 Sep 2025],De Block,var.,Taxon 75(1)-e70031: 23. 2025 [16 Sep 2025] ,,doi:10.1002/tax.70031,,,11,eketense,(Wernham) De Block,,f,t,,,,,,,De Block@38102-1@1@aut$Degreef@40303-1@2@bas,Wernham@11566-1@2@bas$De Block@38102-1@1@aut,,comb. nov.,,1.1,f,cladoceras~eketensetransiens,rubiaceaecladoceras~eketensetransiens,,409,wfo-1200118590,,variety,,,,,https://www.ipni.org/n/77380351-1,IPNI record: 77380351-1,Taxon 75(1)-e70031: 23 (2025)
urn:lsid:ipni.org:names:77380352-1,(Degreef) De Block,Rubiaceae Tarenna eketensis Wernham var. zambesiaca Degreef,(Degreef),77084763-1,,,75(1)-e70031: 23,,,,,,,,,,,,18/05/2026 16:23,18/05/2026 16:23,,,Rubiaceae,Cladoceras eketense var. zambesiacum,Cladoceras eketense var. zambesiacum,Cladoceras,,f,f,,,,,zambesiacum,,,,,,,,,,,,,,,,,,,,,,,,77380348-1,Taxon,urn:lsid:ipni.org:publications:812-2,2025,2025 [16 Sep 2025],[16 Sep 2025],De Block,var.,"Taxon 75(1)-e70031: 23. 2025 [16 Sep 2025] , as 'zambesiaca'",", as 'zambesiaca'",doi:10.1002/tax.70031,,,11,eketense,(Wernham) De Block,,f,t,,,,,,,De Block@38102-1@1@aut$Degreef@40303-1@2@bas,Wernham@11566-1@2@bas$De Block@38102-1@1@aut,,comb. nov.,,1.1,f,cladoceras~eketensezambesiacum,rubiaceaecladoceras~eketensezambesiacum,,410,wfo-1200118591,,variety,,,,,https://www.ipni.org/n/77380352-1,IPNI record: 77380352-1,Taxon 75(1)-e70031: 23 (2025)
urn:lsid:ipni.org:names:77380353-1,(K.Schum.) De Block,Rubiaceae Chomelia fuscoflava K.Schum.,(K.Schum.),746574-1,,,75(1)-e70031: 23,,,,,,,,,,,,18/05/2026 16:25,18/05/2026 16:25,,,Rubiaceae,Cladoceras fuscoflavum,Cladoceras fuscoflavum,Cladoceras,,f,f,,,,,,,,,,,,,,,,,,,,,,,,,,,,,34370-1,Taxon,urn:lsid:ipni.org:publications:812-2,2025,2025 [16 Sep 2025],[16 Sep 2025],De Block,spec.,"Taxon 75(1)-e70031: 23. 2025 [16 Sep 2025] , as 'fuscoflava'",", as 'fuscoflava'",doi:10.1002/tax.70031,,,11,fuscoflavum,,,f,t,,,,,,,De Block@38102-1@1@aut$K.Schum.@9333-1@2@bas,,,comb. nov.,,1.1,f,cladoceras~fuscoflavum,rubiaceaecladoceras~fuscoflavum~,,411,wfo-1000090410,,species,,,,,https://www.ipni.org/n/77380353-1,IPNI record: 77380353-1,Taxon 75(1)-e70031: 23 (2025)
urn:lsid:ipni.org:names:77380354-1,(De Wild. & T.Durand) De Block,Rubiaceae Chomelia gilletii De Wild. & T.Durand,(De Wild. & T.Durand),746575-1,,,75(1)-e70031: 23,,,,,,,,,,,,18/05/2026 16:27,18/05/2026 16:27,,,Rubiaceae,Cladoceras gilletii,Cladoceras gilletii,Cladoceras,,f,f,,,,,,,,,,,,,,,,,,,,,,,,,,,,,34370-1,Taxon,urn:lsid:ipni.org:publications:812-2,2025,2025 [16 Sep 2025],[16 Sep 2025],De Block,spec.,Taxon 75(1)-e70031: 23. 2025 [16 Sep 2025] ,,doi:10.1002/tax.70031,,,11,gilletii,,,f,t,,,,,,,T.Durand@2400-1@3@bas$De Block@38102-1@1@aut$De Wild.@12406-1@2@bas,,,comb. nov.,,1.1,f,cladoceras~gilletii,rubiaceaecladoceras~gilletii~,,412,wfo-1000090411,,species,,,,,https://www.ipni.org/n/77380354-1,IPNI record: 77380354-1,Taxon 75(1)-e70031: 23 (2025)
urn:lsid:ipni.org:names:77380355-1,(S.Moore) De Block,Rubiaceae Tarenna gossweileri S.Moore,(S.Moore),767476-1,,,75(1)-e70031: 23,,,,,,,,,,,,18/05/2026 16:29,18/05/2026 16:29,,,Rubiaceae,Cladoceras gossweileri,Cladoceras gossweileri,Cladoceras,,f,f,,,,,,,,,,,,,,,,,,,,,,,,,,,,,34370-1,Taxon,urn:lsid:ipni.org:publications:812-2,2025,2025 [16 Sep 2025],[16 Sep 2025],De Block,spec.,Taxon 75(1)-e70031: 23. 2025 [16 Sep 2025] ,,doi:10.1002/tax.70031 Publ. as: Cladoceras gossweileri (S.Moore) De Block var. gossweileri,,,11,gossweileri,,,f,t,,,,,,,De Block@38102-1@1@aut$S.Moore@6622-1@2@bas,,,comb. nov.,,1.1,f,cladoceras~gossweileri,rubiaceaecladoceras~gossweileri~,,413,wfo-1000090412,,species,,,,,https://www.ipni.org/n/77380355-1,IPNI record: 77380355-1,Taxon 75(1)-e70031: 23 (2025)
urn:lsid:ipni.org:names:77380356-1,(Bridson) De Block,Rubiaceae Tarenna gossweileri S.Moore var. brevituba Bridson,(Bridson),890685-1,,,75(1)-e70031: 23,,,,,,,,,,,,18/05/2026 16:31,18/05/2026 16:31,,,Rubiaceae,Cladoceras gossweileri var. brevitubum,Cladoceras gossweileri var. brevitubum,Cladoceras,,f,f,,,,,brevitubum,,,,,,,,,,,,,,,,,,,,,,,,77380355-1,Taxon,urn:lsid:ipni.org:publications:812-2,2025,2025 [16 Sep 2025],[16 Sep 2025],De Block,var.,"Taxon 75(1)-e70031: 23. 2025 [16 Sep 2025] , as 'brevituba'",", as 'brevituba'",doi:10.1002/tax.70031,,,11,gossweileri,(S.Moore) De Block,,f,t,,,,,,,De Block@38102-1@1@aut$Bridson@1139-1@2@bas,De Block@38102-1@1@aut$S.Moore@6622-1@2@bas,,comb. nov.,,1.1,f,cladoceras~gossweileribrevitubum,rubiaceaecladoceras~gossweileribrevitubum,,414,wfo-1200118592,,variety,,,,,https://www.ipni.org/n/77380356-1,IPNI record: 77380356-1,Taxon 75(1)-e70031: 23 (2025)
urn:lsid:ipni.org:names:77380357-1,(Stapf) De Block,Rubiaceae Webera gracilis Stapf,(Stapf),770352-1,,,75(1)-e70031: 23,,,,,,,,,,,,18/05/2026 16:32,18/05/2026 16:32,,,Rubiaceae,Cladoceras gracile,Cladoceras gracile,Cladoceras,,f,f,,,,,,,,,,,,,,,,,,,,,,,,,,,,,34370-1,Taxon,urn:lsid:ipni.org:publications:812-2,2025,2025 [16 Sep 2025],[16 Sep 2025],De Block,spec.,"Taxon 75(1)-e70031: 23. 2025 [16 Sep 2025] , as 'gracilis'",", as 'gracilis'",doi:10.1002/tax.70031,,,11,gracile,,,f,t,,,,,,,De Block@38102-1@1@aut$Stapf@27136-1@2@bas,,,comb. nov.,,1.1,f,cladoceras~gracile,rubiaceaecladoceras~gracile~,,415,wfo-1000090413,,species,,,,,https://www.ipni.org/n/77380357-1,IPNI record: 77380357-1,Taxon 75(1)-e70031: 23 (2025)
urn:lsid:ipni.org:names:77380358-1,(Benth.) De Block,Rubiaceae Stylocoryna grandiflora Benth.,(Benth.),767253-1,,,75(1)-e70031: 23,,,,,,,,,,,,18/05/2026 16:35,18/05/2026 16:35,,,Rubiaceae,Cladoceras grandiflorum,Cladoceras grandiflorum,Cladoceras,,f,f,,,,,,,,,,,,,,,,,,,,,,,,,,,,,34370-1,Taxon,urn:lsid:ipni.org:publications:812-2,2025,2025 [16 Sep 2025],[16 Sep 2025],De Block,spec.,"Taxon 75(1)-e70031: 23. 2025 [16 Sep 2025] , as 'grandiflora'",", as 'grandiflora'",doi:10.1002/tax.70031,,,11,grandiflorum,,,f,t,,,,,,,Benth.@15956-1@2@bas$De Block@38102-1@1@aut,,,comb. nov.,,1.1,f,cladoceras~grandiflorum,rubiaceaecladoceras~grandiflorum~,,416,wfo-1000090414,,species,,,,,https://www.ipni.org/n/77380358-1,IPNI record: 77380358-1,Taxon 75(1)-e70031: 23 (2025)
urn:lsid:ipni.org:names:77380359-1,(Jongkind) De Block,Rubiaceae Tarenna harleyae Jongkind,(Jongkind),77221359-1,,,75(1)-e70031: 23,,,,,,,,,,,,18/05/2026 16:37,18/05/2026 16:37,,,Rubiaceae,Cladoceras harleyae,Cladoceras harleyae,Cladoceras,,f,f,,,,,,,,,,,,,,,,,,,,,,,,,,,,,34370-1,Taxon,urn:lsid:ipni.org:publications:812-2,2025,2025 [16 Sep 2025],[16 Sep 2025],De Block,spec.,Taxon 75(1)-e70031: 23. 2025 [16 Sep 2025] ,,doi:10.1002/tax.70031,,,11,harleyae,,,f,t,,,,,,,Jongkind@35765-1@2@bas$De Block@38102-1@1@aut,,,comb. nov.,,1.1,f,cladoceras~harleyae,rubiaceaecladoceras~harleyae~,,417,wfo-1000090415,,species,,,,,https://www.ipni.org/n/77380359-1,IPNI record: 77380359-1,Taxon 75(1)-e70031: 23 (2025)
urn:lsid:ipni.org:names:77380360-1,(Degreef) De Block,Rubiaceae Tarenna inops Degreef,(Degreef),77084764-1,,,75(1)-e70031: 23,,,,,,,,,,,,18/05/2026 16:40,18/05/2026 16:40,,,Rubiaceae,Cladoceras inops,Cladoceras inops,Cladoceras,,f,f,,,,,,,,,,,,,,,,,,,,,,,,,,,,,34370-1,Taxon,urn:lsid:ipni.org:publications:812-2,2025,2025 [16 Sep 2025],[16 Sep 2025],De Block,spec.,Taxon 75(1)-e70031: 23. 2025 [16 Sep 2025] ,,doi:10.1002/tax.70031,,,11,inops,,,f,t,,,,,,,Degreef@40303-1@2@bas$De Block@38102-1@1@aut,,,comb. nov.,,1.1,f,cladoceras~inops,rubiaceaecladoceras~inops~,,418,wfo-1000090416,,species,,,,,https://www.ipni.org/n/77380360-1,IPNI record: 77380360-1,Taxon 75(1)-e70031: 23 (2025)
urn:lsid:ipni.org:names:77380361-1,(Schinz) De Block,Rubiaceae Chomelia junodii Schinz,(Schinz),746587-1,,,75(1)-e70031: 23,,,,,,,,,,,,18/05/2026 16:42,18/05/2026 16:42,,,Rubiaceae,Cladoceras junodii,Cladoceras junodii,Cladoceras,,f,f,,,,,,,,,,,,,,,,,,,,,,,,,,,,,34370-1,Taxon,urn:lsid:ipni.org:publications:812-2,2025,2025 [16 Sep 2025],[16 Sep 2025],De Block,spec.,Taxon 75(1)-e70031: 23. 2025 [16 Sep 2025] ,,doi:10.1002/tax.70031,,,11,junodii,,,f,t,,,,,,,Schinz@9098-1@2@bas$De Block@38102-1@1@aut,,,comb. nov.,,1.1,f,cladoceras~junodii,rubiaceaecladoceras~junodii~,,419,wfo-1000090417,,species,,,,,https://www.ipni.org/n/77380361-1,IPNI record: 77380361-1,Taxon 75(1)-e70031: 23 (2025)
urn:lsid:ipni.org:names:77380362-1,(Degreef) De Block,Rubiaceae Tarenna kivuensis Degreef,(Degreef),77084765-1,,,75(1)-e70031: 23,,,,,,,,,,,,18/05/2026 16:43,18/05/2026 16:43,,,Rubiaceae,Cladoceras kivuense,Cladoceras kivuense,Cladoceras,,f,f,,,,,,,,,,,,,,,,,,,,,,,,,,,,,34370-1,Taxon,urn:lsid:ipni.org:publications:812-2,2025,2025 [16 Sep 2025],[16 Sep 2025],De Block,spec.,"Taxon 75(1)-e70031: 23. 2025 [16 Sep 2025] , as 'kivuensis'",", as 'kivuensis'",doi:10.1002/tax.70031,,,11,kivuense,,,f,t,,,,,,,De Block@38102-1@1@aut$Degreef@40303-1@2@bas,,,comb. nov.,,1.1,f,cladoceras~kivuense,rubiaceaecladoceras~kivuense~,,420,wfo-1000090418,,species,,,,,https://www.ipni.org/n/77380362-1,IPNI record: 77380362-1,Taxon 75(1)-e70031: 23 (2025)
urn:lsid:ipni.org:names:77380363-1,(K.Schum. & K.Krause) De Block,Rubiaceae Pavetta lasiorhachis K.Schum. & K.Krause,(K.Schum. & K.Krause),759801-1,,,75(1)-e70031: 23,,,,,,,,,,,,18/05/2026 16:45,18/05/2026 16:45,,,Rubiaceae,Cladoceras lasiorhachis,Cladoceras lasiorhachis,Cladoceras,,f,f,,,,,,,,,,,,,,,,,,,,,,,,,,,,,34370-1,Taxon,urn:lsid:ipni.org:publications:812-2,2025,2025 [16 Sep 2025],[16 Sep 2025],De Block,spec.,Taxon 75(1)-e70031: 23. 2025 [16 Sep 2025] ,,doi:10.1002/tax.70031,,,11,lasiorhachis,,,f,t,,,,,,,K.Schum.@9333-1@2@bas$K.Krause@5045-1@3@bas$De Block@38102-1@1@aut,,,comb. nov.,,1.1,f,cladoceras~lasiorhachis,rubiaceaecladoceras~lasiorhachis~,,421,wfo-1000090419,,species,,,,,https://www.ipni.org/n/77380363-1,IPNI record: 77380363-1,Taxon 75(1)-e70031: 23 (2025)
urn:lsid:ipni.org:names:77380364-1,(N.Hallé) De Block,Rubiaceae Tarenna leonardii N.Hallé,(N.Hallé),767511-1,,,75(1)-e70031: 24,,,,,,,,,,,,18/05/2026 16:51,18/05/2026 16:51,,,Rubiaceae,Cladoceras leonardii,Cladoceras leonardii,Cladoceras,,f,f,,,,,,,,,,,,,,,,,,,,,,,,,,,,,34370-1,Taxon,urn:lsid:ipni.org:publications:812-2,2025,2025 [16 Sep 2025],[16 Sep 2025],De Block,spec.,Taxon 75(1)-e70031: 24. 2025 [16 Sep 2025] ,,doi:10.1002/tax.70031,,,11,leonardii,,,f,t,,,,,,,N.Hallé@3584-1@2@bas$De Block@38102-1@1@aut,,,comb. nov.,,1.1,f,cladoceras~leonardii,rubiaceaecladoceras~leonardii~,,422,wfo-1000090420,,species,,,,,https://www.ipni.org/n/77380364-1,IPNI record: 77380364-1,Taxon 75(1)-e70031: 24 (2025)
urn:lsid:ipni.org:names:77380365-1,(J.G.García) De Block,Rubiaceae Tarenna laurentii (De Wild.) Garcia var. longipedicellata J.G.García,(J.G.García),77293758-1,,,75(1)-e70031: 24,,,,,,,,,,,,18/05/2026 16:53,18/05/2026 16:53,,,Rubiaceae,Cladoceras longipedicellatum,Cladoceras longipedicellatum,Cladoceras,,f,f,,,,,,,,,,,,,,,,,,,,,,,,,,,,,34370-1,Taxon,urn:lsid:ipni.org:publications:812-2,2025,2025 [16 Sep 2025],[16 Sep 2025],De Block,spec.,"Taxon 75(1)-e70031: 24. 2025 [16 Sep 2025] , as 'longipedicellata'",", as 'longipedicellata'",doi:10.1002/tax.70031,,,11,longipedicellatum,,,f,t,,,,,,,J.G.García@3017-1@2@bas$De Block@38102-1@1@aut,,,comb. et stat. nov.,,1.1,f,cladoceras~longipedicellatum,rubiaceaecladoceras~longipedicellatum~,,423,wfo-1000090421,,species,,,,,https://www.ipni.org/n/77380365-1,IPNI record: 77380365-1,Taxon 75(1)-e70031: 24 (2025)
urn:lsid:ipni.org:names:77380366-1,(Bridson) De Block,Rubiaceae Tarenna luhomeroensis Bridson,(Bridson),931729-1,,,75(1)-e70031: 24,,,,,,,,,,,,18/05/2026 16:54,18/05/2026 16:54,,,Rubiaceae,Cladoceras luhomeroense,Cladoceras luhomeroense,Cladoceras,,f,f,,,,,,,,,,,,,,,,,,,,,,,,,,,,,34370-1,Taxon,urn:lsid:ipni.org:publications:812-2,2025,2025 [16 Sep 2025],[16 Sep 2025],De Block,spec.,"Taxon 75(1)-e70031: 24. 2025 [16 Sep 2025] , as 'luhomeroensis'",", as 'luhomeroensis'",doi:10.1002/tax.70031,,,11,luhomeroense,,,f,t,,,,,,,Bridson@1139-1@2@bas$De Block@38102-1@1@aut,,,comb. nov.,,1.1,f,cladoceras~luhomeroense,rubiaceaecladoceras~luhomeroense~,,424,wfo-1000090422,,species,,,,,https://www.ipni.org/n/77380366-1,IPNI record: 77380366-1,Taxon 75(1)-e70031: 24 (2025)
urn:lsid:ipni.org:names:77380367-1,(Stapf) De Block,Rubiaceae Pavetta luteola Stapf,(Stapf),759832-1,,,75(1)-e70031: 24,,,,,,,,,,,,18/05/2026 16:56,18/05/2026 16:56,,,Rubiaceae,Cladoceras luteolum,Cladoceras luteolum,Cladoceras,,f,f,,,,,,,,,,,,,,,,,,,,,,,,,,,,,34370-1,Taxon,urn:lsid:ipni.org:publications:812-2,2025,2025 [16 Sep 2025],[16 Sep 2025],De Block,spec.,"Taxon 75(1)-e70031: 24. 2025 [16 Sep 2025] , as 'luteola'",", as 'luteola'",doi:10.1002/tax.70031,,,11,luteolum,,,f,t,,,,,,,Stapf@27136-1@2@bas$De Block@38102-1@1@aut,,,comb. nov.,,1.1,f,cladoceras~luteolum,rubiaceaecladoceras~luteolum~,,425,wfo-1000090423,,species,,,,,https://www.ipni.org/n/77380367-1,IPNI record: 77380367-1,Taxon 75(1)-e70031: 24 (2025)
urn:lsid:ipni.org:names:77380368-1,(Hiern) De Block,Rubiaceae Tarenna nilotica Hiern,(Hiern),767542-1,,,75(1)-e70031: 24,,,,,,,,,,,,18/05/2026 16:58,18/05/2026 16:58,,,Rubiaceae,Cladoceras niloticum,Cladoceras niloticum,Cladoceras,,f,f,,,,,,,,,,,,,,,,,,,,,,,,,,,,,34370-1,Taxon,urn:lsid:ipni.org:publications:812-2,2025,2025 [16 Sep 2025],[16 Sep 2025],De Block,spec.,"Taxon 75(1)-e70031: 24. 2025 [16 Sep 2025] , as 'nilotica'",", as 'nilotica'",doi:10.1002/tax.70031,,,11,niloticum,,,f,t,,,,,,,De Block@38102-1@1@aut$Hiern@3932-1@2@bas,,,comb. nov.,,1.1,f,cladoceras~niloticum,rubiaceaecladoceras~niloticum~,,426,wfo-1000090424,,species,,,,,https://www.ipni.org/n/77380368-1,IPNI record: 77380368-1,Taxon 75(1)-e70031: 24 (2025)
urn:lsid:ipni.org:names:77380369-1,(Benth.) De Block,Rubiaceae Stylocoryna nitidula Benth.,(Benth.),767268-1,,,75(1)-e70031: 24,,,,,,,,,,,,18/05/2026 16:59,18/05/2026 17:26,,,Rubiaceae,Cladoceras nitidulum,Cladoceras nitidulum,Cladoceras,,f,f,,,,,,,,,,,,,,,,,,,,,,,,,,,,,34370-1,Taxon,urn:lsid:ipni.org:publications:812-2,2025,2025 [16 Sep 2025],[16 Sep 2025],De Block,spec.,"Taxon 75(1)-e70031: 24. 2025 [16 Sep 2025] , as 'nitidula'",", as 'nitidula'",doi:10.1002/tax.70031,,,11,nitidulum,,,f,t,,,,,,,De Block@38102-1@1@aut$Benth.@15956-1@2@bas,,,comb. nov.,,1.2,f,cladoceras~nitidulum,rubiaceaecladoceras~nitidulum~,,427,wfo-1000090425,,species,,,,,https://www.ipni.org/n/77380369-1,IPNI record: 77380369-1,Taxon 75(1)-e70031: 24 (2025)
urn:lsid:ipni.org:names:77380370-1,(G.Taylor) De Block,Rubiaceae Tarenna nitiduloides G.Taylor,(G.Taylor),767546-1,,,75(1)-e70031: 24,,,,,,,,,,,,18/05/2026 17:28,18/05/2026 17:28,,,Rubiaceae,Cladoceras nitiduloides,Cladoceras nitiduloides,Cladoceras,,f,f,,,,,,,,,,,,,,,,,,,,,,,,,,,,,34370-1,Taxon,urn:lsid:ipni.org:publications:812-2,2025,2025 [16 Sep 2025],[16 Sep 2025],De Block,spec.,Taxon 75(1)-e70031: 24. 2025 [16 Sep 2025] ,,doi:10.1002/tax.70031,,,11,nitiduloides,,,f,t,,,,,,,De Block@38102-1@1@aut$G.Taylor@10462-1@2@bas,,,comb. nov.,,1.1,f,cladoceras~nitiduloides,rubiaceaecladoceras~nitiduloides~,,428,wfo-1000090426,,species,,,,,https://www.ipni.org/n/77380370-1,IPNI record: 77380370-1,Taxon 75(1)-e70031: 24 (2025)
urn:lsid:ipni.org:names:77380371-1,(Degreef) De Block,Rubiaceae Tarenna ogoouensis Degreef,(Degreef),77084766-1,,,75(1)-e70031: 24,,,,,,,,,,,,18/05/2026 17:32,18/05/2026 17:32,,,Rubiaceae,Cladoceras ogoouense,Cladoceras ogoouense,Cladoceras,,f,f,,,,,,,,,,,,,,,,,,,,,,,,,,,,,34370-1,Taxon,urn:lsid:ipni.org:publications:812-2,2025,2025 [16 Sep 2025],[16 Sep 2025],De Block,spec.,"Taxon 75(1)-e70031: 24. 2025 [16 Sep 2025] , as 'ogoouensis'",", as 'ogoouensis'",doi:10.1002/tax.70031,,,11,ogoouense,,,f,t,,,,,,,De Block@38102-1@1@aut$Degreef@40303-1@2@bas,,,comb. nov.,,1.1,f,cladoceras~ogoouense,rubiaceaecladoceras~ogoouense~,,429,wfo-1000090427,,species,,,,,https://www.ipni.org/n/77380371-1,IPNI record: 77380371-1,Taxon 75(1)-e70031: 24 (2025)
urn:lsid:ipni.org:names:77380372-1,(Hiern) De Block,Rubiaceae Tarenna pallidula Hiern,(Hiern),767557-1,,,75(1)-e70031: 24,,,,,,,,,,,,18/05/2026 17:34,18/05/2026 17:34,,,Rubiaceae,Cladoceras pallidulum,Cladoceras pallidulum,Cladoceras,,f,f,,,,,,,,,,,,,,,,,,,,,,,,,,,,,34370-1,Taxon,urn:lsid:ipni.org:publications:812-2,2025,2025 [16 Sep 2025],[16 Sep 2025],De Block,spec.,"Taxon 75(1)-e70031: 24. 2025 [16 Sep 2025] , as 'pallidula'",", as 'pallidula'",doi:10.1002/tax.70031,,,11,pallidulum,,,f,t,,,,,,,Hiern@3932-1@2@bas$De Block@38102-1@1@aut,,,comb. nov.,,1.1,f,cladoceras~pallidulum,rubiaceaecladoceras~pallidulum~,,430,wfo-1000090428,,species,,,,,https://www.ipni.org/n/77380372-1,IPNI record: 77380372-1,Taxon 75(1)-e70031: 24 (2025)
urn:lsid:ipni.org:names:77380373-1,(Harv.) De Block,Rubiaceae Kraussia pavettoides Harv.,(Harv.),754782-1,,,75(1)-e70031: 24,,,,,,,,,,,,18/05/2026 17:35,18/05/2026 17:35,,,Rubiaceae,Cladoceras pavettoides,Cladoceras pavettoides,Cladoceras,,f,f,,,,,,,,,,,,,,,,,,,,,,,,,,,,,34370-1,Taxon,urn:lsid:ipni.org:publications:812-2,2025,2025 [16 Sep 2025],[16 Sep 2025],De Block,spec.,Taxon 75(1)-e70031: 24. 2025 [16 Sep 2025] ,,doi:10.1002/tax.70031,,,11,pavettoides,,,f,t,,,,,,,De Block@38102-1@1@aut$Harv.@3705-1@2@bas,,,comb. nov.,,1.1,f,cladoceras~pavettoides,rubiaceaecladoceras~pavettoides~,,431,wfo-1000090429,,species,,,,,https://www.ipni.org/n/77380373-1,IPNI record: 77380373-1,Taxon 75(1)-e70031: 24 (2025)
urn:lsid:ipni.org:names:77380374-1,(K.Schum.) De Block,Rubiaceae Chomelia affinis K.Schum.,(K.Schum.),746527-1,,,75(1)-e70031: 24,,,,,,,,,,,,18/05/2026 17:37,18/05/2026 17:37,,,Rubiaceae,Cladoceras pavettoides subsp. affine,Cladoceras pavettoides subsp. affine,Cladoceras,,f,f,,,,,affine,,,,,,,,,,,,,,,,,,,,,,,,77380373-1,Taxon,urn:lsid:ipni.org:publications:812-2,2025,2025 [16 Sep 2025],[16 Sep 2025],De Block,subsp.,"Taxon 75(1)-e70031: 24. 2025 [16 Sep 2025] , as 'affinis'",", as 'affinis'",doi:10.1002/tax.70031,,,11,pavettoides,(Harv.) De Block,,f,t,,,,,,,K.Schum.@9333-1@2@bas$De Block@38102-1@1@aut,Harv.@3705-1@2@bas$De Block@38102-1@1@aut,,comb. et stat. nov.,,1.1,f,cladoceras~pavettoidesaffine,rubiaceaecladoceras~pavettoidesaffine,,432,wfo-1200118593,,subspecies,,,,,https://www.ipni.org/n/77380374-1,IPNI record: 77380374-1,Taxon 75(1)-e70031: 24 (2025)
urn:lsid:ipni.org:names:77380375-1,(K.Krause) De Block,Rubiaceae Pavetta friesiorum K.Krause,(K.Krause),759688-1,,,75(1)-e70031: 24,,,,,,,,,,,,18/05/2026 17:38,18/05/2026 17:38,,,Rubiaceae,Cladoceras pavettoides subsp. friesiorum,Cladoceras pavettoides subsp. friesiorum,Cladoceras,,f,f,,,,,friesiorum,,,,,,,,,,,,,,,,,,,,,,,,77380373-1,Taxon,urn:lsid:ipni.org:publications:812-2,2025,2025 [16 Sep 2025],[16 Sep 2025],De Block,subsp.,Taxon 75(1)-e70031: 24. 2025 [16 Sep 2025] ,,doi:10.1002/tax.70031,,,11,pavettoides,(Harv.) De Block,,f,t,,,,,,,K.Krause@5045-1@2@bas$De Block@38102-1@1@aut,De Block@38102-1@1@aut$Harv.@3705-1@2@bas,,comb. et stat. nov.,,1.1,f,cladoceras~pavettoidesfriesiorum,rubiaceaecladoceras~pavettoidesfriesiorum,,433,wfo-1200118594,,subspecies,,,,,https://www.ipni.org/n/77380375-1,IPNI record: 77380375-1,Taxon 75(1)-e70031: 24 (2025)
urn:lsid:ipni.org:names:77380376-1,(Bremek. ex Bridson) De Block,Rubiaceae Tarenna pavettoides (Harv.) Sim subsp. gillmanii Bremek. ex Bridson,(Bremek. ex Bridson),890691-1,,,75(1)-e70031: 24,,,,,,,,,,,,18/05/2026 17:39,18/05/2026 17:39,,,Rubiaceae,Cladoceras pavettoides subsp. gillmanii,Cladoceras pavettoides subsp. gillmanii,Cladoceras,,f,f,,,,,gillmanii,,,,,,,,,,,,,,,,,,,,,,,,77380373-1,Taxon,urn:lsid:ipni.org:publications:812-2,2025,2025 [16 Sep 2025],[16 Sep 2025],De Block,subsp.,Taxon 75(1)-e70031: 24. 2025 [16 Sep 2025] ,,doi:10.1002/tax.70031,,,11,pavettoides,(Harv.) De Block,,f,t,,,,,,,De Block@38102-1@1@aut$Bridson@1139-1@3@basEx$Bremek.@1115-1@2@bas,De Block@38102-1@1@aut$Harv.@3705-1@2@bas,,comb. nov.,,1.1,f,cladoceras~pavettoidesgillmanii,rubiaceaecladoceras~pavettoidesgillmanii,,434,wfo-1200118595,,subspecies,,,,,https://www.ipni.org/n/77380376-1,IPNI record: 77380376-1,Taxon 75(1)-e70031: 24 (2025)
urn:lsid:ipni.org:names:77380377-1,(Degreef) De Block,Rubiaceae Tarenna pavettoides (Harv.) Sim subsp. guineensis Degreef,(Degreef),77084767-1,,,75(1)-e70031: 25,,,,,,,,,,,,18/05/2026 17:41,18/05/2026 17:41,,,Rubiaceae,Cladoceras pavettoides subsp. guineense,Cladoceras pavettoides subsp. guineense,Cladoceras,,f,f,,,,,guineense,,,,,,,,,,,,,,,,,,,,,,,,77380373-1,Taxon,urn:lsid:ipni.org:publications:812-2,2025,2025 [16 Sep 2025],[16 Sep 2025],De Block,subsp.,"Taxon 75(1)-e70031: 25. 2025 [16 Sep 2025] , as 'guineensis'",", as 'guineensis'",doi:10.1002/tax.70031,,,11,pavettoides,(Harv.) De Block,,f,t,,,,,,,Degreef@40303-1@2@bas$De Block@38102-1@1@aut,De Block@38102-1@1@aut$Harv.@3705-1@2@bas,,comb. nov.,,1.1,f,cladoceras~pavettoidesguineense,rubiaceaecladoceras~pavettoidesguineense,,435,wfo-1200118596,,subspecies,,,,,https://www.ipni.org/n/77380377-1,IPNI record: 77380377-1,Taxon 75(1)-e70031: 25 (2025)
urn:lsid:ipni.org:names:77380378-1,(J.E.Burrows) De Block,Rubiaceae Tarenna pembensis J.E.Burrows,(J.E.Burrows),77104504-1,,,75(1)-e70031: 25,,,,,,,,,,,,18/05/2026 17:42,18/05/2026 17:42,,,Rubiaceae,Cladoceras pembense,Cladoceras pembense,Cladoceras,,f,f,,,,,,,,,,,,,,,,,,,,,,,,,,,,,34370-1,Taxon,urn:lsid:ipni.org:publications:812-2,2025,2025 [16 Sep 2025],[16 Sep 2025],De Block,spec.,"Taxon 75(1)-e70031: 25. 2025 [16 Sep 2025] , as 'pembensis'",", as 'pembensis'",doi:10.1002/tax.70031,,,11,pembense,,,f,t,,,,,,,J.E.Burrows@14630-1@2@bas$De Block@38102-1@1@aut,,,comb. nov.,,1.1,f,cladoceras~pembense,rubiaceaecladoceras~pembense~,,436,wfo-1000090430,,species,,,,,https://www.ipni.org/n/77380378-1,IPNI record: 77380378-1,Taxon 75(1)-e70031: 25 (2025)
urn:lsid:ipni.org:names:77380379-1,(N.Hallé) De Block,Rubiaceae Tarenna petitii N.Hallé,(N.Hallé),767568-1,,,75(1)-e70031: 25,,,,,,,,,,,,18/05/2026 17:44,18/05/2026 17:44,,,Rubiaceae,Cladoceras petitii,Cladoceras petitii,Cladoceras,,f,f,,,,,,,,,,,,,,,,,,,,,,,,,,,,,34370-1,Taxon,urn:lsid:ipni.org:publications:812-2,2025,2025 [16 Sep 2025],[16 Sep 2025],De Block,spec.,Taxon 75(1)-e70031: 25. 2025 [16 Sep 2025] ,,doi:10.1002/tax.70031,,,11,petitii,,,f,t,,,,,,,De Block@38102-1@1@aut$N.Hallé@3584-1@2@bas,,,comb. nov.,,1.1,f,cladoceras~petitii,rubiaceaecladoceras~petitii~,,437,wfo-1000090431,,species,,,,,https://www.ipni.org/n/77380379-1,IPNI record: 77380379-1,Taxon 75(1)-e70031: 25 (2025)
urn:lsid:ipni.org:names:77380380-1,(Degreef) De Block,Rubiaceae Tarenna principensis Degreef,(Degreef),77084768-1,,,75(1)-e70031: 25,,,,,,,,,,,,18/05/2026 17:45,18/05/2026 17:45,,,Rubiaceae,Cladoceras principense,Cladoceras principense,Cladoceras,,f,f,,,,,,,,,,,,,,,,,,,,,,,,,,,,,34370-1,Taxon,urn:lsid:ipni.org:publications:812-2,2025,2025 [16 Sep 2025],[16 Sep 2025],De Block,spec.,"Taxon 75(1)-e70031: 25. 2025 [16 Sep 2025] , as 'principensis'",", as 'principensis'",doi:10.1002/tax.70031,,,11,principense,,,f,t,,,,,,,De Block@38102-1@1@aut$Degreef@40303-1@2@bas,,,comb. nov.,,1.1,f,cladoceras~principense,rubiaceaecladoceras~principense~,,438,wfo-1000090432,,species,,,,,https://www.ipni.org/n/77380380-1,IPNI record: 77380380-1,Taxon 75(1)-e70031: 25 (2025)
urn:lsid:ipni.org:names:77380381-1,(Bremek.) De Block,Rubiaceae Tarenna quadrangularis Bremek.,(Bremek.),767583-1,,,75(1)-e70031: 25,,,,,,,,,,,,18/05/2026 17:47,18/05/2026 17:47,,,Rubiaceae,Cladoceras quadrangulare,Cladoceras quadrangulare,Cladoceras,,f,f,,,,,,,,,,,,,,,,,,,,,,,,,,,,,34370-1,Taxon,urn:lsid:ipni.org:publications:812-2,2025,2025 [16 Sep 2025],[16 Sep 2025],De Block,spec.,"Taxon 75(1)-e70031: 25. 2025 [16 Sep 2025] , as 'quadrangularis'",", as 'quadrangularis'",doi:10.1002/tax.70031,,,11,quadrangulare,,,f,t,,,,,,,De Block@38102-1@1@aut$Bremek.@1115-1@2@bas,,,comb. nov.,,1.1,f,cladoceras~quadrangulare,rubiaceaecladoceras~quadrangulare~,,439,wfo-1000090433,,species,,,,,https://www.ipni.org/n/77380381-1,IPNI record: 77380381-1,Taxon 75(1)-e70031: 25 (2025)
urn:lsid:ipni.org:names:77380382-1,Raf.,,,,,,1: 62,,,,,,,,,,,,18/05/2026 18:02,18/05/2026 18:02,,,Aristolochiaceae,Aristolochia subgen. Glossula,Aristolochia subgen. Glossula,Aristolochia,,f,f,,,,glossula,,,,,,,,,,,isonym    Rafinesque mentioned 'True type of the genus',,isonym,,,,,,,,,,,,330834-2,Med. Fl.,urn:lsid:ipni.org:publications:5700-2,1828,1828,,Raf.,subgen.,Med. Fl. 1: 62. 1828 ,,,,,9,,,,f,t,,,,,,,Raf.@8096-1@1@aut,,,tax. nov.,,1.1,f,aristolochiaglossula,aristolochiaceaearistolochiaglossula~~,,440,wfo-1000090434,,subgenus,,,,,https://www.ipni.org/n/77380382-1,IPNI record: 77380382-1,Med. Fl. 1: 62 (1828)
urn:lsid:ipni.org:names:77380383-1,Raf.,,,,,,1: 62,,,,,,,,,,,,18/05/2026 18:02,18/05/2026 18:02,,,Aristolochiaceae,Aristolochia subgen. Pistolochia,Aristolochia subgen. Pistolochia,Aristolochia,,f,f,,,,pistolochia,,,,,,,,,,,,,,,,,,,,,,,,,330834-2,Med. Fl.,urn:lsid:ipni.org:publications:5700-2,1828,1828,,Raf.,subgen.,Med. Fl. 1: 62. 1828 ,,,,,8,,,,f,t,,,Designated Type: P. serpentaria (L) Raf.  (Aristolochia serpentaria L.),,,,Raf.@8096-1@1@aut,,,tax. nov.,,1.1,f,aristolochiapistolochia,aristolochiaceaearistolochiapistolochia~~,,441,wfo-1200118644,,subgenus,,,,,https://www.ipni.org/n/77380383-1,IPNI record: 77380383-1,Med. Fl. 1: 62 (1828)
urn:lsid:ipni.org:names:77380384-1,(Bridson) De Block,Rubiaceae Tarenna rwandensis Bridson,(Bridson),767589-1,,,75(1)-e70031: 25,,,,,,,,,,,,18/05/2026 18:03,18/05/2026 18:03,,,Rubiaceae,Cladoceras rwandense,Cladoceras rwandense,Cladoceras,,f,f,,,,,,,,,,,,,,,,,,,,,,,,,,,,,34370-1,Taxon,urn:lsid:ipni.org:publications:812-2,2025,2025 [16 Sep 2025],[16 Sep 2025],De Block,spec.,"Taxon 75(1)-e70031: 25. 2025 [16 Sep 2025] , as 'rwandensis'",", as 'rwandensis'",doi:10.1002/tax.70031,,,11,rwandense,,,f,t,,,,,,,Bridson@1139-1@2@bas$De Block@38102-1@1@aut,,,comb. nov.,,1.1,f,cladoceras~rwandense,rubiaceaecladoceras~rwandense~,,442,wfo-1000090435,,species,,,,,https://www.ipni.org/n/77380384-1,IPNI record: 77380384-1,Taxon 75(1)-e70031: 25 (2025)
urn:lsid:ipni.org:names:77380386-1,(Hutch. & Dalziel) De Block,Rubiaceae Tarenna thomasii Hutch. & Dalziel,(Hutch. & Dalziel),767614-1,,,75(1)-e70031: 25,,,,,,,,,,,,18/05/2026 18:05,18/05/2026 18:05,,,Rubiaceae,Cladoceras thomasii,Cladoceras thomasii,Cladoceras,,f,f,,,,,,,,,,,,,,,,,,,,,,,,,,,,,34370-1,Taxon,urn:lsid:ipni.org:publications:812-2,2025,2025 [16 Sep 2025],[16 Sep 2025],De Block,spec.,Taxon 75(1)-e70031: 25. 2025 [16 Sep 2025] ,,doi:10.1002/tax.70031,,,11,thomasii,,,f,t,,,,,,,Hutch.@4249-1@2@bas$De Block@38102-1@1@aut$Dalziel@1969-1@3@bas,,,comb. nov.,,1.1,f,cladoceras~thomasii,rubiaceaecladoceras~thomasii~,,443,wfo-1000090436,,species,,,,,https://www.ipni.org/n/77380386-1,IPNI record: 77380386-1,Taxon 75(1)-e70031: 25 (2025)
urn:lsid:ipni.org:names:77380387-1,(Bridson) De Block,Rubiaceae Tarenna uzungwaensis Bridson,(Bridson),931731-1,,,75(1)-e70031: 25,,,,,,,,,,,,18/05/2026 18:06,18/05/2026 18:06,,,Rubiaceae,Cladoceras uzungwaense,Cladoceras uzungwaense,Cladoceras,,f,f,,,,,,,,,,,,,,,,,,,,,,,,,,,,,34370-1,Taxon,urn:lsid:ipni.org:publications:812-2,2025,2025 [16 Sep 2025],[16 Sep 2025],De Block,spec.,"Taxon 75(1)-e70031: 25. 2025 [16 Sep 2025] , as 'uzungwaensis'",", as 'uzungwaensis'",doi:10.1002/tax.70031,,,11,uzungwaense,,,f,t,,,,,,,Bridson@1139-1@2@bas$De Block@38102-1@1@aut,,,comb. nov.,,1.1,f,cladoceras~uzungwaense,rubiaceaecladoceras~uzungwaense~,,444,wfo-1000090437,,species,,,,,https://www.ipni.org/n/77380387-1,IPNI record: 77380387-1,Taxon 75(1)-e70031: 25 (2025)
urn:lsid:ipni.org:names:77380388-1,(Hutch. & Dalziel) De Block,Rubiaceae Tarenna vignei Hutch. & Dalziel,(Hutch. & Dalziel),767628-1,,,75(1)-e70031: 25,,,,,,,,,,,,18/05/2026 18:07,18/05/2026 18:07,,,Rubiaceae,Cladoceras vignei,Cladoceras vignei,Cladoceras,,f,f,,,,,,,,,,,,,,,,,,,,,,,,,,,,,34370-1,Taxon,urn:lsid:ipni.org:publications:812-2,2025,2025 [16 Sep 2025],[16 Sep 2025],De Block,spec.,Taxon 75(1)-e70031: 25. 2025 [16 Sep 2025] ,,doi:10.1002/tax.70031,,,11,vignei,,,f,t,,,,,,,Hutch.@4249-1@2@bas$Dalziel@1969-1@3@bas$De Block@38102-1@1@aut,,,comb. nov.,,1.1,f,cladoceras~vignei,rubiaceaecladoceras~vignei~,,445,wfo-1000090438,,species,,,,,https://www.ipni.org/n/77380388-1,IPNI record: 77380388-1,Taxon 75(1)-e70031: 25 (2025)
urn:lsid:ipni.org:names:77380389-1,(Keay) De Block,Rubiaceae Tarenna vignei Hutch. & Dalziel var. subglabra Keay,(Keay),77188662-1,,,75(1)-e70031: 25,,,,,,,,,,,,18/05/2026 18:10,18/05/2026 18:10,,,Rubiaceae,Cladoceras vignei var. subglabrum,Cladoceras vignei var. subglabrum,Cladoceras,,f,f,,,,,subglabrum,,,,,,,,,,,,,,,,,,,,,,,,77380388-1,Taxon,urn:lsid:ipni.org:publications:812-2,2025,2025 [16 Sep 2025],[16 Sep 2025],De Block,var.,"Taxon 75(1)-e70031: 25. 2025 [16 Sep 2025] , as 'subglabra'",", as 'subglabra'",doi:10.1002/tax.70031,,,11,vignei,(Hutch. & Dalziel) De Block,,f,t,,,,,,,De Block@38102-1@1@aut$Keay@4692-1@2@bas,De Block@38102-1@1@aut$Dalziel@1969-1@3@bas$Hutch.@4249-1@2@bas,,comb. nov.,,1.1,f,cladoceras~vigneisubglabrum,rubiaceaecladoceras~vigneisubglabrum,,446,wfo-1200118597,,variety,,,,,https://www.ipni.org/n/77380389-1,IPNI record: 77380389-1,Taxon 75(1)-e70031: 25 (2025)
urn:lsid:ipni.org:names:77380390-1,"J.A.Carvalho, Vilaters. & Susanna",,,,,,44(e0013): 4,,13,,6,,,2013,,I.Silva,,,18/05/2026 18:20,18/05/2026 18:20,"Portugal (Southwestern Europe, Europe)",,Asteraceae,Cirsium isambertoi,Cirsium isambertoi,Cirsium,,f,f,,,,,,,,,,,"Madeira Archipelago, Desertas Island: Topo Deserta Grande, 280 m",,,,,,,,,,,,,,,,,,30001899-2,Collect. Bot. (Barcelona),urn:lsid:ipni.org:publications:7897-2,2026,2026 [2025 publ. 6 May 2026],[2025 publ. 6 May 2026],"J.A.Carvalho, Vilaters. & Susanna",spec.,Collect. Bot. (Barcelona) 44(e0013): 4. 2026 [2025 publ. 6 May 2026] ,,"doi:10.3989/collectbot.2025.v44.0013 Etymology: 'The species is dedicated and named for its first collector, Isamberto Silva'.",,,10,isambertoi,,,f,t,,holotype MADJ MADJ013218,,,,,Vilaters.@20029687-1@2@aut$J.A.Carvalho@20017445-1@1@aut$Susanna@27375-1@3@aut,,,tax. nov.,,1.1,f,cirsium~isambertoi,asteraceaecirsium~isambertoi~,,447,wfo-1000090439,,species,,,,,https://www.ipni.org/n/77380390-1,IPNI record: 77380390-1,Collect. Bot. (Barcelona) 44(e0013): 4 (2026)
urn:lsid:ipni.org:names:77380391-1,Roxb. ex Lindl.,,,,,,11: t. 894,,,,,,,,,,,,18/05/2026 21:59,18/05/2026 21:59,,,Araliaceae,Gastonia palmata,Gastonia palmata,Gastonia,,f,f,,,,,,,,,,,,,,,,,,,,,,,,,,,,,3015-1,Bot. Reg.,urn:lsid:ipni.org:publications:868-2,1825,1825,,Roxb. ex Lindl.,spec.,Bot. Reg. 11: t. 894. 1825 ,,,,,8,palmata,,,f,t,,,,,,,Roxb.@8682-1@1@aut$Lindl.@22383-1@2@autEx,,,tax. nov.,,1.1,f,gastonia~palmata,araliaceaegastonia~palmata~,,448,wfo-0000971340,,species,,,,,https://www.ipni.org/n/77380391-1,IPNI record: 77380391-1,Bot. Reg. 11: t. 894 (1825)
urn:lsid:ipni.org:names:77380392-1,Roxb.,,,,,,2: 407,,,,,,,,,,,,18/05/2026 22:02,18/05/2026 22:02,,,Araliaceae,Gastonia palmata,Gastonia palmata,Gastonia,,f,f,,,,,,,,,,,,,,,isonym,,isonym,,,,,,,,,,,,3015-1,"Fl. Ind., ed. 1832.",urn:lsid:ipni.org:publications:5717-2,1832,1832,,Roxb.,spec.,"Fl. Ind., ed. 1832. 2: 407. 1832 ",,,,,9,palmata,,,f,t,,,,,,,Roxb.@8682-1@1@aut,,,tax. nov.,77380391-1,1.1,f,gastonia~palmata,araliaceaegastonia~palmata~,,449,wfo-1200118645,,species,,,,,https://www.ipni.org/n/77380392-1,IPNI record: 77380392-1,"Fl. Ind., ed. 1832. 2: 407 (1832)"
urn:lsid:ipni.org:names:77380394-1,R.Rojas & Vásquez,,,,,,275: 49,,8,19,8,8,12889,2025,2025,"R.Rojas, R.Vásquez &amp; J.Flores",,,19/05/2026 08:01,26/05/2026 12:12,"Peru (Western South America, Southern America)",W,Gesneriaceae,Columnea puipuiensis,Columnea puipuiensis,Columnea,,f,f,,,,,,,,11,13,34,"Junín: Prov. Chanchamayo, Dist. Pichanaki, Bosque de Protección Pui Pui, 1968-2032 m",74,58,6,,,,,,S,,,,,,,,,30002865-2,PhytoKeys,urn:lsid:ipni.org:publications:20011997-1,2026,2026 [19 May 2026],[19 May 2026],R.Rojas & Vásquez,spec.,"PhytoKeys 275: 49. 2026 [19 May 2026] , as 'puipuiense'",", as 'puipuiense'","doi:10.3897/phytokeys.275.187262 [english] Etymology: name refers to the Bosque de Protección Pui Pui, located in the central rainforest of Peru.  Epithet corrected according to Art. 23.5. ICN (2025).",,,11,puipuiensis,,,f,t,,holotype HOXA HOXA094631;isotype MO;isotype MOL;isotype USM,,,,,R.Rojas@20012370-2@1@aut$Vásquez@36418-1@2@aut,,,tax. nov.,,1.4,f,columnea~puipuiensis,gesneriaceaecolumnea~puipuiensis~,,450,wfo-1000090440,,species,,,,,https://www.ipni.org/n/77380394-1,IPNI record: 77380394-1,PhytoKeys 275: 49 (2026)
urn:lsid:ipni.org:names:77380395-1,R.Rojas & Vásquez,,,,,,275: 54,,26,,9,,39996,2021,,"L.Valenzuela, E.Pinche, A.García &amp; A.Pariachi",,,19/05/2026 08:04,27/05/2026 09:13,"Peru (Western South America, Southern America)",W,Gesneriaceae,Columnea valenzuelae,Columnea valenzuelae,Columnea,,f,f,,,,,,,,11,18,12,"Junín: Prov. Concepción, Dist. Andamarca, Bosque de Protección Pui Pui, 3332 m",74,58,57,Termination of specific epithet amended as per Art. 60.8. ICN (2025).,,,,,S,,,,,,,,,30002865-2,PhytoKeys,urn:lsid:ipni.org:publications:20011997-1,2026,2026 [19 May 2026],[19 May 2026],R.Rojas & Vásquez,spec.,"PhytoKeys 275: 54. 2026 [19 May 2026] , as 'valenzuelai'",", as 'valenzuelai'","doi:10.3897/phytokeys.275.187262 [english] Etymology: name honours Luis Valenzuela Gamarra, a highly active taxonomist.",,,12,valenzuelae,,,f,t,,holotype HOXA HOXA079063;isotype MO;isotype USM;isotype MOL,,,,,Vásquez@36418-1@2@aut$R.Rojas@20012370-2@1@aut,,,tax. nov.,,1.4,f,columnea~valenzuelae,gesneriaceaecolumnea~valenzuelae~,,451,wfo-1000090441,,species,,,,,https://www.ipni.org/n/77380395-1,IPNI record: 77380395-1,PhytoKeys 275: 54 (2026)
urn:lsid:ipni.org:names:77380396-1,Coombes,,,,,,9(4): 240,,,,,,,,,,,,19/05/2026 09:06,21/05/2026 14:02,,,Scrophulariaceae,Phygelius × rectus,Phygelius × rectus,Phygelius,,t,f,"808375-1,808374-1",(Phygelius capensis E.Mey. ex Benth. × Phygelius aequalis Harv. ex Hiern),,,,,,,,,"Cultivated plant, Hillier Nursery, Winchester, UK",,,,,,,,,,,,,,,,,,37918-1,Plantsman,urn:lsid:ipni.org:publications:2738-2,1987,1987 [Mar 1987],[Mar 1987],Coombes,spec.,Plantsman 9(4): 240. 1987 [Mar 1987] ,,Latin descr.; Etymology: Latin rectus (straight) referring to straight corolla tube.,,,9,rectus,,,f,t,,holotype E 'Winchester Fanfare',,,,,Coombes@20000051-1@1@aut,,,tax. nov.,,1.5,f,phygelius~rectus,scrophulariaceaephygelius~rectus~,,452,wfo-1000090442,,species,,,,,https://www.ipni.org/n/77380396-1,IPNI record: 77380396-1,Plantsman 9(4): 240 (1987)
urn:lsid:ipni.org:names:77380397-1,(Oerst.) Y.F.Deng,Acanthaceae Thyrsacanthus foliaceobracteatus Oerst.,(Oerst.),252906-2,,,756(2): 205,,,,,,,,,,,,19/05/2026 10:41,19/05/2026 10:41,,,Acanthaceae,Pseuderanthemum foliaceobracteatum,Pseuderanthemum foliaceobracteatum,Pseuderanthemum,,f,f,,,,,,,,,,,,,,,,,,,,,,,,,,,,,30014612-2,Phytotaxa,urn:lsid:ipni.org:publications:20011462-1,2026,2026 [14 May 2026],[14 May 2026],Y.F.Deng,spec.,Phytotaxa 756(2): 205. 2026 [14 May 2026] ,,doi:10.11646/phytotaxa.756.2.10,,,11,foliaceobracteatum,,,f,t,,,,,,,Oerst.@24229-1@2@bas$Y.F.Deng@39880-1@1@aut,,,comb. nov.,,1.1,f,pseuderanthemum~foliaceobracteatum,acanthaceaepseuderanthemum~foliaceobracteatum~,,453,wfo-1000090443,,species,,,,,https://www.ipni.org/n/77380397-1,IPNI record: 77380397-1,Phytotaxa 756(2): 205 (2026)
urn:lsid:ipni.org:names:77380398-1,(Bridson) De Block,Rubiaceae Tarenna roseicosta Bridson,(Bridson),931730-1,,,75(1)-e70031: 25,,,,,,,,,,,,19/05/2026 10:43,19/05/2026 10:43,,,Rubiaceae,Cladoceras roseicosta,Cladoceras roseicosta,Cladoceras,,f,f,,,,,,,,,,,,,,,,,,,,,,,,,,,,,34370-1,Taxon,urn:lsid:ipni.org:publications:812-2,2025,2025 [16 Sep 2025],[16 Sep 2025],De Block,spec.,Taxon 75(1)-e70031: 25. 2025 [16 Sep 2025] ,,doi:10.1002/tax.70031,,,11,roseicosta,,,f,t,,,,,,,Bridson@1139-1@2@bas$De Block@38102-1@1@aut,,,comb. nov.,,1.1,f,cladoceras~roseicosta,rubiaceaecladoceras~roseicosta~,,454,wfo-1000090444,,species,,,,,https://www.ipni.org/n/77380398-1,IPNI record: 77380398-1,Taxon 75(1)-e70031: 25 (2025)
urn:lsid:ipni.org:names:77380399-1,"M.Ahmad, Hurrah & V.Wagh",,,,,,756(2): 231,,10,,8,,319762,2018,,"Imtiyaz Ahmad, Hurrah &amp; Vijay Vishnu Wagh",,,19/05/2026 11:01,19/05/2026 11:01,"Sikkim (East Himalaya, Indian Subcontinent, Asia-Tropical);Tibet (China, Asia-Temperate);",,Geraniaceae,Geranium donianum subsp. glandulosum,Geranium donianum subsp. glandulosum,Geranium,,f,f,,,,,glandulosum,,,27,56,34,"India: North Sikkim, Mangan district, Thangu village, 4449 m",,,,,,,,,N,,,,,,,,,372989-1,Phytotaxa,urn:lsid:ipni.org:publications:20011462-1,2026,2026 [15 May 2026],[15 May 2026],"M.Ahmad, Hurrah & V.Wagh",subsp.,Phytotaxa 756(2): 231. 2026 [15 May 2026] ,,"doi:10.11646/phytotaxa.630.2.3 Etymology: the subspecific epithet is a reference to the long glandular hairs, a conspicuous feature of this subspecies.",,,11,donianum,Sweet,,f,t,,holotype LWG;isotype LWG;isotype CAL,,,,,Hurrah@20045186-1@2@aut$M.Ahmad@20098788-1@1@aut$V.Wagh@20045185-1@3@aut,Sweet@10341-1@1@aut,,tax. nov.,,1.1,f,geranium~donianumglandulosum,geraniaceaegeranium~donianumglandulosum,,455,wfo-1200118598,,subspecies,,,,,https://www.ipni.org/n/77380399-1,IPNI record: 77380399-1,Phytotaxa 756(2): 231 (2026)
urn:lsid:ipni.org:names:77380400-1,(Dubard & Dop) De Block,Rubiaceae Chomelia alleizettei Dubard & Dop,(Dubard & Dop),746529-1,,,75(1)-e70031: 26,,,,,,,,,,,,19/05/2026 11:03,19/05/2026 11:03,,,Rubiaceae,Nesotarenna alleizettei,Nesotarenna alleizettei,Nesotarenna,,f,f,,,,,,,,,,,,,,,,,,,,,,,,,,,,,77369689-1,Taxon,urn:lsid:ipni.org:publications:812-2,2025,2025 [16 Sep 2025],[16 Sep 2025],De Block,spec.,Taxon 75(1)-e70031: 26. 2025 [16 Sep 2025] ,,doi:10.1002/tax.70031,,,11,alleizettei,,,f,t,,,,,,,Dubard@2334-1@2@bas$Dop@2279-1@3@bas$De Block@38102-1@1@aut,,,comb. nov.,,1.1,f,nesotarenna~alleizettei,rubiaceaenesotarenna~alleizettei~,,456,wfo-1000090445,,species,,,,,https://www.ipni.org/n/77380400-1,IPNI record: 77380400-1,Taxon 75(1)-e70031: 26 (2025)
urn:lsid:ipni.org:names:77380401-1,(De Block) De Block,Rubiaceae Tarenna capuroniana De Block,(De Block),77067574-1,,,75(1)-e70031: 26,,,,,,,,,,,,19/05/2026 11:05,19/05/2026 11:05,,,Rubiaceae,Nesotarenna capuroniana,Nesotarenna capuroniana,Nesotarenna,,f,f,,,,,,,,,,,,,,,,,,,,,,,,,,,,,77369689-1,Taxon,urn:lsid:ipni.org:publications:812-2,2025,2025 [16 Sep 2025],[16 Sep 2025],De Block,spec.,Taxon 75(1)-e70031: 26. 2025 [16 Sep 2025] ,,doi:10.1002/tax.70031,,,11,capuroniana,,,f,t,,,,,,,De Block@38102-1@2@bas$De Block@38102-1@1@aut,,,comb. nov.,,1.1,f,nesotarenna~capuroniana,rubiaceaenesotarenna~capuroniana~,,457,wfo-1000090446,,species,,,,,https://www.ipni.org/n/77380401-1,IPNI record: 77380401-1,Taxon 75(1)-e70031: 26 (2025)
urn:lsid:ipni.org:names:77380402-1,(Ten.) De Block,Rubiaceae Pavetta madagascariensis Ten.,(Ten.),77312954-1,,,75(1)-e70031: 27,,,,,,,,,,,,19/05/2026 11:07,19/05/2026 11:07,,,Rubiaceae,Nesotarenna madagascariensis,Nesotarenna madagascariensis,Nesotarenna,,f,f,,,,,,,,,,,,,,,,,,,,,,,,,,,,,77369689-1,Taxon,urn:lsid:ipni.org:publications:812-2,2025,2025 [16 Sep 2025],[16 Sep 2025],De Block,spec.,Taxon 75(1)-e70031: 27. 2025 [16 Sep 2025] ,,doi:10.1002/tax.70031,,,11,madagascariensis,,,f,t,,,,,,,Ten.@10507-1@2@bas$De Block@38102-1@1@aut,,,comb. nov.,,1.1,f,nesotarenna~madagascariensis,rubiaceaenesotarenna~madagascariensis~,,458,wfo-1000090447,,species,,,,,https://www.ipni.org/n/77380402-1,IPNI record: 77380402-1,Taxon 75(1)-e70031: 27 (2025)
urn:lsid:ipni.org:names:77380403-1,(Drake) De Block,Rubiaceae Ixora spiranthera Drake,(Drake),754462-1,,,75(1)-e70031: 27,,,,,,,,,,,,19/05/2026 11:08,19/05/2026 11:08,,,Rubiaceae,Nesotarenna spiranthera,Nesotarenna spiranthera,Nesotarenna,,f,f,,,,,,,,,,,,,,,,,,,,,,,,,,,,,77369689-1,Taxon,urn:lsid:ipni.org:publications:812-2,2025,2025 [16 Sep 2025],[16 Sep 2025],De Block,spec.,Taxon 75(1)-e70031: 27. 2025 [16 Sep 2025] ,,doi:10.1002/tax.70031,,,11,spiranthera,,,f,t,,,,,,,De Block@38102-1@1@aut$Drake@2302-1@2@bas,,,comb. nov.,,1.1,f,nesotarenna~spiranthera,rubiaceaenesotarenna~spiranthera~,,459,wfo-1000090448,,species,,,,,https://www.ipni.org/n/77380403-1,IPNI record: 77380403-1,Taxon 75(1)-e70031: 27 (2025)
urn:lsid:ipni.org:names:77380404-1,(Drake) De Block,Rubiaceae Ixora thouarsiana Drake,(Drake),754514-1,,,75(1)-e70031: 27,,,,,,,,,,,,19/05/2026 11:10,19/05/2026 11:10,,,Rubiaceae,Nesotarenna thouarsiana,Nesotarenna thouarsiana,Nesotarenna,,f,f,,,,,,,,,,,,,,,,,,,,,,,,,,,,,77369689-1,Taxon,urn:lsid:ipni.org:publications:812-2,2025,2025 [16 Sep 2025],[16 Sep 2025],De Block,spec.,Taxon 75(1)-e70031: 27. 2025 [16 Sep 2025] ,,doi:10.1002/tax.70031,,,11,thouarsiana,,,f,t,,,,,,,De Block@38102-1@1@aut$Drake@2302-1@2@bas,,,comb. nov.,,1.1,f,nesotarenna~thouarsiana,rubiaceaenesotarenna~thouarsiana~,,460,wfo-1000090449,,species,,,,,https://www.ipni.org/n/77380404-1,IPNI record: 77380404-1,Taxon 75(1)-e70031: 27 (2025)
urn:lsid:ipni.org:names:77380405-1,(Homolle) De Block,Rubiaceae Tarenna uniflora (Drake) Homolle,(Homolle),767622-1,,,75(1)-e70031: 27,,,,,,,,,,,,19/05/2026 11:11,19/05/2026 11:11,,,Rubiaceae,Nesotarenna uniflora,Nesotarenna uniflora,Nesotarenna,,f,f,,,,,,,,,,,,,,,,,,,,,,,,,,,,,77369689-1,Taxon,urn:lsid:ipni.org:publications:812-2,2025,2025 [16 Sep 2025],[16 Sep 2025],De Block,spec.,Taxon 75(1)-e70031: 27. 2025 [16 Sep 2025] ,,doi:10.1002/tax.70031,,,11,uniflora,,,f,t,,,,,,,Homolle@3078-1@2@bas$De Block@38102-1@1@aut,,,comb. nov.,,1.1,f,nesotarenna~uniflora,rubiaceaenesotarenna~uniflora~,,461,wfo-1000090450,,species,,,,,https://www.ipni.org/n/77380405-1,IPNI record: 77380405-1,Taxon 75(1)-e70031: 27 (2025)
urn:lsid:ipni.org:names:77380406-1,M.A.Jaram.,,,,,,756(2): 253,,20,,7,,4078,2020,,W.Trujillo-C et al.,,,19/05/2026 11:12,19/05/2026 11:16,"Colombia (Western South America, Southern America)",W,Piperaceae,Piper trujilloi,Piper trujilloi,Piper,,f,f,,,,,,,,1,38,51,"Caquetá: Florencia, vereda Alto Brasil, 550 m",75,35,1,,,,,,N,,,,,,,,,326982-2,Phytotaxa,urn:lsid:ipni.org:publications:20011462-1,2026,2026 [15 May 2026],[15 May 2026],M.A.Jaram.,spec.,Phytotaxa 756(2): 253. 2026 [15 May 2026] ,,"doi:10.11646/phytotaxa.756.3.4 Etymology: the specific epithet is named in honour of William Trujillo, a native botanist of Caquetá who originally collected this species.",,,11,trujilloi,,,f,t,,holotype UMNGH;isotype HUAZ,,,,,M.A.Jaram.@20001476-1@1@aut,,,tax. nov.,,1.2,f,piper~trujilloi,piperaceaepiper~trujilloi~,,462,wfo-1000090451,,species,,,,,https://www.ipni.org/n/77380406-1,IPNI record: 77380406-1,Phytotaxa 756(2): 253 (2026)
urn:lsid:ipni.org:names:77380407-1,(K.Schum.) De Block,Rubiaceae Chomelia bipindensis K.Schum.,(K.Schum.),746542-1,,,75(1)-e70031: 28,,,,,,,,,,,,19/05/2026 11:15,19/05/2026 11:15,,,Rubiaceae,Sonbridia bipindensis,Sonbridia bipindensis,Sonbridia,,f,f,,,,,,,,,,,,,,,,,,,,,,,,,,,,,77369690-1,Taxon,urn:lsid:ipni.org:publications:812-2,2025,2025 [16 Sep 2025],[16 Sep 2025],De Block,spec.,Taxon 75(1)-e70031: 28. 2025 [16 Sep 2025] ,,doi:10.1002/tax.70031,,,11,bipindensis,,,f,t,,,,,,,K.Schum.@9333-1@2@bas$De Block@38102-1@1@aut,,,comb. nov.,,1.1,f,sonbridia~bipindensis,rubiaceaesonbridia~bipindensis~,,463,wfo-1000090452,,species,,,,,https://www.ipni.org/n/77380407-1,IPNI record: 77380407-1,Taxon 75(1)-e70031: 28 (2025)
urn:lsid:ipni.org:names:77380408-1,(De Wild. & T.Durand) De Block,Rubiaceae Pavetta warburgiana De Wild. & T.Durand,(De Wild. & T.Durand),760139-1,,,75(1)-e70031: 28,,,,,,,,,,,,19/05/2026 11:17,19/05/2026 11:17,,,Rubiaceae,Sonbridia warburgiana,Sonbridia warburgiana,Sonbridia,,f,f,,,,,,,,,,,,,,,,,,,,,,,,,,,,,77369690-1,Taxon,urn:lsid:ipni.org:publications:812-2,2025,2025 [16 Sep 2025],[16 Sep 2025],De Block,spec.,Taxon 75(1)-e70031: 28. 2025 [16 Sep 2025] ,,doi:10.1002/tax.70031,,,11,warburgiana,,,f,t,,,,,,,De Block@38102-1@1@aut$T.Durand@2400-1@3@bas$De Wild.@12406-1@2@bas,,,comb. nov.,,1.1,f,sonbridia~warburgiana,rubiaceaesonbridia~warburgiana~,,464,wfo-1000090453,,species,,,,,https://www.ipni.org/n/77380408-1,IPNI record: 77380408-1,Taxon 75(1)-e70031: 28 (2025)
urn:lsid:ipni.org:names:77380409-1,Villanueva,,,,,,756(2): 262,,13,,5,,7223,2025,,B.Villanueva-Tamayo &amp; N.Cardozo,,,19/05/2026 11:23,19/05/2026 11:23,"Colombia (Western South America, Southern America)",W,Piperaceae,Peperomia daironii,Peperomia daironii,Peperomia,,f,f,,,,,,,,2,18,36,"Department Meta: Municipality La Macarena, Cachivera village, Caño Barro, passing Caño Cristales toward the northeast, along the upstream trail, 277 m",73,46,52,,,,,,N,,,,,,,,,329746-2,Phytotaxa,urn:lsid:ipni.org:publications:20011462-1,2026,2026 [15 May 2026],[15 May 2026],Villanueva,spec.,Phytotaxa 756(2): 262. 2026 [15 May 2026] ,,"doi:10.11646/phytotaxa.756.3.5 Etymology: the specific epithet honours Dairon Cárdenas, a botanist who has extensively explored and documented the flora of the Colombian Amazon.",,,11,daironii,,,f,t,,holotype JBB JBB-45962;isotype COL;isotype COAH;isotype HUA,,,,,Villanueva@20029839-1@1@aut,,,tax. nov.,,1.1,f,peperomia~daironii,piperaceaepeperomia~daironii~,,465,wfo-1000090454,,species,,,,,https://www.ipni.org/n/77380409-1,IPNI record: 77380409-1,Phytotaxa 756(2): 262 (2026)
urn:lsid:ipni.org:names:77380410-1,"V.R.Bueno, Gostel & G.Heiden",,,,,,75(1)-e70061: 11,,,,,,,,,,,,19/05/2026 11:39,19/05/2026 11:39,,,Asteraceae,subtrib. Caleinae,subtrib. Caleinae,,,f,f,,,caleinae,,,,,,,,,,,,,,,,,,,,,,,,,,319342-2,Taxon,urn:lsid:ipni.org:publications:812-2,2025,2025 [3 Nov 2025],[3 Nov 2025],"V.R.Bueno, Gostel & G.Heiden",subtrib.,Taxon 75(1)-e70061: 11. 2025 [3 Nov 2025] ,,doi:10.1002/tax.70061,,,8,,,,f,t,,,Calea L.,,,,V.R.Bueno@20042550-1@1@aut$Gostel@20017015-2@2@aut$G.Heiden@20014398-1@3@aut,,,tax. nov.,,1.1,f,asteraceaecaleinae,asteraceae~~~~,,466,wfo-4100006574,,subtribe,,,,,https://www.ipni.org/n/77380410-1,IPNI record: 77380410-1,Taxon 75(1)-e70061: 11 (2025)
urn:lsid:ipni.org:names:77380411-1,"V.R.Bueno, Gostel & G.Heiden",,,,,,75(1)-e70061: 16,,,,,,,,,,,,19/05/2026 11:47,19/05/2026 11:47,,,Asteraceae,Calea sect. Jelskianae,Calea sect. Jelskianae,Calea,,f,f,,,,jelskianae,,,,,,,,,,,,,,,,,,,,,,,,,30005173-2,Taxon,urn:lsid:ipni.org:publications:812-2,2025,2025 [3 Nov 2025],[3 Nov 2025],"V.R.Bueno, Gostel & G.Heiden",sect.,Taxon 75(1)-e70061: 16. 2025 [3 Nov 2025] ,,doi:10.1002/tax.70061,,,8,,,,f,t,,,Calea jelskii Hieron.,,,,V.R.Bueno@20042550-1@1@aut$Gostel@20017015-2@2@aut$G.Heiden@20014398-1@3@aut,,,tax. nov.,,1.1,f,caleajelskianae,asteraceaecaleajelskianae~~,,467,wfo-1000090455,,section,,,,,https://www.ipni.org/n/77380411-1,IPNI record: 77380411-1,Taxon 75(1)-e70061: 16 (2025)
urn:lsid:ipni.org:names:77380412-1,"V.R.Bueno, Gostel & G.Heiden",,,,,,75(1)-e70061: 16,,,,,,,,,,,,19/05/2026 11:49,19/05/2026 11:49,,,Asteraceae,Calea sect. Peruvianae,Calea sect. Peruvianae,Calea,,f,f,,,,peruvianae,,,,,,,,,,,,,,,,,,,,,,,,,30005173-2,Taxon,urn:lsid:ipni.org:publications:812-2,2025,2025 [3 Nov 2025],[3 Nov 2025],"V.R.Bueno, Gostel & G.Heiden",sect.,Taxon 75(1)-e70061: 16. 2025 [3 Nov 2025] ,,doi:10.1002/tax.70061,,,8,,,,f,t,,,Calea peruviana (Kunth) Benth.,,,,Gostel@20017015-2@2@aut$V.R.Bueno@20042550-1@1@aut$G.Heiden@20014398-1@3@aut,,,tax. nov.,,1.1,f,caleaperuvianae,asteraceaecaleaperuvianae~~,,468,wfo-1000090456,,section,,,,,https://www.ipni.org/n/77380412-1,IPNI record: 77380412-1,Taxon 75(1)-e70061: 16 (2025)
urn:lsid:ipni.org:names:77380413-1,"V.R.Bueno, Gostel & G.Heiden",,,,,,75(1)-e70061: 16,,,,,,,,,,,,19/05/2026 11:51,19/05/2026 11:51,,,Asteraceae,Calea sect. Prunifoliae,Calea sect. Prunifoliae,Calea,,f,f,,,,prunifoliae,,,,,,,,,,,,,,,,,,,,,,,,,30005173-2,Taxon,urn:lsid:ipni.org:publications:812-2,2025,2025 [3 Nov 2025],[3 Nov 2025],"V.R.Bueno, Gostel & G.Heiden",sect.,Taxon 75(1)-e70061: 16. 2025 [3 Nov 2025] ,,doi:10.1002/tax.70061,,,8,,,,f,t,,,Calea prunifolia Kunth.,,,,G.Heiden@20014398-1@3@aut$Gostel@20017015-2@2@aut$V.R.Bueno@20042550-1@1@aut,,,tax. nov.,,1.1,f,caleaprunifoliae,asteraceaecaleaprunifoliae~~,,469,wfo-1000090457,,section,,,,,https://www.ipni.org/n/77380413-1,IPNI record: 77380413-1,Taxon 75(1)-e70061: 16 (2025)
urn:lsid:ipni.org:names:77380414-1,"V.R.Bueno, Gostel & G.Heiden",,,,,,75(1)-e70061: 16,,,,,,,,,,,,19/05/2026 11:52,19/05/2026 11:52,,,Asteraceae,Calea sect. Solidagineae,Calea sect. Solidagineae,Calea,,f,f,,,,solidagineae,,,,,,,,,,,,,,,,,,,,,,,,,30005173-2,Taxon,urn:lsid:ipni.org:publications:812-2,2025,2025 [3 Nov 2025],[3 Nov 2025],"V.R.Bueno, Gostel & G.Heiden",sect.,Taxon 75(1)-e70061: 16. 2025 [3 Nov 2025] ,,doi:10.1002/tax.70061,,,8,,,,f,t,,,Calea solidaginea Kunth.,,,,Gostel@20017015-2@2@aut$G.Heiden@20014398-1@3@aut$V.R.Bueno@20042550-1@1@aut,,,tax. nov.,,1.1,f,caleasolidagineae,asteraceaecaleasolidagineae~~,,470,wfo-1000090458,,section,,,,,https://www.ipni.org/n/77380414-1,IPNI record: 77380414-1,Taxon 75(1)-e70061: 16 (2025)
urn:lsid:ipni.org:names:77380415-1,"V.R.Bueno, Gostel & G.Heiden",,,,,,75(1)-e70061: 17,,,,,,,,,,,,19/05/2026 11:53,19/05/2026 11:53,,,Asteraceae,Calea subgen. Ternifoliae,Calea subgen. Ternifoliae,Calea,,f,f,,,,ternifoliae,,,,,,,,,,,,,,,,,,,,,,,,,30005173-2,Taxon,urn:lsid:ipni.org:publications:812-2,2025,2025 [3 Nov 2025],[3 Nov 2025],"V.R.Bueno, Gostel & G.Heiden",subgen.,Taxon 75(1)-e70061: 17. 2025 [3 Nov 2025] ,,doi:10.1002/tax.70061,,,8,,,,f,t,,,Calea ternifolia Kunth.,,,,Gostel@20017015-2@2@aut$G.Heiden@20014398-1@3@aut$V.R.Bueno@20042550-1@1@aut,,,tax. nov.,,1.1,f,caleaternifoliae,asteraceaecaleaternifoliae~~,,471,wfo-1000090459,,subgenus,,,,,https://www.ipni.org/n/77380415-1,IPNI record: 77380415-1,Taxon 75(1)-e70061: 17 (2025)
urn:lsid:ipni.org:names:77380416-1,"V.R.Bueno, Gostel & G.Heiden",,,,,,75(1)-e70061: 17,,,,,,,,,,,,19/05/2026 11:56,19/05/2026 11:56,,,Asteraceae,Calea sect. Ternifoliae,Calea sect. Ternifoliae,Calea,,f,f,,,,ternifoliae,,,,,,,,,,,,,,,,,,,,,,,,,30005173-2,Taxon,urn:lsid:ipni.org:publications:812-2,2025,2025 [3 Nov 2025],[3 Nov 2025],"V.R.Bueno, Gostel & G.Heiden",sect.,Taxon 75(1)-e70061: 17. 2025 [3 Nov 2025] ,,doi:10.1002/tax.70061,,,8,,,,f,t,,,Calea ternifolia Kunth,,,,G.Heiden@20014398-1@3@aut$Gostel@20017015-2@2@aut$V.R.Bueno@20042550-1@1@aut,,,tax. nov.,,1.1,f,caleaternifoliae,asteraceaecaleaternifoliae~~,,472,wfo-1000090647,,section,,,,,https://www.ipni.org/n/77380416-1,IPNI record: 77380416-1,Taxon 75(1)-e70061: 17 (2025)
urn:lsid:ipni.org:names:77380417-1,(Boiss. & Reut.) Mateo,Brassicaceae Biscutella laxa Boiss. & Reut. var. glacialis Boiss. & Reut.,(Boiss. & Reut.),50955590-1,,,92: 7,,,,,,,,,,,,19/05/2026 12:01,19/05/2026 12:01,,,Brassicaceae,Biscutella laxa subsp. glacialis,Biscutella laxa subsp. glacialis,Biscutella,,f,f,,,,,glacialis,,,,,,,,,,,,,,,,,,,,,,,,279045-1,Fl. Montiber.,urn:lsid:ipni.org:publications:20000001-1,2025,2025 [Aug 2025],[Aug 2025],Mateo,subsp.,Fl. Montiber. 92: 7. 2025 [Aug 2025] ,,,,,11,laxa,Boiss. & Reut.,,f,t,,,,,,,Reut.@8313-1@3@bas$Boiss.@16284-1@2@bas$Mateo@23021-1@1@aut,Reut.@8313-1@2@aut$Boiss.@16284-1@1@aut,,stat. nov.,,1.1,f,biscutella~laxaglacialis,brassicaceaebiscutella~laxaglacialis,,473,wfo-1200118646,,subspecies,,,,,https://www.ipni.org/n/77380417-1,IPNI record: 77380417-1,Fl. Montiber. 92: 7 (2025)
urn:lsid:ipni.org:names:77380418-1,"V.R.Bueno, Gostel & G.Heiden",,,,,,75(1)-e70061: 17,,,,,,,,,,,,19/05/2026 12:06,19/05/2026 12:06,,,Asteraceae,Calea sect. Urticifoliae,Calea sect. Urticifoliae,Calea,,f,f,,,,urticifoliae,,,,,,,,,,,,,,,,,,,,,,,,,30005173-2,Taxon,urn:lsid:ipni.org:publications:812-2,2025,2025 [3 Nov 2025],[3 Nov 2025],"V.R.Bueno, Gostel & G.Heiden",sect.,Taxon 75(1)-e70061: 17. 2025 [3 Nov 2025] ,,doi:10.1002/tax.70061,,,8,,,,f,t,,,Calea urticifolia (Mill.) DC.,,,,G.Heiden@20014398-1@3@aut$Gostel@20017015-2@2@aut$V.R.Bueno@20042550-1@1@aut,,,tax. nov.,,1.1,f,caleaurticifoliae,asteraceaecaleaurticifoliae~~,,474,wfo-1000090460,,section,,,,,https://www.ipni.org/n/77380418-1,IPNI record: 77380418-1,Taxon 75(1)-e70061: 17 (2025)
urn:lsid:ipni.org:names:77380419-1,"V.R.Bueno, Gostel & G.Heiden",,,,,,75(1)-e70061: 17,,,,,,,,,,,,19/05/2026 12:07,19/05/2026 12:07,,,Asteraceae,Calea subgen. Monocephalae,Calea subgen. Monocephalae,Calea,,f,f,,,,monocephalae,,,,,,,,,,,,,,,,,,,,,,,,,30005173-2,Taxon,urn:lsid:ipni.org:publications:812-2,2025,2025 [3 Nov 2025],[3 Nov 2025],"V.R.Bueno, Gostel & G.Heiden",subgen.,Taxon 75(1)-e70061: 17. 2025 [3 Nov 2025] ,,doi:10.1002/tax.70061,,,8,,,,f,t,,,Calea monocephala Dusén,,,,V.R.Bueno@20042550-1@1@aut$Gostel@20017015-2@2@aut$G.Heiden@20014398-1@3@aut,,,tax. nov.,,1.1,f,caleamonocephalae,asteraceaecaleamonocephalae~~,,475,wfo-1000090461,,subgenus,,,,,https://www.ipni.org/n/77380419-1,IPNI record: 77380419-1,Taxon 75(1)-e70061: 17 (2025)
urn:lsid:ipni.org:names:77380420-1,"V.R.Bueno, Gostel & G.Heiden",,,,,,75(1)-e70061: 17,,,,,,,,,,,,19/05/2026 12:08,19/05/2026 12:08,,,Asteraceae,Calea sect. Monocephalae,Calea sect. Monocephalae,Calea,,f,f,,,,monocephalae,,,,,,,,,,,,,,,,,,,,,,,,,30005173-2,Taxon,urn:lsid:ipni.org:publications:812-2,2025,2025 [3 Nov 2025],[3 Nov 2025],"V.R.Bueno, Gostel & G.Heiden",sect.,Taxon 75(1)-e70061: 17. 2025 [3 Nov 2025] ,,doi:10.1002/tax.70061,,,8,,,,f,t,,,Calea monocephala Dusén,,,,V.R.Bueno@20042550-1@1@aut$Gostel@20017015-2@2@aut$G.Heiden@20014398-1@3@aut,,,tax. nov.,,1.1,f,caleamonocephalae,asteraceaecaleamonocephalae~~,,476,wfo-1000090646,,section,,,,,https://www.ipni.org/n/77380420-1,IPNI record: 77380420-1,Taxon 75(1)-e70061: 17 (2025)
urn:lsid:ipni.org:names:77380421-1,"V.R.Bueno, Gostel & G.Heiden",,,,,,75(1)-e70061: 18,,,,,,,,,,,,19/05/2026 12:10,19/05/2026 13:22,,,Asteraceae,Calea sect. Abbreviatae,Calea sect. Abbreviatae,Calea,,f,f,,,,abbreviatae,,,,,,,,,,,,,,,,,,,,,,,,,30005173-2,Taxon,urn:lsid:ipni.org:publications:812-2,2025,2025 [3 Nov 2025],[3 Nov 2025],"V.R.Bueno, Gostel & G.Heiden",sect.,Taxon 75(1)-e70061: 18. 2025 [3 Nov 2025] ,,doi:10.1002/tax.70061,,,8,,,,f,t,,,Calea abbreviata Pruski & Urbatsch.,,,,G.Heiden@20014398-1@3@aut$V.R.Bueno@20042550-1@1@aut$Gostel@20017015-2@2@aut,,,tax. nov.,,1.2,f,caleaabbreviatae,asteraceaecaleaabbreviatae~~,,477,wfo-1000090462,,section,,,,,https://www.ipni.org/n/77380421-1,IPNI record: 77380421-1,Taxon 75(1)-e70061: 18 (2025)
urn:lsid:ipni.org:names:77380422-1,Marcusso & E.F.Guim.,,,,,,756(2): 273,,18,,5,,324,2018,,K.S.Gonçalves et al.,,,19/05/2026 12:16,19/05/2026 12:16,"Rondônia (Brazil North, Brazil, Southern America)",,Piperaceae,Piper cunianense,Piper cunianense,Piper,,f,f,,,,,,,,,,,"Porto Velho, sítio do senhor Lula, próximo Esec Cuniã",,,,,,,,,,,,,,,,,,326982-2,Phytotaxa,urn:lsid:ipni.org:publications:20011462-1,2026,2026 [15 May 2026],[15 May 2026],Marcusso & E.F.Guim.,spec.,Phytotaxa 756(2): 273. 2026 [15 May 2026] ,,doi:10.11646/phytotaxa.756.3.6  Etymology: the specific epithet refers to the type locality.,,,11,cunianense,,,f,t,,holotype RON;isotype RB RB01585516,,,,,Marcusso@20045137-1@1@aut$E.F.Guim.@3468-1@2@aut,,,tax. nov.,,1.1,f,piper~cunianense,piperaceaepiper~cunianense~,,478,wfo-1000090463,,species,,,,,https://www.ipni.org/n/77380422-1,IPNI record: 77380422-1,Phytotaxa 756(2): 273 (2026)
urn:lsid:ipni.org:names:77380423-1,Benth. & Hook.f.,,,,,,2(1): 390,,,,,,,,,,,,19/05/2026 12:18,19/05/2026 12:18,,,Asteraceae,Calea sect. Lemmatium,Calea sect. Lemmatium,Calea,,f,f,,,,lemmatium,,,,,,,,,,,,,,,,,,,,,,,,,30005173-2,Gen. Pl. [Bentham & Hooker f.],urn:lsid:ipni.org:publications:1324-2,1873,1873 [7-9 Apr 1873],[7-9 Apr 1873],Benth. & Hook.f.,sect.,Gen. Pl. [Bentham & Hooker f.] 2(1): 390. 1873 [7-9 Apr 1873] ,,,,,8,,,,f,t,,,,,,,Hook.f.@4084-1@2@aut$Benth.@15956-1@1@aut,,,tax. nov.,,1.1,f,calealemmatium,asteraceaecalealemmatium~~,,479,wfo-1000044069,,section,,,,,https://www.ipni.org/n/77380423-1,IPNI record: 77380423-1,Gen. Pl. [Bentham & Hooker f.] 2(1): 390 (1873)
urn:lsid:ipni.org:names:77380424-1,"(Benth. & Hook.f.) V.R.Bueno, Gostel & G.Heiden",Asteraceae Calea sect. Lemmatium Benth. & Hook.f.,(Benth. & Hook.f.),77380423-1,,,75(1)-e70061: 18,,,,,,,,,,,,19/05/2026 12:22,19/05/2026 12:22,,,Asteraceae,Calea subgen. Lemmatium,Calea subgen. Lemmatium,Calea,,f,f,,,,lemmatium,,,,,,,,,,,,,,,,,,,,,,,,,30005173-2,Taxon,urn:lsid:ipni.org:publications:812-2,2025,2025 [3 Nov 2025],[3 Nov 2025],"V.R.Bueno, Gostel & G.Heiden",subgen.,Taxon 75(1)-e70061: 18. 2025 [3 Nov 2025] ,,doi:10.1002/tax.70061,,,11,,,,f,t,,,,,,,V.R.Bueno@20042550-1@1@aut$G.Heiden@20014398-1@3@aut$Benth.@15956-1@4@bas$Gostel@20017015-2@2@aut$Hook.f.@4084-1@5@bas,,,stat. nov.,,1.1,f,calealemmatium,asteraceaecalealemmatium~~,,480,wfo-1200118647,,subgenus,,,,,https://www.ipni.org/n/77380424-1,IPNI record: 77380424-1,Taxon 75(1)-e70061: 18 (2025)
urn:lsid:ipni.org:names:77380425-1,"V.R.Bueno, Gostel & G.Heiden",,,,,,75(1)-e70061: 19,,,,,,,,,,,,19/05/2026 12:25,19/05/2026 12:25,,,Asteraceae,Calea sect. Pinnatifidae,Calea sect. Pinnatifidae,Calea,,f,f,,,,pinnatifidae,,,,,,,,,,,,,,,,,,,,,,,,,30005173-2,Taxon,urn:lsid:ipni.org:publications:812-2,2025,2025 [3 Nov 2025],[3 Nov 2025],"V.R.Bueno, Gostel & G.Heiden",sect.,Taxon 75(1)-e70061: 19. 2025 [3 Nov 2025] ,,doi:10.1002/tax.70061,,,8,,,,f,t,,,Calea pinnatifida (R.Br.) Less.,,,,Gostel@20017015-2@2@aut$G.Heiden@20014398-1@3@aut$V.R.Bueno@20042550-1@1@aut,,,tax. nov.,,1.1,f,caleapinnatifidae,asteraceaecaleapinnatifidae~~,,481,wfo-1000090464,,section,,,,,https://www.ipni.org/n/77380425-1,IPNI record: 77380425-1,Taxon 75(1)-e70061: 19 (2025)
urn:lsid:ipni.org:names:77380426-1,"V.R.Bueno, Gostel & G.Heiden",,,,,,75(1)-e70061: 20,,,,,,,,,,,,19/05/2026 12:28,19/05/2026 12:28,,,Asteraceae,Calea ser. Kristinianae,Calea ser. Kristinianae,Calea,,f,f,,,,kristinianae,,,,,,,,,,,,,,,,,,,,,,,,,30005173-2,Taxon,urn:lsid:ipni.org:publications:812-2,2025,2025 [3 Nov 2025],[3 Nov 2025],"V.R.Bueno, Gostel & G.Heiden",ser.,Taxon 75(1)-e70061: 20. 2025 [3 Nov 2025] ,,doi:10.1002/tax.70061,,,8,,,,f,t,,,Calea kristiniae Pruski,,,,Gostel@20017015-2@2@aut$V.R.Bueno@20042550-1@1@aut$G.Heiden@20014398-1@3@aut,,,tax. nov.,,1.1,f,caleakristinianae,asteraceaecaleakristinianae~~,,482,wfo-1000090465,,series,,,,,https://www.ipni.org/n/77380426-1,IPNI record: 77380426-1,Taxon 75(1)-e70061: 20 (2025)
urn:lsid:ipni.org:names:77380427-1,(Samp. ex Guinea) Mateo,Brassicaceae Biscutella macrocarpa Samp. ex Guinea,(Samp. ex Guinea),279060-1,,,92: 7,,,,,,,,,,,,19/05/2026 12:31,22/05/2026 10:12,,,Brassicaceae,Biscutella lusitanica subsp. macrocarpa,Biscutella lusitanica subsp. macrocarpa,Biscutella,,f,f,,,,,macrocarpa,,,,,,,,,,nom. inval.    Basionym not validly published; not valid under Art. 41.8(d) (ICN 2025) as type not indicated,,nom. inval.,,,,,,,,,,,,279056-1,Fl. Montiber.,urn:lsid:ipni.org:publications:20000001-1,2025,2025 [Aug 2025],[Aug 2025],Mateo,subsp.,Fl. Montiber. 92: 7. 2025 [Aug 2025] ,,There is a reference to a Latin description at Anales Inst. Bot. Cavanilles 21: 400 (1963) but name is not validly published under Art. 41.8(d) (ICN 2025) as type is not indicated,,,12,lusitanica,Jord.,,f,t,,,,,,,Guinea@3472-1@3@basEx$Samp.@8866-1@2@bas$Mateo@23021-1@1@aut,Jord.@4550-1@1@aut,,comb. et stat. nov.,,1.2,f,biscutella~lusitanicamacrocarpa,brassicaceaebiscutella~lusitanicamacrocarpa,,483,wfo-1200118648,,subspecies,,,,,https://www.ipni.org/n/77380427-1,IPNI record: 77380427-1,Fl. Montiber. 92: 7 (2025)
urn:lsid:ipni.org:names:77380428-1,"V.R.Bueno, Gostel & G.Heiden",,,,,,75(1)-e70061: 20,,,,,,,,,,,,19/05/2026 12:32,19/05/2026 12:32,,,Asteraceae,Calea subgen. Oliverianae,Calea subgen. Oliverianae,Calea,,f,f,,,,oliverianae,,,,,,,,,,,,,,,,,,,,,,,,,30005173-2,Taxon,urn:lsid:ipni.org:publications:812-2,2025,2025 [3 Nov 2025],[3 Nov 2025],"V.R.Bueno, Gostel & G.Heiden",subgen.,Taxon 75(1)-e70061: 20. 2025 [3 Nov 2025] ,,doi:10.1002/tax.70061,,,8,,,,f,t,,,Calea oliveri B.L.Rob. & Greenm.,,,,G.Heiden@20014398-1@3@aut$Gostel@20017015-2@2@aut$V.R.Bueno@20042550-1@1@aut,,,tax. nov.,,1.1,f,caleaoliverianae,asteraceaecaleaoliverianae~~,,484,wfo-1000090466,,subgenus,,,,,https://www.ipni.org/n/77380428-1,IPNI record: 77380428-1,Taxon 75(1)-e70061: 20 (2025)
urn:lsid:ipni.org:names:77380429-1,"V.R.Bueno, Gostel & G.Heiden",,,,,,75(1)-e70061: 20,,,,,,,,,,,,19/05/2026 12:34,19/05/2026 12:34,,,Asteraceae,Calea sect. Oliverianae,Calea sect. Oliverianae,Calea,,f,f,,,,oliverianae,,,,,,,,,,,,,,,,,,,,,,,,,30005173-2,Taxon,urn:lsid:ipni.org:publications:812-2,2025,2025 [3 Nov 2025],[3 Nov 2025],"V.R.Bueno, Gostel & G.Heiden",sect.,Taxon 75(1)-e70061: 20. 2025 [3 Nov 2025] ,,doi:10.1002/tax.70061,,,8,,,,f,t,,,Calea oliveri B.L.Rob. & Greenm.,,,,Gostel@20017015-2@2@aut$V.R.Bueno@20042550-1@1@aut$G.Heiden@20014398-1@3@aut,,,tax. nov.,,1.1,f,caleaoliverianae,asteraceaecaleaoliverianae~~,,485,wfo-1000090645,,section,,,,,https://www.ipni.org/n/77380429-1,IPNI record: 77380429-1,Taxon 75(1)-e70061: 20 (2025)
urn:lsid:ipni.org:names:77380430-1,"V.R.Bueno, Gostel & G.Heiden",,,,,,75(1)-e70061: 20,,,,,,,,,,,,19/05/2026 13:23,19/05/2026 13:23,,,Asteraceae,Calea sect. Nanae,Calea sect. Nanae,Calea,,f,f,,,,nanae,,,,,,,,,,,,,,,,,,,,,,,,,30005173-2,Taxon,urn:lsid:ipni.org:publications:812-2,2025,2025 [3 Nov 2025],[3 Nov 2025],"V.R.Bueno, Gostel & G.Heiden",sect.,Taxon 75(1)-e70061: 20. 2025 [3 Nov 2025] ,,doi:10.1002/tax.70061,,,8,,,,f,t,,,Calea nana Maguire,,,,G.Heiden@20014398-1@3@aut$Gostel@20017015-2@2@aut$V.R.Bueno@20042550-1@1@aut,,,tax. nov.,,1.1,f,caleananae,asteraceaecaleananae~~,,486,wfo-1000090467,,section,,,,,https://www.ipni.org/n/77380430-1,IPNI record: 77380430-1,Taxon 75(1)-e70061: 20 (2025)
urn:lsid:ipni.org:names:77380431-1,"V.R.Bueno, Gostel & G.Heiden",,,,,,75(1)-e70061: 21,,,,,,,,,,,,19/05/2026 13:25,19/05/2026 13:25,,,Asteraceae,Calea ser. Nanae,Calea ser. Nanae,Calea,,f,f,,,,nanae,,,,,,,,,,,,,,,,,,,,,,,,,30005173-2,Taxon,urn:lsid:ipni.org:publications:812-2,2025,2025 [3 Nov 2025],[3 Nov 2025],"V.R.Bueno, Gostel & G.Heiden",ser.,Taxon 75(1)-e70061: 21. 2025 [3 Nov 2025] ,,doi:10.1002/tax.70061,,,8,,,,f,t,,,Calea nana Maguire,,,,V.R.Bueno@20042550-1@1@aut$G.Heiden@20014398-1@3@aut$Gostel@20017015-2@2@aut,,,tax. nov.,,1.1,f,caleananae,asteraceaecaleananae~~,,487,wfo-1000090644,,series,,,,,https://www.ipni.org/n/77380431-1,IPNI record: 77380431-1,Taxon 75(1)-e70061: 21 (2025)
urn:lsid:ipni.org:names:77380432-1,"V.R.Bueno, Gostel & G.Heiden",,,,,,75(1)-e70061: 21,,,,,,,,,,,,19/05/2026 13:26,19/05/2026 13:26,,,Asteraceae,Calea ser. Linearifoliae,Calea ser. Linearifoliae,Calea,,f,f,,,,linearifoliae,,,,,,,,,,,,,,,,,,,,,,,,,30005173-2,Taxon,urn:lsid:ipni.org:publications:812-2,2025,2025 [3 Nov 2025],[3 Nov 2025],"V.R.Bueno, Gostel & G.Heiden",ser.,Taxon 75(1)-e70061: 21. 2025 [3 Nov 2025] ,,doi:10.1002/tax.70061,,,8,,,,f,t,,,Calea linearifolia Maguire & Wurdack,,,,V.R.Bueno@20042550-1@1@aut$Gostel@20017015-2@2@aut$G.Heiden@20014398-1@3@aut,,,tax. nov.,,1.1,f,calealinearifoliae,asteraceaecalealinearifoliae~~,,488,wfo-1000090468,,series,,,,,https://www.ipni.org/n/77380432-1,IPNI record: 77380432-1,Taxon 75(1)-e70061: 21 (2025)
urn:lsid:ipni.org:names:77380433-1,"V.R.Bueno, Gostel & G.Heiden",,,,,,75(1)-e70061: 21,,,,,,,,,,,,19/05/2026 13:27,19/05/2026 13:27,,,Asteraceae,Calea subgen. Coronopifoliae,Calea subgen. Coronopifoliae,Calea,,f,f,,,,coronopifoliae,,,,,,,,,,,,,,,,,,,,,,,,,30005173-2,Taxon,urn:lsid:ipni.org:publications:812-2,2025,2025 [3 Nov 2025],[3 Nov 2025],"V.R.Bueno, Gostel & G.Heiden",subgen.,Taxon 75(1)-e70061: 21. 2025 [3 Nov 2025] ,,doi:10.1002/tax.70061,,,8,,,,f,t,,,Calea coronopifolia Sch.Bip. ex Krasch.,,,,Gostel@20017015-2@2@aut$V.R.Bueno@20042550-1@1@aut$G.Heiden@20014398-1@3@aut,,,tax. nov.,,1.1,f,caleacoronopifoliae,asteraceaecaleacoronopifoliae~~,,489,wfo-1000090469,,subgenus,,,,,https://www.ipni.org/n/77380433-1,IPNI record: 77380433-1,Taxon 75(1)-e70061: 21 (2025)
urn:lsid:ipni.org:names:77380434-1,"V.R.Bueno, Gostel & G.Heiden",,,,,,75(1)-e70061: 21,,,,,,,,,,,,19/05/2026 13:28,19/05/2026 13:28,,,Asteraceae,Calea subgen. Nervosae,Calea subgen. Nervosae,Calea,,f,f,,,,nervosae,,,,,,,,,,,,,,,,,,,,,,,,,30005173-2,Taxon,urn:lsid:ipni.org:publications:812-2,2025,2025 [3 Nov 2025],[3 Nov 2025],"V.R.Bueno, Gostel & G.Heiden",subgen.,Taxon 75(1)-e70061: 21. 2025 [3 Nov 2025] ,,doi:10.1002/tax.70061,,,8,,,,f,t,,,Calea nervosa G.M.Barroso,,,,Gostel@20017015-2@2@aut$V.R.Bueno@20042550-1@1@aut$G.Heiden@20014398-1@3@aut,,,tax. nov.,,1.1,f,caleanervosae,asteraceaecaleanervosae~~,,490,wfo-1000090470,,subgenus,,,,,https://www.ipni.org/n/77380434-1,IPNI record: 77380434-1,Taxon 75(1)-e70061: 21 (2025)
urn:lsid:ipni.org:names:77380435-1,"(V.R.Bueno, Gostel & G.Heiden) V.R.Bueno, Gostel & G.Heiden","Asteraceae Calea ser. Candolleanae V.R.Bueno, Gostel & G.Heiden","(V.R.Bueno, Gostel & G.Heiden)",77345676-1,,,75(1)-e70061: 23,,,,,,,,,,,,19/05/2026 13:31,19/05/2026 13:31,,,Asteraceae,Calea sect. Candolleanae,Calea sect. Candolleanae,Calea,,f,f,,,,candolleanae,,,,,,,,,,,,,,,,,,,,,,,,,30005173-2,Taxon,urn:lsid:ipni.org:publications:812-2,2025,2025 [3 Nov 2025],[3 Nov 2025],"V.R.Bueno, Gostel & G.Heiden",sect.,Taxon 75(1)-e70061: 23. 2025 [3 Nov 2025] ,,doi:10.1002/tax.70061,,,11,,,,f,t,,,,,,,G.Heiden@20014398-1@3@aut$Gostel@20017015-2@5@bas$V.R.Bueno@20042550-1@1@aut$Gostel@20017015-2@2@aut$G.Heiden@20014398-1@6@bas$V.R.Bueno@20042550-1@4@bas,,,stat. nov.,,1.1,f,caleacandolleanae,asteraceaecaleacandolleanae~~,,491,wfo-1200118649,,section,,,,,https://www.ipni.org/n/77380435-1,IPNI record: 77380435-1,Taxon 75(1)-e70061: 23 (2025)
urn:lsid:ipni.org:names:77380436-1,"V.R.Bueno, Gostel & G.Heiden",,,,,,75(1)-e70061: 23,,,,,,,,,,,,19/05/2026 13:32,19/05/2026 13:32,,,Asteraceae,Calea ser. Caleoides,Calea ser. Caleoides,Calea,,f,f,,,,caleoides,,,,,,,,,,,,,,,,,,,,,,,,,30005173-2,Taxon,urn:lsid:ipni.org:publications:812-2,2025,2025 [3 Nov 2025],[3 Nov 2025],"V.R.Bueno, Gostel & G.Heiden",ser.,Taxon 75(1)-e70061: 23. 2025 [3 Nov 2025] ,,doi:10.1002/tax.70061,,,8,,,,f,t,,,Calea caleoides (DC.) H.Rob.,,,,G.Heiden@20014398-1@3@aut$V.R.Bueno@20042550-1@1@aut$Gostel@20017015-2@2@aut,,,tax. nov.,,1.1,f,caleacaleoides,asteraceaecaleacaleoides~~,,492,wfo-1200118650,,series,,,,,https://www.ipni.org/n/77380436-1,IPNI record: 77380436-1,Taxon 75(1)-e70061: 23 (2025)
urn:lsid:ipni.org:names:77380437-1,"V.R.Bueno, Gostel & G.Heiden",,,,,,75(1)-e70061: 24,,,,,,,,,,,,19/05/2026 13:34,19/05/2026 13:34,,,Asteraceae,Calea sect. Multiplinerviae,Calea sect. Multiplinerviae,Calea,,f,f,,,,multiplinerviae,,,,,,,,,,,,,,,,,,,,,,,,,30005173-2,Taxon,urn:lsid:ipni.org:publications:812-2,2025,2025 [3 Nov 2025],[3 Nov 2025],"V.R.Bueno, Gostel & G.Heiden",sect.,Taxon 75(1)-e70061: 24. 2025 [3 Nov 2025] ,,doi:10.1002/tax.70061,,,8,,,,f,t,,,Calea multiplinervia Less.,,,,Gostel@20017015-2@2@aut$G.Heiden@20014398-1@3@aut$V.R.Bueno@20042550-1@1@aut,,,tax. nov.,,1.1,f,caleamultiplinerviae,asteraceaecaleamultiplinerviae~~,,493,wfo-1000090471,,section,,,,,https://www.ipni.org/n/77380437-1,IPNI record: 77380437-1,Taxon 75(1)-e70061: 24 (2025)
urn:lsid:ipni.org:names:77380438-1,"V.R.Bueno, Gostel & G.Heiden",,,,,,75(1)-e70061: 24,,,,,,,,,,,,19/05/2026 13:38,19/05/2026 13:38,,,Asteraceae,Calea ser. Phelpsianae,Calea ser. Phelpsianae,Calea,,f,f,,,,phelpsianae,,,,,,,,,,,,,,,,,,,,,,,,,30005173-2,Taxon,urn:lsid:ipni.org:publications:812-2,2025,2025 [3 Nov 2025],[3 Nov 2025],"V.R.Bueno, Gostel & G.Heiden",ser.,Taxon 75(1)-e70061: 24. 2025 [3 Nov 2025] ,,doi:10.1002/tax.70061,,,8,,,,f,t,,,Calea phelpsiae Lasser & Maguire,,,,V.R.Bueno@20042550-1@1@aut$G.Heiden@20014398-1@3@aut$Gostel@20017015-2@2@aut,,,tax. nov.,,1.1,f,caleaphelpsianae,asteraceaecaleaphelpsianae~~,,494,wfo-1000090472,,series,,,,,https://www.ipni.org/n/77380438-1,IPNI record: 77380438-1,Taxon 75(1)-e70061: 24 (2025)
urn:lsid:ipni.org:names:77380439-1,(O.Bolòs & Masclans) Mateo,Brassicaceae Biscutella laevigata L. var. calduchii O.Bolòs & Masclans,(O.Bolòs & Masclans),879011-1,,,92: 8,,,,,,,,,,,,19/05/2026 13:38,19/05/2026 13:38,,,Brassicaceae,Biscutella mediterranea subsp. calduchii,Biscutella mediterranea subsp. calduchii,Biscutella,,f,f,,,,,calduchii,,,,,,,,,,,,,,,,,,,,,,,,279067-1,Fl. Montiber.,urn:lsid:ipni.org:publications:20000001-1,2025,2025 [Aug 2025],[Aug 2025],Mateo,subsp.,Fl. Montiber. 92: 8. 2025 [Aug 2025] ,,,,,11,mediterranea,Jord.,,f,t,,,,,,,Masclans@6187-1@3@bas$O.Bolòs@933-1@2@bas$Mateo@23021-1@1@aut,Jord.@4550-1@1@aut,,comb. et stat. nov.,,1.1,f,biscutella~mediterraneacalduchii,brassicaceaebiscutella~mediterraneacalduchii,,495,wfo-1200118599,,subspecies,,,,,https://www.ipni.org/n/77380439-1,IPNI record: 77380439-1,Fl. Montiber. 92: 8 (2025)
urn:lsid:ipni.org:names:77380440-1,"V.R.Bueno, Gostel & G.Heiden",,,,,,75(1)-e70061: 24,,,,,,,,,,,,19/05/2026 13:39,19/05/2026 13:39,,,Asteraceae,Calea sect. Anomalae,Calea sect. Anomalae,Calea,,f,f,,,,anomalae,,,,,,,,,,,,,,,,,,,,,,,,,30005173-2,Taxon,urn:lsid:ipni.org:publications:812-2,2025,2025 [3 Nov 2025],[3 Nov 2025],"V.R.Bueno, Gostel & G.Heiden",sect.,Taxon 75(1)-e70061: 24. 2025 [3 Nov 2025] ,,doi:10.1002/tax.70061,,,8,,,,f,t,,,Calea anomala Hassl.,,,,G.Heiden@20014398-1@3@aut$V.R.Bueno@20042550-1@1@aut$Gostel@20017015-2@2@aut,,,tax. nov.,,1.1,f,caleaanomalae,asteraceaecaleaanomalae~~,,496,wfo-1000090473,,section,,,,,https://www.ipni.org/n/77380440-1,IPNI record: 77380440-1,Taxon 75(1)-e70061: 24 (2025)
urn:lsid:ipni.org:names:77380441-1,Mateo,,,,,,92: 10,,17,,4,,,1921,,E.Gros,,,19/05/2026 13:45,19/05/2026 13:54,"Spain (Spain, Southwestern Europe, Europe)",,Brassicaceae,Biscutella × almeriensis,Biscutella × almeriensis,Biscutella,,t,f,"279135-1,279045-1",(Biscutella variegata Boiss. & Reut. × Biscutella laxa Boiss. & Reut.),,,,,,,,,"Almería, barranco del Caballar",,,,,,,,,,,,,,,,,,30091868-2,Fl. Montiber.,urn:lsid:ipni.org:publications:20000001-1,2025,2025 [Aug 2025],[Aug 2025],Mateo,spec.,Fl. Montiber. 92: 10. 2025 [Aug 2025] ,,,,,10,almeriensis,,,f,t,,holotype MA 44376,,,,,Mateo@23021-1@1@aut,,,tax. nov.,,1.2,f,biscutella~almeriensis,brassicaceaebiscutella~almeriensis~,,497,wfo-1000090474,,species,,,,,https://www.ipni.org/n/77380441-1,IPNI record: 77380441-1,Fl. Montiber. 92: 10 (2025)
urn:lsid:ipni.org:names:77380442-1,(O.Bolòs & Masclans) Mateo,Brassicaceae Biscutella laevigata L. var. cardonica O.Bolòs & Masclans,(O.Bolòs & Masclans),879012-1,,,92: 11,,,,,,,,,,,,19/05/2026 13:49,19/05/2026 13:49,,,Brassicaceae,Biscutella × cardonica,Biscutella × cardonica,Biscutella,,t,f,"279067-1,279018-1",(Biscutella mediterranea Jord. × Biscutella fontqueri Guinea & Heywood),,,,,,,,,,,,,,,,,,,,,,,,,,,30091868-2,Fl. Montiber.,urn:lsid:ipni.org:publications:20000001-1,2025,2025 [Aug 2025],[Aug 2025],Mateo,spec.,Fl. Montiber. 92: 11. 2025 [Aug 2025] ,,,,,11,cardonica,,,f,t,,,,,,,Mateo@23021-1@1@aut$O.Bolòs@933-1@2@bas$Masclans@6187-1@3@bas,,,comb. et stat. nov.,,1.1,f,biscutella~cardonica,brassicaceaebiscutella~cardonica~,,498,wfo-1000090475,,species,,,,,https://www.ipni.org/n/77380442-1,IPNI record: 77380442-1,Fl. Montiber. 92: 11 (2025)
urn:lsid:ipni.org:names:77380443-1,Mateo,,,,,,92: 10,,,,,,978/82,,,J.A.Alejandre,,,19/05/2026 13:56,19/05/2026 13:56,"Spain (Spain, Southwestern Europe, Europe)",,Brassicaceae,Biscutella × altoiberica,Biscutella × altoiberica,Biscutella,,t,f,"278969-1,278996-1",(Biscutella asperifolia Sennen & Pau × Biscutella coronopifolia L.),,,,,,,,,"Álava: Labastida, Conchas de Haro, 600 m",,,,nom. inval.    Contrary to Art. 39.2. ICN (2025). No Latin or English description.,,nom. inval.,,,,,,,,,,,,30091868-2,Fl. Montiber.,urn:lsid:ipni.org:publications:20000001-1,2025,2025 [Aug 2025],[Aug 2025],Mateo,spec.,Fl. Montiber. 92: 10. 2025 [Aug 2025] ,,,,,12,altoiberica,,,f,t,,holotype MA 301899,,,,,Mateo@23021-1@1@aut,,,tax. nov.,,1.1,f,biscutella~altoiberica,brassicaceaebiscutella~altoiberica~,,499,wfo-1000090476,,species,,,,,https://www.ipni.org/n/77380443-1,IPNI record: 77380443-1,Fl. Montiber. 92: 10 (2025)
urn:lsid:ipni.org:names:77380444-1,"P.P.Ferrer, V.Espinosa, A.Núñez, R.Roselló & E.Laguna",,,,,,92: 30,,9,,10,,,2024,,"E.Laguna, V.Espinosa &amp; A.Núñez",,,19/05/2026 14:17,19/05/2026 14:17,"Spain (Spain, Southwestern Europe, Europe)",W,Lamiaceae,Clinopodium × horti-arasianum,Clinopodium × horti-arasianum,Clinopodium,,t,f,"77161490-1,445833-1",(Clinopodium marifolium (Cav.) Melnikov × Clinopodium nepeta (L.) Kuntze),,,,,,39,55,19,"VALENCIA: Aras de los Olmos, Jardín Etnobotánico de Aras de los Olmos, 950 m",1,8,10,,,,,,N,,,,,,,,,30008690-2,Fl. Montiber.,urn:lsid:ipni.org:publications:20000001-1,2025,2025 [Aug 2025],[Aug 2025],"P.P.Ferrer, V.Espinosa, A.Núñez, R.Roselló & E.Laguna",spec.,Fl. Montiber. 92: 30. 2025 [Aug 2025] ,,Etymology: From the 'Jardín Etnobotánico de Aras de los Olmos'.,,,10,horti-arasianum,,,f,t,,holotype VAL 257167;isotype VAL 257166,,,,,A.Núñez@20098790-1@3@aut$R.Roselló@36116-1@4@aut$P.P.Ferrer@20008764-2@1@aut$E.Laguna@37648-1@5@aut$V.Espinosa@20098789-1@2@aut,,,tax. nov.,,1.1,f,clinopodium~horti-arasianum,lamiaceaeclinopodium~horti-arasianum~,,500,wfo-1000090477,,species,,,,,https://www.ipni.org/n/77380444-1,IPNI record: 77380444-1,Fl. Montiber. 92: 30 (2025)
urn:lsid:ipni.org:names:77380445-1,"Palombo, P.Gonzáles & Barboza",,,,,,75(2)-e70121: 14,,23,,3,,4092,2012,,T.Särkinen &amp; al.,,,19/05/2026 14:30,19/05/2026 14:30,"Peru (Western South America, Southern America)",W,Solanaceae,Exodeconus minutiflorus,Exodeconus minutiflorus,Exodeconus,,f,f,,,,,,,,16,55,4,"Moquegua: Mariscal Nieto, Torata-Omate, 44.5 km along a dirt road from Yacanco (turn off from Moquegua–Puno highway at km 26) on way to Omate, 2610 m",70,53,51,,,,,,S,,,,,,,,,38367-1,Taxon,urn:lsid:ipni.org:publications:812-2,2026,2026 [30 Mar 2026],[30 Mar 2026],"Palombo, P.Gonzáles & Barboza",spec.,Taxon 75(2)-e70121: 14. 2026 [30 Mar 2026] ,,"doi:10.1002/tax.70121 Etymology: the specific epithet refers to the small flowers, the smallest in the genus.",,,11,minutiflorus,,,f,t,,holotype USM 00260876;isotype bm BM001114849,,,,,Palombo@20098791-1@1@aut$P.Gonzáles@20024457-1@2@aut$Barboza@35731-1@3@aut,,,tax. nov.,,1.1,f,exodeconus~minutiflorus,solanaceaeexodeconus~minutiflorus~,,501,wfo-1000090478,,species,,,,,https://www.ipni.org/n/77380445-1,IPNI record: 77380445-1,Taxon 75(2)-e70121: 14 (2026)
urn:lsid:ipni.org:names:77380446-1,(A.Santos & J.Herb.) P.P.Ferrer,Myricaceae Morella rivas-martinezii A.Santos & J.Herb.,(A.Santos & J.Herb.),60439345-2,,,92: 89,,,,,,,,,,,,19/05/2026 14:38,19/05/2026 14:43,,,Myricaceae,Myrica rivas-martinezii,Myrica rivas-martinezii,Myrica,,f,f,,,,,,,,,,,,,,,,,,,,,,,,,,,,,30023028-2,Fl. Montiber.,urn:lsid:ipni.org:publications:20000001-1,2025,2025 [Aug 2025],[Aug 2025],P.P.Ferrer,spec.,Fl. Montiber. 92: 89. 2025 [Aug 2025] ,,,,,11,rivas-martinezii,,,f,t,,,,,,,A.Santos@13225-1@2@bas$J.Herb.@20001816-1@3@bas$P.P.Ferrer@20008764-2@1@aut,,,comb. nov.,,1.2,f,myrica~rivas-martinezii,myricaceaemyrica~rivas-martinezii~,,502,wfo-1200118651,,species,,,,,https://www.ipni.org/n/77380446-1,IPNI record: 77380446-1,Fl. Montiber. 92: 89 (2025)
urn:lsid:ipni.org:names:77380447-1,(Hand.-Mazz.) Bo Li & C.L.Xiang,Lamiaceae Elsholtzia cephalantha Hand.-Mazz.,(Hand.-Mazz.),446626-1,,,75(2)-e70066: 12,,,,,,,,,,,,19/05/2026 14:56,19/05/2026 14:56,,,Lamiaceae,Paulseniella cephalantha,Paulseniella cephalantha,Paulseniella,,f,f,,,,,,,,,,,,,,,,,,,,,,,,,,,,,21099-1,Taxon,urn:lsid:ipni.org:publications:812-2,2025,2025 [30 Oct 2025],[30 Oct 2025],Bo Li & C.L.Xiang,spec.,Taxon 75(2)-e70066: 12. 2025 [30 Oct 2025] ,,doi:10.1002/tax.70066,,,11,cephalantha,,,f,t,,,,,,,Hand.-Mazz.@3612-1@3@bas$Bo Li@20013337-1@1@aut$C.L.Xiang@20014537-1@2@aut,,,comb. nov.,,1.1,f,paulseniella~cephalantha,lamiaceaepaulseniella~cephalantha~,,503,wfo-1000090479,,species,,,,,https://www.ipni.org/n/77380447-1,IPNI record: 77380447-1,Taxon 75(2)-e70066: 12 (2025)
urn:lsid:ipni.org:names:77380448-1,(Benth.) Bo Li & C.L.Xiang,Lamiaceae Elsholtzia densa Benth.,(Benth.),446633-1,,,75(2)-e70066: 13,,,,,,,,,,,,19/05/2026 14:57,19/05/2026 14:57,,,Lamiaceae,Paulseniella densa,Paulseniella densa,Paulseniella,,f,f,,,,,,,,,,,,,,,,,,,,,,,,,,,,,21099-1,Taxon,urn:lsid:ipni.org:publications:812-2,2025,2025 [30 Oct 2025],[30 Oct 2025],Bo Li & C.L.Xiang,spec.,Taxon 75(2)-e70066: 13. 2025 [30 Oct 2025] ,,doi:10.1002/tax.70066,,,11,densa,,,f,t,,,,,,,Benth.@15956-1@3@bas$C.L.Xiang@20014537-1@2@aut$Bo Li@20013337-1@1@aut,,,comb. nov.,,1.1,f,paulseniella~densa,lamiaceaepaulseniella~densa~,,504,wfo-1000090480,,species,,,,,https://www.ipni.org/n/77380448-1,IPNI record: 77380448-1,Taxon 75(2)-e70066: 13 (2025)
urn:lsid:ipni.org:names:77380449-1,(Benth.) C.L.Xiang & Bo Li,Lamiaceae Aphanochilus eriostachyus Benth.,(Benth.),60473144-2,,,75(2)-e70066: 13,,,,,,,,,,,,19/05/2026 14:59,19/05/2026 14:59,,,Lamiaceae,Paulseniella eriostachya,Paulseniella eriostachya,Paulseniella,,f,f,,,,,,,,,,,,,,,,,,,,,,,,,,,,,21099-1,Taxon,urn:lsid:ipni.org:publications:812-2,2025,2025 [30 Oct 2025],[30 Oct 2025],C.L.Xiang & Bo Li,spec.,Taxon 75(2)-e70066: 13. 2025 [30 Oct 2025] ,,doi:10.1002/tax.70066,,,11,eriostachya,,,f,t,,,,,,,Benth.@15956-1@3@bas$Bo Li@20013337-1@2@aut$C.L.Xiang@20014537-1@1@aut,,,comb. nov.,,1.1,f,paulseniella~eriostachya,lamiaceaepaulseniella~eriostachya~,,505,wfo-1000090481,,species,,,,,https://www.ipni.org/n/77380449-1,IPNI record: 77380449-1,Taxon 75(2)-e70066: 13 (2025)
urn:lsid:ipni.org:names:77380450-1,(C.Y.Wu & H.W.Li) Bo Li & C.L.Xiang,Lamiaceae Keiskea australis C.Y.Wu & H.W.Li,(C.Y.Wu & H.W.Li),448631-1,,,75(2)-e70066: 13,,,,,,,,,,,,19/05/2026 15:01,19/05/2026 15:01,,,Lamiaceae,Perilla australis,Perilla australis,Perilla,,f,f,,,,,,,,,,,,,,,,,,,,,,,,,,,,,326475-2,Taxon,urn:lsid:ipni.org:publications:812-2,2025,2025 [30 Oct 2025],[30 Oct 2025],Bo Li & C.L.Xiang,spec.,Taxon 75(2)-e70066: 13. 2025 [30 Oct 2025] ,,doi:10.1002/tax.70066,,,11,australis,,,f,t,,,,,,,Bo Li@20013337-1@1@aut$C.L.Xiang@20014537-1@2@aut$H.W.Li@5553-1@4@bas$C.Y.Wu@11888-1@3@bas,,,comb. nov.,,1.1,f,perilla~australis,lamiaceaeperilla~australis~,,506,wfo-1000090482,,species,,,,,https://www.ipni.org/n/77380450-1,IPNI record: 77380450-1,Taxon 75(2)-e70066: 13 (2025)
urn:lsid:ipni.org:names:77380451-1,(Doan ex Suddee & A.J.Paton) Bo Li & C.L.Xiang,Lamiaceae Mosla bracteata Doan ex Suddee & A.J.Paton,(Doan ex Suddee & A.J.Paton),77075922-1,,,75(2)-e70066: 13,,,,,,,,,,,,19/05/2026 15:02,19/05/2026 15:02,,,Lamiaceae,Perilla bracteata,Perilla bracteata,Perilla,,f,f,,,,,,,,,,,,,,,,,,,,,,,,,,,,,326475-2,Taxon,urn:lsid:ipni.org:publications:812-2,2025,2025 [30 Oct 2025],[30 Oct 2025],Bo Li & C.L.Xiang,spec.,Taxon 75(2)-e70066: 13. 2025 [30 Oct 2025] ,,doi:10.1002/tax.70066,,,11,bracteata,,,f,t,,,,,,,A.J.Paton@14337-1@5@basEx$C.L.Xiang@20014537-1@2@aut$Suddee@20001453-1@4@basEx$Doan@2239-1@3@bas$Bo Li@20013337-1@1@aut,,,comb. nov.,,1.1,f,perilla~bracteata,lamiaceaeperilla~bracteata~,,507,wfo-1000090483,,species,,,,,https://www.ipni.org/n/77380451-1,IPNI record: 77380451-1,Taxon 75(2)-e70066: 13 (2025)
urn:lsid:ipni.org:names:77380452-1,"Ezquerra, Ferrández, Ant.González, M.Morillo, Urrutia & Villacampa",,,,,,92: 92,,25,,4,,,2025,,"V.Ezquerra, J.V.Ferrández, A.González, F.Morillo, P.Urrutia &amp; J.A.Villacampa",,,19/05/2026 15:03,19/05/2026 15:03,"Spain (Spain, Southwestern Europe, Europe)",,Amaryllidaceae,Narcissus × solae,Narcissus × solae,Narcissus,,t,f,"934132-1,65905-1",(Narcissus moleroi Fern.Casas × Narcissus assoanus Dufour),,,,,,,,,"Barcelona, 31TDG0363, Berga, 1482 m",,,,,,,,,,,,,,,,,,1558-1,Fl. Montiber.,urn:lsid:ipni.org:publications:20000001-1,2025,2025 [Aug 2025],[Aug 2025],"Ezquerra, Ferrández, Ant.González, M.Morillo, Urrutia & Villacampa",spec.,Fl. Montiber. 92: 92. 2025 [Aug 2025] ,,Etymology: For Marc Solà (host in Berga).,,,10,solae,,,f,t,,holotype SESTAO 26008,,,,,Urrutia@36231-1@5@aut$Ezquerra@20098792-1@1@aut$M.Morillo@20098793-1@4@aut$Villacampa@20098794-1@6@aut$Ant.González@20009962-1@3@aut$Ferrández@38162-1@2@aut,,,tax. nov.,,1.1,f,narcissus~solae,amaryllidaceaenarcissus~solae~,,508,wfo-1000090484,,species,,,,,https://www.ipni.org/n/77380452-1,IPNI record: 77380452-1,Fl. Montiber. 92: 92 (2025)
urn:lsid:ipni.org:names:77380453-1,(H.Lév.) Bo Li & C.L.Xiang,Lamiaceae Mosla cavaleriei H.Lév.,(H.Lév.),452190-1,,,75(2)-e70066: 13,,,,,,,,,,,,19/05/2026 15:12,19/05/2026 15:12,,,Lamiaceae,Perilla cavaleriei,Perilla cavaleriei,Perilla,,f,f,,,,,,,453727-1,,,,,,,,nom. illeg. later homonym,,nom. illeg.,,,,,,,,,,,,326475-2,Taxon,urn:lsid:ipni.org:publications:812-2,2025,2025 [30 Oct 2025],[30 Oct 2025],Bo Li & C.L.Xiang,spec.,Taxon 75(2)-e70066: 13. 2025 [30 Oct 2025] ,,doi:10.1002/tax.70066,,,13,cavaleriei,,,f,t,,,,,,,C.L.Xiang@20014537-1@2@aut$Bo Li@20013337-1@1@aut$H.Lév.@12648-1@3@bas,,,comb. nov.,,1.1,f,perilla~cavaleriei,lamiaceaeperilla~cavaleriei~,,509,wfo-1200118652,,species,,,,,https://www.ipni.org/n/77380453-1,IPNI record: 77380453-1,Taxon 75(2)-e70066: 13 (2025)
urn:lsid:ipni.org:names:77380454-1,"Patino, Urrutia & J.Valencia",,,,,,92: 101,,28,,5,,,2025,,"S.Patino, P.Urrutia &amp; J.Valencia",,,19/05/2026 15:15,19/05/2026 15:50,"Spain (Spain, Southwestern Europe, Europe)",,Amaryllidaceae,Narcissus × benasquensis,Narcissus × benasquensis,Narcissus,,t,f,"66116-1,66165-1",(Narcissus moschatus L. × Narcissus poeticus L.),,,,,,,,,"Huesca, 31TCH0015, Benasque, 1915 m",,,,,,,,,,,,,,,,,,1558-1,Fl. Montiber.,urn:lsid:ipni.org:publications:20000001-1,2025,2025 [Aug 2025],[Aug 2025],"Patino, Urrutia & J.Valencia",spec.,Fl. Montiber. 92: 101. 2025 [Aug 2025] ,,Etymology: For the Benasque Valley.,,,10,benasquensis,,,f,t,,holotype SESTAO 27843,,,,,J.Valencia@38364-1@3@aut$Patino@38365-1@1@aut$Urrutia@36231-1@2@aut,,,tax. nov.,,1.2,f,narcissus~benasquensis,amaryllidaceaenarcissus~benasquensis~,,510,wfo-1000090485,,species,,,,,https://www.ipni.org/n/77380454-1,IPNI record: 77380454-1,Fl. Montiber. 92: 101 (2025)
urn:lsid:ipni.org:names:77380455-1,"(K.K.Jeong, M.J.Nam & H.J.Choi) Bo Li & C.L.Xiang","Lamiaceae Mosla dadoensis K.K.Jeong, M.J.Nam & H.J.Choi","(K.K.Jeong, M.J.Nam & H.J.Choi)",77305495-1,,,75(2)-e70066: 13,,,,,,,,,,,,19/05/2026 15:25,19/05/2026 15:25,,,Lamiaceae,Perilla dadoensis,Perilla dadoensis,Perilla,,f,f,,,,,,,,,,,,,,,,,,,,,,,,,,,,,326475-2,Taxon,urn:lsid:ipni.org:publications:812-2,2025,2025 [30 Oct 2025],[30 Oct 2025],Bo Li & C.L.Xiang,spec.,Taxon 75(2)-e70066: 13. 2025 [30 Oct 2025] ,,doi:10.1002/tax.70066,,,11,dadoensis,,,f,t,,,,,,,H.J.Choi@40542-1@5@bas$M.J.Nam@20047348-1@4@bas$Bo Li@20013337-1@1@aut$C.L.Xiang@20014537-1@2@aut$K.K.Jeong@20053381-1@3@bas,,,comb. nov.,,1.1,f,perilla~dadoensis,lamiaceaeperilla~dadoensis~,,511,wfo-1000090486,,species,,,,,https://www.ipni.org/n/77380455-1,IPNI record: 77380455-1,Taxon 75(2)-e70066: 13 (2025)
urn:lsid:ipni.org:names:77380456-1,(Buch.-Ham. ex Roxb.) Bo Li & C.L.Xiang,Lamiaceae Lycopus dianthera Buch.-Ham. ex Roxb.,(Buch.-Ham. ex Roxb.),77339313-1,,,75(2)-e70066: 13,,,,,,,,,,,,19/05/2026 15:28,19/05/2026 15:28,,,Lamiaceae,Perilla dianthera,Perilla dianthera,Perilla,,f,f,,,,,,,,,,,,,,,,,,,,,,,,,,,,,326475-2,Taxon,urn:lsid:ipni.org:publications:812-2,2025,2025 [30 Oct 2025],[30 Oct 2025],Bo Li & C.L.Xiang,spec.,Taxon 75(2)-e70066: 13. 2025 [30 Oct 2025] ,,doi:10.1002/tax.70066,,,11,dianthera,,,f,t,,,,,,,Roxb.@8682-1@4@basEx$Buch.-Ham.@1242-1@3@bas$Bo Li@20013337-1@1@aut$C.L.Xiang@20014537-1@2@aut,,,comb. nov.,,1.1,f,perilla~dianthera,lamiaceaeperilla~dianthera~,,512,wfo-1000090487,,species,,,,,https://www.ipni.org/n/77380456-1,IPNI record: 77380456-1,Taxon 75(2)-e70066: 13 (2025)
urn:lsid:ipni.org:names:77380457-1,(Merr.) Bo Li & C.L.Xiang,Lamiaceae Keiskea elsholtzioides Merr.,(Merr.),448632-1,,,75(2)-e70066: 14,,,,,,,,,,,,19/05/2026 15:36,19/05/2026 15:36,,,Lamiaceae,Perilla elsholtzioides,Perilla elsholtzioides,Perilla,,f,f,,,,,,,,,,,,,,,,,,,,,,,,,,,,,326475-2,Taxon,urn:lsid:ipni.org:publications:812-2,2025,2025 [30 Oct 2025],[30 Oct 2025],Bo Li & C.L.Xiang,spec.,Taxon 75(2)-e70066: 14. 2025 [30 Oct 2025] ,,doi:10.1002/tax.70066,,,11,elsholtzioides,,,f,t,,,,,,,Merr.@6376-1@3@bas$Bo Li@20013337-1@1@aut$C.L.Xiang@20014537-1@2@aut,,,comb. nov.,,1.1,f,perilla~elsholtzioides,lamiaceaeperilla~elsholtzioides~,,513,wfo-1000090488,,species,,,,,https://www.ipni.org/n/77380457-1,IPNI record: 77380457-1,Taxon 75(2)-e70066: 14 (2025)
urn:lsid:ipni.org:names:77380458-1,(C.Y.Wu) Bo Li & C.L.Xiang,Lamiaceae Orthodon exfoliatus C.Y.Wu,(C.Y.Wu),453412-1,,,75(2)-e70066: 14,,,,,,,,,,,,19/05/2026 15:37,19/05/2026 15:37,,,Lamiaceae,Perilla exfoliata,Perilla exfoliata,Perilla,,f,f,,,,,,,,,,,,,,,,,,,,,,,,,,,,,326475-2,Taxon,urn:lsid:ipni.org:publications:812-2,2025,2025 [30 Oct 2025],[30 Oct 2025],Bo Li & C.L.Xiang,spec.,Taxon 75(2)-e70066: 14. 2025 [30 Oct 2025] ,,doi:10.1002/tax.70066,,,11,exfoliata,,,f,t,,,,,,,Bo Li@20013337-1@1@aut$C.L.Xiang@20014537-1@2@aut$C.Y.Wu@11888-1@3@bas,,,comb. nov.,,1.1,f,perilla~exfoliata,lamiaceaeperilla~exfoliata~,,514,wfo-1000090489,,species,,,,,https://www.ipni.org/n/77380458-1,IPNI record: 77380458-1,Taxon 75(2)-e70066: 14 (2025)
urn:lsid:ipni.org:names:77380459-1,(Maxim.) Bo Li & C.L.Xiang,Lamiaceae Mosla fordii Maxim.,(Maxim.),452195-1,,,75(2)-e70066: 14,,,,,,,,,,,,19/05/2026 15:38,19/05/2026 15:38,,,Lamiaceae,Perilla fordii,Perilla fordii,Perilla,,f,f,,,,,,,,,,,,,,,,,,,,,,,,,,,,,326475-2,Taxon,urn:lsid:ipni.org:publications:812-2,2025,2025 [30 Oct 2025],[30 Oct 2025],Bo Li & C.L.Xiang,spec.,Taxon 75(2)-e70066: 14. 2025 [30 Oct 2025] ,,doi:10.1002/tax.70066,,,11,fordii,,,f,t,,,,,,,Maxim.@23089-1@3@bas$C.L.Xiang@20014537-1@2@aut$Bo Li@20013337-1@1@aut,,,comb. nov.,,1.1,f,perilla~fordii,lamiaceaeperilla~fordii~,,515,wfo-1000090490,,species,,,,,https://www.ipni.org/n/77380459-1,IPNI record: 77380459-1,Taxon 75(2)-e70066: 14 (2025)
urn:lsid:ipni.org:names:77380460-1,(C.Y.Wu) Bo Li & C.L.Xiang,Lamiaceae Keiskea glandulosa C.Y.Wu,(C.Y.Wu),448633-1,,,75(2)-e70066: 14,,,,,,,,,,,,19/05/2026 15:40,19/05/2026 15:40,,,Lamiaceae,Perilla glandulosa,Perilla glandulosa,Perilla,,f,f,,,,,,,,,,,,,,,,,,,,,,,,,,,,,326475-2,Taxon,urn:lsid:ipni.org:publications:812-2,2025,2025 [30 Oct 2025],[30 Oct 2025],Bo Li & C.L.Xiang,spec.,Taxon 75(2)-e70066: 14. 2025 [30 Oct 2025] ,,doi:10.1002/tax.70066,,,11,glandulosa,,,f,t,,,,,,,Bo Li@20013337-1@1@aut$C.Y.Wu@11888-1@3@bas$C.L.Xiang@20014537-1@2@aut,,,comb. nov.,,1.1,f,perilla~glandulosa,lamiaceaeperilla~glandulosa~,,516,wfo-1000090491,,species,,,,,https://www.ipni.org/n/77380460-1,IPNI record: 77380460-1,Taxon 75(2)-e70066: 14 (2025)
urn:lsid:ipni.org:names:77380461-1,(Matsuda) Bo Li & C.L.Xiang,Lamiaceae Mosla hangchouensis Matsuda,(Matsuda),452199-1,,,75(2)-e70066: 14,,,,,,,,,,,,19/05/2026 15:41,19/05/2026 15:41,,,Lamiaceae,Perilla hangchouensis,Perilla hangchouensis,Perilla,,f,f,,,,,,,,,,,,,,,,,,,,,,,,,,,,,326475-2,Taxon,urn:lsid:ipni.org:publications:812-2,2025,2025 [30 Oct 2025],[30 Oct 2025],Bo Li & C.L.Xiang,spec.,Taxon 75(2)-e70066: 14. 2025 [30 Oct 2025] ,,doi:10.1002/tax.70066,,,11,hangchouensis,,,f,t,,,,,,,Bo Li@20013337-1@1@aut$Matsuda@6227-1@3@bas$C.L.Xiang@20014537-1@2@aut,,,comb. nov.,,1.1,f,perilla~hangchouensis,lamiaceaeperilla~hangchouensis~,,517,wfo-1000090492,,species,,,,,https://www.ipni.org/n/77380461-1,IPNI record: 77380461-1,Taxon 75(2)-e70066: 14 (2025)
urn:lsid:ipni.org:names:77380462-1,(Miq.) Bo Li & C.L.Xiang,Lamiaceae Keiskea japonica Miq.,(Miq.),448634-1,,,75(2)-e70066: 14,,,,,,,,,,,,19/05/2026 15:42,19/05/2026 15:42,,,Lamiaceae,Perilla japonica,Perilla japonica,Perilla,,f,f,,,,,,,,,,,,,,,,,,,,,,,,,,,,,326475-2,Taxon,urn:lsid:ipni.org:publications:812-2,2025,2025 [30 Oct 2025],[30 Oct 2025],Bo Li & C.L.Xiang,spec.,Taxon 75(2)-e70066: 14. 2025 [30 Oct 2025] ,,doi:10.1002/tax.70066,,,11,japonica,,,f,t,,,,,,,Bo Li@20013337-1@1@aut$Miq.@6509-1@3@bas$C.L.Xiang@20014537-1@2@aut,,,comb. nov.,,1.1,f,perilla~japonica,lamiaceaeperilla~japonica~,,518,wfo-1000090493,,species,,,,,https://www.ipni.org/n/77380462-1,IPNI record: 77380462-1,Taxon 75(2)-e70066: 14 (2025)
urn:lsid:ipni.org:names:77380463-1,(Miq.) Bo Li & C.L.Xiang,Lamiaceae Micromeria perforata Miq.,(Miq.),451852-1,,,75(2)-e70066: 15,,,,,,,,,,,,19/05/2026 15:47,19/05/2026 15:47,,,Lamiaceae,Perilla perforata,Perilla perforata,Perilla,,f,f,,,,,,,,,,,,,,,,,,,,,,,,,,,,,326475-2,Taxon,urn:lsid:ipni.org:publications:812-2,2025,2025 [30 Oct 2025],[30 Oct 2025],Bo Li & C.L.Xiang,spec.,Taxon 75(2)-e70066: 15. 2025 [30 Oct 2025] ,,doi:10.1002/tax.70066,,,11,perforata,,,f,t,,,,,,,Miq.@6509-1@3@bas$C.L.Xiang@20014537-1@2@aut$Bo Li@20013337-1@1@aut,,,comb. nov.,,1.1,f,perilla~perforata,lamiaceaeperilla~perforata~,,519,wfo-1000090494,,species,,,,,https://www.ipni.org/n/77380463-1,IPNI record: 77380463-1,Taxon 75(2)-e70066: 15 (2025)
urn:lsid:ipni.org:names:77380464-1,(C.Y.Wu & S.J.Hsuan) Bo Li & C.L.Xiang,Lamiaceae Orthodon longibracteatus C.Y.Wu & S.J.Hsuan,(C.Y.Wu & S.J.Hsuan),453423-1,,,75(2)-e70066: 15,,,,,,,,,,,,19/05/2026 15:48,19/05/2026 15:48,,,Lamiaceae,Perilla longibracteata,Perilla longibracteata,Perilla,,f,f,,,,,,,,,,,,,,,,,,,,,,,,,,,,,326475-2,Taxon,urn:lsid:ipni.org:publications:812-2,2025,2025 [30 Oct 2025],[30 Oct 2025],Bo Li & C.L.Xiang,spec.,Taxon 75(2)-e70066: 15. 2025 [30 Oct 2025] ,,doi:10.1002/tax.70066,,,11,longibracteata,,,f,t,,,,,,,C.L.Xiang@20014537-1@2@aut$Bo Li@20013337-1@1@aut$S.J.Hsuan@4182-1@4@bas$C.Y.Wu@11888-1@3@bas,,,comb. nov.,,1.1,f,perilla~longibracteata,lamiaceaeperilla~longibracteata~,,520,wfo-1000090495,,species,,,,,https://www.ipni.org/n/77380464-1,IPNI record: 77380464-1,Taxon 75(2)-e70066: 15 (2025)
urn:lsid:ipni.org:names:77380465-1,(C.Y.Wu) Bo Li & C.L.Xiang,Lamiaceae Orthodon longispicus C.Y.Wu,(C.Y.Wu),453424-1,,,75(2)-e70066: 15,,,,,,,,,,,,19/05/2026 15:49,19/05/2026 15:49,,,Lamiaceae,Perilla longispica,Perilla longispica,Perilla,,f,f,,,,,,,,,,,,,,,,,,,,,,,,,,,,,326475-2,Taxon,urn:lsid:ipni.org:publications:812-2,2025,2025 [30 Oct 2025],[30 Oct 2025],Bo Li & C.L.Xiang,spec.,Taxon 75(2)-e70066: 15. 2025 [30 Oct 2025] ,,doi:10.1002/tax.70066,,,11,longispica,,,f,t,,,,,,,C.Y.Wu@11888-1@3@bas$C.L.Xiang@20014537-1@2@aut$Bo Li@20013337-1@1@aut,,,comb. nov.,,1.1,f,perilla~longispica,lamiaceaeperilla~longispica~,,521,wfo-1000090496,,species,,,,,https://www.ipni.org/n/77380465-1,IPNI record: 77380465-1,Taxon 75(2)-e70066: 15 (2025)
urn:lsid:ipni.org:names:77380466-1,(Masam.) Bo Li & C.L.Xiang,Lamiaceae Keiskea macrobracteata Masam.,(Masam.),448635-1,,,75(2)-e70066: 15,,,,,,,,,,,,19/05/2026 15:50,19/05/2026 15:50,,,Lamiaceae,Perilla macrobracteata,Perilla macrobracteata,Perilla,,f,f,,,,,,,,,,,,,,,,,,,,,,,,,,,,,326475-2,Taxon,urn:lsid:ipni.org:publications:812-2,2025,2025 [30 Oct 2025],[30 Oct 2025],Bo Li & C.L.Xiang,spec.,Taxon 75(2)-e70066: 15. 2025 [30 Oct 2025] ,,doi:10.1002/tax.70066,,,11,macrobracteata,,,f,t,,,,,,,Bo Li@20013337-1@1@aut$C.L.Xiang@20014537-1@2@aut$Masam.@6186-1@3@bas,,,comb. nov.,,1.1,f,perilla~macrobracteata,lamiaceaeperilla~macrobracteata~,,522,wfo-1000090497,,species,,,,,https://www.ipni.org/n/77380466-1,IPNI record: 77380466-1,Taxon 75(2)-e70066: 15 (2025)
urn:lsid:ipni.org:names:77380467-1,(C.Y.Wu) Bo Li & C.L.Xiang,Lamiaceae Orthodon pauciflorus C.Y.Wu,(C.Y.Wu),453428-1,,,75(2)-e70066: 15,,,,,,,,,,,,19/05/2026 15:51,19/05/2026 15:51,,,Lamiaceae,Perilla pauciflora,Perilla pauciflora,Perilla,,f,f,,,,,,,,,,,,,,,,,,,,,,,,,,,,,326475-2,Taxon,urn:lsid:ipni.org:publications:812-2,2025,2025 [30 Oct 2025],[30 Oct 2025],Bo Li & C.L.Xiang,spec.,Taxon 75(2)-e70066: 15. 2025 [30 Oct 2025] ,,doi:10.1002/tax.70066,,,11,pauciflora,,,f,t,,,,,,,C.Y.Wu@11888-1@3@bas$Bo Li@20013337-1@1@aut$C.L.Xiang@20014537-1@2@aut,,,comb. nov.,,1.1,f,perilla~pauciflora,lamiaceaeperilla~pauciflora~,,523,wfo-1000090498,,species,,,,,https://www.ipni.org/n/77380467-1,IPNI record: 77380467-1,Taxon 75(2)-e70066: 15 (2025)
urn:lsid:ipni.org:names:77380468-1,(Thunb.) Bo Li & C.L.Xiang,Lamiaceae Ocimum scabrum Thunb.,(Thunb.),453102-1,,,75(2)-e70066: 15,,,,,,,,,,,,19/05/2026 15:53,19/05/2026 15:53,,,Lamiaceae,Perilla scabra,Perilla scabra,Perilla,,f,f,,,,,,,,,,,,,,,,,,,,,,,,,,,,,326475-2,Taxon,urn:lsid:ipni.org:publications:812-2,2025,2025 [30 Oct 2025],[30 Oct 2025],Bo Li & C.L.Xiang,spec.,Taxon 75(2)-e70066: 15. 2025 [30 Oct 2025] ,,doi:10.1002/tax.70066,,,11,scabra,,,f,t,,,,,,,Thunb.@10646-1@3@bas$Bo Li@20013337-1@1@aut$C.L.Xiang@20014537-1@2@aut,,,comb. nov.,,1.1,f,perilla~scabra,lamiaceaeperilla~scabra~,,524,wfo-1000090499,,species,,,,,https://www.ipni.org/n/77380468-1,IPNI record: 77380468-1,Taxon 75(2)-e70066: 15 (2025)
urn:lsid:ipni.org:names:77380469-1,(Diels) Bo Li & C.L.Xiang,Lamiaceae Keiskea sinensis Diels,(Diels),448636-1,,,75(2)-e70066: 15,,,,,,,,,,,,19/05/2026 15:54,19/05/2026 15:54,,,Lamiaceae,Perilla sinensis,Perilla sinensis,Perilla,,f,f,,,,,,,,,,,,,,,,,,,,,,,,,,,,,326475-2,Taxon,urn:lsid:ipni.org:publications:812-2,2025,2025 [30 Oct 2025],[30 Oct 2025],Bo Li & C.L.Xiang,spec.,Taxon 75(2)-e70066: 15. 2025 [30 Oct 2025] ,,doi:10.1002/tax.70066,,,11,sinensis,,,f,t,,,,,,,Bo Li@20013337-1@1@aut$Diels@18030-1@3@bas$C.L.Xiang@20014537-1@2@aut,,,comb. nov.,,1.1,f,perilla~sinensis,lamiaceaeperilla~sinensis~,,525,wfo-1000090500,,species,,,,,https://www.ipni.org/n/77380469-1,IPNI record: 77380469-1,Taxon 75(2)-e70066: 15 (2025)
urn:lsid:ipni.org:names:77380470-1,(Matsuda) Bo Li & C.L.Xiang,Lamiaceae Mosla soochouensis Matsuda,(Matsuda),452221-1,,,75(2)-e70066: 15,,,,,,,,,,,,19/05/2026 15:55,19/05/2026 15:55,,,Lamiaceae,Perilla soochouensis,Perilla soochouensis,Perilla,,f,f,,,,,,,,,,,,,,,,,,,,,,,,,,,,,326475-2,Taxon,urn:lsid:ipni.org:publications:812-2,2025,2025 [30 Oct 2025],[30 Oct 2025],Bo Li & C.L.Xiang,spec.,Taxon 75(2)-e70066: 15. 2025 [30 Oct 2025] ,,doi:10.1002/tax.70066,,,11,soochouensis,,,f,t,,,,,,,Bo Li@20013337-1@1@aut$C.L.Xiang@20014537-1@2@aut$Matsuda@6227-1@3@bas,,,comb. nov.,,1.1,f,perilla~soochouensis,lamiaceaeperilla~soochouensis~,,526,wfo-1000090501,,species,,,,,https://www.ipni.org/n/77380470-1,IPNI record: 77380470-1,Taxon 75(2)-e70066: 15 (2025)
urn:lsid:ipni.org:names:77380471-1,(C.Y.Wu) Bo Li & C.L.Xiang,Lamiaceae Keiskea szechuanensis C.Y.Wu,(C.Y.Wu),448637-1,,,75(2)-e70066: 15,,,,,,,,,,,,19/05/2026 15:56,19/05/2026 15:56,,,Lamiaceae,Perilla szechuanensis,Perilla szechuanensis,Perilla,,f,f,,,,,,,,,,,,,,,,,,,,,,,,,,,,,326475-2,Taxon,urn:lsid:ipni.org:publications:812-2,2025,2025 [30 Oct 2025],[30 Oct 2025],Bo Li & C.L.Xiang,spec.,Taxon 75(2)-e70066: 15. 2025 [30 Oct 2025] ,,doi:10.1002/tax.70066,,,11,szechuanensis,,,f,t,,,,,,,C.L.Xiang@20014537-1@2@aut$C.Y.Wu@11888-1@3@bas$Bo Li@20013337-1@1@aut,,,comb. nov.,,1.1,f,perilla~szechuanensis,lamiaceaeperilla~szechuanensis~,,527,wfo-1000090502,,species,,,,,https://www.ipni.org/n/77380471-1,IPNI record: 77380471-1,Taxon 75(2)-e70066: 15 (2025)
urn:lsid:ipni.org:names:77380472-1,"P.P.Ferrer, R.Roselló, Riera, Fabado, Gómez Nav. & Peris",,,,,,92: 105,,13,,6,,RM3212,2016,,R.Morales et al.,,,19/05/2026 15:57,19/05/2026 15:57,"Spain (Spain, Southwestern Europe, Europe)",W,Lamiaceae,Teucrium × gonzaloi,Teucrium × gonzaloi,Teucrium,,t,f,"460234-1,460781-1",(Teucrium aragonense Loscos & J.Pardo × Teucrium valentinum Schreb.),,,,,,41,8,,"Teruel, Alcañiz, Valmuel, Puig Moreno, 380 m",,14,,,,,,,N,,,,,,,,,30039259-2,Fl. Montiber.,urn:lsid:ipni.org:publications:20000001-1,2025,2025 [Aug 2025],[Aug 2025],"P.P.Ferrer, R.Roselló, Riera, Fabado, Gómez Nav. & Peris",spec.,Fl. Montiber. 92: 105. 2025 [Aug 2025] ,,Etymology: For the botanist Dr. Gonzalo Mateo Sanz.,,,11,gonzaloi,,,f,t,,holotype VAL 236489;isotype MA 01-00912002;isotype SALA 169342,,,,,Fabado@20011413-1@4@aut$Peris@24732-1@6@aut$Gómez Nav.@20017911-1@5@aut$R.Roselló@36116-1@2@aut$P.P.Ferrer@20008764-2@1@aut$Riera@20007993-1@3@aut,,,tax. nov.,,1.1,f,teucrium~gonzaloi,lamiaceaeteucrium~gonzaloi~,,528,wfo-1000090503,,species,,,,,https://www.ipni.org/n/77380472-1,IPNI record: 77380472-1,Fl. Montiber. 92: 105 (2025)
urn:lsid:ipni.org:names:77380473-1,(Phuong) Bo Li & C.L.Xiang,Lamiaceae Mosla tamdaoensis Phuong,(Phuong),900326-1,,,75(2)-e70066: 15,,,,,,,,,,,,19/05/2026 15:57,19/05/2026 15:57,,,Lamiaceae,Perilla tamdaoensis,Perilla tamdaoensis,Perilla,,f,f,,,,,,,,,,,,,,,,,,,,,,,,,,,,,326475-2,Taxon,urn:lsid:ipni.org:publications:812-2,2025,2025 [30 Oct 2025],[30 Oct 2025],Bo Li & C.L.Xiang,spec.,Taxon 75(2)-e70066: 15. 2025 [30 Oct 2025] ,,doi:10.1002/tax.70066,,,11,tamdaoensis,,,f,t,,,,,,,Phuong@24828-1@3@bas$C.L.Xiang@20014537-1@2@aut$Bo Li@20013337-1@1@aut,,,comb. nov.,,1.1,f,perilla~tamdaoensis,lamiaceaeperilla~tamdaoensis~,,529,wfo-1000090504,,species,,,,,https://www.ipni.org/n/77380473-1,IPNI record: 77380473-1,Taxon 75(2)-e70066: 15 (2025)
urn:lsid:ipni.org:names:77380474-1,García Cardo,,,,,,92: 110,,6,,6,,,2025,,Ó.García Cardo &amp; Ó.García Sánchez,,,19/05/2026 16:05,19/05/2026 16:09,"Spain (Spain, Southwestern Europe, Europe)",,Asteraceae,Achillea × conquensis,Achillea × conquensis,Achillea,,t,f,"174152-1,173972-1",(Achillea odorata L. × Achillea filipendulina Lam.),,,,,,,,,"Cuenca: Fuentenava de Jábaga (Jábaga), pr. Albaladejito, 30TWK6836, 915 m",,,,,,,,,,,,,,,,,,60436826-2,Fl. Montiber.,urn:lsid:ipni.org:publications:20000001-1,2025,2025 [Aug 2025],[Aug 2025],García Cardo,spec.,Fl. Montiber. 92: 110. 2025 [Aug 2025] ,,,,,10,conquensis,,,f,t,,holotype IRIAF 6791,,,,,García Cardo@20051170-1@1@aut,,,tax. nov.,,1.2,f,achillea~conquensis,asteraceaeachillea~conquensis~,,530,wfo-1000090505,,species,,,,,https://www.ipni.org/n/77380474-1,IPNI record: 77380474-1,Fl. Montiber. 92: 110 (2025)
urn:lsid:ipni.org:names:77380475-1,Pau,,,,,,14: 8,,,,,,,,,,,,19/05/2026 16:13,19/05/2026 16:13,,,Euphorbiaceae,Andrachne telephioides var. brachycarpa,Andrachne telephioides var. brachycarpa,Andrachne,,f,f,,,,,brachycarpa,,,,,,,,,,,,,,,,,,,,,,,,338694-1,"Trab. Mus. Nac. Ci. Nat., Ser. Bot.",urn:lsid:ipni.org:publications:20047381-1,1918,1918,,Pau,var.,"Trab. Mus. Nac. Ci. Nat., Ser. Bot. 14: 8. 1918 ",,,,,8,telephioides,L.,,f,t,,,,,,,Pau@7401-1@1@aut,L.@12653-1@1@aut,,tax. nov.,,1.1,f,andrachne~telephioidesbrachycarpa,euphorbiaceaeandrachne~telephioidesbrachycarpa,,531,wfo-1200118600,,variety,,,,,https://www.ipni.org/n/77380475-1,IPNI record: 77380475-1,"Trab. Mus. Nac. Ci. Nat., Ser. Bot. 14: 8 (1918)"
urn:lsid:ipni.org:names:77380476-1,(Pau) Doostm.,Euphorbiaceae Andrachne telephioides L. var. brachycarpa Pau,(Pau),77380475-1,,,75(2)-e70068: 17,,,,,,,,,,,,19/05/2026 16:14,19/05/2026 16:14,,,Euphorbiaceae,Andrachne brachycarpa,Andrachne brachycarpa,Andrachne,,f,f,,,,,,,,,,,,,,,,,,,,,,,,,,,,,327605-2,Taxon,urn:lsid:ipni.org:publications:812-2,2025,2025 [18 Nov 2025],[18 Nov 2025],Doostm.,spec.,Taxon 75(2)-e70068: 17. 2025 [18 Nov 2025] ,,doi:10.1002/tax.70068,,,11,brachycarpa,,,f,t,,,,,,,Pau@7401-1@2@bas$Doostm.@20041208-1@1@aut,,,comb. et stat. nov.,,1.1,f,andrachne~brachycarpa,euphorbiaceaeandrachne~brachycarpa~,,532,wfo-1000090506,,species,,,,,https://www.ipni.org/n/77380476-1,IPNI record: 77380476-1,Taxon 75(2)-e70068: 17 (2025)
urn:lsid:ipni.org:names:77380477-1,Doostm. & Mirtadz.,,,,,,75(2)-e70068: 18,,3,,10,,4625,2017,,Mirtadzadini,,,19/05/2026 16:18,19/05/2026 16:18,"Iran (Western Asia, Asia-Temperate)",E,Euphorbiaceae,Andrachne ilamica,Andrachne ilamica,Andrachne,,f,f,,,,,,,,34,,2,"Ilam, 1 km to Sumar from Tschehelzar'i village, 1164 m",46,2,56,,,,,,N,,,,,,,,,327605-2,Taxon,urn:lsid:ipni.org:publications:812-2,2025,2025 [18 Nov 2025],[18 Nov 2025],Doostm. & Mirtadz.,spec.,Taxon 75(2)-e70068: 18. 2025 [18 Nov 2025] ,,"doi:10.1002/tax.70068  Etymology: the specific epithet refers to Ilam Province in the west of Iran, where the new species is distributed.",,,11,ilamica,,,f,t,,holotype MIR;isotype MIR,,,,,Mirtadz.@39419-1@2@aut$Doostm.@20041208-1@1@aut,,,tax. nov.,,1.1,f,andrachne~ilamica,euphorbiaceaeandrachne~ilamica~,,533,wfo-1000090507,,species,,,,,https://www.ipni.org/n/77380477-1,IPNI record: 77380477-1,Taxon 75(2)-e70068: 18 (2025)
urn:lsid:ipni.org:names:77380478-1,Bornm.,,,,,,"sér. 2, 8: 556",,,,,,,,,,,,19/05/2026 16:26,19/05/2026 16:26,,,Euphorbiaceae,Andrachne virescens f. rupicola,Andrachne virescens f. rupicola,Andrachne,,f,f,,,,,rupicola,,,,,,,,,,,,,,,,,,,,,,,,338697-1,Bull. Herb. Boissier,urn:lsid:ipni.org:publications:573-2,1908,1908,,Bornm.,f.,"Bull. Herb. Boissier sér. 2, 8: 556. 1908 ",,,,,8,virescens,Stapf,,f,t,,,,,,,Bornm.@16356-1@1@aut,Stapf@27136-1@1@aut,,tax. nov.,,1.1,f,andrachne~virescensrupicola,euphorbiaceaeandrachne~virescensrupicola,,534,wfo-1200118601,,form,,,,,https://www.ipni.org/n/77380478-1,IPNI record: 77380478-1,"Bull. Herb. Boissier sér. 2, 8: 556 (1908)"
urn:lsid:ipni.org:names:77380479-1,(Bornm.) Doostm.,Euphorbiaceae Andrachne virescens Stapf f. rupicola Bornm.,(Bornm.),77380478-1,,,75(2)-e70068: 20,,,,,,,,,,,,19/05/2026 16:27,19/05/2026 16:27,,,Euphorbiaceae,Andrachne rupicola,Andrachne rupicola,Andrachne,,f,f,,,,,,,,,,,,,,,,,,,,,,,,,,,,,327605-2,Taxon,urn:lsid:ipni.org:publications:812-2,2025,2025 [18 Nov 2025],[18 Nov 2025],Doostm.,spec.,Taxon 75(2)-e70068: 20. 2025 [18 Nov 2025] ,,doi:10.1002/tax.70068,,,11,rupicola,,,f,t,,,,,,,Bornm.@16356-1@2@bas$Doostm.@20041208-1@1@aut,,,comb. et stat. nov.,,1.1,f,andrachne~rupicola,euphorbiaceaeandrachne~rupicola~,,535,wfo-1000090508,,species,,,,,https://www.ipni.org/n/77380479-1,IPNI record: 77380479-1,Taxon 75(2)-e70068: 20 (2025)
urn:lsid:ipni.org:names:77380480-1,Doostm. & Bordbar,,,,,,75(2)-e70068: 22,,13,,11,,4632,2018,,Bordbar,,,19/05/2026 16:30,19/05/2026 16:30,"Oman (Arabian Peninsula, Asia-Temperate)",E,Euphorbiaceae,Andrachne dhofarensis,Andrachne dhofarensis,Andrachne,,f,f,,,,,,,,17,14,14,"Dhofar, east of Salalah, 589 m",55,13,18,,,,,,N,,,,,,,,,327605-2,Taxon,urn:lsid:ipni.org:publications:812-2,2025,2025 [18 Nov 2025],[18 Nov 2025],Doostm. & Bordbar,spec.,Taxon 75(2)-e70068: 22. 2025 [18 Nov 2025] ,,doi:10.1002/tax.70068  Etymology: the specific epithet refers to the geographical distribution of the species in Dhofar mountains insouthern Oman.,,,11,dhofarensis,,,f,t,,holotype MIR;isotype MIR,,,,,Doostm.@20041208-1@1@aut$Bordbar@20020802-2@2@aut,,,tax. nov.,,1.1,f,andrachne~dhofarensis,euphorbiaceaeandrachne~dhofarensis~,,536,wfo-1000090509,,species,,,,,https://www.ipni.org/n/77380480-1,IPNI record: 77380480-1,Taxon 75(2)-e70068: 22 (2025)
urn:lsid:ipni.org:names:77380481-1,Mast.,,,,,,"ser. 3, 18: 484, column 3",,,,,,,,,,,,19/05/2026 16:43,19/05/2026 16:43,,,Orchidaceae,Sobralia lindenii,Sobralia lindenii,Sobralia,,f,f,,,,,,,,,,,,,,,,,,,,,,,,,,,,,30008294-2,Gard. Chron.,urn:lsid:ipni.org:publications:1224-2,1895,1895 [12 Oct 1895],[12 Oct 1895],Mast.,spec.,"Gard. Chron. ser. 3, 18: 484, column 3. 1895 [12 Oct 1895] (as 'Lindeni')",(as 'Lindeni'),,,,8,lindenii,,,f,t,,,,,,,Mast.@6207-1@1@aut,,,tax. nov.,,1.1,f,sobralia~lindenii,orchidaceaesobralia~lindenii~,,537,wfo-1200118653,,species,,,,,https://www.ipni.org/n/77380481-1,IPNI record: 77380481-1,"Gard. Chron. ser. 3, 18: 484, column 3 (1895)"
urn:lsid:ipni.org:names:77380482-1,Link,,,,,,1: 314,,,,,,,,,,,,19/05/2026 17:03,19/05/2026 17:03,,,Apiaceae,subfam. Hydrocotyloideae,subfam. Hydrocotyloideae,,,f,f,,,hydrocotyloideae,,,,,,,,,,,,,,,,,,,,,,,,,,30000180-2,Handbuch,urn:lsid:ipni.org:publications:3505-2,1829,1829,,Link,subfam.,"Handbuch 1: 314. 1829 , as 'Subordo 2. Hydrocotylinae'",", as 'Subordo 2. Hydrocotylinae'",,,,8,,,,f,t,,,Hydrocotyle L. (1753),,,,Link@22401-1@1@aut,,,tax. nov.,,1.1,f,apiaceaehydrocotyloideae,apiaceae~~~~,,538,wfo-6500000952,,subfamily,,,,,https://www.ipni.org/n/77380482-1,IPNI record: 77380482-1,Handbuch 1: 314 (1829)
urn:lsid:ipni.org:names:77380483-1,"Dentant, F.C.Boucher, Salomez & Voisin",,,,,,75(2)-e70093: 12,,1,,6,,s.n.,2015,,C.Dentant,,,19/05/2026 17:45,19/05/2026 18:03,"France (France, Southwestern Europe, Europe)",,Primulaceae,Primula vallis-gaudemarica,Primula vallis-gaudemarica,Primula,,f,f,,,,,,,,,,,"Écrins range, La Chapelle-en-Valgaudemar, south of Lauzon Lake, 1899 m",,,,,,,,,,,,,,,,,,30005261-2,Taxon,urn:lsid:ipni.org:publications:812-2,2026,2026 [30 Mar 2026],[30 Mar 2026],"Dentant, F.C.Boucher, Salomez & Voisin",spec.,Taxon 75(2)-e70093: 12. 2026 [30 Mar 2026] ,,"doi:10.1002/tax.70093  Etymology: the specific epithet is named after the Valgaudemar valley, in the southwestern French Alps.",,,11,vallis-gaudemarica,,,f,t,,holotype GRM MHNGr. 2022.49506,,,,,Salomez@20098799-1@3@aut$Voisin@20098798-1@4@aut$F.C.Boucher@20046685-1@2@aut$Dentant@20020352-2@1@aut,,,tax. nov.,,1.3,f,primula~vallis-gaudemarica,primulaceaeprimula~vallis-gaudemarica~,,539,wfo-1000090510,,species,,,,,https://www.ipni.org/n/77380483-1,IPNI record: 77380483-1,Taxon 75(2)-e70093: 12 (2026)
urn:lsid:ipni.org:names:77380484-1,E.E.Schill.,,,,,,75(2)-e70103: 7,,,,,,,,,,,,19/05/2026 17:54,19/05/2026 17:54,,,Asteraceae,Eupatorium robinsonii,Eupatorium robinsonii,Eupatorium,,f,f,,,,,,,,,,,,,,,,,,,,,,,,,,,,,30000956-2,Taxon,urn:lsid:ipni.org:publications:812-2,2026,2026 [30 Mar 2026],[30 Mar 2026],E.E.Schill.,spec.,Taxon 75(2)-e70103: 7. 2026 [30 Mar 2026] ,,doi:10.1002/tax.70103  Etymology: the specific epithet honours the late Harold Robinson whose studied the genus and its relatives.,251854-1,,9,robinsonii,,,f,t,,,,,,,E.E.Schill.@26273-1@1@aut,,,nom. nov.,,1.1,f,eupatorium~robinsonii,asteraceaeeupatorium~robinsonii~,,540,wfo-1000090511,,species,,,,,https://www.ipni.org/n/77380484-1,IPNI record: 77380484-1,Taxon 75(2)-e70103: 7 (2026)
urn:lsid:ipni.org:names:77380485-1,(D.J.N.Hind) E.E.Schill.,Asteraceae Stomatanthes tundavalaensis D.J.N.Hind,(D.J.N.Hind),77143534-1,,,75(2)-e70103: 7,,,,,,,,,,,,19/05/2026 17:55,19/05/2026 17:55,,,Asteraceae,Eupatorium tundavalaense,Eupatorium tundavalaense,Eupatorium,,f,f,,,,,,,,,,,,,,,,,,,,,,,,,,,,,30000956-2,Taxon,urn:lsid:ipni.org:publications:812-2,2026,2026 [30 Mar 2026],[30 Mar 2026],E.E.Schill.,spec.,Taxon 75(2)-e70103: 7. 2026 [30 Mar 2026] ,,doi:10.1002/tax.70103,,,11,tundavalaense,,,f,t,,,,,,,D.J.N.Hind@14322-1@2@bas$E.E.Schill.@26273-1@1@aut,,,comb. nov.,,1.1,f,eupatorium~tundavalaense,asteraceaeeupatorium~tundavalaense~,,541,wfo-1000090512,,species,,,,,https://www.ipni.org/n/77380485-1,IPNI record: 77380485-1,Taxon 75(2)-e70103: 7 (2026)
urn:lsid:ipni.org:names:77380486-1,(R.M.King & H.Rob.) E.E.Schill.,Asteraceae Stomatanthes zambiensis R.M.King & H.Rob.,(R.M.King & H.Rob.),251862-1,,,75(2)-e70103: 7,,,,,,,,,,,,19/05/2026 17:56,19/05/2026 17:56,,,Asteraceae,Eupatorium zambiense,Eupatorium zambiense,Eupatorium,,f,f,,,,,,,,,,,,,,,,,,,,,,,,,,,,,30000956-2,Taxon,urn:lsid:ipni.org:publications:812-2,2026,2026 [30 Mar 2026],[30 Mar 2026],E.E.Schill.,spec.,Taxon 75(2)-e70103: 7. 2026 [30 Mar 2026] ,,doi:10.1002/tax.70103,,,11,zambiense,,,f,t,,,,,,,R.M.King@4799-1@2@bas$E.E.Schill.@26273-1@1@aut$H.Rob.@8457-1@3@bas,,,comb. nov.,,1.1,f,eupatorium~zambiense,asteraceaeeupatorium~zambiense~,,542,wfo-1000090513,,species,,,,,https://www.ipni.org/n/77380486-1,IPNI record: 77380486-1,Taxon 75(2)-e70103: 7 (2026)
urn:lsid:ipni.org:names:77380487-1,Decne.,,,,,,"sér. 2, 4: 203",,,,,,,,,,,,19/05/2026 18:27,19/05/2026 18:27,,,Ranunculaceae,Clematis sect. Tubulosae,Clematis sect. Tubulosae,Clematis,,f,f,,,,tubulosae,,,,,,,,,,,,,,,,,,,,,,,,,329401-2,Nouv. Arch. Mus. Hist. Nat.,urn:lsid:ipni.org:publications:1166-2,1881,1881,,Decne.,sect.,"Nouv. Arch. Mus. Hist. Nat. sér. 2, 4: 203. 1881 ",,,,,8,,,,f,t,,,C. tubulosa Turcz.,,,,Decne.@2063-1@1@aut,,,tax. nov.,,1.1,f,clematistubulosae,ranunculaceaeclematistubulosae~~,,543,wfo-3400011871,,section,,,,,https://www.ipni.org/n/77380487-1,IPNI record: 77380487-1,"Nouv. Arch. Mus. Hist. Nat. sér. 2, 4: 203 (1881)"
urn:lsid:ipni.org:names:77380488-1,(Decne.) Rehder,Ranunculaceae Clematis sect. Tubulosae Decne.,(Decne.),77380487-1,,,1(3): 320,,,,,,,,,,,,19/05/2026 20:22,19/05/2026 20:22,,,Ranunculaceae,Clematis ser. Tubulosae,Clematis ser. Tubulosae,Clematis,,f,f,,,,tubulosae,,,,,,,,,,,,,,,,,,,,,,,,,329401-2,Pl. Wilson.,urn:lsid:ipni.org:publications:5309-2,1913,1913 [15 Mai 1913],[15 Mai 1913],Rehder,ser.,Pl. Wilson. 1(3): 320. 1913 [15 Mai 1913] ,,,,,11,,,,f,t,,,,,,,Rehder@8242-1@1@aut$Decne.@2063-1@2@bas,,,stat. nov.,,1.1,f,clematistubulosae,ranunculaceaeclematistubulosae~~,,544,wfo-1000090643,,series,,,,,https://www.ipni.org/n/77380488-1,IPNI record: 77380488-1,Pl. Wilson. 1(3): 320 (1913)
urn:lsid:ipni.org:names:77380491-1,Lancaster ex Coombes,,,,,,ed. 7.: 245,,,,,,,,,,,,20/05/2026 06:46,20/05/2026 10:03,,,Rosaceae,× Pyravaesia,× Pyravaesia,Pyravaesia,,t,t,,,,,,,,,,,,,,,"nom. inval.    , pro syn under Pyracantha atalantioides and/or Pyracomeles",,nom. inval.,,,,,,,,,,,,30000200-2,Hillier Man.,urn:lsid:ipni.org:publications:20027171-1,2002,2002,,Lancaster ex Coombes,gen.,Hillier Man. ed. 7.: 245. 2002 ,,,,,9,,,,f,t,,,Not published,,,,Coombes@20000051-1@2@autEx$Lancaster@14790-1@1@aut,,,tax. nov.,,1.3,f,pyravaesia,rosaceaepyravaesia~~~,,545,wfo-4100006575,,genus,,,,,https://www.ipni.org/n/77380491-1,IPNI record: 77380491-1,Hillier Man. ed. 7.: 245 (2002)
urn:lsid:ipni.org:names:77380492-1,X.H.Liang & Y.H.Tong,,,,,,275: 66,,8,,3,,TYH-2595,2023,,"Y.H.Tong, J.B.Ni, B.M.Wang &amp; W.H.Pan",,,20/05/2026 07:36,21/05/2026 08:38,"Yunnan (China South-Central, China, Asia-Temperate)",E,Ericaceae,Vaccinium fangianum,Vaccinium fangianum,Vaccinium,,f,f,,,,,,,,27,40,28,"Gongshan County, Dulongjiang Township, Maku Village, 1231 m",98,16,20,,,,,,N,,,,,,,,,30000401-2,PhytoKeys,urn:lsid:ipni.org:publications:20011997-1,2026,2026 [20 May 2026],[20 May 2026],X.H.Liang & Y.H.Tong,spec.,PhytoKeys 275: 66. 2026 [20 May 2026] ,,doi:10.3897/phytokeys.275.197108 [english] Etymology: named in honour of Prof. Rhui-Cheng Fang.,,,9,fangianum,,,f,t,,holotype IBSC;isotype IBSC;isotype KUN;isotype PE,,,,,X.H.Liang@0-0@1@aut$Y.H.Tong@20023078-1@2@aut,,,tax. nov.,,1.3,f,vaccinium~fangianum,ericaceaevaccinium~fangianum~,,546,wfo-1000090514,,species,,,,,https://www.ipni.org/n/77380492-1,IPNI record: 77380492-1,PhytoKeys 275: 66 (2026)
urn:lsid:ipni.org:names:77380496-1,Windham,,,,,,75(2)-e70092: 1,,,,,,,,,,,,20/05/2026 11:56,20/05/2026 11:56,,,Pteridaceae,Estrellita,Estrellita,Estrellita,,f,f,,,,,,,,,,,,,,,,,,,,,,,,,,,,,30001654-2,Taxon,urn:lsid:ipni.org:publications:812-2,2025,2025 [19 Dec 2025],[19 Dec 2025],Windham,gen.,Taxon 75(2)-e70092: 1. 2025 [19 Dec 2025] ,,doi:10.1002/tax.70092  Etymology: the genus name is a diminutive form of Estrella the replaced genus name.,77358927-1,,9,,,,f,t,,,,,,,Windham@28826-1@1@aut,,,nom. nov.,,1.1,f,estrellita,pteridaceaeestrellita~~~,,547,wfo-4100006469,,genus,,,,,https://www.ipni.org/n/77380496-1,IPNI record: 77380496-1,Taxon 75(2)-e70092: 1 (2025)
urn:lsid:ipni.org:names:77380497-1,(Kunze) Windham,Adiantaceae Notholaena mollis Kunze,(Kunze),17164060-1,,,75(2)-e70092: 1,,,,,,,,,,,,20/05/2026 11:58,20/05/2026 11:58,,,Pteridaceae,Estrellita mollis,Estrellita mollis,Estrellita,,f,f,,,,,,,,,,,,,,,,,,,,,,,,,,,,,77380496-1,Taxon,urn:lsid:ipni.org:publications:812-2,2025,2025 [19 Dec 2025],[19 Dec 2025],Windham,spec.,Taxon 75(2)-e70092: 1. 2025 [19 Dec 2025] ,,doi:10.1002/tax.70092,,,11,mollis,,,f,t,,,,,,,Windham@28826-1@1@aut$Kunze@21870-1@2@bas,,,comb. nov.,,1.1,f,estrellita~mollis,pteridaceaeestrellita~mollis~,,548,wfo-1000088537,,species,,,,,https://www.ipni.org/n/77380497-1,IPNI record: 77380497-1,Taxon 75(2)-e70092: 1 (2025)
urn:lsid:ipni.org:names:77380498-1,(Baker) Windham,Adiantaceae Notholaena buchananii Baker,(Baker),17163430-1,,,75(2)-e70092: 1,,,,,,,,,,,,20/05/2026 12:02,20/05/2026 12:02,,,Adiantaceae,Pellaeopsis buchananii,Pellaeopsis buchananii,Pellaeopsis,,f,f,,,,,,,,,,,,,,,,,,,,,,,,,,,,,17171890-1,Taxon,urn:lsid:ipni.org:publications:812-2,2025,2025 [19 Dec 2025],[19 Dec 2025],Windham,spec.,Taxon 75(2)-e70092: 1. 2025 [19 Dec 2025] ,,doi:10.1002/tax.70092,,,11,buchananii,,,f,t,,,,,,,Baker@407-1@2@bas$Windham@28826-1@1@aut,,,comb. nov.,77358976-1,1.1,f,pellaeopsis~buchananii,adiantaceaepellaeopsis~buchananii~,,549,wfo-1000079674,,species,,,,,https://www.ipni.org/n/77380498-1,IPNI record: 77380498-1,Taxon 75(2)-e70092: 1 (2025)
urn:lsid:ipni.org:names:77380499-1,(Z.R.He & W.M.Chu) Windham & Schuettp.,Adiantaceae Cheilanthes qiaojiaensis Z.R.He & W.M.Chu,(Z.R.He & W.M.Chu),77219306-1,,,75(2)-e70092: 1,,,,,,,,,,,,20/05/2026 12:05,20/05/2026 12:05,,,Adiantaceae,Aleuritopteris qiaojiaensis,Aleuritopteris qiaojiaensis,Aleuritopteris,,f,f,,,,,,,,,,,,,,,,,,,,,,,,,,,,,17368340-1,Taxon,urn:lsid:ipni.org:publications:812-2,2025,2025 [19 Dec 2025],[19 Dec 2025],Windham & Schuettp.,spec.,Taxon 75(2)-e70092: 1. 2025 [19 Dec 2025] ,,doi:10.1002/tax.70092,,,11,qiaojiaensis,,,f,t,,,,,,,Schuettp.@20025022-1@2@aut$Windham@28826-1@1@aut$W.M.Chu@13738-1@4@bas$Z.R.He@38385-1@3@bas,,,comb. nov.,,1.1,f,aleuritopteris~qiaojiaensis,adiantaceaealeuritopteris~qiaojiaensis~,,550,wfo-1000088922,,species,,,,,https://www.ipni.org/n/77380499-1,IPNI record: 77380499-1,Taxon 75(2)-e70092: 1 (2025)
urn:lsid:ipni.org:names:77380500-1,(Salzm. ex Dunal) P.P.Ferrer,Cistaceae Helianthemum multiflorum Salzm. ex Dunal,(Salzm. ex Dunal),169019-1,,,75(2)-e70133: 5,,,,,,,,,,,,20/05/2026 12:30,20/05/2026 12:30,,,Cistaceae,Cistus halimifolius subsp. multiflorus,Cistus halimifolius subsp. multiflorus,Cistus,,f,f,,,,,multiflorus,77355263-1,,,,,,,,,isonym,,isonym,,,,,,,,,,,,168289-1,Taxon,urn:lsid:ipni.org:publications:812-2,2026,2026 [17 Apr 2026],[17 Apr 2026],P.P.Ferrer,subsp.,Taxon 75(2)-e70133: 5. 2026 [17 Apr 2026] ,,doi:10.1002/tax.70133,,,13,halimifolius,L.,,f,t,,,,,,,Dunal@2372-1@3@basEx$P.P.Ferrer@20008764-2@1@aut$Salzm.@8860-1@2@bas,L.@12653-1@1@aut,,comb. et stat. nov.,,1.1,f,cistus~halimifoliusmultiflorus,cistaceaecistus~halimifoliusmultiflorus,,551,wfo-1200118654,,subspecies,,,,,https://www.ipni.org/n/77380500-1,IPNI record: 77380500-1,Taxon 75(2)-e70133: 5 (2026)
urn:lsid:ipni.org:names:77380501-1,(Pau & Font Quer) P.P.Ferrer,Cistaceae Helianthemum rhiphaeum Pau & Font Quer,(Pau & Font Quer),169111-1,,,75(2)-e70133: 6,,,,,,,,,,,,20/05/2026 12:32,20/05/2026 12:32,,,Cistaceae,Cistus halimifolius subsp. rhiphaeus,Cistus halimifolius subsp. rhiphaeus,Cistus,,f,f,,,,,rhiphaeus,,,,,,,,,,,,,,,,,,,,,,,,168289-1,Taxon,urn:lsid:ipni.org:publications:812-2,2026,2026 [17 Apr 2026],[17 Apr 2026],P.P.Ferrer,subsp.,Taxon 75(2)-e70133: 6. 2026 [17 Apr 2026] ,,doi:10.1002/tax.70133,,,11,halimifolius,L.,,f,t,,,,,,,Pau@7401-1@2@bas$P.P.Ferrer@20008764-2@1@aut$Font Quer@2810-1@3@bas,L.@12653-1@1@aut,,comb. et stat. nov.,,1.1,f,cistus~halimifoliusrhiphaeus,cistaceaecistus~halimifoliusrhiphaeus,,552,wfo-1200118655,,subspecies,,,,,https://www.ipni.org/n/77380501-1,IPNI record: 77380501-1,Taxon 75(2)-e70133: 6 (2026)
urn:lsid:ipni.org:names:77380502-1,(P.Beauv.) Streiff & J.M.de Vos,Connaraceae Cnestis pinnata P.Beauv.,(P.Beauv.),264266-1,,,75(2)-e70101: 17,,,,,,,,,,,,20/05/2026 13:26,20/05/2026 13:26,,,Connaraceae,Byrsocarpus pinnatus,Byrsocarpus pinnatus,Byrsocarpus,,f,f,,,,,,,,,,,,,,,,,,,,,,,,,,,,,11732-1,Taxon,urn:lsid:ipni.org:publications:812-2,2026,2026 [19 Mar 2026],[19 Mar 2026],Streiff & J.M.de Vos,spec.,Taxon 75(2)-e70101: 17. 2026 [19 Mar 2026] ,,doi:10.1002/tax.70101,,,11,pinnatus,,,f,t,,,,,,,Streiff@20076049-1@1@aut$J.M.de Vos@20014946-1@2@aut$P.Beauv.@7271-1@3@bas,,,comb. nov.,,1.1,f,byrsocarpus~pinnatus,connaraceaebyrsocarpus~pinnatus~,,553,wfo-1000090515,,species,,,,,https://www.ipni.org/n/77380502-1,IPNI record: 77380502-1,Taxon 75(2)-e70101: 17 (2026)
urn:lsid:ipni.org:names:77380503-1,(Planch.) Streiff & J.M.de Vos,Connaraceae Cnestidium Planch.,(Planch.),11735-1,,,75(2)-e70101: 19,,,,,,,,,,,,20/05/2026 13:34,20/05/2026 13:34,,,Connaraceae,Rourea sect. Cnestidium,Rourea sect. Cnestidium,Rourea,,f,f,,,,cnestidium,,,,,,,,,,,,,,,,,,,,,,,,,11754-1,Taxon,urn:lsid:ipni.org:publications:812-2,2026,2026 [19 Mar 2026],[19 Mar 2026],Streiff & J.M.de Vos,sect.,Taxon 75(2)-e70101: 19. 2026 [19 Mar 2026] ,,doi:10.1002/tax.70101,,,11,,,,f,t,,,,,,,Planch.@7738-1@3@bas$J.M.de Vos@20014946-1@2@aut$Streiff@20076049-1@1@aut,,,comb. et stat. nov.,,1.1,f,roureacnestidium,connaraceaeroureacnestidium~~,,554,wfo-1000090516,,section,,,,,https://www.ipni.org/n/77380503-1,IPNI record: 77380503-1,Taxon 75(2)-e70101: 19 (2026)
urn:lsid:ipni.org:names:77380504-1,(Planch.) Streiff & J.M.de Vos,Connaraceae Cnestidium rufescens Planch.,(Planch.),264202-1,,,75(2)-e70101: 19,,,,,,,,,,,,20/05/2026 13:35,20/05/2026 13:35,,,Connaraceae,Rourea rufescens,Rourea rufescens,Rourea,,f,f,,,,,,,,,,,,,,,,,,,,,,,,,,,,,11754-1,Taxon,urn:lsid:ipni.org:publications:812-2,2026,2026 [19 Mar 2026],[19 Mar 2026],Streiff & J.M.de Vos,spec.,Taxon 75(2)-e70101: 19. 2026 [19 Mar 2026] ,,doi:10.1002/tax.70101,,,11,rufescens,,,f,t,,,,,,,Streiff@20076049-1@1@aut$J.M.de Vos@20014946-1@2@aut$Planch.@7738-1@3@bas,,,comb. nov.,,1.1,f,rourea~rufescens,connaraceaerourea~rufescens~,,555,wfo-1000090517,,species,,,,,https://www.ipni.org/n/77380504-1,IPNI record: 77380504-1,Taxon 75(2)-e70101: 19 (2026)
urn:lsid:ipni.org:names:77380505-1,(G.Schellenb.) Streiff & J.M.de Vos,Connaraceae Cnestidium guianense G.Schellenb.,(G.Schellenb.),61748-2,,,75(2)-e70101: 19,,,,,,,,,,,,20/05/2026 13:37,20/05/2026 13:37,,,Connaraceae,Rourea guianensis,Rourea guianensis,Rourea,,f,f,,,,,,,,,,,,,,,,,,,,,,,,,,,,,11754-1,Taxon,urn:lsid:ipni.org:publications:812-2,2026,2026 [19 Mar 2026],[19 Mar 2026],Streiff & J.M.de Vos,spec.,Taxon 75(2)-e70101: 19. 2026 [19 Mar 2026] ,,doi:10.1002/tax.70101,,,11,guianensis,,,f,t,,,,,,,J.M.de Vos@20014946-1@2@aut$G.Schellenb.@9042-1@3@bas$Streiff@20076049-1@1@aut,,,comb. nov.,,1.1,f,rourea~guianensis,connaraceaerourea~guianensis~,,556,wfo-1000090518,,species,,,,,https://www.ipni.org/n/77380505-1,IPNI record: 77380505-1,Taxon 75(2)-e70101: 19 (2026)
urn:lsid:ipni.org:names:77380506-1,(Pires) Streiff & J.M.de Vos,Connaraceae Cnestidium froesii Pires,(Pires),61747-2,,,75(2)-e70101: 19,,,,,,,,,,,,20/05/2026 13:39,20/05/2026 13:39,,,Connaraceae,Rourea froesii,Rourea froesii,Rourea,,f,f,,,,,,,,,,,,,,,,,,,,,,,,,,,,,11754-1,Taxon,urn:lsid:ipni.org:publications:812-2,2026,2026 [19 Mar 2026],[19 Mar 2026],Streiff & J.M.de Vos,spec.,Taxon 75(2)-e70101: 19. 2026 [19 Mar 2026] ,,doi:10.1002/tax.70101,,,11,froesii,,,f,t,,,,,,,Streiff@20076049-1@1@aut$Pires@7724-1@3@bas$J.M.de Vos@20014946-1@2@aut,,,comb. nov.,,1.1,f,rourea~froesii,connaraceaerourea~froesii~,,557,wfo-1000090519,,species,,,,,https://www.ipni.org/n/77380506-1,IPNI record: 77380506-1,Taxon 75(2)-e70101: 19 (2026)
urn:lsid:ipni.org:names:77380507-1,(Gilg ex G.Schellenb.) Streiff & J.M.de Vos,Connaraceae Paxia calophylla Gilg ex G.Schellenb.,(Gilg ex G.Schellenb.),264681-1,,,75(2)-e70101: 23,,,,,,,,,,,,20/05/2026 13:42,20/05/2026 13:42,,,Connaraceae,Roureopsis calophylla,Roureopsis calophylla,Roureopsis,,f,f,,,,,,,,,,,,,,,,,,,,,,,,,,,,,11755-1,Taxon,urn:lsid:ipni.org:publications:812-2,2026,2026 [19 Mar 2026],[19 Mar 2026],Streiff & J.M.de Vos,spec.,Taxon 75(2)-e70101: 23. 2026 [19 Mar 2026] ,,doi:10.1002/tax.70101,,,11,calophylla,,,f,t,,,,,,,G.Schellenb.@9042-1@4@basEx$J.M.de Vos@20014946-1@2@aut$Gilg@3144-1@3@bas$Streiff@20076049-1@1@aut,,,comb. nov.,,1.1,f,roureopsis~calophylla,connaraceaeroureopsis~calophylla~,,558,wfo-1000090520,,species,,,,,https://www.ipni.org/n/77380507-1,IPNI record: 77380507-1,Taxon 75(2)-e70101: 23 (2026)
urn:lsid:ipni.org:names:77380508-1,(G.Schellenb.) Streiff & J.M.de Vos,Connaraceae Paxia calophylloides G.Schellenb.,(G.Schellenb.),264683-1,,,75(2)-e70101: 23,,,,,,,,,,,,20/05/2026 13:44,20/05/2026 13:44,,,Connaraceae,Roureopsis calophylloides,Roureopsis calophylloides,Roureopsis,,f,f,,,,,,,,,,,,,,,,,,,,,,,,,,,,,11755-1,Taxon,urn:lsid:ipni.org:publications:812-2,2026,2026 [19 Mar 2026],[19 Mar 2026],Streiff & J.M.de Vos,spec.,Taxon 75(2)-e70101: 23. 2026 [19 Mar 2026] ,,doi:10.1002/tax.70101,,,11,calophylloides,,,f,t,,,,,,,J.M.de Vos@20014946-1@2@aut$G.Schellenb.@9042-1@3@bas$Streiff@20076049-1@1@aut,,,comb. nov.,,1.1,f,roureopsis~calophylloides,connaraceaeroureopsis~calophylloides~,,559,wfo-1000090521,,species,,,,,https://www.ipni.org/n/77380508-1,IPNI record: 77380508-1,Taxon 75(2)-e70101: 23 (2026)
urn:lsid:ipni.org:names:77380509-1,(Baill.) Streiff & J.M.de Vos,Connaraceae Rourea myriantha Baill.,(Baill.),264815-1,,,75(2)-e70101: 23,,,,,,,,,,,,20/05/2026 13:49,20/05/2026 13:49,,,Connaraceae,Roureopsis myriantha,Roureopsis myriantha,Roureopsis,,f,f,,,,,,,,,,,,,,,,,,,,,,,,,,,,,11755-1,Taxon,urn:lsid:ipni.org:publications:812-2,2026,2026 [19 Mar 2026],[19 Mar 2026],Streiff & J.M.de Vos,spec.,Taxon 75(2)-e70101: 23. 2026 [19 Mar 2026] ,,doi:10.1002/tax.70101,,,11,myriantha,,,f,t,,,,,,,Baill.@31201-1@3@bas$Streiff@20076049-1@1@aut$J.M.de Vos@20014946-1@2@aut,,,comb. nov.,,1.1,f,roureopsis~myriantha,connaraceaeroureopsis~myriantha~,,560,wfo-1000090522,,species,,,,,https://www.ipni.org/n/77380509-1,IPNI record: 77380509-1,Taxon 75(2)-e70101: 23 (2026)
urn:lsid:ipni.org:names:77380510-1,(Baker) Streiff & J.M.de Vos,Connaraceae Rourea solanderi Baker,(Baker),264871-1,,,75(2)-e70101: 23,,,,,,,,,,,,20/05/2026 13:51,20/05/2026 13:51,,,Connaraceae,Roureopsis solanderi,Roureopsis solanderi,Roureopsis,,f,f,,,,,,,,,,,,,,,,,,,,,,,,,,,,,11755-1,Taxon,urn:lsid:ipni.org:publications:812-2,2026,2026 [19 Mar 2026],[19 Mar 2026],Streiff & J.M.de Vos,spec.,Taxon 75(2)-e70101: 23. 2026 [19 Mar 2026] ,,doi:10.1002/tax.70101,,,11,solanderi,,,f,t,,,,,,,Streiff@20076049-1@1@aut$J.M.de Vos@20014946-1@2@aut$Baker@407-1@3@bas,,,comb. nov.,,1.1,f,roureopsis~solanderi,connaraceaeroureopsis~solanderi~,,561,wfo-1000090523,,species,,,,,https://www.ipni.org/n/77380510-1,IPNI record: 77380510-1,Taxon 75(2)-e70101: 23 (2026)
urn:lsid:ipni.org:names:77380511-1,Streiff & J.M.de Vos,,,,,,75(2)-e70101: 23,,,,,,,,,,,,20/05/2026 13:55,20/05/2026 16:44,,,Connaraceae,Roureopsis sect. Craspedodromae,Roureopsis sect. Craspedodromae,Roureopsis,,f,f,,,,craspedodromae,,,,,,,,,,,,,,,,,,,,,,,,,11755-1,Taxon,urn:lsid:ipni.org:publications:812-2,2026,2026 [19 Mar 2026],[19 Mar 2026],Streiff & J.M.de Vos,sect.,Taxon 75(2)-e70101: 23. 2026 [19 Mar 2026] ,,doi:10.1002/tax.70101,,,8,,,,f,t,,,Roureopsis sarcothecifolia Streiff & J.M.de Vos,,,,Streiff@20076049-1@1@aut$J.M.de Vos@20014946-1@2@aut,,,tax. nov.,,1.2,f,roureopsiscraspedodromae,connaraceaeroureopsiscraspedodromae~~,,562,wfo-1000090524,,section,,,,,https://www.ipni.org/n/77380511-1,IPNI record: 77380511-1,Taxon 75(2)-e70101: 23 (2026)
urn:lsid:ipni.org:names:77380512-1,"T.S.Hoang, W.G.Wang & H.C.Xi",,,,,,275: 74,,22,,12,,XL5316,2025,,Son Thanh Hoang,,,20/05/2026 14:11,21/05/2026 12:26,"Vietnam (Indo-China, Asia-Tropical)",E,Gesneriaceae,Didymocarpus xuanlienensis,Didymocarpus xuanlienensis,Didymocarpus,,f,f,,,,,,,,20,1,,"Thanh Hoa Province, Thuong Xuan Commune, Xuan Lien Nature Reserve, 574 m",105,2,,,,,,,N,,,,,,,,,331558-2,PhytoKeys,urn:lsid:ipni.org:publications:20011997-1,2026,2026 [21 May 2026],[21 May 2026],"T.S.Hoang, W.G.Wang & H.C.Xi",spec.,PhytoKeys 275: 74. 2026 [21 May 2026] ,,"doi:10.3897/phytokeys.275.185766 [english] Etymology: name refers to the type locality in Xuan Lien National Park, Vietnam.",,,11,xuanlienensis,,,f,t,,holotype VAFS;isotype VAFS,,,,,T.S.Hoang@20047251-1@1@aut$W.G.Wang@20042534-1@2@aut$H.C.Xi@20041773-1@3@aut,,,tax. nov.,,1.3,f,didymocarpus~xuanlienensis,gesneriaceaedidymocarpus~xuanlienensis~,,563,wfo-1000090525,,species,,,,,https://www.ipni.org/n/77380512-1,IPNI record: 77380512-1,PhytoKeys 275: 74 (2026)
urn:lsid:ipni.org:names:77380513-1,Gir.-Cañas,,,,,,133-e2579: 5,,25,,10,,596,1980,,R. Vásquez  et  al.,,,20/05/2026 15:01,21/05/2026 12:44,"Peru (Western South America, Southern America)",W,Marcgraviaceae,Marcgravia vasqueziana,Marcgravia vasqueziana,Marcgravia,,f,f,,,,,,,,3,55,,"Departamento Loreto, provincia Maynas, Estación Biológica Callicebus-Mishana-Río Nanay, 2 horas río arriba de Iquitos, c. 130 m",73,35,,,,,,,S,,,,,,,,,39074-1,Acta Bot. Mex.,urn:lsid:ipni.org:publications:7662-2,2026,2026 [14 May 2026],[14 May 2026],Gir.-Cañas,spec.,Acta Bot. Mex. 133-e2579: 5. 2026 [14 May 2026] ,,doi:10.21829/abm133.2026.2579 Etymology: refers to the distinguished Peruvian botanist Rodolfo Vásquez (HOXA Herbarium).,,,11,vasqueziana,,,f,t,,holotype COL;isotype AMAZ;isotype F;isotype MO;isotype USM,,,,,Gir.-Cañas@38450-1@1@aut,,,tax. nov.,,1.3,f,marcgravia~vasqueziana,marcgraviaceaemarcgravia~vasqueziana~,,564,wfo-1000090526,,species,,,,,https://www.ipni.org/n/77380513-1,IPNI record: 77380513-1,Acta Bot. Mex. 133-e2579: 5 (2026)
urn:lsid:ipni.org:names:77380514-1,(Pierre) Streiff & J.M.de Vos,Connaraceae Rourea acropetala Pierre,(Pierre),264706-1,,,75(2)-e70101: 23,,,,,,,,,,,,20/05/2026 16:46,20/05/2026 16:46,,,Connaraceae,Roureopsis acropetala,Roureopsis acropetala,Roureopsis,,f,f,,,,,,,,,,,,,,,,,,,,,,,,,,,,,11755-1,Taxon,urn:lsid:ipni.org:publications:812-2,2026,2026 [19 Mar 2026],[19 Mar 2026],Streiff & J.M.de Vos,spec.,Taxon 75(2)-e70101: 23. 2026 [19 Mar 2026] ,,doi:10.1002/tax.70101,,,11,acropetala,,,f,t,,,,,,,Streiff@20076049-1@1@aut$J.M.de Vos@20014946-1@2@aut$Pierre@7689-1@3@bas,,,comb. nov.,,1.1,f,roureopsis~acropetala,connaraceaeroureopsis~acropetala~,,565,wfo-1000090527,,species,,,,,https://www.ipni.org/n/77380514-1,IPNI record: 77380514-1,Taxon 75(2)-e70101: 23 (2026)
urn:lsid:ipni.org:names:77380515-1,Streiff & J.M.de Vos,,,,,,75(2)-e70101: 23,,,,,,,,,,,,20/05/2026 16:47,20/05/2026 16:47,,,Connaraceae,Roureopsis sarcothecifolia,Roureopsis sarcothecifolia,Roureopsis,,f,f,,,,,,,,,,,,,,,,,,,,,,,,,,,,,11755-1,Taxon,urn:lsid:ipni.org:publications:812-2,2026,2026 [19 Mar 2026],[19 Mar 2026],Streiff & J.M.de Vos,spec.,Taxon 75(2)-e70101: 23. 2026 [19 Mar 2026] ,,doi:10.1002/tax.70101,544901-1,,9,sarcothecifolia,,,f,t,,,,,,,Streiff@20076049-1@1@aut$J.M.de Vos@20014946-1@2@aut,,,nom. nov.,,1.1,f,roureopsis~sarcothecifolia,connaraceaeroureopsis~sarcothecifolia~,,566,wfo-1000090528,,species,,,,,https://www.ipni.org/n/77380515-1,IPNI record: 77380515-1,Taxon 75(2)-e70101: 23 (2026)
urn:lsid:ipni.org:names:77380516-1,(Gilg) Streiff & J.M.de Vos,Connaraceae Rourea parviflora Gilg,(Gilg),264834-1,,,75(2)-e70101: 24,,,,,,,,,,,,20/05/2026 16:52,20/05/2026 16:52,,,Connaraceae,Santaloidella parviflora,Santaloidella parviflora,Santaloidella,,f,f,,,,,,,,,,,,,,,,,,,,,,,,,,,,,11759-1,Taxon,urn:lsid:ipni.org:publications:812-2,2026,2026 [19 Mar 2026],[19 Mar 2026],Streiff & J.M.de Vos,spec.,Taxon 75(2)-e70101: 24. 2026 [19 Mar 2026] ,,doi:10.1002/tax.70101,,,11,parviflora,,,f,t,,,,,,,Gilg@3144-1@3@bas$J.M.de Vos@20014946-1@2@aut$Streiff@20076049-1@1@aut,,,comb. nov.,,1.1,f,santaloidella~parviflora,connaraceaesantaloidella~parviflora~,,567,wfo-1000090529,,species,,,,,https://www.ipni.org/n/77380516-1,IPNI record: 77380516-1,Taxon 75(2)-e70101: 24 (2026)
urn:lsid:ipni.org:names:77380517-1,Rochel,,,,,,1810: ?,,,,,,,,,,,,20/05/2026 17:01,21/05/2026 10:29,,,Brassicaceae,Draba lasiocarpa,Draba lasiocarpa,Draba,,f,f,,,,,,,,,,,,,,,,,,,,,,,,,,,,,60436423-2,Exsicc. (Pl. Hung.),urn:lsid:ipni.org:publications:20064365-1,1810,1810,,Rochel,spec.,Exsicc. (Pl. Hung.) 1810: ?. ,,Protologue not seen by the IPNI editors. If you have access to the protologue please email a copy to us via the 'contact us' link at the top of the page.,,,8,lasiocarpa,,,f,t,,,,,,,Rochel@8471-1@1@aut,,,tax. nov.,,1.2,f,draba~lasiocarpa,brassicaceaedraba~lasiocarpa~,,568,wfo-1200118656,,species,,,,,https://www.ipni.org/n/77380517-1,IPNI record: 77380517-1,Exsicc. (Pl. Hung.) 1810: ? (1810)
urn:lsid:ipni.org:names:77380518-1,L.E.Cruz-López,,,,,,75(3)-e70153: 18,,,,,,,,,,,,20/05/2026 18:51,21/05/2026 08:56,,,Crassulaceae,Balbinaea,Balbinaea,Balbinaea,,f,f,,,,,,,,,,,,,,,,,,,,,,,,,,,,,30000887-2,Taxon,urn:lsid:ipni.org:publications:812-2,2026,2026 [20 May 2026],[20 May 2026],L.E.Cruz-López,gen.,Taxon 75(3)-e70153: 18. 2026 [20 May 2026] ,,"doi:10.1002/tax.70153 [english] Etymology: The eponymy is dedicated to Balbina Vázquez Benítez, botanist, professor of biology and curator of the succulent living plant collection at FES Zaragoza, UNAM.",,,9,,,,f,t,77380519-1,,Balbinaea bifida (Schltdl.) L.E.Cruz-López,,,,L.E.Cruz-López@20040760-1@1@aut,,,tax. nov.,,1.3,f,balbinaea,crassulaceaebalbinaea~~~,,569,wfo-4100006576,,genus,,,,,https://www.ipni.org/n/77380518-1,IPNI record: 77380518-1,Taxon 75(3)-e70153: 18 (2026)
urn:lsid:ipni.org:names:77380519-1,(Schltdl.) L.E.Cruz-López,Crassulaceae Echeveria bifida Schltdl.,(Schltdl.),273768-1,,,75(3)-e70153: 20,,,,,,,,,,,,20/05/2026 19:04,21/05/2026 09:00,,,Crassulaceae,Balbinaea bifida,Balbinaea bifida,Balbinaea,,f,f,,,,,,,,,,,,,,,,,,,,,,,,,,,,null:,77380518-1,Taxon,urn:lsid:ipni.org:publications:812-2,2026,2026 [20 May 2026],[20 May 2026],L.E.Cruz-López,spec.,Taxon 75(3)-e70153: 20. 2026 [20 May 2026] ,,doi:10.1002/tax.70153,,,11,bifida,,,f,t,,,,,,,L.E.Cruz-López@20040760-1@1@aut$Schltdl.@9114-1@2@bas,,,comb. nov.,,1.3,f,balbinaea~bifida,crassulaceaebalbinaea~bifida~,,570,wfo-1000090530,,species,,,,,https://www.ipni.org/n/77380519-1,IPNI record: 77380519-1,Taxon 75(3)-e70153: 20 (2026)
urn:lsid:ipni.org:names:77380520-1,(Rose) L.E.Cruz-López,Crassulaceae Echeveria lutea Rose,(Rose),87002-2,,,75(3)-e70153: 20,,,,,,,,,,,,20/05/2026 19:10,21/05/2026 09:02,,,Crassulaceae,Balbinaea lutea,Balbinaea lutea,Balbinaea,,f,f,,,,,,,,,,,,,,,,,,,,,,,,,,,,null:,77380518-1,Taxon,urn:lsid:ipni.org:publications:812-2,2026,2026 [20 May 2026],[20 May 2026],L.E.Cruz-López,spec.,Taxon 75(3)-e70153: 20. 2026 [20 May 2026] ,,doi:10.1002/tax.70153,,,11,lutea,,,f,t,,,,,,,Rose@8586-1@2@bas$L.E.Cruz-López@20040760-1@1@aut,,,comb. nov.,,1.3,f,balbinaea~lutea,crassulaceaebalbinaea~lutea~,,571,wfo-1000090531,,species,,,,,https://www.ipni.org/n/77380520-1,IPNI record: 77380520-1,Taxon 75(3)-e70153: 20 (2026)
urn:lsid:ipni.org:names:77380521-1,(Kimnach) L.E.Cruz-López,Crassulaceae Echeveria lyonsii Kimnach,(Kimnach),77082219-1,,,75(3)-e70153: 21,,,,,,,,,,,,20/05/2026 19:15,21/05/2026 09:03,,,Crassulaceae,Balbinaea lyonsii,Balbinaea lyonsii,Balbinaea,,f,f,,,,,,,,,,,,,,,,,,,,,,,,,,,,null:,77380518-1,Taxon,urn:lsid:ipni.org:publications:812-2,2026,2026 [20 May 2026],[20 May 2026],L.E.Cruz-López,spec.,Taxon 75(3)-e70153: 21. 2026 [20 May 2026] ,,doi:10.1002/tax.70153,,,11,lyonsii,,,f,t,,,,,,,Kimnach@4792-1@2@bas$L.E.Cruz-López@20040760-1@1@aut,,,comb. nov.,,1.3,f,balbinaea~lyonsii,crassulaceaebalbinaea~lyonsii~,,572,wfo-1000090532,,species,,,,,https://www.ipni.org/n/77380521-1,IPNI record: 77380521-1,Taxon 75(3)-e70153: 21 (2026)
urn:lsid:ipni.org:names:77380522-1,(Mart.-Aval. & Mora-Olivo) L.E.Cruz-López,Crassulaceae Echeveria rodolfoi Mart.-Aval. & Mora-Olivo,(Mart.-Aval. & Mora-Olivo),1018724-1,,,75(3)-e70153: 21,,,,,,,,,,,,20/05/2026 19:18,21/05/2026 09:04,,,Crassulaceae,Balbinaea rodolfoi,Balbinaea rodolfoi,Balbinaea,,f,f,,,,,,,,,,,,,,,,,,,,,,,,,,,,null:,77380518-1,Taxon,urn:lsid:ipni.org:publications:812-2,2026,2026 [20 May 2026],[20 May 2026],L.E.Cruz-López,spec.,Taxon 75(3)-e70153: 21. 2026 [20 May 2026] ,,doi:10.1002/tax.70153,,,11,rodolfoi,,,f,t,,,,,,,Mora-Olivo@39504-1@3@bas$L.E.Cruz-López@20040760-1@1@aut$Mart.-Aval.@37796-1@2@bas,,,comb. nov.,,1.3,f,balbinaea~rodolfoi,crassulaceaebalbinaea~rodolfoi~,,573,wfo-1000090533,,species,,,,,https://www.ipni.org/n/77380522-1,IPNI record: 77380522-1,Taxon 75(3)-e70153: 21 (2026)
urn:lsid:ipni.org:names:77380523-1,(Rose ex E.Walther) L.E.Cruz-López,Crassulaceae Echeveria runyonii Rose ex E.Walther,(Rose ex E.Walther),87078-2,,,75(3)-e70153: 21,,,,,,,,,,,,20/05/2026 19:19,21/05/2026 09:05,,,Crassulaceae,Balbinaea runyonii,Balbinaea runyonii,Balbinaea,,f,f,,,,,,,,,,,,,,,,,,,,,,,,,,,,null:,77380518-1,Taxon,urn:lsid:ipni.org:publications:812-2,2026,2026 [20 May 2026],[20 May 2026],L.E.Cruz-López,spec.,Taxon 75(3)-e70153: 21. 2026 [20 May 2026] ,,doi:10.1002/tax.70153,,,11,runyonii,,,f,t,,,,,,,L.E.Cruz-López@20040760-1@1@aut$Rose@8586-1@2@bas$E.Walther@11371-1@3@basEx,,,comb. nov.,,1.3,f,balbinaea~runyonii,crassulaceaebalbinaea~runyonii~,,574,wfo-1000090534,,species,,,,,https://www.ipni.org/n/77380523-1,IPNI record: 77380523-1,Taxon 75(3)-e70153: 21 (2026)
urn:lsid:ipni.org:names:77380524-1,(S.Watson) L.E.Cruz-López,Crassulaceae Cotyledon schaffneri S.Watson,(S.Watson),272845-1,,,75(3)-e70153: 22,,,,,,,,,,,,20/05/2026 19:22,21/05/2026 09:05,,,Crassulaceae,Balbinaea schaffneri,Balbinaea schaffneri,Balbinaea,,f,f,,,,,,,,,,,,,,,,,,,,,,,,,,,,null:,77380518-1,Taxon,urn:lsid:ipni.org:publications:812-2,2026,2026 [20 May 2026],[20 May 2026],L.E.Cruz-López,spec.,Taxon 75(3)-e70153: 22. 2026 [20 May 2026] ,,doi:10.1002/tax.70153,,,11,schaffneri,,,f,t,,,,,,,L.E.Cruz-López@20040760-1@1@aut$S.Watson@11437-1@2@bas,,,comb. nov.,,1.3,f,balbinaea~schaffneri,crassulaceaebalbinaea~schaffneri~,,575,wfo-1000090535,,species,,,,,https://www.ipni.org/n/77380524-1,IPNI record: 77380524-1,Taxon 75(3)-e70153: 22 (2026)
urn:lsid:ipni.org:names:77380525-1,(E.Walther) L.E.Cruz-López,Crassulaceae Echeveria shaviana E.Walther,(E.Walther),87097-2,,,75(3)-e70153: 22,,,,,,,,,,,,20/05/2026 19:24,21/05/2026 09:06,,,Crassulaceae,Balbinaea shaviana,Balbinaea shaviana,Balbinaea,,f,f,,,,,,,,,,,,,,,,,,,,,,,,,,,,null:,77380518-1,Taxon,urn:lsid:ipni.org:publications:812-2,2026,2026 [20 May 2026],[20 May 2026],L.E.Cruz-López,spec.,Taxon 75(3)-e70153: 22. 2026 [20 May 2026] ,,doi:10.1002/tax.70153,,,11,shaviana,,,f,t,,,,,,,E.Walther@11371-1@2@bas$L.E.Cruz-López@20040760-1@1@aut,,,comb. nov.,,1.3,f,balbinaea~shaviana,crassulaceaebalbinaea~shaviana~,,576,wfo-1000090536,,species,,,,,https://www.ipni.org/n/77380525-1,IPNI record: 77380525-1,Taxon 75(3)-e70153: 22 (2026)
urn:lsid:ipni.org:names:77380526-1,(A.Gray) L.E.Cruz-López,Crassulaceae Echeveria strictiflora A.Gray,(A.Gray),274067-1,,,75(3)-e70153: 22,,,,,,,,,,,,20/05/2026 19:25,21/05/2026 09:33,,,Crassulaceae,Balbinaea strictiflora,Balbinaea strictiflora,Balbinaea,,f,f,,,,,,,,,,,,,,,,,,,,,,,,,,,,null:,77380518-1,Taxon,urn:lsid:ipni.org:publications:812-2,2026,2026 [20 May 2026],[20 May 2026],L.E.Cruz-López,spec.,Taxon 75(3)-e70153: 22. 2026 [20 May 2026] ,,doi:10.1002/tax.70153,,,11,strictiflora,,,f,t,,,,,,,L.E.Cruz-López@20040760-1@1@aut$A.Gray@19574-1@2@bas,,,comb. nov.,,1.3,f,balbinaea~strictiflora,crassulaceaebalbinaea~strictiflora~,,577,wfo-1000090537,,species,,,,,https://www.ipni.org/n/77380526-1,IPNI record: 77380526-1,Taxon 75(3)-e70153: 22 (2026)
urn:lsid:ipni.org:names:77380527-1,(Rose) L.E.Cruz-López,Crassulaceae Echeveria tenuis Rose,(Rose),87112-2,,,75(3)-e70153: 23,,,,,,,,,,,,20/05/2026 19:27,21/05/2026 09:08,,,Crassulaceae,Balbinaea tenuis,Balbinaea tenuis,Balbinaea,,f,f,,,,,,,,,,,,,,,,,,,,,,,,,,,,null:,77380518-1,Taxon,urn:lsid:ipni.org:publications:812-2,2026,2026 [20 May 2026],[20 May 2026],L.E.Cruz-López,spec.,Taxon 75(3)-e70153: 23. 2026 [20 May 2026] ,,doi:10.1002/tax.70153,,,11,tenuis,,,f,t,,,,,,,Rose@8586-1@2@bas$L.E.Cruz-López@20040760-1@1@aut,,,comb. nov.,,1.3,f,balbinaea~tenuis,crassulaceaebalbinaea~tenuis~,,578,wfo-1000090538,,species,,,,,https://www.ipni.org/n/77380527-1,IPNI record: 77380527-1,Taxon 75(3)-e70153: 23 (2026)
urn:lsid:ipni.org:names:77380528-1,(Rose) L.E.Cruz-López,Crassulaceae Echeveria walpoleana Rose,(Rose),87130-2,,,75(3)-e70153: 23,,,,,,,,,,,,20/05/2026 19:29,21/05/2026 09:09,,,Crassulaceae,Balbinaea walpoleana,Balbinaea walpoleana,Balbinaea,,f,f,,,,,,,,,,,,,,,,,,,,,,,,,,,,null:,77380518-1,Taxon,urn:lsid:ipni.org:publications:812-2,2026,2026 [20 May 2026],[20 May 2026],L.E.Cruz-López,spec.,Taxon 75(3)-e70153: 23. 2026 [20 May 2026] ,,doi:10.1002/tax.70153,,,11,walpoleana,,,f,t,,,,,,,Rose@8586-1@2@bas$L.E.Cruz-López@20040760-1@1@aut,,,comb. nov.,,1.3,f,balbinaea~walpoleana,crassulaceaebalbinaea~walpoleana~,,579,wfo-1000090539,,species,,,,,https://www.ipni.org/n/77380528-1,IPNI record: 77380528-1,Taxon 75(3)-e70153: 23 (2026)
urn:lsid:ipni.org:names:77380529-1,(De Smet) L.E.Cruz-López,Crassulaceae Echeveria desmetiana De Smet,(De Smet),273829-1,,,75(3)-e70153: 24,,,,,,,,,,,,20/05/2026 19:31,21/05/2026 09:23,,,Crassulaceae,Balbinaea desmetiana,Balbinaea desmetiana,Balbinaea,,f,f,,,,,,,,,,,,,,,,,,,,,,,,,,,,null:,77380518-1,Taxon,urn:lsid:ipni.org:publications:812-2,2026,2026 [20 May 2026],[20 May 2026],L.E.Cruz-López,spec.,Taxon 75(3)-e70153: 24. 2026 [20 May 2026] ,,doi:10.1002/tax.70153,,,11,desmetiana,,,f,t,,,,,,,L.E.Cruz-López@20040760-1@1@aut$De Smet@9759-1@2@bas,,,comb. nov.,,1.3,f,balbinaea~desmetiana,crassulaceaebalbinaea~desmetiana~,,580,wfo-1000090540,,species,,,,,https://www.ipni.org/n/77380529-1,IPNI record: 77380529-1,Taxon 75(3)-e70153: 24 (2026)
urn:lsid:ipni.org:names:77380530-1,(Moran & J.Meyrán) L.E.Cruz-López,Crassulaceae Echeveria laui Moran & J.Meyrán,(Moran & J.Meyrán),273910-1,,,75(3)-e70153: 24,,,,,,,,,,,,20/05/2026 19:33,21/05/2026 09:23,,,Crassulaceae,Balbinaea laui,Balbinaea laui,Balbinaea,,f,f,,,,,,,,,,,,,,,,,,,,,,,,,,,,null:,77380518-1,Taxon,urn:lsid:ipni.org:publications:812-2,2026,2026 [20 May 2026],[20 May 2026],L.E.Cruz-López,spec.,Taxon 75(3)-e70153: 24. 2026 [20 May 2026] ,,doi:10.1002/tax.70153,,,11,laui,,,f,t,,,,,,,Moran@6627-1@2@bas$L.E.Cruz-López@20040760-1@1@aut$J.Meyrán@6422-1@3@bas,,,comb. nov.,,1.3,f,balbinaea~laui,crassulaceaebalbinaea~laui~,,581,wfo-1000090541,,species,,,,,https://www.ipni.org/n/77380530-1,IPNI record: 77380530-1,Taxon 75(3)-e70153: 24 (2026)
urn:lsid:ipni.org:names:77380531-1,(Rose & J.A.Purpus) L.E.Cruz-López,Crassulaceae Echeveria subalpina Rose & J.A.Purpus,(Rose & J.A.Purpus),87107-2,,,75(3)-e70153: 24,,,,,,,,,,,,20/05/2026 19:34,21/05/2026 09:24,,,Crassulaceae,Balbinaea subalpina,Balbinaea subalpina,Balbinaea,,f,f,,,,,,,,,,,,,,,,,,,,,,,,,,,,null:,77380518-1,Taxon,urn:lsid:ipni.org:publications:812-2,2026,2026 [20 May 2026],[20 May 2026],L.E.Cruz-López,spec.,Taxon 75(3)-e70153: 24. 2026 [20 May 2026] ,,doi:10.1002/tax.70153,,,11,subalpina,,,f,t,,,,,,,J.A.Purpus@8034-1@3@bas$L.E.Cruz-López@20040760-1@1@aut$Rose@8586-1@2@bas,,,comb. nov.,,1.3,f,balbinaea~subalpina,crassulaceaebalbinaea~subalpina~,,582,wfo-1000090542,,species,,,,,https://www.ipni.org/n/77380531-1,IPNI record: 77380531-1,Taxon 75(3)-e70153: 24 (2026)
urn:lsid:ipni.org:names:77380532-1,(Pérez-Calix) L.E.Cruz-López,Crassulaceae Echeveria calderoniae Pérez-Calix,(Pérez-Calix),313536-2,,,75(3)-e70153: 25,,,,,,,,,,,,20/05/2026 19:36,21/05/2026 09:25,,,Crassulaceae,Balbinaea calderoniae,Balbinaea calderoniae,Balbinaea,,f,f,,,,,,,,,,,,,,,,,,,,,,,,,,,,null:,77380518-1,Taxon,urn:lsid:ipni.org:publications:812-2,2026,2026 [20 May 2026],[20 May 2026],L.E.Cruz-López,spec.,Taxon 75(3)-e70153: 25. 2026 [20 May 2026] ,,doi:10.1002/tax.70153,,,11,calderoniae,,,f,t,,,,,,,L.E.Cruz-López@20040760-1@1@aut$Pérez-Calix@37660-1@2@bas,,,comb. nov.,,1.3,f,balbinaea~calderoniae,crassulaceaebalbinaea~calderoniae~,,583,wfo-1000090543,,species,,,,,https://www.ipni.org/n/77380532-1,IPNI record: 77380532-1,Taxon 75(3)-e70153: 25 (2026)
urn:lsid:ipni.org:names:77380533-1,(J.Meyrán) L.E.Cruz-López,Crassulaceae Echeveria minima J.Meyrán,(J.Meyrán),87012-2,,,75(3)-e70153: 25,,,,,,,,,,,,20/05/2026 19:38,21/05/2026 09:26,,,Crassulaceae,Balbinaea minima,Balbinaea minima,Balbinaea,,f,f,,,,,,,,,,,,,,,,,,,,,,,,,,,,null:,77380518-1,Taxon,urn:lsid:ipni.org:publications:812-2,2026,2026 [20 May 2026],[20 May 2026],L.E.Cruz-López,spec.,Taxon 75(3)-e70153: 25. 2026 [20 May 2026] ,,doi:10.1002/tax.70153,,,11,minima,,,f,t,,,,,,,J.Meyrán@6422-1@2@bas$L.E.Cruz-López@20040760-1@1@aut,,,comb. nov.,,1.3,f,balbinaea~minima,crassulaceaebalbinaea~minima~,,584,wfo-1000090544,,species,,,,,https://www.ipni.org/n/77380533-1,IPNI record: 77380533-1,Taxon 75(3)-e70153: 25 (2026)
urn:lsid:ipni.org:names:77380534-1,(Booth ex Lindl.) L.E.Cruz-López,Crassulaceae Echeveria secunda Booth ex Lindl.,(Booth ex Lindl.),274039-1,,,75(3)-e70153: 26,,,,,,,,,,,,20/05/2026 19:39,21/05/2026 09:27,,,Crassulaceae,Balbinaea secunda,Balbinaea secunda,Balbinaea,,f,f,,,,,,,,,,,,,,,,,,,,,,,,,,,,null:,77380518-1,Taxon,urn:lsid:ipni.org:publications:812-2,2026,2026 [20 May 2026],[20 May 2026],L.E.Cruz-López,spec.,Taxon 75(3)-e70153: 26. 2026 [20 May 2026] ,,doi:10.1002/tax.70153,,,9,secunda,,,f,t,,,,,,,Booth@0-0@2@bas$Lindl.@22383-1@3@basEx$L.E.Cruz-López@20040760-1@1@aut,,,comb. nov.,,1.3,f,balbinaea~secunda,crassulaceaebalbinaea~secunda~,,585,wfo-1000090545,,species,,,,,https://www.ipni.org/n/77380534-1,IPNI record: 77380534-1,Taxon 75(3)-e70153: 26 (2026)
urn:lsid:ipni.org:names:77380535-1,L.E.Cruz-López,,,,,,75(3)-e70153: 22,,,,,,,,,,,,20/05/2026 19:50,26/05/2026 10:33,,,Crassulaceae,Balbinaea ser. Angulatae,Balbinaea ser. Angulatae,Balbinaea,,f,f,,,,angulatae,,,,,,,,,,,nom. inval.    Contrary to Art. 22.2. ICN (2025). Contrary to Art. 22.2. ICN (2025). The name of the series includes the type of the name of the genus but does not repeat the generic name unaltered.,,nom. inval.,,,,,,,,,,,,77380518-1,Taxon,urn:lsid:ipni.org:publications:812-2,2026,2026 [20 May 2026],[20 May 2026],L.E.Cruz-López,ser.,Taxon 75(3)-e70153: 22. 2026 [20 May 2026] ,,doi:10.1002/tax.70153 [english],,,9,,,,f,t,,,Balbinaea bifida (Schltdl.) L.E.Cruz-López ,,,,L.E.Cruz-López@20040760-1@1@aut,,,tax. nov.,77380543-1,1.5,f,balbinaeaangulatae,crassulaceaebalbinaeaangulatae~~,,586,wfo-1000090546,,series,,,,,https://www.ipni.org/n/77380535-1,IPNI record: 77380535-1,Taxon 75(3)-e70153: 22 (2026)
urn:lsid:ipni.org:names:77380536-1,(E.Walther) L.E.Cruz-López,Crassulaceae Echeveria ser. Pruinosae E.Walther,(E.Walther),77380544-1,,,75(3)-e70153: 24,,,,,,,,,,,,20/05/2026 19:53,21/05/2026 09:55,,,Crassulaceae,Balbinaea ser. Pruinosae,Balbinaea ser. Pruinosae,Balbinaea,,f,f,,,,pruinosae,,,,,,,,,,,,,,,,,,,,,,,,,77380518-1,Taxon,urn:lsid:ipni.org:publications:812-2,2026,2026 [20 May 2026],[20 May 2026],L.E.Cruz-López,ser.,Taxon 75(3)-e70153: 24. 2026 [20 May 2026] ,,doi:10.1002/tax.70153 [english],,,11,,,,f,t,,,Balbinaea desmetiana,,,,L.E.Cruz-López@20040760-1@1@aut$E.Walther@11371-1@2@bas,,,comb. nov.,,1.2,f,balbinaeapruinosae,crassulaceaebalbinaeapruinosae~~,,587,wfo-1000090547,,series,,,,,https://www.ipni.org/n/77380536-1,IPNI record: 77380536-1,Taxon 75(3)-e70153: 24 (2026)
urn:lsid:ipni.org:names:77380537-1,(Baker) L.E.Cruz-López,Crassulaceae Cotyledon ser. Secundae Baker,(Baker),77380545-1,,,75(3)-e70153: 25,,,,,,,,,,,,20/05/2026 19:55,21/05/2026 10:02,,,Crassulaceae,Balbinaea ser. Secundae,Balbinaea ser. Secundae,Balbinaea,,f,f,,,,secundae,,,,,,,,,,,,,,,,,,,,,,,,,77380518-1,Taxon,urn:lsid:ipni.org:publications:812-2,2026,2026 [20 May 2026],[20 May 2026],L.E.Cruz-López,ser.,Taxon 75(3)-e70153: 25. 2026 [20 May 2026] ,,[english],,,11,,,,f,t,,,Balbinaea secunda,,,,L.E.Cruz-López@20040760-1@1@aut$Baker@407-1@2@bas,,,comb. nov.,,1.2,f,balbinaeasecundae,crassulaceaebalbinaeasecundae~~,,588,wfo-1000090548,,series,,,,,https://www.ipni.org/n/77380537-1,IPNI record: 77380537-1,Taxon 75(3)-e70153: 25 (2026)
urn:lsid:ipni.org:names:77380538-1,L.E.Cruz-López,,,,,,75(3)-e70153: 27,,,,,,,,,,,,20/05/2026 19:57,21/05/2026 10:03,,,Crassulaceae,Balbinaea ser. Vestitae,Balbinaea ser. Vestitae,Balbinaea,,f,f,,,,vestitae,,,,,,,,,,,,,,,,,,,,,,,,,77380518-1,Taxon,urn:lsid:ipni.org:publications:812-2,2026,2026 [20 May 2026],[20 May 2026],L.E.Cruz-López,ser.,Taxon 75(3)-e70153: 27. 2026 [20 May 2026] ,,doi:10.1002/tax.70153 [english],,,8,,,,f,t,,,Balbinaea semivestita (Moran) L.E.Cruz-López,,,,L.E.Cruz-López@20040760-1@1@aut,,,tax. nov.,,1.2,f,balbinaeavestitae,crassulaceaebalbinaeavestitae~~,,589,wfo-1000090549,,series,,,,,https://www.ipni.org/n/77380538-1,IPNI record: 77380538-1,Taxon 75(3)-e70153: 27 (2026)
urn:lsid:ipni.org:names:77380539-1,K.F.Schimp. & Spenn.,,,,,,3: 941,,,,,,,,,,,,21/05/2026 05:40,21/05/2026 12:48,,,Brassicaceae,Napus rapa var. esculenta,Napus rapa var. esculenta,Napus,,f,f,,,,,esculenta,,,,,,,,,,,,,,,,,,,,,,,,287277-1,Fl. Friburg.,urn:lsid:ipni.org:publications:1119-2,1829,1829,,K.F.Schimp. & Spenn.,var.,Fl. Friburg. 3: 941. 1829 ,,,,,8,rapa,K.F.Schimp. & Spenn.,,f,t,,,,,,,Spenn.@9960-1@2@aut$K.F.Schimp.@26277-1@1@aut,Spenn.@0-0@2@aut$K.F.Schimp.@0-0@1@aut,,tax. nov.,,1.3,f,napus~rapaesculenta,brassicaceaenapus~rapaesculenta,,590,wfo-1200118602,,variety,,,,,https://www.ipni.org/n/77380539-1,IPNI record: 77380539-1,Fl. Friburg. 3: 941 (1829)
urn:lsid:ipni.org:names:77380540-1,(DC.) K.F.Schimp. & Spenn.,Brassicaceae Brassica rapa L. [infrasp.unranked] oleifera DC.,(DC.),60452335-2,,,3: 941,,,,,,,,,,,,21/05/2026 05:44,21/05/2026 12:48,,,Brassicaceae,Napus rapa var. oleifera,Napus rapa var. oleifera,Napus,,f,f,,,,,oleifera,,,,,,,,,,,,,,,,,,,,,,,null:,287277-1,Fl. Friburg.,urn:lsid:ipni.org:publications:1119-2,1829,1829,,K.F.Schimp. & Spenn.,var.,Fl. Friburg. 3: 941. 1829 ,,indirect ref 'Mathiol ic. 330',,,11,rapa,K.F.Schimp. & Spenn.,,f,t,,,,,,,K.F.Schimp.@26277-1@1@aut$Spenn.@9960-1@2@aut$DC.@16855-1@3@bas,K.F.Schimp.@0-0@1@aut$Spenn.@0-0@2@aut,,comb. nov.,,1.3,f,napus~rapaoleifera,brassicaceaenapus~rapaoleifera,,591,wfo-1200118603,,variety,,,,,https://www.ipni.org/n/77380540-1,IPNI record: 77380540-1,Fl. Friburg. 3: 941 (1829)
urn:lsid:ipni.org:names:77380541-1,(Moran) L.E.Cruz-López,Crassulaceae Echeveria semivestita Moran,(Moran),87090-2,,,75(3)-e70153: 28,,,,,,,,,,,,21/05/2026 09:30,21/05/2026 09:30,,,Crassulaceae,Balbinaea semivestita,Balbinaea semivestita,Balbinaea,,f,f,,,,,,,,,,,,,,,,,,,,,,,,,,,,,77380518-1,Taxon,urn:lsid:ipni.org:publications:812-2,2026,2026 [20 May 2026],[20 May 2026],L.E.Cruz-López,spec.,Taxon 75(3)-e70153: 28. 2026 [20 May 2026] ,,doi:10.1002/tax.70153,,,11,semivestita,,,f,t,,,,,,,L.E.Cruz-López@20040760-1@1@aut$Moran@6627-1@2@bas,,,comb. nov.,,1.1,f,balbinaea~semivestita,crassulaceaebalbinaea~semivestita~,,592,wfo-1000090550,,species,,,,,https://www.ipni.org/n/77380541-1,IPNI record: 77380541-1,Taxon 75(3)-e70153: 28 (2026)
urn:lsid:ipni.org:names:77380542-1,(E.Walther) L.E.Cruz-López,Crassulaceae Echeveria semivestita Moran var. floresiana E.Walther,(E.Walther),87091-2,,,75(3)-e70153: 27,,,,,,,,,,,,21/05/2026 09:32,21/05/2026 09:32,,,Crassulaceae,Balbinaea semivestita var. floresiana,Balbinaea semivestita var. floresiana,Balbinaea,,f,f,,,,,floresiana,,,,,,,,,,,,,,,,,,,,,,,,77380541-1,Taxon,urn:lsid:ipni.org:publications:812-2,2026,2026 [20 May 2026],[20 May 2026],L.E.Cruz-López,var.,Taxon 75(3)-e70153: 27. 2026 [20 May 2026] ,,doi:10.1002/tax.70153,,,11,semivestita,(Moran) L.E.Cruz-López,,f,t,,,,,,,L.E.Cruz-López@20040760-1@1@aut$E.Walther@11371-1@2@bas,L.E.Cruz-López@20040760-1@1@aut$Moran@6627-1@2@bas,,comb. nov.,,1.1,f,balbinaea~semivestitafloresiana,crassulaceaebalbinaea~semivestitafloresiana,,593,wfo-1200118604,,variety,,,,,https://www.ipni.org/n/77380542-1,IPNI record: 77380542-1,Taxon 75(3)-e70153: 27 (2026)
urn:lsid:ipni.org:names:77380543-1,E.Walther,,,,,,7(5): 69,,,,,,,,,,,,21/05/2026 09:42,21/05/2026 09:42,,,Crassulaceae,Echeveria ser. Angulatae,Echeveria ser. Angulatae,Echeveria,,f,f,,,,angulatae,,,,,,,,,,,"nom. inval.    , lacking Latin description",,nom. inval.,,,,,,,,,,,,30004414-2,Cact. Succ. J. (Los Angeles),urn:lsid:ipni.org:publications:1964-2,1935,1935,,E.Walther,ser.,Cact. Succ. J. (Los Angeles) 7(5): 69. 1935 ,,,,,9,,,,f,t,,,Echeveria teretifolia DC.,,,,E.Walther@11371-1@1@aut,,,tax. nov.,,1.1,f,echeveriaangulatae,crassulaceaeecheveriaangulatae~~,,594,wfo-1000090551,,series,,,,,https://www.ipni.org/n/77380543-1,IPNI record: 77380543-1,Cact. Succ. J. (Los Angeles) 7(5): 69 (1935)
urn:lsid:ipni.org:names:77380544-1,E.Walther,,,,,,9: 2,,,,,,,,,,,,21/05/2026 09:54,21/05/2026 09:54,,,Crassulaceae,Echeveria ser. Pruinosae,Echeveria ser. Pruinosae,Echeveria,,f,f,,,,pruinosae,,,,,,,,,,,,,,,,,,,,,,,,,30004414-2,Leafl. W. Bot.,urn:lsid:ipni.org:publications:989-2,1959,1959,,E.Walther,ser.,"Leafl. W. Bot. 9: 2. 1959 , in clavi",", in clavi",,,,8,,,,f,t,,,,,,,E.Walther@11371-1@1@aut,,,tax. nov.,,1.1,f,echeveriapruinosae,crassulaceaeecheveriapruinosae~~,,595,wfo-1000090552,,series,,,,,https://www.ipni.org/n/77380544-1,IPNI record: 77380544-1,Leafl. W. Bot. 9: 2 (1959)
urn:lsid:ipni.org:names:77380545-1,Baker,,,,,,1: p. [1] of Analytical table.,,,,,,,,,,,,21/05/2026 10:02,21/05/2026 10:02,,,Crassulaceae,Cotyledon ser. Secundae,Cotyledon ser. Secundae,Cotyledon,,f,f,,,,secundae,,,,,,,,,,,,,,,,,,,,,,,,,30005010-2,Refug. Bot. [Saunders],urn:lsid:ipni.org:publications:5797-2,1869,1869,,Baker,ser.,Refug. Bot. [Saunders] 1: p. [1] of Analytical table. 1869 ,,,,,8,,,,f,t,,,,,,,Baker@407-1@1@aut,,,tax. nov.,,1.1,f,cotyledonsecundae,crassulaceaecotyledonsecundae~~,,596,wfo-1000090553,,series,,,,,https://www.ipni.org/n/77380545-1,IPNI record: 77380545-1,Refug. Bot. [Saunders] 1: p. [1] of Analytical table. (1869)
urn:lsid:ipni.org:names:77380546-1,(Willk.) Rivas Mart.,Asteraceae Artemisia assoana Willk.,(Willk.),179236-1,,,18(2): 481,,,,,,,,,,,,21/05/2026 10:21,21/05/2026 10:21,,,Asteraceae,Artemisia pedemontana subsp. assoana,Artemisia pedemontana subsp. assoana,Artemisia,,f,f,,,,,assoana,20009204-1,,,,,,,,,isonym,,isonym,,,,,,,,,,,,179943-1,Itinera Geobot.,urn:lsid:ipni.org:publications:20000055-1,2011,2011 [16 Jul 2011],[16 Jul 2011],Rivas Mart.,subsp.,Itinera Geobot. 18(2): 481. 2011 [16 Jul 2011] ,,,,,13,pedemontana,Balb. ex Loisel.,,f,t,,,,,,,Rivas Mart.@8423-1@1@aut$Willk.@11723-1@2@bas,Balb.@31247-1@1@aut$Loisel.@12663-1@2@autEx,,comb. et stat. nov.,,1.1,f,artemisia~pedemontanaassoana,asteraceaeartemisia~pedemontanaassoana,,597,wfo-1200118701,,subspecies,,,,,https://www.ipni.org/n/77380546-1,IPNI record: 77380546-1,Itinera Geobot. 18(2): 481 (2011)
urn:lsid:ipni.org:names:77380547-1,(Boiss.) Rivas Mart.,Poaceae Avena albinervis Boiss.,(Boiss.),391291-1,,,18(2): 482,,,,,,,,,,,,21/05/2026 10:27,21/05/2026 10:27,,,Poaceae,Avenula albinervis,Avenula albinervis,Avenula,,f,f,,,,,,391991-1,,,,,,,,,isonym,,isonym,,,,,,,,,,,,30096041-2,Itinera Geobot.,urn:lsid:ipni.org:publications:20000055-1,2011,2011 [16 Jul 2011],[16 Jul 2011],Rivas Mart.,spec.,Itinera Geobot. 18(2): 482. 2011 [16 Jul 2011] ,,,,,13,albinervis,,,f,t,,,,,,,Rivas Mart.@8423-1@1@aut$Boiss.@16284-1@2@bas,,,comb. nov.,,1.1,f,avenula~albinervis,poaceaeavenula~albinervis~,,598,wfo-1200118657,,species,,,,,https://www.ipni.org/n/77380547-1,IPNI record: 77380547-1,Itinera Geobot. 18(2): 482 (2011)
urn:lsid:ipni.org:names:77380548-1,(DC.) Rivas Mart.,Poaceae Avena amethystina DC.,(DC.),391307-1,,,18(2): 482,,,,,,,,,,,,21/05/2026 10:32,21/05/2026 10:39,,,Poaceae,Avenula pubescens subsp. amethystina,Avenula pubescens subsp. amethystina,Avenula,,f,f,,,,,amethystina,,,,,,,,,,,,,,,,,,,,,,,,392028-1,Itinera Geobot.,urn:lsid:ipni.org:publications:20000055-1,2011,2011 [16 Jul 2011],[16 Jul 2011],Rivas Mart.,subsp.,Itinera Geobot. 18(2): 482. 2011 [16 Jul 2011] ,,,,,11,pubescens,(Huds.) Dumort.,,f,t,,,,,,,DC.@16855-1@2@bas$Rivas Mart.@8423-1@1@aut,Dumort.@18271-1@1@aut$Huds.@4198-1@2@bas,,comb. et stat. nov.,,1.2,f,avenula~pubescensamethystina,poaceaeavenula~pubescensamethystina,,599,wfo-1200118658,,subspecies,,,,,https://www.ipni.org/n/77380548-1,IPNI record: 77380548-1,Itinera Geobot. 18(2): 482 (2011)
urn:lsid:ipni.org:names:77380549-1,(Talavera) Rivas Mart.,Poaceae Brachypodium gaditanum Talavera,(Talavera),931265-1,,,18(2): 482,,,,,,,,,,,,21/05/2026 11:11,21/05/2026 11:11,,,Poaceae,Brachypodium sylvaticum subsp. gaditanum,Brachypodium sylvaticum subsp. gaditanum,Brachypodium,,f,f,,,,,gaditanum,,,,,,,,,,,,,,,,,,,,,,,,30348464-2,Itinera Geobot.,urn:lsid:ipni.org:publications:20000055-1,2011,2011 [16 Jul 2011],[16 Jul 2011],Rivas Mart.,subsp.,Itinera Geobot. 18(2): 482. 2011 [16 Jul 2011] ,,,,,11,sylvaticum,(Huds.) P.Beauv.,,f,t,,,,,,,Talavera@10397-1@2@bas$Rivas Mart.@8423-1@1@aut,P.Beauv.@7271-1@1@aut$Huds.@4198-1@2@bas,,comb. et stat. nov.,,1.1,f,brachypodium~sylvaticumgaditanum,poaceaebrachypodium~sylvaticumgaditanum,,600,wfo-1200118659,,subspecies,,,,,https://www.ipni.org/n/77380549-1,IPNI record: 77380549-1,Itinera Geobot. 18(2): 482 (2011)
urn:lsid:ipni.org:names:77380550-1,(Sennen) Rivas Mart.,Ericaceae Calluna elegantissima Sennen,(Sennen),327300-1,,,18(2): 482,,,,,,,,,,,,21/05/2026 11:13,21/05/2026 11:13,,,Ericaceae,Calluna vulgaris var. elegantissima,Calluna vulgaris var. elegantissima,Calluna,,f,f,,,,,elegantissima,,,,,,,,,,,,,,,,,,,,,,,,327305-1,Itinera Geobot.,urn:lsid:ipni.org:publications:20000055-1,2011,2011 [16 Jul 2011],[16 Jul 2011],Rivas Mart.,var.,Itinera Geobot. 18(2): 482. 2011 [16 Jul 2011] ,,,,,11,vulgaris,(L.) Hull,,f,t,,,,,,,Sennen@9488-1@2@bas$Rivas Mart.@8423-1@1@aut,Hull@4217-1@1@aut$L.@12653-1@2@bas,,comb. et stat. nov.,,1.1,f,calluna~vulgariselegantissima,ericaceaecalluna~vulgariselegantissima,,601,wfo-1200118660,,variety,,,,,https://www.ipni.org/n/77380550-1,IPNI record: 77380550-1,Itinera Geobot. 18(2): 482 (2011)
urn:lsid:ipni.org:names:77380551-1,(Maire) Rivas Mart.,Cyperaceae Carex binervis Sm. var. tingitana Maire,(Maire),77268831-1,,,18(2): 482,,,,,,,,,,,,21/05/2026 11:17,21/05/2026 11:17,,,Cyperaceae,Carex binervis subsp. tingitana,Carex binervis subsp. tingitana,Carex,,f,f,,,,,tingitana,,,,,,,,,,,,,,,,,,,,,,,,298837-1,Itinera Geobot.,urn:lsid:ipni.org:publications:20000055-1,2011,2011 [16 Jul 2011],[16 Jul 2011],Rivas Mart.,subsp.,Itinera Geobot. 18(2): 482. 2011 [16 Jul 2011] ,,,,,11,binervis,Sm.,,f,t,,,,,,,Maire@6001-1@2@bas$Rivas Mart.@8423-1@1@aut,Sm.@9802-1@1@aut,,stat. nov.,,1.1,f,carex~binervistingitana,cyperaceaecarex~binervistingitana,,602,wfo-1200118661,,subspecies,,,,,https://www.ipni.org/n/77380551-1,IPNI record: 77380551-1,Itinera Geobot. 18(2): 482 (2011)
urn:lsid:ipni.org:names:77380552-1,(Cuatrec.) Rivas Mart.,Asteraceae Carduncellus araneosus Boiss. & Reut. var. macrocephalus Cuatrec.,(Cuatrec.),50901981-1,,,18(2): 482,,,,,,,,,,,,21/05/2026 11:22,21/05/2026 11:22,,,Asteraceae,Carthamus araneosus subsp. macrocephalus,Carthamus araneosus subsp. macrocephalus,Carthamus,,f,f,,,,,macrocephalus,,,,,,,,,,,,,,,,,,,,,,,,189450-1,Itinera Geobot.,urn:lsid:ipni.org:publications:20000055-1,2011,2011 [16 Jul 2011],[16 Jul 2011],Rivas Mart.,subsp.,Itinera Geobot. 18(2): 482. 2011 [16 Jul 2011] ,,,,,11,araneosus,Sch.Bip.,,f,t,,,,,,,Cuatrec.@17562-1@2@bas$Rivas Mart.@8423-1@1@aut,Sch.Bip.@9294-1@1@aut,,stat. nov.,,1.1,f,carthamus~araneosusmacrocephalus,asteraceaecarthamus~araneosusmacrocephalus,,603,wfo-1200118605,,subspecies,,,,,https://www.ipni.org/n/77380552-1,IPNI record: 77380552-1,Itinera Geobot. 18(2): 482 (2011)
urn:lsid:ipni.org:names:77380553-1,(Rivas Goday & Rivas Mart.) Rivas Mart.,Asteraceae Carduncellus araneosus Boiss. & Reut. subsp. pseudomitissimus Rivas Goday & Rivas Mart.,(Rivas Goday & Rivas Mart.),50972906-1,,,18(2): 482,,,,,,,,,,,,21/05/2026 11:57,21/05/2026 11:57,,,Asteraceae,Carthamus araneosus subsp. pseudomitissimus,Carthamus araneosus subsp. pseudomitissimus,Carthamus,,f,f,,,,,pseudomitissimus,,,,,,,,,,,,,,,,,,,,,,,,189450-1,Itinera Geobot.,urn:lsid:ipni.org:publications:20000055-1,2011,2011 [16 Jul 2011],[16 Jul 2011],Rivas Mart.,subsp.,Itinera Geobot. 18(2): 482. 2011 [16 Jul 2011] ,,,,,11,araneosus,Sch.Bip.,,f,t,,,,,,,Rivas Mart.@8423-1@1@aut$Rivas Goday@8422-1@2@bas$Rivas Mart.@8423-1@3@bas,Sch.Bip.@9294-1@1@aut,,comb. nov.,,1.1,f,carthamus~araneosuspseudomitissimus,asteraceaecarthamus~araneosuspseudomitissimus,,604,wfo-1200118606,,subspecies,,,,,https://www.ipni.org/n/77380553-1,IPNI record: 77380553-1,Itinera Geobot. 18(2): 482 (2011)
urn:lsid:ipni.org:names:77380554-1,(Pau & Font Quer) Rivas Mart.,Poaceae Stipa gigantea Link var. maroccana Pau & Font Quer,(Pau & Font Quer),51006203-1,,,18(2): 482,,,,,,,,,,,,21/05/2026 11:59,21/05/2026 11:59,,,Poaceae,Celtica maroccana,Celtica maroccana,Celtica,,f,f,,,,,,,,,,,,,,,,,,,,,,,,,,,,,77060057-1,Itinera Geobot.,urn:lsid:ipni.org:publications:20000055-1,2011,2011 [16 Jul 2011],[16 Jul 2011],Rivas Mart.,spec.,Itinera Geobot. 18(2): 482. 2011 [16 Jul 2011] ,,,,,11,maroccana,,,f,t,,,,,,,Rivas Mart.@8423-1@1@aut$Pau@7401-1@2@bas$Font Quer@2810-1@3@bas,,,comb. nov.,,1.1,f,celtica~maroccana,poaceaeceltica~maroccana~,,605,wfo-1000090554,,species,,,,,https://www.ipni.org/n/77380554-1,IPNI record: 77380554-1,Itinera Geobot. 18(2): 482 (2011)
urn:lsid:ipni.org:names:77380555-1,(Pau) Rivas Mart.,Asteraceae Centaurea spachii Sch.Bip. ex Willk. & Lange var. humilis Pau,(Pau),50917736-1,,,18(2): 482,,,,,,,,,,,,21/05/2026 12:04,21/05/2026 12:04,,,Asteraceae,Centaurea resupinata subsp. humilis,Centaurea resupinata subsp. humilis,Centaurea,,f,f,,,,,humilis,,,,,,,,,,,,,,,,,,,,,,,,191430-1,Itinera Geobot.,urn:lsid:ipni.org:publications:20000055-1,2011,2011 [16 Jul 2011],[16 Jul 2011],Rivas Mart.,subsp.,Itinera Geobot. 18(2): 482. 2011 [16 Jul 2011] ,,,,,11,resupinata,Coss.,,f,t,,,,,,,Rivas Mart.@8423-1@1@aut$Pau@7401-1@2@bas,Coss.@17452-1@1@aut,,comb. nov.,,1.1,f,centaurea~resupinatahumilis,asteraceaecentaurea~resupinatahumilis,,606,wfo-1200118607,,subspecies,,,,,https://www.ipni.org/n/77380555-1,IPNI record: 77380555-1,Itinera Geobot. 18(2): 482 (2011)
urn:lsid:ipni.org:names:77380556-1,(Maire & Sauvage) Rivas Mart.,Gentianaceae Centaurium umbellatum Gilib. ex Beck subsp. bernardii Maire & Sauvage,(Maire & Sauvage),50916417-1,,,18(2): 482,,,,,,,,,,,,21/05/2026 12:09,21/05/2026 12:09,,,Gentianaceae,Centaurium bernardii,Centaurium bernardii,Centaurium,,f,f,,,,,,,,,,,,,,,,,,,,,,,,,,,,,30015106-2,Itinera Geobot.,urn:lsid:ipni.org:publications:20000055-1,2011,2011 [16 Jul 2011],[16 Jul 2011],Rivas Mart.,spec.,Itinera Geobot. 18(2): 482. 2011 [16 Jul 2011] ,,,,,11,bernardii,,,f,t,,,,,,,Sauvage@8962-1@3@bas$Rivas Mart.@8423-1@1@aut$Maire@6001-1@2@bas,,,comb. et stat. nov.,,1.1,f,centaurium~bernardii,gentianaceaecentaurium~bernardii~,,607,wfo-1000090555,,species,,,,,https://www.ipni.org/n/77380556-1,IPNI record: 77380556-1,Itinera Geobot. 18(2): 482 (2011)
urn:lsid:ipni.org:names:77380557-1,(Sweet) Rivas Mart.,Gentianaceae Erythraea massonii Sweet ex H.C.Watson,(Sweet),367357-1,,,18(2): 482,,,,,,,,,,,,21/05/2026 12:16,21/05/2026 12:16,,,Gentianaceae,Centaurium massonii,Centaurium massonii,Centaurium,,f,f,,,,,,,,,,,,,,,nom. inval.    Contrary to Art. 6.10. ICN (2025). Basionym not validly published.,,nom. inval.,,,,,,,,,,,,30015106-2,Itinera Geobot.,urn:lsid:ipni.org:publications:20000055-1,2011,2011 [16 Jul 2011],[16 Jul 2011],Rivas Mart.,spec.,Itinera Geobot. 18(2): 482. 2011 [16 Jul 2011] ,,"Author cited basionym as Erythraea massonii Sweet, Hort. Brit. Ed. 2: 363. 1830, which is a nom. nud. The basionym was validated by H.C.Watson in London J. Bot. 3: 595. 1844.",,,12,massonii,,,f,t,,,,,,,Sweet@10341-1@2@bas$Rivas Mart.@8423-1@1@aut,,,comb. nov.,,1.1,f,centaurium~massonii,gentianaceaecentaurium~massonii~,,608,wfo-1000090556,,species,,,,,https://www.ipni.org/n/77380557-1,IPNI record: 77380557-1,Itinera Geobot. 18(2): 482 (2011)
urn:lsid:ipni.org:names:77380558-1,"Su Y.Nong, H.C.Xi & Y.S.Huang",,,,,,756(3): 278,,8,,9,,Y3144,2016,,Y.S.Huang &amp; Ying Qin,,,21/05/2026 12:31,22/05/2026 11:36,"Guangxi (China Southeast, China, Asia-Temperate)",,Aristolochiaceae,Aristolochia baiseensis,Aristolochia baiseensis,Aristolochia,,f,f,,,,,,,,,,,"Baise City, Jingxi City, Longlin Town, Sanlong Village, 870 m",,,,,,,,,,,,,,,,,,330834-2,Phytotaxa,urn:lsid:ipni.org:publications:20011462-1,2026,2026 [15 May 2026],[15 May 2026],"Su Y.Nong, H.C.Xi & Y.S.Huang",spec.,Phytotaxa 756(3): 278. 2026 [15 May 2026] ,,doi:10.11646/phytotaxa.756.3.7 Etymology: the specific epithet is named for the type locality.,,,11,baiseensis,,,f,t,,holotype IBK IBK00470801;isotype IBK IBK00470802;isotype PE,,,,,H.C.Xi@20041773-1@2@aut$Su Y.Nong@20098803-1@1@aut$Y.S.Huang@20016569-1@3@aut,,,tax. nov.,,1.2,f,aristolochia~baiseensis,aristolochiaceaearistolochia~baiseensis~,,609,wfo-1000090557,,species,,,,,https://www.ipni.org/n/77380558-1,IPNI record: 77380558-1,Phytotaxa 756(3): 278 (2026)
urn:lsid:ipni.org:names:77380559-1,Camelo-Júnior & Van den Berg,,,,,,756(3): 287,,19,,6,,100,2025,,A.E.Camelo-Júnior &amp; C.van den Berg,,,21/05/2026 12:51,22/05/2026 11:26,"Espírito Santo (Brazil Southeast, Brazil, Southern America)",W,Orchidaceae,Pseudolaelia × douglasii,Pseudolaelia × douglasii,Pseudolaelia,,t,f,,,,,,,,19,29,35,"Baixo Guandu, Quilômetro 14 do Mutum, Fazenda Pedra Grande, Pedra do Maquiji, 877 m",40,50,14,,,,,,S,,,,,,,,,290941-2,Phytotaxa,urn:lsid:ipni.org:publications:20011462-1,2026,2026 [15 May 2026],[15 May 2026],Camelo-Júnior & Van den Berg,spec.,Phytotaxa 756(3): 287. 2026 [15 May 2026] ,,"doi:10.11646/phytotaxa.756.3.8 Etymology: the nothospecific epithet is named in honour of Douglas de Menezes Zaché, in recognition of his contributions to the knowledge of Orchidaceae in Espírito Santo, Brazil.",,,11,douglasii,,,f,t,,holotype HUEFS HUEFS292313;isotype HUEFS;isotype RB,,,,,Van den Berg@38809-1@2@aut$Camelo-Júnior@20098804-1@1@aut,,,tax. nov.,,1.2,f,pseudolaelia~douglasii,orchidaceaepseudolaelia~douglasii~,,610,wfo-1000090558,,species,,,,,https://www.ipni.org/n/77380559-1,IPNI record: 77380559-1,Phytotaxa 756(3): 287 (2026)
urn:lsid:ipni.org:names:77380560-1,Szeląg,,,,,,756(3): 293,,30,,7,,,2022,,,,,21/05/2026 13:11,21/05/2026 13:11,"Greece (Southeastern Europe, Europe)",,Asteraceae,Hieracium eliae-prophetae,Hieracium eliae-prophetae,Hieracium,,f,f,,,,,,,,,,,"Taygetos Mts., Mt. Profitis Ilias, on the north-western slope along a tourist path to the summit, ca. 2200 m",,,,,,,,,,,,,,,,,,330082-2,Phytotaxa,urn:lsid:ipni.org:publications:20011462-1,2026,2026 [15 May 2026],[15 May 2026],Szeląg,spec.,Phytotaxa 756(3): 293. 2026 [15 May 2026] ,,"doi:10.11646/phytotaxa.756.3.9 Etymology: the specific epithet is named after the Old Testament Prophet Elijah, and the highest peak of the Taygetos mountains in Greece.",,,10,eliae-prophetae,,,f,t,,holotype KRAM;isotype Herb. Hierac. Szelag,,,,,Szeląg@39474-1@1@aut,,,tax. nov.,,1.1,f,hieracium~eliae-prophetae,asteraceaehieracium~eliae-prophetae~,,611,wfo-1000090559,,species,,,,,https://www.ipni.org/n/77380560-1,IPNI record: 77380560-1,Phytotaxa 756(3): 293 (2026)
urn:lsid:ipni.org:names:77380561-1,Boiss.,,,,,,2: 107,,,,,,,,,,,,21/05/2026 13:24,21/05/2026 13:24,,,Caryophyllaceae,Cerastium alpinum var. aquaticum,Cerastium alpinum var. aquaticum,Cerastium,,f,f,,,,,aquaticum,,,,,,,,,,,,,,,,,,,,,,,,302288-2,Voy. Bot. Espagne,urn:lsid:ipni.org:publications:3598-2,1840,1840,,Boiss.,var.,Voy. Bot. Espagne 2: 107. 1840 ,,,,,8,alpinum,L.,,f,t,,,,,,,Boiss.@16284-1@1@aut,L.@12653-1@1@aut,,tax. nov.,,1.1,f,cerastium~alpinumaquaticum,caryophyllaceaecerastium~alpinumaquaticum,,612,wfo-0000595079,,variety,,,,,https://www.ipni.org/n/77380561-1,IPNI record: 77380561-1,Voy. Bot. Espagne 2: 107 (1840)
urn:lsid:ipni.org:names:77380562-1,(Boiss.) Rivas Mart. & Molero Mesa,Caryophyllaceae Cerastium alpinum L. var. aquaticum Boiss.,(Boiss.),77380561-1,,,18(2): 482,,,,,,,,,,,,21/05/2026 13:31,21/05/2026 13:31,,,Caryophyllaceae,Cerastium glaberrimum subsp. aquaticum,Cerastium glaberrimum subsp. aquaticum,Cerastium,,f,f,,,,,aquaticum,,,,,,,,,,,,,,,,,,,,,,,,152268-1,Itinera Geobot.,urn:lsid:ipni.org:publications:20000055-1,2011,2011 [16 Jul 2011],[16 Jul 2011],Rivas Mart. & Molero Mesa,subsp.,Itinera Geobot. 18(2): 482. 2011 [16 Jul 2011] ,,,,,11,glaberrimum,Lapeyr.,,f,t,,,,,,,Boiss.@16284-1@3@bas$Rivas Mart.@8423-1@1@aut$Molero Mesa@23535-1@2@aut,Lapeyr.@5279-1@1@aut,,comb. nov.,,1.1,f,cerastium~glaberrimumaquaticum,caryophyllaceaecerastium~glaberrimumaquaticum,,613,wfo-1200118608,,subspecies,,,,,https://www.ipni.org/n/77380562-1,IPNI record: 77380562-1,Itinera Geobot. 18(2): 482 (2011)
urn:lsid:ipni.org:names:77380563-1,(Pau) Rivas Mart. & Molero Mesa,Caryophyllaceae Cerastium alpinum L. var. nevadense Pau,(Pau),77249429-1,,,18(2): 482,,,,,,,,,,,,21/05/2026 13:34,21/05/2026 13:34,,,Caryophyllaceae,Cerastium squalidum subsp. nevadense,Cerastium squalidum subsp. nevadense,Cerastium,,f,f,,,,,nevadense,,,,,,,,,,,,,,,,,,,,,,,,152653-1,Itinera Geobot.,urn:lsid:ipni.org:publications:20000055-1,2011,2011 [16 Jul 2011],[16 Jul 2011],Rivas Mart. & Molero Mesa,subsp.,Itinera Geobot. 18(2): 482. 2011 [16 Jul 2011] ,,,,,11,squalidum,Ramond,,f,t,,,,,,,Rivas Mart.@8423-1@1@aut$Molero Mesa@23535-1@2@aut$Pau@7401-1@3@bas,Ramond@8128-1@1@aut,,comb. nov.,,1.1,f,cerastium~squalidumnevadense,caryophyllaceaecerastium~squalidumnevadense,,614,wfo-1200118609,,subspecies,,,,,https://www.ipni.org/n/77380563-1,IPNI record: 77380563-1,Itinera Geobot. 18(2): 482 (2011)
urn:lsid:ipni.org:names:77380564-1,(Benedí & P.Monts.) Rivas Mart.,Scrophulariaceae Chaenorhinum suttonii Benedí & P.Monts.,(Benedí & P.Monts.),960520-1,,,18(2): 482,,,,,,,,,,,,21/05/2026 13:35,21/05/2026 13:35,,,Scrophulariaceae,Chaenorhinum formenterae subsp. suttonii,Chaenorhinum formenterae subsp. suttonii,Chaenorhinum,,f,f,,,,,suttonii,,,,,,,,,,,,,,,,,,,,,,,,801398-1,Itinera Geobot.,urn:lsid:ipni.org:publications:20000055-1,2011,2011 [16 Jul 2011],[16 Jul 2011],Rivas Mart.,subsp.,Itinera Geobot. 18(2): 482. 2011 [16 Jul 2011] ,,,,,11,formenterae,Gand.,,f,t,,,,,,,Rivas Mart.@8423-1@1@aut$P.Monts.@23579-1@3@bas$Benedí@14608-1@2@bas,Gand.@3009-1@1@aut,,comb. et stat. nov.,,1.1,f,chaenorhinum~formenteraesuttonii,scrophulariaceaechaenorhinum~formenteraesuttonii,,615,wfo-1200118610,,subspecies,,,,,https://www.ipni.org/n/77380564-1,IPNI record: 77380564-1,Itinera Geobot. 18(2): 482 (2011)
urn:lsid:ipni.org:names:77380565-1,(Pomel) Rivas Mart.,Scrophulariaceae Chaenorhinum macrocalyx Pomel,(Pomel),801399-1,,,18(2): 482,,,,,,,,,,,,21/05/2026 13:37,21/05/2026 13:37,,,Scrophulariaceae,Chaenorhinum villosum subsp. macrocalyx,Chaenorhinum villosum subsp. macrocalyx,Chaenorhinum,,f,f,,,,,macrocalyx,,,,,,,,,,,,,,,,,,,,,,,,801409-1,Itinera Geobot.,urn:lsid:ipni.org:publications:20000055-1,2011,2011 [16 Jul 2011],[16 Jul 2011],Rivas Mart.,subsp.,Itinera Geobot. 18(2): 482. 2011 [16 Jul 2011] ,,,,,11,villosum,Lange,,f,t,,,,,,,Pomel@7823-1@2@bas$Rivas Mart.@8423-1@1@aut,Lange@5261-1@1@aut,,comb. et stat. nov.,,1.1,f,chaenorhinum~villosummacrocalyx,scrophulariaceaechaenorhinum~villosummacrocalyx,,616,wfo-1200118611,,subspecies,,,,,https://www.ipni.org/n/77380565-1,IPNI record: 77380565-1,Itinera Geobot. 18(2): 482 (2011)
urn:lsid:ipni.org:names:77380566-1,(Acebes) Acebes & Rivas Mart.,Leguminosae Chamaecytisus proliferus (L.f.) Link var. calderae Acebes,(Acebes),965597-1,,,18(2): 482,,,,,,,,,,,,21/05/2026 13:39,21/05/2026 13:39,,,Leguminosae,Chamaecytisus proliferus subsp. calderae,Chamaecytisus proliferus subsp. calderae,Chamaecytisus,,f,f,,,,,calderae,,,,,,,,,,,,,,,,,,,,,,,,485975-1,Itinera Geobot.,urn:lsid:ipni.org:publications:20000055-1,2011,2011 [16 Jul 2011],[16 Jul 2011],Acebes & Rivas Mart.,subsp.,Itinera Geobot. 18(2): 482. 2011 [16 Jul 2011] ,,,,,11,proliferus,(L.f.) Link,,f,t,,,,,,,Rivas Mart.@8423-1@2@aut$Acebes@30629-1@1@aut$Acebes@30629-1@3@bas,L.f.@22405-1@2@bas$Link@22401-1@1@aut,,stat. nov.,,1.1,f,chamaecytisus~proliferuscalderae,leguminosaechamaecytisus~proliferuscalderae,,617,wfo-1200118662,,subspecies,,,,,https://www.ipni.org/n/77380566-1,IPNI record: 77380566-1,Itinera Geobot. 18(2): 482 (2011)
urn:lsid:ipni.org:names:77380567-1,hort. ex Poit. & A.Vilm.,,,,,,1828: 630,,,,,,,,,,,,21/05/2026 13:43,21/05/2026 13:54,,,Caprifoliaceae,Lonicera variabilis,Lonicera variabilis,Lonicera,,f,f,,,,,,,,,,,,,,,,,,,,,,,,,,,,,30006074-2,Bon Jard.,urn:lsid:ipni.org:publications:9014-2,1828,1828,,hort. ex Poit. & A.Vilm.,spec.,Bon Jard. 1828: 630. ,,,,,8,variabilis,,,f,t,,,,,,,Poit.@24948-1@2@autEx$A.Vilm.@11202-1@3@autEx$hort.@35691-1@1@aut,,,tax. nov.,,1.2,f,lonicera~variabilis,caprifoliaceaelonicera~variabilis~,,618,wfo-1000090560,,species,,,,,https://www.ipni.org/n/77380567-1,IPNI record: 77380567-1,Bon Jard. 1828: 630 (1828)
urn:lsid:ipni.org:names:77380568-1,(Pit.) Acebes & Rivas Mart.,Leguminosae Cytisus proliferus L.f. var. hierrensis Pit.,(Pit.),50973025-1,,,18(2): 482,,,,,,,,,,,,21/05/2026 13:51,21/05/2026 13:51,,,Leguminosae,Chamaecytisus proliferus subsp. hierrensis,Chamaecytisus proliferus subsp. hierrensis,Chamaecytisus,,f,f,,,,,hierrensis,,,,,,,,,,,,,,,,,,,,,,,,485975-1,Itinera Geobot.,urn:lsid:ipni.org:publications:20000055-1,2011,2011 [16 Jul 2011],[16 Jul 2011],Acebes & Rivas Mart.,subsp.,Itinera Geobot. 18(2): 482. 2011 [16 Jul 2011] ,,,,,11,proliferus,(L.f.) Link,,f,t,,,,,,,Rivas Mart.@8423-1@2@aut$Pit.@24898-1@3@bas$Acebes@30629-1@1@aut,L.f.@22405-1@2@bas$Link@22401-1@1@aut,,stat. nov.,,1.1,f,chamaecytisus~proliferushierrensis,leguminosaechamaecytisus~proliferushierrensis,,619,wfo-1200118663,,subspecies,,,,,https://www.ipni.org/n/77380568-1,IPNI record: 77380568-1,Itinera Geobot. 18(2): 482 (2011)
urn:lsid:ipni.org:names:77380569-1,(Talavera & Valdés) Rivas Mart.,Asteraceae Cirsium pyrenaicum DC. var. micranthum Talavera & Valdés,(Talavera & Valdés),877071-1,,,18(2): 482,,,,,,,,,,,,21/05/2026 13:53,21/05/2026 13:53,,,Asteraceae,Cirsium pyrenaicum subsp. micranthum,Cirsium pyrenaicum subsp. micranthum,Cirsium,,f,f,,,,,micranthum,,,,,,,,,,,,,,,,,,,,,,,,195900-1,Itinera Geobot.,urn:lsid:ipni.org:publications:20000055-1,2011,2011 [16 Jul 2011],[16 Jul 2011],Rivas Mart.,subsp.,Itinera Geobot. 18(2): 482. 2011 [16 Jul 2011] ,,,,,11,pyrenaicum,All.,,f,t,,,,,,,Talavera@10397-1@2@bas$Rivas Mart.@8423-1@1@aut$Valdés@11030-1@3@bas,All.@154-1@1@aut,,stat. nov.,,1.1,f,cirsium~pyrenaicummicranthum,asteraceaecirsium~pyrenaicummicranthum,,620,wfo-1200118664,,subspecies,,,,,https://www.ipni.org/n/77380569-1,IPNI record: 77380569-1,Itinera Geobot. 18(2): 482 (2011)
urn:lsid:ipni.org:names:77380570-1,Pit.,,,,,,5,,,,,,,,,,,,21/05/2026 13:57,21/05/2026 13:57,,,Cistaceae,Cistus laurifolius var. atlanticus,Cistus laurifolius var. atlanticus,Cistus,,f,f,,,,,atlanticus,,,,,,,,,,,,,,,,,,,,,,,,168336-1,Contr. Fl. Maroc,urn:lsid:ipni.org:publications:18957-2,1918,1918,,Pit.,var.,Contr. Fl. Maroc 5. 1918 ,,,,,8,laurifolius,L.,,f,t,,,,,,,Pit.@24898-1@1@aut,L.@12653-1@1@aut,,tax. nov.,,1.1,f,cistus~laurifoliusatlanticus,cistaceaecistus~laurifoliusatlanticus,,621,wfo-0000607421,,variety,,,,,https://www.ipni.org/n/77380570-1,IPNI record: 77380570-1,Contr. Fl. Maroc 5 (1918)
urn:lsid:ipni.org:names:77380571-1,(Pit.) Rivas Mart.,Cistaceae Cistus laurifolius L. var. atlanticus Pit.,(Pit.),77380570-1,,,18(2): 482,,,,,,,,,,,,21/05/2026 13:58,21/05/2026 14:00,,,Cistaceae,Cistus atlanticus,Cistus atlanticus,Cistus,,f,f,,,,,,,77078419-1,,,,,,,,nom. illeg. nom. ambig.,,nom. illeg.,,,,,,,,,,,,30101376-2,Itinera Geobot.,urn:lsid:ipni.org:publications:20000055-1,2011,2011 [16 Jul 2011],[16 Jul 2011],Rivas Mart.,spec.,Itinera Geobot. 18(2): 482. 2011 [16 Jul 2011] ,,,,,13,atlanticus,,,f,t,,,,,,,Pit.@24898-1@2@bas$Rivas Mart.@8423-1@1@aut,,,comb. et stat. nov.,,1.2,f,cistus~atlanticus,cistaceaecistus~atlanticus~,,622,wfo-1200118665,,species,,,,,https://www.ipni.org/n/77380571-1,IPNI record: 77380571-1,Itinera Geobot. 18(2): 482 (2011)
urn:lsid:ipni.org:names:77380572-1,(Pau & Sennen) Rivas Mart.,Cistaceae Cistus ladanifer L. subsp. mauritianus Pau & Sennen,(Pau & Sennen),77249963-1,,,18(2): 482,,,,,,,,,,,,21/05/2026 14:01,21/05/2026 14:01,,,Cistaceae,Cistus mauritianus,Cistus mauritianus,Cistus,,f,f,,,,,,,,,,,,,,,,,,,,,,,,,,,,,30101376-2,Itinera Geobot.,urn:lsid:ipni.org:publications:20000055-1,2011,2011 [16 Jul 2011],[16 Jul 2011],Rivas Mart.,spec.,Itinera Geobot. 18(2): 482. 2011 [16 Jul 2011] ,,,,,11,mauritianus,,,f,t,,,,,,,Rivas Mart.@8423-1@1@aut$Pau@7401-1@2@bas$Sennen@9488-1@3@bas,,,comb. et stat. nov.,,1.1,f,cistus~mauritianus,cistaceaecistus~mauritianus~,,623,wfo-1000090561,,species,,,,,https://www.ipni.org/n/77380572-1,IPNI record: 77380572-1,Itinera Geobot. 18(2): 482 (2011)
urn:lsid:ipni.org:names:77380573-1,(Willk.) Rivas Mart.,Cistaceae Cistus clusii Dunal f. parviflorus Willk.,(Willk.),50971180-1,,,18(2): 483,,,,,,,,,,,,21/05/2026 14:35,21/05/2026 14:35,,,Cistaceae,Cistus parviflorus,Cistus parviflorus,Cistus,,f,f,,,,,,,168409-1,,,,,,,,nom. illeg. later homonym,,nom. illeg.,,,,,,,,,,,,30101376-2,Itinera Geobot.,urn:lsid:ipni.org:publications:20000055-1,2011,2011 [16 Jul 2011],[16 Jul 2011],Rivas Mart.,spec.,Itinera Geobot. 18(2): 483. 2011 [16 Jul 2011] ,,,,,13,parviflorus,,,f,t,,,,,,,Willk.@11723-1@2@bas$Rivas Mart.@8423-1@1@aut,,,comb. et stat. nov.,,1.1,f,cistus~parviflorus,cistaceaecistus~parviflorus~,,624,wfo-1200118666,,species,,,,,https://www.ipni.org/n/77380573-1,IPNI record: 77380573-1,Itinera Geobot. 18(2): 483 (2011)
urn:lsid:ipni.org:names:77380574-1,Franquesa,,,,,,109: 410,,,,,,,,,,,,21/05/2026 15:00,21/05/2026 15:00,"Spain (Spain, Southwestern Europe, Europe)",,Cistaceae,Cistus salviifolius subsp. repens,Cistus salviifolius subsp. repens,Cistus,,f,f,,,,,repens,,,,,,Coast of the Cap de Creus Peninsula,,,,,,,,,,,,,,,,,,168475-1,Arxius Secc. Ci. Inst. Estud. Catalans,urn:lsid:ipni.org:publications:12651-2,1995,1995 [Dec 1995],[Dec 1995],Franquesa,subsp.,Arxius Secc. Ci. Inst. Estud. Catalans 109: 410. 1995 [Dec 1995] ,,,,,10,salviifolius,L.,,f,t,,holotype BC 825801,,,,,Franquesa@20098805-1@1@aut,L.@12653-1@1@aut,,tax. nov.,,1.1,f,cistus~salviifoliusrepens,cistaceaecistus~salviifoliusrepens,,625,wfo-1200118612,,subspecies,,,,,https://www.ipni.org/n/77380574-1,IPNI record: 77380574-1,Arxius Secc. Ci. Inst. Estud. Catalans 109: 410 (1995)
urn:lsid:ipni.org:names:77380575-1,(Franquesa) Rivas Mart.,Cistaceae Cistus salviifolius L. subsp. repens Franquesa,(Franquesa),77380574-1,,,18(2): 483,,,,,,,,,,,,21/05/2026 15:00,21/05/2026 15:00,,,Cistaceae,Cistus salviifolius var. repens,Cistus salviifolius var. repens,Cistus,,f,f,,,,,repens,,,,,,,,,,,,,,,,,,,,,,,,168475-1,Itinera Geobot.,urn:lsid:ipni.org:publications:20000055-1,2011,2011 [16 Jul 2011],[16 Jul 2011],Rivas Mart.,var.,Itinera Geobot. 18(2): 483. 2011 [16 Jul 2011] ,,,,,11,salviifolius,L.,,f,t,,,,,,,Franquesa@20098805-1@2@bas$Rivas Mart.@8423-1@1@aut,L.@12653-1@1@aut,,stat. nov.,,1.1,f,cistus~salviifoliusrepens,cistaceaecistus~salviifoliusrepens,,626,wfo-1200118667,,variety,,,,,https://www.ipni.org/n/77380575-1,IPNI record: 77380575-1,Itinera Geobot. 18(2): 483 (2011)
urn:lsid:ipni.org:names:77380576-1,(Mill.) Gray,Brassicaceae Rapa oblonga Mill.,(Mill.),288386-1,,,2: 683,,,,,,,,,,,,22/05/2026 03:13,26/05/2026 11:32,,,Brassicaceae,Brassica sphaerorhiza var. oblonga,Brassica sphaerorhiza var. oblonga,Brassica,,f,f,,,,,oblonga,,,,,,,,,,,,,,,,,,,,,,,null:,279531-1,Nat. Arr. Brit. Pl.,urn:lsid:ipni.org:publications:4868-2,1821,1821,,Gray,var.,Nat. Arr. Brit. Pl. 2: 683. 1821 ,,,,,11,sphaerorhiza,Gray,,f,t,,,,,,,Mill.@6485-1@2@bas$Gray@19580-1@1@aut,Gray@0-0@1@aut,,comb. et stat. nov.,,1.3,f,brassica~sphaerorhizaoblonga,brassicaceaebrassica~sphaerorhizaoblonga,,627,wfo-1200118613,,variety,,,,,https://www.ipni.org/n/77380576-1,IPNI record: 77380576-1,Nat. Arr. Brit. Pl. 2: 683 (1821)
urn:lsid:ipni.org:names:77380577-1,Makino,,,,,,1(2): 7,,,,,,,,,,,,22/05/2026 04:27,22/05/2026 05:37,,,Brassicaceae,Brassica japonica var. indivisa,Brassica japonica var. indivisa,Brassica,,f,f,,,,,indivisa,,,,,,,,,,,,,,,,,,,,,,,,279373-1,J. Jap. Bot.,urn:lsid:ipni.org:publications:681-2,1916,1916 [25 Apr 1916],[25 Apr 1916],Makino,var.,J. Jap. Bot. 1(2): 7. 1916 [25 Apr 1916] ,,"doi:10.51033/jjapbot.1_2_28 Note from registrar: 'The species name to which this variety name is assigned is problematic. By this name, Makino is describing mibuna (B. rapa var. nipposinica (L.H.Bailey) Kitam.), so he most likely intended to assign it to B. japonica Makino (a illegitimate name of mizuna). However, he cites B. japonica (Thunb.) Makino, which is an isonym of B. japonica (Thunb.) Siebold ex Miq. and synonymous with B. juncea.'",,,8,japonica,(Thunb.) Makino,,f,t,,,,,,,Makino@6013-1@1@aut,Thunb.@0-0@3@bas$Miq.@0-0@2@autEx$Siebold@0-0@1@aut,,tax. nov.,,1.3,f,brassica~japonicaindivisa,brassicaceaebrassica~japonicaindivisa,,628,wfo-0000571181,,variety,,,,,https://www.ipni.org/n/77380577-1,IPNI record: 77380577-1,J. Jap. Bot. 1(2): 7 (1916)
urn:lsid:ipni.org:names:77380578-1,P.Peng & Cheek,,,,,,"80(2, Suppl.): 142.",,27,,10,,2938,1994,,J.J. Wieringa,,,22/05/2026 05:47,22/05/2026 05:47,"Gabon (West-Central Tropical Africa, Africa)",E,Myrsinaceae,Ardisia ngounie,Ardisia ngounie,Ardisia,,f,f,,,,,,,,1,28,48,"Ngounié,  along  a  forestry  road  W of Bembodié;",10,28,24,,,,,,S,,,,,,,,,327477-2,J. Pl. Taxon. & Geogr. (Webbia),urn:lsid:ipni.org:publications:20030053-1,2025,2025 [17 Nov 2025],[17 Nov 2025],P.Peng & Cheek,spec.,"J. Pl. Taxon. & Geogr. (Webbia) 80(2, Suppl.): 142. 2025 [17 Nov 2025] ",,"doi:10.36253/jopt-19150 [english] Etymology: named as a noun in apposition for the  Ngounié  Province,  Gabon  from  where  the  type  specimen originates.",,,11,ngounie,,,f,t,,holotype WAG WAG1113216;isotype LBV;isotype WAG WAG1112947,,,,,P.Peng@20097114-1@1@aut$Cheek@12442-1@2@aut,,,tax. nov.,,1.1,f,ardisia~ngounie,myrsinaceaeardisia~ngounie~,,629,wfo-1000090562,,species,,,,,https://www.ipni.org/n/77380578-1,IPNI record: 77380578-1,"J. Pl. Taxon. & Geogr. (Webbia) 80(2, Suppl.): 142. (2025)"
urn:lsid:ipni.org:names:77380579-1,P.Peng & Cheek,,,,,,"80(2, Suppl.): 161",,10,,12,,1251,1983,,"A.M. Louis, F.J. Breteler &amp; J.  de  Bruijn",,,22/05/2026 05:51,22/05/2026 05:51,"Gabon (West-Central Tropical Africa, Africa)",,Myrsinaceae,Ardisia waka,Ardisia waka,Ardisia,,f,f,,,,,,,,,,,"Ngounié. Old forest along exploitation road, km 2 SE of Forestry Camp Waka, situated about 32 km SE of Sindara, 1 14 S, 10 53 E, Waka River basin., c. 300-400 m",,,,,,,,,,,,,,,,,,327477-2,J. Pl. Taxon. & Geogr. (Webbia),urn:lsid:ipni.org:publications:20030053-1,2025,2025 [17 Nov 2025],[17 Nov 2025],P.Peng & Cheek,spec.,"J. Pl. Taxon. & Geogr. (Webbia) 80(2, Suppl.): 161. 2025 [17 Nov 2025] ",,"doi:10.36253/jopt-19150 [english] Etymology: named as a noun in apposition for the Waka National Park, Gabon from where the type and only known specimen originates.",,,11,waka,,,f,t,,holotype K K000593393;isotype LBV;isotype WAG WAG1113113,,,,,P.Peng@20097114-1@1@aut$Cheek@12442-1@2@aut,,,tax. nov.,,1.1,f,ardisia~waka,myrsinaceaeardisia~waka~,,630,wfo-1000090563,,species,,,,,https://www.ipni.org/n/77380579-1,IPNI record: 77380579-1,"J. Pl. Taxon. & Geogr. (Webbia) 80(2, Suppl.): 161 (2025)"
urn:lsid:ipni.org:names:77380580-1,Cheek & Simbiano,,,,,,"80(2, Suppl.): 185",,5,,2,,2262,2019,,"van der Burgt with P. M. Haba, Konomou &amp; Xanthos",,,22/05/2026 06:03,22/05/2026 06:03,"Guinea (West Tropical Africa, Africa)",W,Rubiaceae,Keetia kounounkan,Keetia kounounkan,Keetia,,f,f,,,,,,,,9,33,2,"Forécariah Prefecture, southern plateau of Kounounkan Massif, 1100 m.",12,50,20,,,,,,N,,,,,,,,,326034-2,J. Pl. Taxon. & Geogr. (Webbia),urn:lsid:ipni.org:publications:20030053-1,2025,2025 [17 Nov 2025],[17 Nov 2025],Cheek & Simbiano,spec.,"J. Pl. Taxon. & Geogr. (Webbia) 80(2, Suppl.): 185. 2025 [17 Nov 2025] ",,"doi:10.36253/jopt-19152 [english] Etymology:  named after the Kounounkan plateau, as this is the only place where the species was observed.",,,11,kounounkan,,,f,t,,holotype K K001971152;isotype BR;isotype HNG 0002731,,,,,Cheek@12442-1@1@aut$Simbiano@20077183-1@2@aut,,,tax. nov.,,1.1,f,keetia~kounounkan,rubiaceaekeetia~kounounkan~,,631,wfo-1000090564,,species,,,,,https://www.ipni.org/n/77380580-1,IPNI record: 77380580-1,"J. Pl. Taxon. & Geogr. (Webbia) 80(2, Suppl.): 185 (2025)"
urn:lsid:ipni.org:names:77380581-1,Cheek & Simbiano,,,,,,"80(2, Suppl.): 188",,19,,10,,303,2017,,"Fofana F., with Larridon, I. Couch, C. &amp; Haomou, A.",,,22/05/2026 06:09,22/05/2026 06:09,"Guinea (West Tropical Africa, Africa)",W,Rubiaceae,Keetia tinka,Keetia tinka,Keetia,,f,f,,,,,,,,10,22,50,"Fouta Djalon, Dalaba Prefec-ture, Forêt Classée de Tinka, near Karéh, 1278 m",12,15,13,,,,,,N,,,,,,,,,326034-2,J. Pl. Taxon. & Geogr. (Webbia),urn:lsid:ipni.org:publications:20030053-1,2025,2025 [17 Nov 2025],[17 Nov 2025],Cheek & Simbiano,spec.,"J. Pl. Taxon. & Geogr. (Webbia) 80(2, Suppl.): 188. 2025 [17 Nov 2025] ",,"doi:10.36253/jopt-19152 [english] Etymology: named after the Tinka forest, Dalaba, as this is where the species appears to have the best possibility of surviving.",,,11,tinka,,,f,t,,holotype K K000874709;isotype HNG,,,,,Cheek@12442-1@1@aut$Simbiano@20077183-1@2@aut,,,tax. nov.,,1.1,f,keetia~tinka,rubiaceaekeetia~tinka~,,632,wfo-1000090565,,species,,,,,https://www.ipni.org/n/77380581-1,IPNI record: 77380581-1,"J. Pl. Taxon. & Geogr. (Webbia) 80(2, Suppl.): 188 (2025)"
urn:lsid:ipni.org:names:77380583-1,J.Nilson,,,,,,PP36243,,,,,,,,,,,,22/05/2026 07:03,22/05/2026 14:41,,,Saxifragaceae,× Oredenia,× Oredenia,Oredenia,,t,t,"37105-1,37096-1",(Oresitrophe Bunge × Mukdenia Koidz.),,,,,,,,,,,,,,,,,,,,,,,,,,,30001425-2,U.S. Plant Patent,urn:lsid:ipni.org:publications:20064366-1,2024,2024 [5 Nov 2024],[5 Nov 2024],J.Nilson,gen.,U.S. Plant Patent PP36243. 2024 [5 Nov 2024] ,,[english],,,8,,,,f,t,,,,,,,J.Nilson@20042924-1@1@aut,,,tax. nov.,,1.3,f,oredenia,saxifragaceaeoredenia~~~,,633,wfo-4100006577,,genus,,,,,https://www.ipni.org/n/77380583-1,IPNI record: 77380583-1,U.S. Plant Patent PP36243 (2024)
urn:lsid:ipni.org:names:77380584-1,Brotto & P.L.R.Moraes,,,,,,14(e193820): 3,,9,,4,,6197,2025,,M.L.Brotto,,,22/05/2026 07:37,26/05/2026 10:12,"Rio de Janeiro (Brazil Southeast, Brazil, Southern America)",W,Lauraceae,Aiouea altomacaensis,Aiouea altomacaensis,Aiouea,,f,f,,,,,,,,22,26,9,"Nova Friburgo: Parque Estadual dos Três Picos, Macaé de Cima, trilha para o Pico do Faraó, 1193 m",42,32,42,,,,,,S,,,,,,,,,30015354-2,Biodivers. Data J.,urn:lsid:ipni.org:publications:20019082-1,2026,2026 [22 May 2026],[22 May 2026],Brotto & P.L.R.Moraes,spec.,Biodivers. Data J. 14(e193820): 3. 2026 [22 May 2026] ,,"doi:10.3897/BDJ.14.e193820 [english] Etymology: 'Most specimens originate from Macaé de Cima...This region was historically known as Alto Macahe...Consequently, the specific epithet is derived from this ancient toponym, while adopting a modernised spelling'.",,,11,altomacaensis,,,f,t,,holotype HRCB 82002,,,,,Brotto@20012352-2@1@aut$P.L.R.Moraes@20005694-1@2@aut,,,tax. nov.,,1.3,f,aiouea~altomacaensis,lauraceaeaiouea~altomacaensis~,,634,wfo-1000090566,,species,,,,,https://www.ipni.org/n/77380584-1,IPNI record: 77380584-1,Biodivers. Data J. 14(e193820): 3 (2026)
urn:lsid:ipni.org:names:77380585-1,(DC.) DC.,Brassicaceae Brassica campestris L. subvar. autumnalis DC.,(DC.),77379988-1,,,5(1): 23,,,,,,,,,,,,22/05/2026 08:01,26/05/2026 11:55,,,Brassicaceae,Brassica campestris var. autumnalis,Brassica campestris var. autumnalis,Brassica,,f,f,,,,,autumnalis,,,,,,,,,,,,,,,,,,,,,,,null:,30076075-2,Trans. Hort. Soc. London,urn:lsid:ipni.org:publications:3276-2,1822,1822 [6 Aug 1822],[6 Aug 1822],DC.,var.,Trans. Hort. Soc. London 5(1): 23. 1822 [6 Aug 1822] ,,,,,11,campestris,L.,,f,t,,,,,,,DC.@16855-1@2@bas$DC.@16855-1@1@aut,L.@12653-1@1@aut,,comb. nov.,,1.3,f,brassica~campestrisautumnalis,brassicaceaebrassica~campestrisautumnalis,,635,wfo-1200118668,,variety,,,,,https://www.ipni.org/n/77380585-1,IPNI record: 77380585-1,Trans. Hort. Soc. London 5(1): 23 (1822)
urn:lsid:ipni.org:names:77380586-1,(DC.) DC.,Brassicaceae Brassica campestris L. subvar. praecox DC.,(DC.),77379987-1,,,5(1): 23,,,,,,,,,,,,22/05/2026 08:05,26/05/2026 11:57,,,Brassicaceae,Brassica campestris var. praecox,Brassica campestris var. praecox,Brassica,,f,f,,,,,praecox,,,,,,,,,,,,,,,,,,,,,,,null:,30076075-2,Trans. Hort. Soc. London,urn:lsid:ipni.org:publications:3276-2,1822,1822 [6 Aug 1822],[6 Aug 1822],DC.,var.,Trans. Hort. Soc. London 5(1): 23. 1822 [6 Aug 1822] ,,,,,11,campestris,L.,,f,t,,,,,,,DC.@16855-1@1@aut$DC.@16855-1@2@bas,L.@12653-1@1@aut,,comb. nov.,,1.3,f,brassica~campestrispraecox,brassicaceaebrassica~campestrispraecox,,636,wfo-1200118669,,variety,,,,,https://www.ipni.org/n/77380586-1,IPNI record: 77380586-1,Trans. Hort. Soc. London 5(1): 23 (1822)
urn:lsid:ipni.org:names:77380587-1,Sinskaya,,,,,,19(3): 81,,,,,,,,,,,,22/05/2026 10:14,01/06/2026 14:49,,,Brassicaceae,Brassica campestris var. kabulica,Brassica campestris var. kabulica,Brassica,,f,f,,,,,kabulica,,,,,,,,,,,,,,,,,,,,,,,,30076075-2,Trudy Prikl. Bot.,urn:lsid:ipni.org:publications:4366-2,1928,1928,,Sinskaya,var.,Trudy Prikl. Bot. 19(3): 81. 1928 ,,As 'B. campestris subsp. oleifera var. kabulica'.,,,8,campestris,L.,,f,t,,,,,,,Sinskaya@12868-1@1@aut,Oeder@0-0@1@aut,,tax. nov.,,1.5,f,brassica~campestriskabulica,brassicaceaebrassica~campestriskabulica,,637,wfo-1200118614,,variety,,,,,https://www.ipni.org/n/77380587-1,IPNI record: 77380587-1,Trudy Prikl. Bot. 19(3): 81 (1928)
urn:lsid:ipni.org:names:77380588-1,Sinskaya,,,,,,"19(3): 147, 195, 204",,,,,,,,,,,,22/05/2026 10:24,01/06/2026 14:55,,,Brassicaceae,Brassica campestris var. kabulica,Brassica campestris var. kabulica,Brassica,,f,f,,,,,kabulica,,,,,,,,,,,,,,,,,,,,,,,,30076075-2,Trudy Prikl. Bot.,urn:lsid:ipni.org:publications:4366-2,1928,1928,,Sinskaya,var.,"Trudy Prikl. Bot. 19(3): 147, 195, 204. 1928 ",,As 'B. campestris subsp. rapifera var. kabulica'.,,,8,campestris,L.,,f,t,,,,,,,Sinskaya@12868-1@1@aut,Oeder@0-0@1@aut,,tax. nov.,,1.4,f,brassica~campestriskabulica,brassicaceaebrassica~campestriskabulica,,638,wfo-1200118698,,variety,,,,,https://www.ipni.org/n/77380588-1,IPNI record: 77380588-1,"Trudy Prikl. Bot. 19(3): 147, 195, 204 (1928)"
urn:lsid:ipni.org:names:77380589-1,"(Campacci) D.R.P.Krahl, Schmal & Cantuária",Orchidaceae Hoffmannseggella meninensis Campacci,(Campacci),77375116-1,,,756(3): 299,,,,,,,,,,,,22/05/2026 14:14,22/05/2026 14:14,,,Orchidaceae,Cattleya meninensis,Cattleya meninensis,Cattleya,,f,f,,,,,,,,,,,,,,,,,,,,,,,,,,,,,28960-1,Phytotaxa,urn:lsid:ipni.org:publications:20011462-1,2026,2026 [15 May 2026],[15 May 2026],"D.R.P.Krahl, Schmal & Cantuária",spec.,Phytotaxa 756(3): 299. 2026 [15 May 2026] ,,doi:10.11646/phytotaxa.756.3.10,,,11,meninensis,,,f,t,,,,,,,Cantuária@20046626-1@3@aut$D.R.P.Krahl@20045588-1@1@aut$Schmal@20098806-1@2@aut$Campacci@36243-1@4@bas,,,comb. nov.,,1.1,f,cattleya~meninensis,orchidaceaecattleya~meninensis~,,639,wfo-1000090567,,species,,,,,https://www.ipni.org/n/77380589-1,IPNI record: 77380589-1,Phytotaxa 756(3): 299 (2026)
urn:lsid:ipni.org:names:77380590-1,K.W.Xu & Lei Jiang,,,,,,15(10)-1431: 9,,3,,8,,418,2024,,Huang &amp; Xu,,,22/05/2026 17:18,26/05/2026 10:34,"Guangdong (China Southeast, China, Asia-Temperate)",E,Aquifoliaceae,Ilex lanceifolia,Ilex lanceifolia,Ilex,,f,f,,,,,,,,22,22,53,"Jiangmen City, Enping, Niujiang Town, Xikeng Forest Farm, 307 m",112,18,10,,,,,,N,,,,,,,,,60437220-2,Plants [Basel],urn:lsid:ipni.org:publications:20019409-1,2026,2026 [8 May 2026],[8 May 2026],K.W.Xu & Lei Jiang,spec.,Plants [Basel] 15(10)-1431: 9. 2026 [8 May 2026] ,,"doi:10.3390/plants15101431 [english] Etymology: 'The specific epithet is derived from the Latin lancea (lance) and folium (leaf), referring to the narrowly lanceolate leaves'.",,,11,lanceifolia,,,f,t,,holotype SYS;isotype NF,,,,,Lei Jiang@20043621-1@2@aut$K.W.Xu@20033074-1@1@aut,,,tax. nov.,,1.3,f,ilex~lanceifolia,aquifoliaceaeilex~lanceifolia~,,640,wfo-1000090568,,species,,,,,https://www.ipni.org/n/77380590-1,IPNI record: 77380590-1,Plants [Basel] 15(10)-1431: 9 (2026)
urn:lsid:ipni.org:names:77380591-1,Schrad. ex Roem. & Schult.,,,,,,"3: 214, adnot.",,,,,,,,,,,,22/05/2026 20:24,22/05/2026 20:24,,,Rubiaceae,Galium diffusum,Galium diffusum,Galium,,f,f,,,,,,,,,,,,,,,nom. illeg. later homonym    non Galium diffusum F.Dietr. (1817),,nom. illeg.,,,,,,,,,,,,325955-2,"Syst. Veg., ed. 15[bis].",urn:lsid:ipni.org:publications:14665-2,1818,1818,,Schrad. ex Roem. & Schult.,spec.,"Syst. Veg., ed. 15[bis]. 3: 214, adnot. 1818 ",,,,,9,diffusum,,,f,t,,,,,,,Schult.@9288-1@3@autEx$Roem.@8503-1@2@autEx$Schrad.@9250-1@1@aut,,,tax. nov.,,1.1,f,galium~diffusum,rubiaceaegalium~diffusum~,,641,wfo-1200118670,,species,,,,,https://www.ipni.org/n/77380591-1,IPNI record: 77380591-1,"Syst. Veg., ed. 15[bis]. 3: 214, adnot. (1818)"
urn:lsid:ipni.org:names:77380592-1,Vaill.,,,,,,5: 338,,,,,,,,,,,,22/05/2026 23:48,22/05/2026 23:48,,,Asteraceae,Absinthium arborescens,Absinthium arborescens,Absinthium,,f,f,,,,,,,,,,,,,,,"nom. inval.    'Steinwehr, W. B. A. von (transl.), 1754–1760. Der Königl. Akademie der Wissenschaften in Paris anatomische, chymische und botanische Abhandlungen, aus dem Französischen übersetzt. Breslau, vol. 5–9. [Genera and species.]' is a suppressed work",,nom. inval.,,,,,,,,,,,,327258-2,Königl. Akad. Wiss. Paris Anat. Abh.,urn:lsid:ipni.org:publications:20017487-1,1754,1754,,Vaill.,spec.,Königl. Akad. Wiss. Paris Anat. Abh. 5: 338. 1754 ,,,,,9,arborescens,,,f,t,,,,,,,Vaill.@11023-1@1@aut,,,tax. nov.,,1.1,f,absinthium~arborescens,asteraceaeabsinthium~arborescens~,,642,wfo-0000092002,,species,,,,,https://www.ipni.org/n/77380592-1,IPNI record: 77380592-1,Königl. Akad. Wiss. Paris Anat. Abh. 5: 338 (1754)
urn:lsid:ipni.org:names:77380593-1,Sinskaya,,,,,,19(3): 65,,,,,,,,,,,,23/05/2026 06:43,01/06/2026 14:51,,,Brassicaceae,Brassica campestris var. vulgaris,Brassica campestris var. vulgaris,Brassica,,f,f,,,,,vulgaris,,,,,,,,,,,,,,,,,,,,,,,,30076075-2,Trudy Prikl. Bot.,urn:lsid:ipni.org:publications:4366-2,1928,1928,,Sinskaya,var.,Trudy Prikl. Bot. 19(3): 65. 1928 ,,,,,8,campestris,L.,,f,t,,,,,,,Sinskaya@12868-1@1@aut,Oeder@0-0@1@aut,,tax. nov.,,1.4,f,brassica~campestrisvulgaris,brassicaceaebrassica~campestrisvulgaris,,643,wfo-1200118671,,variety,,,,,https://www.ipni.org/n/77380593-1,IPNI record: 77380593-1,Trudy Prikl. Bot. 19(3): 65 (1928)
urn:lsid:ipni.org:names:77380594-1,Sinskaya,,,,,,19(3): 67,,,,,,,,,,,,23/05/2026 06:53,01/06/2026 14:50,,,Brassicaceae,Brassica campestris var. prostrata,Brassica campestris var. prostrata,Brassica,,f,f,,,,,prostrata,,,,,,,,,,,,,,,,,,,,,,,,30076075-2,Trudy Prikl. Bot.,urn:lsid:ipni.org:publications:4366-2,1928,1928,,Sinskaya,var.,Trudy Prikl. Bot. 19(3): 67. 1928 ,,.,,,8,campestris,L.,,f,t,,,,,,,Sinskaya@12868-1@1@aut,Oeder@0-0@1@aut,,tax. nov.,,1.4,f,brassica~campestrisprostrata,brassicaceaebrassica~campestrisprostrata,,644,wfo-1200118615,,variety,,,,,https://www.ipni.org/n/77380594-1,IPNI record: 77380594-1,Trudy Prikl. Bot. 19(3): 67 (1928)
urn:lsid:ipni.org:names:77380595-1,Sinskaya,,,,,,19(3): 67,,,,,,,,,,,,23/05/2026 07:08,01/06/2026 14:47,,,Brassicaceae,Brassica campestris var. altaica,Brassica campestris var. altaica,Brassica,,f,f,,,,,altaica,,,,,,,,,,,,,,,,,,,,,,,,30076075-2,Trudy Prikl. Bot.,urn:lsid:ipni.org:publications:4366-2,1928,1928,,Sinskaya,var.,Trudy Prikl. Bot. 19(3): 67. 1928 ,,,,,8,campestris,L.,,f,t,,,,,,,Sinskaya@12868-1@1@aut,Oeder@0-0@1@aut,,tax. nov.,,1.4,f,brassica~campestrisaltaica,brassicaceaebrassica~campestrisaltaica,,645,wfo-1200118616,,variety,,,,,https://www.ipni.org/n/77380595-1,IPNI record: 77380595-1,Trudy Prikl. Bot. 19(3): 67 (1928)
urn:lsid:ipni.org:names:77380596-1,Sinskaya,,,,,,19(3): 70,,,,,,,,,,,,23/05/2026 07:09,01/06/2026 14:48,,,Brassicaceae,Brassica campestris var. caucasica,Brassica campestris var. caucasica,Brassica,,f,f,,,,,caucasica,,,,,,,,,,,,,,,,,,,,,,,,30076075-2,Trudy Prikl. Bot.,urn:lsid:ipni.org:publications:4366-2,1928,1928,,Sinskaya,var.,Trudy Prikl. Bot. 19(3): 70. 1928 ,,,,,8,campestris,L.,,f,t,,,,,,,Sinskaya@12868-1@1@aut,Oeder@0-0@1@aut,,tax. nov.,,1.4,f,brassica~campestriscaucasica,brassicaceaebrassica~campestriscaucasica,,646,wfo-1200118617,,variety,,,,,https://www.ipni.org/n/77380596-1,IPNI record: 77380596-1,Trudy Prikl. Bot. 19(3): 70 (1928)
urn:lsid:ipni.org:names:77380597-1,Sinskaya,,,,,,19(3): 73,,,,,,,,,,,,23/05/2026 07:13,01/06/2026 14:48,,,Brassicaceae,Brassica campestris var. aserbeidjanica,Brassica campestris var. aserbeidjanica,Brassica,,f,f,,,,,aserbeidjanica,,,,,,,,,,,,,,,,,,,,,,,,30076075-2,Trudy Prikl. Bot.,urn:lsid:ipni.org:publications:4366-2,1928,1928,,Sinskaya,var.,Trudy Prikl. Bot. 19(3): 73. 1928 ,,,,,8,campestris,L.,,f,t,,,,,,,Sinskaya@12868-1@1@aut,Oeder@0-0@1@aut,,tax. nov.,,1.4,f,brassica~campestrisaserbeidjanica,brassicaceaebrassica~campestrisaserbeidjanica,,647,wfo-1200118618,,variety,,,,,https://www.ipni.org/n/77380597-1,IPNI record: 77380597-1,Trudy Prikl. Bot. 19(3): 73 (1928)
urn:lsid:ipni.org:names:77380598-1,Sinskaya,,,,,,19(3): 75,,,,,,,,,,,,23/05/2026 07:14,01/06/2026 14:50,,,Brassicaceae,Brassica campestris var. pamirica,Brassica campestris var. pamirica,Brassica,,f,f,,,,,pamirica,,,,,,,,,,,,,,,,,,,,,,,,30076075-2,Trudy Prikl. Bot.,urn:lsid:ipni.org:publications:4366-2,1928,1928,,Sinskaya,var.,Trudy Prikl. Bot. 19(3): 75. 1928 ,,,,,8,campestris,L.,,f,t,,,,,,,Sinskaya@12868-1@1@aut,Oeder@0-0@1@aut,,tax. nov.,,1.4,f,brassica~campestrispamirica,brassicaceaebrassica~campestrispamirica,,648,wfo-1200118619,,variety,,,,,https://www.ipni.org/n/77380598-1,IPNI record: 77380598-1,Trudy Prikl. Bot. 19(3): 75 (1928)
urn:lsid:ipni.org:names:77380599-1,Sinskaya,,,,,,19(3): 77,,,,,,,,,,,,23/05/2026 07:18,01/06/2026 14:45,,,Brassicaceae,Brassica campestris var. afghanica,Brassica campestris var. afghanica,Brassica,,f,f,,,,,afghanica,,,,,,,,,,,,,,,,,,,,,,,,30076075-2,Trudy Prikl. Bot.,urn:lsid:ipni.org:publications:4366-2,1928,1928,,Sinskaya,var.,Trudy Prikl. Bot. 19(3): 77. 1928 ,,As 'B. campestris subsp. oleifera var. afghanica'.,,,8,campestris,L.,,f,t,,,,,,,Sinskaya@12868-1@1@aut,Oeder@0-0@1@aut,,tax. nov.,,1.5,f,brassica~campestrisafghanica,brassicaceaebrassica~campestrisafghanica,,649,wfo-0000570938,,variety,,,,,https://www.ipni.org/n/77380599-1,IPNI record: 77380599-1,Trudy Prikl. Bot. 19(3): 77 (1928)
urn:lsid:ipni.org:names:77380600-1,Sinskaya,,,,,,"19(3): 147, 194, 204",,,,,,,,,,,,23/05/2026 07:20,01/06/2026 14:45,,,Brassicaceae,Brassica campestris var. afghanica,Brassica campestris var. afghanica,Brassica,,f,f,,,,,afghanica,,,,,,,,,,,,,,,,,,,,,,,,30076075-2,Trudy Prikl. Bot.,urn:lsid:ipni.org:publications:4366-2,1928,1928,,Sinskaya,var.,"Trudy Prikl. Bot. 19(3): 147, 194, 204. 1928 ",,As 'B. campestris subsp. rapifera var. afghanica'.,,,8,campestris,L.,,f,t,,,,,,,Sinskaya@12868-1@1@aut,Oeder@0-0@1@aut,,tax. nov.,,1.4,f,brassica~campestrisafghanica,brassicaceaebrassica~campestrisafghanica,,650,wfo-1200118697,,variety,,,,,https://www.ipni.org/n/77380600-1,IPNI record: 77380600-1,"Trudy Prikl. Bot. 19(3): 147, 194, 204 (1928)"
urn:lsid:ipni.org:names:77380601-1,Sinskaya,,,,,,"19(3): 145, 201, 202",,,,,,,,,,,,23/05/2026 07:24,01/06/2026 14:54,,,Brassicaceae,Brassica campestris var. chinensis,Brassica campestris var. chinensis,Brassica,,f,f,,,,,chinensis,,,,,,,,,,,,,,,,,,,,,,,,30076075-2,Trudy Prikl. Bot.,urn:lsid:ipni.org:publications:4366-2,1928,1928,,Sinskaya,var.,"Trudy Prikl. Bot. 19(3): 145, 201, 202. 1928 ",,.,,,8,campestris,L.,,f,t,,,,,,,Sinskaya@12868-1@1@aut,Oeder@0-0@1@aut,,tax. nov.,,1.4,f,brassica~campestrischinensis,brassicaceaebrassica~campestrischinensis,,651,wfo-1200118672,,variety,,,,,https://www.ipni.org/n/77380601-1,IPNI record: 77380601-1,"Trudy Prikl. Bot. 19(3): 145, 201, 202 (1928)"
urn:lsid:ipni.org:names:77380602-1,"M.W.Chase, X.H.Jin & Schuit. ex Kottaim.",,,,,,10(2): 83,,,,,,,,,,,,23/05/2026 09:30,26/05/2026 11:02,,,Orchidaceae,Habenaria subalpina,Habenaria subalpina,Habenaria,,f,f,,,,,,,,,,,,,,,,,,,,,,,,,,,,null:,325751-2,J. Biodivers. Conservation,urn:lsid:ipni.org:publications:20042568-1,2026,2026 [23 May 2026],[23 May 2026],"M.W.Chase, X.H.Jin & Schuit. ex Kottaim.",spec.,J. Biodivers. Conservation 10(2): 83. 2026 [23 May 2026] ,,doi:10.5281/zenodo.20340859,638586-1,,9,subalpina,,,f,t,,,,,,,M.W.Chase@17101-1@1@aut$Schuit.@26386-1@3@aut$Kottaim.@20027938-1@4@autEx$X.H.Jin@39725-1@2@aut,,,nom. nov.,77379143-1,1.3,f,habenaria~subalpina,orchidaceaehabenaria~subalpina~,,652,wfo-1200118673,,species,,,,,https://www.ipni.org/n/77380602-1,IPNI record: 77380602-1,J. Biodivers. Conservation 10(2): 83 (2026)
urn:lsid:ipni.org:names:77380603-1,(Kom.) Velichkin,Brassicaceae Smelowskia mongolica Kom.,(Kom.),289894-1,,,"6(126): 64, fig. 5",,,,,,,,,,,,23/05/2026 20:17,23/05/2026 20:17,,,Brassicaceae,Hedinia mongolica,Hedinia mongolica,Hedinia,,f,f,,,,,,,,,,,,,,,,,,,,,,,,,,,,,12637-1,Nauchnye Dokl. Vysshei Shkoly Biol. Nauki,urn:lsid:ipni.org:publications:14144-2,1974,1974,,Velichkin,spec.,"Nauchnye Dokl. Vysshei Shkoly Biol. Nauki 6(126): 64, fig. 5. 1974 ",,,,,11,mongolica,,,f,t,,,,,,,Kom.@4948-1@2@bas$Velichkin@11119-1@1@aut,,,comb. nov.,,1.1,f,hedinia~mongolica,brassicaceaehedinia~mongolica~,,653,wfo-0001217696,,species,,,,,https://www.ipni.org/n/77380603-1,IPNI record: 77380603-1,"Nauchnye Dokl. Vysshei Shkoly Biol. Nauki 6(126): 64, fig. 5 (1974)"
urn:lsid:ipni.org:names:77380606-1,Roxb.,,,,,,2: 285,,,,,,,,,,,,24/05/2026 23:58,24/05/2026 23:58,"West Bengal (India, Indian Subcontinent, Asia-Tropical)",,Polygonaceae,Polygonum lanatum,Polygonum lanatum,Polygonum,,f,f,,,,,,,,,,,"'growing in ditches, &c. near Calcutta ; and flowering during the rains'",,,,,,,,,,,,,,,,,,331872-2,"Fl. Ind., ed. 1832.",urn:lsid:ipni.org:publications:5717-2,1832,1832,,Roxb.,spec.,"Fl. Ind., ed. 1832. 2: 285. 1832 ",,,,,9,lanatum,,,f,t,,,,,,,Roxb.@8682-1@1@aut,,,tax. nov.,695959-1,1.1,f,polygonum~lanatum,polygonaceaepolygonum~lanatum~,,654,wfo-0001245261,,species,,,,,https://www.ipni.org/n/77380606-1,IPNI record: 77380606-1,"Fl. Ind., ed. 1832. 2: 285 (1832)"
urn:lsid:ipni.org:names:77380710-1,(L.) Vis.,Brassicaceae Brassica rapa L.,(L.),279485-1,,,2,,,,,,,,,,,,26/05/2026 03:42,26/05/2026 14:57,,,Brassicaceae,Raphanus sativus var. rapa,Raphanus sativus var. rapa,Raphanus,,f,f,,,,,rapa,,,,,,,,,,,,,,,,,,,,,,,null:,288491-1,Introd. Studio Vegetabili Jacquin,urn:lsid:ipni.org:publications:20064469-1,1824,1824,,Vis.,var.,Introd. Studio Vegetabili Jacquin 2. 1824 ,,,,,11,sativus,L.,,f,t,,,,,,,L.@12653-1@2@bas$Vis.@11218-1@1@aut,L.@0-0@1@aut,,comb. et stat. nov.,,1.3,f,raphanus~sativusrapa,brassicaceaeraphanus~sativusrapa,,655,wfo-1200118620,,variety,,,,,https://www.ipni.org/n/77380710-1,IPNI record: 77380710-1,Introd. Studio Vegetabili Jacquin 2 (1824)
urn:lsid:ipni.org:names:77380711-1,(L.) DC.,Brassicaceae Brassica rapa L.,(L.),279485-1,,,4: 649,,,,,,,,,,,,26/05/2026 04:00,01/06/2026 14:21,,,Brassicaceae,Brassica asperifolia var. rapa,Brassica asperifolia var. rapa,Brassica,,f,f,,,,,rapa,,,,,,,,,,,,,,,,,,,,,,,null:,279237-1,"Fl. Franç. [de Candolle & Lamarck], ed. 3.",urn:lsid:ipni.org:publications:3706-2,1805,1805 [17 Sep 1805],[17 Sep 1805],DC.,var.,"Fl. Franç. [de Candolle & Lamarck], ed. 3. 4: 649. 1805 [17 Sep 1805] ",,Publ. as a later isonym by H.C.Hall in Fl. Belg. Sept. 1(2): 496. 1826.,,,11,asperifolia,Lam.,,f,t,,,,,,,DC.@16855-1@1@aut$L.@12653-1@2@bas,Lam.@0-0@1@aut,,comb. et stat. nov.,,1.4,f,brassica~asperifoliarapa,brassicaceaebrassica~asperifoliarapa,,656,wfo-1200118621,,variety,,,,,https://www.ipni.org/n/77380711-1,IPNI record: 77380711-1,"Fl. Franç. [de Candolle & Lamarck], ed. 3. 4: 649 (1805)"
urn:lsid:ipni.org:names:77380712-1,H.F.Cao & Lei Zhang,,,,,,275: 104,,14,,7,,CAOHF140,2025,,Hai-Feng Cao,,,26/05/2026 08:17,27/05/2026 15:17,"Sichuan (China South-Central, China, Asia-Temperate)",E,Gentianaceae,Gentiana tingnongiana,Gentiana tingnongiana,Gentiana,,f,f,,,,,,,,32,45,8,"Aba Tibetan and Qiang Autonomous Prefecture, Songpan County, Huanglong Township, Danyunxia Scenic Area, 2566 m",103,57,43,,,,,,N,,,,,,,,,30001281-2,PhytoKeys,urn:lsid:ipni.org:publications:20011997-1,2026,2026 [27 May 2026],[27 May 2026],H.F.Cao & Lei Zhang,spec.,PhytoKeys 275: 104. 2026 [27 May 2026] ,,doi:10.3897/phytokeys.275.190176 [english] Etymology: 'The specific epithet honors the late Prof. Tingnong Ho'.,,,11,tingnongiana,,,f,t,,holotype CSH 0222530;isotype KUN;isotype PE;isotype SMCM;isotype CSH 0222531,,,,,Lei Zhang@20098923-1@2@aut$H.F.Cao@20042742-1@1@aut,,,tax. nov.,,1.3,f,gentiana~tingnongiana,gentianaceaegentiana~tingnongiana~,,657,wfo-1000090569,,species,,,,,https://www.ipni.org/n/77380712-1,IPNI record: 77380712-1,PhytoKeys 275: 104 (2026)
urn:lsid:ipni.org:names:77380713-1,H.F.Cao & Lei Zhang,,,,,,275: 107,,27,,7,,2018ZL0727,2018,,Lei Zhang,,,26/05/2026 08:19,27/05/2026 15:22,"Sichuan (China South-Central, China, Asia-Temperate)",,Gentianaceae,Gentiana shangwui,Gentiana shangwui,Gentiana,,f,f,,,,,,,,,,,"Aba Tibetan and Qiang Autonomous Prefecture, Wenchuan County, Wolong Town, Balang Mountain, 4000 m",,,,,,,,,,,,,,,,,,30001281-2,PhytoKeys,urn:lsid:ipni.org:publications:20011997-1,2026,2026 [27 May 2026],[27 May 2026],H.F.Cao & Lei Zhang,spec.,PhytoKeys 275: 107. 2026 [27 May 2026] ,,doi:10.3897/phytokeys.275.190176 [english] Etymology: 'This species is dedicated to the late Prof. Shangwu Liu'.,,,11,shangwui,,,f,t,,holotype CSH;isotype KUN;isotype PE 02402080,,,,,Lei Zhang@20098923-1@2@aut$H.F.Cao@20042742-1@1@aut,,,tax. nov.,,1.3,f,gentiana~shangwui,gentianaceaegentiana~shangwui~,,658,wfo-1000090570,,species,,,,,https://www.ipni.org/n/77380713-1,IPNI record: 77380713-1,PhytoKeys 275: 107 (2026)
urn:lsid:ipni.org:names:77380714-1,T.H.Bui & N.H.Le,,,,,,275: 134,,22,,3,,VAST-PQ 74,2026,,"T.B.Tran, V.H.Do, T.C.Nguyen, T.H.Duong, N.H.Le, N.M.Trinh, A.T.Vu, D.B.Tran",,,26/05/2026 08:22,01/06/2026 16:52,"Vietnam (Indo-China, Asia-Tropical)",E,Euphorbiaceae,Breynia phongquangensis,Breynia phongquangensis,Breynia,,f,f,,,,,,,,22,56,37,"Tuyen Quang Province, Minh Tan Commune, Phong Quang Nature Reserve, 730 m",104,53,27,,,,,,N,,,,,,,,,327612-2,PhytoKeys,urn:lsid:ipni.org:publications:20011997-1,2026,2026 [27 May 2026],[27 May 2026],T.H.Bui & N.H.Le,spec.,PhytoKeys 275: 134. 2026 [27 May 2026] ,,"doi:10.3897/phytokeys.275.195982 [english] Etymology: the specific epithet refers to the type locality, Phong Quang Nature Reserve, Tuyen Quang Province, in Vietnam",,,11,phongquangensis,,,f,t,,holotype HN HN000083328;isotype HN HN000083329 - HN000083335;isotype VNM VNM00078331,,,,,N.H.Le@20098924-1@2@aut$T.H.Bui@20082920-1@1@aut,,,tax. nov.,,1.4,f,breynia~phongquangensis,euphorbiaceaebreynia~phongquangensis~,,659,wfo-1000090571,,species,,,,,https://www.ipni.org/n/77380714-1,IPNI record: 77380714-1,PhytoKeys 275: 134 (2026)
urn:lsid:ipni.org:names:77380715-1,P.L.R.Moraes & L.S.Santos,,,,,,14(e195965): 4,,7,,5,,2362,2023,,R.R.Vervloet,,,26/05/2026 08:59,27/05/2026 09:02,"Espírito Santo (Brazil Southeast, Brazil, Southern America)",W,Lauraceae,Ocotea vervloetii,Ocotea vervloetii,Ocotea,,f,f,,,,,,,,19,54,27,"Santa Teresa, Reserva Biológica Augusto Ruschi, 800 m",40,33,11,,,,,,S,,,,,,,,,325868-2,Biodivers. Data J.,urn:lsid:ipni.org:publications:20019082-1,2026,2026 [26 May 2026],[26 May 2026],P.L.R.Moraes & L.S.Santos,spec.,Biodivers. Data J. 14(e195965): 4. 2026 [26 May 2026] ,,"doi:10.3897/BDJ.14.e195965 [english] Etymology: 'This species is named in homage to Roxísio Vervloet Romagna, a biologist born in Santa Teresa and a prolific collector of many plants in that region'.",,,11,vervloetii,,,f,t,,holotype MBML MBML020694;isotype ESAL 23800;isotype HRCB HRCB084857;isotype RB RB01465574;isotype UEC UEC115305,,,,,P.L.R.Moraes@20005694-1@1@aut$L.S.Santos@20098918-1@2@aut,,,tax. nov.,,1.4,f,ocotea~vervloetii,lauraceaeocotea~vervloetii~,,660,wfo-1000090572,,species,,,,,https://www.ipni.org/n/77380715-1,IPNI record: 77380715-1,Biodivers. Data J. 14(e195965): 4 (2026)
urn:lsid:ipni.org:names:77380716-1,D.Santam.,,,,,,133: 23,,20,,6,,20537,2008,,G.McPherson,,,26/05/2026 13:50,26/05/2026 15:21,"Panama (Central America, Southern America)",W,Vochysiaceae,Vochysia alexeter,Vochysia alexeter,Vochysia,,f,f,,,,,,,,8,50,6,"Colón, [Donoso], Teck Cominco Petaquilla mining concesión, forest along roads in Botija region, 150 m",80,39,,,,,,,N,,,,,,,,,332054-2,Acta Bot. Mex.,urn:lsid:ipni.org:publications:7662-2,2026,2026 [25 May 2026],[25 May 2026],D.Santam.,spec.,Acta Bot. Mex. 133: 23. 2026 [25 May 2026] ,,"doi:10.21829/abm133.2026.2557 [english] Etymology: The specific epithet alexeter means defender, protector (Brown, 1954). It is given to this new species to honor all those Panamanian men and women who opposed a new mining concession contract.",,,11,alexeter,,,f,t,,holotype MO 6257029 [2204991];isotype PMA;isotype K 003882750;isotype NY 02691484;isotype US 3705691 [03329500],,,,,D.Santam.@20018172-1@1@aut,,,tax. nov.,,1.3,f,vochysia~alexeter,vochysiaceaevochysia~alexeter~,,661,wfo-1000090573,,species,,,,,https://www.ipni.org/n/77380716-1,IPNI record: 77380716-1,Acta Bot. Mex. 133: 23 (2026)
urn:lsid:ipni.org:names:77380717-1,Standl. ex D.Santam.,,,,,,133: 40,,25,,5,,1221,1973,,G.S.Hartshorn,,,26/05/2026 13:53,26/05/2026 15:28,"Costa Rica (Central America, Southern America);Nicaragua (Central America, Southern America);",,Vochysiaceae,Vochysia hebetifolia,Vochysia hebetifolia,Vochysia,,f,f,,,,,,,,,,,"Costa Rica: Heredia, Sarapiquí, about 100 m from the río Sarapiquí, about 1.5 km north of the Puerto Viejo bridge, 30 m",,,,,,,,,,,,,,,,,,332054-2,Acta Bot. Mex.,urn:lsid:ipni.org:publications:7662-2,2026,2026 [25 May 2026],[25 May 2026],Standl. ex D.Santam.,spec.,Acta Bot. Mex. 133: 40. 2026 [25 May 2026] ,,"doi:10.21829/abm133.2026.2557 [english] Etymology: Paul C. Standley originally recognized this species as new and proposed the name. It is possible that the specific epithet refers to the glossy surface of the leaf blades (Latin hebes, glossy, and folia, leaf).",,,11,hebetifolia,,,f,t,,holotype CR 71720;isotype F 1854128;isotype LSCR 1525;isotype MO 2915135 [127874],,,,,D.Santam.@20018172-1@2@autEx$Standl.@10019-1@1@aut,,,tax. nov.,,1.3,f,vochysia~hebetifolia,vochysiaceaevochysia~hebetifolia~,,662,wfo-1000090574,,species,,,,,https://www.ipni.org/n/77380717-1,IPNI record: 77380717-1,Acta Bot. Mex. 133: 40 (2026)
urn:lsid:ipni.org:names:77380718-1,D.Santam.,,,,,,133: 50,,8,,6,,3575,1977,,J.P.Folsom,,,26/05/2026 13:55,26/05/2026 15:35,"Panama (Central America, Southern America)",,Vochysiaceae,Vochysia llanocarti,Vochysia llanocarti,Vochysia,,f,f,,,,,,,,,,,"El Llano to Cartí Road, 9.1 km N of Panamerican Highway",,,,,,,,,,,,,,,,,,332054-2,Acta Bot. Mex.,urn:lsid:ipni.org:publications:7662-2,2026,2026 [25 May 2026],[25 May 2026],D.Santam.,spec.,Acta Bot. Mex. 133: 50. 2026 [25 May 2026] ,,"doi:10.21829/abm133.2026.2557 [english] Etymology: The specific epithet, 'llanocarti', refers to the locality where most of the herbarium specimens of this new species were collected.",,,11,llanocarti,,,f,t,,holotype PMA 24887 [52376];isotype MEXU 378999;isotype MO 2608495 [127870],,,,,D.Santam.@20018172-1@1@aut,,,tax. nov.,,1.3,f,vochysia~llanocarti,vochysiaceaevochysia~llanocarti~,,663,wfo-1000090575,,species,,,,,https://www.ipni.org/n/77380718-1,IPNI record: 77380718-1,Acta Bot. Mex. 133: 50 (2026)
urn:lsid:ipni.org:names:77380719-1,D.Santam. & Aguilar,,,,,,133: 54,,23,,5,,5131,1997,,R.Aguilar,,,26/05/2026 13:58,26/05/2026 15:45,"Costa Rica (Central America, Southern America);Panama (Central America, Southern America);",W,Vochysiaceae,Vochysia osaensis,Vochysia osaensis,Vochysia,,f,f,,,,,,,,8,40,44,"Costa Rica: Puntarenas, Osa, Península de Osa, R. F. [Reserva Forestal] Golfo Dulce, Rancho Quemado, camino a Estero Guerra, 200 m",83,34,,,,,,,N,,,,,,,,,332054-2,Acta Bot. Mex.,urn:lsid:ipni.org:publications:7662-2,2026,2026 [25 May 2026],[25 May 2026],D.Santam. & Aguilar,spec.,Acta Bot. Mex. 133: 54. 2026 [25 May 2026] ,,"doi:10.21829/abm133.2026.2557 [english] Etymology: The specific epithet, 'osaensis', refers to the locality where most of the specimens were collected.",,,11,osaensis,,,f,t,,holotype CR 222206;isotype F 2212143;isotype K K001892799;isotype MO 6170948 [2171786],,,,,Aguilar@20006467-2@2@aut$D.Santam.@20018172-1@1@aut,,,tax. nov.,,1.3,f,vochysia~osaensis,vochysiaceaevochysia~osaensis~,,664,wfo-1000090576,,species,,,,,https://www.ipni.org/n/77380719-1,IPNI record: 77380719-1,Acta Bot. Mex. 133: 54 (2026)
urn:lsid:ipni.org:names:77380720-1,D.Santam. & Aguilar,,,,,,133: 59,,19,,5,,46,2008,,F.Jirón,,,26/05/2026 14:00,26/05/2026 16:09,"Costa Rica (Central America, Southern America);Nicaragua (Central America, Southern America);",W,Vochysiaceae,Vochysia sanjuanensis,Vochysia sanjuanensis,Vochysia,,f,f,,,,,,,,11,7,4,"Nicaragua: Río San Juan, El  Castillo, comunidad Las Maravillas, de la casa de Pablo Vílchez 300 m al sur, finca de Pablo Vílchez, 150-200 m",84,20,23,,,,,,N,,,,,,,,,332054-2,Acta Bot. Mex.,urn:lsid:ipni.org:publications:7662-2,2026,2026 [25 May 2026],[25 May 2026],D.Santam. & Aguilar,spec.,Acta Bot. Mex. 133: 59. 2026 [25 May 2026] ,,doi:10.21829/abm133.2026.2557 [english] Etymology: For the San Juan River basin where the specimens were collected.,,,11,sanjuanensis,,,f,t,,holotype MO 2902898,,,,,D.Santam.@20018172-1@1@aut$Aguilar@20006467-2@2@aut,,,tax. nov.,,1.3,f,vochysia~sanjuanensis,vochysiaceaevochysia~sanjuanensis~,,665,wfo-1000090577,,species,,,,,https://www.ipni.org/n/77380720-1,IPNI record: 77380720-1,Acta Bot. Mex. 133: 59 (2026)
urn:lsid:ipni.org:names:77380721-1,D.Santam.,,,,,,133: 64,,26,,7,,291,1989,,A.Chacón,,,26/05/2026 14:03,26/05/2026 16:15,"Costa Rica (Central America, Southern America);Panama (Central America, Southern America);",W,Vochysiaceae,Vochysia talamancana,Vochysia talamancana,Vochysia,,f,f,,,,,,,,9,27,30,"Costa Rica: Limón, Parque Internacional La Amistad, Fila Tsiurábeta, entre ríos Urén y Lari, 800 m",83,,,,,,,,N,,,,,,,,,332054-2,Acta Bot. Mex.,urn:lsid:ipni.org:publications:7662-2,2026,2026 [25 May 2026],[25 May 2026],D.Santam.,spec.,Acta Bot. Mex. 133: 64. 2026 [25 May 2026] ,,doi:10.21829/abm133.2026.2557 [english] Etymology: For the Talamanca mountain range.,,,11,talamancana,,,f,t,,holotype CR [ex INB-023349];isotype MO 6256312 [3147143],,,,,D.Santam.@20018172-1@1@aut,,,tax. nov.,,1.3,f,vochysia~talamancana,vochysiaceaevochysia~talamancana~,,666,wfo-1000090578,,species,,,,,https://www.ipni.org/n/77380721-1,IPNI record: 77380721-1,Acta Bot. Mex. 133: 64 (2026)
urn:lsid:ipni.org:names:77380722-1,"(Ridl.) Sushil K.Singh, Agrawala & Jalal",Orchidaceae Microstylis crenulata Ridl.,(Ridl.),644288-1,,,172,,,,,,,,,,,,26/05/2026 14:34,26/05/2026 14:34,,,Orchidaceae,Crepidium crenulatum,Crepidium crenulatum,Crepidium,,f,f,,,,,,,,,,,,,,,,,,,,,,,,,,,,,29139-1,Orchids India Pictorial Guide,urn:lsid:ipni.org:publications:20064468-1,2019,2019 [Apr 2019],[Apr 2019],"Sushil K.Singh, Agrawala & Jalal",spec.,Orchids India Pictorial Guide 172. 2019 [Apr 2019] ,,,,,11,crenulatum,,,f,t,,,,,,,Ridl.@8381-1@4@bas$Jalal@20016695-1@3@aut$Agrawala@20007974-1@2@aut$Sushil K.Singh@20016176-1@1@aut,,,comb. nov.,,1.1,f,crepidium~crenulatum,orchidaceaecrepidium~crenulatum~,,667,wfo-1200118674,,species,,,,,https://www.ipni.org/n/77380722-1,IPNI record: 77380722-1,Orchids India Pictorial Guide 172 (2019)
urn:lsid:ipni.org:names:77380723-1,"(A.Rich.) Sushil K.Singh, Agrawala & Jalal",Orchidaceae Liparis densiflora A.Rich.,(A.Rich.),640833-1,,,172,,,,,,,,,,,,26/05/2026 14:46,26/05/2026 14:46,,,Orchidaceae,Crepidium densiflorum,Crepidium densiflorum,Crepidium,,f,f,,,,,,,,,,,,,,,,,,,,,,,,,,,,,29139-1,Orchids India Pictorial Guide,urn:lsid:ipni.org:publications:20064468-1,2019,2019 [Apr 2019],[Apr 2019],"Sushil K.Singh, Agrawala & Jalal",spec.,Orchids India Pictorial Guide 172. 2019 [Apr 2019] ,,,,,11,densiflorum,,,f,t,,,,,,,Jalal@20016695-1@3@aut$A.Rich.@8349-1@4@bas$Agrawala@20007974-1@2@aut$Sushil K.Singh@20016176-1@1@aut,,,comb. nov.,,1.1,f,crepidium~densiflorum,orchidaceaecrepidium~densiflorum~,,668,wfo-1000090579,,species,,,,,https://www.ipni.org/n/77380723-1,IPNI record: 77380723-1,Orchids India Pictorial Guide 172 (2019)
urn:lsid:ipni.org:names:77380724-1,"(A.Rich.) Sushil K.Singh, Agrawala & Jalal",Orchidaceae Liparis intermedia A.Rich.,(A.Rich.),640948-1,,,172,,,,,,,,,,,,26/05/2026 14:49,26/05/2026 14:49,,,Orchidaceae,Crepidium intermedium,Crepidium intermedium,Crepidium,,f,f,,,,,,,,,,,,,,,,,,,,,,,,,,,,,29139-1,Orchids India Pictorial Guide,urn:lsid:ipni.org:publications:20064468-1,2019,2019 [Apr 2019],[Apr 2019],"Sushil K.Singh, Agrawala & Jalal",spec.,Orchids India Pictorial Guide 172. 2019 [Apr 2019] ,,,,,11,intermedium,,,f,t,,,,,,,Sushil K.Singh@20016176-1@1@aut$Jalal@20016695-1@3@aut$Agrawala@20007974-1@2@aut$A.Rich.@8349-1@4@bas,,,comb. nov.,,1.1,f,crepidium~intermedium,orchidaceaecrepidium~intermedium~,,669,wfo-1000090580,,species,,,,,https://www.ipni.org/n/77380724-1,IPNI record: 77380724-1,Orchids India Pictorial Guide 172 (2019)
urn:lsid:ipni.org:names:77380726-1,(Viv.) Sch.Bip.,Asteraceae Chrysanthemum macrocephalum Viv.,(Viv.),193571-1,,,8(23-34): 369,,,,,,,,,,,,26/05/2026 18:54,26/05/2026 18:54,,,Asteraceae,Xantophtalmum macrocephalum,Xantophtalmum macrocephalum,Xantophtalmum,,f,f,,,,,,,,,,,,,,,,,,,,,,,,,,,,,11567-1,Bonplandia,urn:lsid:ipni.org:publications:861-2,1860,1860 [15 Dec 1860],[15 Dec 1860],Sch.Bip.,spec.,Bonplandia 8(23-34): 369. 1860 [15 Dec 1860] (as 'Xanthophthalmum'),(as 'Xanthophthalmum'),,,,11,macrocephalum,,,f,t,,,,,,,Sch.Bip.@9294-1@1@aut$Viv.@28409-1@2@bas,,,comb. nov.,,1.1,f,xantophtalmum~macrocephalum,asteraceaexantophtalmum~macrocephalum~,,670,wfo-1000090581,,species,,,,,https://www.ipni.org/n/77380726-1,IPNI record: 77380726-1,Bonplandia 8(23-34): 369 (1860)
urn:lsid:ipni.org:names:77380727-1,(Desf.) Sch.Bip.,Asteraceae Chrysanthemum trifurcatum Desf.,(Desf.),193818-1,,,8(23-34): 369,,,,,,,,,,,,26/05/2026 18:56,26/05/2026 18:56,,,Asteraceae,Xantophtalmum trifurcatum,Xantophtalmum trifurcatum,Xantophtalmum,,f,f,,,,,,,,,,,,,,,,,,,,,,,,,,,,,11567-1,Bonplandia,urn:lsid:ipni.org:publications:861-2,1860,1860 [15 Dec 1860],[15 Dec 1860],Sch.Bip.,spec.,Bonplandia 8(23-34): 369. 1860 [15 Dec 1860] (as 'Xanthophthalmum'),(as 'Xanthophthalmum'),,,,11,trifurcatum,,,f,t,,,,,,,Desf.@17958-1@2@bas$Sch.Bip.@9294-1@1@aut,,,comb. nov.,,1.1,f,xantophtalmum~trifurcatum,asteraceaexantophtalmum~trifurcatum~,,671,wfo-1000090582,,species,,,,,https://www.ipni.org/n/77380727-1,IPNI record: 77380727-1,Bonplandia 8(23-34): 369 (1860)
urn:lsid:ipni.org:names:77380728-1,(L.) P.D.Sell,Asteraceae Chrysanthemum coronarium L.,(L.),322671-2,,,4: 556,,,,,,,,,,,,26/05/2026 19:22,26/05/2026 19:22,,,Asteraceae,Xantophtalmum coronarium,Xantophtalmum coronarium,Xantophtalmum,,f,f,,,,,,,,,,,,,,,,,,,,,,,,,,,,,11567-1,Fl. Gr. Brit. Ireland,urn:lsid:ipni.org:publications:20005249-1,2006,2006,,P.D.Sell,spec.,Fl. Gr. Brit. Ireland 4: 556. 2006 (as 'Xanthophthalmum'),(as 'Xanthophthalmum'),,,,11,coronarium,,,f,t,,,,,,,L.@12653-1@2@bas$P.D.Sell@9461-1@1@aut,,,comb. nov.,,1.1,f,xantophtalmum~coronarium,asteraceaexantophtalmum~coronarium~,,672,wfo-1000090583,,species,,,,,https://www.ipni.org/n/77380728-1,IPNI record: 77380728-1,Fl. Gr. Brit. Ireland 4: 556 (2006)
urn:lsid:ipni.org:names:77380729-1,(d'Urv.) P.D.Sell,Asteraceae Chrysanthemum coronarium L. var. discolor d'Urv.,(d'Urv.),322673-2,,,4: 556,,,,,,,,,,,,26/05/2026 19:23,26/05/2026 19:23,,,Asteraceae,Xantophtalmum coronarium var. discolor,Xantophtalmum coronarium var. discolor,Xantophtalmum,,f,f,,,,,discolor,,,,,,,,,,,,,,,,,,,,,,,,77380728-1,Fl. Gr. Brit. Ireland,urn:lsid:ipni.org:publications:20005249-1,2006,2006,,P.D.Sell,var.,Fl. Gr. Brit. Ireland 4: 556. 2006 (as 'Xanthophthalmum'),(as 'Xanthophthalmum'),,,,11,coronarium,(L.) P.D.Sell,,f,t,,,,,,,d'Urv.@11002-1@2@bas$P.D.Sell@9461-1@1@aut,L.@12653-1@2@bas$P.D.Sell@9461-1@1@aut,,comb. nov.,,1.1,f,xantophtalmum~coronariumdiscolor,asteraceaexantophtalmum~coronariumdiscolor,,673,wfo-1200118622,,variety,,,,,https://www.ipni.org/n/77380729-1,IPNI record: 77380729-1,Fl. Gr. Brit. Ireland 4: 556 (2006)
urn:lsid:ipni.org:names:77380730-1,(K.F.Schimp. & Spenn.) Kunth,Brassicaceae Napus rapa K.F.Schimp. & Spenn. var. esculenta K.F.Schimp. & Spenn.,(K.F.Schimp. & Spenn.),77380539-1,,,1: 60,,,,,,,,,,,,27/05/2026 02:20,27/05/2026 08:56,,,Brassicaceae,Brassica rapa var. esculenta,Brassica rapa var. esculenta,Brassica,,f,f,,,,,esculenta,,,,,,,,,,nom. superfl.,,,,,,,,,,,,,null:,279485-1,"Fl. Berol. (Kunth, 1838)",urn:lsid:ipni.org:publications:19800-2,1838,1838 [21-27 Oct 1838],[[21-27 Oct 1838]],Kunth,var.,"Fl. Berol. (Kunth, 1838) 1: 60. 1838 [[21-27 Oct 1838]] ",,B. rapa depressa DC. and B. rapa oblonga DC. cited as synonyms.,,,12,rapa,L.,77379600-1,f,t,,,,,,,K.F.Schimp.@26277-1@2@bas$Spenn.@9960-1@3@bas$Kunth@21866-1@1@aut,L.@0-0@1@aut,,comb. nov.,,1.3,f,brassica~rapaesculenta,brassicaceaebrassica~rapaesculenta,,674,wfo-1200118675,,variety,,,,,https://www.ipni.org/n/77380730-1,IPNI record: 77380730-1,"Fl. Berol. (Kunth, 1838) 1: 60 (1838)"
urn:lsid:ipni.org:names:77380731-1,Lémon,,,,,,1828: xxi,,,,,,,,,,,,27/05/2026 09:52,27/05/2026 09:54,,,Polemoniaceae,Phlox × virginalis,Phlox × virginalis,Phlox,,t,f,"689856-1,689711-1",(Phlox suaveolens Aiton × Phlox decussata Lyon ex Pursh),,,,,,,,,,,,,,,,,,,,,,,,,,,328376-2,Bon Jard.,urn:lsid:ipni.org:publications:9014-2,1828,1828,,Lémon,spec.,Bon Jard. 1828: xxi. ,,,,,8,virginalis,,,f,t,,,,,,,Lémon@38371-1@1@aut,,,tax. nov.,,1.2,f,phlox~virginalis,polemoniaceaephlox~virginalis~,,675,wfo-1200118676,,species,,,,,https://www.ipni.org/n/77380731-1,IPNI record: 77380731-1,Bon Jard. 1828: xxi (1828)
urn:lsid:ipni.org:names:77380732-1,Hort ex Lémon,,,,,,1828: xxi,,,,,,,,,,,,27/05/2026 09:56,27/05/2026 09:56,,,Polemoniaceae,Phlox macrophylla,Phlox macrophylla,Phlox,,f,f,,,,,,,,,,,,,,,,,,,,,,,,,,,,,328376-2,Bon Jard.,urn:lsid:ipni.org:publications:9014-2,1828,1828,,Hort ex Lémon,spec.,Bon Jard. 1828: xxi. ,,,,,8,macrophylla,,,f,t,,,,,,,Hort@14741-1@1@aut$Lémon@38371-1@2@autEx,,,tax. nov.,,1.1,f,phlox~macrophylla,polemoniaceaephlox~macrophylla~,,676,wfo-1200118677,,species,,,,,https://www.ipni.org/n/77380732-1,IPNI record: 77380732-1,Bon Jard. 1828: xxi (1828)
urn:lsid:ipni.org:names:77380733-1,hort. ex Lémon,,,,,,1828: xxi,,,,,,,,,,,,27/05/2026 09:57,27/05/2026 09:57,,,Polemoniaceae,Phlox aspera,Phlox aspera,Phlox,,f,f,,,,,,,,,,,,,,,,,,,,,,,,,,,,,328376-2,Bon Jard.,urn:lsid:ipni.org:publications:9014-2,1828,1828,,hort. ex Lémon,spec.,Bon Jard. 1828: xxi. ,,,,,8,aspera,,,f,t,,,,,,,hort.@35691-1@1@aut$Lémon@38371-1@2@autEx,,,tax. nov.,,1.1,f,phlox~aspera,polemoniaceaephlox~aspera~,,677,wfo-1200118678,,species,,,,,https://www.ipni.org/n/77380733-1,IPNI record: 77380733-1,Bon Jard. 1828: xxi (1828)
urn:lsid:ipni.org:names:77380734-1,Lémon,,,,,,1828: xxii,,,,,,,,,,,,27/05/2026 10:04,27/05/2026 10:04,,,Geraniaceae,Pelargonium × thouinianum,Pelargonium × thouinianum,Pelargonium,,t,f,,,,,,,,,,,,,,,,,,,,,,,,,,,,,30302759-2,Bon Jard.,urn:lsid:ipni.org:publications:9014-2,1828,1828,,Lémon,spec.,"Bon Jard. 1828: xxii. , as 'thouïnianum'",", as 'thouïnianum'",Cited as a hybrid but parents not stated. Compared with P. rubescens.,,,8,thouinianum,,,f,t,,,,,,,Lémon@38371-1@1@aut,,,tax. nov.,,1.1,f,pelargonium~thouinianum,geraniaceaepelargonium~thouinianum~,,678,wfo-1200118679,,species,,,,,https://www.ipni.org/n/77380734-1,IPNI record: 77380734-1,Bon Jard. 1828: xxii (1828)
urn:lsid:ipni.org:names:77380735-1,Poit. & Vilm.,,,,,,1827: 378,,,,,,,,,,,,27/05/2026 11:21,27/05/2026 11:21,,,Araceae,Arum odoratum,Arum odoratum,Arum,,f,f,,,,,,,,,,,,,,,,,,,,,,,,,,,,,328149-2,Bon Jard.,urn:lsid:ipni.org:publications:9014-2,1827,1827,,Poit. & Vilm.,spec.,Bon Jard. 1827: 378. ,,,,,8,odoratum,,,f,t,,,,,,,Poit.@24948-1@1@aut$Vilm.@11201-1@2@aut,,,tax. nov.,,1.1,f,arum~odoratum,araceaearum~odoratum~,,679,wfo-1200118680,,species,,,,,https://www.ipni.org/n/77380735-1,IPNI record: 77380735-1,Bon Jard. 1827: 378 (1827)
urn:lsid:ipni.org:names:77380736-1,Poit. & Vilm.,,,,,,1827: 421,,,,,,,,,,,,27/05/2026 11:23,27/05/2026 11:23,,,Doryanthaceae,Doryanthes filamentosa,Doryanthes filamentosa,Doryanthes,,f,f,,,,,,,,,,,,,,,,,,,,,,,,,,,,,1443-1,Bon Jard.,urn:lsid:ipni.org:publications:9014-2,1827,1827,,Poit. & Vilm.,spec.,Bon Jard. 1827: 421. ,,,,,8,filamentosa,,,f,t,,,,,,,Poit.@24948-1@1@aut$Vilm.@11201-1@2@aut,,,tax. nov.,,1.1,f,doryanthes~filamentosa,doryanthaceaedoryanthes~filamentosa~,,680,wfo-1000090584,,species,,,,,https://www.ipni.org/n/77380736-1,IPNI record: 77380736-1,Bon Jard. 1827: 421 (1827)
urn:lsid:ipni.org:names:77380737-1,Poit. & Vilm.,,,,,,1827: 426,,,,,,,,,,,,27/05/2026 11:25,27/05/2026 11:25,,,Amaryllidaceae,Amaryllis obscura,Amaryllis obscura,Amaryllis,,f,f,,,,,,,,,,,,,,,,,,,,,,,,,,,,,331133-2,Bon Jard.,urn:lsid:ipni.org:publications:9014-2,1827,1827,,Poit. & Vilm.,spec.,Bon Jard. 1827: 426. ,,,,,8,obscura,,,f,t,,,,,,,Vilm.@11201-1@2@aut$Poit.@24948-1@1@aut,,,tax. nov.,,1.1,f,amaryllis~obscura,amaryllidaceaeamaryllis~obscura~,,681,wfo-1200118681,,species,,,,,https://www.ipni.org/n/77380737-1,IPNI record: 77380737-1,Bon Jard. 1827: 426 (1827)
urn:lsid:ipni.org:names:77380738-1,Poit. & Vilm.,,,,,,1827: 459,,,,,,,,,,,,27/05/2026 11:31,27/05/2026 11:31,,,Thymelaeaceae,Daphne × delphina,Daphne × delphina,Daphne,,t,f,"831247-1,831196-1",(Daphne indica L. × Daphne collina Sm. ex Dickson),,,,,,,,,,,,,,,,,,,,,,,,,,,30024583-2,Bon Jard.,urn:lsid:ipni.org:publications:9014-2,1827,1827,,Poit. & Vilm.,spec.,Bon Jard. 1827: 459. ,,,,,8,delphina,,,f,t,,,,,,,Vilm.@11201-1@2@aut$Poit.@24948-1@1@aut,,,tax. nov.,,1.1,f,daphne~delphina,thymelaeaceaedaphne~delphina~,,682,wfo-1200118682,,species,,,,,https://www.ipni.org/n/77380738-1,IPNI record: 77380738-1,Bon Jard. 1827: 459 (1827)
urn:lsid:ipni.org:names:77380739-1,hort. ex Poit. & Vilm.,,,,,,1827: 614,,,,,,,,,,,,27/05/2026 11:35,27/05/2026 11:35,,,Paeoniaceae,Paeonia sinensis,Paeonia sinensis,Paeonia,,f,f,,,,,,,,,,,,,,,,,,,,,,,,,,,,,329475-2,Bon Jard.,urn:lsid:ipni.org:publications:9014-2,1827,1827,,hort. ex Poit. & Vilm.,spec.,Bon Jard. 1827: 614. ,,,,,8,sinensis,,,f,t,,,,,,,Poit.@24948-1@2@autEx$hort.@35691-1@1@aut$Vilm.@11201-1@3@autEx,,,tax. nov.,,1.1,f,paeonia~sinensis,paeoniaceaepaeonia~sinensis~,,683,wfo-1200118683,,species,,,,,https://www.ipni.org/n/77380739-1,IPNI record: 77380739-1,Bon Jard. 1827: 614 (1827)
urn:lsid:ipni.org:names:77380740-1,Adans. ex Poit. & Vilm.,,,,,,1827: 623,,,,,,,,,,,,27/05/2026 11:42,27/05/2026 11:42,,,Annonaceae,Asimina virginiana,Asimina virginiana,Asimina,,f,f,,,,,,,,,,,,,,,nom. superfl.,,,,,,,,,,,,,,30024700-2,Bon Jard.,urn:lsid:ipni.org:publications:9014-2,1827,1827,,Adans. ex Poit. & Vilm.,spec.,"Bon Jard. 1827: 623. , as 'Assimina virginiana'",", as 'Assimina virginiana'",,72327-1,,10,virginiana,,72521-1,f,t,,,,,,,Poit.@24948-1@2@autEx$Vilm.@11201-1@3@autEx$Adans.@30649-1@1@aut,,,nom. nov.,,1.1,f,asimina~virginiana,annonaceaeasimina~virginiana~,,684,wfo-1200118684,,species,,,,,https://www.ipni.org/n/77380740-1,IPNI record: 77380740-1,Bon Jard. 1827: 623 (1827)
urn:lsid:ipni.org:names:77380741-1,Poit. & Vilm.,,,,,,1828: 443,,,,,,,,,,,,27/05/2026 11:54,27/05/2026 12:14,,,Amaryllidaceae,Narcissus concolor,Narcissus concolor,Narcissus,,f,f,,,,,,,,,,,,,,,,,,,,,,,,,,,,,1558-1,Bon Jard.,urn:lsid:ipni.org:publications:9014-2,1828,1828,,Poit. & Vilm.,spec.,Bon Jard. 1828: 443. ,,,,,8,concolor,,,f,t,,,,,,,Poit.@24948-1@1@aut$Vilm.@11201-1@2@aut,,,tax. nov.,,1.2,f,narcissus~concolor,amaryllidaceaenarcissus~concolor~,,685,wfo-1200118685,,species,,,,,https://www.ipni.org/n/77380741-1,IPNI record: 77380741-1,Bon Jard. 1828: 443 (1828)
urn:lsid:ipni.org:names:77380742-1,"Vilm., Nois. & Boitard",,,,,,1825: 359,,,,,,,,,,,,27/05/2026 11:54,27/05/2026 11:59,,,Iridaceae,Sisyrinchium bicolor,Sisyrinchium bicolor,Sisyrinchium,,f,f,,,,,,,,,,,,,,,,,,,,,,,,,,,,,329986-2,Bon Jard.,urn:lsid:ipni.org:publications:9014-2,1825,1825,,"Vilm., Nois. & Boitard",spec.,Bon Jard. 1825: 359. ,,,,,8,bicolor,,,f,t,,,,,,,Nois.@7017-1@2@aut$Boitard@20012199-2@3@aut$Vilm.@11201-1@1@aut,,,tax. nov.,,1.2,f,sisyrinchium~bicolor,iridaceaesisyrinchium~bicolor~,,686,wfo-1000090585,,species,,,,,https://www.ipni.org/n/77380742-1,IPNI record: 77380742-1,Bon Jard. 1825: 359 (1825)
urn:lsid:ipni.org:names:77380743-1,"(Lam.) Vilm., Nois. & Boitard",Orchidaceae Limodorum purpureum Lam.,(Lam.),640635-1,,,1825: 379,,,,,,,,,,,,27/05/2026 11:58,27/05/2026 11:58,,,Orchidaceae,Cymbidium purpureum,Cymbidium purpureum,Cymbidium,,f,f,,,,,,,,,,,,,,,,,,,,,,,,,,,,,330383-2,Bon Jard.,urn:lsid:ipni.org:publications:9014-2,1825,1825,,"Vilm., Nois. & Boitard",spec.,Bon Jard. 1825: 379. ,,,,,11,purpureum,,,f,t,,,,,,,Vilm.@11201-1@1@aut$Nois.@7017-1@2@aut$Lam.@5227-1@4@bas$Boitard@20012199-2@3@aut,,,comb. nov.,,1.1,f,cymbidium~purpureum,orchidaceaecymbidium~purpureum~,,687,wfo-1200118686,,species,,,,,https://www.ipni.org/n/77380743-1,IPNI record: 77380743-1,Bon Jard. 1825: 379 (1825)
urn:lsid:ipni.org:names:77380744-1,S.T.Ibáñez & A.E.Villarroel,,,,,,758(1): 36,,5,,10,,1063,2023,,A.E. Villarroel &amp; S.T. Ibáñez,,,27/05/2026 12:03,27/05/2026 12:03,"Antofagasta (Chile North, Southern South America, Southern America)",W,Piperaceae,Peperomia mucronulata,Peperomia mucronulata,Peperomia,,f,f,,,,,,,,24,49,37,"Provincia de Antofagasta, norte de Paposo, Quebrada El Médano, 490 m",70,31,5,,,,,,S,,,,,,,,,329746-2,Phytotaxa,urn:lsid:ipni.org:publications:20011462-1,2026,2026 [20 May 2026],[20 May 2026],S.T.Ibáñez & A.E.Villarroel,spec.,Phytotaxa 758(1): 36. 2026 [20 May 2026] ,,doi:10.11646/phytotaxa.758.1.3 Etymology: name refers to the small mucro present on the lamina.,,,11,mucronulata,,,f,t,,holotype SGO 172389;isotype AGUCH 73988;isotype CONC 202855,,,,,A.E.Villarroel@20045871-1@2@aut$S.T.Ibáñez@20055807-1@1@aut,,,tax. nov.,,1.1,f,peperomia~mucronulata,piperaceaepeperomia~mucronulata~,,688,wfo-1000090586,,species,,,,,https://www.ipni.org/n/77380744-1,IPNI record: 77380744-1,Phytotaxa 758(1): 36 (2026)
urn:lsid:ipni.org:names:77380745-1,"hort. ex Vilm., Nois. & Boitard",,,,,,1825: 457,,,,,,,,,,,,27/05/2026 12:03,27/05/2026 12:03,,,Paeoniaceae,Paeonia humea,Paeonia humea,Paeonia,,f,f,,,,,,,,,,,,,,,,,,,,,,,,,,,,,329475-2,Bon Jard.,urn:lsid:ipni.org:publications:9014-2,1825,1825,,"hort. ex Vilm., Nois. & Boitard",spec.,Bon Jard. 1825: 457. ,,,,,8,humea,,,f,t,,,,,,,Vilm.@11201-1@2@autEx$hort.@35691-1@1@aut$Boitard@20012199-2@4@autEx$Nois.@7017-1@3@autEx,,,tax. nov.,,1.1,f,paeonia~humea,paeoniaceaepaeonia~humea~,,689,wfo-1000090587,,species,,,,,https://www.ipni.org/n/77380745-1,IPNI record: 77380745-1,Bon Jard. 1825: 457 (1825)
urn:lsid:ipni.org:names:77380746-1,hort. ex Poit. & Vilm.,,,,,,1828: 654,,,,,,,,,,,,27/05/2026 12:08,27/05/2026 12:08,,,Paeoniaceae,Paeonia fimbriata,Paeonia fimbriata,Paeonia,,f,f,,,,,,,,,,,,,,,,,,,,,,,,,,,,,329475-2,Bon Jard.,urn:lsid:ipni.org:publications:9014-2,1828,1828,,hort. ex Poit. & Vilm.,spec.,Bon Jard. 1828: 654. ,,,,,8,fimbriata,,,f,t,,,,,,,Vilm.@11201-1@3@autEx$Poit.@24948-1@2@autEx$hort.@35691-1@1@aut,,,tax. nov.,,1.1,f,paeonia~fimbriata,paeoniaceaepaeonia~fimbriata~,,690,wfo-1200118687,,species,,,,,https://www.ipni.org/n/77380746-1,IPNI record: 77380746-1,Bon Jard. 1828: 654 (1828)
urn:lsid:ipni.org:names:77380747-1,"(Campacci & Locatelli) Krahl, D.R.P.Krahl & Mig.Sena de Oliv.",Orchidaceae Hoffmannseggella topazzoana Campacci & Locatelli,(Campacci & Locatelli),77375119-1,,,756(3): 299,,,,,,,,,,,,27/05/2026 12:17,27/05/2026 12:17,,,Orchidaceae,Cattleya topazzoana,Cattleya topazzoana,Cattleya,,f,f,,,,,,,,,,,,,,,,,,,,,,,,,,,,,28960-1,Phytotaxa,urn:lsid:ipni.org:publications:20011462-1,2026,2026 [15 May 2026],[15 May 2026],"Krahl, D.R.P.Krahl & Mig.Sena de Oliv.",spec.,Phytotaxa 756(3): 299. 2026 [15 May 2026] ,,doi:10.11646/phytotaxa.756.3.10,,,11,topazzoana,,,f,t,,,,,,,Krahl@20024858-1@1@aut$Mig.Sena de Oliv.@20098922-1@3@aut$Campacci@36243-1@4@bas$D.R.P.Krahl@20045588-1@2@aut$Locatelli@20030893-1@5@bas,,,comb. nov.,,1.1,f,cattleya~topazzoana,orchidaceaecattleya~topazzoana~,,691,wfo-1000090588,,species,,,,,https://www.ipni.org/n/77380747-1,IPNI record: 77380747-1,Phytotaxa 756(3): 299 (2026)
urn:lsid:ipni.org:names:77380748-1,"(Locatelli) Krahl, Cantuária & Mig.Sena de Oliv.",Orchidaceae Hoffmannseggella × espeschitii Locatelli,(Locatelli),77375113-1,,,756(3): 299,,,,,,,,,,,,27/05/2026 12:19,27/05/2026 12:19,,,Orchidaceae,Cattleya × espeschitii,Cattleya × espeschitii,Cattleya,,t,f,,,,,,,,,,,,,,,,,,,,,,,,,,,,,28960-1,Phytotaxa,urn:lsid:ipni.org:publications:20011462-1,2026,2026 [15 May 2026],[15 May 2026],"Krahl, Cantuária & Mig.Sena de Oliv.",spec.,Phytotaxa 756(3): 299. 2026 [15 May 2026] ,,doi:10.11646/phytotaxa.756.3.10,,,11,espeschitii,,,f,t,,,,,,,Cantuária@20046626-1@2@aut$Krahl@20024858-1@1@aut$Mig.Sena de Oliv.@20098922-1@3@aut$Locatelli@20030893-1@4@bas,,,comb. nov.,,1.1,f,cattleya~espeschitii,orchidaceaecattleya~espeschitii~,,692,wfo-1000090589,,species,,,,,https://www.ipni.org/n/77380748-1,IPNI record: 77380748-1,Phytotaxa 756(3): 299 (2026)
urn:lsid:ipni.org:names:77380749-1,"(Rosim & Campacci) Krahl, Cantuária & Schmal",Orchidaceae Hoffmannseggella × freitasii Rosim & Campacci,(Rosim & Campacci),77375115-1,,,756(3): 299,,,,,,,,,,,,27/05/2026 12:21,27/05/2026 12:21,,,Orchidaceae,Cattleya freitasii,Cattleya freitasii,Cattleya,,f,f,,,,,,,,,,,,,,,,,,,,,,,,,,,,,28960-1,Phytotaxa,urn:lsid:ipni.org:publications:20011462-1,2026,2026 [15 May 2026],[15 May 2026],"Krahl, Cantuária & Schmal",spec.,Phytotaxa 756(3): 299. 2026 [15 May 2026] ,,doi:10.11646/phytotaxa.756.3.10,,,11,freitasii,,,f,t,,,,,,,Cantuária@20046626-1@2@aut$Rosim@20030892-1@4@bas$Campacci@36243-1@5@bas$Krahl@20024858-1@1@aut$Schmal@20098806-1@3@aut,,,comb. nov.,,1.1,f,cattleya~freitasii,orchidaceaecattleya~freitasii~,,693,wfo-1000090590,,species,,,,,https://www.ipni.org/n/77380749-1,IPNI record: 77380749-1,Phytotaxa 756(3): 299 (2026)
urn:lsid:ipni.org:names:77380750-1,"(Campacci) Krahl, D.R.P.Krahl, Mig.Sena de Oliv. & Schmal",Orchidaceae Hoffmannseggella × ivonairiana Campacci,(Campacci),77375118-1,,,756(3): 299,,,,,,,,,,,,27/05/2026 12:23,27/05/2026 12:23,,,Orchidaceae,Cattleya × ivonairiana,Cattleya × ivonairiana,Cattleya,,t,f,,,,,,,,,,,,,,,,,,,,,,,,,,,,,28960-1,Phytotaxa,urn:lsid:ipni.org:publications:20011462-1,2026,2026 [15 May 2026],[15 May 2026],"Krahl, D.R.P.Krahl, Mig.Sena de Oliv. & Schmal",spec.,Phytotaxa 756(3): 299. 2026 [15 May 2026] ,,doi:10.11646/phytotaxa.756.3.10,,,11,ivonairiana,,,f,t,,,,,,,Schmal@20098806-1@4@aut$D.R.P.Krahl@20045588-1@2@aut$Mig.Sena de Oliv.@20098922-1@3@aut$Campacci@36243-1@5@bas$Krahl@20024858-1@1@aut,,,comb. nov.,,1.1,f,cattleya~ivonairiana,orchidaceaecattleya~ivonairiana~,,694,wfo-1000090591,,species,,,,,https://www.ipni.org/n/77380750-1,IPNI record: 77380750-1,Phytotaxa 756(3): 299 (2026)
urn:lsid:ipni.org:names:77380751-1,W.Guzmán,,,,,,758(2): 148,,29,,5,,4,2016,,A.Parra,,,27/05/2026 12:32,27/05/2026 13:04,"Colombia (Western South America, Southern America)",,Lecythidaceae,Gustavia caucana,Gustavia caucana,Gustavia,,f,f,,,,,,,,,,,"Cauca: Sucre, Corregimiento El Retiro, vereda El retiro, Quebrada Buenavista, 1100 m",,,,,,,,,,,,,,,,,,331637-2,Phytotaxa,urn:lsid:ipni.org:publications:20011462-1,2026,2026 [22 May 2026],[22 May 2026],W.Guzmán,spec.,Phytotaxa 758(2): 148. 2026 [22 May 2026] ,,"doi:10.11646/phytotaxa.758.2.3 Etymology: the specific epithet refers to the department of Cauca, Colombia, the type locality.",,,11,caucana,,,f,t,,holotype CAUP CAUP-044957,,,,,W.Guzmán@20098339-1@1@aut,,,tax. nov.,,1.2,f,gustavia~caucana,lecythidaceaegustavia~caucana~,,695,wfo-1000090592,,species,,,,,https://www.ipni.org/n/77380751-1,IPNI record: 77380751-1,Phytotaxa 758(2): 148 (2026)
urn:lsid:ipni.org:names:77380752-1,Casas-Restr. & Fonseca-Cortés,,,,,,758(3): 156,,26,,5,,1786,2005,,E.Thomas &amp; R.Berdeja,,,27/05/2026 12:53,27/05/2026 12:53,"Bolivia (Western South America, Southern America);Peru (Western South America, Southern America);",W,Caesalpiniaceae,Schnella isiboro,Schnella isiboro,Schnella,,f,f,,,,,,,,16,23,,"Bolivia: Cochabamba: Provincia Chapare. Territorio indígena y Parque Nacional Isiboro–Sécure, Community of El Carmen de la Nueva Esperanza, 230 m",65,57,,,,,,,S,,,,,,,,,30003119-2,Phytotaxa,urn:lsid:ipni.org:publications:20011462-1,2026,2026 [22 May 2026],[22 May 2026],Casas-Restr. & Fonseca-Cortés,spec.,Phytotaxa 758(3): 156. 2026 [22 May 2026] ,,"doi:10.11646/phytotaxa.758.2.4 Etymology: the specific epithet is named for the Isiboro-Sécure National Park and Indigenous Territory, a well preserved region of high biodiversity in Bolivia where the type specimen was collected.",,,11,isiboro,,,f,t,,holotype RB RB00515939;isotype BOLV BOLV30143,,,,,Casas-Restr.@20060444-1@1@aut$Fonseca-Cortés@20046985-1@2@aut,,,tax. nov.,,1.1,f,schnella~isiboro,caesalpiniaceaeschnella~isiboro~,,696,wfo-1000090593,,species,,,,,https://www.ipni.org/n/77380752-1,IPNI record: 77380752-1,Phytotaxa 758(3): 156 (2026)
urn:lsid:ipni.org:names:77380753-1,(Lindl.) Van den Berg & T.L.Vieira,Orchidaceae Maxillaria boothii Lindl.,(Lindl.),154958-2,,,758(2): 178,,,,,,,,,,,,27/05/2026 12:58,27/05/2026 12:58,,,Orchidaceae,Dinema boothii,Dinema boothii,Dinema,,f,f,,,,,,,,,,,,,,,,,,,,,,,,,,,,,29279-1,Phytotaxa,urn:lsid:ipni.org:publications:20011462-1,2026,2026 [22 May 2026],[22 May 2026],Van den Berg & T.L.Vieira,spec.,Phytotaxa 758(2): 178. 2026 [22 May 2026] ,,doi:10.11646/phytotaxa.758.2.6,,,11,boothii,,,f,t,,,,,,,Lindl.@22383-1@3@bas$Van den Berg@38809-1@1@aut$T.L.Vieira@20077637-1@2@aut,,,comb. nov.,,1.1,f,dinema~boothii,orchidaceaedinema~boothii~,,697,wfo-1000090594,,species,,,,,https://www.ipni.org/n/77380753-1,IPNI record: 77380753-1,Phytotaxa 758(2): 178 (2026)
urn:lsid:ipni.org:names:77380754-1,(Rchb.f.) Van den Berg & T.L.Vieira,Orchidaceae Epidendrum ottonis Rchb.f.,(Rchb.f.),91923-2,,,758(2): 178,,,,,,,,,,,,27/05/2026 13:00,27/05/2026 13:00,,,Orchidaceae,Dinema ottonis,Dinema ottonis,Dinema,,f,f,,,,,,,,,,,,,,,,,,,,,,,,,,,,,29279-1,Phytotaxa,urn:lsid:ipni.org:publications:20011462-1,2026,2026 [22 May 2026],[22 May 2026],Van den Berg & T.L.Vieira,spec.,Phytotaxa 758(2): 178. 2026 [22 May 2026] ,,doi:10.11646/phytotaxa.758.2.6,,,11,ottonis,,,f,t,,,,,,,T.L.Vieira@20077637-1@2@aut$Rchb.f.@8254-1@3@bas$Van den Berg@38809-1@1@aut,,,comb. nov.,,1.1,f,dinema~ottonis,orchidaceaedinema~ottonis~,,698,wfo-1000090595,,species,,,,,https://www.ipni.org/n/77380754-1,IPNI record: 77380754-1,Phytotaxa 758(2): 178 (2026)
urn:lsid:ipni.org:names:77380755-1,"(A.E.Ramos, M.A.Lozano & Solano) Van den Berg & T.L.Vieira","Orchidaceae × Dinedema mariae A.E.Ramos, M.A.Lozano & Solano","(A.E.Ramos, M.A.Lozano & Solano)",77364895-1,,,758(2): 178,,,,,,,,,,,,27/05/2026 13:03,27/05/2026 13:03,,,Orchidaceae,Dinema mariae,Dinema mariae,Dinema,,f,f,,,,,,,,,,,,,,,,,,,,,,,,,,,,,29279-1,Phytotaxa,urn:lsid:ipni.org:publications:20011462-1,2026,2026 [22 May 2026],[22 May 2026],Van den Berg & T.L.Vieira,spec.,Phytotaxa 758(2): 178. 2026 [22 May 2026] ,,doi:10.11646/phytotaxa.758.2.6,,,11,mariae,,,f,t,,,,,,,M.A.Lozano@20089566-1@4@bas$Van den Berg@38809-1@1@aut$Solano@37069-1@5@bas$T.L.Vieira@20077637-1@2@aut$A.E.Ramos@20089565-1@3@bas,,,comb. nov.,,1.1,f,dinema~mariae,orchidaceaedinema~mariae~,,699,wfo-1000090596,,species,,,,,https://www.ipni.org/n/77380755-1,IPNI record: 77380755-1,Phytotaxa 758(2): 178 (2026)
urn:lsid:ipni.org:names:77380756-1,(Engl.) Naive,Araceae Schismatoglottis mindanaoana Engl.,(Engl.),88777-1,,,758(2): 185,,,,,,,,,,,,27/05/2026 13:58,27/05/2026 13:58,,,Araceae,Borneoa mindanaoana,Borneoa mindanaoana,Borneoa,,f,f,,,,,,,,,,,,,,,,,,,,,,,,,,,,,77348029-1,Phytotaxa,urn:lsid:ipni.org:publications:20011462-1,2026,2026 [22 May 2026],[22 May 2026],Naive,spec.,Phytotaxa 758(2): 185. 2026 [22 May 2026] ,,doi:10.11646/phytotaxa.758.2.7,,,11,mindanaoana,,,f,t,,,,,,,Engl.@18509-1@2@bas$Naive@20018612-2@1@aut,,,comb. nov.,,1.1,f,borneoa~mindanaoana,araceaeborneoa~mindanaoana~,,700,wfo-1000090597,,species,,,,,https://www.ipni.org/n/77380756-1,IPNI record: 77380756-1,Phytotaxa 758(2): 185 (2026)
urn:lsid:ipni.org:names:77380757-1,Chrtek & Martinovský,,,,,,24: 398,,,,,,,,,,,,27/05/2026 13:59,27/05/2026 13:59,,,Poaceae,Stipa parviflora var. mareotica,Stipa parviflora var. mareotica,Stipa,,f,f,,,,,mareotica,,,,,,,,,,,,,,,,,,,,,,,,423625-1,Webbia,urn:lsid:ipni.org:publications:826-2,1969,1969,,Chrtek & Martinovský,var.,Webbia 24: 398. 1969 ,,,,,8,parviflora,Desf.,,f,t,,,,,,,Chrtek@1637-1@1@aut$Martinovský@6171-1@2@aut,Desf.@17958-1@1@aut,,tax. nov.,,1.1,f,stipa~parvifloramareotica,poaceaestipa~parvifloramareotica,,701,wfo-1200118623,,variety,,,,,https://www.ipni.org/n/77380757-1,IPNI record: 77380757-1,Webbia 24: 398 (1969)
urn:lsid:ipni.org:names:77380758-1,You Nong & G.Y.Wei,,,,,,275: 153,,5,,2,,NY2026020501,2026,,You Nong,,,27/05/2026 14:24,29/05/2026 15:28,"Guangxi (China Southeast, China, Asia-Temperate)",E,Rubiaceae,Ophiorrhiza bibracteata,Ophiorrhiza bibracteata,Ophiorrhiza,,f,f,,,,,,,,24,36,54,"Longlin County, Jinzhongshan Town, Dazhai Village, 1715 m",104,57,50,,,,,,N,,,,,,,,,30280723-2,PhytoKeys,urn:lsid:ipni.org:publications:20011997-1,2026,2026 [29 May 2026],[29 May 2026],You Nong & G.Y.Wei,spec.,PhytoKeys 275: 153. 2026 [29 May 2026] ,,"doi:10.3897/phytokeys.275.189773 [english] Etymology: the specific epithet is derived from the Latin, bibracteata, meaning 'two bracts' and referring to the two persistent ovate bracts of the new species.",,,11,bibracteata,,,f,t,,holotype GXMI 051220;isotype IBK;isotype GXMI,,,,,You Nong@20067288-1@1@aut$G.Y.Wei@20084259-1@2@aut,,,tax. nov.,,1.4,f,ophiorrhiza~bibracteata,rubiaceaeophiorrhiza~bibracteata~,,702,wfo-1000090598,,species,,,,,https://www.ipni.org/n/77380758-1,IPNI record: 77380758-1,PhytoKeys 275: 153 (2026)
urn:lsid:ipni.org:names:77380759-1,"Sheng H.Tang, Jia W.Yang & X.Z.He",,,,,,275: 165,,13,,3,,202503002,2025,,Sheng H.Tang &amp; Xuan-Ze He,,,27/05/2026 14:26,29/05/2026 15:34,"Guizhou (China South-Central, China, Asia-Temperate);Sichuan (China South-Central, China, Asia-Temperate);",E,Rubiaceae,Ophiorrhiza xishuiensis,Ophiorrhiza xishuiensis,Ophiorrhiza,,f,f,,,,,,,,28,33,17,"Guizhou Province: Xishui County, Sanchahe Town, Guizhou Xishui National Nature Reserve, 1129 m",106,23,49,,,,,,N,,,,,,,,,30280723-2,PhytoKeys,urn:lsid:ipni.org:publications:20011997-1,2026,2026 [29 May 2026],[29 May 2026],"Sheng H.Tang, Jia W.Yang & X.Z.He",spec.,PhytoKeys 275: 165. 2026 [29 May 2026] ,,"doi:10.3897/phytokeys.275.189435 [english] Etymology: the new taxon was named after its type locality, Xishui County, Guizhou Province, China.",,,11,xishuiensis,,,f,t,,holotype CSH CSH0221076;isotype CSH;isotype Guizhou Bot. Gard.,,,,,Jia W.Yang@20066062-1@2@aut$Sheng H.Tang@20046971-1@1@aut$X.Z.He@20083084-1@3@aut,,,tax. nov.,,1.3,f,ophiorrhiza~xishuiensis,rubiaceaeophiorrhiza~xishuiensis~,,703,wfo-1000090599,,species,,,,,https://www.ipni.org/n/77380759-1,IPNI record: 77380759-1,PhytoKeys 275: 165 (2026)
urn:lsid:ipni.org:names:77380760-1,"P.L.Ferreira, J.Dransf. & W.J.Baker",,,,,,758(3): 198,,2,,2,,1479,2023,,W.J.Baker &amp; J.Marcus,,,27/05/2026 15:15,27/05/2026 15:15,"Madagascar (Western Indian Ocean, Africa)",,Arecaceae,Chrysalidocarpus comptus,Chrysalidocarpus comptus,Chrysalidocarpus,,f,f,,,,,,,,,,,"Island of Hawai’i, Mountain View, Floribunda Palms & Exotics",,,,,,,,,,,,,,,,,,31161-1,Phytotaxa,urn:lsid:ipni.org:publications:20011462-1,2026,2026 [26 May 2026],[26 May 2026],"P.L.Ferreira, J.Dransf. & W.J.Baker",spec.,Phytotaxa 758(3): 198. 2026 [26 May 2026] ,,"doi:10.11646/phytotaxa.758.3.1 Etymology: 'The epithet comptus refers to the neat and elegant appearance of this species.' Distribution note: this species is currently only known from cultivation in Hawaii, Australia, and continental North America. The material studied was from Floribunda Palms & Exotics in Hawaii, and seed from this species was initially collected in an unknown location by Malagasy horticulturalist Alfrded Razafindratisira before being grown in Hawaii via Australia. The informal name for this species is 'bef', and it may be a local vernacular name which suggests it may have originated from the Befotaka area in the Atsimo-Atsinanana region of Madagascar. As such, IPNI editors have decided to put the distribution as Madagascar.",,,11,comptus,,,f,t,,holotype K,,,,,W.J.Baker@36489-1@3@aut$P.L.Ferreira@20040111-1@1@aut$J.Dransf.@2303-1@2@aut,,,tax. nov.,,1.1,f,chrysalidocarpus~comptus,arecaceaechrysalidocarpus~comptus~,,704,wfo-1000090600,,species,,,,,https://www.ipni.org/n/77380760-1,IPNI record: 77380760-1,Phytotaxa 758(3): 198 (2026)
urn:lsid:ipni.org:names:77380761-1,Cass. ex Desf.,,,,,,170,,,,,,,,,,,,27/05/2026 15:49,27/05/2026 15:49,,,Asteraceae,Glebionis roxburghii,Glebionis roxburghii,Glebionis,,f,f,,,,,,,,,,,,,,,pro syn.    of Chrysanthemum roxburghii Desf.,,pro syn.,,,,,,,,,,,,9057-1,"Tabl. École Bot., ed. 3 (Cat. Pl. Horti Paris.)",urn:lsid:ipni.org:publications:1186-2,1829,1829,,Cass. ex Desf.,spec.,"Tabl. École Bot., ed. 3 (Cat. Pl. Horti Paris.) 170. 1829 ",,,,,9,roxburghii,,,f,t,,,,,,,Desf.@17958-1@2@autEx$Cass.@12375-1@1@aut,,,tax. nov.,,1.1,f,glebionis~roxburghii,asteraceaeglebionis~roxburghii~,,705,wfo-1200118688,,species,,,,,https://www.ipni.org/n/77380761-1,IPNI record: 77380761-1,"Tabl. École Bot., ed. 3 (Cat. Pl. Horti Paris.) 170 (1829)"
urn:lsid:ipni.org:names:77380762-1,Cass.,,,,,,41: 41,,,,,,,,,,,,27/05/2026 16:10,28/05/2026 16:04,,,Asteraceae,Chrysanthemum roxburghii,Chrysanthemum roxburghii,Chrysanthemum,,f,f,,,,,,,,,,,,,,,"nom. inval.    Chrysanthemum roxburghii Desf. (1815) was published as a nom. nov. for Pyrethrum indicum Roxb. ex Sims (1813).  Cassini (in June 1826, pp. 41-43) excluded P. indicum from C. roxburghii and assigned the latter to his new genus Glebionis; he (in June 1826, p. 41) mentioned 'La plante cultivée au Jardin du Roi , sous le nom de Chrysanthemum Roxburghii, nous paroit encore devoir constituer un genre particulier, que nous nommons [as Glebionis] et caractérisons comme il suit.'",,nom. inval.,,,,,,,,,,,,331492-2,"Dict. Sci. Nat., ed. 2. [F. Cuvier]",urn:lsid:ipni.org:publications:3237-2,1826,1826 [Jun 1826],[Jun 1826],Cass.,spec.,"Dict. Sci. Nat., ed. 2. [F. Cuvier] 41: 41. 1826 [Jun 1826] ; addit. publ.: Dict. Sci. Nat. 44: 151. Dec 1826",; addit. publ.: Dict. Sci. Nat. 44: 151. Dec 1826,,,,9,roxburghii,,,f,t,,,,,,,Cass.@12375-1@1@aut,,,tax. nov.,,1.2,f,chrysanthemum~roxburghii,asteraceaechrysanthemum~roxburghii~,,706,wfo-1200118689,,species,,,,,https://www.ipni.org/n/77380762-1,IPNI record: 77380762-1,"Dict. Sci. Nat., ed. 2. [F. Cuvier] 41: 41 (1826)"
urn:lsid:ipni.org:names:77380763-1,M.Keskin & Karahan,,,,,,6(3): 188,,22,,4,,1402,2020,,F.Karahan &amp; V.Altay,,,28/05/2026 08:43,28/05/2026 09:41,"Turkey (Western Asia, Asia-Temperate)",E,Isoetaceae,Isoetes volkanii,Isoetes volkanii,Isoetes,,f,f,,,,,,,,36,44,,"Hatay province, Hassa district, Haydarlar Lake, volcanic area and wetland, 313 m",36,32,,,,,,,N,,,,,,,,,328186-2,Frontiers Life Sci. Relat. Technol.,urn:lsid:ipni.org:publications:20030776-1,2025,2025 [29 Dec 2025],[29 Dec 2025],M.Keskin & Karahan,spec.,Frontiers Life Sci. Relat. Technol. 6(3): 188. 2025 [29 Dec 2025] ,,doi:10.51753/flsrt.1727388 [english] Etymology: the new species is named after Prof. Dr. Volkan Altay.,,,11,volkanii,,,f,t,,holotype NGBB;isotype ISTE;isotype Herb. Hatay Mustafa Kemal Univ.,,,,,M.Keskin@20009930-1@1@aut$Karahan@20098926-1@2@aut,,,tax. nov.,,1.3,f,isoetes~volkanii,isoetaceaeisoetes~volkanii~,,707,wfo-1000090601,,species,,,,,https://www.ipni.org/n/77380763-1,IPNI record: 77380763-1,Frontiers Life Sci. Relat. Technol. 6(3): 188 (2025)
urn:lsid:ipni.org:names:77380765-1,"P.L.Ferreira, J.Dransf. & W.J.Baker",,,,,,758(3): 203,,2,,2,,1477,2023,,W.J.Baker &amp; J.Marcus,,,28/05/2026 10:29,28/05/2026 10:29,,,Arecaceae,Chrysalidocarpus marcusiorum,Chrysalidocarpus marcusiorum,Chrysalidocarpus,,f,f,,,,,,,,,,,"Cultivated specimen collected from Floribunda Palms & Exotics, Mountain View, Hawai'i",,,,,,,,,,,,,,,,,,31161-1,Phytotaxa,urn:lsid:ipni.org:publications:20011462-1,2026,2026 [26 May 2026],[26 May 2026],"P.L.Ferreira, J.Dransf. & W.J.Baker",spec.,"Phytotaxa 758(3): 203. 2026 [26 May 2026] , as 'marcusorum'.",", as 'marcusorum'.",doi:10.11646/phytotaxa.758.3.1 Etymology: the specific epithet is named in honour of both Jeff & Sujin Marcus of Floribunda Palms & Exotics in Hawai'i.,,,10,marcusiorum,,,f,t,,holotype K,,From cultivated material. Original locality unknown. Believed to be introduced into cultivation by Alfred Razafindratisira.,,,W.J.Baker@36489-1@3@aut$P.L.Ferreira@20040111-1@1@aut$J.Dransf.@2303-1@2@aut,,,tax. nov.,,1.1,f,chrysalidocarpus~marcusiorum,arecaceaechrysalidocarpus~marcusiorum~,,708,wfo-1000090602,,species,,,,,https://www.ipni.org/n/77380765-1,IPNI record: 77380765-1,Phytotaxa 758(3): 203 (2026)
urn:lsid:ipni.org:names:77380766-1,Julius & Utteridge,,,,,,758(3): 211,,8,,4,,SNP 36044,2014,,Dolois S. et al.,,,28/05/2026 10:38,28/05/2026 10:38,"Sabah (Borneo, Malesia, Asia-Tropical)",,Myrsinaceae,Ardisia condensiflora,Ardisia condensiflora,Ardisia,,f,f,,,,,,,,,,,"Tawau, Tawau Hills Park, Mt. Maria, Kawah River, riverbank, ca. 515 m",,,,,,,,,,,,,,,,,,327477-2,Phytotaxa,urn:lsid:ipni.org:publications:20011462-1,2026,2026 [26 May 2026],[26 May 2026],Julius & Utteridge,spec.,Phytotaxa 758(3): 211. 2026 [26 May 2026] ,,doi:10.11646/phytotaxa.758.3.2 Etymology: the specific epithet refers to the flowers along the condensed inflorescence axis.,,,11,condensiflora,,,f,t,,holotype SNP,,,,,Julius@20012386-1@1@aut$Utteridge@39298-1@2@aut,,,tax. nov.,,1.1,f,ardisia~condensiflora,myrsinaceaeardisia~condensiflora~,,709,wfo-1000090603,,species,,,,,https://www.ipni.org/n/77380766-1,IPNI record: 77380766-1,Phytotaxa 758(3): 211 (2026)
urn:lsid:ipni.org:names:77380767-1,"B.Pan bis, K.W.Jiang, E.D.Liu & B.Xiao",,,,,,758(3): 250,,4,,9,,4144,2023,,B.Pan,,,28/05/2026 10:52,28/05/2026 10:52,"Yunnan (China South-Central, China, Asia-Temperate)",,Leguminosae,Gymnocladus sanctus,Gymnocladus sanctus,Gymnocladus,,f,f,,,,,,,,,,,"Wenshan, Guangnan, Liancheng, Lianhu Community, Huguo Temple, cultivated as a sacred tree, 1213 m",,,,,,,,,,,,,,,,,,22537-1,Phytotaxa,urn:lsid:ipni.org:publications:20011462-1,2026,2026 [26 May 2026],[26 May 2026],"B.Pan bis, K.W.Jiang, E.D.Liu & B.Xiao",spec.,Phytotaxa 758(3): 250. 2026 [26 May 2026] ,,"doi:10.11646/phytotaxa.758.3.4 Etymology: the specific epithet is a reference to the tree from which the type specimen was collected. Growing outside of Huguo temple, it is believed to be a sacred tree that protects local villagers.",,,11,sanctus,,,f,t,,holotype HITBC HITBC0129398;isotype NPH NPH04061; NPH04062,,,,,B.Pan bis@20019945-1@1@aut$E.D.Liu@20003919-1@3@aut$K.W.Jiang@20044343-1@2@aut$B.Xiao@20092364-1@4@aut,,,tax. nov.,,1.1,f,gymnocladus~sanctus,leguminosaegymnocladus~sanctus~,,710,wfo-1000090604,,species,,,,,https://www.ipni.org/n/77380767-1,IPNI record: 77380767-1,Phytotaxa 758(3): 250 (2026)
urn:lsid:ipni.org:names:77380768-1,Aarón Rodr. & Rivas-Salazar,,,,,,758(1): 49,,10,,10,,4981,2006,,A. Rodríguez et al.,,,28/05/2026 11:06,28/05/2026 11:06,"Jalisco (Mexico Southwest, Mexico, Northern America)",W,Anthericaceae,Echeandia bracteosa,Echeandia bracteosa,Echeandia,,f,f,,,,,,,,19,12,46,"Municipality of Pihuamo, crucero entre la carretera Méx. 110 y la carretera a Los Guayabos, 718 m",103,26,49,,,,,,N,,,,,,,,,327472-2,Phytotaxa,urn:lsid:ipni.org:publications:20011462-1,2026,2026 [20 May 2026],[20 May 2026],Aarón Rodr. & Rivas-Salazar,spec.,Phytotaxa 758(1): 49. 2026 [20 May 2026] ,,doi:10.11646/phytotaxa.758.1.4 Etymology: name refers to the 8–12 scarious bracts on the peduncle.,,,9,bracteosa,,,f,t,,holotype IBUG;isotype ENCB;isotype IEB;isotype MEXU,,,,,Aarón Rodr.@40141-1@1@aut$Rivas-Salazar@0-0@2@aut,,,tax. nov.,,1.1,f,echeandia~bracteosa,anthericaceaeecheandia~bracteosa~,,711,wfo-1000090605,,species,,,,,https://www.ipni.org/n/77380768-1,IPNI record: 77380768-1,Phytotaxa 758(1): 49 (2026)
urn:lsid:ipni.org:names:77380769-1,"L.J.Lu, S.Shi & Q.Fan",,,,,,758(1): 65,,25,,5,,23052501,2023,,Qiang Fan et al.,,,28/05/2026 11:23,28/05/2026 11:23,"Fujian (China Southeast, China, Asia-Temperate)",E,Crassulaceae,Sedum umbraculiforme,Sedum umbraculiforme,Sedum,,f,f,,,,,,,,24,46,6,"Fuzhou City, Yongtai County, Whitehorse Canyon, 305 m",118,57,5,,,,,,N,,,,,,,,,30001444-2,Phytotaxa,urn:lsid:ipni.org:publications:20011462-1,2026,2026 [20 May 2026],[20 May 2026],"L.J.Lu, S.Shi & Q.Fan",spec.,Phytotaxa 758(1): 65. 2026 [20 May 2026] ,,doi:10.11646/phytotaxa.758.1.5 Etymology: name refers to the umbel-like inflorescence that resembles an umbrella when in bloom.,,,11,umbraculiforme,,,f,t,,holotype CANT,,,,,L.J.Lu@20098928-1@1@aut$Q.Fan@20013205-1@3@aut$S.Shi@20030144-1@2@aut,,,tax. nov.,,1.1,f,sedum~umbraculiforme,crassulaceaesedum~umbraculiforme~,,712,wfo-1000090606,,species,,,,,https://www.ipni.org/n/77380769-1,IPNI record: 77380769-1,Phytotaxa 758(1): 65 (2026)
urn:lsid:ipni.org:names:77380770-1,"N.Wei, Sheng W.Wang, Zinabu & Q.F.Wang",,,,,,758(1): 76,,6,,5,,BRBA1,2025,,Z.Dejene,,,28/05/2026 11:44,28/05/2026 11:44,"Ethiopia (Northeast Tropical Africa, Africa)",E,Euphorbiaceae,Euphorbia leleensis,Euphorbia leleensis,Euphorbia,,f,f,,,,,,,,6,36,6,"Oromia Region, Bale Zone, Lele Hill, 917 m",41,29,47,,,,,,N,,,,,,,,,327729-2,Phytotaxa,urn:lsid:ipni.org:publications:20011462-1,2026,2026 [20 May 2026],[20 May 2026],"N.Wei, Sheng W.Wang, Zinabu & Q.F.Wang",spec.,Phytotaxa 758(1): 76. 2026 [20 May 2026] ,,"doi:10.11646/phytotaxa.758.1.6 Etymology: name refers to Lele Hill in Bale Zone, Ethiopia, the type locality of the species.",,,9,leleensis,,,f,t,,holotype HIB;isotype HIB,,,,,Q.F.Wang@40374-1@4@aut$Sheng W.Wang@20093888-1@2@aut$Zinabu@0-0@3@aut$N.Wei@20045120-1@1@aut,,,tax. nov.,,1.1,f,euphorbia~leleensis,euphorbiaceaeeuphorbia~leleensis~,,713,wfo-1000090607,,species,,,,,https://www.ipni.org/n/77380770-1,IPNI record: 77380770-1,Phytotaxa 758(1): 76 (2026)
urn:lsid:ipni.org:names:77380771-1,"(Y.N.Lee) A.Gantsetseg, Y.J.Jang, E.K.Han & J.H.Lee",Poaceae Arundinaria munsuensis Y.N.Lee,(Y.N.Lee),1000918-1,,,758(3): 270,,,,,,,,,,,,28/05/2026 11:52,28/05/2026 11:52,,,Poaceae,Pleioblastus munsuensis,Pleioblastus munsuensis,Pleioblastus,,f,f,,,,,,,,,,,,,,,,,,,,,,,,,,,,,18751-1,Phytotaxa,urn:lsid:ipni.org:publications:20011462-1,2026,2026 [26 May 2026],[26 May 2026],"A.Gantsetseg, Y.J.Jang, E.K.Han & J.H.Lee",spec.,Phytotaxa 758(3): 270. 2026 [26 May 2026] ,,doi:10.11646/phytotaxa.758.3.5,,,11,munsuensis,,,f,t,,,,,,,J.H.Lee@20094185-1@4@aut$Y.J.Jang@20098931-1@2@aut$Y.N.Lee@5404-1@5@bas$E.K.Han@20094184-1@3@aut$A.Gantsetseg@20098929-1@1@aut,,,comb. nov.,,1.1,f,pleioblastus~munsuensis,poaceaepleioblastus~munsuensis~,,714,wfo-1000090608,,species,,,,,https://www.ipni.org/n/77380771-1,IPNI record: 77380771-1,Phytotaxa 758(3): 270 (2026)
urn:lsid:ipni.org:names:77380772-1,Tosunoğlu & Solak-Amet,,,,,,758(1): 96,,18,,4,,AB 1505 and 47922,2025,,A. Tosunoglu and O. Solak-Amet,,,28/05/2026 12:00,28/05/2026 12:00,"Turkey (Western Asia, Asia-Temperate)",,Aristolochiaceae,Aristolochia pisidica,Aristolochia pisidica,Aristolochia,,f,f,,,,,,,,,,,"C3 Antalya: Manavgat, Köprülü Canyon, Selge Ancient Cite, 945 m",,,,,,,,,,,,,,,,,,330834-2,Phytotaxa,urn:lsid:ipni.org:publications:20011462-1,2026,2026 [20 May 2026],[20 May 2026],Tosunoğlu & Solak-Amet,spec.,Phytotaxa 758(1): 96. 2026 [20 May 2026] ,,doi:10.11646/phytotaxa.758.1.8 Etymology: from the ancient name 'Pisidia' of the distribution area.,,,11,pisidica,,,f,t,,holotype BULU,,,,,Tosunoğlu@20021237-1@1@aut$Solak-Amet@20098932-1@2@aut,,,tax. nov.,,1.1,f,aristolochia~pisidica,aristolochiaceaearistolochia~pisidica~,,715,wfo-1000090609,,species,,,,,https://www.ipni.org/n/77380772-1,IPNI record: 77380772-1,Phytotaxa 758(1): 96 (2026)
urn:lsid:ipni.org:names:77380773-1,"C.Bandara, Atthan. & Kariyawasam",,,,,,758(3): 278,,5,,1,,BP2025-01,2025,,Champika Bandara &amp; Anusha Atthanagoda,,,28/05/2026 12:09,28/05/2026 12:09,"Sri Lanka (Indian Subcontinent, Asia-Tropical)",,Balsaminaceae,Impatiens lancifolia,Impatiens lancifolia,Impatiens,,f,f,,,,,,,,,,,"Sabaragamuwa Province, Ratnapura District, Peak Wilderness Sanctuary, Dehenakanda–Mookkuwatte trail to Sri Pada Peak, 1650 m",,,,,,,,,,,,,,,,,,325983-2,Phytotaxa,urn:lsid:ipni.org:publications:20011462-1,2026,2026 [26 May 2026],[26 May 2026],"C.Bandara, Atthan. & Kariyawasam",spec.,Phytotaxa 758(3): 278. 2026 [26 May 2026] ,,doi:10.11646/phytotaxa.758.3.6 Etymology: 'The specific epithet refers to the shape of the lamina.',,,11,lancifolia,,,f,t,,holotype PDA,,,,,Atthan.@20030245-1@2@aut$Kariyawasam@20043470-1@3@aut$C.Bandara@20044898-1@1@aut,,,tax. nov.,,1.1,f,impatiens~lancifolia,balsaminaceaeimpatiens~lancifolia~,,716,wfo-1000090610,,species,,,,,https://www.ipni.org/n/77380773-1,IPNI record: 77380773-1,Phytotaxa 758(3): 278 (2026)
urn:lsid:ipni.org:names:77380774-1,"S.Chowdhury, Hajong & Bharali",,,,,,758(3): 285,,2,,11,,SC025,2025,,S.Chowdhury,,,28/05/2026 12:43,28/05/2026 12:43,"Arunachal Pradesh (East Himalaya, Indian Subcontinent, Asia-Tropical)",E,Begoniaceae,Begonia mishmiorum,Begonia mishmiorum,Begonia,,f,f,,,,,,,,28,14,58,"Anjaw District, Mithumna, 1532 m",96,32,24,,,,,,N,,,,,,,,,327437-2,Phytotaxa,urn:lsid:ipni.org:publications:20011462-1,2026,2026 [26 May 2026],[26 May 2026],"S.Chowdhury, Hajong & Bharali",spec.,Phytotaxa 758(3): 285. 2026 [26 May 2026] ,,doi:10.11646/phytotaxa.758.3.7 Etymology: the specific epithet is named in honour of the Mishimi tribe of Arunachal Pradesh.,,,11,mishmiorum,,,f,t,,holotype CSIRNEIST;isotype ASSAM,,,,,S.Chowdhury@17227-1@1@aut$Hajong@20071303-1@2@aut$Bharali@20030172-1@3@aut,,,tax. nov.,,1.1,f,begonia~mishmiorum,begoniaceaebegonia~mishmiorum~,,717,wfo-1000090611,,species,,,,,https://www.ipni.org/n/77380774-1,IPNI record: 77380774-1,Phytotaxa 758(3): 285 (2026)
urn:lsid:ipni.org:names:77380775-1,V.T.Tran,,,,,,758(3): 294,,14,,3,,DLU 0464,2023,,V.T.Tran et al.,,,28/05/2026 12:53,28/05/2026 12:53,"Vietnam (Indo-China, Asia-Tropical)",E,Poaceae,Gigantochloa nghiana,Gigantochloa nghiana,Gigantochloa,,f,f,,,,,,,,16,41,59,"Quangtri Province, Huong Hoa District, Huong Phung Commune, 497 m",106,40,22,,,,,,N,,,,,,,,,30444933-2,Phytotaxa,urn:lsid:ipni.org:publications:20011462-1,2026,2026 [26 May 2026],[26 May 2026],V.T.Tran,spec.,Phytotaxa 758(3): 294. 2026 [26 May 2026] ,,doi:10.11646/phytotaxa.758.3.8 Etymology: the specific epithet is named in honour of Prof. Nguyen Hoang Nghia for his contribution to Bamboo research in Vietnam.,,,11,nghiana,,,f,t,,holotype DLU DLU1991;isotype VTN,,,,,V.T.Tran@20016941-1@1@aut,,,tax. nov.,,1.1,f,gigantochloa~nghiana,poaceaegigantochloa~nghiana~,,718,wfo-1000090612,,species,,,,,https://www.ipni.org/n/77380775-1,IPNI record: 77380775-1,Phytotaxa 758(3): 294 (2026)
urn:lsid:ipni.org:names:77380776-1,(L.) Bab.,Brassicaceae Brassica rapa L.,(L.),279485-1,,,24,,,,,,,,,,,,28/05/2026 13:44,01/06/2026 14:40,,,Brassicaceae,Brassica campestris subsp. rapa,Brassica campestris subsp. rapa,Brassica,,f,f,,,,,rapa,,,,,,,,,,,,,,,,,,,,,,,null:,30076075-2,Man. Brit. Bot. [Babington],urn:lsid:ipni.org:publications:7480-2,1843,1843 [May-Jul 1843],[May-Jul 1843],Bab.,subsp.,Man. Brit. Bot. [Babington] 24. 1843 [May-Jul 1843] ,,"Later isonym publ, by Hook.f. & T.Anderson in Fl. Brit. India 1(1): 156. 1872.",,,11,campestris,L.,,f,t,,,,,,,Bab.@31137-1@1@aut$L.@12653-1@2@bas,L.@12653-1@1@aut,,comb. et stat. nov.,,1.4,f,brassica~campestrisrapa,brassicaceaebrassica~campestrisrapa,,719,wfo-1200118690,,subspecies,,,,,https://www.ipni.org/n/77380776-1,IPNI record: 77380776-1,Man. Brit. Bot. [Babington] 24 (1843)
urn:lsid:ipni.org:names:77380777-1,"Yıldırım, Demir & Öleklı",,,,,,759(1): 59,,15,,6,,3525,2025,,M.H.Ölekli &amp; I.Demir,,,28/05/2026 14:50,28/05/2026 14:50,"Turkey (Western Asia, Asia-Temperate)",,Campanulaceae,Campanula porensis,Campanula porensis,Campanula,,f,f,,,,,,,,,,,"Bitlis: Tatvan, Bolalan village, İncekaya (Por) Caldera, entrances of caves formed by collapse, 1650 m",,,,,,,,,,,,,,,,,,30027807-2,Phytotaxa,urn:lsid:ipni.org:publications:20011462-1,2026,2026 [27 May 2026],[27 May 2026],"Yıldırım, Demir & Öleklı",spec.,Phytotaxa 759(1): 59. 2026 [27 May 2026] ,,"doi:10.11646/phytotaxa.759.1.5 Etymology: 'The species epithet is derived from the Por Caldera (also known as İncekaya Caldera), the type locality where this new taxon was discovered.'",,,11,porensis,,,f,t,,holotype EGE 44333;isotype BEUH 1256;isotype EGE 44334,,,,,Yıldırım@20013469-1@1@aut$Öleklı@20098933-1@3@aut$Demir@20015531-1@2@aut,,,tax. nov.,,1.1,f,campanula~porensis,campanulaceaecampanula~porensis~,,720,wfo-1000090613,,species,,,,,https://www.ipni.org/n/77380777-1,IPNI record: 77380777-1,Phytotaxa 759(1): 59 (2026)
urn:lsid:ipni.org:names:77380778-1,Sandrini & Funez,,,,,,759(1): 74,,16,,1,,100,2023,,Sandrini et al.,,,28/05/2026 15:10,28/05/2026 15:10,"Santa Catarina (Brazil South, Brazil, Southern America)",W,Alstroemeriaceae,Alstroemeria durantei,Alstroemeria durantei,Alstroemeria,,f,f,,,,,,,,28,21,54,"Lauro Müller, Cabo Aéreo, 520 m",49,31,25,,,,,,S,,,,,,,,,326331-2,Phytotaxa,urn:lsid:ipni.org:publications:20011462-1,2026,2026 [27 May 2026],[27 May 2026],Sandrini & Funez,spec.,Phytotaxa 759(1): 74. 2026 [27 May 2026] ,,"doi:10.11646/phytotaxa.759.1.6 Etymology: the specific epithet is named in honour of botanist and citizen scientist João Paulo Durante, who intially discovered this species in Lauro Müller.",,,11,durantei,,,f,t,,holotype CRI 16221;isotype FURB;isotype HBR,,,,,Funez@20029694-1@2@aut$Sandrini@20098934-1@1@aut,,,tax. nov.,,1.1,f,alstroemeria~durantei,alstroemeriaceaealstroemeria~durantei~,,721,wfo-1000090614,,species,,,,,https://www.ipni.org/n/77380778-1,IPNI record: 77380778-1,Phytotaxa 759(1): 74 (2026)
urn:lsid:ipni.org:names:77380779-1,"H.Z.Feng, Ting Xu & Q.Fan",,,,,,759(2): 110,,22,,9,,20250611,2024,,H.Z.Feng &amp; T.Xu,,,28/05/2026 15:22,28/05/2026 15:22,"Guangxi (China Southeast, China, Asia-Temperate)",,Convallariaceae,Ophiopogon dahuaensis,Ophiopogon dahuaensis,Ophiopogon,,f,f,,,,,,,,,,,"Hechi City, Dahua County, Nongdong Village",,,,,,,,,,,,,,,,,,331251-2,Phytotaxa,urn:lsid:ipni.org:publications:20011462-1,2026,2026 [28 May 2026],[28 May 2026],"H.Z.Feng, Ting Xu & Q.Fan",spec.,Phytotaxa 759(2): 110. 2026 [28 May 2026] ,,doi:10.11646/phytotaxa.759.2.1 Etymology: the specific epithet refers to the type locality.,,,11,dahuaensis,,,f,t,,holotype SYS,,"Holotype specimen prepared from cultivated plant, 4 June 2025.",,,H.Z.Feng@20047184-1@1@aut$Q.Fan@20013205-1@3@aut$Ting Xu@20096446-1@2@aut,,,tax. nov.,,1.1,f,ophiopogon~dahuaensis,convallariaceaeophiopogon~dahuaensis~,,722,wfo-1000090615,,species,,,,,https://www.ipni.org/n/77380779-1,IPNI record: 77380779-1,Phytotaxa 759(2): 110 (2026)
urn:lsid:ipni.org:names:77380780-1,"H.Z.Feng, Ting Xu & Q.Fan",,,,,,759(2): 112,,16,,5,,20240516,2024,,H.Z.Feng,,,28/05/2026 15:27,28/05/2026 15:27,"Guangxi (China Southeast, China, Asia-Temperate)",,Convallariaceae,Ophiopogon crassifilamentus,Ophiopogon crassifilamentus,Ophiopogon,,f,f,,,,,,,,,,,"Baise City, Napo County, Pingmeng Town, Nianjing Village, Xima",,,,,,,,,,,,,,,,,,331251-2,Phytotaxa,urn:lsid:ipni.org:publications:20011462-1,2026,2026 [28 May 2026],[28 May 2026],"H.Z.Feng, Ting Xu & Q.Fan",spec.,Phytotaxa 759(2): 112. 2026 [28 May 2026] ,,doi:10.11646/phytotaxa.759.2.1 Etymology: the specific epithet is a reference to the thick stamen filaments possessed by this species.,,,11,crassifilamentus,,,f,t,,holotype SYS,,,,,Q.Fan@20013205-1@3@aut$Ting Xu@20096446-1@2@aut$H.Z.Feng@20047184-1@1@aut,,,tax. nov.,,1.1,f,ophiopogon~crassifilamentus,convallariaceaeophiopogon~crassifilamentus~,,723,wfo-1000090616,,species,,,,,https://www.ipni.org/n/77380780-1,IPNI record: 77380780-1,Phytotaxa 759(2): 112 (2026)
urn:lsid:ipni.org:names:77380781-1,"H.Z.Feng, Ting Xu & Q.Fan",,,,,,759(2): 116,,2,,6,,20140622,2014,,H.Z.Feng &amp; G.L.Dang,,,28/05/2026 15:49,28/05/2026 15:49,"Guangxi (China Southeast, China, Asia-Temperate)",,Convallariaceae,Ophiopogon napoensis,Ophiopogon napoensis,Ophiopogon,,f,f,,,,,,,,,,,"Baise City, Napo County, Pingmeng Town, Nianjing Village, Xima",,,,,,,,,,,,,,,,,,331251-2,Phytotaxa,urn:lsid:ipni.org:publications:20011462-1,2026,2026 [28 May 2026],[28 May 2026],"H.Z.Feng, Ting Xu & Q.Fan",spec.,Phytotaxa 759(2): 116. 2026 [28 May 2026] ,,"doi:10.11646/phytotaxa.759.2.1 Etymology: the specific epithet refers to the type locality in Napo County, Guangxi, China.",,,11,napoensis,,,f,t,,holotype SYS,,,,,H.Z.Feng@20047184-1@1@aut$Ting Xu@20096446-1@2@aut$Q.Fan@20013205-1@3@aut,,,tax. nov.,,1.1,f,ophiopogon~napoensis,convallariaceaeophiopogon~napoensis~,,724,wfo-1000090617,,species,,,,,https://www.ipni.org/n/77380781-1,IPNI record: 77380781-1,Phytotaxa 759(2): 116 (2026)
urn:lsid:ipni.org:names:77380782-1,Benth. & Hook.f.,,,,,,"2(1): 167, 209",,,,,,,,,,,,28/05/2026 17:01,28/05/2026 17:01,,,Asteraceae,subtrib. Othonninae,subtrib. Othonninae,,,f,f,,,othonninae,,,,,,,,,,,,,,,,,,,,,,,,,,319342-2,Gen. Pl. [Bentham & Hooker f.],urn:lsid:ipni.org:publications:1324-2,1873,1873 [7-9 Apr 1873],[7-9 Apr 1873],Benth. & Hook.f.,subtrib.,"Gen. Pl. [Bentham & Hooker f.] 2(1): 167, 209. 1873 [7-9 Apr 1873] (as 'Othonneae')",(as 'Othonneae'),,,,8,,,,f,t,,,Othonna L.,,,,Hook.f.@4084-1@2@aut$Benth.@15956-1@1@aut,,,tax. nov.,,1.1,f,asteraceaeothonninae,asteraceae~~~~,,725,wfo-4100006578,,subtribe,,,,,https://www.ipni.org/n/77380782-1,IPNI record: 77380782-1,"Gen. Pl. [Bentham & Hooker f.] 2(1): 167, 209 (1873)"
urn:lsid:ipni.org:names:77380783-1,G.Forst. ex Willd.,,,,,,4: 466,,,,,,,,,,,,28/05/2026 18:11,28/05/2026 18:11,,,Betulaceae,Betula antarctica,Betula antarctica,Betula,,f,f,,,,,,,,,,,'Habitat in Terra del Fuego ... (v.s.; s. fl.)',,,,,,,,,,,,,,,,,,328387-2,"Sp. Pl., ed. 4.",urn:lsid:ipni.org:publications:1302-2,1805,1805,,G.Forst. ex Willd.,spec.,"Sp. Pl., ed. 4. 4: 466. 1805 ",,,,,8,antarctica,,,f,t,,,,,,,G.Forst.@2835-1@1@aut$Willd.@11692-1@2@autEx,,,tax. nov.,295042-1,1.1,f,betula~antarctica,betulaceaebetula~antarctica~,,726,wfo-0000331149,,species,,,,,https://www.ipni.org/n/77380783-1,IPNI record: 77380783-1,"Sp. Pl., ed. 4. 4: 466 (1805)"
urn:lsid:ipni.org:names:77380784-1,J.M.Egger & R.E.O'Dell,,,,,,2026-12: 2,,8,,9,,1770,2025,,Mark Egger with Ryan O'Dell,,,28/05/2026 19:59,29/05/2026 10:30,"California (Southwestern U.S.A., Northern America)",W,Scrophulariaceae,Castilleja benitoensis,Castilleja benitoensis,Castilleja,,f,f,,,,,,,,36,20,34,"San Benito County: BLM Clear Creek Management Area, Sawmill Creek, growing on banks of Sawmill Creek, (perennial creek) in alluvium derived from serpentinite (New Idria serpentinite mass), 1164 m",120,39,30,,,,,,N,,,,,,,,,325881-2,Phytoneuron,urn:lsid:ipni.org:publications:20011729-1,2026,2026 [27 May 2026],[27 May 2026],J.M.Egger & R.E.O'Dell,spec.,Phytoneuron 2026-12: 2. [27 May 2026] ,,"https://www.phytoneuron.net/wp-content/uploads/2026/05/12PhytoN-Castilleja-benitoensis.pdf [english] Etymology: the new species is named for San Benito Mountain, in the vicinity of which its entire known distribution is contained.",,,9,benitoensis,,,f,t,,holotype WTU WTU-V-467468; WTU-V-467467;isotype CAS;isotype JEPS;isotype US;isotype WTU,,,,,J.M.Egger@38831-1@1@aut$R.E.O'Dell@0-0@2@aut,,,tax. nov.,,1.3,f,castilleja~benitoensis,scrophulariaceaecastilleja~benitoensis~,,727,wfo-1000090618,,species,,,,,https://www.ipni.org/n/77380784-1,IPNI record: 77380784-1,Phytoneuron 2026-12: 2 (2026)
urn:lsid:ipni.org:names:77380785-1,M.C.Pace,,,,,,[early view]: [4 of 27],,,,,,,,,,,,29/05/2026 04:14,29/05/2026 11:07,,,Ochnaceae,Igapodendron,Igapodendron,Igapodendron,,f,f,,,,,,,,,,,,,,,,,,,,,,,,,,,,,30000075-2,Brittonia,urn:lsid:ipni.org:publications:561-2,2026,2026 [28 May 2026],[28 May 2026],M.C.Pace,gen.,Brittonia [early view]: [4 of 27]. 2026 [28 May 2026] ,,"doi:10.1007/s12228-026-09880-3 [english] Etymology: the generic name is a Latinized combination of the Old Tupi/Brazilian Portuguese word igapó ('root forest') and the Greek word dendron (δένδρον, 'tree'). The gender of the genus is neuter.",,,8,,,,f,t,,,,,,,M.C.Pace@20032917-1@1@aut,,,tax. nov.,,1.3,f,igapodendron,ochnaceaeigapodendron~~~,,728,wfo-4100006579,,genus,,,,,https://www.ipni.org/n/77380785-1,IPNI record: 77380785-1,Brittonia [early view]: [4 of 27] (2026)
urn:lsid:ipni.org:names:77380786-1,M.C.Pace,,,,,,[early view]: [9 of 27],,26,,7,,29826,1985,,"G.T.Prance, O.Huber, E.L.S.da Silva",,,29/05/2026 04:20,29/05/2026 11:13,"Amazonas (Brazil North, Brazil, Southern America);Roraima (Brazil North, Brazil, Southern America);",W,Ochnaceae,Igapodendron aracaense,Igapodendron aracaense,Igapodendron,,f,f,,,,,,,,,13,,"Amazonas, N margin of Rio Aracá just above Igarapé Sauadaua, 80 m",63,8,,,,,,,S,,,,,,,,,77380785-1,Brittonia,urn:lsid:ipni.org:publications:561-2,2026,2026 [28 May 2026],[28 May 2026],M.C.Pace,spec.,Brittonia [early view]: [9 of 27]. 2026 [28 May 2026] ,,"doi:10.1007/s12228-026-09880-3 [english] Etymology: the specific epithet is a combination of the Latinized Araçá, to which is added the Latin suffix -ense, denoting a toponym, referring to the distribution along the Rio Araçá, where the species is nearly endemic.",,,11,aracaense,,,f,t,,holotype NY 02342598;isotype HSFL 1263;isotype INPA 147553;isotype K K001202443;isotype MG 142926;isotype MO 3071401;isotype SP 226064;isotype US 01878389,,,,,M.C.Pace@20032917-1@1@aut,,,tax. nov.,,1.3,f,igapodendron~aracaense,ochnaceaeigapodendron~aracaense~,,729,wfo-1000090619,,species,,,,,https://www.ipni.org/n/77380786-1,IPNI record: 77380786-1,Brittonia [early view]: [9 of 27] (2026)
urn:lsid:ipni.org:names:77380787-1,M.C.Pace,,,,,,[early view]: [9 of 27],,19,,11,,21418,1945,,R.de Lemos Fróes,,,29/05/2026 04:23,29/05/2026 11:15,"Amazonas (Brazil North, Brazil, Southern America)",,Ochnaceae,Igapodendron cubatense,Igapodendron cubatense,Igapodendron,,f,f,,,,,,,,,,,"Amazonas, Cubate, Içana, terrenos inundaveis",,,,,,,,,,,,,,,,,,77380785-1,Brittonia,urn:lsid:ipni.org:publications:561-2,2026,2026 [28 May 2026],[28 May 2026],M.C.Pace,spec.,Brittonia [early view]: [9 of 27]. 2026 [28 May 2026] ,,"doi:10.1007/s12228-026-09880-3 [english] Etymology: the specific epithet is a combination of Cubate, and the neuter form of the Latin suffix -ense, denoting a toponym, referring to the Rio Cubate, the likely endemic home of this species.",,,11,cubatense,,,f,t,,holotype NY 1033254;isotype IAN 16861;isotype K K004300259;isotype US 01879666,,,,,M.C.Pace@20032917-1@1@aut,,,tax. nov.,,1.3,f,igapodendron~cubatense,ochnaceaeigapodendron~cubatense~,,730,wfo-1000090620,,species,,,,,https://www.ipni.org/n/77380787-1,IPNI record: 77380787-1,Brittonia [early view]: [9 of 27] (2026)
urn:lsid:ipni.org:names:77380788-1,M.C.Pace,,,,,,[early view]: [12 of 27],,29,,11,,s.n.,1936,,A.Ducke,,,29/05/2026 04:29,29/05/2026 11:18,"Amazonas (Brazil North, Brazil, Southern America)",,Ochnaceae,Igapodendron curicuriariense,Igapodendron curicuriariense,Igapodendron,,f,f,,,,,,,,,,,Rio Curicuriary [Curicuriari] affl. Rio Negro,,,,,,,,,,,,,,,,,,77380785-1,Brittonia,urn:lsid:ipni.org:publications:561-2,2026,2026 [28 May 2026],[28 May 2026],M.C.Pace,spec.,Brittonia [early view]: [12 of 27]. 2026 [28 May 2026] ,,"doi:10.1007/s12228-026-09880-3 [english] Etymology: the specific epithet is a combination of Curicuriari, and the neuter form of the Latin suffix -ense, denoting a toponym, referring to the Rio Curicuriari, where this species has been found.",,,11,curicuriariense,,,f,t,,holotype RB 35171,,,,,M.C.Pace@20032917-1@1@aut,,,tax. nov.,,1.3,f,igapodendron~curicuriariense,ochnaceaeigapodendron~curicuriariense~,,731,wfo-1000090621,,species,,,,,https://www.ipni.org/n/77380788-1,IPNI record: 77380788-1,Brittonia [early view]: [12 of 27] (2026)
urn:lsid:ipni.org:names:77380789-1,M.C.Pace,,,,,,[early view]: [16 of 27],,30,,11,,36494,1953,,"B.Maguire, J.J.Wurdack, &amp; G.S.Bunting",,,29/05/2026 04:34,29/05/2026 11:21,"Venezuela (Northern South America, Southern America)",,Ochnaceae,Igapodendron pasimoniense,Igapodendron pasimoniense,Igapodendron,,f,f,,,,,,,,,,,"Amazonas, near caño, Piedra Catipán, right bank of Río Yatua, 100-140 m",,,,,,,,,,,,,,,,,,77380785-1,Brittonia,urn:lsid:ipni.org:publications:561-2,2026,2026 [28 May 2026],[28 May 2026],M.C.Pace,spec.,Brittonia [early view]: [16 of 27]. 2026 [28 May 2026] ,,"doi:10.1007/s12228-026-09880-3 [english] Etymology: the specific epithet indicates the Río Pasimoni, combined with the neuter form of the Latin suffix -ense, denoting a toponym, referring to the river from where the majority of known specimens were collected.",,,11,pasimoniense,,,f,t,,holotype NY 01392578;isotype INPA;isotype VEN,,,,,M.C.Pace@20032917-1@1@aut,,,tax. nov.,,1.3,f,igapodendron~pasimoniense,ochnaceaeigapodendron~pasimoniense~,,732,wfo-1000090622,,species,,,,,https://www.ipni.org/n/77380789-1,IPNI record: 77380789-1,Brittonia [early view]: [16 of 27] (2026)
urn:lsid:ipni.org:names:77380790-1,M.C.Pace,,,,,,[early view]: [16 of 27],,20,,10,,29341,1950,,B.Maguire 29341,,,29/05/2026 04:36,29/05/2026 11:23,"Venezuela (Northern South America, Southern America);Colombia (Western South America, Southern America);",,Ochnaceae,Igapodendron temiense,Igapodendron temiense,Igapodendron,,f,f,,,,,,,,,,,"Venezuela: Amazonas, Río Temi, 1 hour below Yavita, 100 m",,,,,,,,,,,,,,,,,,77380785-1,Brittonia,urn:lsid:ipni.org:publications:561-2,2026,2026 [28 May 2026],[28 May 2026],M.C.Pace,spec.,Brittonia [early view]: [16 of 27]. 2026 [28 May 2026] ,,"doi:10.1007/s12228-026-09880-3 [english] Etymology: the specific epithet indicates the Río Temi, and the neuter form of the Latin suffix -ense, denoting a toponym, referring to the river on which most of the known specimens were collected.",,,11,temiense,,,f,t,,holotype NY 04336309,,,,,M.C.Pace@20032917-1@1@aut,,,tax. nov.,,1.3,f,igapodendron~temiense,ochnaceaeigapodendron~temiense~,,733,wfo-1000090623,,species,,,,,https://www.ipni.org/n/77380790-1,IPNI record: 77380790-1,Brittonia [early view]: [16 of 27] (2026)
urn:lsid:ipni.org:names:77380791-1,M.C.Pace,,,,,,[early view]: [18 of 27],,13,,11,,36270,1953,,B.Maguire,,,29/05/2026 04:40,29/05/2026 11:27,"Colombia (Western South America, Southern America)",,Ochnaceae,Igapodendron temiense var. atabapense,Igapodendron temiense var. atabapense,Igapodendron,,f,f,,,,,atabapense,,,,,,"Dept. Guainía, drowned margins of Río Atabapo, above Cacagual (Piedra Cacaguati), 100 m",,,,,,,,,,,,,,,,,,77380790-1,Brittonia,urn:lsid:ipni.org:publications:561-2,2026,2026 [28 May 2026],[28 May 2026],M.C.Pace,var.,Brittonia [early view]: [18 of 27]. 2026 [28 May 2026] ,,"doi:10.1007/s12228-026-09880-3 [english] Etymology: the infraspecific epithet indicates the Río Atabapo, and the neuter form of the Latin suffix -ense, denoting a toponym, referring to the location from where the known specimen was collected.",,,11,temiense,M.C.Pace,,f,t,,holotype NY 01392577;isotype COAH;isotype MO;isotype INPA,,,,,M.C.Pace@20032917-1@1@aut,M.C.Pace@0-0@1@aut,,tax. nov.,,1.3,f,igapodendron~temienseatabapense,ochnaceaeigapodendron~temienseatabapense,,734,wfo-1200118624,,variety,,,,,https://www.ipni.org/n/77380791-1,IPNI record: 77380791-1,Brittonia [early view]: [18 of 27] (2026)
urn:lsid:ipni.org:names:77380792-1,(L.) Thell.,Brassicaceae Brassica campestris L.,(L.),30076075-2,,,4(1): 259,,,,,,,,,,,,29/05/2026 05:13,01/06/2026 15:41,,,Brassicaceae,Brassica rapa f. campestris,Brassica rapa f. campestris,Brassica,,f,f,,,,,campestris,,,,,,,,,,,,,,,,,,,,,,,null:,279485-1,Ill. Fl. Mitt.-Eur.,urn:lsid:ipni.org:publications:2283-2,1918,1918 [Mar 1918],[Mar 1918],Thell.,f.,Ill. Fl. Mitt.-Eur. 4(1): 259. 1918 [Mar 1918] ,,,,,11,rapa,L.,,f,t,,,,,,,L.@12653-1@2@bas$Thell.@10550-1@1@aut,L.@0-0@1@aut,,comb. et stat. nov.,,1.4,f,brassica~rapacampestris,brassicaceaebrassica~rapacampestris,,735,wfo-1200118691,,form,,,,,https://www.ipni.org/n/77380792-1,IPNI record: 77380792-1,Ill. Fl. Mitt.-Eur. 4(1): 259 (1918)
urn:lsid:ipni.org:names:77380793-1,G.Martens,,,,,,37,,,,,,,,,,,,29/05/2026 07:56,29/05/2026 14:54,,,Brassicaceae,Brassica rapa var. hyemalis,Brassica rapa var. hyemalis,Brassica,,f,f,,,,,hyemalis,,,,,,,,,,,,,,,,,,,,,,,,279485-1,"Fl. Würtemberg, ed. 2.",urn:lsid:ipni.org:publications:18447-2,1865,1865 [Jan 1865],[Jan 1865],G.Martens,var.,"Fl. Würtemberg, ed. 2. 37. 1865 [Jan 1865] ",,"Minimal description: 'Winterrübenreps, im Herbst gesäet, kräftiger und früher.'",,,8,rapa,L.,,f,t,,,,,,,G.Martens@22943-1@1@aut,L.@0-0@1@aut,,tax. nov.,,,f,brassica~rapahyemalis,brassicaceaebrassica~rapahyemalis,,736,wfo-1200118625,,variety,,,,,https://www.ipni.org/n/77380793-1,IPNI record: 77380793-1,"Fl. Würtemberg, ed. 2. 37 (1865)"
urn:lsid:ipni.org:names:77380794-1,D.V.Hai & Y.F.Deng,,,,,,759(2): 143,,,,,,CHTC 12,,,"Do Van Hai, Nguyen The Cuong &amp; Bui Van Truong",,,29/05/2026 09:32,29/05/2026 09:32,"Vietnam (Indo-China, Asia-Tropical)",E,Acanthaceae,Justicia tamchucensis,Justicia tamchucensis,Justicia,,f,f,,,,,,,,20,31,16,"Ninh Binh Province: Tam Chuc ward, ca. 48 m",105,49,8,,,,,,N,,,,,,,,,326849-2,Phytotaxa,urn:lsid:ipni.org:publications:20011462-1,2026,2026 [28 May 2026],[28 May 2026],D.V.Hai & Y.F.Deng,spec.,Phytotaxa 759(2): 143. 2026 [28 May 2026] ,,doi:10.11646/phytotaxa.759.2.3 Etymology: the specific epithet is named for the type locality.,,,11,tamchucensis,,,f,t,,holotype HN;isotype HN;isotype ISBC,,,,,Y.F.Deng@39880-1@2@aut$D.V.Hai@20017008-1@1@aut,,,tax. nov.,,1.1,f,justicia~tamchucensis,acanthaceaejusticia~tamchucensis~,,737,wfo-1000090624,,species,,,,,https://www.ipni.org/n/77380794-1,IPNI record: 77380794-1,Phytotaxa 759(2): 143 (2026)
urn:lsid:ipni.org:names:77380795-1,Hassemer,,,,,,759(2): 155,,23,,10,,76667,2003,,G.G.Hatschbach et al.,,,29/05/2026 10:11,29/05/2026 10:11,"Mato Grosso (Brazil West-Central, Brazil, Southern America)",,Plantaginaceae,Plantago poranensis,Plantago poranensis,Plantago,,f,f,,,,,,,,,,,"Ponta Porã: Rodovia Ponta Porã–Bela Vista, próximo da Fazenda Itamonte",,,,,,,,,,,,,,,,,,30001135-2,Phytotaxa,urn:lsid:ipni.org:publications:20011462-1,2026,2026 [28 May 2026],[28 May 2026],Hassemer,spec.,Phytotaxa 759(2): 155. 2026 [28 May 2026] ,,"doi:10.11646/phytotaxa.759.2.4 Etymology: 'The epithet is a reference to the Brazilian municipality of Ponta Porã, where the only known gathering of the new species was made.'",,,11,poranensis,,,f,t,,holotype MBM MBM-290928;isotype HCF HCF-34946; HCF000035675,,,,,Hassemer@20016469-2@1@aut,,,tax. nov.,,1.1,f,plantago~poranensis,plantaginaceaeplantago~poranensis~,,738,wfo-1000090625,,species,,,,,https://www.ipni.org/n/77380795-1,IPNI record: 77380795-1,Phytotaxa 759(2): 155 (2026)
urn:lsid:ipni.org:names:77380796-1,"J.G.Muñoz, Ram.-Rodr. & J.F.Jiménez",,,,,,759(2): 167,,17,,6,,s.n.,2014,,J.García Muñoz,,,29/05/2026 10:49,29/05/2026 10:49,"Spain (Spain, Southwestern Europe, Europe)",,Plumbaginaceae,Armeria campanae,Armeria campanae,Armeria,,f,f,,,,,,,,,,,"Guadalajara province: Checa, Altos de La Campana, 30TWK9686, 1520 m",,,,,,,,,,,,,,,,,,30024238-2,Phytotaxa,urn:lsid:ipni.org:publications:20011462-1,2026,2026 [28 May 2026],[28 May 2026],"J.G.Muñoz, Ram.-Rodr. & J.F.Jiménez",spec.,Phytotaxa 759(2): 167. 2026 [28 May 2026] ,,doi:10.11646/phytotaxa.759.2.5 Etymology: the specific epithet is named for the type locality.,,,11,campanae,,,f,t,,holotype MA MA-01-00968524;isotype MA MA-01-00968525,,,,,J.F.Jiménez@39105-1@3@aut$Ram.-Rodr.@20098938-1@2@aut$J.G.Muñoz@20098940-1@1@aut,,,tax. nov.,,1.1,f,armeria~campanae,plumbaginaceaearmeria~campanae~,,739,wfo-1000090626,,species,,,,,https://www.ipni.org/n/77380796-1,IPNI record: 77380796-1,Phytotaxa 759(2): 167 (2026)
urn:lsid:ipni.org:names:77380797-1,Behçet,,,,,,759(2): 177,,31,,3,,21486,2025,,L.Behçet,,,29/05/2026 11:18,29/05/2026 11:18,"Turkey (Western Asia, Asia-Temperate)",,Brassicaceae,Draba baskilensis,Draba baskilensis,Draba,,f,f,,,,,,,,,,,"Elazığ province: Baskil District, Tavşanuşağı village, ca. 1500 m",,,,,,,,,,,,,,,,,,60436423-2,Phytotaxa,urn:lsid:ipni.org:publications:20011462-1,2026,2026 [28 May 2026],[28 May 2026],Behçet,spec.,"Phytotaxa 759(2): 177. 2026 [28 May 2026] , as 'baskilense'.",", as 'baskilense'.",doi:10.11646/phytotaxa.759.2.6 Etymology: the specific epithet is named for the type locality.,,,11,baskilensis,,,f,t,,holotype BIN;isotype BIN;isotype ANK,,,,,Behçet@39529-1@1@aut,,,tax. nov.,,1.1,f,draba~baskilensis,brassicaceaedraba~baskilensis~,,740,wfo-1000090627,,species,,,,,https://www.ipni.org/n/77380797-1,IPNI record: 77380797-1,Phytotaxa 759(2): 177 (2026)
urn:lsid:ipni.org:names:77380798-1,G.D.Duncan,,,,,,759(2): 195,,5,,10,,1,2023,,Curtis-Scott &amp; Forbes,,,29/05/2026 11:24,29/05/2026 11:24,"Western Cape Province (Cape Provinces, Southern Africa, Africa)",,Hyacinthaceae,Lachenalia groenewaldii,Lachenalia groenewaldii,Lachenalia,,f,f,,,,,,,,,,,"Haarwegskloof Renosterveld Reserve between Bredasdorp and Swellendam (3420AC), 165 m",,,,,,,,,,,,,,,,,,24414-1,Phytotaxa,urn:lsid:ipni.org:publications:20011462-1,2026,2026 [28 May 2026],[28 May 2026],G.D.Duncan,spec.,Phytotaxa 759(2): 195. 2026 [28 May 2026] ,,"doi:10.11646/phytotaxa.759.2.8 Etymology: the specific epithet is named in honour of South African ecologist Jannie Groenwald, who first discovered this species.",,,11,groenewaldii,,,f,t,,holotype NBG;isotype Herb. Haarwegskloof,,,,,G.D.Duncan@35874-1@1@aut,,,tax. nov.,,1.1,f,lachenalia~groenewaldii,hyacinthaceaelachenalia~groenewaldii~,,741,wfo-1000090628,,species,,,,,https://www.ipni.org/n/77380798-1,IPNI record: 77380798-1,Phytotaxa 759(2): 195 (2026)
urn:lsid:ipni.org:names:77380799-1,(Shalimov) Li Bing Zhang & X.M.Zhou,Selaginellaceae Selaginella pseudorepanda Shalimov,(Shalimov),77378978-1,,,759(2): 200,,,,,,,,,,,,29/05/2026 11:29,29/05/2026 11:29,,,Selaginellaceae,Hypopterygiopsis pseudorepanda,Hypopterygiopsis pseudorepanda,Hypopterygiopsis,,f,f,,,,,,,,,,,,,,,,,,,,,,,,,,,,,17441160-1,Phytotaxa,urn:lsid:ipni.org:publications:20011462-1,2026,2026 [28 May 2026],[28 May 2026],Li Bing Zhang & X.M.Zhou,spec.,Phytotaxa 759(2): 200. 2026 [28 May 2026] ,,doi:10.11646/phytotaxa.759.2.9,,,11,pseudorepanda,,,f,t,,,,,,,X.M.Zhou@20021778-1@2@aut$Li Bing Zhang@36529-1@1@aut$Shalimov@20027372-1@3@bas,,,comb. nov.,,1.1,f,hypopterygiopsis~pseudorepanda,selaginellaceaehypopterygiopsis~pseudorepanda~,,742,wfo-1000090629,,species,,,,,https://www.ipni.org/n/77380799-1,IPNI record: 77380799-1,Phytotaxa 759(2): 200 (2026)
urn:lsid:ipni.org:names:77380800-1,M.C.Pace,,,,,,[early view]: [5 of 27],,24,,6,,12817,1983,,S.R.Hill,,,29/05/2026 11:35,29/05/2026 11:35,"Amazonas (Brazil North, Brazil, Southern America)",W,Ochnaceae,Igapodendron amazonicum,Igapodendron amazonicum,Igapodendron,,f,f,,,,,,,,4,22,,"Mun. Borba, rio Maparí, c. 30 km E of Borba",59,30,,,,,,,S,,,,,,,,,77380785-1,Brittonia,urn:lsid:ipni.org:publications:561-2,2026,2026 [28 May 2026],[28 May 2026],M.C.Pace,spec.,"Brittonia [early view]: [5 of 27]. 2026 [28 May 2026] , as 'amazonica'",", as 'amazonica'",doi:10.1007/s12228-026-09880-3 [english] Etymology: the specific epithet refers to the Amazon rainforest.,,,11,amazonicum,,,f,t,,holotype NY 2175412;isotype INPA 0128269;isotype MG 100299,,,,,M.C.Pace@20032917-1@1@aut,,,tax. nov.,,1.1,f,igapodendron~amazonicum,ochnaceaeigapodendron~amazonicum~,,743,wfo-1000090630,,species,,,,,https://www.ipni.org/n/77380800-1,IPNI record: 77380800-1,Brittonia [early view]: [5 of 27] (2026)
urn:lsid:ipni.org:names:77380801-1,"(H.Wolff) W.Gou, Yan Ping Xiao & X.J.He",Apiaceae Sinocarum filicinum H.Wolff,(H.Wolff),848868-1,,,759(3): 271,,,,,,,,,,,,29/05/2026 11:44,29/05/2026 11:44,,,Apiaceae,Meeboldia filicina,Meeboldia filicina,Meeboldia,,f,f,,,,,,77343161-1,,,,,,,,,isonym,,isonym,,,,,,,,,,,,40234-1,Phytotaxa,urn:lsid:ipni.org:publications:20011462-1,2026,2026 [29 May 2026],[29 May 2026],"W.Gou, Yan Ping Xiao & X.J.He",spec.,Phytotaxa 759(3): 271. 2026 [29 May 2026] ,,doi:10.11646/phytotaxa.759.3.5,,,13,filicina,,,f,t,,,,,,,X.J.He@36324-1@3@aut$H.Wolff@11821-1@4@bas$W.Gou@20045857-1@1@aut$Yan Ping Xiao@20048630-1@2@aut,,,comb. nov.,,1.1,f,meeboldia~filicina,apiaceaemeeboldia~filicina~,,744,wfo-1200118692,,species,,,,,https://www.ipni.org/n/77380801-1,IPNI record: 77380801-1,Phytotaxa 759(3): 271 (2026)
urn:lsid:ipni.org:names:77380802-1,T.T.D.Pham & Juan Chen,,,,,,759(3): 288,,4,,7,,PTTD/213,2022,,Phạm Thị Thành Đạt &amp; Lê Hồ Phong Vũ,,,29/05/2026 11:50,29/05/2026 11:50,"Vietnam (Indo-China, Asia-Tropical)",,Zingiberaceae,Curcuma phongvui,Curcuma phongvui,Curcuma,,f,f,,,,,,,,,,,"Tay Ninh Province: Tan Hoa Commune, ca. 50 m",,,,,,,,,,,,,,,,,,331178-2,Phytotaxa,urn:lsid:ipni.org:publications:20011462-1,2026,2026 [29 May 2026],[29 May 2026],T.T.D.Pham & Juan Chen,spec.,Phytotaxa 759(3): 288. 2026 [29 May 2026] ,,"doi:10.11646/phytotaxa.759.3.7 Etymology: the specific epithet is named in honour of Mr. Le Ho Phong Vu, who first discovered this species.",,,11,phongvui,,,f,t,,holotype SGN;isotype VNM,,,,,T.T.D.Pham@20042569-1@1@aut$Juan Chen@20014376-1@2@aut,,,tax. nov.,,1.1,f,curcuma~phongvui,zingiberaceaecurcuma~phongvui~,,745,wfo-1000090631,,species,,,,,https://www.ipni.org/n/77380802-1,IPNI record: 77380802-1,Phytotaxa 759(3): 288 (2026)
urn:lsid:ipni.org:names:77380803-1,"R.R.Chaudhary, J.V.Gadpay. & Somkuwar",,,,,,759(3): 296,,3,,1,,103,2025,,"R.R.Chaudhary, J.V.Gadpayle &amp; S.R.Somkuwar",,,29/05/2026 12:08,29/05/2026 12:08,"Maharashtra (India, Indian Subcontinent, Asia-Tropical)",E,Leguminosae,Crotalaria phuleae,Crotalaria phuleae,Crotalaria,,f,f,,,,,,,,20,53,32,"Nagpur district, butibori-Umred Forest, Near khairi",79,9,18,,,,,,N,,,,,,,,,329745-2,Phytotaxa,urn:lsid:ipni.org:publications:20011462-1,2026,2026 [29 May 2026],[29 May 2026],"R.R.Chaudhary, J.V.Gadpay. & Somkuwar",spec.,"Phytotaxa 759(3): 296. 2026 [29 May 2026] , as 'phulei'.",", as 'phulei'.","doi:10.11646/phytotaxa.759.3.8 Etymology: the specific epithet is named in honour of Savitribai Jyotirao Phule, the first female teacher of modern India.",,,11,phuleae,,,f,t,,holotype CAL;isotype BSI;isotype DACN,,,,,R.R.Chaudhary@20098941-1@1@aut$Somkuwar@20030181-1@3@aut$J.V.Gadpay.@20032809-1@2@aut,,,tax. nov.,,1.1,f,crotalaria~phuleae,leguminosaecrotalaria~phuleae~,,746,wfo-1000090632,,species,,,,,https://www.ipni.org/n/77380803-1,IPNI record: 77380803-1,Phytotaxa 759(3): 296 (2026)
urn:lsid:ipni.org:names:77380804-1,"Yoneoka, T.Fujiw., V.S.Dang & Tagane",,,,,,275: 182,,10,,12,,N1319,2024,,"S.Tagane, V.S.Dang, P.Souladeth, Q.T.Pham, T.Yamamoto, T.Fujiwara, R.Masuda, K.Souvannakhoummane &amp; K.Phengmala",,,29/05/2026 14:37,01/06/2026 15:09,"Vietnam (Indo-China, Asia-Tropical)",E,Dryopteridaceae,Cyrtomium lacrimipinnum,Cyrtomium lacrimipinnum,Cyrtomium,,f,f,,,,,,,,17,24,12,"Quang Binh Province (currently Quang Tri Province): Phong Nha–Ke Bang National Park, Bach Xanh Forest, 777 m",106,13,15,,,,,,N,,,,,,,,,30011135-2,PhytoKeys,urn:lsid:ipni.org:publications:20011997-1,2026,2026 [1 Jun 2026],[1 Jun 2026],"Yoneoka, T.Fujiw., V.S.Dang & Tagane",spec.,PhytoKeys 275: 182. 2026 [1 Jun 2026] ,,"doi:10.3897/phytokeys.275.183837 [english] Etymology: the specific epithet combines the Latin 'Lacrima', meaning 'tear', with pinna and refers to the teardrop-like outline of the lateral pinnae.",,,11,lacrimipinnum,,,f,t,,holotype VNM VNM00073946;isotype KAG KAG189432;isotype MAK MAK483040,,,,,Yoneoka@20098044-1@1@aut$V.S.Dang@20028568-1@3@aut$Tagane@20028567-1@4@aut$T.Fujiw.@20042895-1@2@aut,,,tax. nov.,,1.3,f,cyrtomium~lacrimipinnum,dryopteridaceaecyrtomium~lacrimipinnum~,,747,wfo-1000090633,,species,,,,,https://www.ipni.org/n/77380804-1,IPNI record: 77380804-1,PhytoKeys 275: 182 (2026)
urn:lsid:ipni.org:names:77380806-1,Rukšāns & Jost,,,,,,"196: 12, photogrs.",,3,,3,,s.n.,2024,,J. Rukšāns &amp; V. Jošt,,,30/05/2026 19:47,30/05/2026 19:47,"Iran (Western Asia, Asia-Temperate)",E,Iridaceae,Crocus oron-perii,Crocus oron-perii,Crocus,,f,f,,,,,,,,35,57,35,"Kurdistan prov., Zagros Mts, grassy meadow on road from Mahabad to Marivan, nr. Surin, at elevation of 1966 m a.s.l.;",46,5,1,,,,,,N,,,,,,,,,20293-1,Int. Rock Gard.,urn:lsid:ipni.org:publications:20018630-2,2026,2026 [30 Mai 2026],[30 Mai 2026],Rukšāns & Jost,spec.,"Int. Rock Gard. 196: 12, photogrs. 2026 [30 Mai 2026] (epublished)",(epublished),"Eponymy: 'Named after our good friend from Israel, famous gardener, owner of company “Seeds of Peace” and explorer of local flora – Oron Peri ...' (english)",,,11,oron-perii,,,f,t,,holotype RIG (RIG II: BOT-17859),,"'cult. (specimen grown in Latvia in the garden of Jānis Rukšāns; specimen originally collected in type locality by J. Rukšāns and V. Jošt in 12ᵗʰ April, 2022)'",,,Rukšāns@20008688-2@1@aut$Jost@29728-1@2@aut,,,tax. nov.,,1.1,f,crocus~oron-perii,iridaceaecrocus~oron-perii~,,748,wfo-1000090634,,species,,,,,https://www.ipni.org/n/77380806-1,IPNI record: 77380806-1,"Int. Rock Gard. 196: 12, photogrs. (2026)"
urn:lsid:ipni.org:names:77380807-1,Zubov & Rukšāns,,,,,,"196: 27, figs. 1-9, map 1",,10,,5,,s.n.,2012,,D. Zubov &amp; J. Rukšāns,,,30/05/2026 20:14,30/05/2026 20:14,Kazakstan,,Liliaceae,Erythronium fallax,Erythronium fallax,Erythronium,,f,f,,,,,,,,,,,"' Kazakhstan, East Kazakhstan Region, Kurshim (Kurchumsky) District, southern dry macroslope of the Azutau ridge (Southern Altai), Marble Pass (Mramorny Pass), within steppified shrubby forb-graminoid meadow, 1400 m'",,,,,,,,,,,,,,,,,,30016276-2,Int. Rock Gard.,urn:lsid:ipni.org:publications:20018630-2,2026,2026 [30 Mai 2026],[30 Mai 2026],Zubov & Rukšāns,spec.,"Int. Rock Gard. 196: 27, figs. 1-9, map 1. 2026 [30 Mai 2026] ",,"Etymology: 'The species epithet “fallax” means deceptive, misleading due to the significant morphological similarity of the new species to E. sibiricum and almost 100 years of merging of both species into the only one widely distributed E. sibiricum s.l.'  (english)",,,11,fallax,,,f,t,,holotype RIG (RIG II:BOT-17860),,,,,Rukšāns@20008688-2@2@aut$Zubov@20019321-1@1@aut,,,tax. nov.,,1.1,f,erythronium~fallax,liliaceaeerythronium~fallax~,,749,wfo-1000090635,,species,,,,,https://www.ipni.org/n/77380807-1,IPNI record: 77380807-1,"Int. Rock Gard. 196: 27, figs. 1-9, map 1 (2026)"
urn:lsid:ipni.org:names:77380808-1,Bisch.,,,,,,49-50: 25,,,,,,,,,,,,31/05/2026 23:32,31/05/2026 23:32,,,Scrophulariaceae,Digitalis ferruginea var. longibracteata,Digitalis ferruginea var. longibracteata,Digitalis,,f,f,,,,,longibracteata,,,,,,,,,,,,,,,,,,,,,,,,802003-1,Glasn. Hrvatsk. Prir. Društva,urn:lsid:ipni.org:publications:20000171-1,1938,1938,,Bisch.,var.,Glasn. Hrvatsk. Prir. Društva 49-50: 25. 1938 ,,,,,8,ferruginea,L.,,f,t,,,,,,,Bisch.@16158-1@1@aut,L.@12653-1@1@aut,,tax. nov.,,1.1,f,digitalis~ferruginealongibracteata,scrophulariaceaedigitalis~ferruginealongibracteata,,750,wfo-1200118626,,variety,,,,,https://www.ipni.org/n/77380808-1,IPNI record: 77380808-1,Glasn. Hrvatsk. Prir. Društva 49-50: 25 (1938)
urn:lsid:ipni.org:names:77380914-1,(L.) Kitt.,Brassicaceae Brassica campestris L.,(L.),30076075-2,,,239,,,,,,,,,,,,01/06/2026 14:27,01/06/2026 14:27,,,Brassicaceae,Brassica rapa var. campestris,Brassica rapa var. campestris,Brassica,,f,f,,,,,campestris,,,,,,,,,,,,,,,,,,,,,,,,279485-1,"Taschenb. Fl. Deutschl., ed. 1",urn:lsid:ipni.org:publications:7720-2,1837,1837 [Jan-Mar 1837],[Jan-Mar 1837],Kitt.,var.,"Taschenb. Fl. Deutschl., ed. 1 239. 1837 [Jan-Mar 1837] ",,,,,11,rapa,L.,,f,t,,,,,,,Kitt.@4821-1@1@aut$L.@12653-1@2@bas,L.@12653-1@1@aut,,comb. et stat. nov.,,1.1,f,brassica~rapacampestris,brassicaceaebrassica~rapacampestris,,751,wfo-1200118693,,variety,,,,,https://www.ipni.org/n/77380914-1,IPNI record: 77380914-1,"Taschenb. Fl. Deutschl., ed. 1 239 (1837)"
urn:lsid:ipni.org:names:77380915-1,H.C.Watson ex Syme,,,,,,1872-74: 8,,,,,,,,,,,,01/06/2026 14:57,01/06/2026 14:58,,,Brassicaceae,Brassica rapa var. briggsii,Brassica rapa var. briggsii,Brassica,,f,f,,,,,briggsii,,,,,,,,,,,,,,,,,,,,,,,,279485-1,Rep. Bot. Exch. Club,urn:lsid:ipni.org:publications:3610-2,1875,1875 [post 3 Jul 1875],[post 3 Jul 1875],H.C.Watson ex Syme,var.,Rep. Bot. Exch. Club 1872-74: 8. 1875 [post 3 Jul 1875] ,,,,,8,rapa,L.,,f,t,,,,,,,H.C.Watson@11433-1@1@aut$Syme@10354-1@2@autEx,L.@12653-1@1@aut,48364436,tax. nov.,,1.2,f,brassica~rapabriggsii,brassicaceaebrassica~rapabriggsii,,752,wfo-1200118694,,variety,,,,,https://www.ipni.org/n/77380915-1,IPNI record: 77380915-1,Rep. Bot. Exch. Club 1872-74: 8 (1875)
urn:lsid:ipni.org:names:77380916-1,(A.Chev.) Doweld,Myricaceae Myrica × burbankii A.Chev.,(A.Chev.),289871-2,,,56(1): 99,,,,,,,,,,,,01/06/2026 15:22,01/06/2026 15:22,,,Myricaceae,Morella × burbankii,Morella × burbankii,Morella,,t,f,,,,,,,,,,,,,,,,,,,,,,,,,,,,,326822-2,Geophytology,urn:lsid:ipni.org:publications:18879-2,2026,2026 [30 May 2026],[30 May 2026],Doweld,spec.,Geophytology 56(1): 99. 2026 [30 May 2026] ,,,,,11,burbankii,,,f,t,,,,,,,Doweld@38677-1@1@aut$A.Chev.@1584-1@2@bas,,,comb. nov.,,1.1,f,morella~burbankii,myricaceaemorella~burbankii~,,753,wfo-1000090636,,species,,,,,https://www.ipni.org/n/77380916-1,IPNI record: 77380916-1,Geophytology 56(1): 99 (2026)
urn:lsid:ipni.org:names:77380917-1,(A.Chev.) Doweld,Myricaceae Myrica curtissii A.Chev.,(A.Chev.),166229-2,,,56(1): 99,,,,,,,,,,,,01/06/2026 15:25,01/06/2026 15:34,,,Myricaceae,Morella × curtissii,Morella × curtissii,Morella,,t,f,"164286-2,164287-2",(Morella cerifera (L.) Small × Morella inodora (W.Bartram) Small),,,,,,,,,,,,,,,,,,,,,,,,,,,326822-2,Geophytology,urn:lsid:ipni.org:publications:18879-2,2026,2026 [30 May 2026],[30 May 2026],Doweld,spec.,Geophytology 56(1): 99. 2026 [30 May 2026] ,,,,,11,curtissii,,,f,t,,,,,,,Doweld@38677-1@1@aut$A.Chev.@1584-1@2@bas,,,comb. nov.,,1.2,f,morella~curtissii,myricaceaemorella~curtissii~,,754,wfo-1000090637,,species,,,,,https://www.ipni.org/n/77380917-1,IPNI record: 77380917-1,Geophytology 56(1): 99 (2026)
urn:lsid:ipni.org:names:77380918-1,Doweld,,,,,,56(1): 99,,,,,,,,,,,,01/06/2026 15:28,01/06/2026 15:28,,,Myricaceae,Morella hispaniolica,Morella hispaniolica,Morella,,f,f,,,,,,,,,,,,,,,,,,,,,,,,,,,,,326822-2,Geophytology,urn:lsid:ipni.org:publications:18879-2,2026,2026 [30 May 2026],[30 May 2026],Doweld,spec.,Geophytology 56(1): 99. 2026 [30 May 2026] ,,"Etymology: 'Hispaniola, a name of the endemic area of species distribution'.",585481-1,,9,hispaniolica,,,f,t,,,,,,,Doweld@38677-1@1@aut,,,nom. nov.,,1.1,f,morella~hispaniolica,myricaceaemorella~hispaniolica~,,755,wfo-1000090638,,species,,,,,https://www.ipni.org/n/77380918-1,IPNI record: 77380918-1,Geophytology 56(1): 99 (2026)
urn:lsid:ipni.org:names:77380919-1,Doweld,,,,,,56(1): 99,,,,,,,,,,,,01/06/2026 15:32,01/06/2026 15:32,,,Myricaceae,Morella × quercifera,Morella × quercifera,Morella,,t,f,"1004886-1,1004887-1",(Morella serrata (Lam.) Killick × Morella quercifolia (L.) Killick),,,,,,,,,,,,,,,,,,,,,,,,,,,326822-2,Geophytology,urn:lsid:ipni.org:publications:18879-2,2026,2026 [30 May 2026],[30 May 2026],Doweld,spec.,Geophytology 56(1): 99. 2026 [30 May 2026] ,,,585536-1,,9,quercifera,,,f,t,,,,,,,Doweld@38677-1@1@aut,,,nom. nov.,,1.1,f,morella~quercifera,myricaceaemorella~quercifera~,,756,wfo-1000090639,,species,,,,,https://www.ipni.org/n/77380919-1,IPNI record: 77380919-1,Geophytology 56(1): 99 (2026)
