id,authors_t,basionym_s_lower,basionym_author_s_lower,lookup_basionym_id,bibliographic_reference_s_lower,bibliographic_type_info_s_lower,reference_collation_s_lower,collection_date_as_text_s_lower,collection_day_1_s_lower,collection_day_2_s_lower,collection_month_1_s_lower,collection_month_2_s_lower,collection_number_s_lower,collection_year_1_s_lower,collection_year_2_s_lower,collector_team_as_text_t,lookup_conserved_against_id,lookup_correction_of_id,date_created_date,date_last_modified_date,distribution_s_lower,east_or_west_s_lower,family_s_lower,taxon_scientific_name_s_lower,taxon_sci_name_suggestion,genus_s_lower,geographic_unit_as_text_s_lower,hybrid_b,hybrid_genus_b,lookup_hybrid_parent_id,hybrid_parents_s_lower,infra_family_s_lower,infra_genus_s_lower,infraspecies_s_lower,lookup_isonym_of_id,lookup_later_homonym_of_id,latitude_degrees_s_lower,latitude_minutes_s_lower,latitude_seconds_s_lower,locality_s_lower,longitude_degrees_s_lower,longitude_minutes_s_lower,longitude_seconds_s_lower,name_status_s_lower,name_status_bot_code_type_s_lower,name_status_editor_type_s_lower,nomenclatural_synonym_s_lower,lookup_nomenclatural_synonym_id,north_or_south_s_lower,original_basionym_s_lower,original_basionym_author_team_s_lower,original_hybrid_parentage_s_lower,original_remarks_s_lower,original_replaced_synonym_s_lower,original_taxon_distribution_s_lower,lookup_orthographic_variant_of_id,other_links_s_lower,lookup_parent_id,publication_s_lower,lookup_publication_id,publication_year_i,publication_year_full_s_lower,publication_year_note_s_lower,publishing_author_s_lower,rank_s_alphanum,reference_t,reference_remarks_s_lower,remarks_s_lower,lookup_replaced_synonym_id,lookup_same_citation_as_id,score_s_lower,species_s_lower,species_author_s_lower,lookup_superfluous_name_of_id,suppressed_b,top_copy_b,lookup_type_id,type_locations_s_lower,type_name_s_lower,type_remarks_s_lower,type_chosen_by_s_lower,type_note_s_lower,detail_author_team_ids,detail_species_author_team_ids,page_as_text_s_lower,citation_type_s_lower,lookup_validation_of_id,version_s_lower,powo_b,sortable,family_taxon_name_sortable,rhakhis_pk,rhakhis_wfo,rhakhis_skip,rhakhis_rank,rhakhis_status,rhakhis_parent,rhakhis_accepted,rhakhis_basionym
urn:lsid:ipni.org:names:77380911-1,"H.Tian Li, Z.Zheng Zhang & T.Y.Zuo",,,,,,275: 310,,17,,6,,ZZZ-GJL-001,2025,,Z.Z.Zhang,,,01/06/2026 08:34,08/06/2026 11:40,"Ningxia (Inner Mongolia, China, Asia-Temperate)",E,Iridaceae,Iris liupanshanensis,Iris liupanshanensis,Iris,,f,f,,,,,,,,35,57,7,"Ningxia, Guyuan City, Yuanzhou District, Gujiang Road, 2085 m",106,8,8,,,,,,N,,,,,,,,,326330-2,PhytoKeys,urn:lsid:ipni.org:publications:20011997-1,2026,2026 [2 Jun 2026],[2 Jun 2026],"H.Tian Li, Z.Zheng Zhang & T.Y.Zuo",spec.,PhytoKeys 275: 310. 2026 [2 Jun 2026] ,,"doi:10.3897/phytokeys.275.184036 [english] Etymology: the specific epithet is derived from the type locality of the species, which is located in the northern section of the Liupan Mountains.",,,11,liupanshanensis,,,f,t,,holotype NAS;isotype SG,,,,,H.Tian Li@20097095-1@1@aut$T.Y.Zuo@20097096-1@3@aut$Z.Zheng Zhang@20097093-1@2@aut,,,tax. nov.,,1.4,f,iris~liupanshanensis,iridaceaeiris~liupanshanensis~,1,wfo-1000090712,,species,,,,
urn:lsid:ipni.org:names:77380912-1,"Z.Zheng Zhang, T.Y.Zuo & H.Tian Li",,,,,,275: 312,,18,,6,,ZZZ-NS-001,2025,,Z.Z.Zhang,,,01/06/2026 08:36,08/06/2026 11:40,"Nei Mongol (Inner Mongolia, China, Asia-Temperate)",E,Iridaceae,Iris helanshanensis,Iris helanshanensis,Iris,,f,f,,,,,,,,38,39,26,"Inner Mongolia Autonomous Region, Alxa League, Nansi (Guangzong Temple) Tourist Area, 2395 m",105,50,17,,,,,,N,,,,,,,,,326330-2,PhytoKeys,urn:lsid:ipni.org:publications:20011997-1,2026,2026 [2 Jun 2026],[2 Jun 2026],"Z.Zheng Zhang, T.Y.Zuo & H.Tian Li",spec.,PhytoKeys 275: 312. 2026 [2 Jun 2026] ,,"doi:10.3897/phytokeys.275.184036 [english] Etymology: the type locality is situated in the Helan Mountains, hence the specific epithet is chosen.",,,11,helanshanensis,,,f,t,,holotype NAS,,,,,Z.Zheng Zhang@20097093-1@1@aut$H.Tian Li@20097095-1@3@aut$T.Y.Zuo@20097096-1@2@aut,,,tax. nov.,,1.4,f,iris~helanshanensis,iridaceaeiris~helanshanensis~,2,wfo-1000090713,,species,,,,
urn:lsid:ipni.org:names:77380913-1,"T.Y.Zuo, H.Tian Li & Z.Zheng Zhang",,,,,,275: 314,,16,,6,,ZZZ-CLL-001,2025,,Z.Z.Zhang,,,01/06/2026 08:38,08/06/2026 11:45,"Shaanxi (China North-Central, China, Asia-Temperate)",E,Iridaceae,Iris coeruleoviridis,Iris coeruleoviridis,Iris,,f,f,,,,,,,,34,15,4,"Shaanxi Province, Luonan County, Luoyuan Town, near the headwaters of the Luo River in the Caolianling area, 1566 m",109,49,30,,,,,,N,,,,,,,,,326330-2,PhytoKeys,urn:lsid:ipni.org:publications:20011997-1,2026,2026 [2 Jun 2026],[2 Jun 2026],"T.Y.Zuo, H.Tian Li & Z.Zheng Zhang",spec.,PhytoKeys 275: 314. 2026 [2 Jun 2026] ,,doi:10.3897/phytokeys.275.184036 [english] Etymology: the specific epithet  refers to the style that is green with a bluish tinge at the apex.,,,11,coeruleoviridis,,,f,t,,holotype NAS;isotype SG;isotype CSH,,,,,H.Tian Li@20097095-1@2@aut$Z.Zheng Zhang@20097093-1@3@aut$T.Y.Zuo@20097096-1@1@aut,,,tax. nov.,,1.5,f,iris~coeruleoviridis,iridaceaeiris~coeruleoviridis~,3,wfo-1000090714,,species,,,,
urn:lsid:ipni.org:names:77380914-1,(L.) Kitt.,Brassicaceae Brassica campestris L.,(L.),30076075-2,,,239,,,,,,,,,,,,01/06/2026 14:27,01/06/2026 14:27,,,Brassicaceae,Brassica rapa var. campestris,Brassica rapa var. campestris,Brassica,,f,f,,,,,campestris,,,,,,,,,,,,,,,,,,,,,,,,279485-1,"Taschenb. Fl. Deutschl., ed. 1",urn:lsid:ipni.org:publications:7720-2,1837,1837 [Jan-Mar 1837],[Jan-Mar 1837],Kitt.,var.,"Taschenb. Fl. Deutschl., ed. 1 239. 1837 [Jan-Mar 1837] ",,,,,11,rapa,L.,,f,t,,,,,,,Kitt.@4821-1@1@aut$L.@12653-1@2@bas,L.@12653-1@1@aut,,comb. et stat. nov.,,1.1,f,brassica~rapacampestris,brassicaceaebrassica~rapacampestris,4,wfo-1200118693,,variety,,,,
urn:lsid:ipni.org:names:77380915-1,H.C.Watson ex Syme,,,,,,1872-74: 8,,,,,,,,,,,,01/06/2026 14:57,01/06/2026 14:58,,,Brassicaceae,Brassica rapa var. briggsii,Brassica rapa var. briggsii,Brassica,,f,f,,,,,briggsii,,,,,,,,,,,,,,,,,,,,,,,,279485-1,Rep. Bot. Exch. Club,urn:lsid:ipni.org:publications:3610-2,1875,1875 [post 3 Jul 1875],[post 3 Jul 1875],H.C.Watson ex Syme,var.,Rep. Bot. Exch. Club 1872-74: 8. 1875 [post 3 Jul 1875] ,,,,,8,rapa,L.,,f,t,,,,,,,H.C.Watson@11433-1@1@aut$Syme@10354-1@2@autEx,L.@12653-1@1@aut,48364436,tax. nov.,,1.2,f,brassica~rapabriggsii,brassicaceaebrassica~rapabriggsii,5,wfo-1200118694,,variety,,,,
urn:lsid:ipni.org:names:77380916-1,(A.Chev.) Doweld,Myricaceae Myrica × burbankii A.Chev.,(A.Chev.),289871-2,,,56(1): 99,,,,,,,,,,,,01/06/2026 15:22,01/06/2026 15:22,,,Myricaceae,Morella × burbankii,Morella × burbankii,Morella,,t,f,,,,,,,,,,,,,,,,,,,,,,,,,,,,,326822-2,Geophytology,urn:lsid:ipni.org:publications:18879-2,2026,2026 [30 May 2026],[30 May 2026],Doweld,spec.,Geophytology 56(1): 99. 2026 [30 May 2026] ,,,,,11,burbankii,,,f,t,,,,,,,A.Chev.@1584-1@2@bas$Doweld@38677-1@1@aut,,,comb. nov.,,1.1,f,morella~burbankii,myricaceaemorella~burbankii~,6,wfo-1000090636,,species,,,,
urn:lsid:ipni.org:names:77380917-1,(A.Chev.) Doweld,Myricaceae Myrica curtissii A.Chev.,(A.Chev.),166229-2,,,56(1): 99,,,,,,,,,,,,01/06/2026 15:25,01/06/2026 15:34,,,Myricaceae,Morella × curtissii,Morella × curtissii,Morella,,t,f,"164286-2,164287-2",(Morella cerifera (L.) Small × Morella inodora (W.Bartram) Small),,,,,,,,,,,,,,,,,,,,,,,,,,,326822-2,Geophytology,urn:lsid:ipni.org:publications:18879-2,2026,2026 [30 May 2026],[30 May 2026],Doweld,spec.,Geophytology 56(1): 99. 2026 [30 May 2026] ,,,,,11,curtissii,,,f,t,,,,,,,Doweld@38677-1@1@aut$A.Chev.@1584-1@2@bas,,,comb. nov.,,1.2,f,morella~curtissii,myricaceaemorella~curtissii~,7,wfo-1000090637,,species,,,,
urn:lsid:ipni.org:names:77380918-1,Doweld,,,,,,56(1): 99,,,,,,,,,,,,01/06/2026 15:28,01/06/2026 15:28,,,Myricaceae,Morella hispaniolica,Morella hispaniolica,Morella,,f,f,,,,,,,,,,,,,,,,,,,,,,,,,,,,,326822-2,Geophytology,urn:lsid:ipni.org:publications:18879-2,2026,2026 [30 May 2026],[30 May 2026],Doweld,spec.,Geophytology 56(1): 99. 2026 [30 May 2026] ,,"Etymology: 'Hispaniola, a name of the endemic area of species distribution'.",585481-1,,9,hispaniolica,,,f,t,,,,,,,Doweld@38677-1@1@aut,,,nom. nov.,,1.1,f,morella~hispaniolica,myricaceaemorella~hispaniolica~,8,wfo-1000090638,,species,,,,
urn:lsid:ipni.org:names:77380919-1,Doweld,,,,,,56(1): 99,,,,,,,,,,,,01/06/2026 15:32,01/06/2026 15:32,,,Myricaceae,Morella × quercifera,Morella × quercifera,Morella,,t,f,"1004887-1,1004886-1",(Morella quercifolia (L.) Killick × Morella serrata (Lam.) Killick),,,,,,,,,,,,,,,,,,,,,,,,,,,326822-2,Geophytology,urn:lsid:ipni.org:publications:18879-2,2026,2026 [30 May 2026],[30 May 2026],Doweld,spec.,Geophytology 56(1): 99. 2026 [30 May 2026] ,,,585536-1,,9,quercifera,,,f,t,,,,,,,Doweld@38677-1@1@aut,,,nom. nov.,,1.1,f,morella~quercifera,myricaceaemorella~quercifera~,9,wfo-1000090639,,species,,,,
urn:lsid:ipni.org:names:77380968-1,(L.) Bab.,Brassicaceae Brassica rapa L.,(L.),279485-1,,,24,,,,,,,,,,,,02/06/2026 09:19,02/06/2026 09:19,,,Brassicaceae,Brassica campestris var. rapa,Brassica campestris var. rapa,Brassica,,f,f,,,,,rapa,,,,,,,,,,,,,,,,,,,,,,,,30076075-2,Man. Brit. Bot. [Babington],urn:lsid:ipni.org:publications:7480-2,1843,1843,,Bab.,var.,Man. Brit. Bot. [Babington] 24. 1843 ,,,,,11,campestris,L.,,f,t,,,,,,,L.@12653-1@2@bas$Bab.@31137-1@1@aut,L.@12653-1@1@aut,,comb. et stat. nov.,,1.1,f,brassica~campestrisrapa,brassicaceaebrassica~campestrisrapa,10,wfo-1200119079,,variety,,,,
urn:lsid:ipni.org:names:77380969-1,Blind,,,,,,4(1): 135,,,,,,,,,,,,02/06/2026 09:25,06/07/2026 15:26,,,Orchidaceae,Catasetum,Catasetum,Catasetum,,f,f,,,,,,,,,,,,,,,,,,,,,,,,,,,,,30000046-2,Brazil. Appl. Sci. Rev.,urn:lsid:ipni.org:publications:20047071-1,2020,2020,,Blind,gen.,"Brazil. Appl. Sci. Rev. 4(1): 135. 2020 , not validly publ.",", not validly publ.",,,,8,,,,f,t,,,,,,,Blind@20072450-1@1@aut,,,tax. nov.,,1.3,f,catasetum,orchidaceaecatasetum~~~,11,wfo-1200119080,,genus,,,,
urn:lsid:ipni.org:names:77380970-1,N.E.Br.,,,,,,"ser. 3, 87: 71",,,,,,,,,,,,02/06/2026 09:25,10/06/2026 13:54,,,Aizoaceae,Mossia,Mossia,Mossia,,f,f,,,,,,,,,,,,,,,nom. rej.,nom. rej.,,,,,,,,,,,,,30004741-2,Gard. Chron.,urn:lsid:ipni.org:publications:1224-2,1930,1930,,N.E.Br.,gen.,"Gard. Chron. ser. 3, 87: 71. 1930 ",,,,,9,,,,f,t,,,,,,,N.E.Br.@1191-1@1@aut,,,tax. nov.,,1.2,f,mossia,aizoaceaemossia~~~,12,wfo-4000024907,,genus,,,,
urn:lsid:ipni.org:names:77380971-1,Hügel ex Jacques,,,,,,"sér. 2, 1: 351",,,,,,,,,,,,02/06/2026 09:25,02/06/2026 09:25,,,Pittosporaceae,Pronaya,Pronaya,Pronaya,,f,f,,,,,,,,,,,,,,,,,,,,,,,,,,,,,30302583-2,Ann. Fl. Pomone,urn:lsid:ipni.org:publications:6785-2,1843,1843,,Hügel ex Jacques,gen.,"Ann. Fl. Pomone sér. 2, 1: 351. 1843 , nom. illeg. superfl.",", nom. illeg. superfl.",,684278-1,,9,,,,f,t,,,,,,,Hügel@12565-1@1@aut$Jacques@4384-1@2@autEx,,,nom. et stat. nov.,,1.1,f,pronaya,pittosporaceaepronaya~~~,13,wfo-1000066790,,genus,,,,
urn:lsid:ipni.org:names:77380972-1,Unknown,,,,,,6: 264,,,,,,,,,,,,02/06/2026 09:25,02/06/2026 09:25,,,Polygalaceae,Leptrochia,Leptrochia,Leptrochia,,f,f,,,,,,,,,,,,,,,,,,,,,,,,,,,,,30000688-2,Actes Soc. Linn. Bordeaux,urn:lsid:ipni.org:publications:3579-2,1834,1834,,Unknown,gen.,"Actes Soc. Linn. Bordeaux 6: 264. 1834 , nom. rej.",", nom. rej.",,,,6,,,,f,t,,,,,,,Unknown@0-0@1@aut,,,tax. nov.,,1.1,f,leptrochia,polygalaceaeleptrochia~~~,14,wfo-4100006648,,genus,,,,
urn:lsid:ipni.org:names:77380973-1,F.Dietr.,,,,,,9: 654,,,,,,,,,,,,02/06/2026 09:25,02/06/2026 09:25,,,Asteraceae,Wahlenbergia,Wahlenbergia,Wahlenbergia,,f,f,,,,,,,,,,,,,,,,,,,,,,,,,,,,,30000005-2,Nachtr. Vollst. Lex. Gärtn.,urn:lsid:ipni.org:publications:7915-2,1823,1823,,F.Dietr.,gen.,"Nachtr. Vollst. Lex. Gärtn. 9: 654. 1823 , nom. illeg.",", nom. illeg.",,331954-2,,9,,,,f,t,,,,,,,F.Dietr.@2208-1@1@aut,,,nom. nov.,,1.1,f,wahlenbergia,asteraceaewahlenbergia~~~,15,wfo-1200119081,,genus,,,,
urn:lsid:ipni.org:names:77380974-1,Decne. ex Seem.,,,,,,86,,,,,,,,,,,,02/06/2026 09:25,02/06/2026 09:25,,,Melastomataceae,Naudinia,Naudinia,Naudinia,,f,f,,,,,,,,,,,,,,,,,,,,,,,,,,,,,30374374-2,Fl. Vit.,,1866,1866,,Decne. ex Seem.,gen.,"Fl. Vit. 86. 1866 , nom. illeg. homonym. post.",", nom. illeg. homonym. post.",,,,6,,,,f,t,,,,,,,Decne.@2063-1@1@aut$Seem.@9417-1@2@autEx,,,tax. nov.,,1.1,f,naudinia,melastomataceaenaudinia~~~,16,wfo-1200119082,,genus,,,,
urn:lsid:ipni.org:names:77380975-1,F.Dietr.,,,,,,5: 571,,,,,,,,,,,,02/06/2026 09:25,02/06/2026 09:25,,,Actinidiaceae,Parivoa,Parivoa,Parivoa,,f,f,,,,,,,,,,,,,,,,,,,,,,,,,,,,,30005518-2,Nachtr. Vollst. Lex. Gärtn.,urn:lsid:ipni.org:publications:7915-2,1819,1819,,F.Dietr.,gen.,"Nachtr. Vollst. Lex. Gärtn. 5: 571. 1819 , nom. illeg.",", nom. illeg.",,39096-1,,9,,,,f,t,,,,,,,F.Dietr.@2208-1@1@aut,,,nom. nov.,,1.1,f,parivoa,actinidiaceaeparivoa~~~,17,wfo-1200070538,,genus,,,,
urn:lsid:ipni.org:names:77380976-1,T.Post & Kuntze,,,,,,521,,,,,,,,,,,,02/06/2026 09:25,02/06/2026 09:25,,,Gesneriaceae,Sisyrocarpus,Sisyrocarpus,Sisyrocarpus,,f,f,,,,,,,,,,,,,,,,,,,,,,,,,,,,,30000905-2,Lex. Gen. Phan.,,1903,1903,,T.Post & Kuntze,gen.,"Lex. Gen. Phan. 521. 1903 , nom. illeg. superfl.",", nom. illeg. superfl.",,60468220-2,,7,,,,f,t,,,,,,,Kuntze@12634-1@2@aut$T.Post@7880-1@1@aut,,,nom. nov.,,1.1,f,sisyrocarpus,gesneriaceaesisyrocarpus~~~,18,wfo-4000035555,,genus,,,,
urn:lsid:ipni.org:names:77380978-1,(Aubl.) Buc'hoz,Melastomataceae Fothergilla mirabilis Aubl.,(Aubl.),568713-1,,,9,,,,,,,,,,,,02/06/2026 09:25,02/06/2026 09:25,,,Melastomataceae,Lieutautia,Lieutautia,Lieutautia,,f,f,,,,,,,,,,,,,,,,,,,,,,,,,,,,,30374374-2,Pl. Nouv. Decouv.,urn:lsid:ipni.org:publications:14975-2,1779,1779,,Buc'hoz,gen.,Pl. Nouv. Decouv. 9. 1779 ,,,,,11,,,,f,t,,,,,,,Buc'hoz@1254-1@1@aut$Aubl.@327-1@2@bas,,,comb. et stat. nov.,,1.1,f,lieutautia,melastomataceaelieutautia~~~,19,wfo-4000044322,,genus,,,,
urn:lsid:ipni.org:names:77380979-1,J.O.Rudbeck ex Hartm.,,,,,,87,,,,,,,,,,,,02/06/2026 09:25,02/06/2026 09:25,,,Orobanchaceae,Sceptrum,Sceptrum,Sceptrum,,f,f,,,,,,,,,,,,,,,,,,,,,,,,,,,,,30003446-2,Sv. Norsk Exc.-Fl.,,1846,1846,,J.O.Rudbeck ex Hartm.,gen.,Sv. Norsk Exc.-Fl. 87. 1846 ,,,,,6,,,,f,t,,,,,,,Hartm.@3691-1@2@autEx$J.O.Rudbeck@8702-1@1@aut,,,tax. nov.,,1.1,f,sceptrum,orobanchaceaesceptrum~~~,20,wfo-4100002401,,genus,,,,
urn:lsid:ipni.org:names:77380980-1,Manetti ex Kuntze,,,,,,2: 430,,,,,,,,,,,,02/06/2026 09:25,02/06/2026 09:25,,,Gentianaceae,Seguiera,Seguiera,Seguiera,,f,f,,,,,,,,,,,,,,,,,,,,,,,,,,,,,30000253-2,Revis. Gen. Pl.,urn:lsid:ipni.org:publications:1063-2,1891,1891,,Manetti ex Kuntze,gen.,"Revis. Gen. Pl. 2: 430. 1891 , nom. illeg. superfl.",", nom. illeg. superfl.",,16480-1,,9,,,,f,t,,,,,,,Manetti@6058-1@1@aut$Kuntze@12634-1@2@autEx,,,nom. nov.,,1.1,f,seguiera,gentianaceaeseguiera~~~,21,wfo-4100006664,,genus,,,,
urn:lsid:ipni.org:names:77380981-1,K.Koch,,,,,,25: 79,,,,,,,,,,,,02/06/2026 09:25,02/06/2026 09:25,,,Asparagaceae,Pincenectitia,Pincenectitia,Pincenectitia,,f,f,,,,,,,,,,,,,,,,,,,,,,,,,,,,,30275682-2,Berliner Allg. Gartenzeitung,urn:lsid:ipni.org:publications:8989-2,1857,1857,,K.Koch,gen.,"Berliner Allg. Gartenzeitung 25: 79. 1857 , orth. var.",", orth. var.",,,,8,,,,f,t,,,,,,,K.Koch@4899-1@1@aut,,,tax. nov.,,1.1,f,pincenectitia,asparagaceaepincenectitia~~~,22,wfo-4000029769,,genus,,,,
urn:lsid:ipni.org:names:77380982-1,Tratt.,,,,,,n.° 286,,,,,,,,,,,,02/06/2026 09:25,02/06/2026 09:25,,,Scrophulariaceae,Ackermannia,Ackermannia,Ackermannia,,f,f,,,,,,,,,,,,,,,,,,,,,,,,,,,,,30466893-2,Freye Auswahl Pflanzenabbild.,,1816,1816,,Tratt.,gen.,Freye Auswahl Pflanzenabbild. n.° 286. 1816 ,,,,,6,,,,f,t,,,,,,,Tratt.@10793-1@1@aut,,,tax. nov.,,1.1,f,ackermannia,scrophulariaceaeackermannia~~~,23,wfo-4100002325,,genus,,,,
urn:lsid:ipni.org:names:77380983-1,Jacob-Makoy,,,,,,1836: 13,,,,,,,,,,,,02/06/2026 09:25,17/06/2026 13:14,,,Araucariaceae,Altingia,Altingia,Altingia,,f,f,,,,,,,,,,,,,,,,,,,,,,,,,,,,,77126765-1,Nursery Cat. (L.Jacob-Makoy & Co.),urn:lsid:ipni.org:publications:20043827-1,1836,1836,,Jacob-Makoy,gen.,Nursery Cat. (L.Jacob-Makoy & Co.) 1836: 13. ,,,30058753-2,,9,,,,f,t,,,,,,,Jacob-Makoy@4374-1@1@aut,,,nom. nov.,,1.2,f,altingia,araucariaceaealtingia~~~,24,wfo-4100006665,,genus,,,,
urn:lsid:ipni.org:names:77380984-1,A.Rich.,,,,,,5: 189,,,,,,,,,,,,02/06/2026 09:25,02/06/2026 09:25,,,Cupressaceae,Cunninghamia,Cunninghamia,Cunninghamia,,f,f,,,,,,,,,,,,,,,,,,,,,,,,,,,,,77126767-1,Dict. Class. Hist. Nat.,,1824,1824,,A.Rich.,gen.,"Dict. Class. Hist. Nat. 5: 189. 1824 , nom. illeg.",", nom. illeg.",,11624-1,,7,,,,f,t,,,,,,,A.Rich.@8349-1@1@aut,,,nom. nov.,,1.1,f,cunninghamia,cupressaceaecunninghamia~~~,25,wfo-4100006666,,genus,,,,
urn:lsid:ipni.org:names:77380985-1,(A.DC.) T.Post & Kuntze,,(A.DC.),,,,351,,,,,,,,,,,,02/06/2026 09:25,02/06/2026 09:25,,,Primulaceae,Marantoides,Marantoides,Marantoides,,f,f,,,,,,,,,,,,,,,,,,,,,,,,,,,,,77126675-1,Lex. Gen. Phan.,,1903,1903,,T.Post & Kuntze,gen.,"Lex. Gen. Phan. 351. 1903 , nom. illeg. superfl.",", nom. illeg. superfl.",,,,8,,,,f,t,,,,,,,A.DC.@2064-1@3@bas$T.Post@7880-1@1@aut$Kuntze@12634-1@2@aut,,,comb. nov.,,1.1,f,marantoides,primulaceaemarantoides~~~,26,wfo-4000023103,,genus,,,,
urn:lsid:ipni.org:names:77380986-1,"J.D.Mitch., Daly & Randrian.",,,,,,77: 8 of 12,,,,,,,,,,,,02/06/2026 09:25,02/06/2026 09:25,,,Anacardiaceae,Tsiramiramia,Tsiramiramia,Tsiramiramia,,f,f,,,,,,,,,,,,,,,,,,,,,,,,,,,,,30002342-2,Brittonia,urn:lsid:ipni.org:publications:561-2,2025,2025,,"J.D.Mitch., Daly & Randrian.",gen.,Brittonia 77: 8 of 12. 2025 ,,,,,8,,,,f,t,,,,,,,Randrian.@36992-1@3@aut$J.D.Mitch.@36044-1@1@aut$Daly@13395-1@2@aut,,,tax. nov.,,1.1,f,tsiramiramia,anacardiaceaetsiramiramia~~~,27,wfo-4100006366,,genus,,,,
urn:lsid:ipni.org:names:77380987-1,C.Wright ex A.Gray,,,,,,"n.s., 6: 411",,,,,,,,,,,,02/06/2026 09:25,02/06/2026 09:25,,,Orchidaceae,Luisia,Luisia,Luisia,,f,f,,,,,,,,,,,,,,,,,,,,,,,,,,,,,30000046-2,Mem. Amer. Acad. Arts,urn:lsid:ipni.org:publications:1001-2,1859,1859,,C.Wright ex A.Gray,gen.,"Mem. Amer. Acad. Arts n.s., 6: 411. 1859 , nom. nud.",", nom. nud.",,,,8,,,,f,t,,,,,,,C.Wright@13033-1@1@aut$A.Gray@19574-1@2@autEx,,,tax. nov.,,1.1,f,luisia,orchidaceaeluisia~~~,28,wfo-4100003251,,genus,,,,
urn:lsid:ipni.org:names:77380988-1,Turcz.,,,,,,App. 1: 14,,,,,,,,,,,,02/06/2026 09:25,02/06/2026 09:25,,,Salicaceae,Tetracocyne,Tetracocyne,Tetracocyne,,f,f,,,,,,,,,,,,,,,,,,,,,,,,,,,,,30002644-2,Cat. Pl. Herb. Charcov.,urn:lsid:ipni.org:publications:16437-2,1857,1857,,Turcz.,gen.,Cat. Pl. Herb. Charcov. App. 1: 14. 1857 ,,,,,8,,,,f,t,,,,,,,Turcz.@10909-1@1@aut,,,tax. nov.,,1.1,f,tetracocyne,salicaceaetetracocyne~~~,29,wfo-4100006649,,genus,,,,
urn:lsid:ipni.org:names:77380989-1,Tratt.,,,,,,n.° 286,,,,,,,,,,,,02/06/2026 09:25,02/06/2026 09:25,,,Scrophulariaceae,Akkermannia,Akkermannia,Akkermannia,,f,f,,,,,,,,,,,,,,,,,,,,,,,,,,,,,30466893-2,Freye Auswahl Pflanzenabbild.,,1816,1816,,Tratt.,gen.,Freye Auswahl Pflanzenabbild. n.° 286. 1816 ,,,,,6,,,,f,t,,,,,,,Tratt.@10793-1@1@aut,,,tax. nov.,,1.1,f,akkermannia,scrophulariaceaeakkermannia~~~,30,wfo-4100002322,,genus,,,,
urn:lsid:ipni.org:names:77380990-1,Mert. & W.D.J.Koch,,,,,,3: 79,,,,,,,,,,,,02/06/2026 09:25,02/06/2026 09:25,,,Caryophyllaceae,Tunica,Tunica,Tunica,,f,f,,,,,,,,,,,,,,,,,,,,,,,,,,,,,30000815-2,"Deutschl. Fl., ed. 3.",,1831,1831,,Mert. & W.D.J.Koch,gen.,"Deutschl. Fl., ed. 3. 3: 79. 1831 , nom. illeg. homonym. post.",", nom. illeg. homonym. post.",,,,6,,,,f,t,,,,,,,Mert.@6378-1@1@aut$W.D.J.Koch@21570-1@2@aut,,,tax. nov.,,1.1,f,tunica,caryophyllaceaetunica~~~,31,wfo-4100006667,,genus,,,,
urn:lsid:ipni.org:names:77380991-1,Bubani,,,,,,4: 445,,,,,,,,,,,,02/06/2026 09:25,02/06/2026 09:25,,,Selaginellaceae,Lycopodina,Lycopodina,Lycopodina,,f,f,,,,,,,,,,,,,,,,,,,,,,,,,,,,,30003749-2,Fl. Pyren.,,1901,1901,,Bubani,gen.,Fl. Pyren. 4: 445. 1901 ,,,,,6,,,,f,t,,,,,,,Bubani@1238-1@1@aut,,,tax. nov.,,1.1,f,lycopodina,selaginellaceaelycopodina~~~,32,wfo-4100006650,,genus,,,,
urn:lsid:ipni.org:names:77380992-1,W.Bull ex J.Dix,,,,,,1: 564,,,,,,,,,,,,02/06/2026 09:25,02/06/2026 09:25,,,Arecaceae,Citheroxylon,Citheroxylon,Citheroxylon,,f,f,,,,,,,,,,,,,,,,,,,,,,,,,,,,,30000211-2,Proc. Roy. Hort. Soc. London,urn:lsid:ipni.org:publications:9599-2,1861,1861,,W.Bull ex J.Dix,gen.,Proc. Roy. Hort. Soc. London 1: 564. 1861 ,,,,,8,,,,f,t,,,,,,,W.Bull@1279-1@1@aut$J.Dix@20048375-1@2@autEx,,,tax. nov.,,1.1,f,citheroxylon,arecaceaecitheroxylon~~~,33,wfo-4100002203,,genus,,,,
urn:lsid:ipni.org:names:77380993-1,Voss,,,,,,1: 559,,,,,,,,,,,,02/06/2026 09:25,02/06/2026 09:25,,,Goodeniaceae,Goodenoughia,Goodenoughia,Goodenoughia,,f,f,,,,,,,,,,,,,,,,,,,,,,,,,,,,,77126671-1,"Vilm. Blumengärtn., ed. 3.",urn:lsid:ipni.org:publications:1400-2,1894,1894,,Voss,gen.,"Vilm. Blumengärtn., ed. 3. 1: 559. 1894 , nom. illeg. superfl.",", nom. illeg. superfl.",,115949-3,,9,,,,f,t,,,,,,,Voss@11267-1@1@aut,,,nom. nov.,,1.1,f,goodenoughia,goodeniaceaegoodenoughia~~~,34,wfo-1200074163,,genus,,,,
urn:lsid:ipni.org:names:77380994-1,Rupr. ex E.Fourn.,,,,,,2: 69,,,,,,,,,,,,02/06/2026 09:50,02/06/2026 09:50,,,Poaceae,Tripsacum lanceolatum,Tripsacum lanceolatum,Tripsacum,,f,f,,,,,,,,,,,,,,,,,,,,,,,,,,,,,19206-1,Mexic. Pl.,urn:lsid:ipni.org:publications:1136-2,1886,1886,,Rupr. ex E.Fourn.,spec.,Mexic. Pl. 2: 69. 1886 ,,,,,8,lanceolatum,,,f,t,,,,,,,E.Fourn.@2857-1@2@autEx$Rupr.@12802-1@1@aut,,,tax. nov.,425003-1,1.1,f,tripsacum~lanceolatum,poaceaetripsacum~lanceolatum~,35,wfo-0000904831,,species,,,,
urn:lsid:ipni.org:names:77380995-1,Kolan. & Szlach.,,,,,,64-65: 2,,9,,9,,S22/09,2022,,M.Suarez et al.,,,02/06/2026 10:14,02/06/2026 10:14,"Colombia (Western South America, Southern America)",,Orchidaceae,Brachionidium ramiro-medinae,Brachionidium ramiro-medinae,Brachionidium,,f,f,,,,,,,,,,,"Nariño/Putumayo departments limit, path leading to Paramo Bordoncillo, 3160 m",,,,,,,,,,,,,,,,,,28862-1,Phyton (Horn),urn:lsid:ipni.org:publications:2721-2,2025,2025 [28 Aug 2025],[28 Aug 2025],Kolan. & Szlach.,spec.,Phyton (Horn) 64-65: 2. 2025 [28 Aug 2025] ,,"Etymology: 'Dedicated to Ramiro Medina-Trejo, orchid enthusiast'.",,,11,ramiro-medinae,,,f,t,,holotype JAUM,,,,,Kolan.@20019471-1@1@aut$Szlach.@35457-1@2@aut,,,tax. nov.,,1.1,f,brachionidium~ramiro-medinae,orchidaceaebrachionidium~ramiro-medinae~,36,wfo-1000090715,,species,,,,
urn:lsid:ipni.org:names:77380996-1,Presser,,,,,,42(2): 27,,22,,4,,,2014,,Helmut Presser,,,02/06/2026 10:15,02/06/2026 10:15,"Portugal (Southwestern Europe, Europe)",,Orchidaceae,Anacamptis pyramidalis subsp. lusitanica,Anacamptis pyramidalis subsp. lusitanica,Anacamptis,,f,f,,,,,lusitanica,,,,,,"Algarve, NE Bensafrim, ca. 30 m",,,,,,,,,,,,,,,,,,615773-1,Ber. Arbeitskreis. Heimische Orchid.,urn:lsid:ipni.org:publications:20000083-1,2026,2026 [15 Apr 2026],[15 Apr 2026],Presser,subsp.,Ber. Arbeitskreis. Heimische Orchid. 42(2): 27. 2026 [15 Apr 2026] ,,Etymology: 'The subspecies is named after its known occurence in Portugal'.,,,10,pyramidalis,(L.) Rich.,,f,t,,holotype M,,,,,Presser@39162-1@1@aut,Rich.@8350-1@1@aut$L.@12653-1@2@bas,,tax. nov.,,1.1,f,anacamptis~pyramidalislusitanica,orchidaceaeanacamptis~pyramidalislusitanica,37,wfo-1200118991,,subspecies,,,,
urn:lsid:ipni.org:names:77380997-1,G.C.Kenn.,,,,,,42: 116,,,,,,,,,,,,02/06/2026 10:25,02/06/2026 10:25,,,Orchidaceae,× Clowesetum,× Clowesetum,Clowesetum,,t,t,"29067-1,30000124-2",(Clowesia Lindl. × Catasetum Rich. ex Kunth),,,,,,,,,,,,,,,,,,,,,,,,,,,30000046-2,Orchid Digest,urn:lsid:ipni.org:publications:2677-2,1978,1978,,G.C.Kenn.,gen.,Orchid Digest 42: 116. 1978 ,,,,,8,,,,f,t,,,,,,,G.C.Kenn.@12475-1@1@aut,,,tax. nov.,,1.1,f,clowesetum,orchidaceaeclowesetum~~~,38,wfo-4100003074,,genus,,,,
urn:lsid:ipni.org:names:77380998-1,"Jenny, F.W.Paget & G.A.Romero",,,,,,107: 112,,,,,,,,,,,,02/06/2026 10:31,02/06/2026 10:31,,,Orchidaceae,× Catawesia,× Catawesia,Catawesia,,t,t,"29067-1,30000124-2",(Clowesia Lindl. × Catasetum Rich. ex Kunth),,,,,,,,,,,,,nom. inval.,,nom. inval.,,,,,,,,,,,,30000046-2,Orchidophile (Paris),urn:lsid:ipni.org:publications:14744-2,1993,1993,,"Jenny, F.W.Paget & G.A.Romero",gen.,Orchidophile (Paris) 107: 112. 1993 ,,,,,9,,,,f,t,,,,,,,F.W.Paget@20099044-1@2@aut$Jenny@20961-1@1@aut$G.A.Romero@14923-1@3@aut,,,tax. nov.,,1.2,f,catawesia,orchidaceaecatawesia~~~,39,wfo-4100003075,,genus,,,,
urn:lsid:ipni.org:names:77381000-1,"Hong Q.Zhang, S.R.Yi & Y.P.Chen",,,,,,71(2): 355,,,,,,YSR3402,,,S.R.Yi et al.,,,02/06/2026 10:56,02/06/2026 10:56,"Shaanxi (China North-Central, China, Asia-Temperate);Sichuan (China South-Central, China, Asia-Temperate);",E,Lamiaceae,Paraphlomis dabashanensis,Paraphlomis dabashanensis,Paraphlomis,,f,f,,,,,,,,32,4,22,"Sichuan: Wanyuan City, Dazhu Town, Miaoziya, 1560 m",108,21,32,,,,,,N,,,,,,,,,21097-1,Taiwania,urn:lsid:ipni.org:publications:2979-2,2026,2026 [13 Apr 2026],[13 Apr 2026],"Hong Q.Zhang, S.R.Yi & Y.P.Chen",spec.,Taiwania 71(2): 355. 2026 [13 Apr 2026] ,,doi:10.6165/tai.2026.71.350 Etymology: the specific epithet is named for the type locality.,,,11,dabashanensis,,,f,t,,holotype KUN;isotype CGMC;isotype K;isotype KUN;isotype P,,,,,Hong Q.Zhang@20099045-1@1@aut$Y.P.Chen@20025388-1@3@aut$S.R.Yi@20016873-1@2@aut,,,tax. nov.,,1.1,f,paraphlomis~dabashanensis,lamiaceaeparaphlomis~dabashanensis~,40,wfo-1000090716,,species,,,,
urn:lsid:ipni.org:names:77381001-1,(Pojark.) Businský,Rosaceae Spiraea tianschanica Pojark.,(Pojark.),742571-1,,,64-65: 53,,,,,,,,,,,,02/06/2026 10:57,02/06/2026 11:29,,,Rosaceae,Spiraea alpina var. tianschanica,Spiraea alpina var. tianschanica,Spiraea,,f,f,,,,,tianschanica,,,,,,,,,,,,,,,,,,,,,,,,326985-2,Phyton (Horn),urn:lsid:ipni.org:publications:2721-2,2025,2025 [30 Dec 2025],[30 Dec 2025],Businský,var.,Phyton (Horn) 64-65: 53. 2025 [30 Dec 2025] ,,,,,11,alpina,Pall.,,f,t,,,,,,,Businský@14631-1@1@aut$Pojark.@7800-1@2@bas,Pall.@7276-1@1@aut,,comb. et stat. nov.,,1.2,f,spiraea~alpinatianschanica,rosaceaespiraea~alpinatianschanica,41,wfo-1200118992,,variety,,,,
urn:lsid:ipni.org:names:77381002-1,(Rehder) Businský,Rosaceae Spiraea laeta Rehder,(Rehder),742334-1,,,64-65: 53,,,,,,,,,,,,02/06/2026 11:30,02/06/2026 11:30,,,Rosaceae,Spiraea anomala var. laeta,Spiraea anomala var. laeta,Spiraea,,f,f,,,,,laeta,,,,,,,,,,,,,,,,,,,,,,,,742094-1,Phyton (Horn),urn:lsid:ipni.org:publications:2721-2,2025,2025 [30 Dec 2025],[30 Dec 2025],Businský,var.,Phyton (Horn) 64-65: 53. 2025 [30 Dec 2025] ,,,,,11,anomala,Batalin,,f,t,,,,,,,Rehder@8242-1@2@bas$Businský@14631-1@1@aut,Batalin@535-1@1@aut,,comb. et stat. nov.,,1.1,f,spiraea~anomalalaeta,rosaceaespiraea~anomalalaeta,42,wfo-1200118993,,variety,,,,
urn:lsid:ipni.org:names:77381003-1,"C.C.Wang, W.Yu Wang & C.K.Yang",,,,,,71(2): 359,,9,,2,,711,2011,,W.Y.Wang &amp; C.K.Yang,,,02/06/2026 11:34,02/06/2026 11:34,"Taiwan (Eastern Asia, Asia-Temperate)",E,Symplocaceae,Symplocos jinshueiyingensis,Symplocos jinshueiyingensis,Symplocos,,f,f,,,,,,,,24,24,27,"Pingtung Hsien: Chunri Township, Jin-shuei-ying Major Wildlife Habitat, ca. 1450 m",120,46,20,,,,,,N,,,,,,,,,327989-2,Taiwania,urn:lsid:ipni.org:publications:2979-2,2026,2026 [14 Apr 2026],[14 Apr 2026],"C.C.Wang, W.Yu Wang & C.K.Yang",spec.,Taiwania 71(2): 359. 2026 [14 Apr 2026] ,,doi:10.6165/tai.2026.71.359 Etymology: the specific epithet is named for the type locality.,,,11,jinshueiyingensis,,,f,t,,holotype PPI;isotype HAST;isotype PPI;isotype TAI;isotype TAIF;isotype TNM;isotype TNU,,,,,C.C.Wang@20014966-2@1@aut$C.K.Yang@20099046-1@3@aut$W.Yu Wang@20062954-1@2@aut,,,tax. nov.,,1.1,f,symplocos~jinshueiyingensis,symplocaceaesymplocos~jinshueiyingensis~,43,wfo-1000090717,,species,,,,
urn:lsid:ipni.org:names:77381004-1,"D.Nakano, Paing & Nob.Tanaka",,,,,,71(2): 366,,2,,6,,31,2025,,Chit Soe Paing,,,02/06/2026 11:42,02/06/2026 11:42,"Myanmar (Indo-China, Asia-Tropical)",E,Zingiberaceae,Globba karenensis,Globba karenensis,Globba,,f,f,,,,,,,,16,58,9,"Kayin State: Phaungdawoo mountain range, Tilon San Pya Village, Hlaingbwe Township, Hpa-an District",97,47,44,,,,,,N,,,,,,,,,37273-1,Taiwania,urn:lsid:ipni.org:publications:2979-2,2026,2026 [15 Apr 2026],[15 Apr 2026],"D.Nakano, Paing & Nob.Tanaka",spec.,Taiwania 71(2): 366. 2026 [15 Apr 2026] ,,doi:10.6165/tai.2026.71.365 Etymology: the specific epithet is named for the type locality.,,,11,karenensis,,,f,t,,holotype RAF;isotype TNS,,,,,D.Nakano@20099047-1@1@aut$Nob.Tanaka@39184-1@3@aut$Paing@20074831-1@2@aut,,,tax. nov.,,1.1,f,globba~karenensis,zingiberaceaeglobba~karenensis~,44,wfo-1000090718,,species,,,,
urn:lsid:ipni.org:names:77381005-1,"D.Nakano, Paing, Thwin & Nob.Tanaka",,,,,,71(2): 369,,9,,9,,52,2025,,C.S.Paing &amp; W.M.Thwin,,,02/06/2026 11:48,02/06/2026 11:48,"Myanmar (Indo-China, Asia-Tropical)",E,Zingiberaceae,Globba winyawensis,Globba winyawensis,Globba,,f,f,,,,,,,,16,1,52,"Kayin State: Kyats Ta Nyin Cave, Kwooprai Taung, Twee Maung Hto village, near the Winyaw River, Kyarinnseikkyi Township, Kyarinnseikkyi District",97,58,32,,,,,,N,,,,,,,,,37273-1,Taiwania,urn:lsid:ipni.org:publications:2979-2,2026,2026 [15 Apr 2026],[15 Apr 2026],"D.Nakano, Paing, Thwin & Nob.Tanaka",spec.,Taiwania 71(2): 369. 2026 [15 Apr 2026] ,,"doi:10.6165/tai.2026.71.365 Etymology: the specific epithet is named for the Winyaw River, which borders the Kyats Ta Nyin Cave, where this species was discovered.",,,11,winyawensis,,,f,t,,holotype RAF;isotype TNS TNS01395547,,,,,Nob.Tanaka@39184-1@4@aut$D.Nakano@20099047-1@1@aut$Paing@20074831-1@2@aut$Thwin@20099048-1@3@aut,,,tax. nov.,,1.1,f,globba~winyawensis,zingiberaceaeglobba~winyawensis~,45,wfo-1000090719,,species,,,,
urn:lsid:ipni.org:names:77381006-1,"C.R.Lin, Y.H.Tong & Y.Q.Li",,,,,,71(2): 390,,12,,10,,2038,2024,,Yuan Qiu Li &amp; Chun-Rui Lin,,,02/06/2026 11:54,02/06/2026 11:54,"Guangdong (China Southeast, China, Asia-Temperate)",,Convallariaceae,Aspidistra huashuishanensis,Aspidistra huashuishanensis,Aspidistra,,f,f,,,,,,,,,,,"Yingde City, Huashuishan City-level Nature Reserve, ca. 280 m",,,,,,,,,,,,,,,,,,24019-1,Taiwania,urn:lsid:ipni.org:publications:2979-2,2026,2026 [20 Apr 2026],[20 Apr 2026],"C.R.Lin, Y.H.Tong & Y.Q.Li",spec.,Taiwania 71(2): 390. 2026 [20 Apr 2026] ,,doi:0.6165/tai.2026.71.390,,,11,huashuishanensis,,,f,t,,holotype IBK;isotype ISBC,,,,,C.R.Lin@20015972-1@1@aut$Y.H.Tong@20023078-1@2@aut$Y.Q.Li@20045123-1@3@aut,,,tax. nov.,,1.1,f,aspidistra~huashuishanensis,convallariaceaeaspidistra~huashuishanensis~,46,wfo-1000090720,,species,,,,
urn:lsid:ipni.org:names:77381007-1,(Liou) Businský,Rosaceae Spiraea chailarensis Liou,(Liou),742168-1,,,64-65: 54,,,,,,,,,,,,02/06/2026 11:56,02/06/2026 11:56,,,Rosaceae,Spiraea aquilegiifolia var. chailarensis,Spiraea aquilegiifolia var. chailarensis,Spiraea,,f,f,,,,,chailarensis,,,,,,,,,,,,,,,,,,,,,,,,742095-1,Phyton (Horn),urn:lsid:ipni.org:publications:2721-2,2025,2025 [30 Dec 2025],[30 Dec 2025],Businský,var.,Phyton (Horn) 64-65: 54. 2025 [30 Dec 2025] ,,,,,11,aquilegiifolia,Pall.,,f,t,,,,,,,Businský@14631-1@1@aut$Liou@5643-1@2@bas,Pall.@7276-1@1@aut,,comb. et stat. nov.,,1.1,f,spiraea~aquilegiifoliachailarensis,rosaceaespiraea~aquilegiifoliachailarensis,47,wfo-1200118994,,variety,,,,
urn:lsid:ipni.org:names:77381008-1,(C.K.Schneid.) Businský,Rosaceae Spiraea beauverdiana C.K.Schneid. var. stevenii C.K.Schneid.,(C.K.Schneid.),242383-2,,,64-65: 54,,,,,,,,,,,,02/06/2026 11:58,02/06/2026 11:58,,,Rosaceae,Spiraea betulifolia var. stevenii,Spiraea betulifolia var. stevenii,Spiraea,,f,f,,,,,stevenii,,,,,,,,,,,,,,,,,,,,,,,,742129-1,Phyton (Horn),urn:lsid:ipni.org:publications:2721-2,2025,2025 [30 Dec 2025],[30 Dec 2025],Businský,var.,Phyton (Horn) 64-65: 54. 2025 [30 Dec 2025] ,,,,,11,betulifolia,Pall.,,f,t,,,,,,,Businský@14631-1@1@aut$C.K.Schneid.@9189-1@2@bas,Pall.@7276-1@1@aut,,comb. nov.,,1.1,f,spiraea~betulifoliastevenii,rosaceaespiraea~betulifoliastevenii,48,wfo-1200119083,,variety,,,,
urn:lsid:ipni.org:names:77381009-1,(Franch.) Businský,Rosaceae Spiraea pilosa Franch.,(Franch.),742456-1,,,64-65: 54,,,,,,,,,,,,02/06/2026 12:00,02/06/2026 12:00,,,Rosaceae,Spiraea brahuica var. pilosa,Spiraea brahuica var. pilosa,Spiraea,,f,f,,,,,pilosa,,,,,,,,,,,,,,,,,,,,,,,,742143-1,Phyton (Horn),urn:lsid:ipni.org:publications:2721-2,2025,2025 [30 Dec 2025],[30 Dec 2025],Businský,var.,Phyton (Horn) 64-65: 54. 2025 [30 Dec 2025] ,,,,,11,brahuica,Boiss.,,f,t,,,,,,,Franch.@2869-1@2@bas$Businský@14631-1@1@aut,Boiss.@16284-1@1@aut,,comb. et stat. nov.,,1.1,f,spiraea~brahuicapilosa,rosaceaespiraea~brahuicapilosa,49,wfo-1200118995,,variety,,,,
urn:lsid:ipni.org:names:77381010-1,"Kishwan, Thackeray & N.V.Page",,,,,,71(2): 395,,22,,8,,25822,2025,,N.V.Page &amp; S.Kishwan,,,02/06/2026 12:02,02/06/2026 12:02,"Arunachal Pradesh (East Himalaya, Indian Subcontinent, Asia-Tropical)",,Gesneriaceae,Henckelia flaviflora,Henckelia flaviflora,Henckelia,,f,f,,,,,,,,,,,"Kamle District, Between Raga and Daporijo",,,,,,,,,,,,,,,,,,17054-1,Taiwania,urn:lsid:ipni.org:publications:2979-2,2026,2026 [22 Apr 2026],[22 Apr 2026],"Kishwan, Thackeray & N.V.Page",spec.,Taiwania 71(2): 395. 2026 [22 Apr 2026] ,,doi:10.6165/tai.2026.71.394 Etymology: the specific epithet refers to the yellow flowers possessed by this species.,,,11,flaviflora,,,f,t,,holotype BSD;isotype DD,,,,,Kishwan@20063838-1@1@aut$N.V.Page@20025251-1@3@aut$Thackeray@20083908-1@2@aut,,,tax. nov.,,1.1,f,henckelia~flaviflora,gesneriaceaehenckelia~flaviflora~,50,wfo-1000090721,,species,,,,
urn:lsid:ipni.org:names:77381011-1,"Kishwan, Thackeray & N.V.Page",,,,,,71(2): 398,,26,,8,,25826,2025,,N.V.Page &amp; S.Kishwan,,,02/06/2026 12:04,02/06/2026 12:04,"Arunachal Pradesh (East Himalaya, Indian Subcontinent, Asia-Tropical)",,Gesneriaceae,Henckelia siyomensis,Henckelia siyomensis,Henckelia,,f,f,,,,,,,,,,,"Shi-Yomi District, Near Tato",,,,,,,,,,,,,,,,,,17054-1,Taiwania,urn:lsid:ipni.org:publications:2979-2,2026,2026 [22 Apr 2026],[22 Apr 2026],"Kishwan, Thackeray & N.V.Page",spec.,Taiwania 71(2): 398. 2026 [22 Apr 2026] ,,doi:10.6165/tai.2026.71.394 Etymology: the specific epithet is named for the type locality.,,,11,siyomensis,,,f,t,,holotype BSD;isotype DD26 08,,,,,Thackeray@20083908-1@2@aut$Kishwan@20063838-1@1@aut$N.V.Page@20025251-1@3@aut,,,tax. nov.,,1.1,f,henckelia~siyomensis,gesneriaceaehenckelia~siyomensis~,51,wfo-1000090722,,species,,,,
urn:lsid:ipni.org:names:77381012-1,"Mustaqim, J.Champ., Yudistira & Schuit.",,,,,,28: 130,,4,,4,,s.n.,2024,,J.Champion,,,02/06/2026 12:05,02/06/2026 15:07,"Sumatera (Malesia, Asia-Tropical)",,Orchidaceae,Bulbophyllum tenuilabium,Bulbophyllum tenuilabium,Bulbophyllum,,f,f,,,,,,,,,,,"Sumatra: Aceh Province, northern Gayo Plateau",,,,,,,,,,,,,,,,,,325894-2,Malesian Orchid J.,urn:lsid:ipni.org:publications:20010139-1,2026,2026 [2 Mar 2026],[2 Mar 2026],"Mustaqim, J.Champ., Yudistira & Schuit.",spec.,Malesian Orchid J. 28: 130. 2026 [2 Mar 2026] ,,"[english] Etymology: the specific epithet is from the Latin tenuis = slender, and labium = lip, in reference to the long, thin apical half of the lip.",,,11,tenuilabium,,,f,t,,holotype UIDEP,,Type specimen collected from cultivated plants.,,,Yudistira@20045086-1@3@aut$J.Champ.@20033436-1@2@aut$Mustaqim@20043161-1@1@aut$Schuit.@26386-1@4@aut,,,tax. nov.,,1.4,f,bulbophyllum~tenuilabium,orchidaceaebulbophyllum~tenuilabium~,52,wfo-1000090723,,species,,,,
urn:lsid:ipni.org:names:77381013-1,(Businský) Businský,Rosaceae Spiraea turczaninowii Businský,(Businský),77195706-1,,,64-65: 54,,,,,,,,,,,,02/06/2026 13:00,02/06/2026 13:00,,,Rosaceae,Spiraea hirsuta var. turczaninowii,Spiraea hirsuta var. turczaninowii,Spiraea,,f,f,,,,,turczaninowii,,,,,,,,,,,,,,,,,,,,,,,,742292-1,Phyton (Horn),urn:lsid:ipni.org:publications:2721-2,2025,2025 [30 Dec 2025],[30 Dec 2025],Businský,var.,Phyton (Horn) 64-65: 54. 2025 [30 Dec 2025] ,,,,,11,hirsuta,Schneid.,,f,t,,,,,,,Businský@14631-1@1@aut$Businský@14631-1@2@bas,Schneid.@0-0@1@aut,,comb. et stat. nov.,,1.1,f,spiraea~hirsutaturczaninowii,rosaceaespiraea~hirsutaturczaninowii,53,wfo-1200118996,,variety,,,,
urn:lsid:ipni.org:names:77381014-1,Businský,,,,,,64-65: 56,,24,,7,,2460,1926,,A.H.Brinkman,,,02/06/2026 13:10,02/06/2026 13:10,"Alberta (Western Canada, Northern America)",,Rosaceae,Spiraea × exspectata,Spiraea × exspectata,Spiraea,,t,f,"30043519-2,242426-2",(Spiraea alba Du Roi × Spiraea lucida Douglas ex Greene),,,,,,,,,"Stettler District, Stettler",,,,,,,,,,,,,,,,,,325874-2,Phyton (Horn),urn:lsid:ipni.org:publications:2721-2,2025,2025 [30 Dec 2025],[30 Dec 2025],Businský,spec.,Phyton (Horn) 64-65: 56. 2025 [30 Dec 2025] ,,,,,11,exspectata,,,f,t,,holotype US 03692144,,,,,Businský@14631-1@1@aut,,,tax. nov.,,1.1,f,spiraea~exspectata,rosaceaespiraea~exspectata~,54,wfo-1000090724,,species,,,,
urn:lsid:ipni.org:names:77381015-1,Businský,,,,,,64-65: 58,,,,6,,,1906,,K.Maly,,,02/06/2026 13:24,02/06/2026 13:24,"Bosnia-Herzegovina (Yugoslavia, Southeastern Europe, Europe)",,Rosaceae,Spiraea × mollissima,Spiraea × mollissima,Spiraea,,t,f,"742368-1,742157-1",(Spiraea media F.Schmidt × Spiraea cana Waldst. & Kit.),,,,,,,,,"Bosnia: Mount Lipovac (Starigrad) between Sarajevo and Pale, 700-900 m",,,,,,,,,,,,,,,,,,325874-2,Phyton (Horn),urn:lsid:ipni.org:publications:2721-2,2025,2025 [30 Dec 2025],[30 Dec 2025],Businský,spec.,Phyton (Horn) 64-65: 58. 2025 [30 Dec 2025] ,,,,,10,mollissima,,,f,t,,holotype P P03242989;isotype E;isotype LY;isotype O;isotype P;isotype PRC,,,,,Businský@14631-1@1@aut,,,tax. nov.,,1.1,f,spiraea~mollissima,rosaceaespiraea~mollissima~,55,wfo-1000090725,,species,,,,
urn:lsid:ipni.org:names:77381016-1,Businský,,,,,,64-65: 58,,23,,7,,43406,1996,,E.L.Businský &amp; R.Businský,,,02/06/2026 13:55,02/06/2026 13:55,"Sichuan (China South-Central, China, Asia-Temperate);Yunnan (China South-Central, China, Asia-Temperate);",E,Rosaceae,Spiraea × chionobia,Spiraea × chionobia,Spiraea,,t,f,"742340-1,742519-1",(Spiraea lasiocarpa Kar. & Kir. × Spiraea schneideriana Rehder),,,,,,27,51,20,"Yunnan: Diqing Prefect., Zhongdian, 3450 m",99,41,30,,,,,,N,,,,,,,,,325874-2,Phyton (Horn),urn:lsid:ipni.org:publications:2721-2,2025,2025 [30 Dec 2025],[30 Dec 2025],Businský,spec.,Phyton (Horn) 64-65: 58. 2025 [30 Dec 2025] ,,,,,11,chionobia,,,f,t,,"holotype PR PR1017314;isotype PR PR1017312, PR1017313",,,,,Businský@14631-1@1@aut,,,tax. nov.,,1.1,f,spiraea~chionobia,rosaceaespiraea~chionobia~,56,wfo-1000090726,,species,,,,
urn:lsid:ipni.org:names:77381017-1,J.M.H.Shaw,,,,,,8(2): 19,,,,,,s.n.,,,J.Shaw,,,02/06/2026 14:20,02/06/2026 14:20,,,Araceae,Arum × porcellii,Arum × porcellii,Arum,,t,f,"85975-1,86101-1",(Arum creticum Boiss. & Heldr. × Arum palaestinum Boiss.),,,,,,,,,,,,,,,,,,,,,,,,,,,328149-2,Pl. Rev.,urn:lsid:ipni.org:publications:20026899-1,2026,2026 [Jun 2026],[Jun 2026],J.M.H.Shaw,spec.,Pl. Rev. 8(2): 19. 2026 [Jun 2026] ,,Etymology: For Italian bulb enthusiast Angelo Porcelli.,,,10,porcellii,,,f,t,,holotype WSY WSY0189170,,Cultivated.,,,J.M.H.Shaw@37303-1@1@aut,,,tax. nov.,,1.1,f,arum~porcellii,araceaearum~porcellii~,57,wfo-1000090727,,species,,,,
urn:lsid:ipni.org:names:77381018-1,Lam.,,,,,,1(2): 746,,,,,,,,,,,,02/06/2026 14:20,02/06/2026 16:26,,,Brassicaceae,Brassica asperifolia var. sylvestris,Brassica asperifolia var. sylvestris,Brassica,,f,f,,,,,sylvestris,,,,,,,,,,,,,,,,,,,,,,,,279237-1,Encycl.,urn:lsid:ipni.org:publications:906-2,1785,1785 [1 Aug 1785],[1 Aug 1785],Lam.,var.,Encycl. 1(2): 746. 1785 [1 Aug 1785] ,,,,,8,asperifolia,Lam.,,f,t,,,,,,,Lam.@5227-1@1@aut,Lam.@0-0@1@aut,,tax. nov.,,1.1.1.3,f,brassica~asperifoliasylvestris,brassicaceaebrassica~asperifoliasylvestris,58,wfo-1200109150,,variety,,,,
urn:lsid:ipni.org:names:77381019-1,(Lam.) Stokes,Brassicaceae Brassica asperifolia Lam. var. sylvestris Lam.,(Lam.),77381018-1,,,3: 479,,,,,,,,,,,,02/06/2026 14:25,03/06/2026 10:02,,,Brassicaceae,Sinapis rapa var. sylvestris,Sinapis rapa var. sylvestris,Sinapis,,f,f,,,,,sylvestris,,,,,,,,,,,,,,,,,,,,,,,null:,289067-1,Bot. Mat. Med.,urn:lsid:ipni.org:publications:5331-2,1812,1812,,Stokes,var.,Bot. Mat. Med. 3: 479. 1812 ,,,,,11,rapa,Brot.,,f,t,,,,,,,Stokes@10165-1@1@aut$Lam.@5227-1@2@bas,Brot.@0-0@1@aut,,comb. nov.,,1.3,f,sinapis~rapasylvestris,brassicaceaesinapis~rapasylvestris,59,wfo-1200118997,,variety,,,,
urn:lsid:ipni.org:names:77381020-1,(Mill.) Stokes,Brassicaceae Rapa oblonga Mill.,(Mill.),288386-1,,,3: 479,,,,,,,,,,,,02/06/2026 14:27,03/06/2026 10:04,,,Brassicaceae,Sinapis rapa var. oblonga,Sinapis rapa var. oblonga,Sinapis,,f,f,,,,,oblonga,,,,,,,,,,,,,,,,,,,,,,,null:,289067-1,Bot. Mat. Med.,urn:lsid:ipni.org:publications:5331-2,1812,1812,,Stokes,var.,Bot. Mat. Med. 3: 479. 1812 ,,,,,11,rapa,Brot.,,f,t,,,,,,,Mill.@6485-1@2@bas$Stokes@10165-1@1@aut,Brot.@0-0@1@aut,,comb. et stat. nov.,,1.3,f,sinapis~rapaoblonga,brassicaceaesinapis~rapaoblonga,60,wfo-1200118998,,variety,,,,
urn:lsid:ipni.org:names:77381021-1,Stokes,,,,,,3: 480,,,,,,,,,,,,02/06/2026 14:29,03/06/2026 10:07,,,Brassicaceae,Sinapis rapa var. rotunda,Sinapis rapa var. rotunda,Sinapis,,f,f,,,,,rotunda,,,,,,,,,,,,,,,,,,,,,,,,289067-1,Bot. Mat. Med.,urn:lsid:ipni.org:publications:5331-2,1812,1812,,Stokes,var.,Bot. Mat. Med. 3: 480. 1812 ,,,,,8,rapa,Brot.,,f,t,,,,,,,Stokes@10165-1@1@aut,Brot.@0-0@1@aut,,tax. nov.,,1.3,f,sinapis~raparotunda,brassicaceaesinapis~raparotunda,61,wfo-1200118999,,variety,,,,
urn:lsid:ipni.org:names:77381022-1,(Weston) Dawn Edwards,Lamiaceae Hyssopus officinalis L. var. albus Weston,(Weston),77279875-1,,,8(2): 62,,,,,,,,,,,,02/06/2026 14:40,02/06/2026 14:40,,,Lamiaceae,Dracocephalum officinale f. album,Dracocephalum officinale f. album,Dracocephalum,,f,f,,,,,album,,,,,,,,,,,,,,,,,,,,,,,,77333318-1,Pl. Rev.,urn:lsid:ipni.org:publications:20026899-1,2026,2026 [Jun 2026],[Jun 2026],Dawn Edwards,f.,Pl. Rev. 8(2): 62. 2026 [Jun 2026] ,,,,,11,officinale,(L.) Y.P.Chen & B.T.Drew,,f,t,,,,,,,Weston@11592-1@2@bas$Dawn Edwards@20027386-1@1@aut,Y.P.Chen@20025388-1@1@aut$B.T.Drew@20012632-2@2@aut$L.@12653-1@3@bas,,comb. et stat. nov.,,1.1,f,dracocephalum~officinalealbum,lamiaceaedracocephalum~officinalealbum,62,wfo-1200119000,,form,,,,
urn:lsid:ipni.org:names:77381023-1,(Godr.) Dawn Edwards,Lamiaceae Hyssopus aristatus Godr.,(Godr.),448483-1,,,8(2): 62,,,,,,,,,,,,02/06/2026 14:42,02/06/2026 14:42,,,Lamiaceae,Dracocephalum officinale subsp. aristatum,Dracocephalum officinale subsp. aristatum,Dracocephalum,,f,f,,,,,aristatum,,,,,,,,,,,,,,,,,,,,,,,,77333318-1,Pl. Rev.,urn:lsid:ipni.org:publications:20026899-1,2026,2026 [Jun 2026],[Jun 2026],Dawn Edwards,subsp.,Pl. Rev. 8(2): 62. 2026 [Jun 2026] ,,,,,11,officinale,(L.) Y.P.Chen & B.T.Drew,,f,t,,,,,,,Dawn Edwards@20027386-1@1@aut$Godr.@3218-1@2@bas,L.@12653-1@3@bas$B.T.Drew@20012632-2@2@aut$Y.P.Chen@20025388-1@1@aut,,comb. et stat. nov.,,1.1,f,dracocephalum~officinalearistatum,lamiaceaedracocephalum~officinalearistatum,63,wfo-1200119001,,subspecies,,,,
urn:lsid:ipni.org:names:77381024-1,DC.,,,,,,2: 592,,,,,,,,,,,,02/06/2026 15:22,03/06/2026 10:11,,,Brassicaceae,Brassica napus [infrasp.unranked] esculenta,Brassica napus [infrasp.unranked] esculenta,Brassica,,f,f,,,,,esculenta,,,,,,,,,,,,,,,,,,,,,,,,279419-1,Syst. Nat.,urn:lsid:ipni.org:publications:8273-2,1821,1821 [late May 1821],[late May 1821],DC.,[infrasp.unranked],Syst. Nat. 2: 592. 1821 [late May 1821] ,,,,,8,napus,L.,,f,t,,,,,,,DC.@16855-1@1@aut,L.@0-0@1@aut,,tax. nov.,,1.1.1.2,f,brassica~napusesculenta,brassicaceaebrassica~napusesculenta,64,wfo-0000571283,1,unranked,,,,
urn:lsid:ipni.org:names:77381025-1,(D.E.Schnell) Mellich. & Trexler,Sarraceniaceae Sarracenia rubra Walter subsp. wherryi D.E.Schnell,(D.E.Schnell),1039726-2,,,55(2): 76,,,,,,,,,,,,02/06/2026 15:26,02/06/2026 15:26,,,Sarraceniaceae,Sarracenia wherryi,Sarracenia wherryi,Sarracenia,,f,f,,,,,,,,,,,,,,,,,,,,,,,,,,,,,30020496-2,Carniv. Pl. Newslett.,urn:lsid:ipni.org:publications:1990-2,2026,2026 [8 May 2026],[8 May 2026],Mellich. & Trexler,spec.,Carniv. Pl. Newslett. 55(2): 76. 2026 [8 May 2026] ,,,,,11,wherryi,,,f,t,,,,,,,Trexler@20060453-1@2@aut$D.E.Schnell@36128-1@3@bas$Mellich.@6335-1@1@aut,,,comb. et stat. nov.,,1.1,f,sarracenia~wherryi,sarraceniaceaesarracenia~wherryi~,65,wfo-1000090728,,species,,,,
urn:lsid:ipni.org:names:77381026-1,(DC.) Höfle,Brassicaceae Brassica napus L. [infrasp.unranked] esculenta DC.,(DC.),77381024-1,,,29,,,,,,,,,,,,02/06/2026 15:29,03/06/2026 10:23,,,Brassicaceae,Brassica napus subsp. esculenta,Brassica napus subsp. esculenta,Brassica,,f,f,,,,,esculenta,,,,,,,,,,,,,,,,,,,,,,,null:,279419-1,Grundr. Angew. Bot.,urn:lsid:ipni.org:publications:20064134-1,1851,1851,,Höfle,subsp.,Grundr. Angew. Bot. 29. 1851 ,,Basionym cited incorrectly as 'B. rapa esculenta DeC.',,,11,napus,L.,,f,t,,,,,,,Höfle@3996-1@1@aut$DC.@16855-1@2@bas,L.@0-0@1@aut,,comb. nov.,,1.4,f,brassica~napusesculenta,brassicaceaebrassica~napusesculenta,66,wfo-1200119084,,subspecies,,,,
urn:lsid:ipni.org:names:77381027-1,Trexler,,,,,,55(2): 78,,20,,4,,143,2024,,Carson A. Trexler &amp; Rob Wood,,,02/06/2026 15:31,02/06/2026 15:31,"Alabama (Southeastern U.S.A., Northern America)",,Sarraceniaceae,Sarracenia chrysea,Sarracenia chrysea,Sarracenia,,f,f,,,,,,,,,,,"Baldwin County, Splinter Hill Bog",,,,,,,,,,,,,,,,,,30020496-2,Carniv. Pl. Newslett.,urn:lsid:ipni.org:publications:1990-2,2026,2026 [8 May 2026],[8 May 2026],Trexler,spec.,Carniv. Pl. Newslett. 55(2): 78. 2026 [8 May 2026] ,,"Etymology: 'From Latin chryseus, meaning golden'.",,,11,chrysea,,,f,t,,holotype HPSU 26375,,,,,Trexler@20060453-1@1@aut,,,tax. nov.,,1.1,f,sarracenia~chrysea,sarraceniaceaesarracenia~chrysea~,67,wfo-1000090729,,species,,,,
urn:lsid:ipni.org:names:77381028-1,J.M.H.Shaw,,,,,,95(5): 403,,,,,,,,,,,,02/06/2026 15:49,02/06/2026 15:49,,,Orchidaceae,× Emrysara,× Emrysara,Emrysara,,t,t,"30077641-2,30055830-2,30902-1,30499-1",(Vanda Jones ex R.Br. × Aerides Lour. × Vandopsis Pfitzer × Renanthera Lour.),,,,,,,,,,,,,,,,,,,,,,,,,,,30000046-2,Orchids (West Palm Beach),urn:lsid:ipni.org:publications:18642-2,2026,2026 [30 Apr 2026],[30 Apr 2026],J.M.H.Shaw,gen.,Orchids (West Palm Beach) 95(5): 403. 2026 [30 Apr 2026] ,,"Etymology: 'named for Emrys Myles Khean-Aun Chew, Singapore'.",,,8,,,,f,t,,,,,,,J.M.H.Shaw@37303-1@1@aut,,,tax. nov.,,1.1,f,emrysara,orchidaceaeemrysara~~~,68,wfo-4100006651,,genus,,,,
urn:lsid:ipni.org:names:77381029-1,J.M.H.Shaw,,,,,,95(5): 403,,,,,,,,,,,,02/06/2026 15:53,02/06/2026 15:53,,,Orchidaceae,× Grussara,× Grussara,Grussara,,t,t,"28745-1,30270-1,30077641-2,30499-1",(Arachnis Blume × Paraphalaenopsis A.D.Hawkes × Vanda Jones ex R.Br. × Renanthera Lour.),,,,,,,,,,,,,,,,,,,,,,,,,,,30000046-2,Orchids (West Palm Beach),urn:lsid:ipni.org:publications:18642-2,2026,2026 [30 Apr 2026],[30 Apr 2026],J.M.H.Shaw,gen.,Orchids (West Palm Beach) 95(5): 403. 2026 [30 Apr 2026] ,,"Etymology: 'named for Olaf Gruss, Germany'.",,,8,,,,f,t,,,,,,,J.M.H.Shaw@37303-1@1@aut,,,tax. nov.,,1.1,f,grussara,orchidaceaegrussara~~~,69,wfo-4100006652,,genus,,,,
urn:lsid:ipni.org:names:77381030-1,J.M.H.Shaw,,,,,,95(5): 403,,,,,,,,,,,,02/06/2026 15:56,02/06/2026 15:56,,,Orchidaceae,× Luirenanda,× Luirenanda,Luirenanda,,t,t,"29905-1,30499-1,30077641-2",(Luisia Gaudich. × Renanthera Lour. × Vanda Jones ex R.Br.),,,,,,,,,,,,,,,,,,,,,,,,,,,30000046-2,Orchids (West Palm Beach),urn:lsid:ipni.org:publications:18642-2,2026,2026 [30 Apr 2026],[30 Apr 2026],J.M.H.Shaw,gen.,Orchids (West Palm Beach) 95(5): 403. 2026 [30 Apr 2026] ,,,,,8,,,,f,t,,,,,,,J.M.H.Shaw@37303-1@1@aut,,,tax. nov.,,1.1,f,luirenanda,orchidaceaeluirenanda~~~,70,wfo-4100006653,,genus,,,,
urn:lsid:ipni.org:names:77381031-1,J.M.H.Shaw,,,,,,95(5): 403,,,,,,,,,,,,02/06/2026 15:59,02/06/2026 15:59,,,Orchidaceae,× Seidandisia,× Seidandisia,Seidandisia,,t,t,"29905-1,30656-1",(Luisia Gaudich. × Seidenfadenia Garay),,,,,30077641-2,,,,,,,,,,,,,,,,,,,,,,30000046-2,Orchids (West Palm Beach),urn:lsid:ipni.org:publications:18642-2,2026,2026 [30 Apr 2026],[30 Apr 2026],J.M.H.Shaw,gen.,Orchids (West Palm Beach) 95(5): 403. 2026 [30 Apr 2026] ,,,,,9,,,,f,t,,,,,,,J.M.H.Shaw@37303-1@1@aut,,,tax. nov.,,1.1,f,seidandisia,orchidaceaeseidandisia~~~,71,wfo-4100006654,,genus,,,,
urn:lsid:ipni.org:names:77381032-1,J.M.H.Shaw,,,,,,95(5): 403,,,,,,,,,,,,02/06/2026 16:01,02/06/2026 16:01,,,Orchidaceae,× Vancleisoglossum,× Vancleisoglossum,Vancleisoglossum,,t,t,"30077641-2,29689-1,29059-1",(Vanda Jones ex R.Br. × Holcoglossum Schltr. × Cleisocentron Brühl),,,,,,,,,,,,,,,,,,,,,,,,,,,30000046-2,Orchids (West Palm Beach),urn:lsid:ipni.org:publications:18642-2,2026,2026 [30 Apr 2026],[30 Apr 2026],J.M.H.Shaw,gen.,Orchids (West Palm Beach) 95(5): 403. 2026 [30 Apr 2026] ,,,,,8,,,,f,t,,,,,,,J.M.H.Shaw@37303-1@1@aut,,,tax. nov.,,1.1,f,vancleisoglossum,orchidaceaevancleisoglossum~~~,72,wfo-4100006655,,genus,,,,
urn:lsid:ipni.org:names:77381033-1,J.M.H.Shaw,,,,,,95(5): 403,,,,,,,,,,,,02/06/2026 16:03,02/06/2026 16:03,,,Orchidaceae,× Vansiella,× Vansiella,Vansiella,,t,t,"30077641-2,28669-1",(Vanda Jones ex R.Br. × Amesiella Schltr. ex Garay),,,,,,,,,,,,,,,,,,,,,,,,,,,30000046-2,Orchids (West Palm Beach),urn:lsid:ipni.org:publications:18642-2,2026,2026 [30 Apr 2026],[30 Apr 2026],J.M.H.Shaw,gen.,Orchids (West Palm Beach) 95(5): 403. 2026 [30 Apr 2026] ,,,,,8,,,,f,t,,,,,,,J.M.H.Shaw@37303-1@1@aut,,,tax. nov.,,1.1,f,vansiella,orchidaceaevansiella~~~,73,wfo-4100006656,,genus,,,,
urn:lsid:ipni.org:names:77381034-1,F.C.Chen & Prichard,,,,,,95(5): 479,,,,,,,,,,,,02/06/2026 16:17,02/06/2026 16:17,,,Orchidaceae,× Holuistylis,× Holuistylis,Holuistylis,,t,t,"30532-1,29689-1,29905-1",(Rhynchostylis Blume × Holcoglossum Schltr. × Luisia Gaudich.),,,,,,,,,,,,,,,,,,,,,,,,,,,30000046-2,Orchids (West Palm Beach),urn:lsid:ipni.org:publications:18642-2,2026,2026 [30 Apr 2026],[30 Apr 2026],F.C.Chen & Prichard,gen.,Orchids (West Palm Beach) 95(5): 479. 2026 [30 Apr 2026] ,,,,,8,,,,f,t,,,,,,,F.C.Chen@20099055-1@1@aut$Prichard@20099056-1@2@aut,,,tax. nov.,,1.1,f,holuistylis,orchidaceaeholuistylis~~~,74,wfo-4100006657,,genus,,,,
urn:lsid:ipni.org:names:77381036-1,Y.Yabe,,,,,,17(no. 192): 20,,,,,,,,,,,,02/06/2026 16:53,02/06/2026 16:53,,,Ranunculaceae,Thalictrum alpinum var. stipitatum,Thalictrum alpinum var. stipitatum,Thalictrum,,f,f,,,,,stipitatum,,,,,,Alpinarum in Monte Shirouma (Prov. Shinano),,,,,,,,,,,,,,,,,,714201-1,Bot. Mag. (Tokyo),urn:lsid:ipni.org:publications:555-2,1903,1903 [20 Feb 1903],[20 Feb 1903],Y.Yabe,var.,Bot. Mag. (Tokyo) 17(no. 192): 20. 1903 [20 Feb 1903] ,,,,,8,alpinum,L.,,f,t,,,,,,,Y.Yabe@11916-1@1@aut,L.@12653-1@1@aut,,tax. nov.,,1.1,f,thalictrum~alpinumstipitatum,ranunculaceaethalictrum~alpinumstipitatum,75,wfo-1200041358,,variety,,,,
urn:lsid:ipni.org:names:77381037-1,Nakai,,,,,,13(no. 7): 475,,,,,,,,,,,,02/06/2026 19:16,02/06/2026 19:16,,,Ranunculaceae,Thalictrum aquilegiifolium var. japonicum,Thalictrum aquilegiifolium var. japonicum,Thalictrum,,f,f,,,,,japonicum,,,,,,"'Hondo. Prov. Sinano: in monte Komagadake (J. Matsumura, Aug. 2, 1880 -- typus)'",,,,,,,,,,,,,,,,,,714234-1,J. Jap. Bot.,urn:lsid:ipni.org:publications:681-2,1937,1937 [Jul 1937],[Jul 1937],Nakai,var.,J. Jap. Bot. 13(no. 7): 475. 1937 [Jul 1937] (as 'aquilegifolium'),(as 'aquilegifolium'),,,,8,aquilegiifolium,L.,,f,t,,,,,,,Nakai@23869-1@1@aut,L.@12653-1@1@aut,,tax. nov.,,1.1,f,thalictrum~aquilegiifoliumjaponicum,ranunculaceaethalictrum~aquilegiifoliumjaponicum,76,wfo-1200119002,,variety,,,,
urn:lsid:ipni.org:names:77381038-1,R.H.Schomb.,,,,,,13,,,,,,,,,,,,02/06/2026 22:18,02/06/2026 22:18,,,Rapateaceae,Saxofridericia,Saxofridericia,Saxofridericia,,f,f,,,,,,,,,,,,,,,"nom. et orth. cons.    vs. Saxo-fridericia R.H.Schomb., nom. rej.",nom. et orth. cons.,,,,,,,,,,,,,77126746-1,Rapatea,urn:lsid:ipni.org:publications:10395-2,1845,1845,,R.H.Schomb.,gen.,Rapatea 13. 1845 (as 'Saxo-fridericia'),(as 'Saxo-fridericia'),,,,9,,,,f,t,,,S. regalis R.H.Schomb.,,,,R.H.Schomb.@9232-1@1@aut,,,tax. nov.,,1.1,f,saxofridericia,rapateaceaesaxofridericia~~~,77,wfo-4000034210,,genus,,,,
urn:lsid:ipni.org:names:77381039-1,Rytov,,,,,,164,,,,,,,,,,,,03/06/2026 07:30,03/06/2026 15:47,,,Brassicaceae,Brassica chinensis subsp. laminata,Brassica chinensis subsp. laminata,Brassica,,f,f,,,,,laminata,,,,,,,,,,,,,,,,,,,,,,,,279290-1,Kapusty Ogorodnaya Kitayskaya,urn:lsid:ipni.org:publications:20064573-1,1891,1891,,Rytov,subsp.,Kapusty Ogorodnaya Kitayskaya 164. 1891 ,,,,,6,chinensis,L.,,f,t,,,,,,,Rytov@0-0@1@aut,L.@0-0@1@aut,,tax. nov.,,1.3,f,brassica~chinensislaminata,brassicaceaebrassica~chinensislaminata,78,wfo-1200119003,,subspecies,,,,
urn:lsid:ipni.org:names:77381040-1,Rytov,,,,,,166,,,,,,,,,,,,03/06/2026 07:32,03/06/2026 15:55,,,Brassicaceae,Brassica chinensis subsp. petiolata,Brassica chinensis subsp. petiolata,Brassica,,f,f,,,,,petiolata,,,,,,,,,,,,,,,,,,,,,,,,279290-1,Kapusty Ogorodnaya Kitayskaya,urn:lsid:ipni.org:publications:20064573-1,1891,1891,,Rytov,subsp.,Kapusty Ogorodnaya Kitayskaya 166. 1891 ,,,,,6,chinensis,L.,,f,t,,,,,,,Rytov@0-0@1@aut,L.@0-0@1@aut,,tax. nov.,,1.3,f,brassica~chinensispetiolata,brassicaceaebrassica~chinensispetiolata,79,wfo-1200119004,,subspecies,,,,
urn:lsid:ipni.org:names:77381041-1,B.Fedtsch. & Basil.,,,,,,85(3): 308,,,,,,,,,,,,03/06/2026 08:36,03/06/2026 09:57,,,Ericaceae,Bejaria sect. Laeves,Bejaria sect. Laeves,Bejaria,,f,f,,,,laeves,,,,,,,,,,,,,,,,,,,,,,,,,331390-2,Bot. Gaz.,urn:lsid:ipni.org:publications:552-2,1928,1928 [May 1928],[May 1928],B.Fedtsch. & Basil.,sect.,Bot. Gaz. 85(3): 308. 1928 [May 1928] ,,doi:10.1086/333843,,,8,,,,f,t,,,Bejaria laevis,,,,Basil.@526-1@2@aut$B.Fedtsch.@13064-1@1@aut,,,tax. nov.,,1.3,f,bejarialaeves,ericaceaebejarialaeves~~,80,wfo-1000090730,,section,,,,
urn:lsid:ipni.org:names:77381042-1,"Y.Y.Zheng, Qun Liu & T.Deng",,,,,,760(1): 49,,31,,7,,MTA-448,2025,,"M.Q.Han, Q.Liu &amp; J.T.Chen",,,03/06/2026 09:43,03/06/2026 09:43,"Tibet (China, Asia-Temperate)",E,Asteraceae,Cirsium medogense,Cirsium medogense,Cirsium,,f,f,,,,,,,,29,11,60,"Nyingchi City, Mêdog County, Gabujiecuo, 3834 m",95,30,,,,,,,N,,,,,,,,,30001899-2,Phytotaxa,urn:lsid:ipni.org:publications:20011462-1,2026,2026 [3 Jun 2026],[3 Jun 2026],"Y.Y.Zheng, Qun Liu & T.Deng",spec.,Phytotaxa 760(1): 49. 2026 [3 Jun 2026] ,,"doi:10.11646/phytotaxa.760.1.2 Etymology: the specific epithet is named for the type locality, Mêdog County, Tibet.",,,11,medogense,,,f,t,,holotype KUN KUN1732752;isotype KUN KUN1732751: KUN1732753,,,,,Y.Y.Zheng@20099066-1@1@aut$Qun Liu@20045843-1@2@aut$T.Deng@20021424-1@3@aut,,,tax. nov.,,1.1,f,cirsium~medogense,asteraceaecirsium~medogense~,81,wfo-1000090731,,species,,,,
urn:lsid:ipni.org:names:77381043-1,"Pérez-Farr., Gut.-Ortega & Vovides",,,,,,760(1): 83,,4,,10,,4069,2021,,M.A.Pérez-Farrera &amp; P.Díaz-Jiménez,,,03/06/2026 09:55,03/06/2026 09:55,"Veracruz (Mexico Gulf, Mexico, Northern America)",,Zamiaceae,Ceratozamia popolucana,Ceratozamia popolucana,Ceratozamia,,f,f,,,,,,,,,,,Municipio de Hueyapan de Ocampo,,,,,,,,,,,,,,,,,,13517-1,Phytotaxa,urn:lsid:ipni.org:publications:20011462-1,2026,2026 [3 Jun 2026],[3 Jun 2026],"Pérez-Farr., Gut.-Ortega & Vovides",spec.,Phytotaxa 760(1): 83. 2026 [3 Jun 2026] ,,doi:10.11646/phytotaxa.760.1.4 Etymology: the specific epithet is named in honour of the Popoluca indigenous culture of the Los Tuxtlas region.,,,11,popolucana,,,f,t,,holotype HEM;isotype XAL,,,,,Gut.-Ortega@20033866-1@2@aut$Vovides@28461-1@3@aut$Pérez-Farr.@38770-1@1@aut,,,tax. nov.,,1.1,f,ceratozamia~popolucana,zamiaceaeceratozamia~popolucana~,82,wfo-1000090732,,species,,,,
urn:lsid:ipni.org:names:77381044-1,M.D.Miranda,,,,,,760(1): 94,,,,,,245,,,M.D.Miranda &amp; M.R.Miranda,,,03/06/2026 10:07,03/06/2026 10:07,"São Paulo (Brazil Southeast, Brazil, Southern America)",W,Begoniaceae,Begonia × marceloi,Begonia × marceloi,Begonia,,t,f,"77205492-1,30917-2",(Begonia lorenzii E.L.Jacques × Begonia spinibarbis Irmsch.),,,,,,23,43,4,"Caraguatatuba, Municipality, Bairro do Pegorelli, erva terrícola próximo das pedras da cascata, 130 m",45,28,52,,,,,,S,,,,,,,,,327437-2,Phytotaxa,urn:lsid:ipni.org:publications:20011462-1,2026,2026 [3 Jun 2026],[3 Jun 2026],M.D.Miranda,spec.,Phytotaxa 760(1): 94. 2026 [3 Jun 2026] ,,doi:10.11646/phytotaxa.760.1.5 Etymology: the hybrid epithet is named for the Brazilian botanist Marcelo Rodrigues Miranda who found this new hybrid.,,,11,marceloi,,,f,t,,holotype RBR RBR00055554;isotype RBR RBR00055550,,,,,M.D.Miranda@20045245-1@1@aut,,,tax. nov.,,1.1,f,begonia~marceloi,begoniaceaebegonia~marceloi~,83,wfo-1000090733,,species,,,,
urn:lsid:ipni.org:names:77381046-1,Z.K.Wu & C.Y.Deng,,,,,,276: 3,,12,,11,,ZKWU2025210,2025,,Zhikun Wu,,,03/06/2026 13:42,05/06/2026 14:53,"Guizhou (China South-Central, China, Asia-Temperate)",E,Primulaceae,Primula xingyiensis,Primula xingyiensis,Primula,,f,f,,,,,,,,25,5,24,"Xingyi city, Zhengtun town, Fengjiatian village, 1231 m",105,5,40,,,,,,N,,,,,,,,,30005261-2,PhytoKeys,urn:lsid:ipni.org:publications:20011997-1,2026,2026 [5 Jun 2026],[5 Jun 2026],Z.K.Wu & C.Y.Deng,spec.,PhytoKeys 276: 3. 2026 [5 Jun 2026] ,,"doi:10.3897/phytokeys.276.195710 [english] Etymology: the specific epithet is taken from the Chinese Pinyin 'Xingyi', the name of the county in southwestern Guizhou, China, where the type specimen was collected",,,11,xingyiensis,,,f,t,,holotype KUN;isotype KUN,,,,,C.Y.Deng@15587-1@2@aut$Z.K.Wu@20017678-1@1@aut,,,tax. nov.,,1.3,f,primula~xingyiensis,primulaceaeprimula~xingyiensis~,84,wfo-1000090734,,species,,,,
urn:lsid:ipni.org:names:77381047-1,G.Schellenb.,,,,,,"IV, 127 (Heft 103): 195",,,,,,,,,,,,03/06/2026 16:25,04/06/2026 12:44,,,Connaraceae,Rourea sect. Adenophorae,Rourea sect. Adenophorae,Rourea,,f,f,,,,adenophorae,,,,,,,,,,,,,,,,,,,,,,,,,11754-1,Pflanzenr.,urn:lsid:ipni.org:publications:3295-2,1938,1938 [31 May 1938],[31 May 1938],G.Schellenb.,sect.,"Pflanzenr. IV, 127 (Heft 103): 195. 1938 [31 May 1938] ",,,,,8,,,,f,t,,,Rourea adenophora S.F.Blake,,,,G.Schellenb.@9042-1@1@aut,,,tax. nov.,,1.3,f,roureaadenophorae,connaraceaeroureaadenophorae~~,85,wfo-1000090735,,section,,,,
urn:lsid:ipni.org:names:77381048-1,G.Schellenb.,,,,,,"IV, 127 (Heft 103): 205",,,,,,,,,,,,03/06/2026 16:27,04/06/2026 12:46,,,Connaraceae,Rourea sect. Glabrae,Rourea sect. Glabrae,Rourea,,f,f,,,,glabrae,,,,,,,,,,,,,,,,,,,,,,,,,11754-1,Pflanzenr.,urn:lsid:ipni.org:publications:3295-2,1938,1938 [31 May 1938],[31 May 1938],G.Schellenb.,sect.,"Pflanzenr. IV, 127 (Heft 103): 205. 1938 [31 May 1938] ",,,,,8,,,,f,t,,,Rourea glabra Kunth,,,,G.Schellenb.@9042-1@1@aut,,,tax. nov.,,1.3,f,roureaglabrae,connaraceaeroureaglabrae~~,86,wfo-1000090736,,section,,,,
urn:lsid:ipni.org:names:77381049-1,G.Schellenb.,,,,,,"IV, 127 (Heft 103): 199",,,,,,,,,,,,03/06/2026 16:29,04/06/2026 12:48,,,Connaraceae,Rourea sect. Indutae,Rourea sect. Indutae,Rourea,,f,f,,,,indutae,,,,,,,,,,,,,,,,,,,,,,,,,11754-1,Pflanzenr.,urn:lsid:ipni.org:publications:3295-2,1938,1938 [31 May 1938],[31 May 1938],G.Schellenb.,sect.,"Pflanzenr. IV, 127 (Heft 103): 199. 1938 [31 May 1938] ",,,,,8,,,,f,t,,,Rourea induta Planch.,,,,G.Schellenb.@9042-1@1@aut,,,tax. nov.,,1.3,f,roureaindutae,connaraceaeroureaindutae~~,87,wfo-1000090737,,section,,,,
urn:lsid:ipni.org:names:77381050-1,Bonati,,,,,,8: 41,,,,,,,,,,,,03/06/2026 16:48,03/06/2026 16:48,,,Scrophulariaceae,Pedicularis lachnoglossa var. macrantha,Pedicularis lachnoglossa var. macrantha,Pedicularis,,f,f,,,,,macrantha,,,,,,,,,,,,,,,,,,,,,,,,807238-1,Notes Roy. Bot. Gard. Edinburgh,urn:lsid:ipni.org:publications:758-2,1913,1913,,Bonati,var.,Notes Roy. Bot. Gard. Edinburgh 8: 41. 1913 ,,,,,8,lachnoglossa,Hook.f.,,f,t,,,,,,,Bonati@945-1@1@aut,Hook.f.@4084-1@1@aut,,tax. nov.,,1.1,f,pedicularis~lachnoglossamacrantha,scrophulariaceaepedicularis~lachnoglossamacrantha,88,wfo-0001139295,,variety,,,,
urn:lsid:ipni.org:names:77381053-1,Murb.,,,,,,"34 (2,7): 17",,,,,,,,,,,,03/06/2026 19:20,03/06/2026 19:20,,,Boraginaceae,Cerinthe gymnandra var. macrosiphonia,Cerinthe gymnandra var. macrosiphonia,Cerinthe,,f,f,,,,,macrosiphonia,,,,,,"'Distribution géographique. Maroc: Tirsel, prov. de Demnat (Ibrahim 1881); Dj. Aït-Ougourt (Ibr. 1884); Ikablen, Baou Issaren, Haha (Ibr. 1887); Sidi Quasmin (Ibr. 1889); vallée de l'Oued Mikès (Grant 1888). — Algérie. Assez répandu dans le nord des prov. d'Oran et d'Alger. Prov. de Const.: Plaine de Ta- medjadjout entre les monts Babor et Tababor (Coss. 1880); entre Bône et La Calle (Reboud 1863); La Calle (Dr. 1841)'",,,,,,,,,,,,,,,,,,113815-1,Acta Univ. Lund.,urn:lsid:ipni.org:publications:5757-2,1898,1898,,Murb.,var.,"Acta Univ. Lund. 34 (2,7): 17. 1898 ",,,,,8,gymnandra,Gasp.,,f,t,,,,,,,Murb.@6793-1@1@aut,Gasp.@3038-1@1@aut,,tax. nov.,,1.1,f,cerinthe~gymnandramacrosiphonia,boraginaceaecerinthe~gymnandramacrosiphonia,89,wfo-1200119005,,variety,,,,
urn:lsid:ipni.org:names:77381054-1,Vázquez-Sánchez & D.Aquino,,,,,,103(3): 767,,27,,2,,12,2022,,"Y.Moredia, M.Vázquez-Sánchez &amp; D.Sánchez",,,03/06/2026 20:31,04/06/2026 12:23,"Nuevo León (Mexico Northeast, Mexico, Northern America)",,Cactaceae,Neolloydia leccinumii,Neolloydia leccinumii,Neolloydia,,f,f,,,,,,,,,,,"Municipio de Aramberri, W de Aramberri, 1289 m",,,,,,,,,,,,,,,,,,295368-2,Bot. Sci.,urn:lsid:ipni.org:publications:20014266-1,2025,2025 [1 Jul 2025],[1 Jul 2025],Vázquez-Sánchez & D.Aquino,spec.,Bot. Sci. 103(3): 767. 2025 [1 Jul 2025] ,,"doi:10.17129/botsci.3701 [english] Etymology: the specific epithet is dedicated to PhD. Leccinum J. García Morales, a Mexican botanist with extensive knowledge of the flora of northeastern Mexico.",,,11,leccinumii,,,f,t,,holotype CHAPA;isotype MEXU,,,,,D.Aquino@20043874-1@2@aut$Vázquez-Sánchez@20042869-1@1@aut,,,tax. nov.,,1.3,f,neolloydia~leccinumii,cactaceaeneolloydia~leccinumii~,90,wfo-1000090738,,species,,,,
urn:lsid:ipni.org:names:77381055-1,Regel & Tiling,,,,,,75,,,,,,,,,,,,03/06/2026 21:55,03/06/2026 21:55,,,Caryophyllaceae,Cerastium vulgatum [infrasp.unranked] angustifolium,Cerastium vulgatum [infrasp.unranked] angustifolium,Cerastium,,f,f,,,,,angustifolium,,,,,,,,,,,,,,,,,,,,,,,,30119043-2,Fl. Ajan.,urn:lsid:ipni.org:publications:15971-2,1858,1858,,Regel & Tiling,[infrasp.unranked],Fl. Ajan. 75. 1858 ,,"Infraspecific Rank: under var. grandiflorum Fenzl, 'Variat: a. vulgare and b. angustifolium' are treated.",,,8,vulgatum,L.,,f,t,,,,,,,Regel@8237-1@1@aut$Tiling@10669-1@2@aut,L.@12653-1@1@aut,,tax. nov.,,1.1,f,cerastium~vulgatumangustifolium,caryophyllaceaecerastium~vulgatumangustifolium,91,wfo-1200119178,1,unranked,,,,
urn:lsid:ipni.org:names:77381056-1,Regel & Tiling,,,,,,75,,,,,,,,,,,,03/06/2026 22:09,03/06/2026 22:09,,,Caryophyllaceae,Cerastium vulgatum [infrasp.unranked] vulgare,Cerastium vulgatum [infrasp.unranked] vulgare,Cerastium,,f,f,,,,,vulgare,,,,,,,,,,,,,,,,,,,,,,,,30119043-2,Fl. Ajan.,urn:lsid:ipni.org:publications:15971-2,1858,1858,,Regel & Tiling,[infrasp.unranked],Fl. Ajan. 75. 1858 ,,"Infraspecific Rank: under var. grandiflorum Fenzl, 'Variat: a. vulgare and b. angustifolium' are treated.",,,8,vulgatum,L.,,f,t,,,,,,,Regel@8237-1@1@aut$Tiling@10669-1@2@aut,L.@12653-1@1@aut,,tax. nov.,,1.1,f,cerastium~vulgatumvulgare,caryophyllaceaecerastium~vulgatumvulgare,92,wfo-1200119179,1,unranked,,,,
urn:lsid:ipni.org:names:77381057-1,Franch.,,,,,,101,,,,,,,,,,,,03/06/2026 22:34,03/06/2026 22:34,,,Caryophyllaceae,Cerastium vulgatum var. angustifolium,Cerastium vulgatum var. angustifolium,Cerastium,,f,f,,,,,angustifolium,,,,,,,,,,nom. illeg. later homonym    non  Cerastium vulgatum [infrasp.unranked] angustifolium Regel & Tiling (1858),,nom. illeg.,,,,,,,,,,,,30119043-2,Pl. Delavay.,urn:lsid:ipni.org:publications:1037-2,1889,1889,,Franch.,var.,Pl. Delavay. 101. 1889 ,,,,,9,vulgatum,L.,,f,t,,,,,,,Franch.@2869-1@1@aut,L.@12653-1@1@aut,,tax. nov.,,1.1,f,cerastium~vulgatumangustifolium,caryophyllaceaecerastium~vulgatumangustifolium,93,wfo-0000496490,,variety,,,,
urn:lsid:ipni.org:names:77381058-1,M.Mizush.,,,,,,43: 54,,,,,,,,,,,,03/06/2026 22:39,03/06/2026 22:39,,,Caryophyllaceae,Cerastium holosteoides var. angustifolium,Cerastium holosteoides var. angustifolium,Cerastium,,f,f,,,,,angustifolium,,,,,,,,,,,,,,,,,,,,,,,,152312-1,J. Jap. Bot.,urn:lsid:ipni.org:publications:681-2,1968,1968,,M.Mizush.,var.,J. Jap. Bot. 43: 54. 1968 ,,,77381057-1,,9,holosteoides,Fr.,,f,t,,,,,,,M.Mizush.@6535-1@1@aut,Fr.@2913-1@1@aut,,nom. nov.,,1.1,f,cerastium~holosteoidesangustifolium,caryophyllaceaecerastium~holosteoidesangustifolium,94,wfo-0000496484,,variety,,,,
urn:lsid:ipni.org:names:77381059-1,(Batt.) Murb.,Boraginaceae Cerinthe oranensis Batt.,(Batt.),113827-1,,,"34 (2,7): 18",,,,,,,,,,,,04/06/2026 00:00,04/06/2026 00:00,,,Boraginaceae,Cerinthe gymnandra var. oranensis,Cerinthe gymnandra var. oranensis,Cerinthe,,f,f,,,,,oranensis,,,,,,,,,,,,,,,,,,,,,,,,113815-1,Acta Univ. Lund.,urn:lsid:ipni.org:publications:5757-2,1898,1898,,Murb.,var.,"Acta Univ. Lund. 34 (2,7): 18. 1898 ",,,,,11,gymnandra,Gasp.,,f,t,,,,,,,Batt.@15794-1@2@bas$Murb.@6793-1@1@aut,Gasp.@3038-1@1@aut,,comb. et stat. nov.,,1.1,f,cerinthe~gymnandraoranensis,boraginaceaecerinthe~gymnandraoranensis,95,wfo-0000745182,,variety,,,,
urn:lsid:ipni.org:names:77381060-1,(Gaertn.) I.M.Turner,Ochnaceae Meesia serrata Gaertn.,(Gaertn.),606395-1,,,80(2): 164,,,,,,,,,,,,04/06/2026 09:34,04/06/2026 09:34,,,Ochnaceae,Philomeda serrata,Philomeda serrata,Philomeda,,f,f,,,,,,,,,,,,,,,,,,,,,,,,,,,,,28084-1,Candollea,urn:lsid:ipni.org:publications:885-2,2025,2025 [24 Sep 2025],[24 Sep 2025],I.M.Turner,spec.,Candollea 80(2): 164. 2025 [24 Sep 2025] ,,doi:10.15553/c2025v802a2,,,11,serrata,,,f,t,,,,,,,Gaertn.@2974-1@2@bas$I.M.Turner@37099-1@1@aut,,,comb. nov.,,1.1,f,philomeda~serrata,ochnaceaephilomeda~serrata~,96,wfo-1000090739,,species,,,,
urn:lsid:ipni.org:names:77381061-1,Gideon F.Sm.,,,,,,760(2): 112,,9,,5,,843,1904,,Alice Pegler,,,04/06/2026 09:44,04/06/2026 09:44,"Eastern Cape Province (Cape Provinces, Southern Africa, Africa);KwaZulu-Natal (Southern Africa, Africa);",,Crassulaceae,Kalanchoe cloeteae,Kalanchoe cloeteae,Kalanchoe,,f,f,,,,,,,,,,,"Eastern Cape Province: 3328 (Butterworth), Kentani [Centane]",,,,,,,,,,,,,,,,,,30060186-2,Phytotaxa,urn:lsid:ipni.org:publications:20011462-1,2026,2026 [4 Jun 2026],[4 Jun 2026],Gideon F.Sm.,spec.,Phytotaxa 760(2): 112. 2026 [4 Jun 2026] ,,doi:10.11646/phytotaxa.760.2.1 Etymology: the specific epithet is named in honour of botanist Elizabeth Carinus Cloete née Basson.,,,11,cloeteae,,,f,t,,holotype Herb. GRA GRA0082576,,,,,Gideon F.Sm.@40108-1@1@aut,,,tax. nov.,,1.1,f,kalanchoe~cloeteae,crassulaceaekalanchoe~cloeteae~,97,wfo-1000090740,,species,,,,
urn:lsid:ipni.org:names:77381062-1,I.S.Santos & M.J.Silva,,,,,,760(2): 127,,29,,9,,1012,2000,,J.B.F.Silva,,,04/06/2026 09:52,04/06/2026 09:52,"Pará (Brazil North, Brazil, Southern America)",,Orchidaceae,Coryanthes ecallosa,Coryanthes ecallosa,Coryanthes,,f,f,,,,,,,,,,,"Moju, Fazenda Sococo",,,,,,,,,,,,,,,,,,30014502-2,Phytotaxa,urn:lsid:ipni.org:publications:20011462-1,2026,2026 [4 Jun 2026],[4 Jun 2026],I.S.Santos & M.J.Silva,spec.,Phytotaxa 760(2): 127. 2026 [4 Jun 2026] ,,doi:10.11646/phytotaxa.760.2.2 Etymology: the specific epithet is a reference to the absence of the basal callus in the mesochile region of the flower.,,,11,ecallosa,,,f,t,,holotype MG MG104679,,,,,I.S.Santos@20088732-1@1@aut$M.J.Silva@20012371-1@2@aut,,,tax. nov.,,1.1,f,coryanthes~ecallosa,orchidaceaecoryanthes~ecallosa~,98,wfo-1000090741,,species,,,,
urn:lsid:ipni.org:names:77381063-1,Vázquez-Sánchez & D.Aquino,,,,,,103(3): 770,,23,,3,,24,2023,,"Y.Moredia, M.Vázquez-Sánchez, Z.Rodríguez &amp; D.Aquino",,,04/06/2026 12:28,08/06/2026 11:59,"Nuevo León (Mexico Northeast, Mexico, Northern America)",,Cactaceae,Neolloydia terrazasiae,Neolloydia terrazasiae,Neolloydia,,f,f,,,,,,,,,,,"Municipio de Galeana, El Palmito I, 1665 m",,,,,,,,,,,,,,,,,,295368-2,Bot. Sci.,urn:lsid:ipni.org:publications:20014266-1,2025,2025 [1 Jul 2025],[1 Jul 2025],Vázquez-Sánchez & D.Aquino,spec.,Bot. Sci. 103(3): 770. 2025 [1 Jul 2025] ,,"doi:10.17129/botsci.3701  Etymology: the specific epithet  is dedicated to PhD. Teresa Terrazas, whose studies on the anatomy of Cactaceae have been used in the systematics of the family.",,,11,terrazasiae,,,f,t,,holotype CHAPA;isotype MEXU,,,,,Vázquez-Sánchez@20042869-1@1@aut$D.Aquino@20043874-1@2@aut,,,tax. nov.,,1.2,f,neolloydia~terrazasiae,cactaceaeneolloydia~terrazasiae~,99,wfo-1000090742,,species,,,,
urn:lsid:ipni.org:names:77381064-1,Vázquez-Sánchez & D.Aquino,,,,,,103(3): 764,,15,,6,,574,2024,,"D.Aquino, M.Vázquez-Sánchez &amp; M.Martínez-Flores",,,04/06/2026 12:31,08/06/2026 12:01,"Nuevo León (Mexico Northeast, Mexico, Northern America)",,Cactaceae,Neolloydia guzmanii,Neolloydia guzmanii,Neolloydia,,f,f,,,,,,,,,,,"Municipio de Rayones, Los Nogales, 1665 m",,,,,,,,,,,,,,,,,,295368-2,Bot. Sci.,urn:lsid:ipni.org:publications:20014266-1,2025,2025 [1 Jul 2025],[1 Jul 2025],Vázquez-Sánchez & D.Aquino,spec.,Bot. Sci. 103(3): 764. 2025 [1 Jul 2025] ,,"doi:10.17129/botsci.3701  Etymology: the specific epithet is dedicated to Biol. Ulises Guzmán, a specialist in the Cactaceae family.",,,11,guzmanii,,,f,t,,holotype CHAPA;isotype MEXU,,,,,Vázquez-Sánchez@20042869-1@1@aut$D.Aquino@20043874-1@2@aut,,,tax. nov.,,1.2,f,neolloydia~guzmanii,cactaceaeneolloydia~guzmanii~,100,wfo-1000090743,,species,,,,
urn:lsid:ipni.org:names:77381065-1,"Zainudin, Idris & Yudistira",,,,,,71(3): 478,,9,,7,,ZBA301090724,2024,,Zainudin,,,04/06/2026 13:59,05/06/2026 15:04,"Kalimantan (Borneo, Malesia, Asia-Tropical)",E,Gesneriaceae,Aeschynanthus luteoflorus,Aeschynanthus luteoflorus,Aeschynanthus,,f,f,,,,,,,,1,44,29,"East Kalimantan, Paser, Muara Komam, Langun, Mt. Bentol, Sarempakang Complex,  Northern Meratus Mountain, 396 m",115,42,56,,,,,,S,,,,,,,,,331325-2,Taiwania,urn:lsid:ipni.org:publications:2979-2,2026,2026 [24 May 2026],[24 May 2026],"Zainudin, Idris & Yudistira",spec.,Taiwania 71(3): 478. 2026 [24 May 2026] ,,"doi:10.6165/tai.2026.71.477 [english] Etymology: the specific epithet refers to the flower color; 'luteoflorus' translates to yellow-flowered. This term is a combination of two Latin roots: luteus (yellow) and florus (derived from flos, flower).",,,11,luteoflorus,,,f,t,,holotype WAN;isotype BO,,,,,Idris@20099070-1@2@aut$Zainudin@20099069-1@1@aut$Yudistira@20045086-1@3@aut,,,tax. nov.,,1.5,f,aeschynanthus~luteoflorus,gesneriaceaeaeschynanthus~luteoflorus~,101,wfo-1000090744,,species,,,,
urn:lsid:ipni.org:names:77381066-1,Sanchir,,,,,,8(2): 98,,,,,,,,,,,,05/06/2026 00:43,07/06/2026 23:45,,,Leguminosae,Hedysarum microphyllum var. polyarticulatum,Hedysarum microphyllum var. polyarticulatum,Hedysarum,,f,f,,,,,polyarticulatum,,,,,,,,,,"nom. inval.    Multiple collections cited, and Type collection not indicated",,nom. inval.,,,,,,,,,,,,927413-1,Shinzhl. Ukhaany Akad. Med.,urn:lsid:ipni.org:publications:20064361-1,1968,1968,,Sanchir,var.,Shinzhl. Ukhaany Akad. Med. 8(2): 98. 1968 ,,,,,9,microphyllum,Thunb.,,f,t,,,,,,,Sanchir@8876-1@1@aut,Turcz.@10909-1@1@aut,,tax. nov.,,1.2,f,hedysarum~microphyllumpolyarticulatum,leguminosaehedysarum~microphyllumpolyarticulatum,102,wfo-1200119006,,variety,,,,
urn:lsid:ipni.org:names:77381067-1,Lipsch. & Krasch.,,,,,,45,,,,,,,,,,,,05/06/2026 01:44,05/06/2026 15:08,,,Asteraceae,Scorzonera sect. Papposa,Scorzonera sect. Papposa,Scorzonera,,f,f,,,,papposa,,,,,,,,,,,,,,,,,,,,,,,,,30092856-2,Fragm. monogr. Scorzonera,urn:lsid:ipni.org:publications:20004704-1,1935,1935 [Feb 1935],[Feb 1935],Lipsch. & Krasch.,sect.,Fragm. monogr. Scorzonera 45. 1935 [Feb 1935] ,,Name added via registration. Protologue not seen by the IPNI editors.,,,8,,,,f,t,,,Scorzonera papposa DC.,,,,Lipsch.@12655-1@1@aut$Krasch.@5027-1@2@aut,,,tax. nov.,,1.3,f,scorzonerapapposa,asteraceaescorzonerapapposa~~,103,wfo-1200119085,,section,,,,
urn:lsid:ipni.org:names:77381068-1,Mill.,,,,,,[unpaged],,,,,,,,,,,,05/06/2026 04:57,05/06/2026 15:25,,,Brassicaceae,Napus sylvestris,Napus sylvestris,Napus,,f,f,,,,,,,,,,,,,,,,,,,,,,,,,,,,,12825-1,"Gard. Dict. Abr., ed. 4.",urn:lsid:ipni.org:publications:8134-2,1754,1754 [28 Jan 1754],[28 Jan 1754],Mill.,spec.,"Gard. Dict. Abr., ed. 4. [unpaged]. 1754 [28 Jan 1754] ",,,,,8,sylvestris,,,f,t,,,,,,,Mill.@6485-1@1@aut,,44046503,tax. nov.,,1.4,f,napus~sylvestris,brassicaceaenapus~sylvestris~,104,wfo-1000090745,,species,,,,
urn:lsid:ipni.org:names:77381069-1,Endl. ex Harv.,,,,,,1: 61,,,,,,,,,,,,05/06/2026 06:34,05/06/2026 11:35,,,Loasaceae,Kissenia capensis,Kissenia capensis,Kissenia,,f,f,,,,,,,,,,,,,,,,,,,,,,,,,,,,permitted alternative name of:Loasaceae Kissenia mentzelioides R.Br. ex Harv.,24996-1,Thes. Cap.,urn:lsid:ipni.org:publications:3743-2,1859,1859,,Endl. ex Harv.,spec.,"Thes. Cap. 1: 61. 1859 , as 'Fissenia'",", as 'Fissenia'","Note: As 'Fissinia Mentzelioides R.Br.' on plate XCVIII, but as 'Fissenia Capensis' on p. 61 (alternative names).",,,8,capensis,,,f,t,,,,,,,Endl.@18490-1@1@aut$Harv.@3705-1@2@autEx,,,tax. nov.,545128-1,1.3,f,kissenia~capensis,loasaceaekissenia~capensis~,105,wfo-1200119086,,species,,,,
urn:lsid:ipni.org:names:77381070-1,(Endl. ex Harv.) R.H.Acuña & Holstein,Loasaceae Kissenia capensis Endl. ex Harv.,(Endl. ex Harv.),77381069-1,,,195: 192,,,,,,,,,,,,05/06/2026 09:27,05/06/2026 09:27,,,Loasaceae,Cnidone capensis,Cnidone capensis,Cnidone,,f,f,,,,,,,,,,,,,,,,,,,,,,,,,,,,,24984-1,S. African J. Bot.,urn:lsid:ipni.org:publications:3410-2,2026,2026 [29 May 2026],[29 May 2026],R.H.Acuña & Holstein,spec.,S. African J. Bot. 195: 192. 2026 [29 May 2026] ,,doi:10.1016/j.sajb.2026.05.035,,,11,capensis,,,f,t,,,,,,,Holstein@20017304-1@2@aut$Endl.@18490-1@3@bas$Harv.@3705-1@4@basEx$R.H.Acuña@20012477-2@1@aut,,,comb. nov.,,1.1,f,cnidone~capensis,loasaceaecnidone~capensis~,106,wfo-1000090746,,species,,,,
urn:lsid:ipni.org:names:77381071-1,(Arn. ex Chiov.) R.H.Acuña & Holstein,Loasaceae Kissenia arabica Arn. ex Chiov.,(Arn. ex Chiov.),77120293-1,,,195: 194,,,,,,,,,,,,05/06/2026 09:29,05/06/2026 09:43,,,Loasaceae,Cnidone arabica,Cnidone arabica,Cnidone,,f,f,,,,,,,,,,,,,,,,,,,,,,,,,,,,,24984-1,S. African J. Bot.,urn:lsid:ipni.org:publications:3410-2,2026,2026 [29 May 2026],[29 May 2026],R.H.Acuña & Holstein,spec.,S. African J. Bot. 195: 194. 2026 [29 May 2026] ,,doi:10.1016/j.sajb.2026.05.035,,,11,arabica,,,f,t,,,,,,,Arn.@281-1@3@bas$R.H.Acuña@20012477-2@1@aut$Chiov.@1600-1@4@basEx$Holstein@20017304-1@2@aut,,,comb. nov.,,1.2,f,cnidone~arabica,loasaceaecnidone~arabica~,107,wfo-1000090747,,species,,,,
urn:lsid:ipni.org:names:77381072-1,Lex.,,,,,,2(Orchid. Opusc.): [front cover/contents page],,,,,,,,,,,,05/06/2026 10:25,16/06/2026 16:06,,,Orchidaceae,Epidendrum adenocarpum,Epidendrum adenocarpum,Epidendrum,,f,f,,,,,,,,,,,,,,,,,,,,,,,,,,,631256-1,orthographic variant of:Orchidaceae Epidendrum adenocarpon Lex.,326435-2,Nov. Veg. Descr. [La Llave & Lexarza],urn:lsid:ipni.org:publications:1459-2,1825,1825,,Lex.,spec.,Nov. Veg. Descr. [La Llave & Lexarza] 2(Orchid. Opusc.): [front cover/contents page]. 1825 ,,Note: Orthographic variants E. adenocarpum (Latin) and E. adenocarpon (Greek) 'conform and suit equally well' according to Art. 61.3 ICN (2025). See further notes on record for Encyclia adenocarpos (Lex.) Schltr. (1914).,,,8,adenocarpum,,,f,t,,,,,,,Lex.@5546-1@1@aut,,,tax. nov.,,1.3,f,epidendrum~adenocarpum,orchidaceaeepidendrum~adenocarpum~,108,wfo-1000090748,,species,,,,
urn:lsid:ipni.org:names:77381073-1,Hajong & Bharali,,,,,,2026(x)-e05091: 2,,17,,7,,BH029,2023,,B.Hajong,,,05/06/2026 11:04,05/06/2026 11:04,"Arunachal Pradesh (East Himalaya, Indian Subcontinent, Asia-Tropical)",E,Berberidaceae,Berberis pseudovirescens,Berberis pseudovirescens,Berberis,,f,f,,,,,,,,27,36,43,"Tawang District, Tawang to PTSO lake road, 3674 m",91,51,35,,,,,,N,,,,,,,,,328526-2,Nordic J. Bot.,urn:lsid:ipni.org:publications:2633-2,2026,2026 [11 Mar 2026],[11 Mar 2026],Hajong & Bharali,spec.,Nordic J. Bot. 2026(x)-e05091: 2. [11 Mar 2026] ,,doi:10.1002/njb.05091,,,11,pseudovirescens,,,f,t,,holotype CAL;isotype ASSAM,,,,,Hajong@20071303-1@1@aut$Bharali@20030172-1@2@aut,,,tax. nov.,,1.1,f,berberis~pseudovirescens,berberidaceaeberberis~pseudovirescens~,109,wfo-1000090749,,species,,,,
urn:lsid:ipni.org:names:77381074-1,"M.Q.Han, H.Jiang & Yang Wang",,,,,,276: 19,,27,,8,,HMQ2486,2025,,Mengqi Han &amp; Yang Wang,,,05/06/2026 13:26,09/06/2026 11:33,"Yunnan (China South-Central, China, Asia-Temperate)",E,Gesneriaceae,Oreocharis fulvovillosa,Oreocharis fulvovillosa,Oreocharis,,f,f,,,,,,,,24,14,,"Dehong Dai and Jingpo Autonomous Prefecture, Mang city, 1950 m",98,21,,,,,,,N,,,,,,,,,331814-2,PhytoKeys,urn:lsid:ipni.org:publications:20011997-1,2026,2026 [8 Jun 2026],[8 Jun 2026],"M.Q.Han, H.Jiang & Yang Wang",spec.,PhytoKeys 276: 19. 2026 [8 Jun 2026] ,,"doi:10.3897/phytokeys.276.182136 [english] Etymology: name refers to the fulvous (yellowish) colour of the long, soft hairs on the petioles.",,,11,fulvovillosa,,,f,t,,holotype KUN KUN1729596;isotype PE;isotype CDIB CDBI0309749,,,,,H.Jiang@20078120-1@2@aut$Yang Wang@20089948-1@3@aut$M.Q.Han@20023056-1@1@aut,,,tax. nov.,,1.3,f,oreocharis~fulvovillosa,gesneriaceaeoreocharis~fulvovillosa~,110,wfo-1000090750,,species,,,,
urn:lsid:ipni.org:names:77381075-1,(Mill.) Weston,Brassicaceae Napus sylvestris Mill.,(Mill.),77381068-1,,,2: 122,,,,,,,,,,,,05/06/2026 13:28,05/06/2026 15:11,,,Brassicaceae,Brassica napus var. sylvestris,Brassica napus var. sylvestris,Brassica,,f,f,,,,,sylvestris,,,,,,,,,,,,,,,,,,,,,,,null:,279419-1,Bot. Univ.,urn:lsid:ipni.org:publications:15930-2,1771,1771,,Weston,var.,Bot. Univ. 2: 122. 1771 ,,https://www.google.com/books/edition/The_Universal_Botanist_and_Nurseryman/05wy-92RAmoC?gbpv=1&pg=PA122,,,11,napus,L.,,f,t,,,,,,,Weston@11592-1@1@aut$Mill.@6485-1@2@bas,L.@0-0@1@aut,,comb. et stat. nov.,,1.3,f,brassica~napussylvestris,brassicaceaebrassica~napussylvestris,111,wfo-1200119007,,variety,,,,
urn:lsid:ipni.org:names:77381076-1,Weston,,,,,,2: 122,,,,,,,,,,,,05/06/2026 13:31,05/06/2026 15:13,,,Brassicaceae,Brassica napus var. alba,Brassica napus var. alba,Brassica,,f,f,,,,,alba,,,,,,,,,,,,,,,,,,,,,,,,279419-1,Bot. Univ.,urn:lsid:ipni.org:publications:15930-2,1771,1771,,Weston,var.,Bot. Univ. 2: 122. 1771 ,,https://www.google.com/books/edition/The_Universal_Botanist_and_Nurseryman/05wy-92RAmoC?gbpv=1&pg=PA122,,,8,napus,L.,,f,t,,,,,,,Weston@11592-1@1@aut,L.@0-0@1@aut,,tax. nov.,,1.3,f,brassica~napusalba,brassicaceaebrassica~napusalba,112,wfo-1200119087,,variety,,,,
urn:lsid:ipni.org:names:77381077-1,Weston,,,,,,2: 122,,,,,,,,,,,,05/06/2026 13:45,05/06/2026 15:14,,,Brassicaceae,Brassica napus var. nigra,Brassica napus var. nigra,Brassica,,f,f,,,,,nigra,,,,,,,,,,,,,,,,,,,,,,,,279419-1,Bot. Univ.,urn:lsid:ipni.org:publications:15930-2,1771,1771,,Weston,var.,Bot. Univ. 2: 122. 1771 ,,https://www.google.com/books/edition/Botanicus_Universalis_Et_Hortulanus/8f8CAAAAYAAJ?gbpv=1&pg=RA1-PA122,,,8,napus,L.,,f,t,,,,,,,Weston@11592-1@1@aut,L.@0-0@1@aut,,tax. nov.,,1.3,f,brassica~napusnigra,brassicaceaebrassica~napusnigra,113,wfo-1200119008,,variety,,,,
urn:lsid:ipni.org:names:77381078-1,Weston,,,,,,2: 122,,,,,,,,,,,,05/06/2026 13:48,05/06/2026 15:15,,,Brassicaceae,Brassica napus var. lutea,Brassica napus var. lutea,Brassica,,f,f,,,,,lutea,,,,,,,,,,,,,,,,,,,,,,,,279419-1,Bot. Univ.,urn:lsid:ipni.org:publications:15930-2,1771,1771,,Weston,var.,Bot. Univ. 2: 122. 1771 ,,https://www.google.com/books/edition/Botanicus_Universalis_Et_Hortulanus/8f8CAAAAYAAJ?gbpv=1&pg=RA1-PA122,,,8,napus,L.,,f,t,,,,,,,Weston@11592-1@1@aut,L.@0-0@1@aut,,tax. nov.,,1.3,f,brassica~napuslutea,brassicaceaebrassica~napuslutea,114,wfo-1200119009,,variety,,,,
urn:lsid:ipni.org:names:77381079-1,Weston,,,,,,2: 122,,,,,,,,,,,,05/06/2026 13:49,05/06/2026 15:16,,,Brassicaceae,Brassica napus var. maxima,Brassica napus var. maxima,Brassica,,f,f,,,,,maxima,,,,,,,,,,,,,,,,,,,,,,,,279419-1,Bot. Univ.,urn:lsid:ipni.org:publications:15930-2,1771,1771,,Weston,var.,Bot. Univ. 2: 122. 1771 ,,https://www.google.com/books/edition/Botanicus_Universalis_Et_Hortulanus/8f8CAAAAYAAJ?gbpv=1&pg=RA1-PA122,,,8,napus,L.,,f,t,,,,,,,Weston@11592-1@1@aut,L.@0-0@1@aut,,tax. nov.,,1.3,f,brassica~napusmaxima,brassicaceaebrassica~napusmaxima,115,wfo-1200119010,,variety,,,,
urn:lsid:ipni.org:names:77381080-1,(Kuang & H.C.Fu) Sanchir,Leguminosae Caragana intermedia Kuang & H.C.Fu,(Kuang & H.C.Fu),483842-1,,,18(2): 35,,,,,,,,,,,,05/06/2026 14:39,05/06/2026 14:39,,,Leguminosae,Caragana korshinskii subsp. intermedia,Caragana korshinskii subsp. intermedia,Caragana,,f,f,,,,,intermedia,,,,,,,,,,,,,,,,,,,,,,,,483847-1,Shinzhl. Ukhaany Akad. Med.,urn:lsid:ipni.org:publications:20064361-1,1988,1988,,Sanchir,subsp.,Shinzhl. Ukhaany Akad. Med. 18(2): 35. 1988 ,,,,,11,korshinskii,Kom.,,f,t,,,,,,,Kuang@15241-1@2@bas$Sanchir@8876-1@1@aut$H.C.Fu@13747-1@3@bas,Kom.@4948-1@1@aut,,comb. et stat. nov.,,1.1,f,caragana~korshinskiiintermedia,leguminosaecaragana~korshinskiiintermedia,116,wfo-1200119088,,subspecies,,,,
urn:lsid:ipni.org:names:77381081-1,Weston,,,,,,2: 121,,,,,,,,,,,,05/06/2026 14:43,05/06/2026 15:17,,,Brassicaceae,Brassica rapa var. candida,Brassica rapa var. candida,Brassica,,f,f,,,,,candida,,,,,,,,,,,,,,,,,,,,,,,,279485-1,Bot. Univ.,urn:lsid:ipni.org:publications:15930-2,1771,1771,,Weston,var.,Bot. Univ. 2: 121. 1771 ,,https://www.google.com/books/edition/Botanicus_Universalis_Et_Hortulanus/8f8CAAAAYAAJ?gbpv=1&pg=RA1-PA121,,,8,rapa,L.,,f,t,,,,,,,Weston@11592-1@1@aut,L.@0-0@1@aut,,tax. nov.,,1.3,f,brassica~rapacandida,brassicaceaebrassica~rapacandida,117,wfo-1200119011,,variety,,,,
urn:lsid:ipni.org:names:77381082-1,Weston,,,,,,2: 121,,,,,,,,,,,,05/06/2026 14:44,05/06/2026 15:18,,,Brassicaceae,Brassica rapa var. viridis,Brassica rapa var. viridis,Brassica,,f,f,,,,,viridis,,,,,,,,,,,,,,,,,,,,,,,,279485-1,Bot. Univ.,urn:lsid:ipni.org:publications:15930-2,1771,1771,,Weston,var.,Bot. Univ. 2: 121. 1771 ,,https://www.google.com/books/edition/Botanicus_Universalis_Et_Hortulanus/8f8CAAAAYAAJ?gbpv=1&pg=RA1-PA121,,,8,rapa,L.,,f,t,,,,,,,Weston@11592-1@1@aut,L.@0-0@1@aut,,tax. nov.,,1.3,f,brassica~rapaviridis,brassicaceaebrassica~rapaviridis,118,wfo-1200119089,,variety,,,,
urn:lsid:ipni.org:names:77381083-1,Weston,,,,,,2: 121,,,,,,,,,,,,05/06/2026 14:45,05/06/2026 15:19,,,Brassicaceae,Brassica rapa var. nigricans,Brassica rapa var. nigricans,Brassica,,f,f,,,,,nigricans,,,,,,,,,,,,,,,,,,,,,,,,279485-1,Bot. Univ.,urn:lsid:ipni.org:publications:15930-2,1771,1771,,Weston,var.,Bot. Univ. 2: 121. 1771 ,,https://www.google.com/books/edition/Botanicus_Universalis_Et_Hortulanus/8f8CAAAAYAAJ?gbpv=1&pg=RA1-PA121,,,8,rapa,L.,,f,t,,,,,,,Weston@11592-1@1@aut,L.@0-0@1@aut,,tax. nov.,,1.3,f,brassica~rapanigricans,brassicaceaebrassica~rapanigricans,119,wfo-1200119090,,variety,,,,
urn:lsid:ipni.org:names:77381084-1,Weston,,,,,,2: 122,,,,,,,,,,,,05/06/2026 14:47,05/06/2026 15:20,,,Brassicaceae,Brassica rapa var. punicea,Brassica rapa var. punicea,Brassica,,f,f,,,,,punicea,,,,,,,,,,,,,,,,,,,,,,,,279485-1,Bot. Univ.,urn:lsid:ipni.org:publications:15930-2,1771,1771,,Weston,var.,Bot. Univ. 2: 122. 1771 ,,https://www.google.com/books/edition/Botanicus_Universalis_Et_Hortulanus/8f8CAAAAYAAJ?gbpv=1&pg=RA1-PA122,,,8,rapa,L.,,f,t,,,,,,,Weston@11592-1@1@aut,L.@0-0@1@aut,,tax. nov.,,1.3,f,brassica~rapapunicea,brassicaceaebrassica~rapapunicea,120,wfo-1200119091,,variety,,,,
urn:lsid:ipni.org:names:77381085-1,(Sanchir) Sanchir & N.Ulziykh.,Leguminosae Caragana davazamcii Sanchir,(Sanchir),483821-1,,,18(2): 37,,,,,,,,,,,,05/06/2026 14:47,05/06/2026 14:47,,,Leguminosae,Caragana korshinskii subsp. davazamcii,Caragana korshinskii subsp. davazamcii,Caragana,,f,f,,,,,davazamcii,,,,,,,,,,,,,,,,,,,,,,,,483847-1,Shinzhl. Ukhaany Akad. Med.,urn:lsid:ipni.org:publications:20064361-1,1988,1988,,Sanchir & N.Ulziykh.,subsp.,Shinzhl. Ukhaany Akad. Med. 18(2): 37. 1988 ,,,,,11,korshinskii,Kom.,,f,t,,,,,,,Sanchir@8876-1@1@aut$Sanchir@8876-1@3@bas$N.Ulziykh.@10977-1@2@aut,Kom.@4948-1@1@aut,,comb. et stat. nov.,,1.1,f,caragana~korshinskiidavazamcii,leguminosaecaragana~korshinskiidavazamcii,121,wfo-1200119092,,subspecies,,,,
urn:lsid:ipni.org:names:77381086-1,Weston,,,,,,2: 122,,,,,,,,,,,,05/06/2026 14:48,05/06/2026 15:21,,,Brassicaceae,Brassica rapa var. flavescens,Brassica rapa var. flavescens,Brassica,,f,f,,,,,flavescens,,,,,,,,,,,,,,,,,,,,,,,,279485-1,Bot. Univ.,urn:lsid:ipni.org:publications:15930-2,1771,1771,,Weston,var.,Bot. Univ. 2: 122. 1771 ,,https://www.google.com/books/edition/Botanicus_Universalis_Et_Hortulanus/8f8CAAAAYAAJ?gbpv=1&pg=RA1-PA122,,,8,rapa,L.,,f,t,,,,,,,Weston@11592-1@1@aut,L.@0-0@1@aut,,tax. nov.,,1.3,f,brassica~rapaflavescens,brassicaceaebrassica~rapaflavescens,122,wfo-1200119093,,variety,,,,
urn:lsid:ipni.org:names:77381087-1,Weston,,,,,,2: 122,,,,,,,,,,,,05/06/2026 14:49,05/06/2026 15:22,,,Brassicaceae,Brassica rapa var. praecox,Brassica rapa var. praecox,Brassica,,f,f,,,,,praecox,,,,,,,,,,,,,,,,,,,,,,,,279485-1,Bot. Univ.,urn:lsid:ipni.org:publications:15930-2,1771,1771,,Weston,var.,Bot. Univ. 2: 122. 1771 ,,https://www.google.com/books/edition/Botanicus_Universalis_Et_Hortulanus/8f8CAAAAYAAJ?gbpv=1&pg=RA1-PA122,,,8,rapa,L.,,f,t,,,,,,,Weston@11592-1@1@aut,L.@0-0@1@aut,,tax. nov.,,1.3,f,brassica~rapapraecox,brassicaceaebrassica~rapapraecox,123,wfo-1200119012,,variety,,,,
urn:lsid:ipni.org:names:77381088-1,(Sanchir) Sanchir & Yakovlev,Leguminosae Caragana davazamcii Sanchir,(Sanchir),483821-1,,,18(2): 37,,,,,,,,,,,,05/06/2026 14:53,05/06/2026 14:53,,,Leguminosae,Caragana korshinskii var. davazamcii,Caragana korshinskii var. davazamcii,Caragana,,f,f,,,,,davazamcii,923080-1,,,,,,,,,isonym,,isonym,,,,,,,,,,,,483847-1,Shinzhl. Ukhaany Akad. Med.,urn:lsid:ipni.org:publications:20064361-1,1988,1988,,Sanchir & Yakovlev,var.,Shinzhl. Ukhaany Akad. Med. 18(2): 37. 1988 ,,,,,13,korshinskii,Kom.,,f,t,,,,,,,Yakovlev@11918-1@2@aut$Sanchir@8876-1@1@aut$Sanchir@8876-1@3@bas,Kom.@4948-1@1@aut,,comb. nov.,,1.1,f,caragana~korshinskiidavazamcii,leguminosaecaragana~korshinskiidavazamcii,124,wfo-1200119094,,variety,,,,
urn:lsid:ipni.org:names:77381089-1,Massalski,,,,,,1886(846): 3,,,,,,,,,,,,05/06/2026 15:33,05/06/2026 15:33,,,Ericaceae,Rhododendron lazicum,Rhododendron lazicum,Rhododendron,,f,f,,,,,,,,,,,,,,,nom. superfl.,,,,,,,,,,,,,,327085-2,Novoe Obozr.,urn:lsid:ipni.org:publications:20064578-1,1886,1886 [19 Jun 1886],[19 Jun 1886],Massalski,spec.,"Novoe Obozr. 1886(846): 3. [19 Jun 1886] ,  col. 1",",  col. 1",Nom. nov. for both Rhododendron ungernii Trautv. & Rhododendron smirnowii Trautv.,333531-1,,10,lazicum,,"333531-1,333368-1",f,t,,,,,,,Massalski@6199-1@1@aut,,,nom. nov.,,1.1,f,rhododendron~lazicum,ericaceaerhododendron~lazicum~,125,wfo-1000090751,,species,,,,
urn:lsid:ipni.org:names:77381090-1,Kom.,,,,,,29: 348,,,,,,,,,,,,05/06/2026 15:53,23/06/2026 09:56,,,Leguminosae,Caragana microphylla f. tomentosa,Caragana microphylla f. tomentosa,Caragana,,f,f,,,,,tomentosa,,,,,,"'Zabolotny, Mong. orient.'",,,,,,,,,,,,,,,,,,483860-1,Trudy Imp. S.-Peterburgsk. Bot. Sada,urn:lsid:ipni.org:publications:1410-2,1909,1909,,Kom.,f.,Trudy Imp. S.-Peterburgsk. Bot. Sada 29: 348. 1909 ,,,,,8,microphylla,Lam.,,f,t,,,,,,,Kom.@4948-1@1@aut,Lam.@5227-1@1@aut,,tax. nov.,,1.2,f,caragana~microphyllatomentosa,leguminosaecaragana~microphyllatomentosa,126,wfo-0001445087,,form,,,,
urn:lsid:ipni.org:names:77381091-1,Kom.,,,,,,29: 348,,,,,,,,,,,,05/06/2026 15:55,05/06/2026 15:55,,,Leguminosae,Caragana microphylla f. viridis,Caragana microphylla f. viridis,Caragana,,f,f,,,,,viridis,,,,,,"'Klementz, Mongolia sept. ad rivulum Achyrtein, 1897'",,,,,,,,,,,,,,,,,,483860-1,Trudy Imp. S.-Peterburgsk. Bot. Sada,urn:lsid:ipni.org:publications:1410-2,1909,1909,,Kom.,f.,Trudy Imp. S.-Peterburgsk. Bot. Sada 29: 348. 1909 ,,,,,8,microphylla,Lam.,,f,t,,,,,,,Kom.@4948-1@1@aut,Lam.@5227-1@1@aut,,tax. nov.,,1.1,f,caragana~microphyllaviridis,leguminosaecaragana~microphyllaviridis,127,wfo-0001062477,,form,,,,
urn:lsid:ipni.org:names:77381092-1,Kom.,,,,,,29: 348,,,,,,,,,,,,05/06/2026 15:57,05/06/2026 15:57,,,Leguminosae,Caragana microphylla f. cinerea,Caragana microphylla f. cinerea,Caragana,,f,f,,,,,cinerea,,,,,,"'Potanin, Mongolia orient., Kulun-buir-nor'",,,,,,,,,,,,,,,,,,483860-1,Trudy Imp. S.-Peterburgsk. Bot. Sada,urn:lsid:ipni.org:publications:1410-2,1909,1909,,Kom.,f.,Trudy Imp. S.-Peterburgsk. Bot. Sada 29: 348. 1909 ,,,,,8,microphylla,Lam.,,f,t,,,,,,,Kom.@4948-1@1@aut,Lam.@5227-1@1@aut,,tax. nov.,,1.1,f,caragana~microphyllacinerea,leguminosaecaragana~microphyllacinerea,128,wfo-0001062479,,form,,,,
urn:lsid:ipni.org:names:77381093-1,Kom.,,,,,,29: 348,,,,,,,,,,,,05/06/2026 15:59,05/06/2026 15:59,,,Leguminosae,Caragana microphylla f. daurica,Caragana microphylla f. daurica,Caragana,,f,f,,,,,daurica,,,,,,"'Liwinow, 1902, Manshuria occid. distr. Chailar'",,,,,,,,,,,,,,,,,,483860-1,Trudy Imp. S.-Peterburgsk. Bot. Sada,urn:lsid:ipni.org:publications:1410-2,1909,1909,,Kom.,f.,Trudy Imp. S.-Peterburgsk. Bot. Sada 29: 348. 1909 ,,,,,8,microphylla,Lam.,,f,t,,,,,,,Kom.@4948-1@1@aut,Lam.@5227-1@1@aut,,tax. nov.,,1.1,f,caragana~microphylladaurica,leguminosaecaragana~microphylladaurica,129,wfo-0001062478,,form,,,,
urn:lsid:ipni.org:names:77381095-1,Kom.,,,,,,29: 348,,,,,,,,,,,,05/06/2026 16:00,05/06/2026 16:00,,,Leguminosae,Caragana microphylla f. pallasiana,Caragana microphylla f. pallasiana,Caragana,,f,f,,,,,pallasiana,,,,,,,,,,,,,,,,,,,,,,,,483860-1,Trudy Imp. S.-Peterburgsk. Bot. Sada,urn:lsid:ipni.org:publications:1410-2,1909,1909,,Kom.,f.,Trudy Imp. S.-Peterburgsk. Bot. Sada 29: 348. 1909 ,,Protologue: 'seu typica',,,8,microphylla,Lam.,,f,t,,,,,,,Kom.@4948-1@1@aut,Lam.@5227-1@1@aut,,tax. nov.,,1.1,f,caragana~microphyllapallasiana,leguminosaecaragana~microphyllapallasiana,130,wfo-0001062476,,form,,,,
urn:lsid:ipni.org:names:77381096-1,Hochst. ex A.Rich.,,,,,,1: 54,,,,,,,,,,,,05/06/2026 16:03,05/06/2026 16:03,,,Malvaceae,Hibiscus adoensis,Hibiscus adoensis,Hibiscus,,f,f,,,,,,,,,,,,,,,,,,,,,,,,,,,,,328182-2,Tent. Fl. Abyss.,urn:lsid:ipni.org:publications:1081-2,1848,1848,,Hochst. ex A.Rich.,spec.,Tent. Fl. Abyss. 1: 54. 1848 ,,,,,8,adoensis,,,f,t,,,,,,,A.Rich.@8349-1@2@autEx$Hochst.@3983-1@1@aut,,,tax. nov.,,1.1,f,hibiscus~adoensis,malvaceaehibiscus~adoensis~,131,wfo-1200119095,,species,,,,
urn:lsid:ipni.org:names:77381097-1,(Kom.) Sanchir,Leguminosae Caragana microphylla Lam. f. tomentosa Kom.,(Kom.),77381090-1,,,18(2): 37,,,,,,,,,,,,05/06/2026 16:08,05/06/2026 16:08,,,Leguminosae,Caragana korshinskii var. tomentosa,Caragana korshinskii var. tomentosa,Caragana,,f,f,,,,,tomentosa,,,,,,,,,,,,,,,,,,,,,,,,483847-1,Shinzhl. Ukhaany Akad. Med.,urn:lsid:ipni.org:publications:20064361-1,1988,1988,,Sanchir,var.,Shinzhl. Ukhaany Akad. Med. 18(2): 37. 1988 ,,,,,11,korshinskii,Kom.,,f,t,,,,,,,Sanchir@8876-1@1@aut$Kom.@4948-1@2@bas,Kom.@4948-1@1@aut,,comb. nov.,,1.1,f,caragana~korshinskiitomentosa,leguminosaecaragana~korshinskiitomentosa,132,wfo-1200119013,,variety,,,,
urn:lsid:ipni.org:names:77381098-1,Borbás,,,,,,1: 222,,,,,,,,,,,,05/06/2026 16:16,05/06/2026 16:16,,,Violaceae,Viola × carpatica,Viola × carpatica,Viola,,t,f,,,,,,,,,,,,,,,,,,,,,,,,,,,,,30000540-2,"Syn. Deut. Schweiz. Fl., ed. 3.",urn:lsid:ipni.org:publications:9993-2,1890,1890,,Borbás,spec.,"Syn. Deut. Schweiz. Fl., ed. 3. 1: 222. 1890 ",,Protologue not seen by the IPNI editors. If you have access to the protologue please email a copy to us via the 'contact us' link at the top of the page.,,,8,carpatica,,,f,t,,,,,,,Borbás@977-1@1@aut,,,tax. nov.,,1.1,f,viola~carpatica,violaceaeviola~carpatica~,133,wfo-0000426438,,species,,,,
urn:lsid:ipni.org:names:77381099-1,(L.) Weston,Brassicaceae Brassica erucastrum L.,(L.),324635-2,,,2: 122,,,,,,,,,,,,05/06/2026 16:26,08/06/2026 10:14,,,Brassicaceae,Brassica eruca var. erucastrum,Brassica eruca var. erucastrum,Brassica,,f,f,,,,,erucastrum,,,,,,,,,,,,,,,,,,,,,,,null:,324634-2,Bot. Univ.,urn:lsid:ipni.org:publications:15930-2,1771,1771,,Weston,var.,Bot. Univ. 2: 122. 1771 ,,,,,11,eruca,L.,,f,t,,,,,,,L.@12653-1@2@bas$Weston@11592-1@1@aut,L.@0-0@0@aut,,comb. et stat. nov.,,1.3,f,brassica~erucaerucastrum,brassicaceaebrassica~erucaerucastrum,134,wfo-1200119014,,variety,,,,
urn:lsid:ipni.org:names:77381100-1,Weston,,,,,,2: 122,,,,,,,,,,,,05/06/2026 16:30,08/06/2026 10:13,,,Brassicaceae,Brassica eruca var. striata,Brassica eruca var. striata,Brassica,,f,f,,,,,striata,,,,,,,,,,,,,,,,,,,,,,,,324634-2,Bot. Univ.,urn:lsid:ipni.org:publications:15930-2,1771,1771,,Weston,var.,Bot. Univ. 2: 122. 1771 ,,,,,8,eruca,L.,,f,t,,,,,,,Weston@11592-1@1@aut,L.@0-0@0@aut,,tax. nov.,,1.3,f,brassica~erucastriata,brassicaceaebrassica~erucastriata,135,wfo-1200119015,,variety,,,,
urn:lsid:ipni.org:names:77381101-1,Weston,,,,,,2: 122,,,,,,,,,,,,05/06/2026 16:31,08/06/2026 10:14,,,Brassicaceae,Brassica eruca var. dissecta,Brassica eruca var. dissecta,Brassica,,f,f,,,,,dissecta,,,,,,,,,,,,,,,,,,,,,,,,324634-2,Bot. Univ.,urn:lsid:ipni.org:publications:15930-2,1771,1771,,Weston,var.,Bot. Univ. 2: 122. 1771 ,,,,,8,eruca,L.,,f,t,,,,,,,Weston@11592-1@1@aut,L.@0-0@0@aut,,tax. nov.,,1.3,f,brassica~erucadissecta,brassicaceaebrassica~erucadissecta,136,wfo-1200119016,,variety,,,,
urn:lsid:ipni.org:names:77381102-1,Weston,,,,,,2: 123,,,,,,,,,,,,05/06/2026 16:44,08/06/2026 10:16,,,Brassicaceae,Brassica eruca var. bellidifolia,Brassica eruca var. bellidifolia,Brassica,,f,f,,,,,bellidifolia,,,,,,,,,,,,,,,,,,,,,,,,324634-2,Bot. Univ.,urn:lsid:ipni.org:publications:15930-2,1771,1771,,Weston,var.,Bot. Univ. 2: 123. 1771 ,,,,,8,eruca,L.,,f,t,,,,,,,Weston@11592-1@1@aut,L.@0-0@0@aut,,tax. nov.,,1.3,f,brassica~erucabellidifolia,brassicaceaebrassica~erucabellidifolia,137,wfo-1200119017,,variety,,,,
urn:lsid:ipni.org:names:77381103-1,(L.) Weston,Brassicaceae Brassica vesicaria L.,(L.),324636-2,,,2: 123,,,,,,,,,,,,05/06/2026 16:46,08/06/2026 10:15,,,Brassicaceae,Brassica eruca var. vesicaria,Brassica eruca var. vesicaria,Brassica,,f,f,,,,,vesicaria,,,,,,,,,,,,,,,,,,,,,,,null:,324634-2,Bot. Univ.,urn:lsid:ipni.org:publications:15930-2,1770,1770,,Weston,var.,Bot. Univ. 2: 123. 1770 ,,,,,11,eruca,L.,,f,t,,,,,,,Weston@11592-1@1@aut$L.@12653-1@2@bas,L.@0-0@0@aut,,comb. et stat. nov.,,1.3,f,brassica~erucavesicaria,brassicaceaebrassica~erucavesicaria,138,wfo-1200119018,,variety,,,,
urn:lsid:ipni.org:names:77381105-1,"O.Anguiano, J.Reyes & Maur.Caball.",,,,,,70(4): 103,,30,,3,,OA58,2025,,"O.Anguiano, J.Reyes, A.Islas, M.Caballero, A.Céspedes &amp; C.Guarachi",,,07/06/2026 10:36,08/06/2026 10:26,"Bolivia (Western South America, Southern America)",,Crassulaceae,Echeveria boliviana,Echeveria boliviana,Echeveria,,f,f,,,,,,,,,,,"Cochabamba, Carrasco Province, 200 m from the Cochabamba to Totora road, 2950 m",,,,,,,,,,,,,,,,,,30004414-2,Cact. Suc. Mex.,urn:lsid:ipni.org:publications:334-2,2025,2025 [Oct-Dec 2025],[Oct-Dec 2025],"O.Anguiano, J.Reyes & Maur.Caball.",spec.,Cact. Suc. Mex. 70(4): 103. 2025 [Oct-Dec 2025] ,,Etymology: the specific epithet refers to and pays tribute to the Republic of Bolivia on its 200th anniversary of independence.,,,11,boliviana,,,f,t,,holotype BOLV 35161;isotype LPB,,,,,Maur.Caball.@20099202-1@3@aut$J.Reyes@39468-1@2@aut$O.Anguiano@20093371-1@1@aut,,,tax. nov.,,1.3,f,echeveria~boliviana,crassulaceaeecheveria~boliviana~,139,wfo-1000090752,,species,,,,
urn:lsid:ipni.org:names:77381106-1,"O.Anguiano, J.Reyes, Islas & Maur.Caball.",,,,,,70(4): 106,,2,,3,,OA81,2024,,"O.Anguiano, J.Reyes, A.Islas, M.Caballero, A.Céspedes &amp; E.Uria",,,07/06/2026 10:41,08/06/2026 10:31,"Bolivia (Western South America, Southern America)",,Crassulaceae,Echeveria camba,Echeveria camba,Echeveria,,f,f,,,,,,,,,,,"Santa Cruz, Florida Province, 150 m south of the road from La Palizada to El Palo, 1545 m",,,,,,,,,,,,,,,,,,30004414-2,Cact. Suc. Mex.,urn:lsid:ipni.org:publications:334-2,2025,2025 [Oct-Dec 2025],[Oct-Dec 2025],"O.Anguiano, J.Reyes, Islas & Maur.Caball.",spec.,Cact. Suc. Mex. 70(4): 106. 2025 [Oct-Dec 2025] ,,"Etymology: the specific epithet is used as a demonym for the inhabitants of eastern Bolivia in the Santa Cruz, Beni, and Pando departments.",,,11,camba,,,f,t,,holotype BOLV 35160;isotype LPB;isotype USZ,,,,,Maur.Caball.@20099202-1@4@aut$J.Reyes@39468-1@2@aut$Islas@20024846-1@3@aut$O.Anguiano@20093371-1@1@aut,,,tax. nov.,,1.3,f,echeveria~camba,crassulaceaeecheveria~camba~,140,wfo-1000090753,,species,,,,
urn:lsid:ipni.org:names:77381107-1,"O.Anguiano, J.Reyes & Islas",,,,,,70(4): 110,,6,,2,,OA67,2025,,"O.Anguiano, J.Reyes, A.Islas, M.Caballero, A.Céspedes &amp; E.Uria",,,07/06/2026 10:49,08/06/2026 10:35,"Bolivia (Western South America, Southern America)",,Crassulaceae,Echeveria quillutika,Echeveria quillutika,Echeveria,,f,f,,,,,,,,,,,"Cochabamba, Narciso Campero Province, 20 m north from the road between Pasorapa and Rodeo, 2300 m",,,,,,,,,,,,,,,,,,30004414-2,Cact. Suc. Mex.,urn:lsid:ipni.org:publications:334-2,2025,2025 [Oct-Dec 2025],[Oct-Dec 2025],"O.Anguiano, J.Reyes & Islas",spec.,Cact. Suc. Mex. 70(4): 110. 2025 [Oct-Dec 2025] ,,"Etymology: the specific epithet derives from the Quechua q'illu (yellow) and t'ika (flower), referring to the bright yellow color of its flowers.",,,11,quillutika,,,f,t,,holotype BOLV 35159;isotype LPB,,,,,O.Anguiano@20093371-1@1@aut$Islas@20024846-1@3@aut$J.Reyes@39468-1@2@aut,,,tax. nov.,,1.3,f,echeveria~quillutika,crassulaceaeecheveria~quillutika~,141,wfo-1000090754,,species,,,,
urn:lsid:ipni.org:names:77381108-1,"O.Anguiano, Islas & J.Reyes",,,,,,70(4): 115,,7,,2,,OA84,2025,,"O.Anguiano, J.Reyes, A.Islas, M.Caballero, A.Céspedes &amp; E.Uria",,,07/06/2026 10:53,08/06/2026 10:37,"Bolivia (Western South America, Southern America)",,Crassulaceae,Echeveria vallegrandensis,Echeveria vallegrandensis,Echeveria,,f,f,,,,,,,,,,,"Santa Cruz, Vallegrande Province, km 17 between El Trigal and Vallegrande, 1980 m",,,,,,,,,,,,,,,,,,30004414-2,Cact. Suc. Mex.,urn:lsid:ipni.org:publications:334-2,2025,2025 [Oct-Dec 2025],[Oct-Dec 2025],"O.Anguiano, Islas & J.Reyes",spec.,Cact. Suc. Mex. 70(4): 115. 2025 [Oct-Dec 2025] ,,"Etymology: the epithet refers to Vallegrande Province in the Santa Cruz department, Bolivia, an important geographical and cultural center in thecentral-eastern region of the country.",,,11,vallegrandensis,,,f,t,,holotype BOLV 35158,,,,,O.Anguiano@20093371-1@1@aut$J.Reyes@39468-1@3@aut$Islas@20024846-1@2@aut,,,tax. nov.,,1.3,f,echeveria~vallegrandensis,crassulaceaeecheveria~vallegrandensis~,142,wfo-1000090755,,species,,,,
urn:lsid:ipni.org:names:77381110-1,C.Presl,,,,,,"ser. 4, 5: 205",,,,,,,,,,,,07/06/2026 18:46,07/06/2026 18:46,,,Grammitidaceae,trib. Grammitideae,trib. Grammitideae,,,f,f,,,grammitideae,,,,,,,,,,,,,,,,,,,,,,,,,,30400438-2,Abh. Königl. Böhm. Ges. Wiss.,urn:lsid:ipni.org:publications:5571-2,1836,1836 [ante 2 Dec 1836],[ante 2 Dec 1836],C.Presl,trib.,"Abh. Königl. Böhm. Ges. Wiss. ser. 4, 5: 205. 1836 [ante 2 Dec 1836] (as 'Grammitaceae')",(as 'Grammitaceae'),The published name Grammitaceae' corrected to 'Grammitideae' (Madrid Code Art. 19.7 apples),,,8,,,,f,t,,,Grammitis Sw.,,,,C.Presl@25074-1@1@aut,,,tax. nov.,,1.1,f,grammitidaceaegrammitideae,grammitidaceae~~~~,143,wfo-4100004416,,tribe,,,,
urn:lsid:ipni.org:names:77381111-1,(A.Kern.) Nyman,Boraginaceae Cerinthe smithiae A.Kern.,(A.Kern.),113835-1,,,3: 513,,,,,,,,,,,,07/06/2026 20:59,07/06/2026 20:59,,,Boraginaceae,Cerinthe longiflora subsp. smithiae,Cerinthe longiflora subsp. smithiae,Cerinthe,,f,f,,,,,smithiae,,,,,,,,,,,,,,,,,,,,,,,,113820-1,Consp. Fl. Eur.,urn:lsid:ipni.org:publications:894-2,1881,1881 [prob. Jul 1881],[prob. Jul 1881],Nyman,subsp.,Consp. Fl. Eur. 3: 513. 1881 [prob. Jul 1881] (as '*C. smithiae'),(as '*C. smithiae'),,,,11,longiflora,Viv.,,f,t,,,,,,,A.Kern.@4740-1@2@bas$Nyman@7069-1@1@aut,Viv.@28409-1@1@aut,,comb. et stat. nov.,,1.1,f,cerinthe~longiflorasmithiae,boraginaceaecerinthe~longiflorasmithiae,144,wfo-0000597879,,subspecies,,,,
urn:lsid:ipni.org:names:77381116-1,(DC.) C.F.W.Berg,Brassicaceae Brassica rapa L. [infrasp.unranked] depressa DC.,(DC.),77379600-1,,,31,,,,,,,,,,,,08/06/2026 03:33,08/06/2026 11:47,,,Brassicaceae,Brassica rapa subsp. depressa,Brassica rapa subsp. depressa,Brassica,,f,f,,,,,depressa,,,,,,,,,,,,,,,,,,,,,,,null:,279485-1,Arten Kohls Rettige,urn:lsid:ipni.org:publications:20064681-1,1824,1824,,C.F.W.Berg,subsp.,Arten Kohls Rettige 31. 1824 ,,,,,11,rapa,L.,,f,t,,,,,,,DC.@16855-1@2@bas$C.F.W.Berg@20099203-1@1@aut,L.@0-0@1@aut,,comb. nov.,,1.3,f,brassica~rapadepressa,brassicaceaebrassica~rapadepressa,145,wfo-1200119096,,subspecies,,,,
urn:lsid:ipni.org:names:77381117-1,(Mill.) C.F.W.Berg,Brassicaceae Rapa oblonga Mill.,(Mill.),288386-1,,,33,,,,,,,,,,,,08/06/2026 03:55,08/06/2026 11:49,,,Brassicaceae,Brassica rapa subsp. oblonga,Brassica rapa subsp. oblonga,Brassica,,f,f,,,,,oblonga,,,,,,,,,,,,,,,,,,,,,,,null:,279485-1,Arten Kohls Rettige,urn:lsid:ipni.org:publications:20064681-1,1824,1824,,C.F.W.Berg,subsp.,Arten Kohls Rettige 33. 1824 ,,,,,11,rapa,L.,,f,t,,,,,,,C.F.W.Berg@20099203-1@1@aut$Mill.@6485-1@2@bas,L.@0-0@1@aut,,comb. et stat. nov.,,1.3,f,brassica~rapaoblonga,brassicaceaebrassica~rapaoblonga,146,wfo-1200119097,,subspecies,,,,
urn:lsid:ipni.org:names:77381219-1,F.B.Weber,,,,,,2: 464,,,,,,,,,,,,08/06/2026 04:07,17/06/2026 12:18,,,Brassicaceae,Brassica napus var. hyberna,Brassica napus var. hyberna,Brassica,,f,f,,,,,hyberna,,,,,,,,,,,,,,,,,,,,,,,,279419-1,Allg. Deutsch. Termin. Ökon. Lex. Idiot.,urn:lsid:ipni.org:publications:20064789-1,1829,1829,,F.B.Weber,var.,Allg. Deutsch. Termin. Ökon. Lex. Idiot. 2: 464. 1829 ,,Rank unspecified but considered to be that of variety as per Art. 37.4 ICN (2025).,,,8,napus,L.,,f,t,,,,,,,F.B.Weber@20099403-1@1@aut,L.@0-0@1@aut,,tax. nov.,,1.6,f,brassica~napushyberna,brassicaceaebrassica~napushyberna,147,wfo-1200119019,,variety,,,,
urn:lsid:ipni.org:names:77381220-1,F.B.Weber,,,,,,2: 464,,,,,,,,,,,,08/06/2026 04:11,17/06/2026 12:20,,,Brassicaceae,Brassica napus var. aestiva,Brassica napus var. aestiva,Brassica,,f,f,,,,,aestiva,,,,,,,,,,,,,,,,,,,,,,,,279419-1,Allg. Deutsch. Termin. Ökon. Lex. Idiot.,urn:lsid:ipni.org:publications:20064789-1,1829,1829,,F.B.Weber,var.,Allg. Deutsch. Termin. Ökon. Lex. Idiot. 2: 464. 1829 ,,Rank unspecified but considered to be that of variety as per Art. 37.4 ICN (2025).,,,8,napus,L.,,f,t,,,,,,,F.B.Weber@20099403-1@1@aut,L.@0-0@1@aut,,tax. nov.,,1.6,f,brassica~napusaestiva,brassicaceaebrassica~napusaestiva,148,wfo-1200119098,,variety,,,,
urn:lsid:ipni.org:names:77381221-1,"E.S.S.Kumar, Shareef & T.Sabu",,,,,,18(3): 92,,15,,3,,85818,2010,,E.S.Santhosh Kumar &amp; S.M.Shareef,,,08/06/2026 06:01,12/06/2026 10:14,"Kerala (India, Indian Subcontinent, Asia-Tropical)",,Leguminosae,Humboldtia nairiana,Humboldtia nairiana,Humboldtia,,f,f,,,,,,,,,,,"Kollam District, Cheenikkala, c. 300 m",,,,,,,,,,,,,,,,,,22627-1,J. Pl. Dev. Sci.,urn:lsid:ipni.org:publications:20063680-1,2026,2026 [24 May 2026],[24 May 2026],"E.S.S.Kumar, Shareef & T.Sabu",spec.,J. Pl. Dev. Sci. 18(3): 92. 2026 [24 May 2026] ,,"[english] Etymology: named in honour of Prof. (Dr.) G. M. Nair, a distinguished Professor and former Director of  JNTBGRI, in recognition of his outstanding contributions to the field of Botany and plant conservation.",,,11,nairiana,,,f,t,,holotype TBGT;isotype MH;isotype CAL,,,,,E.S.S.Kumar@37643-1@1@aut$Shareef@20018646-1@2@aut$T.Sabu@25959-1@3@aut,,,tax. nov.,,1.3,f,humboldtia~nairiana,leguminosaehumboldtia~nairiana~,149,wfo-1000090756,,species,,,,
urn:lsid:ipni.org:names:77381222-1,Shareef & E.S.S.Kumar,,,,,,11(2): 370,,,,,,,,,,,,08/06/2026 06:22,09/06/2026 10:44,,,Myrtaceae,Eugenia lateritica,Eugenia lateritica,Eugenia,,f,f,,,,,,,,,,,,,,,,,,,,,,,,,,,,null:,326088-2,Int. J. Bot. Stud.,urn:lsid:ipni.org:publications:20045093-1,2026,2026 [4 Jun 2026],[4 Jun 2026],Shareef & E.S.S.Kumar,spec.,Int. J. Bot. Stud. 11(2): 370. 2026 [4 Jun 2026] ,,doi:10.66856/ijbs.2026.11.2.11134 Etymology: name refers to its occurrence on lateritic plateaus.,77381236-1,,9,lateritica,,,f,t,,,,,,,E.S.S.Kumar@37643-1@2@aut$Shareef@20018646-1@1@aut,,,nom. nov.,,1.4,f,eugenia~lateritica,myrtaceaeeugenia~lateritica~,150,wfo-1000090757,,species,,,,
urn:lsid:ipni.org:names:77381223-1,C.B.Clarke,,,,,,2(6): 637,,,,,,,,,,,,08/06/2026 09:40,08/06/2026 14:35,,,Begoniaceae,Begonia sect. Alicida,Begonia sect. Alicida,Begonia,,f,f,,,,alicida,,,,,,,,,,,,,,,,,,,,,,,,,327437-2,Fl. Brit. India,urn:lsid:ipni.org:publications:922-2,1879,1879 [May 1879],[May 1879],C.B.Clarke,sect.,"Fl. Brit. India 2(6): 637. 1879 [May 1879] , as 'Alæcida'",", as 'Alæcida'","Corrected following the rules for a compound epithet, Art. 60.11, ICN (2025).",,,8,,,,f,t,,,"Begonia alicida C.B.Clarke, Fl. Brit. India [J. D. Hooker] 2: 637 (1879)",,,,C.B.Clarke@1669-1@1@aut,,,tax. nov.,,1.3,f,begoniaalicida,begoniaceaebegoniaalicida~~,151,wfo-1000039816,,section,,,,
urn:lsid:ipni.org:names:77381224-1,Becker ex Koch,,,,,,373,,,,,,,,,,,,08/06/2026 09:43,08/06/2026 09:43,,,Asteraceae,Achillea collina,Achillea collina,Achillea,,f,f,,,,,,,,,,,,,,,nom. inval.    pro syn.,,nom. inval.,,,,,,,,,,,,60436826-2,Syn. Fl. Germ. Helv.,urn:lsid:ipni.org:publications:5298-2,1837,1837,,Becker ex Koch,spec.,Syn. Fl. Germ. Helv. 373. 1837 ,,Pro syn. of A. millefoilum.,,,9,collina,,,f,t,,,,,,,Becker@599-1@1@aut$Koch@12616-1@2@autEx,,,tax. nov.,,1.1,f,achillea~collina,asteraceaeachillea~collina~,152,wfo-1200119099,,species,,,,
urn:lsid:ipni.org:names:77381225-1,Warb.,,,,,,"3, Abt. 6a: 143",,,,,,,,,,,,08/06/2026 09:53,08/06/2026 11:55,,,Begoniaceae,Begonia sect. Apterobegonia,Begonia sect. Apterobegonia,Begonia,,f,f,,,,apterobegonia,,,,,,,,,,,,,,,,,,,,,,,,,327437-2,Nat. Pflanzenfam. [Engler & Prantl],urn:lsid:ipni.org:publications:14495-2,1894,1894,,Warb.,sect.,"Nat. Pflanzenfam. [Engler & Prantl] 3, Abt. 6a: 143. 1894 ",,,,,8,,,,f,t,,,Begonia delicatula Parish ex C.B.Clarke,,,,Warb.@11402-1@1@aut,,,tax. nov.,,1.3,f,begoniaapterobegonia,begoniaceaebegoniaapterobegonia~~,153,wfo-1000039471,,section,,,,
urn:lsid:ipni.org:names:77381226-1,"S.Remya, K.M.P.Kumar & Maya",,,,,,34: 135,,18,,11,,539,2023,,Remya,,,08/06/2026 10:01,08/06/2026 10:01,"Kerala (India, Indian Subcontinent, Asia-Tropical)",E,Asteraceae,Anaphalis sahyadrica,Anaphalis sahyadrica,Anaphalis,,f,f,,,,,,,,10,5,23,"Idukki Distr., Meesapulimala, 2500 m",77,11,53,,,,,,N,,,,,,,,,7615-1,Novon,urn:lsid:ipni.org:publications:14256-2,2026,2026 [28 May 2026],[28 May 2026],"S.Remya, K.M.P.Kumar & Maya",spec.,Novon 34: 135. 2026 [28 May 2026] ,,"doi:10.3417/20261045  Etymology: the specific epithet alludes to 'Sahyadri', the vernacular name in Malayalam, the local language of the state of Keralam, for the Western Ghats, where the taxon has its native range.",,,11,sahyadrica,,,f,t,,holotype MH;isotype CALI;isotype GVCH;isotype LWG,,,,,S.Remya@20071186-1@1@aut$K.M.P.Kumar@20014754-2@2@aut$Maya@20012220-2@3@aut,,,tax. nov.,,1.1,f,anaphalis~sahyadrica,asteraceaeanaphalis~sahyadrica~,154,wfo-1000090758,,species,,,,
urn:lsid:ipni.org:names:77381227-1,(Klotzsch) A.DC.,Begoniaceae Gaerdtia Klotzsch,(Klotzsch),3884-1,,,"sér. 4, 11: 128",,,,,,,,,,,,08/06/2026 11:54,08/06/2026 16:49,,,Begoniaceae,Begonia sect. Gaerdtia,Begonia sect. Gaerdtia,Begonia,,f,f,,,,gaerdtia,,,,,,,,,,,,,,,,,,,,,,,,null:,327437-2,"Ann. Sci. Nat., Bot.",urn:lsid:ipni.org:publications:525-2,1859,1859,,A.DC.,sect.,"Ann. Sci. Nat., Bot. sér. 4, 11: 128. 1859 ",,,,,11,,,,f,t,,,,,,,A.DC.@2064-1@1@aut$Klotzsch@4855-1@2@bas,,,comb. et stat. nov.,,1.3,f,begoniagaerdtia,begoniaceaebegoniagaerdtia~~,155,wfo-1000039516,,section,,,,
urn:lsid:ipni.org:names:77381228-1,(M.Kim & H.Jo) Y.H.Ha & J.E.Jang,Asteraceae Dendranthema jeongseonense M.Kim & H.Jo,(M.Kim & H.Jo),77175405-1,,,56(2): 170,,,,,,,,,,,,08/06/2026 12:00,08/06/2026 12:00,,,Asteraceae,Chrysanthemum jeongseonense,Chrysanthemum jeongseonense,Chrysanthemum,,f,f,,,,,,,,,,,,,,,,,,,,,,,,,,,,,331492-2,Korean J. Pl. Taxon.,urn:lsid:ipni.org:publications:10815-2,2026,2026 [Apr 2026],[Apr 2026],Y.H.Ha & J.E.Jang,spec.,Korean J. Pl. Taxon. 56(2): 170. 2026 [Apr 2026] ,,,,,11,jeongseonense,,,f,t,,,,,,,Y.H.Ha@20044561-1@1@aut$M.Kim@37608-1@3@bas$J.E.Jang@20079128-1@2@aut$H.Jo@20031083-1@4@bas,,,comb. nov.,,1.1,f,chrysanthemum~jeongseonense,asteraceaechrysanthemum~jeongseonense~,156,wfo-1000090759,,species,,,,
urn:lsid:ipni.org:names:77381229-1,Schltdl.,,,,,,1: 358,,,,,,,,,,,,08/06/2026 13:02,08/06/2026 13:02,,,Brassicaceae,Brassica rapa var. depressa,Brassica rapa var. depressa,Brassica,,f,f,,,,,depressa,,,,,,,,,,,,,,,,,,,,,,,,279485-1,Fl. Berol. (Schlechtendal),urn:lsid:ipni.org:publications:16345-2,1823,1823,,Schltdl.,var.,Fl. Berol. (Schlechtendal) 1: 358. 1823 ,,,,,8,rapa,L.,,f,t,,,,,,,Schltdl.@9114-1@1@aut,L.@12653-1@1@aut,,tax. nov.,,1.1,f,brassica~rapadepressa,brassicaceaebrassica~rapadepressa,157,wfo-1200119100,,variety,,,,
urn:lsid:ipni.org:names:77381230-1,Schltdl.,,,,,,1: 358,,,,,,,,,,,,08/06/2026 13:05,08/06/2026 13:05,,,Brassicaceae,Brassica rapa var. oblonga,Brassica rapa var. oblonga,Brassica,,f,f,,,,,oblonga,,,,,,,,,,,,,,,,,,,,,,,,279485-1,Fl. Berol. (Schlechtendal),urn:lsid:ipni.org:publications:16345-2,1823,1823,,Schltdl.,var.,Fl. Berol. (Schlechtendal) 1: 358. 1823 ,,Latin descr.,,,8,rapa,L.,,f,t,,,,,,,Schltdl.@9114-1@1@aut,L.@12653-1@1@aut,,tax. nov.,,1.1,f,brassica~rapaoblonga,brassicaceaebrassica~rapaoblonga,158,wfo-1200119101,,variety,,,,
urn:lsid:ipni.org:names:77381231-1,Schltdl.,,,,,,1: 358,,,,,,,,,,,,08/06/2026 13:07,08/06/2026 13:07,,,Brassicaceae,Brassica rapa var. oleifera,Brassica rapa var. oleifera,Brassica,,f,f,,,,,oleifera,,,,,,,,,,,,,,,,,,,,,,,,279485-1,Fl. Berol. (Schlechtendal),urn:lsid:ipni.org:publications:16345-2,1823,1823,,Schltdl.,var.,Fl. Berol. (Schlechtendal) 1: 358. 1823 ,,,,,8,rapa,L.,,f,t,,,,,,,Schltdl.@9114-1@1@aut,L.@12653-1@1@aut,,tax. nov.,,1.1,f,brassica~rapaoleifera,brassicaceaebrassica~rapaoleifera,159,wfo-1200119102,,variety,,,,
urn:lsid:ipni.org:names:77381232-1,Sinskaya,,,,,,17(1): 6,,,,,,,,,,,,08/06/2026 13:13,08/06/2026 13:13,,,Brassicaceae,Brassica campestris var. vulgaris,Brassica campestris var. vulgaris,Brassica,,f,f,,,,,vulgaris,,,,,,,,,,,,,,,,,,,,,,,,30076075-2,Trudy Prikl. Bot.,urn:lsid:ipni.org:publications:4366-2,1927,1927,,Sinskaya,var.,Trudy Prikl. Bot. 17(1): 6. 1927 ,,,,,8,campestris,L.,,f,t,,,,,,,Sinskaya@12868-1@1@aut,L.@12653-1@1@aut,,tax. nov.,,1.1,f,brassica~campestrisvulgaris,brassicaceaebrassica~campestrisvulgaris,160,wfo-1200118671,,variety,,,,
urn:lsid:ipni.org:names:77381233-1,Sinskaya,,,,,,17(1): 7,,,,,,,,,,,,08/06/2026 13:15,08/06/2026 13:15,,,Brassicaceae,Brassica campestris var. pamirica,Brassica campestris var. pamirica,Brassica,,f,f,,,,,pamirica,,,,,,,,,,,,,,,,,,,,,,,,30076075-2,Trudy Prikl. Bot.,urn:lsid:ipni.org:publications:4366-2,1927,1927,,Sinskaya,var.,Trudy Prikl. Bot. 17(1): 7. 1927 ,,,,,8,campestris,L.,,f,t,,,,,,,Sinskaya@12868-1@1@aut,L.@12653-1@1@aut,,tax. nov.,,1.1,f,brassica~campestrispamirica,brassicaceaebrassica~campestrispamirica,161,wfo-1200118619,,variety,,,,
urn:lsid:ipni.org:names:77381234-1,Sinskaya,,,,,,17(1): 7,,,,,,,,,,,,08/06/2026 13:16,08/06/2026 13:16,,,Brassicaceae,Brassica campestris var. prostrata,Brassica campestris var. prostrata,Brassica,,f,f,,,,,prostrata,,,,,,,,,,,,,,,,,,,,,,,,30076075-2,Trudy Prikl. Bot.,urn:lsid:ipni.org:publications:4366-2,1927,1927,,Sinskaya,var.,Trudy Prikl. Bot. 17(1): 7. 1927 ,,,,,8,campestris,L.,,f,t,,,,,,,Sinskaya@12868-1@1@aut,L.@12653-1@1@aut,,tax. nov.,,1.1,f,brassica~campestrisprostrata,brassicaceaebrassica~campestrisprostrata,162,wfo-1200118615,,variety,,,,
urn:lsid:ipni.org:names:77381235-1,(Klotzsch) A.DC.,Begoniaceae Augustia Klotzsch,(Klotzsch),3871-1,,,15(1): 384,,,,,,,,,,,,08/06/2026 13:58,09/06/2026 10:14,,,Begoniaceae,Begonia sect. Augustia,Begonia sect. Augustia,Begonia,,f,f,,,,augustia,,,,,,,,,,,,,,,,,,,,,,,,null:,327437-2,Prodr.,urn:lsid:ipni.org:publications:1051-2,1864,1864,,A.DC.,sect.,Prodr. 15(1): 384. 1864 ,,,,,11,,,,f,t,,,,,,,A.DC.@2064-1@1@aut$Klotzsch@4855-1@2@bas,,,comb. et stat. nov.,,1.3,f,begoniaaugustia,begoniaceaebegoniaaugustia~~,163,wfo-1200023878,,section,,,,
urn:lsid:ipni.org:names:77381236-1,"Rijuraj, Rajendrapr., Shareef & Shaju",,,,,,9(3): 3750,,,,,,,,,,,,08/06/2026 14:05,15/06/2026 14:49,,,Myrtaceae,Eugenia codyensis var. obovata,Eugenia codyensis var. obovata,Eugenia,,f,f,,,,,obovata,,,,,,,,,,,,,,,,,,,,,,,,594043-1,Ann. Pl. Sci.,urn:lsid:ipni.org:publications:20027291-1,2020,2020,,"Rijuraj, Rajendrapr., Shareef & Shaju",var.,Ann. Pl. Sci. 9(3): 3750. 2020 ,,doi:10.5281/aps.2020.9.3.1,,,8,codyensis,Munro,,f,t,,,,,,,Shareef@20018646-1@3@aut$Rijuraj@20074159-1@1@aut$Shaju@38648-1@4@aut$Rajendrapr.@20037729-1@2@aut,Munro@6784-1@1@aut,,tax. nov.,,1.2,f,eugenia~codyensisobovata,myrtaceaeeugenia~codyensisobovata,164,wfo-1200071163,,variety,,,,
urn:lsid:ipni.org:names:77381237-1,Gottschl.,,,,,,19: 17,,6,,6,,85568,2025,,G.Gottschlich,,,08/06/2026 14:53,08/06/2026 14:53,"Germany (Middle Europe, Europe)",E,Asteraceae,Pilosella pyrochroma,Pilosella pyrochroma,Pilosella,,f,f,,,,,,,,51,46,23,"Niedersachsen, Harz, Landkreis Göttingen, Osterode am Harz, NE Osterode, 499 m",10,17,23,,,,,,N,,,,,,,,,30065694-2,Kochia,urn:lsid:ipni.org:publications:20008447-1,2026,2026 [8 Mar 2026],[8 Mar 2026],Gottschl.,spec.,Kochia 19: 17. 2026 [8 Mar 2026] ,,doi:10.21248/kochia.v19.265,,,11,pyrochroma,,,f,t,,holotype B;isotype FI;isotype FR;isotype H;isotype IBF;isotype LI;isotype M;isotype MSTR;isotype PAL;isotype W;isotype Herb. Gottschlich;isotype Herb. Brandstatter;isotype Herb. Dunkel,,,,,Gottschl.@35891-1@1@aut,,,tax. nov.,,1.1,f,pilosella~pyrochroma,asteraceaepilosella~pyrochroma~,165,wfo-1000090760,,species,,,,
urn:lsid:ipni.org:names:77381238-1,"V.R.Bueno, Gostel & G.Heiden",,,,,,75(1)-e70061: 24,,,,,,,,,,,,08/06/2026 16:36,08/06/2026 16:36,,,Asteraceae,Calea ser. Multiplinerviae,Calea ser. Multiplinerviae,Calea,,f,f,,,,multiplinerviae,,,,,,,,,,,,,,,,,,,,,,,,,30005173-2,Taxon,urn:lsid:ipni.org:publications:812-2,2025,2025 [3 Nov 2025],[3 Nov 2025],"V.R.Bueno, Gostel & G.Heiden",ser.,Taxon 75(1)-e70061: 24. 2025 [3 Nov 2025] ,,doi:10.1002/tax.70061,,,8,,,,f,t,,,Calea multiplinervia Less.,,,,Gostel@20017015-2@2@aut$G.Heiden@20014398-1@3@aut$V.R.Bueno@20042550-1@1@aut,,,tax. nov.,,1.1,f,caleamultiplinerviae,asteraceaecaleamultiplinerviae~~,166,wfo-1000090471,,series,,,,
urn:lsid:ipni.org:names:77381239-1,"(E.S.S.Kumar, Shareef & Raj Vikr.) E.S.S.Kumar & Shareef","Anacardiaceae Buchanania lanzan Spreng. var. palodensis E.S.S.Kumar, Shareef & Raj Vikr.","(E.S.S.Kumar, Shareef & Raj Vikr.)",77307276-1,,,11(4): 1553,,,,,,,,,,,,08/06/2026 18:06,09/06/2026 10:36,,,Anacardiaceae,Buchanania palodensis,Buchanania palodensis,Buchanania,,f,f,,,,,,,,,,,,,,,,,,,,,,,,,,,,null:,1755-1,Pl. Sci. Today,urn:lsid:ipni.org:publications:20025477-1,2024,2024 [18 Nov 2024],[18 Nov 2024],E.S.S.Kumar & Shareef,spec.,Pl. Sci. Today 11(4): 1553. 2024 [18 Nov 2024] ,,doi:10.14719/pst.5122 Article also published as amended version (V. 2.0) on 26 Nov 2024.,,,11,palodensis,,,f,t,,,,,,,Raj Vikr.@40188-1@5@bas$Shareef@20018646-1@4@bas$Shareef@20018646-1@2@aut$E.S.S.Kumar@37643-1@1@aut$E.S.S.Kumar@37643-1@3@bas,,,comb. et stat. nov.,,1.3,f,buchanania~palodensis,anacardiaceaebuchanania~palodensis~,167,wfo-1000090761,,species,,,,
urn:lsid:ipni.org:names:77381240-1,(L.) L. ex Scop.,Asteraceae Filago arvensis L.,(L.),207840-1,,,2: 153,,,,,,,,,,,,08/06/2026 18:22,08/06/2026 18:22,,,Asteraceae,Gnaphalium arvense,Gnaphalium arvense,Gnaphalium,,f,f,,,,,,,,,,,,,,,,,,,,,,,,,,,,,325908-2,"Fl. Carniol., ed. 2.",urn:lsid:ipni.org:publications:6120-2,1771,1771,,L. ex Scop.,spec.,"Fl. Carniol., ed. 2. 2: 153. 1771 ",,,,,11,arvense,,,f,t,,,,,,,L.@12653-1@3@bas$Scop.@9384-1@2@autEx$L.@12653-1@1@aut,,,comb. nov.,,1.1,f,gnaphalium~arvense,asteraceaegnaphalium~arvense~,168,wfo-0000117948,,species,,,,
urn:lsid:ipni.org:names:77381241-1,"Erkens, Couvreur & Maas",,,,,,75(3)-e70163: 10,,3,,2,,15538,1992,,B.Stergios &amp; al.,,,08/06/2026 23:55,09/06/2026 09:46,"Venezuela (Northern South America, Southern America)",,Annonaceae,Diclinanona coriacea,Diclinanona coriacea,Diclinanona,,f,f,,,,,,,,,,,"Amazonas, Dep. Río Negro, Brazo Casiquiare",,,,,,,,,,,,,,,,,,296741-2,Taxon,urn:lsid:ipni.org:publications:812-2,2026,2026 [5 Jun 2026],[5 Jun 2026],"Erkens, Couvreur & Maas",spec.,Taxon 75(3)-e70163: 10. 2026 [5 Jun 2026] ,,doi:10.1002/tax.70163 [english] Etymology: name refers to the thick (coriaceous) leaf blade.,,,11,coriacea,,,f,t,,holotype VEN 292271;isotype WIS;isotype MO MO-1947863;isotype U 0073488; 0073489;isotype US 00890109,,,,,Couvreur@20008577-1@2@aut$Maas@5879-1@3@aut$Erkens@20008838-1@1@aut,,,tax. nov.,,1.3,f,diclinanona~coriacea,annonaceaediclinanona~coriacea~,169,wfo-1000090762,,species,,,,
urn:lsid:ipni.org:names:77381242-1,B.F.Sant'Anna-Santos,,,,,,159(2): 358,,30,,7,,425,2024,,Sant’Anna–Santos,,,09/06/2026 08:22,16/06/2026 10:29,"Minas Gerais (Brazil Southeast, Brazil, Southern America)",W,Arecaceae,Syagrus montana,Syagrus montana,Syagrus,,f,f,,,,,,,,16,57,29,"Itacambira, 1240 m",43,25,5,,,,,,S,,,,,,,,,60437282-2,Pl. Ecol. Evol.,urn:lsid:ipni.org:publications:20011731-1,2026,2026 [16 Jun 2026],[16 Jun 2026],B.F.Sant'Anna-Santos,spec.,Pl. Ecol. Evol. 159(2): 358. 2026 [16 Jun 2026] ,,"doi:10.5091/plecevo.188286 [english] Etymology: 'The specific epithet, montana, means 'mountain' and refers to the high-elevation plateau where the species occurs'.",,,11,montana,,,f,t,,holotype DIAM;isotype UPCB;isotype IBGE;isotype HCF,,,,,B.F.Sant'Anna-Santos@20045903-1@1@aut,,,tax. nov.,,1.3,f,syagrus~montana,arecaceaesyagrus~montana~,170,wfo-1000090763,,species,,,,
urn:lsid:ipni.org:names:77381243-1,Gideon F.Sm.,,,,,,760(3): 224,,,,,,4290,,,H.Tölken,,,09/06/2026 09:38,09/06/2026 09:38,"Eastern Cape Province (Cape Provinces, Southern Africa, Africa)",,Crassulaceae,Crassula shanelleae,Crassula shanelleae,Crassula,,f,f,,,,,,,,,,,Northwest of Kariega (3325AC),,,,,,,,,,,,,,,,,,30014394-2,Phytotaxa,urn:lsid:ipni.org:publications:20011462-1,2026,2026 [9 Jun 2026],[9 Jun 2026],Gideon F.Sm.,spec.,Phytotaxa 760(3): 224. 2026 [9 Jun 2026] ,,doi:10.11646/phytotaxa.760.3.2 Etymology: the specific epithet is named in honour of Shanelle Ribeiro.,,,11,shanelleae,,,f,t,,holotype Herb. BOL;isotype Herb. HBG,,,,,Gideon F.Sm.@40108-1@1@aut,,,tax. nov.,,1.1,f,crassula~shanelleae,crassulaceaecrassula~shanelleae~,171,wfo-1000090764,,species,,,,
urn:lsid:ipni.org:names:77381244-1,"Almeda, Kriebel & Penneys",,,,,,760(3): 231,,30,,4,,1298,1986,,J.H.kirkbride &amp; J.A.Duke,,,09/06/2026 09:46,09/06/2026 09:46,"Panama (Central America, Southern America)",,Melastomataceae,Blakea barbellata,Blakea barbellata,Blakea,,f,f,,,,,,,,,,,"Darién: Cuasi-Cana trail between Cerro Campamiento and La Escalera to 'paramo' east of Tres Bocas,",,,,,,,,,,,,,,,,,,30008867-2,Phytotaxa,urn:lsid:ipni.org:publications:20011462-1,2026,2026 [9 Jun 2026],[9 Jun 2026],"Almeda, Kriebel & Penneys",spec.,Phytotaxa 760(3): 231. 2026 [9 Jun 2026] ,,doi:10.11646/phytotaxa.760.3.3 Etymology: the specific epithet is a reference to the copious indumentum of barbed trichomes that can be found on this plant.,,,11,barbellata,,,f,t,,holotype MO MO-2043080;isotype CAS CAS-1046057;isotype MO MO-5523250,,,,,Penneys@20002510-2@3@aut$Almeda@160-1@1@aut$Kriebel@20003575-2@2@aut,,,tax. nov.,,1.1,f,blakea~barbellata,melastomataceaeblakea~barbellata~,172,wfo-1000090765,,species,,,,
urn:lsid:ipni.org:names:77381245-1,(Braun-Blanq.) Rivas Mart.,Lamiaceae Satureja alpina Scheele subsp. pyrenaea Braun-Blanq.,(Braun-Blanq.),77256771-1,,,18(2): 483,,,,,,,,,,,,09/06/2026 11:41,09/06/2026 12:07,,,Lamiaceae,Clinopodium alpinum subsp. pyrenaeum,Clinopodium alpinum subsp. pyrenaeum,Clinopodium,,f,f,,,,,pyrenaeum,1009780-1,,,,,,,,,isonym,,isonym,,,,,,,,,,,,445714-1,Itinera Geobot.,urn:lsid:ipni.org:publications:20000055-1,2011,2011 [16 Jul 2011],[16 Jul 2011],Rivas Mart.,subsp.,"Itinera Geobot. 18(2): 483. 2011 [16 Jul 2011] , as 'pyrenaeus'",", as 'pyrenaeus'","Basionym cited as Acinos alpinus subsp. pyrenaeus Braun-Blanq. in Bull. Soc. Pharm. Montpellier 1945: 228. 1945, but validly published under Art. 41.6. ICN (2025).",,,13,alpinum,(L.) Kuntze,,f,t,,,,,,,Rivas Mart.@8423-1@1@aut$Braun-Blanq.@1090-1@2@bas,Kuntze@12634-1@1@aut$L.@12653-1@2@bas,,comb. nov.,,1.2,f,clinopodium~alpinumpyrenaeum,lamiaceaeclinopodium~alpinumpyrenaeum,173,wfo-1200119103,,subspecies,,,,
urn:lsid:ipni.org:names:77381246-1,(L.) Rivas Mart.,Lamiaceae Melissa calamintha L.,(L.),450036-1,,,18(2): 483,,,,,,,,,,,,09/06/2026 12:21,09/06/2026 12:21,,,Lamiaceae,Clinopodium calamintha,Clinopodium calamintha,Clinopodium,,f,f,,,,,,445738-1,445737-1,,,,,,,,isonym,,isonym,,,,,,,,,,,,30008690-2,Itinera Geobot.,urn:lsid:ipni.org:publications:20000055-1,2011,2011 [16 Jul 2011],[16 Jul 2011],Rivas Mart.,spec.,Itinera Geobot. 18(2): 483. 2011 [16 Jul 2011] ,,,,,13,calamintha,,,f,t,,,,,,,L.@12653-1@2@bas$Rivas Mart.@8423-1@1@aut,,,comb. nov.,,1.1,f,clinopodium~calamintha,lamiaceaeclinopodium~calamintha~,174,wfo-1200119104,,species,,,,
urn:lsid:ipni.org:names:77381247-1,(Boiss.) Rivas Mart.,Lamiaceae Melissa arundana Boiss.,(Boiss.),450029-1,,,18(2): 483,,,,,,,,,,,,09/06/2026 12:25,09/06/2026 12:25,,,Lamiaceae,Clinopodium vulgare subsp. arundanum,Clinopodium vulgare subsp. arundanum,Clinopodium,,f,f,,,,,arundanum,77188760-1,,,,,,,,,isonym,,isonym,,,,,,,,,,,,61206-2,Itinera Geobot.,urn:lsid:ipni.org:publications:20000055-1,2011,2011 [16 Jul 2011],[16 Jul 2011],Rivas Mart.,subsp.,Itinera Geobot. 18(2): 483. 2011 [16 Jul 2011] ,,,,,13,vulgare,L.,,f,t,,,,,,,Boiss.@16284-1@2@bas$Rivas Mart.@8423-1@1@aut,L.@12653-1@1@aut,,comb. et stat. nov.,,1.1,f,clinopodium~vulgarearundanum,lamiaceaeclinopodium~vulgarearundanum,175,wfo-1200119105,,subspecies,,,,
urn:lsid:ipni.org:names:77381248-1,Humbert & Maire,,,,,,15: 35,,,,,,,,,,,,09/06/2026 12:30,09/06/2026 12:30,,,Apiaceae,Conopodium bunioides var. atlantis,Conopodium bunioides var. atlantis,Conopodium,,f,f,,,,,atlantis,,,,,,,,,,,,,,,,,,,,,,,,840696-1,Mém. Soc. Sci. Nat. Maroc,urn:lsid:ipni.org:publications:2920-2,1927,1927 [1926 publ. 1927],[1926 publ. 1927],Humbert & Maire,var.,Mém. Soc. Sci. Nat. Maroc 15: 35. 1927 [1926 publ. 1927] ,,,,,8,bunioides,(Boiss.) Calest.,,f,t,,,,,,,Humbert@4221-1@1@aut$Maire@6001-1@2@aut,Calest.@1357-1@1@aut$Boiss.@16284-1@2@bas,,tax. nov.,,1.1,f,conopodium~bunioidesatlantis,apiaceaeconopodium~bunioidesatlantis,176,wfo-0000619215,,variety,,,,
urn:lsid:ipni.org:names:77381249-1,(Humbert & Maire) Rivas Mart.,Apiaceae Conopodium bunioides (Boiss.) Calest. var. atlantis Humbert & Maire,(Humbert & Maire),77381248-1,,,18(2): 483,,,,,,,,,,,,09/06/2026 12:31,09/06/2026 12:31,,,Umbelliferae,Conopodium atlantis,Conopodium atlantis,Conopodium,,f,f,,,,,,,,,,,,,,,,,,,,,,,,,,,,,331512-2,Itinera Geobot.,urn:lsid:ipni.org:publications:20000055-1,2011,2011 [16 Jul 2011],[16 Jul 2011],Rivas Mart.,spec.,Itinera Geobot. 18(2): 483. 2011 [16 Jul 2011] ,,,,,11,atlantis,,,f,t,,,,,,,Rivas Mart.@8423-1@1@aut$Humbert@4221-1@2@bas$Maire@6001-1@3@bas,,,comb. nov.,,1.1,f,conopodium~atlantis,umbelliferaeconopodium~atlantis~,177,wfo-1000090766,,species,,,,
urn:lsid:ipni.org:names:77381250-1,(López Udias & Mateo) Rivas Mart.,Apiaceae Conopodium bunioides (Boiss.) Calest. var. aranii López Udias & Mateo,(López Udias & Mateo),1012774-1,,,18(2): 483,,,,,,,,,,,,09/06/2026 12:39,09/06/2026 12:39,,,Apiaceae,Conopodium bunioides subsp. aranii,Conopodium bunioides subsp. aranii,Conopodium,,f,f,,,,,aranii,20009250-1,,,,,,,,,isonym,,isonym,,,,,,,,,,,,840696-1,Itinera Geobot.,urn:lsid:ipni.org:publications:20000055-1,2011,2011 [16 Jul 2011],[16 Jul 2011],Rivas Mart.,subsp.,Itinera Geobot. 18(2): 483. 2011 [16 Jul 2011] ,,,,,13,bunioides,(Boiss.) Calest.,,f,t,,,,,,,Rivas Mart.@8423-1@1@aut$Mateo@23021-1@3@bas$López Udias@37377-1@2@bas,Boiss.@16284-1@2@bas$Calest.@1357-1@1@aut,,stat. nov.,,1.1,f,conopodium~bunioidesaranii,apiaceaeconopodium~bunioidesaranii,178,wfo-0000619214,,subspecies,,,,
urn:lsid:ipni.org:names:77381251-1,"(Pau) Rivas Mart., Sánchez Mata & Sard.Rosc.",Apiaceae Butinia bunioides Boiss. var. gredensis Pau,(Pau),51025484-1,,,18(2): 483,,,,,,,,,,,,09/06/2026 12:45,09/06/2026 15:30,,,Umbelliferae,Conopodium gredensis,Conopodium gredensis,Conopodium,,f,f,,,,,,,,,,,,,,,,,,,,,,,,,,,,,331512-2,Itinera Geobot.,urn:lsid:ipni.org:publications:20000055-1,2011,2011 [16 Jul 2011],[16 Jul 2011],"Rivas Mart., Sánchez Mata & Sard.Rosc.",spec.,Itinera Geobot. 18(2): 483. 2011 [16 Jul 2011] ,,,,,11,gredensis,,,f,t,,,,,,,Sánchez Mata@26074-1@2@aut$Sard.Rosc.@37027-1@3@aut$Pau@7401-1@4@bas$Rivas Mart.@8423-1@1@aut,,,comb. et stat. nov.,,1.2,f,conopodium~gredensis,umbelliferaeconopodium~gredensis~,179,wfo-1000090767,,species,,,,
urn:lsid:ipni.org:names:77381252-1,Willk.,,,,,,221,,,,,,,,,,,,09/06/2026 12:53,09/06/2026 12:53,,,Rosaceae,Crataegus boissieri,Crataegus boissieri,Crataegus,,f,f,,,,,,,,,,,,,,,,,,,,,,,,,,,,,60436254-2,Suppl. Prodr. Fl. Hisp.,urn:lsid:ipni.org:publications:18442-2,1893,1893 [Dec 1893],[Dec 1893],Willk.,spec.,Suppl. Prodr. Fl. Hisp. 221. 1893 [Dec 1893] ,,,,,8,boissieri,,,f,t,,,,,,,Willk.@11723-1@1@aut,,,tax. nov.,,1.1,f,crataegus~boissieri,rosaceaecrataegus~boissieri~,180,wfo-0000988196,,species,,,,
urn:lsid:ipni.org:names:77381253-1,(Willk.) Rivas Mart.,Rosaceae Crataegus boissieri Willk.,(Willk.),77381252-1,,,18(2): 483,,,,,,,,,,,,09/06/2026 12:53,09/06/2026 12:53,,,Rosaceae,Crataegus monogyna subsp. boissieri,Crataegus monogyna subsp. boissieri,Crataegus,,f,f,,,,,boissieri,,,,,,,,,,,,,,,,,,,,,,,,723820-1,Itinera Geobot.,urn:lsid:ipni.org:publications:20000055-1,2011,2011 [16 Jul 2011],[16 Jul 2011],Rivas Mart.,subsp.,Itinera Geobot. 18(2): 483. 2011 [16 Jul 2011] ,,,,,11,monogyna,Jacq.,,f,t,,,,,,,Willk.@11723-1@2@bas$Rivas Mart.@8423-1@1@aut,Jacq.@12576-1@1@aut,,comb. et stat. nov.,,1.1,f,crataegus~monogynaboissieri,rosaceaecrataegus~monogynaboissieri,181,wfo-1200119020,,subspecies,,,,
urn:lsid:ipni.org:names:77381254-1,(Wiklund) Rivas Mart.,Asteraceae Cynara baetica (Spreng.) Pau subsp. maroccana Wiklund,(Wiklund),965833-1,,,18(2): 483,,,,,,,,,,,,09/06/2026 14:16,09/06/2026 14:16,,,Asteraceae,Cynara maroccana,Cynara maroccana,Cynara,,f,f,,,,,,,,,,,,,,,,,,,,,,,,,,,,,8514-1,Itinera Geobot.,urn:lsid:ipni.org:publications:20000055-1,2011,2011 [16 Jul 2011],[16 Jul 2011],Rivas Mart.,spec.,Itinera Geobot. 18(2): 483. 2011 [16 Jul 2011] ,,,,,11,maroccana,,,f,t,,,,,,,Wiklund@13697-1@2@bas$Rivas Mart.@8423-1@1@aut,,,comb. nov.,,1.1,f,cynara~maroccana,asteraceaecynara~maroccana~,182,wfo-1000090768,,species,,,,
urn:lsid:ipni.org:names:77381255-1,Pau & Font Quer,,,,,,1927: n. 286,,,,,,,,,,,,09/06/2026 14:20,09/06/2026 14:22,,,Leguminosae,Sarothamnus baeticus var. africanus,Sarothamnus baeticus var. africanus,Sarothamnus,,f,f,,,,,africanus,,,,,,,,,,,,,,,,,,,,,,,,517928-1,Exsicc. (Iter Marocc.),urn:lsid:ipni.org:publications:20000176-1,1928,1928,,Pau & Font Quer,var.,Exsicc. (Iter Marocc.) 1927: n. 286. 1928 ,,,,,8,baeticus,Webb,,f,t,,,,,,,Font Quer@2810-1@2@aut$Pau@7401-1@1@aut,Webb@11454-1@1@aut,,tax. nov.,,1.2,f,sarothamnus~baeticusafricanus,leguminosaesarothamnus~baeticusafricanus,183,wfo-1200000753,,variety,,,,
urn:lsid:ipni.org:names:77381256-1,(Pau & Font Quer) Rivas Mart.,Leguminosae Sarothamnus baeticus Webb var. africanus Pau & Font Quer,(Pau & Font Quer),77381255-1,,,18(2): 483,,,,,,,,,,,,09/06/2026 14:21,09/06/2026 14:24,,,Leguminosae,Cytisus baeticus subsp. africanus,Cytisus baeticus subsp. africanus,Cytisus,,f,f,,,,,africanus,,,,,,,,,,,,,,,,,,,,,,,,489641-1,Itinera Geobot.,urn:lsid:ipni.org:publications:20000055-1,2011,2011 [16 Jul 2011],[16 Jul 2011],Rivas Mart.,subsp.,Itinera Geobot. 18(2): 483. 2011 [16 Jul 2011] ,,"Basionym cited as Cytisus baeticus var. africanus Pau & Font Quer, but citation correctable under Art. 41.6. ICN (2025).",,,11,baeticus,Steud.,,f,t,,,,,,,Font Quer@2810-1@3@bas$Rivas Mart.@8423-1@1@aut$Pau@7401-1@2@bas,Steud.@10122-1@1@aut,,stat. nov.,,1.2,f,cytisus~baeticusafricanus,leguminosaecytisus~baeticusafricanus,184,wfo-1200119106,,subspecies,,,,
urn:lsid:ipni.org:names:77381257-1,(Talavera) Rivas Mart.,Leguminosae Cytisus grandiflorus DC. subsp. cabezudoi Talavera,(Talavera),1008880-1,,,18(2): 483,,,,,,,,,,,,09/06/2026 14:27,09/06/2026 14:27,,,Leguminosae,Cytisus cabezudoi,Cytisus cabezudoi,Cytisus,,f,f,,,,,,,,,,,,,,,,,,,,,,,,,,,,,60455196-2,Itinera Geobot.,urn:lsid:ipni.org:publications:20000055-1,2011,2011 [16 Jul 2011],[16 Jul 2011],Rivas Mart.,spec.,Itinera Geobot. 18(2): 483. 2011 [16 Jul 2011] ,,,,,11,cabezudoi,,,f,t,,,,,,,Talavera@10397-1@2@bas$Rivas Mart.@8423-1@1@aut,,,comb. et stat. nov.,,1.1,f,cytisus~cabezudoi,leguminosaecytisus~cabezudoi~,185,wfo-1000090769,,species,,,,
urn:lsid:ipni.org:names:77381258-1,(Boiss.) Rivas Mart.,Leguminosae Genista biflora Poir. var. plumosa Boiss.,(Boiss.),50919845-1,,,18(2): 483,,,,,,,,,,,,09/06/2026 14:47,09/06/2026 14:47,,,Leguminosae,Cytisus plumosus,Cytisus plumosus,Cytisus,,f,f,,,,,,,,,,,,,,,,,,,,,,,,,,,,,60455196-2,Itinera Geobot.,urn:lsid:ipni.org:publications:20000055-1,2011,2011 [16 Jul 2011],[16 Jul 2011],Rivas Mart.,spec.,Itinera Geobot. 18(2): 483. 2011 [16 Jul 2011] ,,,,,11,plumosus,,,f,t,,,,,,,Boiss.@16284-1@2@bas$Rivas Mart.@8423-1@1@aut,,,comb. et stat. nov.,,1.1,f,cytisus~plumosus,leguminosaecytisus~plumosus~,186,wfo-1200119107,,species,,,,
urn:lsid:ipni.org:names:77381259-1,(Stebbins & D.Zohary) Rivas Mart.,Poaceae Dactylis glomerata L. subsp. santai Stebbins & D.Zohary,(Stebbins & D.Zohary),77108228-1,,,18(2): 483,,,,,,,,,,,,09/06/2026 14:56,09/06/2026 14:56,,,Poaceae,Dactylis santai,Dactylis santai,Dactylis,,f,f,,,,,,,,,,,,,,,,,,,,,,,,,,,,,30077575-2,Itinera Geobot.,urn:lsid:ipni.org:publications:20000055-1,2011,2011 [16 Jul 2011],[16 Jul 2011],Rivas Mart.,spec.,"Itinera Geobot. 18(2): 483. 2011 [16 Jul 2011] , as 'santae'",", as 'santae'",,,,11,santai,,,f,t,,,,,,,Stebbins@10049-1@2@bas$Rivas Mart.@8423-1@1@aut$D.Zohary@12057-1@3@bas,,,comb. et stat. nov.,,1.1,f,dactylis~santai,poaceaedactylis~santai~,187,wfo-1200119108,,species,,,,
urn:lsid:ipni.org:names:77381260-1,Coss.,,,,,,45,,,,,,,,,,,,09/06/2026 15:06,09/06/2026 15:06,,,Thymelaeaceae,Daphne laureola var. latifolia,Daphne laureola var. latifolia,Daphne,,f,f,,,,,latifolia,,,,,,,,,,,,,,,,,,,,,,,,831270-1,Notes Pl. Crit.,urn:lsid:ipni.org:publications:3720-2,1849,1849 [15 Dec 1849],[15 Dec 1849],Coss.,var.,Notes Pl. Crit. 45. 1849 [15 Dec 1849] ,,,,,8,laureola,L.,,f,t,,,,,,,Coss.@17452-1@1@aut,L.@12653-1@1@aut,,tax. nov.,,1.1,f,daphne~laureolalatifolia,thymelaeaceaedaphne~laureolalatifolia,188,wfo-0000637702,,variety,,,,
urn:lsid:ipni.org:names:77381261-1,(Coss.) Rivas Mart.,Thymelaeaceae Daphne laureola L. var. latifolia Coss.,(Coss.),77381260-1,,,18(2): 483,,,,,,,,,,,,09/06/2026 15:07,09/06/2026 15:07,,,Thymelaeaceae,Daphne latifolia,Daphne latifolia,Daphne,,f,f,,,,,,,,,,,,,,,,,,,,,,,,,,,,,30024583-2,Itinera Geobot.,urn:lsid:ipni.org:publications:20000055-1,2011,2011 [16 Jul 2011],[16 Jul 2011],Rivas Mart.,spec.,Itinera Geobot. 18(2): 483. 2011 [16 Jul 2011] ,,,,,11,latifolia,,,f,t,,,,,,,Rivas Mart.@8423-1@1@aut$Coss.@17452-1@2@bas,,,comb. et stat. nov.,,1.1,f,daphne~latifolia,thymelaeaceaedaphne~latifolia~,189,wfo-1000090770,,species,,,,
urn:lsid:ipni.org:names:77381262-1,Di Grist. & Gottschl.,,,,,,16(5)-2398: 10,,11,,7,,100159,2025,,E.Di Gristina &amp; E.Bajona,,,09/06/2026 15:11,09/06/2026 15:11,"Italy (Italy, Southeastern Europe, Europe)",E,Asteraceae,Hieracium petrocastellanum,Hieracium petrocastellanum,Hieracium,,f,f,,,,,,,,39,56,23,"Basilicata, Pollino National Park, Pietra Castello, NE side of Serra di Crispo (Terranova di Pollino, Potenza), 1726 m",16,13,11,,,,,,N,,,,,,,,,330082-2,Appl. Sci.,urn:lsid:ipni.org:publications:20064683-1,2026,2026 [28 Feb 2026],[28 Feb 2026],Di Grist. & Gottschl.,spec.,Appl. Sci. 16(5)-2398: 10. 2026 [28 Feb 2026] ,,"doi:10.3390/app16052398 Etymology: the specific epithet is a reference to the type locality, Pietra Castello.",,,11,petrocastellanum,,,f,t,,holotype SAF;isotype B;isotype FI;isotype Hb. Gottschlich 86204,,,,,Di Grist.@20008226-2@1@aut$Gottschl.@35891-1@2@aut,,,tax. nov.,,1.1,f,hieracium~petrocastellanum,asteraceaehieracium~petrocastellanum~,190,wfo-1000090771,,species,,,,
urn:lsid:ipni.org:names:77381263-1,(Willk.) Rivas Mart.,Thymelaeaceae Daphne cantabrica Willk.,(Willk.),831181-1,,,18(2): 483,,,,,,,,,,,,09/06/2026 15:14,09/06/2026 15:14,,,Thymelaeaceae,Daphne laureola subsp. cantabrica,Daphne laureola subsp. cantabrica,Daphne,,f,f,,,,,cantabrica,,,,,,,,,,,,,,,,,,,,,,,,831270-1,Itinera Geobot.,urn:lsid:ipni.org:publications:20000055-1,2011,2011 [16 Jul 2011],[16 Jul 2011],Rivas Mart.,subsp.,Itinera Geobot. 18(2): 483. 2011 [16 Jul 2011] ,,,,,11,laureola,L.,,f,t,,,,,,,Rivas Mart.@8423-1@1@aut$Willk.@11723-1@2@bas,L.@12653-1@1@aut,,comb. et stat. nov.,,1.1,f,daphne~laureolacantabrica,thymelaeaceaedaphne~laureolacantabrica,191,wfo-1200119109,,subspecies,,,,
urn:lsid:ipni.org:names:77381264-1,Cuccuini,,,,,,12(1): 37,,7,,6,,,1990,,"Cuccuini, Luccioli &amp; Padovani",,,09/06/2026 15:42,09/06/2026 15:42,"Italy (Italy, Southeastern Europe, Europe)",,Poaceae,Parapholis strigosa var. minor,Parapholis strigosa var. minor,Parapholis,,f,f,,,,,minor,,,,,,"Puglia, Prov. of Foggia",,,,,,,,,,,,,,,,,,413704-1,Nat. Hist. Sci.,urn:lsid:ipni.org:publications:20020284-2,2025,2025 [14 Mar 2025],[14 Mar 2025],Cuccuini,var.,Nat. Hist. Sci. 12(1): 37. 2025 [14 Mar 2025] ,,doi:10.4081/nhs.2025.774,,,10,strigosa,(Dumort.) C.E.Hubb.,,f,t,,holotype FI FI068162;isotype FI FI068213,,,,,Cuccuini@34872-1@1@aut,C.E.Hubb.@4192-1@1@aut$Dumort.@18271-1@2@bas,,tax. nov.,,1.1,f,parapholis~strigosaminor,poaceaeparapholis~strigosaminor,192,wfo-1200119021,,variety,,,,
urn:lsid:ipni.org:names:77381265-1,(Franco) Rivas Mart. & Sáenz de Rivas,Apiaceae Daucus carota L. subsp. azoricus Franco,(Franco),892080-1,,,18(2): 483,,,,,,,,,,,,09/06/2026 15:42,09/06/2026 15:43,,,Apiaceae,Daucus azoricus,Daucus azoricus,Daucus,,f,f,,,,,,20009258-1,,,,,,,,,isonym,,isonym,,,,,,,,,,,,39902-1,Itinera Geobot.,urn:lsid:ipni.org:publications:20000055-1,2011,2011 [16 Jul 2011],[16 Jul 2011],Rivas Mart. & Sáenz de Rivas,spec.,Itinera Geobot. 18(2): 483. 2011 [16 Jul 2011] ,,,,,13,azoricus,,,f,t,,,,,,,Rivas Mart.@8423-1@1@aut$Franco@2872-1@3@bas$Sáenz de Rivas@8803-1@2@aut,,,comb. et stat. nov.,,1.2,f,daucus~azoricus,apiaceaedaucus~azoricus~,193,wfo-1200119110,,species,,,,
urn:lsid:ipni.org:names:77381266-1,J.A.Siqueira & Zappi,,,,,,44: 83,,17,,11,,4930,2025,,"J.A.Siqueira, D.Zappi &amp; N.Taylor",,,09/06/2026 15:43,09/06/2026 16:34,"Bahia (Brazil Northeast, Brazil, Southern America)",,Cactaceae,Quiabentia pelodaserra,Quiabentia pelodaserra,Quiabentia,,f,f,,,,,,,,,,,"Central-northern Bahia, border region of Municípios Jussara, Central and Itaguaçu da Bahia, 582 m",,,,,,,,,,,,,,,,,,30148864-2,Bradleya,urn:lsid:ipni.org:publications:3683-2,2026,2026 [11 May 2026],[11 May 2026],J.A.Siqueira & Zappi,spec.,Bradleya 44: 83. 2026 [11 May 2026] ,,"doi:10.25223/brad.n44.2026.a9 [english] Etymology: name from the local Brazilian-Portuguese vernacular 'pelodaserra', meaning the hair or fur (pelo) of the (da) mountain/ridge (serra).",,,11,pelodaserra,,,f,t,,holotype HVASF 25865;isotype HURB;isotype UB,,,,,Zappi@36210-1@2@aut$J.A.Siqueira@39183-1@1@aut,,,tax. nov.,,1.3,f,quiabentia~pelodaserra,cactaceaequiabentia~pelodaserra~,194,wfo-1000090772,,species,,,,
urn:lsid:ipni.org:names:77381267-1,(A.Braun) Valdespino,Selaginellaceae Selaginella flabellata (L.) Spring var. latifrons A.Braun,(A.Braun),77186683-1,,,276: 53,,,,,,,,,,,,09/06/2026 15:47,11/06/2026 15:20,,,Selaginellaceae,Selaginella anemosyra,Selaginella anemosyra,Selaginella,,f,f,,,,,,,,,,,,,,,,,,,,,,,,,,,,null:,30003748-2,PhytoKeys,urn:lsid:ipni.org:publications:20011997-1,2026,2026 [11 Jun 2026],[11 Jun 2026],Valdespino,spec.,PhytoKeys 276: 53. 2026 [11 Jun 2026] ,,"doi:10.3897/phytokeys.276.191365 Etymology: name coined from the Greek 'anemosyris', a kind of fan, referring to the fan-shaped architecture of the stem's leafy branches.",,,11,anemosyra,,,f,t,,,,,,,A.Braun@16476-1@2@bas$Valdespino@36524-1@1@aut,,,comb. et stat. nov.,,1.3,f,selaginella~anemosyra,selaginellaceaeselaginella~anemosyra~,195,wfo-1000090773,,species,,,,
urn:lsid:ipni.org:names:77381268-1,(Paol.) Rivas Mart. & Sáenz de Rivas,Apiaceae Daucus carota L. var. commutatus Paol.,(Paol.),77315512-1,,,18(2): 483,,,,,,,,,,,,09/06/2026 15:48,09/06/2026 15:49,,,Apiaceae,Daucus hispanicus subsp. commutatus,Daucus hispanicus subsp. commutatus,Daucus,,f,f,,,,,commutatus,,,,,,,,,,,,,,,,,,,,,,,,841120-1,Itinera Geobot.,urn:lsid:ipni.org:publications:20000055-1,2011,2011 [16 Jul 2011],[16 Jul 2011],Rivas Mart. & Sáenz de Rivas,subsp.,Itinera Geobot. 18(2): 483. 2011 [16 Jul 2011] ,,,,,11,hispanicus,Gouan,,f,t,,,,,,,Sáenz de Rivas@8803-1@2@aut$Paol.@7316-1@3@bas$Rivas Mart.@8423-1@1@aut,Gouan@3291-1@1@aut,,comb. et stat. nov.,,1.2,f,daucus~hispanicuscommutatus,apiaceaedaucus~hispanicuscommutatus,196,wfo-1200119022,,subspecies,,,,
urn:lsid:ipni.org:names:77381269-1,L.f.,,,,,,295,,,,,,,,,,,,09/06/2026 15:49,09/06/2026 15:49,,,Acanthaceae,Acanthus capensis,Acanthus capensis,Acanthus,,f,f,,,,,,,,,,,,,,,,,,,,,,,,,,,,,344-1,Suppl. Pl.,urn:lsid:ipni.org:publications:1252-2,1782,1782,,L.f.,spec.,Suppl. Pl. 295. 1782 ,,,,,8,capensis,,,f,t,,,,,,,L.f.@22405-1@1@aut,,,tax. nov.,,1.1,f,acanthus~capensis,acanthaceaeacanthus~capensis~,197,wfo-0001044636,,species,,,,
urn:lsid:ipni.org:names:77381270-1,Hance ex Walp.,,,,,,2(1): 157,,,,,,,,,,,,09/06/2026 15:49,10/06/2026 13:06,,,Malvaceae,Abutilon cysticarpum,Abutilon cysticarpum,Abutilon,,f,f,,,,,,,,,,,,,,,,,,,,,,,,,,,,,30000557-2,Ann. Bot. Syst.,urn:lsid:ipni.org:publications:1417-2,1851,1851 [15-16 Dec 1851],[15-16 Dec 1851],Hance ex Walp.,spec.,Ann. Bot. Syst. 2(1): 157. 1851 [15-16 Dec 1851] ,,,,,8,cysticarpum,,,f,t,,,,,,,Hance@3609-1@1@aut$Walp.@11355-1@2@autEx,,,tax. nov.,,1.2,f,abutilon~cysticarpum,malvaceaeabutilon~cysticarpum~,198,wfo-0000511844,,species,,,,
urn:lsid:ipni.org:names:77381271-1,L.f.,,,,,,294,,,,,,,,,,,,09/06/2026 15:49,09/06/2026 15:49,,,Acanthaceae,Acanthus integrifolius,Acanthus integrifolius,Acanthus,,f,f,,,,,,,,,,,,,,,,,,,,,,,,,,,,,344-1,Suppl. Pl.,urn:lsid:ipni.org:publications:1252-2,1782,1782,,L.f.,spec.,Suppl. Pl. 294. 1782 ,,,,,8,integrifolius,,,f,t,,,,,,,L.f.@22405-1@1@aut,,,tax. nov.,,1.1,f,acanthus~integrifolius,acanthaceaeacanthus~integrifolius~,199,wfo-1200030139,,species,,,,
urn:lsid:ipni.org:names:77381272-1,Van Geert,,,,,,76: 23,,,,,,,,,,,,09/06/2026 15:49,09/06/2026 15:49,,,Malvaceae,Abutilon rosiflorum,Abutilon rosiflorum,Abutilon,,f,f,,,,,,,,,,,,,,,,,,,,,,,,,,,,,30000557-2,Nursery Cat. (Auguste Van Geert),urn:lsid:ipni.org:publications:20035657-1,1878,1878,,Van Geert,spec.,Nursery Cat. (Auguste Van Geert) 76: 23. 1878 ,,,,,8,rosiflorum,,,f,t,,,,,,,Van Geert@20074382-1@1@aut,,,tax. nov.,,1.1,f,abutilon~rosiflorum,malvaceaeabutilon~rosiflorum~,200,wfo-1000064855,,species,,,,
urn:lsid:ipni.org:names:77381273-1,(Britton & Killip) L.Cárdenas,Leguminosae Senegalia podadenia Britton & Killip,(Britton & Killip),518288-1,,,7: 135,,,,,,,,,,,,09/06/2026 15:49,09/06/2026 15:49,,,Fabaceae,Acacia podadenia,Acacia podadenia,Acacia,,f,f,,,,,,,,,,,,,,,,,,,,,,,,,,,,,30393014-2,Revista Fac. Agron. (Maracay),urn:lsid:ipni.org:publications:3481-2,1974,1974,,L.Cárdenas,spec.,Revista Fac. Agron. (Maracay) 7: 135. 1974 ,,,,,11,podadenia,,,f,t,,,,,,,Britton@1161-1@2@bas$Killip@4790-1@3@bas$L.Cárdenas@14637-1@1@aut,,,comb. nov.,,1.1,f,acacia~podadenia,fabaceaeacacia~podadenia~,201,wfo-0001062340,,species,,,,
urn:lsid:ipni.org:names:77381274-1,Valdespino,,,,,,276: 60,,1,,10,,6397,1989,,"A.Fernández, E.Sanoja &amp; M.Yanez",,,09/06/2026 15:49,11/06/2026 15:23,"Venezuela (Northern South America, Southern America)",W,Selaginellaceae,Selaginella cataniapensis,Selaginella cataniapensis,Selaginella,,f,f,,,,,,,,5,49,,"Amazonas [Bolívar]: Depto. [Mpio.] Atures [Cedeño], Laguna El Sillón y Caño Mariguaca, 78 km NE of Puerto Ayacucho, 400 m",66,50,,,,,,,N,,,,,,,,,30003748-2,PhytoKeys,urn:lsid:ipni.org:publications:20011997-1,2026,2026 [11 Jun 2026],[11 Jun 2026],Valdespino,spec.,PhytoKeys 276: 60. 2026 [11 Jun 2026] ,,doi:10.3897/phytokeys.276.191365 [english] Etymology: named after the general area where it has been collected so far.,,,11,cataniapensis,,,f,t,,holotype UC UC1784512;isotype MA MA-01-00732931;isotype VEN 410705,,,,,Valdespino@36524-1@1@aut,,,tax. nov.,,1.3,f,selaginella~cataniapensis,selaginellaceaeselaginella~cataniapensis~,202,wfo-1000090774,,species,,,,
urn:lsid:ipni.org:names:77381275-1,Rojas Acosta,,,,,,7,,,,,,,,,,,,09/06/2026 15:49,19/06/2026 09:13,,,Fabaceae,Acacia melalobiata,Acacia melalobiata,Acacia,,f,f,,,,,,,,,,,,,,,,,,,,,,,,,,,,,30393014-2,Essai Thérap. Vég. Corrientes,urn:lsid:ipni.org:publications:20017888-2,1913,1913,,Rojas Acosta,spec.,Essai Thérap. Vég. Corrientes 7. 1913 ,,,,,8,melalobiata,,,f,t,,,,,,,Rojas Acosta@8545-1@1@aut,,,tax. nov.,,1.2,f,acacia~melalobiata,fabaceaeacacia~melalobiata~,203,wfo-0001062418,,species,,,,
urn:lsid:ipni.org:names:77381276-1,F.Muell. ex Schltdl.,,,,,,25: 380,,,,,,,,,,,,09/06/2026 15:49,10/06/2026 13:12,,,Malvaceae,Abutilon diplotrichum,Abutilon diplotrichum,Abutilon,,f,f,,,,,,,,,,,,,,,,,,,,,,,,,,,,,30000557-2,Linnaea,urn:lsid:ipni.org:publications:703-2,1853,1853,,F.Muell. ex Schltdl.,spec.,Linnaea 25: 380. 1853 ,,,,,8,diplotrichum,,,f,t,,,,,,,Schltdl.@9114-1@2@autEx$F.Muell.@6732-1@1@aut,,,tax. nov.,,1.2,f,abutilon~diplotrichum,malvaceaeabutilon~diplotrichum~,204,wfo-0000511858,,species,,,,
urn:lsid:ipni.org:names:77381277-1,(Franch.) Nakai,,(Franch.),,,,40: 146,,,,,,,,,,,,09/06/2026 15:49,09/06/2026 15:49,,,Aceraceae,Acer aidzuense,Acer aidzuense,Acer,,f,f,,,,,,,,,,,,,,,,,,,,,,,,,,,,,328248-2,Bot. Mag. (Tokyo),urn:lsid:ipni.org:publications:555-2,1926,1926,,Nakai,spec.,Bot. Mag. (Tokyo) 40: 146. 1926 ,,,,,10,aidzuense,,,f,t,,,,,,,Franch.@2869-1@2@bas$Nakai@23869-1@1@aut,,,comb. nov.,,1.1,f,acer~aidzuense,aceraceaeacer~aidzuense~,205,wfo-0001078682,,species,,,,
urn:lsid:ipni.org:names:77381278-1,Graham,,,,,,14: 370,,,,,,,,,,,,09/06/2026 15:49,09/06/2026 15:49,,,Fabaceae,Acacia praemorsa,Acacia praemorsa,Acacia,,f,f,,,,,,,,,,,,,,,,,,,,,,,,,,,,,30393014-2,Edinburgh New Philos. J.,urn:lsid:ipni.org:publications:1435-2,1833,1833,,Graham,spec.,"Edinburgh New Philos. J. 14: 370. 1833 , pro syn.",", pro syn.",,,,8,praemorsa,,,f,t,,,,,,,Graham@3320-1@1@aut,,,tax. nov.,,1.1,f,acacia~praemorsa,fabaceaeacacia~praemorsa~,206,wfo-1200022000,,species,,,,
urn:lsid:ipni.org:names:77381279-1,Miers,,,,,,"ser. 3, 14: 258",,,,,,,,,,,,09/06/2026 15:49,09/06/2026 15:49,,,Menispermaceae,Abuta cuspidata,Abuta cuspidata,Abuta,,f,f,,,,,,,,,,,,,,,,,,,,,,,,,,,,,26864-1,Ann. Mag. Nat. Hist.,urn:lsid:ipni.org:publications:520-2,1864,1864,,Miers,spec.,"Ann. Mag. Nat. Hist. ser. 3, 14: 258. 1864 ",,,,,8,cuspidata,,,f,t,,,,,,,Miers@6452-1@1@aut,,,tax. nov.,,1.1,f,abuta~cuspidata,menispermaceaeabuta~cuspidata~,207,wfo-0000745042,,species,,,,
urn:lsid:ipni.org:names:77381280-1,Spin,,,,,,1818: 27,,,,,,,,,,,,09/06/2026 15:49,19/06/2026 13:52,,,Fabaceae,Acacia alba,Acacia alba,Acacia,,f,f,,,,,,,469670-1,,,,,,,,nom. illeg. later homonym,,nom. illeg.,,,,,,,,,,,,30393014-2,Jard. St. Sébastien,urn:lsid:ipni.org:publications:20027409-1,1818,1818,,Spin,spec.,Jard. St. Sébastien 1818: 27. ,,,,,10,alba,,,f,t,,,,,,,Spin@9972-1@1@aut,,,tax. nov.,,1.3,f,acacia~alba,fabaceaeacacia~alba~,208,wfo-1200021922,,species,,,,
urn:lsid:ipni.org:names:77381281-1,Benth.,,,,,,1: 512,,,,,,,,,,,,09/06/2026 15:49,09/06/2026 15:49,,,Fabaceae,Acacia velutina,Acacia velutina,Acacia,,f,f,,,,,,,,,,,,,,,,,,,,,,,,,,,,,30393014-2,London J. Bot.,urn:lsid:ipni.org:publications:704-2,1842,1842,,Benth.,spec.,"London J. Bot. 1: 512. 1842 , nom. illeg. homonym. post.",", nom. illeg. homonym. post.",,,,8,velutina,,,f,t,,,,,,,Benth.@15956-1@1@aut,,,tax. nov.,,1.1,f,acacia~velutina,fabaceaeacacia~velutina~,209,wfo-0000167069,,species,,,,
urn:lsid:ipni.org:names:77381282-1,H.L.Wendl.,,,,,,39,,,,,,,,,,,,09/06/2026 15:49,10/06/2026 10:22,,,Fabaceae,Acacia pugioniformis,Acacia pugioniformis,Acacia,,f,f,,,,,,,,,,,,,,,nom. illeg. nom. superfl.,,nom. illeg.,,,,,,,,,,,,30393014-2,Comm. Acac. Aphyll.,urn:lsid:ipni.org:publications:20004811-2,1820,1820,,H.L.Wendl.,spec.,Comm. Acac. Aphyll. 39. 1820 ,,,77381358-1,,10,pugioniformis,,,f,t,,,,,,,H.L.Wendl.@11547-1@1@aut,,,nom. nov.,,1.2,f,acacia~pugioniformis,fabaceaeacacia~pugioniformis~,210,wfo-1200022004,,species,,,,
urn:lsid:ipni.org:names:77381283-1,Korovin,,,,,,1: 79,,,,,,,,,,,,09/06/2026 15:49,09/06/2026 15:49,,,Plumbaginaceae,Acantholimon tschimganicum,Acantholimon tschimganicum,Acantholimon,,f,f,,,,,,,,,,,,,,,,,,,,,,,,,,,,,331313-2,Trudy Turkestansk. Nauchn. Obshch.,urn:lsid:ipni.org:publications:377-2,1923,1923,,Korovin,spec.,"Trudy Turkestansk. Nauchn. Obshch. 1: 79. 1923 , nom. nud.",", nom. nud.",,,,8,tschimganicum,,,f,t,,,,,,,Korovin@12624-1@1@aut,,,tax. nov.,,1.1,f,acantholimon~tschimganicum,plumbaginaceaeacantholimon~tschimganicum~,211,wfo-0000513560,,species,,,,
urn:lsid:ipni.org:names:77381284-1,Hochst. ex Webb,,,,,,52,,,,,,380,,,K.G.T.Kotschy,,,09/06/2026 15:49,11/06/2026 11:00,"Ethiopia (Northeast Tropical Africa, Africa)",,Malvaceae,Abutilon kotschyi,Abutilon kotschyi,Abutilon,,f,f,,,,,,,,,,,ad radices montis Cordofani Arasch-Cool,,,,,,,,,,,,,,,,,,30000557-2,Fragm. Fl. Aethiop.-aegypt.,urn:lsid:ipni.org:publications:16706-2,1854,1854,,Hochst. ex Webb,spec.,Fragm. Fl. Aethiop.-aegypt. 52. 1854 ,,,,,11,kotschyi,,,f,t,,holotype P;isotype MO,,,,,Webb@11454-1@2@autEx$Hochst.@3983-1@1@aut,,,tax. nov.,,1.2,f,abutilon~kotschyi,malvaceaeabutilon~kotschyi~,212,wfo-0000512025,,species,,,,
urn:lsid:ipni.org:names:77381285-1,Pires de Lima,,,,,,19: 127,,,,,,,,,,,,09/06/2026 15:49,10/06/2026 12:48,,,Leguminosae,Abrus tunguensis,Abrus tunguensis,Abrus,,f,f,,,,,,,,,,,,,,,,,,,,,,,,,,,,,21549-1,"Brotéria, Sér. Bot.",urn:lsid:ipni.org:publications:3887-2,1921,1921,,Pires de Lima,spec.,"Brotéria, Sér. Bot. 19: 127. 1921 ",,Afr. Lusit. Or,,,8,tunguensis,,,f,t,,,,,,,Pires de Lima@5592-1@1@aut,,,tax. nov.,,1.2,f,abrus~tunguensis,leguminosaeabrus~tunguensis~,213,wfo-0001058886,,species,,,,
urn:lsid:ipni.org:names:77381287-1,Pers.,,,,,,2: 179,,,,,,,,,,,,09/06/2026 15:49,10/06/2026 14:50,,,Acanthaceae,Acanthus spinosissimus,Acanthus spinosissimus,Acanthus,,f,f,,,,,,,,,,,,,,,,,,,,,,,,,,,,,344-1,Syn. Pl. [Persoon],urn:lsid:ipni.org:publications:1079-2,1806,1806,,Pers.,spec.,Syn. Pl. [Persoon] 2: 179. 1806 ,,,,,8,spinosissimus,,,f,t,,,,,,,Pers.@24750-1@1@aut,,,tax. nov.,,1.2,f,acanthus~spinosissimus,acanthaceaeacanthus~spinosissimus~,214,wfo-1200030142,,species,,,,
urn:lsid:ipni.org:names:77381289-1,Hochst. ex Garcke,,,,,,49,,,,,,,,,,,,09/06/2026 15:49,11/06/2026 10:52,,,Malvaceae,Abutilon intermedium,Abutilon intermedium,Abutilon,,f,f,,,,,,,,,,,,,,,,,,,,,,,,,,,,,30000557-2,Beitr. Fl. Aethiop.,urn:lsid:ipni.org:publications:5766-2,1867,1867,,Hochst. ex Garcke,spec.,Beitr. Fl. Aethiop. 49. 1867 ,,Geront. trop,,,8,intermedium,,,f,t,,,,,,,Hochst.@3983-1@1@aut$Garcke@3021-1@2@autEx,,,tax. nov.,,1.2,f,abutilon~intermedium,malvaceaeabutilon~intermedium~,215,wfo-0000512010,,species,,,,
urn:lsid:ipni.org:names:77381290-1,Moldenke,,,,,,3: 64,,,,,,,,,,,,09/06/2026 15:49,10/06/2026 12:54,,,Menispermaceae,Abuta klugii,Abuta klugii,Abuta,,f,f,,,,,,,,,,,,,,,,,,,,,,,,,,,,,26864-1,Brittonia,urn:lsid:ipni.org:publications:561-2,1938,1938,,Moldenke,spec.,Brittonia 3: 64. 1938 ,,,,,8,klugii,,,f,t,,,,,,,Moldenke@6570-1@1@aut,,,tax. nov.,580060-1,1.2,f,abuta~klugii,menispermaceaeabuta~klugii~,216,wfo-1200074349,,species,,,,
urn:lsid:ipni.org:names:77381291-1,M.Martens & Galeotti,,,,,,10: 312,,,,,,,,,,,,09/06/2026 15:49,10/06/2026 13:08,,,Fabaceae,Acacia elegans,Acacia elegans,Acacia,,f,f,,,,,,,470239-1,,,,,,,,nom. illeg. later homonym,,nom. illeg.,,,,,,,,,,,,30393014-2,Bull. Acad. Roy. Sci. Bruxelles,urn:lsid:ipni.org:publications:873-2,1843,1843,,M.Martens & Galeotti,spec.,Bull. Acad. Roy. Sci. Bruxelles 10: 312. 1843 ,,,,,10,elegans,,,f,t,,,,,,,Galeotti@2992-1@2@aut$M.Martens@6150-1@1@aut,,,tax. nov.,,1.2,f,acacia~elegans,fabaceaeacacia~elegans~,217,wfo-1200021950,,species,,,,
urn:lsid:ipni.org:names:77381292-1,Bertero,,,,,,2: 265,,,,,,,,,,,,09/06/2026 15:49,09/06/2026 15:49,,,Fabaceae,Acacia pterocarpa,Acacia pterocarpa,Acacia,,f,f,,,,,,,,,,,,,,,,,,,,,,,,,,,,,30393014-2,Herb. Pedem.,urn:lsid:ipni.org:publications:964-2,1834,1834,,Bertero,spec.,Herb. Pedem. 2: 265. 1834 ,,,,,8,pterocarpa,,,f,t,,,,,,,Bertero@16031-1@1@aut,,,tax. nov.,,1.1,f,acacia~pterocarpa,fabaceaeacacia~pterocarpa~,218,wfo-0000512852,,species,,,,
urn:lsid:ipni.org:names:77381294-1,Boiss.,,,,,,4: 840,,,,,,,,,,,,09/06/2026 15:49,18/06/2026 10:53,,,Plumbaginaceae,Acantholimon echinus,Acantholimon echinus,Acantholimon,,f,f,,,,,,,,,,,,,,,,,,,,,,,,,,,,,331313-2,Fl. Orient.,urn:lsid:ipni.org:publications:945-2,1879,1879,,Boiss.,spec.,"Fl. Orient. 4: 840. 1879 , nom. illeg. homonym. post.",", nom. illeg. homonym. post.",,,,8,echinus,,,f,t,,,,,,,Boiss.@16284-1@1@aut,,,tax. nov.,,1.3,f,acantholimon~echinus,plumbaginaceaeacantholimon~echinus~,219,wfo-1200119111,,species,,,,
urn:lsid:ipni.org:names:77381295-1,J.M.Black,,,,,,43: 33,,,,,,,,,,,,09/06/2026 15:49,09/06/2026 15:49,,,Fabaceae,Acacia rivularis,Acacia rivularis,Acacia,,f,f,,,,,,,,,,,,,,,,,,,,,,,,,,,,,30393014-2,Trans. & Proc. Roy. Soc. South Australia,urn:lsid:ipni.org:publications:1083-2,1919,1919,,J.M.Black,spec.,"Trans. & Proc. Roy. Soc. South Australia 43: 33. 1919 , orth. var.",", orth. var.",,,,8,rivularis,,,f,t,,,,,,,J.M.Black@828-1@1@aut,,,tax. nov.,,1.1,f,acacia~rivularis,fabaceaeacacia~rivularis~,220,wfo-0000512876,,species,,,,
urn:lsid:ipni.org:names:77381297-1,Doan & Akaydn,,,,,,140: 445,,,,,,,,,,,,09/06/2026 15:49,09/06/2026 15:49,,,Plumbaginaceae,Acantholimon anatolicum,Acantholimon anatolicum,Acantholimon,,f,f,,,,,,,,,,,,,,,,,,,,,,,,,,,,,331313-2,Bot. J. Linn. Soc.,urn:lsid:ipni.org:publications:1172-2,2002,2002,,Doan & Akaydn,spec.,"Bot. J. Linn. Soc. 140: 445. 2002 , contrary to Art. 37.3 ICBN (2000) .",", contrary to Art. 37.3 ICBN (2000) .",,,,6,anatolicum,,,f,t,,,,,,,Doan@2239-1@1@aut$Akaydn@0-0@2@aut,,,tax. nov.,,1.1,f,acantholimon~anatolicum,plumbaginaceaeacantholimon~anatolicum~,221,wfo-0000513167,,species,,,,
urn:lsid:ipni.org:names:77381298-1,(Phil.) Reiche,Malvaceae Anoda hirsuta Phil.,(Phil.),558970-1,,,1: 219,,,,,,,,,,,,09/06/2026 15:49,18/06/2026 11:15,,,Malvaceae,Abutilon hirsutum,Abutilon hirsutum,Abutilon,,f,f,,,,,,,236-2,,,,,,,,nom. illeg. later homonym,,nom. illeg.,,,,,,,,,,,,30000557-2,Fl. Chile,urn:lsid:ipni.org:publications:16039-2,1895,1895,,Reiche,spec.,Fl. Chile 1: 219. 1895 ,,,,,13,hirsutum,,,f,t,,,,,,,Reiche@8249-1@1@aut$Phil.@12735-1@2@bas,,,comb. nov.,,1.3,f,abutilon~hirsutum,malvaceaeabutilon~hirsutum~,222,wfo-0000511970,,species,,,,
urn:lsid:ipni.org:names:77381299-1,Walp.,,,,,,1: 310,,,,,,,,,,,,09/06/2026 15:49,09/06/2026 15:49,,,Malvaceae,Abelmoschus acendens,Abelmoschus acendens,Abelmoschus,,f,f,,,,,,,,,,,,,,,,,,,,,,,,,,,,,30399273-2,Repert. Bot. Syst.,,1842,1842,,Walp.,spec.,Repert. Bot. Syst. 1: 310. 1842 ,,,,,6,acendens,,,f,t,,,,,,,Walp.@11355-1@1@aut,,,tax. nov.,,1.1,f,abelmoschus~acendens,malvaceaeabelmoschus~acendens~,223,wfo-1000064833,,species,,,,
urn:lsid:ipni.org:names:77381300-1,Maiden & Blakely,,,,,,13: 26,,,,,,,,,,,,09/06/2026 15:49,10/06/2026 12:43,,,Fabaceae,Acacia clementii,Acacia clementii,Acacia,,f,f,,,,,,,470003-1,,,,,,,,nom. illeg. later homonym,,nom. illeg.,,,,,,,,,,,,30393014-2,J. Roy. Soc. Western Australia,urn:lsid:ipni.org:publications:1553-2,1928,1928,,Maiden & Blakely,spec.,J. Roy. Soc. Western Australia 13: 26. 1928 ,,"'Between the Ashburton and Yule Rivers (Dr. E. Clement, No. 225, per Herb. Hort. Bot. Reg. Kew). The type.'",,,10,clementii,,,f,t,,,,,,,Blakely@840-1@2@aut$Maiden@5992-1@1@aut,,,tax. nov.,,1.2,f,acacia~clementii,fabaceaeacacia~clementii~,224,wfo-0000202915,,species,,,,
urn:lsid:ipni.org:names:77381301-1,Jacob-Makoy,,,,,,1836: 12,,,,,,,,,,,,09/06/2026 15:49,17/06/2026 13:14,,,Fabaceae,Acacia dillwynifolia,Acacia dillwynifolia,Acacia,,f,f,,,,,,,,,,,,,,,nom. illeg. nom. superfl.,,nom. illeg.,,,,,,,,,,,,30393014-2,Nursery Cat. (L.Jacob-Makoy & Co.),urn:lsid:ipni.org:publications:20043827-1,1836,1836,,Jacob-Makoy,spec.,Nursery Cat. (L.Jacob-Makoy & Co.) 1836: 12. ,,,508180-1,,10,dillwynifolia,,,f,t,,,,,,,Jacob-Makoy@4374-1@1@aut,,,nom. nov.,,1.3,f,acacia~dillwynifolia,fabaceaeacacia~dillwynifolia~,225,wfo-1000002813,,species,,,,
urn:lsid:ipni.org:names:77381302-1,Dehnh. ex Walp.,,,,,,1: 924,,,,,,,,,,,,09/06/2026 15:49,09/06/2026 15:49,,,Mimosaceae,Acacia kunthii,Acacia kunthii,Acacia,,f,f,,,,,,,,,,,,,,,,,,,,,,,,,,,,,325783-2,Repert. Bot. Syst.,,1843,1843,,Dehnh. ex Walp.,spec.,Repert. Bot. Syst. 1: 924. 1843 ,,,,,6,kunthii,,,f,t,,,,,,,Walp.@11355-1@2@autEx$Dehnh.@2082-1@1@aut,Mill.@0-0@0@aut,,tax. nov.,,1.1,f,acacia~kunthii,mimosaceaeacacia~kunthii~,226,wfo-1200021974,,species,,,,
urn:lsid:ipni.org:names:77381303-1,Saff.,,,,,,4: 363,,,,,,,,,,,,09/06/2026 15:49,19/06/2026 09:14,,,Fabaceae,Acacia penomensis,Acacia penomensis,Acacia,,f,f,,,,,,,,,,,,,,,,,,,,,,,,,,,,,30393014-2,J. Wash. Acad. Sci.,urn:lsid:ipni.org:publications:686-2,1914,1914,,Saff.,spec.,J. Wash. Acad. Sci. 4: 363. 1914 ,,,,,8,penomensis,,,f,t,,,,,,,Saff.@8805-1@1@aut,,,tax. nov.,,1.2,f,acacia~penomensis,fabaceaeacacia~penomensis~,227,wfo-0000512814,,species,,,,
urn:lsid:ipni.org:names:77381305-1,(L.) Boiss.,Plumbaginaceae Statice echinus L.,(L.),332156-2,,,12: 627,,,,,,,,,,,,09/06/2026 15:49,09/06/2026 15:49,,,Plumbaginaceae,Acantholimon echinus,Acantholimon echinus,Acantholimon,,f,f,,,,,,,,,,,,,,,,,,,,,,,,,,,,,331313-2,Prodr.,urn:lsid:ipni.org:publications:1051-2,1848,1848,,Boiss.,spec.,Prodr. 12: 627. 1848 ,,,,,11,echinus,,,f,t,,,,,,,L.@12653-1@2@bas$Boiss.@16284-1@1@aut,,,comb. nov.,,1.1,f,acantholimon~echinus,plumbaginaceaeacantholimon~echinus~,228,wfo-0000513271,,species,,,,
urn:lsid:ipni.org:names:77381306-1,Speg.,,,,,,47: 288,,,,,,,,,,,,09/06/2026 15:49,11/06/2026 07:54,,,Rosaceae,Acaena tehuelcha,Acaena tehuelcha,Acaena,,f,f,,,,,,,,,,,,,,,,,,,,,,,,,,,,,30001386-2,Anales Soc. Ci. Argent.,urn:lsid:ipni.org:publications:1416-2,1899,1899,,Speg.,spec.,Anales Soc. Ci. Argent. 47: 288. 1899 ; = Nova Add. Fl. Patag. 1: 49,; = Nova Add. Fl. Patag. 1: 49,,,,8,tehuelcha,,,f,t,,,,,,,Speg.@9955-1@1@aut,,,tax. nov.,,1.5,f,acaena~tehuelcha,rosaceaeacaena~tehuelcha~,229,wfo-0000985216,,species,,,,
urn:lsid:ipni.org:names:77381307-1,Willd.,,,,,,1057,,,,,,,,,,,,09/06/2026 15:49,19/06/2026 09:03,,,Fabaceae,Acacia scandens,Acacia scandens,Acacia,,f,f,,,,,,,,,,,,,,,,,,,,,,,,,,,,,30393014-2,Enum. Pl. Hort. Berol.,urn:lsid:ipni.org:publications:910-2,1809,1809,,Willd.,spec.,"Enum. Pl. Hort. Berol. 1057. 1809 , nom. illeg. homonym. post.",", nom. illeg. homonym. post.",,,,8,scandens,,,f,t,,,,,,,Willd.@11692-1@1@aut,,,tax. nov.,,1.2,f,acacia~scandens,fabaceaeacacia~scandens~,230,wfo-1200022016,,species,,,,
urn:lsid:ipni.org:names:77381308-1,Engl.,,,,,,9(I 1): 401,,,,,,,,,,,,09/06/2026 15:49,09/06/2026 15:49,,,Fabaceae,Acacia makondensis,Acacia makondensis,Acacia,,f,f,,,,,,,,,,,,,,,,,,,,,,,,,,,,,30393014-2,Veg. Erde,,1910,1910,,Engl.,spec.,"Veg. Erde 9(I 1): 401. 1910 , nom. nud.",", nom. nud.",,,,6,makondensis,,,f,t,,,,,,,Engl.@18509-1@1@aut,,,tax. nov.,,1.1,f,acacia~makondensis,fabaceaeacacia~makondensis~,231,wfo-0000512728,,species,,,,
urn:lsid:ipni.org:names:77381310-1,Buch.-Ham. ex Wall.,,,,,,n. 5258,,,,,,,,,,,,09/06/2026 15:49,10/06/2026 12:18,,,Fabaceae,Acacia alliacea,Acacia alliacea,Acacia,,f,f,,,,,,,,,,,,,,,nom. inval.,,nom. inval.,,,,,,,,,,,,30393014-2,Numer. List,urn:lsid:ipni.org:publications:1092-2,1831,1831,,Buch.-Ham. ex Wall.,spec.,Numer. List n. 5258. 1831 ,,,,,9,alliacea,,,f,t,,,,,,,Wall.@12990-1@2@autEx$Buch.-Ham.@1242-1@1@aut,,,tax. nov.,,1.3,f,acacia~alliacea,fabaceaeacacia~alliacea~,232,wfo-0000512416,,species,,,,
urn:lsid:ipni.org:names:77381311-1,Vahl,,,,,,1: 295,,,,,,,,,,,,09/06/2026 15:49,19/06/2026 09:05,,,Rosaceae,Acaena ovalifolia,Acaena ovalifolia,Acaena,,f,f,,,,,,,,,,,,,,,,,,,,,,,,,,,,,30001386-2,Enum. Pl. Obs.,urn:lsid:ipni.org:publications:5500-2,1804,1804,,Vahl,spec.,Enum. Pl. Obs. 1: 295. 1804 ,,,,,8,ovalifolia,,,f,t,,,,,,,Vahl@28125-1@1@aut,,,tax. nov.,,1.3,f,acaena~ovalifolia,rosaceaeacaena~ovalifolia~,233,wfo-0000985296,,species,,,,
urn:lsid:ipni.org:names:77381312-1,(Jacq.) R.A.Howard,Leguminosae Mimosa retusa Jacq.,(Jacq.),508599-1,,,54: 459,,,,,,,,,,,,09/06/2026 15:49,09/06/2026 15:49,,,Fabaceae,Acacia retusa,Acacia retusa,Acacia,,f,f,,,,,,,,,,,,,,,,,,,,,,,,,,,,,30393014-2,J. Arnold Arbor.,urn:lsid:ipni.org:publications:981-2,1973,1973,,R.A.Howard,spec.,J. Arnold Arbor. 54: 459. 1973 ,,,,,11,retusa,,,f,t,,,,,,,Jacq.@12576-1@2@bas$R.A.Howard@4155-1@1@aut,,,comb. nov.,,1.1,f,acacia~retusa,fabaceaeacacia~retusa~,234,wfo-0000178844,,species,,,,
urn:lsid:ipni.org:names:77381313-1,Balb. ex Spin,,,,,,Suppl.: 8,,,,,,,,,,,,09/06/2026 15:49,19/06/2026 13:53,,,Fabaceae,Acacia spinii,Acacia spinii,Acacia,,f,f,,,,,,,,,,,,,,,,,,,,,,,,,,,,,30393014-2,Jard. St. Sébastien,urn:lsid:ipni.org:publications:20027409-1,1823,1823,,Balb. ex Spin,spec.,Jard. St. Sébastien Suppl.: 8. 1823 ,,,,,8,spinii,,,f,t,,,,,,,Spin@9972-1@2@autEx$Balb.@31247-1@1@aut,,,tax. nov.,,1.2,f,acacia~spinii,fabaceaeacacia~spinii~,235,wfo-1200022023,,species,,,,
urn:lsid:ipni.org:names:77381314-1,Sm.,,,,,,9: 126,,,,,,,,,,,,09/06/2026 15:49,09/06/2026 15:49,,,Ulmaceae,Abelicea cretica,Abelicea cretica,Abelicea,,f,f,,,,,,,,,,,,,,,,,,,,,,,,,,,,,40691-1,Trans. Linn. Soc. London,urn:lsid:ipni.org:publications:815-2,1808,1808,,Sm.,spec.,Trans. Linn. Soc. London 9: 126. 1808 ,,,,,8,cretica,,,f,t,,,,,,,Sm.@9802-1@1@aut,,,tax. nov.,,1.1,f,abelicea~cretica,ulmaceaeabelicea~cretica~,236,wfo-1200063607,,species,,,,
urn:lsid:ipni.org:names:77381315-1,L.f.,,,,,,294,,,,,,,,,,,,09/06/2026 15:49,09/06/2026 15:49,,,Acanthaceae,Acanthus procumbens,Acanthus procumbens,Acanthus,,f,f,,,,,,,,,,,,,,,,,,,,,,,,,,,,,344-1,Suppl. Pl.,urn:lsid:ipni.org:publications:1252-2,1782,1782,,L.f.,spec.,Suppl. Pl. 294. 1782 ,,,,,8,procumbens,,,f,t,,,,,,,L.f.@22405-1@1@aut,,,tax. nov.,,1.1,f,acanthus~procumbens,acanthaceaeacanthus~procumbens~,237,wfo-1200030141,,species,,,,
urn:lsid:ipni.org:names:77381316-1,Rebourgeon,,,,,,1,,,,,,,,,,,,09/06/2026 15:49,10/06/2026 16:18,,,Olacaceae,Acanthea virilis,Acanthea virilis,Acanthea,,f,f,,,,,,,,,,,,,,,,,,,,,,,,,,,,,77220963-1,Moyrapuama,urn:lsid:ipni.org:publications:20064685-1,1895,1895,,Rebourgeon,spec.,Moyrapuama 1. 1895 ,,"Not seen by IPNI editors; cited in Merck's Annual Report, 'In this publication Rebourgeon... giving it the name Acanthea virilis', https://www.google.co.uk/books/edition/E_Merck_s_Annual_Report_of_Recent_Advanc/tDHOAAAAMAAJ?hl=en&gbpv=1&dq=Rebourgeon+1895+%22Le+Moyrapuama%22&pg=PA175&printsec=frontcover",,,6,virilis,,,f,t,,,,,,,Rebourgeon@0-0@1@aut,,,tax. nov.,,1.2,f,acanthea~virilis,olacaceaeacanthea~virilis~,238,wfo-1200064384,,species,,,,
urn:lsid:ipni.org:names:77381317-1,Clos,,,,,,2: 285,,,,,,,,,,,,09/06/2026 15:49,18/06/2026 11:11,,,Rosaceae,Acaena poeppigiana,Acaena poeppigiana,Acaena,,f,f,,,,,,,,,,,,,,,,,,,,,,,,,,,,,30001386-2,Fl. Chil.,urn:lsid:ipni.org:publications:928-2,1847,1847,,Clos,spec.,Fl. Chil. 2: 285. 1847 ,,,,,8,poeppigiana,,,f,t,,,,,,,Clos@1703-1@1@aut,,,tax. nov.,,1.3,f,acaena~poeppigiana,rosaceaeacaena~poeppigiana~,239,wfo-0000985247,,species,,,,
urn:lsid:ipni.org:names:77381318-1,Pottier,,,,,,22: 76,,,,,,,,,,,,09/06/2026 15:49,09/06/2026 15:49,,,Mimosaceae,Acacia magnifica,Acacia magnifica,Acacia,,f,f,,,,,,,,,,,,,,,,,,,,,,,,,,,,,325783-2,Jardin,urn:lsid:ipni.org:publications:20011553-2,1908,1908,,Pottier,spec.,Jardin 22: 76. 1908 ,,,,,8,magnifica,,,f,t,,,,,,,Pottier@7892-1@1@aut,Mill.@0-0@0@aut,,tax. nov.,,1.1,f,acacia~magnifica,mimosaceaeacacia~magnifica~,240,wfo-0000203306,,species,,,,
urn:lsid:ipni.org:names:77381319-1,Graham ex Wall.,,,,,,n. 5260,,,,,,,,,,,,09/06/2026 15:49,10/06/2026 12:19,,,Fabaceae,Acacia amblycarpa,Acacia amblycarpa,Acacia,,f,f,,,,,,,,,,,,,,,nom. inval.,,nom. inval.,,,,,,,,,,,,30393014-2,Numer. List,urn:lsid:ipni.org:publications:1092-2,1831,1831,,Graham ex Wall.,spec.,Numer. List n. 5260. 1831 ,,,,,9,amblycarpa,,,f,t,,,,,,,Wall.@12990-1@2@autEx$Graham@3320-1@1@aut,,,tax. nov.,,1.2,f,acacia~amblycarpa,fabaceaeacacia~amblycarpa~,241,wfo-1200021926,,species,,,,
urn:lsid:ipni.org:names:77381320-1,Buch.-Ham. ex Wall.,,,,,,n. 5249,,,,,,,,,,,,09/06/2026 15:49,10/06/2026 12:24,,,Fabaceae,Acacia arar,Acacia arar,Acacia,,f,f,,,,,,,,,,,,,,,nom. inval.,,nom. inval.,,,,,,,,,,,,30393014-2,Numer. List,urn:lsid:ipni.org:publications:1092-2,1831,1831,,Buch.-Ham. ex Wall.,spec.,Numer. List n. 5249. 1831 ,,,,,9,arar,,,f,t,,,,,,,Buch.-Ham.@1242-1@1@aut$Wall.@12990-1@2@autEx,,,tax. nov.,,1.2,f,acacia~arar,fabaceaeacacia~arar~,242,wfo-0000512430,,species,,,,
urn:lsid:ipni.org:names:77381321-1,(Cav.) Gorrie,Malvaceae Sida pubescens Cav.,(Cav.),235789-2,,,21,,,,,,,,,,,,09/06/2026 15:49,11/06/2026 11:54,,,Malvaceae,Abutilon pubescens,Abutilon pubescens,Abutilon,,f,f,,,,,,,558461-1,,,,,,,,nom. illeg. later homonym,,nom. illeg.,,,,,,,,,,,,30000557-2,Miller's Dict. Gard.,urn:lsid:ipni.org:publications:20016092-1,1834,1834,,Gorrie,spec.,Miller's Dict. Gard. 21. 1834 ,,,,,13,pubescens,,,f,t,,,,,,,Gorrie@20059695-1@1@aut$Cav.@1465-1@2@bas,,,comb. nov.,,1.2,f,abutilon~pubescens,malvaceaeabutilon~pubescens~,243,wfo-1200119112,,species,,,,
urn:lsid:ipni.org:names:77381322-1,Willd.,,,,,,4: 1016,,,,,,,,,,,,09/06/2026 15:49,09/06/2026 15:49,,,Fabaceae,Acacia nodosa,Acacia nodosa,Acacia,,f,f,,,,,,,,,,,,,,,,,,,,,,,,,,,,,30393014-2,"Sp. Pl., ed. 4.",urn:lsid:ipni.org:publications:1302-2,1806,1806,,Willd.,spec.,"Sp. Pl., ed. 4. 4: 1016. 1806 ",,,,,8,nodosa,,,f,t,,,,,,,Willd.@11692-1@1@aut,,,tax. nov.,,1.1,f,acacia~nodosa,fabaceaeacacia~nodosa~,244,wfo-0000512780,,species,,,,
urn:lsid:ipni.org:names:77381323-1,(L.) W.Wight,Leguminosae Glycine abrus L.,(L.),496646-1,,,9: 171,,,,,,,,,,,,09/06/2026 15:49,10/06/2026 10:15,,,Leguminosae,Abrus abrus,Abrus abrus,Abrus,,f,f,,,,,,,,,,,,,,,nom. inval.    Contrary to Art. 23.4. ICN (2025). Tautonym.,,nom. inval.,,,,,,,,,,,,21549-1,Contr. U.S. Natl. Herb.,urn:lsid:ipni.org:publications:605-2,1905,1905 [8 Apr 1905],[8 Apr 1905],W.Wight,spec.,Contr. U.S. Natl. Herb. 9: 171. 1905 [8 Apr 1905] ,,,,,12,abrus,,,f,t,,,,,,,L.@12653-1@2@bas$W.Wight@11659-1@1@aut,,,comb. nov.,,1.2,f,abrus~abrus,leguminosaeabrus~abrus~,245,wfo-0000183132,,species,,,,
urn:lsid:ipni.org:names:77381324-1,Gorrie,,,,,,36,,,,,,,,,,,,09/06/2026 15:49,09/06/2026 15:49,,,Fabaceae,Acacia trichodella,Acacia trichodella,Acacia,,f,f,,,,,,,,,,,,,,,,,,,,,,,,,,,,,30393014-2,Miller's Dict. Gard.,urn:lsid:ipni.org:publications:20016092-1,1834,1834,,Gorrie,spec.,"Miller's Dict. Gard. 36. 1834 , nom. illeg. superfl.",", nom. illeg. superfl.",,471237-1,,9,trichodella,,,f,t,,,,,,,Gorrie@20059695-1@1@aut,,,nom. nov.,,1.1,f,acacia~trichodella,fabaceaeacacia~trichodella~,246,wfo-0001443492,,species,,,,
urn:lsid:ipni.org:names:77381325-1,Dehnh. ex Walp.,,,,,,1: 924,,,,,,,,,,,,09/06/2026 15:49,09/06/2026 15:49,,,Mimosaceae,Acacia setosa,Acacia setosa,Acacia,,f,f,,,,,,,,,,,,,,,,,,,,,,,,,,,,,325783-2,Repert. Bot. Syst.,,1843,1843,,Dehnh. ex Walp.,spec.,"Repert. Bot. Syst. 1: 924. 1843 , nom. illeg. homonym. post.",", nom. illeg. homonym. post.",,,,6,setosa,,,f,t,,,,,,,Dehnh.@2082-1@1@aut$Walp.@11355-1@2@autEx,Mill.@0-0@0@aut,,tax. nov.,,1.1,f,acacia~setosa,mimosaceaeacacia~setosa~,247,wfo-1200022019,,species,,,,
urn:lsid:ipni.org:names:77381326-1,Paxton,,,,,,6: 236,,,,,,,,,,,,09/06/2026 15:49,09/06/2026 15:49,,,Fabaceae,Acacia kermesina,Acacia kermesina,Acacia,,f,f,,,,,,,,,,,,,,,,,,,,,,,,,,,,,30393014-2,Paxton's Mag. Bot.,urn:lsid:ipni.org:publications:1357-2,1839,1839,,Paxton,spec.,Paxton's Mag. Bot. 6: 236. 1839 ,,,,,8,kermesina,,,f,t,,,,,,,Paxton@7426-1@1@aut,,,tax. nov.,,1.1,f,acacia~kermesina,fabaceaeacacia~kermesina~,248,wfo-1000050059,,species,,,,
urn:lsid:ipni.org:names:77381327-1,Colla,,,,,,33: 135,,,,,,,,,,,,09/06/2026 15:49,10/06/2026 12:26,,,Fabaceae,Acacia brasiliensis,Acacia brasiliensis,Acacia,,f,f,,,,,,,469875-1,,,,,,,,nom. illeg. later homonym,,nom. illeg.,,,,,,,,,,,,30393014-2,Mem. Reale Accad. Sci. Torino,urn:lsid:ipni.org:publications:1261-2,1829,1829,,Colla,spec.,Mem. Reale Accad. Sci. Torino 33: 135. 1829 ,,,,,10,brasiliensis,,,f,t,,,,,,,Colla@1738-1@1@aut,,,tax. nov.,,1.2,f,acacia~brasiliensis,fabaceaeacacia~brasiliensis~,249,wfo-0001443469,,species,,,,
urn:lsid:ipni.org:names:77381328-1,Schiman-Czeika,,,,,,163: 273,,,,,,,,,,,,09/06/2026 15:49,09/06/2026 15:49,,,Caryophyllaceae,Acanthophyllum khuzistanicum,Acanthophyllum khuzistanicum,Acanthophyllum,,f,f,,,,,,,,,,,,,,,,,,,,,,,,,,,,,30179914-2,Fl. Iranica,urn:lsid:ipni.org:publications:2166-2,1988,1988,,Schiman-Czeika,spec.,Fl. Iranica 163: 273. 1988 ,,,,,8,khuzistanicum,,,f,t,,,,,,,Schiman-Czeika@9086-1@1@aut,,,tax. nov.,,1.1,f,acanthophyllum~khuzistanicum,caryophyllaceaeacanthophyllum~khuzistanicum~,250,wfo-1200119113,,species,,,,
urn:lsid:ipni.org:names:77381329-1,André,,,,,,84,,,,,,,,,,,,09/06/2026 15:49,09/06/2026 15:49,,,Acanthaceae,Acanthus lusitanicus,Acanthus lusitanicus,Acanthus,,f,f,,,,,,,,,,,,,,,,,,,,,,,,,,,,,344-1,Pl. Feuill. Ornem.,urn:lsid:ipni.org:publications:20016219-1,1866,1866,,André,spec.,Pl. Feuill. Ornem. 84. 1866 ,,,,,8,lusitanicus,,,f,t,,,,,,,André@207-1@1@aut,,,tax. nov.,,1.1,f,acanthus~lusitanicus,acanthaceaeacanthus~lusitanicus~,251,wfo-1200030140,,species,,,,
urn:lsid:ipni.org:names:77381330-1,Maiden,,,,,,5: 116,,,,,,,,,,,,09/06/2026 15:49,10/06/2026 12:12,,,Fabaceae,Acacia adunca,Acacia adunca,Acacia,,f,f,,,,,,,469663-1,,,,,,,,nom. illeg. later homonym,,nom. illeg.,,,,,,,,,,,,30393014-2,Forest Fl. N.S.W.,urn:lsid:ipni.org:publications:18132-2,1912,1912,,Maiden,spec.,Forest Fl. N.S.W. 5: 116. 1912 ,,,,,10,adunca,,,f,t,,,,,,,Maiden@5992-1@1@aut,,,tax. nov.,,1.2,f,acacia~adunca,fabaceaeacacia~adunca~,252,wfo-1200021921,,species,,,,
urn:lsid:ipni.org:names:77381331-1,Mouill.,,,,,,1: 675,,,,,,,,,,,,09/06/2026 15:49,10/06/2026 13:20,,,Fabaceae,Acacia glabra,Acacia glabra,Acacia,,f,f,,,,,,,,,,,,,,,nom. illeg. nom. superfl.,,nom. illeg.,,,,,,,,,,,,30393014-2,Traité Arbr. Arbriss.,urn:lsid:ipni.org:publications:20011676-2,1894,1894,,Mouill.,spec.,Traité Arbr. Arbriss. 1: 675. 1894 ,,,470574-1,,10,glabra,,,f,t,,,,,,,Mouill.@6710-1@1@aut,,,nom. nov.,,1.2,f,acacia~glabra,fabaceaeacacia~glabra~,253,wfo-1000050046,,species,,,,
urn:lsid:ipni.org:names:77381332-1,Denham,,,,,,ed. 2: 17,,,,,,,,,,,,09/06/2026 15:49,09/06/2026 15:49,,,Mimosaceae,Acacia insignis,Acacia insignis,Acacia,,f,f,,,,,,,,,,,,,,,,,,,,,,,,,,,,,325783-2,Cat. Horti Camald.,urn:lsid:ipni.org:publications:4825-2,1832,1832,,Denham,spec.,"Cat. Horti Camald. ed. 2: 17. 1832 , nom. illeg. homonym. post.",", nom. illeg. homonym. post.",,,,8,insignis,,,f,t,,,,,,,Denham@2126-1@1@aut,Mill.@0-0@0@aut,,tax. nov.,,1.1,f,acacia~insignis,mimosaceaeacacia~insignis~,254,wfo-1200021971,,species,,,,
urn:lsid:ipni.org:names:77381333-1,Voss,,,,,,1: 186,,,,,,,,,,,,09/06/2026 15:50,09/06/2026 15:50,,,Aceraceae,Acer acinatum,Acer acinatum,Acer,,f,f,,,,,,,,,,,,,,,,,,,,,,,,,,,,,328248-2,"Vilm. Blumengärtn., ed. 3.",urn:lsid:ipni.org:publications:1400-2,1894,1894,,Voss,spec.,"Vilm. Blumengärtn., ed. 3. 1: 186. 1894 ",,,,,8,acinatum,,,f,t,,,,,,,Voss@11267-1@1@aut,,,tax. nov.,,1.1,f,acer~acinatum,aceraceaeacer~acinatum~,255,wfo-0000513941,,species,,,,
urn:lsid:ipni.org:names:77381334-1,Pires de Lima,,,,,,19: 127,,,,,,,,,,,,09/06/2026 15:50,10/06/2026 12:46,,,Leguminosae,Abrus gracilis,Abrus gracilis,Abrus,,f,f,,,,,,,,,,,,,,,,,,,,,,,,,,,,,21549-1,"Brotéria, Sér. Bot.",urn:lsid:ipni.org:publications:3887-2,1921,1921,,Pires de Lima,spec.,"Brotéria, Sér. Bot. 19: 127. 1921 ",,Afr. Lusit. Or,,,8,gracilis,,,f,t,,,,,,,Pires de Lima@5592-1@1@aut,,,tax. nov.,,1.2,f,abrus~gracilis,leguminosaeabrus~gracilis~,256,wfo-0001058885,,species,,,,
urn:lsid:ipni.org:names:77381335-1,A.Cunn.,,,,,,2: 31,,,,,,,,,,,,09/06/2026 15:50,09/06/2026 15:50,,,Fabaceae,Acacia conspicua,Acacia conspicua,Acacia,,f,f,,,,,,,,,,,,,,,,,,,,,,,,,,,,,30393014-2,Rev. Hort. (Paris),urn:lsid:ipni.org:publications:1212-2,1835,1835,,A.Cunn.,spec.,Rev. Hort. (Paris) 2: 31. 1835 ,,,,,8,conspicua,,,f,t,,,,,,,A.Cunn.@1916-1@1@aut,,,tax. nov.,,1.1,f,acacia~conspicua,fabaceaeacacia~conspicua~,257,wfo-1200021943,,species,,,,
urn:lsid:ipni.org:names:77381336-1,Rollison,,,,,,1857: 418,,,,,,,,,,,,09/06/2026 15:50,09/06/2026 15:50,,,Fabaceae,Acacia eriocarpa,Acacia eriocarpa,Acacia,,f,f,,,,,,,,,,,,,,,,,,,,,,,,,,,,,30393014-2,Gard. Chron.,urn:lsid:ipni.org:publications:1224-2,1857,1857,,Rollison,spec.,Gard. Chron. 1857: 418. ,,,,,6,eriocarpa,,,f,t,,,,,,,Rollison@0-0@1@aut,,,tax. nov.,,1.1,f,acacia~eriocarpa,fabaceaeacacia~eriocarpa~,258,wfo-0001443478,,species,,,,
urn:lsid:ipni.org:names:77381337-1,Jacob-Makoy,,,,,,114: 58,,,,,,,,,,,,09/06/2026 15:50,17/06/2026 13:11,,,Malvaceae,Abutilon petuniiflorum,Abutilon petuniiflorum,Abutilon,,f,f,,,,,,,,,,,,,,,,,,,,,,,,,,,,,30000557-2,Nursery Cat. (L.Jacob-Makoy & Co.),urn:lsid:ipni.org:publications:20043827-1,1870,1870,,Jacob-Makoy,spec.,Nursery Cat. (L.Jacob-Makoy & Co.) 114: 58. 1870 ,,,,,8,petuniiflorum,,,f,t,,,,,,,Jacob-Makoy@4374-1@1@aut,,,tax. nov.,,1.3,f,abutilon~petuniiflorum,malvaceaeabutilon~petuniiflorum~,259,wfo-1000064924,,species,,,,
urn:lsid:ipni.org:names:77381338-1,(Willd.) Poir.,Mimosaceae Inga fasciculata Willd.,(Willd.),128504-2,,,1: 46,,,,,,,,,,,,09/06/2026 15:50,09/06/2026 15:50,,,Fabaceae,Acacia fasciculata,Acacia fasciculata,Acacia,,f,f,,,,,,,,,,,,,,,,,,,,,,,,,,,,,30393014-2,"Encycl., Suppl.",urn:lsid:ipni.org:publications:12029-2,1810,1810,,Poir.,spec.,"Encycl., Suppl. 1: 46. 1810 ",,,,,11,fasciculata,,,f,t,,,,,,,Poir.@24945-1@1@aut$Willd.@11692-1@2@bas,,,comb. nov.,,1.1,f,acacia~fasciculata,fabaceaeacacia~fasciculata~,260,wfo-0000195718,,species,,,,
urn:lsid:ipni.org:names:77381339-1,Korovin,,,,,,3: 191,,,,,,,,,,,,09/06/2026 15:50,09/06/2026 15:50,,,Plumbaginaceae,Acantholimon murorum,Acantholimon murorum,Acantholimon,,f,f,,,,,,,,,,,,,,,,,,,,,,,,,,,,,331313-2,Bot. Mater. Gerb. Glavn. Bot. Sada R.S.F.S.R.,urn:lsid:ipni.org:publications:866-2,1922,1922,,Korovin,spec.,Bot. Mater. Gerb. Glavn. Bot. Sada R.S.F.S.R. 3: 191. 1922 ,,,,,8,murorum,,,f,t,,,,,,,Korovin@12624-1@1@aut,,,tax. nov.,,1.1,f,acantholimon~murorum,plumbaginaceaeacantholimon~murorum~,261,wfo-0000513423,,species,,,,
urn:lsid:ipni.org:names:77381341-1,Hochr. ex Reineck & Czermak,,,,,,ser. 2: n.° 156,,,,,,,,,,,,09/06/2026 15:50,10/06/2026 12:59,,,Malvaceae,Abutilon briquetii,Abutilon briquetii,Abutilon,,f,f,,,,,,,,,,,,,,,Not published,,,,,,,,,,,,,,30000557-2,Pl. Bras. Merid.,,1898,1898,,Hochr. ex Reineck & Czermak,spec.,"Pl. Bras. Merid. ser. 2: n.° 156. 1898 , not published.",", not published.",,,,5,briquetii,,,f,t,,,,,,,Hochr.@3982-1@1@aut$Reineck@0-0@2@autEx$Czermak@0-0@3@autEx,,,tax. nov.,,1.2,f,abutilon~briquetii,malvaceaeabutilon~briquetii~,262,wfo-0000511789,,species,,,,
urn:lsid:ipni.org:names:77381342-1,Speg.,,,,,,26: 219,,,,,,,,,,,,09/06/2026 15:50,09/06/2026 15:50,,,Fabaceae,Acacia molfinoi,Acacia molfinoi,Acacia,,f,f,,,,,,,,,,,,,,,,,,,,,,,,,,,,,30393014-2,Bol. Acad. Nac. Ci. Republ. Argent.,urn:lsid:ipni.org:publications:20022331-2,1924,1924,,Speg.,spec.,Bol. Acad. Nac. Ci. Republ. Argent. 26: 219. 1924 ,,,,,8,molfinoi,,,f,t,,,,,,,Speg.@9955-1@1@aut,,,tax. nov.,,1.1,f,acacia~molfinoi,fabaceaeacacia~molfinoi~,263,wfo-0000512752,,species,,,,
urn:lsid:ipni.org:names:77381343-1,(Vent.) Bosc,Leguminosae Robinia viscosa Vent.,(Vent.),517799-1,,,1: 61,,,,,,,,,,,,09/06/2026 15:50,09/06/2026 15:50,,,Fabaceae,Acacia viscosa,Acacia viscosa,Acacia,,f,f,,,,,,,,,,,,,,,,,,,,,,,,,,,,,30393014-2,"Nouv. Dict. Hist. Nat., ed. 2.",urn:lsid:ipni.org:publications:18506-2,1816,1816,,Bosc,spec.,"Nouv. Dict. Hist. Nat., ed. 2. 1: 61. 1816 ",,,,,11,viscosa,,,f,t,,,,,,,Bosc@1004-1@1@aut$Vent.@11128-1@2@bas,,,comb. nov.,,1.1,f,acacia~viscosa,fabaceaeacacia~viscosa~,264,wfo-1200002259,,species,,,,
urn:lsid:ipni.org:names:77381344-1,(DC.) G.Don,Mimosaceae Acacia decipiens  var. trapezoidea DC.,(DC.),62693-3,,,406,,,,,,,,,,,,09/06/2026 15:50,09/06/2026 15:50,,,Mimosaceae,Acacia trapezoidea,Acacia trapezoidea,Acacia,,f,f,,,,,,,,,,,,,,,,,,,,,,,,,,,,,325783-2,Hort. Brit.,,1830,1830,,G.Don,spec.,Hort. Brit. 406. 1830 ,,,,,7,trapezoidea,,,f,t,,,,,,,DC.@0-0@2@bas$G.Don@2268-1@1@aut,Mill.@0-0@0@aut,,comb. et stat. nov.,,1.1,f,acacia~trapezoidea,mimosaceaeacacia~trapezoidea~,265,wfo-0000201809,,species,,,,
urn:lsid:ipni.org:names:77381345-1,Jungh. ex Miq.,,,,,,1(1): 9,,,,,,,,,,,,09/06/2026 15:50,09/06/2026 15:50,,,Fabaceae,Acacia explanata,Acacia explanata,Acacia,,f,f,,,,,,,,,,,,,,,,,,,,,,,,,,,,,30393014-2,Fl. Ned. Ind.,urn:lsid:ipni.org:publications:943-2,1855,1855,,Jungh. ex Miq.,spec.,Fl. Ned. Ind. 1(1): 9. 1855 ,,,,,8,explanata,,,f,t,,,,,,,Miq.@6509-1@2@autEx$Jungh.@21104-1@1@aut,,,tax. nov.,,1.1,f,acacia~explanata,fabaceaeacacia~explanata~,266,wfo-1200021953,,species,,,,
urn:lsid:ipni.org:names:77381347-1,Saff.,,,,,,90: 45,,,,,,,,,,,,09/06/2026 15:50,19/06/2026 13:56,,,Fabaceae,Acacia turgida,Acacia turgida,Acacia,,f,f,,,,,,,,,,,,,,,,,,,,,,,,,,,,,30393014-2,Bull. Mus. Comp. Zool.,urn:lsid:ipni.org:publications:20064792-1,1942,1942,,Saff.,spec.,Bull. Mus. Comp. Zool. 90: 45. 1942 ,,,,,8,turgida,,,f,t,,,,,,,Saff.@8805-1@1@aut,,,tax. nov.,,1.2,f,acacia~turgida,fabaceaeacacia~turgida~,267,wfo-0000182717,,species,,,,
urn:lsid:ipni.org:names:77381348-1,Hook. & Arn.,,,,,,339,,,,,,,,,,,,09/06/2026 15:50,09/06/2026 15:50,,,Rosaceae,Acaena pinnatifida,Acaena pinnatifida,Acaena,,f,f,,,,,,,,,,,,,,,,,,,,,,,,,,,,,30001386-2,Bot. Beechey Voy.,urn:lsid:ipni.org:publications:862-2,1939,1939,,Hook. & Arn.,spec.,"Bot. Beechey Voy. 339. 1939 , nom. illeg. homonym. post.",", nom. illeg. homonym. post.",,,,8,pinnatifida,,,f,t,,,,,,,Arn.@281-1@2@aut$Hook.@4086-1@1@aut,,,tax. nov.,,1.1,f,acaena~pinnatifida,rosaceaeacaena~pinnatifida~,268,wfo-0000988664,,species,,,,
urn:lsid:ipni.org:names:77381349-1,W.Hill,,,,,,46,,,,,,,,,,,,09/06/2026 15:50,09/06/2026 15:50,,,Fabaceae,Acacia striata,Acacia striata,Acacia,,f,f,,,,,,,,,,,,,,,,,,,,,,,,,,,,,30393014-2,Cat. Nat. Indust. Prod. Queensland,,1873,1873,,W.Hill,spec.,"Cat. Nat. Indust. Prod. Queensland 46. 1873 , nom. illeg. homonym. post.",", nom. illeg. homonym. post.",,,,6,striata,,,f,t,,,,,,,W.Hill@13193-1@1@aut,,,tax. nov.,,1.1,f,acacia~striata,fabaceaeacacia~striata~,269,wfo-0000202506,,species,,,,
urn:lsid:ipni.org:names:77381351-1,M.M.Villada,,,,,,"ser. 2, 2: 478",,,,,,,,,,,,09/06/2026 15:50,09/06/2026 15:50,,,Fabaceae,Acacia laccifera,Acacia laccifera,Acacia,,f,f,,,,,,,,,,,,,,,,,,,,,,,,,,,,,30393014-2,Naturaleza (Mexico City),urn:lsid:ipni.org:publications:1013-2,1896,1896,,M.M.Villada,spec.,"Naturaleza (Mexico City) ser. 2, 2: 478. 1896 ",,,,,6,laccifera,,,f,t,,,,,,,M.M.Villada@0-0@1@aut,,,tax. nov.,,1.1,f,acacia~laccifera,fabaceaeacacia~laccifera~,270,wfo-0000512689,,species,,,,
urn:lsid:ipni.org:names:77381352-1,F.Dietr.,,,,,,1: 37,,,,,,,,,,,,09/06/2026 15:50,09/06/2026 15:50,,,Fabaceae,Acacia sulcata,Acacia sulcata,Acacia,,f,f,,,,,,,,,,,,,,,,,,,,,,,,,,,,,30393014-2,Nachtr. Vollst. Lex. Gärtn.,urn:lsid:ipni.org:publications:7915-2,1815,1815,,F.Dietr.,spec.,"Nachtr. Vollst. Lex. Gärtn. 1: 37. 1815 , nom. illeg. superfl.",", nom. illeg. superfl.",,508649-1,,9,sulcata,,,f,t,,,,,,,F.Dietr.@2208-1@1@aut,,,nom. nov.,,1.1,f,acacia~sulcata,fabaceaeacacia~sulcata~,271,wfo-1200002244,,species,,,,
urn:lsid:ipni.org:names:77381354-1,(Nakai) Sugim.,Caprifoliaceae Abelia serrata Siebold & Zucc. var. integerrima Nakai,(Nakai),77306349-1,,,361,,,,,,,,,,,,09/06/2026 15:50,09/06/2026 15:50,,,Caprifoliaceae,Abelia integerrima,Abelia integerrima,Abelia,,f,f,,,,,,,,,,,,,,,,,,,,,,,,,,,,,30049036-2,Key Trees Shrubs Japan,urn:lsid:ipni.org:publications:20027182-1,1936,1936,,Sugim.,spec.,Key Trees Shrubs Japan 361. 1936 ,,,,,11,integerrima,,,f,t,,,,,,,Nakai@23869-1@2@bas$Sugim.@10280-1@1@aut,,,comb. et stat. nov.,,1.1,f,abelia~integerrima,caprifoliaceaeabelia~integerrima~,272,wfo-1000090775,,species,,,,
urn:lsid:ipni.org:names:77381355-1,G.Don,,,,,,256,,,,,,,,,,,,09/06/2026 15:50,09/06/2026 15:50,,,Acanthaceae,Acanthus hispanicus,Acanthus hispanicus,Acanthus,,f,f,,,,,,,,,,,,,,,,,,,,,,,,,,,,,344-1,Hort. Brit.,,1830,1830,,G.Don,spec.,Hort. Brit. 256. 1830 ,,,,,6,hispanicus,,,f,t,,,,,,,G.Don@2268-1@1@aut,,,tax. nov.,,1.1,f,acanthus~hispanicus,acanthaceaeacanthus~hispanicus~,273,wfo-0000513841,,species,,,,
urn:lsid:ipni.org:names:77381356-1,W.Bull,,,,,,199: 11,,,,,,,,,,,,09/06/2026 15:50,09/06/2026 15:50,,,Euphorbiaceae,Acalypha obovata,Acalypha obovata,Acalypha,,f,f,,,,,,,,,,,,,,,,,,,,,,,,,,,,,327639-2,Nursery Cat. (William Bull),urn:lsid:ipni.org:publications:17626-2,1884,1884,,W.Bull,spec.,"Nursery Cat. (William Bull) 199: 11. 1884 , nom. illeg. homonym. post.",", nom. illeg. homonym. post.",,,,8,obovata,,,f,t,,,,,,,W.Bull@1279-1@1@aut,,,tax. nov.,,1.1,f,acalypha~obovata,euphorbiaceaeacalypha~obovata~,274,wfo-1200066759,,species,,,,
urn:lsid:ipni.org:names:77381358-1,R.Br.,,,,,,5: 450,,,,,,,,,,,,09/06/2026 15:50,10/06/2026 10:13,,,Fabaceae,Acacia acicularis,Acacia acicularis,Acacia,,f,f,,,,,,,469632-1,,,,,,,,nom. illeg. later homonym,,nom. illeg.,,,,,,,,,,,,30393014-2,"Hortus Kew., ed. 2.",urn:lsid:ipni.org:publications:971-2,1813,1813,,R.Br.,spec.,"Hortus Kew., ed. 2. 5: 450. 1813 ",,'Nat. of New South Wales. Colonel William Paterson.',,,10,acicularis,,,f,t,,,,,,,R.Br.@1192-1@1@aut,,,tax. nov.,,1.3,f,acacia~acicularis,fabaceaeacacia~acicularis~,275,wfo-0000201694,,species,,,,
urn:lsid:ipni.org:names:77381359-1,G.Gordon,,,,,,5: 83,,,,,,,,,,,,09/06/2026 15:50,09/06/2026 15:50,,,Aceraceae,Acer atheniense,Acer atheniense,Acer,,f,f,,,,,,,,,,,,,,,,,,,,,,,,,,,,,328248-2,"Garden (London, 1871-1927)",urn:lsid:ipni.org:publications:2230-2,1874,1874,,G.Gordon,spec.,"Garden (London, 1871-1927) 5: 83. 1874 ",,,,,8,atheniense,,,f,t,,,,,,,G.Gordon@20008234-2@1@aut,,,tax. nov.,,1.1,f,acer~atheniense,aceraceaeacer~atheniense~,276,wfo-1000090776,,species,,,,
urn:lsid:ipni.org:names:77381361-1,Hook.f.,,,,,,265,,,,,,,,,,,,09/06/2026 15:50,17/06/2026 13:25,,,Rosaceae,Acaena macrorhiza,Acaena macrorhiza,Acaena,,f,f,,,,,,,,,,,,,,,,,,,,,,,,,,,,,30001386-2,Fl. Antarct.,urn:lsid:ipni.org:publications:627-2,1846,1846,,Hook.f.,spec.,Fl. Antarct. 265. 1846 ,,,,,8,macrorhiza,,,f,t,,,,,,,Hook.f.@4084-1@1@aut,,,tax. nov.,,1.3,f,acaena~macrorhiza,rosaceaeacaena~macrorhiza~,277,wfo-0000985369,,species,,,,
urn:lsid:ipni.org:names:77381362-1,(Jaub. & Spach) Boiss.,Plumbaginaceae Statice histrix Jaub. & Spach,(Jaub. & Spach),687473-1,,,7: 75,,,,,,,,,,,,09/06/2026 15:50,09/06/2026 15:50,,,Plumbaginaceae,Acantholimon histrix,Acantholimon histrix,Acantholimon,,f,f,,,,,,,,,,,,,,,,,,,,,,,,,,,,,331313-2,Diagn. Pl. Orient.,urn:lsid:ipni.org:publications:904-2,1846,1846,,Boiss.,spec.,Diagn. Pl. Orient. 7: 75. 1846 ,,,,,11,histrix,,,f,t,,,,,,,Jaub.@4441-1@2@bas$Boiss.@16284-1@1@aut$Spach@9939-1@3@bas,,,comb. nov.,,1.1,f,acantholimon~histrix,plumbaginaceaeacantholimon~histrix~,278,wfo-1000090777,,species,,,,
urn:lsid:ipni.org:names:77381363-1,K.Schum.,,,,,,12(3): 405,,,,,,,,,,,,09/06/2026 15:50,17/06/2026 15:37,,,Malvaceae,Abutilon commutatum,Abutilon commutatum,Abutilon,,f,f,,,,,,,,,,,,,,,,,,,,,,,,,,,,,30000557-2,Fl. Bras.,urn:lsid:ipni.org:publications:629-2,1891,1891,,K.Schum.,spec.,Fl. Bras. 12(3): 405. 1891 ,,,,,8,commutatum,,,f,t,,,,,,,K.Schum.@9333-1@1@aut,,,tax. nov.,,1.3,f,abutilon~commutatum,malvaceaeabutilon~commutatum~,279,wfo-0000511819,,species,,,,
urn:lsid:ipni.org:names:77381364-1,(Graham ex Kurz) Gamble,Leguminosae Acacia pennata Willd. var. canescens Graham ex Kurz,(Graham ex Kurz),51024046-1,,,1: 304,,,,,,,,,,,,09/06/2026 15:50,10/06/2026 12:32,,,Fabaceae,Acacia canescens,Acacia canescens,Acacia,,f,f,,,,,,,469934-1,,,,,,,,nom. illeg. later homonym,,nom. illeg.,,,,,,,,,,,,30393014-2,Fl. Madras,urn:lsid:ipni.org:publications:3635-2,1918,1918,,Gamble,spec.,Fl. Madras 1: 304. 1918 ,,,,,13,canescens,,,f,t,,,,,,,Graham@3320-1@2@bas$Kurz@5157-1@3@basEx$Gamble@3003-1@1@aut,,,comb. et stat. nov.,,1.2,f,acacia~canescens,fabaceaeacacia~canescens~,280,wfo-0000203700,,species,,,,
urn:lsid:ipni.org:names:77381366-1,(K.Koch) C.K.Schneid.,,(K.Koch),,,,238,,,,,,,,,,,,09/06/2026 15:50,09/06/2026 15:50,,,Ulmaceae,Abelicea keaki,Abelicea keaki,Abelicea,,f,f,,,,,,,,,,,,,,,,,,,,,,,,,,,,,40691-1,Dendrol. Winterstud.,,1903,1903,,C.K.Schneid.,spec.,Dendrol. Winterstud. 238. 1903 ,,,,,8,keaki,,,f,t,,,,,,,C.K.Schneid.@9189-1@1@aut$K.Koch@4899-1@2@bas,,,comb. nov.,,1.1,f,abelicea~keaki,ulmaceaeabelicea~keaki~,281,wfo-1000052111,,species,,,,
urn:lsid:ipni.org:names:77381367-1,Bernh.,,,,,,1835: [3],,,,,,,,,,,,09/06/2026 15:50,10/06/2026 10:10,,,Rosaceae,Acaena berteroana,Acaena berteroana,Acaena,,f,f,,,,,,,,,,,,,,,,,,,,,,,,,,,,,30001386-2,"Index Seminum (NKME, Erfordia)",urn:lsid:ipni.org:publications:20008254-2,1835,1835,,Bernh.,spec.,"Index Seminum (NKME, Erfordia) 1835: [3]. ",,,,,8,berteroana,,,f,t,,,,,,,Bernh.@16018-1@1@aut,,,tax. nov.,,1.2,f,acaena~berteroana,rosaceaeacaena~berteroana~,282,wfo-1000059577,,species,,,,
urn:lsid:ipni.org:names:77381368-1,Denham,,,,,,ed. 2: 17,,,,,,,,,,,,09/06/2026 15:50,10/06/2026 13:16,,,Mimosaceae,Acacia ferruginea,Acacia ferruginea,Acacia,,f,f,,,,,,,470318-1,,,,,,,,nom. illeg. later homonym,,nom. illeg.,,,,,,,,,,,,325783-2,Cat. Horti Camald.,urn:lsid:ipni.org:publications:4825-2,1832,1832,,Denham,spec.,Cat. Horti Camald. ed. 2: 17. 1832 ,,,,,10,ferruginea,,,f,t,,,,,,,Denham@2126-1@1@aut,,,tax. nov.,,1.2,f,acacia~ferruginea,mimosaceaeacacia~ferruginea~,283,wfo-1200021961,,species,,,,
urn:lsid:ipni.org:names:77381369-1,(Britton & Rose) Matuda,Leguminosae Senegalia potosina Britton & Rose,(Britton & Rose),518291-1,,,272: 17,,,,,,,,,,,,09/06/2026 15:50,29/06/2026 14:29,,,Fabaceae,Acacia potosina,Acacia potosina,Acacia,,f,f,,,,,,,,,,,,,,,,,,,,,,,,,,,,,30393014-2,Dirección Recurs. Nat.,urn:lsid:ipni.org:publications:20065007-1,1981,1981,,Matuda,spec.,Dirección Recurs. Nat. 272: 17. 1981 ,,,,,11,potosina,,,f,t,,,,,,,Rose@8586-1@3@bas$Britton@1161-1@2@bas$Matuda@6248-1@1@aut,,,comb. nov.,,1.2,f,acacia~potosina,fabaceaeacacia~potosina~,284,wfo-0000178916,,species,,,,
urn:lsid:ipni.org:names:77381370-1,Valdespino & C.López,,,,,,276: 68,,18,,4,,10209,2003,,"J.Betancur, C.Devenish &amp; O.Laverde",,,09/06/2026 15:51,11/06/2026 15:30,"Colombia (Western South America, Southern America);Venezuela (Northern South America, Southern America);",W,Selaginellaceae,Selaginella cultellifolia,Selaginella cultellifolia,Selaginella,,f,f,,,,,,,,5,7,39,"Colombia, Boyacá: Mpio. Garagoa, vereda Cínaga Valvanera, finca El Secreto, Reserva Privada El Secreto, road Miraflores, camino a Cerro Mico, 2100-2500 m",73,17,54,,,,,,N,,,,,,,,,30003748-2,PhytoKeys,urn:lsid:ipni.org:publications:20011997-1,2026,2026 [11 Jun 2026],[11 Jun 2026],Valdespino & C.López,spec.,PhytoKeys 276: 68. 2026 [11 Jun 2026] ,,"doi:10.3897/phytokeys.276.191365 [english] Etymology: name derived from the Latin words 'cultellus', a diminutive of knife, and 'folium', meaning leaf; together, these allude to the lateral leaf shape that resembles a knife.",,,11,cultellifolia,,,f,t,,holotype NY;isotype PMA;isotype COL,,,,,C.López@20016483-2@2@aut$Valdespino@36524-1@1@aut,,,tax. nov.,,1.3,f,selaginella~cultellifolia,selaginellaceaeselaginella~cultellifolia~,285,wfo-1000090778,,species,,,,
urn:lsid:ipni.org:names:77381371-1,(Syme) Rivas Mart. & Sáenz de Rivas,Apiaceae Daucus carota L. var. gummifer Syme,(Syme),60466894-2,,,18(2): 483,,,,,,,,,,,,09/06/2026 15:52,09/06/2026 15:52,,,Apiaceae,Daucus hispanicus subsp. gummifer,Daucus hispanicus subsp. gummifer,Daucus,,f,f,,,,,gummifer,,,,,,,,,,,,,,,,,,,,,,,,841120-1,Itinera Geobot.,urn:lsid:ipni.org:publications:20000055-1,2011,2011 [16 Jul 2011],[16 Jul 2011],Rivas Mart. & Sáenz de Rivas,subsp.,Itinera Geobot. 18(2): 483. 2011 [16 Jul 2011] ,,,,,11,hispanicus,Gouan,,f,t,,,,,,,Rivas Mart.@8423-1@1@aut$Syme@10354-1@3@bas$Sáenz de Rivas@8803-1@2@aut,Gouan@3291-1@1@aut,,comb. nov.,,1.1,f,daucus~hispanicusgummifer,apiaceaedaucus~hispanicusgummifer,286,wfo-1200119023,,subspecies,,,,
urn:lsid:ipni.org:names:77381372-1,Valdespino & C.López,,,,,,276: 74,,19,22,12,12,1298,1995,1995,"N.L.Cuello, R.González, A.González &amp; O.León",,,09/06/2026 15:54,11/06/2026 15:33,"Venezuela (Northern South America, Southern America)",W,Selaginellaceae,Selaginella guaramacalensis,Selaginella guaramacalensis,Selaginella,,f,f,,,,,,,,9,12,28,"Trujillo: Dto. Boconó, Parque Nacional Guaramacal, 1950 m",70,9,41,,,,,,N,,,,,,,,,30003748-2,PhytoKeys,urn:lsid:ipni.org:publications:20011997-1,2026,2026 [11 Jun 2026],[11 Jun 2026],Valdespino & C.López,spec.,PhytoKeys 276: 74. 2026 [11 Jun 2026] ,,"doi:10.3897/phytokeys.276.191365 [english] Etymology: name refers to the Venezuelan Parque Nacional Guaramacal, where the species has been collected.",,,11,guaramacalensis,,,f,t,,holotype US US00513861;isotype NY;isotype MO MO-2012938;isotype PORT;isotype UC UC1607408,,,,,C.López@20016483-2@2@aut$Valdespino@36524-1@1@aut,,,tax. nov.,,1.3,f,selaginella~guaramacalensis,selaginellaceaeselaginella~guaramacalensis~,287,wfo-1000090779,,species,,,,
urn:lsid:ipni.org:names:77381373-1,Valdespino,,,,,,276: 82,,21,24,3,3,16882,1984,1984,R.L.Liesner &amp; B.L.Stannard,,,09/06/2026 15:56,11/06/2026 15:36,"Venezuela (Northern South America, Southern America)",W,Selaginellaceae,Selaginella liesneri,Selaginella liesneri,Selaginella,,f,f,,,,,,,,,49,,"Amazonas: Río Negro. Cerro de La Neblina Camp V, Valley N base of Pico Cardona, 1250 m",66,,,,,,,,N,,,,,,,,,30003748-2,PhytoKeys,urn:lsid:ipni.org:publications:20011997-1,2026,2026 [11 Jun 2026],[11 Jun 2026],Valdespino,spec.,PhytoKeys 276: 82. 2026 [11 Jun 2026] ,,"doi:10.3897/phytokeys.276.191365 [english] Etymology: named after Ronald L. Liesner, staff scientist at the Missouri Botanical Garden (MO), in recognition of his prolific and distinguished career as a botanist and plant collector.",,,11,liesneri,,,f,t,,holotype UC UC1981825;isotype NY;isotype MO MO-101415443;isotype PMA 102721;isotype VEN 233157,,,,,Valdespino@36524-1@1@aut,,,tax. nov.,,1.3,f,selaginella~liesneri,selaginellaceaeselaginella~liesneri~,288,wfo-1000090780,,species,,,,
urn:lsid:ipni.org:names:77381374-1,(Brot.) Rivas Mart. & Sáenz de Rivas,Apiaceae Daucus halophilus Brot.,(Brot.),841115-1,,,18(2): 483,,,,,,,,,,,,09/06/2026 15:56,09/06/2026 15:56,,,Apiaceae,Daucus hispanicus subsp. halophilus,Daucus hispanicus subsp. halophilus,Daucus,,f,f,,,,,halophilus,77315260-1,,,,,,,,,isonym,,isonym,,,,,,,,,,,,841120-1,Itinera Geobot.,urn:lsid:ipni.org:publications:20000055-1,2011,2011 [16 Jul 2011],[16 Jul 2011],Rivas Mart. & Sáenz de Rivas,subsp.,Itinera Geobot. 18(2): 483. 2011 [16 Jul 2011] ,,,,,13,hispanicus,Gouan,,f,t,,,,,,,Brot.@16584-1@3@bas$Rivas Mart.@8423-1@1@aut$Sáenz de Rivas@8803-1@2@aut,Gouan@3291-1@1@aut,,comb. et stat. nov.,,1.1,f,daucus~hispanicushalophilus,apiaceaedaucus~hispanicushalophilus,289,wfo-1200119114,,subspecies,,,,
urn:lsid:ipni.org:names:77381375-1,Valdespino & C.López,,,,,,276: 89,,17,,2,,85205,1985,,J.M.Beitel,,,09/06/2026 15:58,11/06/2026 15:46,"Venezuela (Northern South America, Southern America)",W,Selaginellaceae,Selaginella mawarinumensis,Selaginella mawarinumensis,Selaginella,,f,f,,,,,,,,,49,50,"Amazonas: Depto. Río Negro, N of [Neblina Base] Camp, 140 m",66,9,40,,,,,,N,,,,,,,,,30003748-2,PhytoKeys,urn:lsid:ipni.org:publications:20011997-1,2026,2026 [11 Jun 2026],[11 Jun 2026],Valdespino & C.López,spec.,PhytoKeys 276: 89. 2026 [11 Jun 2026] ,,"doi:10.3897/phytokeys.276.191365 [english] Etymology: named after the Mawarinuma River in Venezuela, in the area where most specimens were collected.",,,11,mawarinumensis,,,f,t,,holotype NY NY02685713;isotype PMA;isotype UC UC1551681;isotype VEN 318841,,,,,Valdespino@36524-1@1@aut$C.López@20016483-2@2@aut,,,tax. nov.,,1.3,f,selaginella~mawarinumensis,selaginellaceaeselaginella~mawarinumensis~,290,wfo-1000090781,,species,,,,
urn:lsid:ipni.org:names:77381376-1,(A.Pujadas) Rivas Mart. & Sáenz de Rivas,Apiaceae Daucus carota L. subsp. majoricus A.Pujadas,(A.Pujadas),20007626-1,,,18(2): 483,,,,,,,,,,,,09/06/2026 15:58,09/06/2026 15:58,,,Apiaceae,Daucus hispanicus subsp. majoricus,Daucus hispanicus subsp. majoricus,Daucus,,f,f,,,,,majoricus,,,,,,,,,,,,,,,,,,,,,,,,841120-1,Itinera Geobot.,urn:lsid:ipni.org:publications:20000055-1,2011,2011 [16 Jul 2011],[16 Jul 2011],Rivas Mart. & Sáenz de Rivas,subsp.,Itinera Geobot. 18(2): 483. 2011 [16 Jul 2011] ,,,,,11,hispanicus,Gouan,,f,t,,,,,,,A.Pujadas@32149-1@3@bas$Rivas Mart.@8423-1@1@aut$Sáenz de Rivas@8803-1@2@aut,Gouan@3291-1@1@aut,,comb. nov.,,1.1,f,daucus~hispanicusmajoricus,apiaceaedaucus~hispanicusmajoricus,291,wfo-1200119024,,subspecies,,,,
urn:lsid:ipni.org:names:77381377-1,"A.R.Sm. ex C.López, Valdespino & J.Ceballos",,,,,,276: 96,,13,,2,,21688,1973,,T.B.Croat,,,09/06/2026 16:00,11/06/2026 16:04,"Colombia (Western South America, Southern America);Venezuela (Northern South America, Southern America);",,Selaginellaceae,Selaginella monoloba,Selaginella monoloba,Selaginella,,f,f,,,,,,,,,,,"Venezuela, Miranda: Parque Nacional Guatopo: near park headquarters at south entrance",,,,,,,,,,,,,,,,,,30003748-2,PhytoKeys,urn:lsid:ipni.org:publications:20011997-1,2026,2026 [11 Jun 2026],[11 Jun 2026],"A.R.Sm. ex C.López, Valdespino & J.Ceballos",spec.,PhytoKeys 276: 96. 2026 [11 Jun 2026] ,,"doi:10.3897/phytokeys.276.191365 [english] Etymology: name derives from the Greek 'monos', meaning single, and 'lobos', meaning lobe, referring to the single short basiscopic auricle in the lateral leaves.",,,11,monoloba,,,f,t,,holotype UC UC1481428;isotype MEXU;isotype MO MO-1808922;isotype NY 02840326;isotype PMA;isotype VEN 347379,,,,,Valdespino@36524-1@3@autEx$C.López@20016483-2@2@autEx$A.R.Sm.@9771-1@1@aut$J.Ceballos@20099234-1@4@autEx,,,tax. nov.,,1.3,f,selaginella~monoloba,selaginellaceaeselaginella~monoloba~,292,wfo-1000090782,,species,,,,
urn:lsid:ipni.org:names:77381378-1,Valdespino & C.López,,,,,,276: 104,,10,13,3,3,10406,1981,1981,R.L.Liesner &amp; A.González,,,09/06/2026 16:02,11/06/2026 16:08,"Venezuela (Northern South America, Southern America)",W,Selaginellaceae,Selaginella mostaceroi,Selaginella mostaceroi,Selaginella,,f,f,,,,,,,,7,48,,"Tachira: 10 km E of La Fundación (13–23 km by road), around Represa Dorada, 600-1000 m",71,40,,,,,,,N,,,,,,,,,30003748-2,PhytoKeys,urn:lsid:ipni.org:publications:20011997-1,2026,2026 [11 Jun 2026],[11 Jun 2026],Valdespino & C.López,spec.,PhytoKeys 276: 104. 2026 [11 Jun 2026] ,,"doi:10.3897/phytokeys.276.191365 [english] Etymology: named after the authors' colleague Julián Mostacero Giannangeli, Curator of lycophytes and ferns at the Herbario Nacional de Venezuela (VEN).",,,11,mostaceroi,,,f,t,,holotype NY;isotype PMA;isotype MO MO-1346878;isotype P P01266019;isotype UC UC1480230,,,,,Valdespino@36524-1@1@aut$C.López@20016483-2@2@aut,,,tax. nov.,,1.3,f,selaginella~mostaceroi,selaginellaceaeselaginella~mostaceroi~,293,wfo-1000090783,,species,,,,
urn:lsid:ipni.org:names:77381379-1,Valdespino & C.López,,,,,,276: 109,,20,,2,,85229,1985,,J.M.Beitel,,,09/06/2026 16:04,11/06/2026 16:12,"Venezuela (Northern South America, Southern America)",W,Selaginellaceae,Selaginella plagiochiloides,Selaginella plagiochiloides,Selaginella,,f,f,,,,,,,,,49,15,"Amazonas: Neblina Base Camp on Río Bario (= Río Mawarinuma), continuation of trail to Loma de las Piñas (Pineapple Ridge, 1.5 km S of Neblina Base Camp), past ridge, 4–5 km SW of Base Camp, 150 m",66,9,38,,,,,,N,,,,,,,,,30003748-2,PhytoKeys,urn:lsid:ipni.org:publications:20011997-1,2026,2026 [11 Jun 2026],[11 Jun 2026],Valdespino & C.López,spec.,PhytoKeys 276: 109. 2026 [11 Jun 2026] ,,"doi:10.3897/phytokeys.276.191365 [english] Etymology: name refers to the overall stem and branch patterns of the new species, which resemble those of certain liverwort species within the genus Plagiochila.",,,11,plagiochiloides,,,f,t,,holotype UC UC1551614;isotype PMA;isotype VEN 318917,,,,,Valdespino@36524-1@1@aut$C.López@20016483-2@2@aut,,,tax. nov.,,1.3,f,selaginella~plagiochiloides,selaginellaceaeselaginella~plagiochiloides~,294,wfo-1000090784,,species,,,,
urn:lsid:ipni.org:names:77381380-1,"A.R.Sm. ex Valdespino, C.López & J.Ceballos",,,,,,276: 116,,19,,11,,1365,1982,,"A.R.Smith, F.J.Ortega, R.Rivero, T.Lemieux &amp; G.Aymard",,,09/06/2026 16:06,11/06/2026 16:17,"Venezuela (Northern South America, Southern America)",W,Selaginellaceae,Selaginella tricula,Selaginella tricula,Selaginella,,f,f,,,,,,,,8,48,,"Barinas: Dto. Bolívar, 1.0 km E of La Soledad along Barinas-Sto. Domingo (Edo. Mérida) road, 900 m",70,32,,,,,,,N,,,,,,,,,30003748-2,PhytoKeys,urn:lsid:ipni.org:publications:20011997-1,2026,2026 [11 Jun 2026],[11 Jun 2026],"A.R.Sm. ex Valdespino, C.López & J.Ceballos",spec.,PhytoKeys 276: 116. 2026 [11 Jun 2026] ,,"doi:10.3897/phytokeys.276.191365 [english] Etymology: name first proposed by Smith (1985), derived from the Greek prefix 'thrix', Latinized as 'trich', 'tricho', meaning 'hairy or hair-like', and the diminutive suffix '-ula', meaning 'little or small'.",,,11,tricula,,,f,t,,holotype UC UC1266178;isotype MO MO-1841645,,,,,J.Ceballos@20099234-1@4@autEx$Valdespino@36524-1@2@autEx$C.López@20016483-2@3@autEx$A.R.Sm.@9771-1@1@aut,,,tax. nov.,,1.3,f,selaginella~tricula,selaginellaceaeselaginella~tricula~,295,wfo-1000090785,,species,,,,
urn:lsid:ipni.org:names:77381381-1,Valdespino,,,,,,276: 121,,11,,9,,87098,1960,,J.A.Steyermark,,,09/06/2026 16:07,11/06/2026 16:21,"Venezuela (Northern South America, Southern America)",W,Selaginellaceae,Selaginella turingiana,Selaginella turingiana,Selaginella,,f,f,,,,,,,,10,4,35,"Miranda: Selva de Guatopo, 27 mi (43 km) NNW of Altagracia de Orituco, 26 mi (41.5 km) SE of Santa Teresa, 500 m",66,25,,,,,,,N,,,,,,,,,30003748-2,PhytoKeys,urn:lsid:ipni.org:publications:20011997-1,2026,2026 [11 Jun 2026],[11 Jun 2026],Valdespino,spec.,PhytoKeys 276: 121. 2026 [11 Jun 2026] ,,doi:10.3897/phytokeys.276.191365 [english] Etymology: named after Alan M. Turing.,,,11,turingiana,,,f,t,,holotype NY;isotype US 2419590;isotype VEN 52176,,,,,Valdespino@36524-1@1@aut,,,tax. nov.,,1.3,f,selaginella~turingiana,selaginellaceaeselaginella~turingiana~,296,wfo-1000090786,,species,,,,
urn:lsid:ipni.org:names:77381382-1,Zappi & N.P.Taylor,,,,,,44: 41,,,,,,6351,,,Zappi &amp;  Santiago,,,09/06/2026 16:39,09/06/2026 16:39,"Bahia (Brazil Northeast, Brazil, Southern America)",W,Cactaceae,Rhipsalis boanova,Rhipsalis boanova,Rhipsalis,,f,f,,,,,,,,14,28,48,"Município Boa Nova, Parque  Nacional de Boa Nova, 900 m",40,6,10,,,,,,S,,,,,,,,,331903-2,Bradleya,urn:lsid:ipni.org:publications:3683-2,2026,2026 [11 May 2026],[11 May 2026],Zappi & N.P.Taylor,spec.,Bradleya 44: 41. 2026 [11 May 2026] ,,doi:10.25223/brad.n44.2026.a7,,,11,boanova,,,f,t,,holotype HURB;isotype RB;isotype UB,,,,,Zappi@36210-1@1@aut$N.P.Taylor@10468-1@2@aut,,,tax. nov.,,1.1,f,rhipsalis~boanova,cactaceaerhipsalis~boanova~,297,wfo-1000090787,,species,,,,
urn:lsid:ipni.org:names:77381383-1,(Diers & Esteves) N.P.Taylor,Cactaceae Austrocephalocereus estevesii Buining & Brederoo subsp. insigniflorus Diers & Esteves,(Diers & Esteves),272996-2,,,44: 116,,,,,,,,,,,,09/06/2026 16:46,09/06/2026 16:46,,,Cactaceae,Coleocephalocereus insigniflorus,Coleocephalocereus insigniflorus,Coleocephalocereus,,f,f,,,,,,,,,,,,,,,,,,,,,,,,,,,,,297127-2,Bradleya,urn:lsid:ipni.org:publications:3683-2,2026,2026 [11 May 2026],[11 May 2026],N.P.Taylor,spec.,Bradleya 44: 116. 2026 [11 May 2026] ,,doi:10.25223/brad.n44.2026.a12,,,11,insigniflorus,,,f,t,,,,,,,N.P.Taylor@10468-1@1@aut$Diers@35826-1@2@bas$Esteves@18580-1@3@bas,,,comb. et stat. nov.,,1.1,f,coleocephalocereus~insigniflorus,cactaceaecoleocephalocereus~insigniflorus~,298,wfo-1000090788,,species,,,,
urn:lsid:ipni.org:names:77381384-1,"Durán-Esp., Burelo & Lorea-Hern.",,,,,,104(3): 804,,10,,7,,531,2015,,C.M.Burelo-Ramos,,,09/06/2026 20:24,02/07/2026 13:52,"Tabasco (Mexico Southeast, Mexico, Northern America)",W,Oxalidaceae,Biophytum hirsutum,Biophytum hirsutum,Biophytum,,f,f,,,,,,,,17,21,46,"Municipio de Huimanguillo, ejido [Villa] de Guadalupe, cascadas de las cabañas, 400 m",93,36,38,,,,,,N,,,,,,,,,16785-1,Bot. Sci.,urn:lsid:ipni.org:publications:20014266-1,2026,2026 [19 May 2026],[19 May 2026],"Durán-Esp., Burelo & Lorea-Hern.",spec.,Bot. Sci. 104(3): 804. 2026 [19 May 2026] ,,doi:10.17129/botsci.3842 [english] Etymology: name alludes to the hirsute character that the plant presents in general.,,,11,hirsutum,,,f,t,,holotype UJAT;isotype MEXU;isotype MO;isotype XAL,,,,,Durán-Esp.@40304-1@1@aut$Lorea-Hern.@22533-1@3@aut$Burelo@20030212-1@2@aut,,,tax. nov.,,1.4,f,biophytum~hirsutum,oxalidaceaebiophytum~hirsutum~,299,wfo-1000090789,,species,,,,
urn:lsid:ipni.org:names:77381385-1,"Durán-Esp., Burelo & Lorea-Hern.",,,,,,104(3): 809,,2,,11,,626,2015,,C.M.Burelo-Ramos,,,09/06/2026 20:27,02/07/2026 13:52,"Tabasco (Mexico Southeast, Mexico, Northern America)",W,Oxalidaceae,Biophytum maldonadoi,Biophytum maldonadoi,Biophytum,,f,f,,,,,,,,17,21,29,"Municipio de Huimanguillo, ejido [Villa] de Guadalupe, en el cerro de la antena, 675 m",93,37,14,,,,,,N,,,,,,,,,16785-1,Bot. Sci.,urn:lsid:ipni.org:publications:20014266-1,2026,2026 [19 May 2026],[19 May 2026],"Durán-Esp., Burelo & Lorea-Hern.",spec.,Bot. Sci. 104(3): 809. 2026 [19 May 2026] ,,"doi:10.17129/botsci.3842 [english] Etymology: named in honour of Francisco Maldonado Mares, botanist and a dedicated professor of the Academic Division of Biological Sciences, UJAT.",,,11,maldonadoi,,,f,t,,holotype UJAT;isotype MEXU;isotype MO;isotype XAL,,,,,Burelo@20030212-1@2@aut$Durán-Esp.@40304-1@1@aut$Lorea-Hern.@22533-1@3@aut,,,tax. nov.,,1.4,f,biophytum~maldonadoi,oxalidaceaebiophytum~maldonadoi~,300,wfo-1000090790,,species,,,,
urn:lsid:ipni.org:names:77381387-1,D.F.Morales-B. & Romol.,,,,,,78[early view]: [2 of 9],,14,,9,,436,2013,,"D.F.Morales-Briones, S.Uribe-Convers &amp; N.Nürk",,,10/06/2026 13:18,10/06/2026 15:23,"Colombia (Western South America, Southern America)",W,Rosaceae,Lachemilla santurbanensis,Lachemilla santurbanensis,Lachemilla,,f,f,,,,,,,,7,20,1,"Santander, Vetas, Páramo de Santurbán, road to the Laguna Pajarito, 3539 m",72,51,13,,,,,,N,,,,,,,,,294684-2,Brittonia,urn:lsid:ipni.org:publications:561-2,2026,2026 [9 Jun 2026],[9 Jun 2026],D.F.Morales-B. & Romol.,spec.,Brittonia 78[early view]: [2 of 9]. 2026 [9 Jun 2026] ,,"doi:10.1007/s12228-026-09887-w [english] Etymology: name refers to the first location where this species was found, the Páramo de Santurbán.",,,11,santurbanensis,,,f,t,,holotype QCA 257001;isotype ANDES;isotype ID ID186804;isotype M M-0335474,,,,,Romol.@37616-1@2@aut$D.F.Morales-B.@20021276-1@1@aut,,,tax. nov.,,1.3,f,lachemilla~santurbanensis,rosaceaelachemilla~santurbanensis~,301,wfo-1000090791,,species,,,,
urn:lsid:ipni.org:names:77381388-1,Jongkind,,,,,,159(2): 372,,3,,11,,15340,2025,,Jongkind,,,10/06/2026 15:24,19/06/2026 14:35,"Liberia (West Tropical Africa, Africa)",W,Loranthaceae,Emelianthe purpurea,Emelianthe purpurea,Emelianthe,,f,f,,,,,,,,6,6,,"Grand Bassa, not far from Bassa Point",10,21,,,,,,,N,,,,,,,,,25208-1,Pl. Ecol. Evol.,urn:lsid:ipni.org:publications:20011731-1,2026,2026 [19 Jun 2026],[19 Jun 2026],Jongkind,spec.,Pl. Ecol. Evol. 159(2): 372. 2026 [19 Jun 2026] ,,"doi:10.5091/plecevo.192270 [english] Etymology: 'The specific epithet, purpurea, refers to the colour of the flowers'.",,,11,purpurea,,,f,t,,holotype WAG;isotype K,,,,,Jongkind@35765-1@1@aut,,,tax. nov.,,1.3,f,emelianthe~purpurea,loranthaceaeemelianthe~purpurea~,302,wfo-1000090792,,species,,,,
urn:lsid:ipni.org:names:77381389-1,O.Ortiz & M.Cedeño,,,,,,104(1): 297,,13,,1,,618,2023,,L. Cedeño,,,10/06/2026 16:24,10/06/2026 16:24,"Panama (Central America, Southern America)",,Araceae,Anthurium paradoxum,Anthurium paradoxum,Anthurium,,f,f,,,,,,,,,,,"Comarca Ngäbe-Buglé: Raizal, Comunidad de Chucara, 133 m",,,,,,,,,,,,,,,,,,329747-2,Bot. Sci.,urn:lsid:ipni.org:publications:20014266-1,2025,2025 [9 Dec 2025],[9 Dec 2025],O.Ortiz & M.Cedeño,spec.,Bot. Sci. 104(1): 297. 2025 [9 Dec 2025] ,,"doi:10.17129/botsci.3782 Etymology: name derived from the Latin paradoxus, meaning 'unexpected', 'strange', or 'contrary to expectation', alluding to the unusual combination of morphological features.",,,11,paradoxum,,,f,t,,holotype PMA;isotype MO,,,,,M.Cedeño@20034231-1@2@aut$O.Ortiz@20027956-1@1@aut,,,tax. nov.,,1.1,f,anthurium~paradoxum,araceaeanthurium~paradoxum~,303,wfo-1000090793,,species,,,,
urn:lsid:ipni.org:names:77381391-1,(Diers & Esteves) N.P.Taylor,Cactaceae Melocactus saxicola Diers & Esteves,(Diers & Esteves),156919-2,,,44: 120,,,,,,,,,,,,11/06/2026 10:23,11/06/2026 10:23,,,Cactaceae,Melocactus zehntneri subsp. saxicola,Melocactus zehntneri subsp. saxicola,Melocactus,,f,f,,,,,saxicola,,,,,,,,,,,,,,,,,,,,,,,,135632-1,Bradleya,urn:lsid:ipni.org:publications:3683-2,2026,2026 [11 May 2026],[11 May 2026],N.P.Taylor,subsp.,Bradleya 44: 120. 2026 [11 May 2026] ,,doi:10.25223/brad.n44.2026.a13,,,11,zehntneri,(Britton & Rose) Luetzelb.,,f,t,,,,,,,Diers@35826-1@2@bas$Esteves@18580-1@3@bas$N.P.Taylor@10468-1@1@aut,Rose@8586-1@3@bas$Britton@1161-1@2@bas$Luetzelb.@5824-1@1@aut,,comb. et stat. nov.,,1.1,f,melocactus~zehntnerisaxicola,cactaceaemelocactus~zehntnerisaxicola,304,wfo-1200119025,,subspecies,,,,
urn:lsid:ipni.org:names:77381392-1,(Font Quer & Maire) Rivas Mart.,Poaceae Deschampsia crassifolia Font Quer & Maire,(Font Quer & Maire),397964-1,,,18(2): 484,,,,,,,,,,,,11/06/2026 10:28,11/06/2026 10:28,,,Poaceae,Deschampsia refracta subsp. crassifolia,Deschampsia refracta subsp. crassifolia,Deschampsia,,f,f,,,,,crassifolia,,,,,,,,,,,,,,,,,,,,,,,,398050-1,Itinera Geobot.,urn:lsid:ipni.org:publications:20000055-1,2011,2011 [16 Jul 2011],[16 Jul 2011],Rivas Mart.,subsp.,Itinera Geobot. 18(2): 484. 2011 [16 Jul 2011] ,,,,,11,refracta,Roem. & Schult.,,f,t,,,,,,,Maire@6001-1@3@bas$Font Quer@2810-1@2@bas$Rivas Mart.@8423-1@1@aut,Schult.@9288-1@2@aut$Roem.@8503-1@1@aut,,comb. et stat. nov.,,1.1,f,deschampsia~refractacrassifolia,poaceaedeschampsia~refractacrassifolia,305,wfo-1200119026,,subspecies,,,,
urn:lsid:ipni.org:names:77381393-1,Sudre,,,,,,54,,,,,,,,,,,,11/06/2026 10:31,11/06/2026 10:31,"France (France, Southwestern Europe, Europe)",,Asteraceae,Hieracium vulgatum var. sublaeve,Hieracium vulgatum var. sublaeve,Hieracium,,f,f,,,,,sublaeve,,,,,,,,,,,,,,,,,,,,,,,,327415-2,Hierac. Centr. France,urn:lsid:ipni.org:publications:20005353-1,1902,1902,,Sudre,var.,Hierac. Centr. France 54. 1902 ,,,,,9,vulgatum,Fr.,,f,t,,,,,,,Sudre@10273-1@1@aut,Fr.@2913-1@1@aut,,tax. nov.,,1.1,f,hieracium~vulgatumsublaeve,asteraceaehieracium~vulgatumsublaeve,306,wfo-1200119027,,variety,,,,
urn:lsid:ipni.org:names:77381394-1,N.P.Taylor & Zappi,,,,,,44: 126,,16,,6,,34,2012,,V.V.F.Lima &amp;  U.N.S.Dias,,,11/06/2026 10:31,11/06/2026 10:31,"Piauí (Brazil Northeast, Brazil, Southern America)",,Cactaceae,Melocactus zehntneri subsp. capivara,Melocactus zehntneri subsp. capivara,Melocactus,,f,f,,,,,capivara,,,,,,"Parque Nacional da Serra da  Capivara, Município João Costa, Boqueirão do  Diolindo, 491 m",,,,,,,,,,,,,,,,,,135632-1,Bradleya,urn:lsid:ipni.org:publications:3683-2,2026,2026 [11 May 2026],[11 May 2026],N.P.Taylor & Zappi,subsp.,Bradleya 44: 126. 2026 [11 May 2026] ,,"doi:10.25223/brad.n44.2026.a13 Etymology: epithet used as a noun in apposition referring to the Serra da  Capivara, Piauí, which includes  the type locality.",,,11,zehntneri,(Britton & Rose) Luetzelb.,,f,t,,holotype HURB;isotype CEN;isotype HUEFS;isotype HVASF,,,,,N.P.Taylor@10468-1@1@aut$Zappi@36210-1@2@aut,Britton@1161-1@2@bas$Rose@8586-1@3@bas$Luetzelb.@5824-1@1@aut,,tax. nov.,,1.1,f,melocactus~zehntnericapivara,cactaceaemelocactus~zehntnericapivara,307,wfo-1200119028,,subspecies,,,,
urn:lsid:ipni.org:names:77381395-1,(Sudre) Gottschl.,Asteraceae Hieracium vulgatum Fr. var. sublaeve Sudre,(Sudre),77381393-1,,,19: 6,,,,,,,,,,,,11/06/2026 10:38,11/06/2026 10:38,,,Asteraceae,Hieracium lachenalii subsp. sublaeve,Hieracium lachenalii subsp. sublaeve,Hieracium,,f,f,,,,,sublaeve,,,,,,,,,,,,,,,,,,,,,,,,327414-2,Kochia,urn:lsid:ipni.org:publications:20008447-1,2026,2026 [8 Mar 2026],[8 Mar 2026],Gottschl.,subsp.,Kochia 19: 6. 2026 [8 Mar 2026] ,,doi:10.21248/kochia.v19.262,,,11,lachenalii,Suter,,f,t,,,,,,,Gottschl.@35891-1@1@aut$Sudre@10273-1@2@bas,Suter@10309-1@1@aut,,comb. et stat. nov.,,1.1,f,hieracium~lachenaliisublaeve,asteraceaehieracium~lachenaliisublaeve,308,wfo-1200119029,,subspecies,,,,
urn:lsid:ipni.org:names:77381396-1,(Vivant) Rivas Mart.,Poaceae Deschampsia cespitosa (L.) P.Beauv. subsp. hispanica Vivant,(Vivant),881847-1,,,18(2): 484,,,,,,,,,,,,11/06/2026 10:41,11/06/2026 10:41,,,Poaceae,Deschampsia refracta subsp. hispanica,Deschampsia refracta subsp. hispanica,Deschampsia,,f,f,,,,,hispanica,,,,,,,,,,,,,,,,,,,,,,,,398050-1,Itinera Geobot.,urn:lsid:ipni.org:publications:20000055-1,2011,2011 [16 Jul 2011],[16 Jul 2011],Rivas Mart.,subsp.,Itinera Geobot. 18(2): 484. 2011 [16 Jul 2011] ,,,,,11,refracta,Roem. & Schult.,,f,t,,,,,,,Rivas Mart.@8423-1@1@aut$Vivant@11224-1@2@bas,Roem.@8503-1@1@aut$Schult.@9288-1@2@aut,,comb. et stat. nov.,,1.1,f,deschampsia~refractahispanica,poaceaedeschampsia~refractahispanica,309,wfo-1200119030,,subspecies,,,,
urn:lsid:ipni.org:names:77381397-1,(Delile ex Spreng.) Rivas Mart.,Poaceae Festuca hemipoa Delile ex Spreng.,(Delile ex Spreng.),402838-1,,,18(2): 484,,,,,,,,,,,,11/06/2026 10:43,11/06/2026 10:43,,,Poaceae,Desmazeria hemipoa,Desmazeria hemipoa,Desmazeria,,f,f,,,,,,,,,,,,,,,,,,,,,,,,,,,,,30217749-2,Itinera Geobot.,urn:lsid:ipni.org:publications:20000055-1,2011,2011 [16 Jul 2011],[16 Jul 2011],Rivas Mart.,spec.,Itinera Geobot. 18(2): 484. 2011 [16 Jul 2011] ,,,,,11,hemipoa,,,f,t,,,,,,,Spreng.@9992-1@3@basEx$Rivas Mart.@8423-1@1@aut$Delile@17907-1@2@bas,,,comb. nov.,,1.1,f,desmazeria~hemipoa,poaceaedesmazeria~hemipoa~,310,wfo-1000090794,,species,,,,
urn:lsid:ipni.org:names:77381398-1,(L.Llorens & Gradaille) Rivas Mart. & L.Llorens,Caryophyllaceae Dianthus rupicola  subsp. bocchoriana L.Llorens & Gradaille,(L.Llorens & Gradaille),965460-1,,,18(2): 484,,,,,,,,,,,,11/06/2026 10:44,11/06/2026 10:44,,,Caryophyllaceae,Dianthus bocchoriana,Dianthus bocchoriana,Dianthus,,f,f,,,,,,,,,,,,,,,,,,,,,,,,,,,,,6245-1,Itinera Geobot.,urn:lsid:ipni.org:publications:20000055-1,2011,2011 [16 Jul 2011],[16 Jul 2011],Rivas Mart. & L.Llorens,spec.,Itinera Geobot. 18(2): 484. 2011 [16 Jul 2011] ,,,,,11,bocchoriana,,,f,t,,,,,,,L.Llorens@22459-1@3@bas$Gradaille@34399-1@4@bas$Rivas Mart.@8423-1@1@aut$L.Llorens@22459-1@2@aut,,,comb. et stat. nov.,,1.1,f,dianthus~bocchoriana,caryophyllaceaedianthus~bocchoriana~,311,wfo-1000090795,,species,,,,
urn:lsid:ipni.org:names:77381399-1,(Fern.Casas) Rivas Mart.,Caryophyllaceae Dianthus absconditus Fern.Casas,(Fern.Casas),901926-1,,,18(2): 484,,,,,,,,,,,,11/06/2026 10:46,11/06/2026 10:46,,,Caryophyllaceae,Dianthus hispanicus subsp. absconditus,Dianthus hispanicus subsp. absconditus,Dianthus,,f,f,,,,,absconditus,,,,,,,,,,,,,,,,,,,,,,,,153438-1,Itinera Geobot.,urn:lsid:ipni.org:publications:20000055-1,2011,2011 [16 Jul 2011],[16 Jul 2011],Rivas Mart.,subsp.,Itinera Geobot. 18(2): 484. 2011 [16 Jul 2011] ,,,,,11,hispanicus,Asso,,f,t,,,,,,,Rivas Mart.@8423-1@1@aut$Fern.Casas@2696-1@2@bas,Asso@320-1@1@aut,,comb. et stat. nov.,,1.1,f,dianthus~hispanicusabsconditus,caryophyllaceaedianthus~hispanicusabsconditus,312,wfo-1200119031,,subspecies,,,,
urn:lsid:ipni.org:names:77381400-1,(Willk.) Rivas Mart.,Caryophyllaceae Dianthus lusitanus Brot. var. legionensis Willk.,(Willk.),77313440-1,,,18(2): 484,,,,,,,,,,,,11/06/2026 10:48,11/06/2026 10:48,,,Caryophyllaceae,Dianthus lusitanus subsp. legionensis,Dianthus lusitanus subsp. legionensis,Dianthus,,f,f,,,,,legionensis,,,,,,,,,,,,,,,,,,,,,,,,153561-1,Itinera Geobot.,urn:lsid:ipni.org:publications:20000055-1,2011,2011 [16 Jul 2011],[16 Jul 2011],Rivas Mart.,subsp.,Itinera Geobot. 18(2): 484. 2011 [16 Jul 2011] ,,,,,11,lusitanus,Brot.,,f,t,,,,,,,Rivas Mart.@8423-1@1@aut$Willk.@11723-1@2@bas,Brot.@16584-1@1@aut,,stat. nov.,,1.1,f,dianthus~lusitanuslegionensis,caryophyllaceaedianthus~lusitanuslegionensis,313,wfo-1200119115,,subspecies,,,,
urn:lsid:ipni.org:names:77381401-1,(L.Bolus) Klak,Aizoaceae Ruschia crassuloides L.Bolus,(L.Bolus),364258-1,,,44: 178,,,,,,,,,,,,11/06/2026 10:48,11/06/2026 10:48,,,Aizoaceae,Eberlanzia crassuloides,Eberlanzia crassuloides,Eberlanzia,,f,f,,,,,,,,,,,,,,,,,,,,,,,,,,,,,16173-1,Bradleya,urn:lsid:ipni.org:publications:3683-2,2026,2026 [11 May 2026],[11 May 2026],Klak,spec.,Bradleya 44: 178. 2026 [11 May 2026] ,,doi:10.25223/brad.n44.2026.a18,,,11,crassuloides,,,f,t,,,,,,,Klak@38340-1@1@aut$L.Bolus@12352-1@2@bas,,,comb. nov.,,1.1,f,eberlanzia~crassuloides,aizoaceaeeberlanzia~crassuloides~,314,wfo-1000090796,,species,,,,
urn:lsid:ipni.org:names:77381402-1,(Font Quer) Rivas Mart. & Ladero,Scrophulariaceae Digitalis purpurea L. var. toletana Font Quer,(Font Quer),77249842-1,,,18(2): 484,,,,,,,,,,,,11/06/2026 10:49,11/06/2026 10:49,,,Scrophulariaceae,Digitalis mariana subsp. toletana,Digitalis mariana subsp. toletana,Digitalis,,f,f,,,,,toletana,,,,,,,,,,,,,,,,,,,,,,,,802048-1,Itinera Geobot.,urn:lsid:ipni.org:publications:20000055-1,2011,2011 [16 Jul 2011],[16 Jul 2011],Rivas Mart. & Ladero,subsp.,Itinera Geobot. 18(2): 484. 2011 [16 Jul 2011] ,,,,,11,mariana,Boiss.,,f,t,,,,,,,Ladero@5196-1@2@aut$Rivas Mart.@8423-1@1@aut$Font Quer@2810-1@3@bas,Boiss.@16284-1@1@aut,,comb. nov.,,1.1,f,digitalis~marianatoletana,scrophulariaceaedigitalis~marianatoletana,315,wfo-1200119032,,subspecies,,,,
urn:lsid:ipni.org:names:77381403-1,(L.Bolus) Klak,Aizoaceae Ruschia namaquana L.Bolus,(L.Bolus),364407-1,,,44: 183,,,,,,,,,,,,11/06/2026 10:50,11/06/2026 10:50,,,Aizoaceae,Eberlanzia namaquana,Eberlanzia namaquana,Eberlanzia,,f,f,,,,,,,,,,,,,,,,,,,,,,,,,,,,,16173-1,Bradleya,urn:lsid:ipni.org:publications:3683-2,2026,2026 [11 May 2026],[11 May 2026],Klak,spec.,Bradleya 44: 183. 2026 [11 May 2026] ,,doi:10.25223/brad.n44.2026.a18,,,11,namaquana,,,f,t,,,,,,,Klak@38340-1@1@aut$L.Bolus@12352-1@2@bas,,,comb. nov.,,1.1,f,eberlanzia~namaquana,aizoaceaeeberlanzia~namaquana~,316,wfo-1000090797,,species,,,,
urn:lsid:ipni.org:names:77381404-1,Klak,,,,,,44: 189,,,,12,,s.n.,1962,,E. Jensen,,,11/06/2026 10:52,11/06/2026 10:52,"Namibia (Southern Africa, Africa)",,Aizoaceae,Eberlanzia namibensis,Eberlanzia namibensis,Eberlanzia,,f,f,,,,,,,,,,,"Erongo Province, mountains near  Cape Cross",,,,,,,,,,,,,,,,,,16173-1,Bradleya,urn:lsid:ipni.org:publications:3683-2,2026,2026 [11 May 2026],[11 May 2026],Klak,spec.,Bradleya 44: 189. 2026 [11 May 2026] ,,doi:10.25223/brad.n44.2026.a18,,,11,namibensis,,,f,t,,holotype BOL 12865; 12866,,,,,Klak@38340-1@1@aut,,,tax. nov.,,1.1,f,eberlanzia~namibensis,aizoaceaeeberlanzia~namibensis~,317,wfo-1000090798,,species,,,,
urn:lsid:ipni.org:names:77381405-1,Kosky,,,,,,143(2): 33,,,,10,,s.n.,1968,,A.McDonald,,,11/06/2026 10:57,11/06/2026 10:57,"Victoria (Australia, Australasia)",,Orchidaceae,Caladenia phoenix,Caladenia phoenix,Caladenia,,f,f,,,,,,,,,,,"Gippsland: Granite Rock, Bairnsdale",,,,,,,,,,,,,,,,,,28913-1,Vict. Naturalist,urn:lsid:ipni.org:publications:17465-2,2026,2026 [Apr 2026],[Apr 2026],Kosky,spec.,Vict. Naturalist 143(2): 33. 2026 [Apr 2026] ,,"Etymology: the specific epithet is used as a noun in apposition, and refers to the habit of this species to reemerge after spring fire.",,,11,phoenix,,,f,t,,holotype MEL 2119231,,,,,Kosky@20046405-1@1@aut,,,tax. nov.,,1.1,f,caladenia~phoenix,orchidaceaecaladenia~phoenix~,318,wfo-1000090799,,species,,,,
urn:lsid:ipni.org:names:77381406-1,L.B.Ji & F.Wen,,,,,,276: 176,,10,,5,,JLB2025001,2025,,Ling-Bo Ji,,,11/06/2026 11:02,12/06/2026 16:08,"Guangdong (China Southeast, China, Asia-Temperate)",,Gesneriaceae,Oreocharis sihuiensis,Oreocharis sihuiensis,Oreocharis,,f,f,,,,,,,,,,,"Sihui City, Shigou Town",,,,,,,,,,,,,,,,,,331814-2,PhytoKeys,urn:lsid:ipni.org:publications:20011997-1,2026,2026 [12 Jun 2026],[12 Jun 2026],L.B.Ji & F.Wen,spec.,PhytoKeys 276: 176. 2026 [12 Jun 2026] ,,"doi:10.3897/phytokeys.276.190710 [english] Etymology: 'Specific epithet is derived from the type locality, Sihui City'.",,,11,sihuiensis,,,f,t,,holotype IBK,,"Zhejiang Province: Yiwu City, vouchers were made from cultivated plants at Dongya Jifeng Greenhouse. Original collection date: 28 Apr 2025.",,,L.B.Ji@20092958-1@1@aut$F.Wen@20013722-1@2@aut,,,tax. nov.,,1.3,f,oreocharis~sihuiensis,gesneriaceaeoreocharis~sihuiensis~,319,wfo-1000090800,,species,,,,
urn:lsid:ipni.org:names:77381407-1,R.B.Pacifico & Kriebel,,,,,,276: 185,,3,,12,,796,2025,,"L.Daneu, L.C.Gomes &amp; E.A.Ramos",,,11/06/2026 11:06,12/06/2026 16:16,"Bahia (Brazil Northeast, Brazil, Southern America)",W,Melastomataceae,Microlicia almedae,Microlicia almedae,Microlicia,,f,f,,,,,,,,13,18,18,"Rio do Pires, Serra do Barbado, acesso por Catolés, ao longo da trilha que liga o Vale dos Frios até a base da Serra do Barbado 'pelas costas'",41,54,4,,,,,,S,,,,,,,,,30001767-2,PhytoKeys,urn:lsid:ipni.org:publications:20011997-1,2026,2026 [12 Jun 2026],[12 Jun 2026],R.B.Pacifico & Kriebel,spec.,PhytoKeys 276: 185. 2026 [12 Jun 2026] ,,"doi:10.3897/phytokeys.276.193021 [english] Etymology: 'This species is named in honor of the authors' friend and colleague, Dr. Frank Almeda (1946-)'",,,11,almedae,,,f,t,,holotype JABU JABU00001705;isotype CAS;isotype CEPEC;isotype CESJ CESJ085957;isotype RB,,,,,Kriebel@20003575-2@2@aut$R.B.Pacifico@20029315-1@1@aut,,,tax. nov.,,1.3,f,microlicia~almedae,melastomataceaemicrolicia~almedae~,320,wfo-1000090801,,species,,,,
urn:lsid:ipni.org:names:77381408-1,Riv.Mateos,,,,,,25: 85,,,,,,,,,,,,11/06/2026 11:08,11/06/2026 11:08,,,Scrophulariaceae,Digitalis purpurea f. carpetana,Digitalis purpurea f. carpetana,Digitalis,,f,f,,,,,carpetana,,,,,,,,,,,,,,,,,,,,,,,,802077-1,Bol. Real Soc. Esp. Hist. Nat.,urn:lsid:ipni.org:publications:10589-2,1925,1925,,Riv.Mateos,f.,Bol. Real Soc. Esp. Hist. Nat. 25: 85. 1925 ,,,,,8,purpurea,L.,,f,t,,,,,,,Riv.Mateos@8424-1@1@aut,L.@12653-1@1@aut,,tax. nov.,,1.1,f,digitalis~purpureacarpetana,scrophulariaceaedigitalis~purpureacarpetana,321,wfo-0000647404,,form,,,,
urn:lsid:ipni.org:names:77381409-1,Tribble & van Jaarsv.,,,,,,44: 201,,,,,,,,,,,,11/06/2026 11:09,15/06/2026 16:36,,,Asphodelaceae,Bulbine neo-nutans,Bulbine neo-nutans,Bulbine,,f,f,,,,,,,,,,,,,,,,,,,,,,,,,,,,,331159-2,Bradleya,urn:lsid:ipni.org:publications:3683-2,2026,2026 [11 May 2026],[11 May 2026],Tribble & van Jaarsv.,spec.,Bradleya 44: 201. 2026 [11 May 2026] ,,"doi:10.25223/brad.n44.2026.a19 Etymology: name is a combination of the prefix neo-, meaning new, and as chosen by Jacquin, nutans, referring to the apex of the raceme occasionally nodding sideways.",530551-1,,9,neo-nutans,,,f,t,,,,,,,van Jaarsv.@13153-1@2@aut$Tribble@20032176-1@1@aut,,,nom. nov.,,1.2,f,bulbine~neo-nutans,asphodelaceaebulbine~neo-nutans~,322,wfo-1000090802,,species,,,,
urn:lsid:ipni.org:names:77381410-1,(Riv.Mateos) Rivas Mart.,Scrophulariaceae Digitalis purpurea L. f. carpetana Riv.Mateos,(Riv.Mateos),77381408-1,,,18(2): 484,,,,,,,,,,,,11/06/2026 11:14,12/06/2026 09:49,,,Scrophulariaceae,Digitalis nevadensis subsp. carpetana,Digitalis nevadensis subsp. carpetana,Digitalis,,f,f,,,,,carpetana,,,,,,,,,,,,,,,,,,,,,,,,802060-1,Itinera Geobot.,urn:lsid:ipni.org:publications:20000055-1,2011,2011 [16 Jul 2011],[16 Jul 2011],Rivas Mart.,subsp.,Itinera Geobot. 18(2): 484. 2011 [16 Jul 2011] ,,"Basionym cited as: 'Digitalis purpurea var. carpetana Rivas Mateos, Bot. Farm. 2: 309. 1929'.",,,11,nevadensis,Kunze,,f,t,,,,,,,Riv.Mateos@8424-1@2@bas$Rivas Mart.@8423-1@1@aut,Kunze@21870-1@1@aut,,comb. nov.,,1.2,f,digitalis~nevadensiscarpetana,scrophulariaceaedigitalis~nevadensiscarpetana,323,wfo-1200119033,,subspecies,,,,
urn:lsid:ipni.org:names:77381411-1,(Valdés) Rivas Mart.,Scrophulariaceae Digitalis purpurea L. subsp. bocquetii Valdés,(Valdés),949437-1,,,18(2): 484,,,,,,,,,,,,11/06/2026 12:31,11/06/2026 12:31,,,Scrophulariaceae,Digitalis tomentosa subsp. bocquetii,Digitalis tomentosa subsp. bocquetii,Digitalis,,f,f,,,,,bocquetii,,,,,,,,,,,,,,,,,,,,,,,,802094-1,Itinera Geobot.,urn:lsid:ipni.org:publications:20000055-1,2011,2011 [16 Jul 2011],[16 Jul 2011],Rivas Mart.,subsp.,Itinera Geobot. 18(2): 484. 2011 [16 Jul 2011] ,,,,,11,tomentosa,Link & Hoffmanns.,,f,t,,,,,,,Rivas Mart.@8423-1@1@aut$Valdés@11030-1@2@bas,Link@22401-1@1@aut$Hoffmanns.@4021-1@2@aut,,comb. nov.,,1.1,f,digitalis~tomentosabocquetii,scrophulariaceaedigitalis~tomentosabocquetii,324,wfo-1200119034,,subspecies,,,,
urn:lsid:ipni.org:names:77381412-1,(P.Silva & M.Silva) Rivas Mart.,Scrophulariaceae Digitalis purpurea L. subsp. heywoodii P.Silva & M.Silva,(P.Silva & M.Silva),77099799-1,,,18(2): 484,,,,,,,,,,,,11/06/2026 12:32,11/06/2026 12:32,,,Scrophulariaceae,Digitalis tomentosa subsp. heywoodii,Digitalis tomentosa subsp. heywoodii,Digitalis,,f,f,,,,,heywoodii,,,,,,,,,,,,,,,,,,,,,,,,802094-1,Itinera Geobot.,urn:lsid:ipni.org:publications:20000055-1,2011,2011 [16 Jul 2011],[16 Jul 2011],Rivas Mart.,subsp.,Itinera Geobot. 18(2): 484. 2011 [16 Jul 2011] ,,,,,11,tomentosa,Link & Hoffmanns.,,f,t,,,,,,,M.Silva@9644-1@3@bas$P.Silva@7715-1@2@bas$Rivas Mart.@8423-1@1@aut,Hoffmanns.@4021-1@2@aut$Link@22401-1@1@aut,,comb. nov.,,1.1,f,digitalis~tomentosaheywoodii,scrophulariaceaedigitalis~tomentosaheywoodii,325,wfo-1200119035,,subspecies,,,,
urn:lsid:ipni.org:names:77381413-1,(Talavera & Aparicio) Rivas Mart.,Leguminosae Echinospartum algibicum Talavera & Aparicio,(Talavera & Aparicio),988350-1,,,18(2): 484,,,,,,,,,,,,11/06/2026 12:34,11/06/2026 12:34,,,Leguminosae,Echinospartum ibericum subsp. algibicum,Echinospartum ibericum subsp. algibicum,Echinospartum,,f,f,,,,,algibicum,20009293-1,,,,,,,,,isonym,,isonym,,,,,,,,,,,,20009268-1,Itinera Geobot.,urn:lsid:ipni.org:publications:20000055-1,2011,2011 [16 Jul 2011],[16 Jul 2011],Rivas Mart.,subsp.,Itinera Geobot. 18(2): 484. 2011 [16 Jul 2011] ,,,,,13,ibericum,"Rivas Mart., Sánchez Mata & Sancho",,f,t,,,,,,,Rivas Mart.@8423-1@1@aut$Talavera@10397-1@2@bas$Aparicio@30924-1@3@bas,Rivas Mart.@8423-1@1@aut$Sancho@26082-1@3@aut$Sánchez Mata@26074-1@2@aut,,comb. et stat. nov.,,1.1,f,echinospartum~ibericumalgibicum,leguminosaeechinospartum~ibericumalgibicum,326,wfo-0001034396,,subspecies,,,,
urn:lsid:ipni.org:names:77381414-1,(N.E.Br.) Rivas Mart.,Euphorbiaceae Euphorbia rogeri N.E.Br.,(N.E.Br.),348079-1,,,18(2): 484,,,,,,,,,,,,11/06/2026 12:50,11/06/2026 12:56,,,Euphorbiaceae,Euphorbia balsamifera subsp. rogeri,Euphorbia balsamifera subsp. rogeri,Euphorbia,,f,f,,,,,rogeri,77255726-1,,,,,,,,,isonym,,isonym,,,,,,,,,,,,345730-1,Itinera Geobot.,urn:lsid:ipni.org:publications:20000055-1,2011,2011 [16 Jul 2011],[16 Jul 2011],Rivas Mart.,subsp.,Itinera Geobot. 18(2): 484. 2011 [16 Jul 2011] ,,,,,13,balsamifera,Aiton,,f,t,,,,,,,N.E.Br.@1191-1@2@bas$Rivas Mart.@8423-1@1@aut,Aiton@110-1@1@aut,,comb. et stat. nov.,,1.2,f,euphorbia~balsamiferarogeri,euphorbiaceaeeuphorbia~balsamiferarogeri,327,wfo-1200119116,,subspecies,,,,
urn:lsid:ipni.org:names:77381415-1,(Molero & Rovira) Rivas Mart. & Gaisberg,Euphorbiaceae Euphorbia obtusifolia Poir. var. wildpretii Molero & Rovira,(Molero & Rovira),1001347-1,,,18(2): 485,,,,,,,,,,,,11/06/2026 13:00,11/06/2026 13:00,,,Euphorbiaceae,Euphorbia lamarckii subsp. wildpretii,Euphorbia lamarckii subsp. wildpretii,Euphorbia,,f,f,,,,,wildpretii,,,,,,,,,,,,,,,,,,,,,,,,347046-1,Itinera Geobot.,urn:lsid:ipni.org:publications:20000055-1,2011,2011 [16 Jul 2011],[16 Jul 2011],Rivas Mart. & Gaisberg,subsp.,Itinera Geobot. 18(2): 485. 2011 [16 Jul 2011] ,,,,,11,lamarckii,Sweet,,f,t,,,,,,,Molero@23534-1@3@bas$Rivas Mart.@8423-1@1@aut$Rovira@25846-1@4@bas$Gaisberg@39481-1@2@aut,Sweet@10341-1@1@aut,,comb. et stat. nov.,,1.1,f,euphorbia~lamarckiiwildpretii,euphorbiaceaeeuphorbia~lamarckiiwildpretii,328,wfo-1200119036,,subspecies,,,,
urn:lsid:ipni.org:names:77381416-1,(M.Laínz) Rivas Mart. & Izco,Euphorbiaceae Euphorbia flavicoma DC. subsp. occidentalis M.Laínz,(M.Laínz),880562-1,,,18(2): 485,,,,,,,,,,,,11/06/2026 13:13,11/06/2026 13:13,,,Euphorbiaceae,Euphorbia occidentalis,Euphorbia occidentalis,Euphorbia,,f,f,,,,,,,347558-1,,,,,,,,nom. illeg. later homonym,,nom. illeg.,,,,,,,,,,,,327729-2,Itinera Geobot.,urn:lsid:ipni.org:publications:20000055-1,2011,2011 [16 Jul 2011],[16 Jul 2011],Rivas Mart. & Izco,spec.,Itinera Geobot. 18(2): 485. 2011 [16 Jul 2011] ,,"Basionym cited as: 'Euphorbia polygalifolia subsp. occidentalis Laínz in Bol. Inst. Estud. Asturianos, Supl. Ci. 22: 7. 1976'. Citation error correctable under Art. 41.6. ICN (2025).",,,13,occidentalis,,,f,t,,,,,,,Izco@4350-1@2@aut$M.Laínz@5219-1@3@bas$Rivas Mart.@8423-1@1@aut,,,comb. et stat. nov.,,1.1,f,euphorbia~occidentalis,euphorbiaceaeeuphorbia~occidentalis~,329,wfo-1200119117,,species,,,,
urn:lsid:ipni.org:names:77381417-1,(H.Lindb.) Rivas Mart.,Euphorbiaceae Euphorbia pseudodendroides H.Lindb.,(H.Lindb.),347905-1,,,18(2): 485,,,,,,,,,,,,11/06/2026 13:18,11/06/2026 13:18,,,Euphorbiaceae,Euphorbia regis-jubae subsp. pseudodendroides,Euphorbia regis-jubae subsp. pseudodendroides,Euphorbia,,f,f,,,,,pseudodendroides,,,,,,,,,,,,,,,,,,,,,,,,348024-1,Itinera Geobot.,urn:lsid:ipni.org:publications:20000055-1,2011,2011 [16 Jul 2011],[16 Jul 2011],Rivas Mart.,subsp.,"Itinera Geobot. 18(2): 485. 2011 [16 Jul 2011] , as 'pseudo-dendroides'",", as 'pseudo-dendroides'",,,,11,regis-jubae,Webb & Berthel.,,f,t,,,,,,,H.Lindb.@22367-1@2@bas$Rivas Mart.@8423-1@1@aut,Berthel.@16032-1@2@aut$Webb@11454-1@1@aut,,comb. et stat. nov.,,1.1,f,euphorbia~regis-jubaepseudodendroides,euphorbiaceaeeuphorbia~regis-jubaepseudodendroides,330,wfo-1200119037,,subspecies,,,,
urn:lsid:ipni.org:names:77381418-1,(St.-Yves) Rivas Mart.,Poaceae Festuca rubra L. subvar. asperifolia St.-Yves,(St.-Yves),50976768-1,,,18(2): 485,,,,,,,,,,,,11/06/2026 13:21,11/06/2026 13:21,,,Poaceae,Festuca asperifolia,Festuca asperifolia,Festuca,,f,f,,,,,,77113791-1,,,,,,,,,isonym,,isonym,,,,,,,,,,,,328907-2,Itinera Geobot.,urn:lsid:ipni.org:publications:20000055-1,2011,2011 [16 Jul 2011],[16 Jul 2011],Rivas Mart.,spec.,Itinera Geobot. 18(2): 485. 2011 [16 Jul 2011] ,,,,,13,asperifolia,,,f,t,,,,,,,Rivas Mart.@8423-1@1@aut$St.-Yves@8835-1@2@bas,,,comb. et stat. nov.,,1.1,f,festuca~asperifolia,poaceaefestuca~asperifolia~,331,wfo-1200119118,,species,,,,
urn:lsid:ipni.org:names:77381419-1,Aslan,,,,,,13(1): 57,,,,,,,,,,,,11/06/2026 14:06,12/06/2026 09:44,,,Rosaceae,Rosa vuraliana,Rosa vuraliana,Rosa,,f,f,,,,,,,,,,,,,,,,,,,,,,,,,,,,null:,30002432-2,Bağbahçe Bilim Derg.,urn:lsid:ipni.org:publications:20018026-1,2026,2026 [30 Apr 2026],[30 Apr 2026],Aslan,spec.,Bağbahçe Bilim Derg. 13(1): 57. 2026 [30 Apr 2026] ,,"doi:10.35163/bagbahce.1823223 Etymology: named in honour of Prof. Dr. Mecit Vural, a leading botanist and expert on Turkish flora and vegetation.",77197149-1,,9,vuraliana,,,f,t,,,,,,,Aslan@20021022-1@1@aut,,,nom. nov.,,1.3,f,rosa~vuraliana,rosaceaerosa~vuraliana~,332,wfo-1000090803,,species,,,,
urn:lsid:ipni.org:names:77381420-1,"(Lindl.) Cai F.Zhang, G.W.Hu & Q.F.Wang",Lindl.,(Lindl.),,,,4: 233,,,,,,,,,,,,11/06/2026 14:39,15/06/2026 10:14,,,Orchidaceae,Bulbophyllum bequaertii var. tenuicaule,Bulbophyllum bequaertii var. tenuicaule,Bulbophyllum,,f,f,,,,,tenuicaule,,,,,,,,,,,,,,,,,,,,,,,,618411-1,Fl. Kenya,urn:lsid:ipni.org:publications:20043617-1,2025,2025 [18 Apr 2025],[18 Apr 2025],"Cai F.Zhang, G.W.Hu & Q.F.Wang",var.,Fl. Kenya 4: 233. 2025 [18 Apr 2025] ,,"Date and page number from the gift-book edition of this publication, published 18 Apr 2025. This name can also be found on page 255 of the 1st ed. 2nd printing, published 24 Apr 2026.",,,10,bequaertii,De Wild.,,f,t,,,,,,,G.W.Hu@20012505-1@2@aut$Cai F.Zhang@20024013-1@1@aut$Q.F.Wang@40374-1@3@aut$Lindl.@22383-1@4@bas,De Wild.@12406-1@1@aut,,comb. et stat. nov.,,1.2,f,bulbophyllum~bequaertiitenuicaule,orchidaceaebulbophyllum~bequaertiitenuicaule,333,wfo-1200119038,,variety,,,,
urn:lsid:ipni.org:names:77381421-1,"(Rchb.f.) Cai F.Zhang, G.W.Hu & Q.F.Wang",Orchidaceae Roeperocharis bennettiana Rchb.f.,(Rchb.f.),655846-1,,,4: 136,,,,,,,,,,,,11/06/2026 14:50,15/06/2026 10:04,,,Orchidaceae,Habenaria bennettiana,Habenaria bennettiana,Habenaria,,f,f,,,,,,,,,,,,,,,,,,,,,,,,,,,,,325751-2,Fl. Kenya,urn:lsid:ipni.org:publications:20043617-1,2025,2025 [18 Apr 2025],[18 Apr 2025],"Cai F.Zhang, G.W.Hu & Q.F.Wang",spec.,Fl. Kenya 4: 136. 2025 [18 Apr 2025] ,,"Date and page number from the gift-book edition of this publication, published 18 Apr 2025. This name can also be found on page 147 of the 1st ed. 2nd printing, published 24 Apr 2026.",,,11,bennettiana,,,f,t,,,,,,,Rchb.f.@8254-1@4@bas$G.W.Hu@20012505-1@2@aut$Q.F.Wang@40374-1@3@aut$Cai F.Zhang@20024013-1@1@aut,,,comb. nov.,,1.4,f,habenaria~bennettiana,orchidaceaehabenaria~bennettiana~,334,wfo-1200119119,,species,,,,
urn:lsid:ipni.org:names:77381422-1,Burret,,,,,,13: 191,,,,,,,,,,,,11/06/2026 15:34,11/06/2026 15:34,,,Arecaceae,Pseudopinanga pilosa var. gracilior,Pseudopinanga pilosa var. gracilior,Pseudopinanga,,f,f,,,,,gracilior,,,,,,"& Collection: 'British North Borneo: Mount Kinabalu, Tenompok, 5000 Fuss Mannliche Bluten weiss. Frucht grin bis gelb und orange (26. Marz 1932 - J. et M. S. Clemens n. 29204)'",,,,,,,,,,,,,,,,,,669322-1,Notizbl. Bot. Gart. Berlin-Dahlem,urn:lsid:ipni.org:publications:1019-2,1936,1936,,Burret,var.,Notizbl. Bot. Gart. Berlin-Dahlem 13: 191. 1936 ,,Burret erred in flagging the varietal name as 'nov. spec.',,,8,pilosa,Burret,,f,t,,,,,,,Burret@12369-1@1@aut,Burret@12369-1@1@aut,,tax. nov.,,1.1,f,pseudopinanga~pilosagracilior,arecaceaepseudopinanga~pilosagracilior,335,wfo-1200119039,,variety,,,,
urn:lsid:ipni.org:names:77381423-1,Rupr.,,,,,,2: 337,,,,,,,,,,,,11/06/2026 16:56,11/06/2026 16:56,,,Boraginaceae,Strophiostoma amoenum,Strophiostoma amoenum,Strophiostoma,,f,f,,,,,,,,,,,,,,,,,,,,,,,,,,,,,4819-1,Mélanges Biol. Bull. Phys.-Math. Acad. Imp. Sci. Saint-Pétersbourg,urn:lsid:ipni.org:publications:3430-2,1856,1856 [Jan 1856],[Jan 1856],Rupr.,spec.,Mélanges Biol. Bull. Phys.-Math. Acad. Imp. Sci. Saint-Pétersbourg 2: 337. 1856 [Jan 1856] ,,,,,8,amoenum,,,f,t,,,,,,,Rupr.@12802-1@1@aut,,,tax. nov.,120723-1,1.1,f,strophiostoma~amoenum,boraginaceaestrophiostoma~amoenum~,336,wfo-1000090804,,species,,,,
urn:lsid:ipni.org:names:77381424-1,Jan ex Guss.,,,,,,Suppl.: 156,,,,,,,,,,,,11/06/2026 17:19,11/06/2026 17:19,,,Rosaceae,Rosa viscosa,Rosa viscosa,Rosa,,f,f,,,,,,,,,,,,,,,,,,,,,,,,,,,,,30002432-2,Fl. Sicul. Prodr.,urn:lsid:ipni.org:publications:3640-2,1832,1832,,Jan ex Guss.,spec.,Fl. Sicul. Prodr. Suppl.: 156. 1832 ,,,,,8,viscosa,,,f,t,,,,,,,Guss.@3492-1@2@autEx$Jan@4416-1@1@aut,,,tax. nov.,,1.1,t,rosa~viscosa,rosaceaerosa~viscosa~,337,wfo-1200119120,,species,,,,
urn:lsid:ipni.org:names:77381425-1,"(F.Muell.) J.Wen, Jackes & Coello",Vitaceae Vitis penninervis F.Muell.,(F.Muell.),68949-1,,,216-108525: 8,,,,,,,,,,,,12/06/2026 08:29,12/06/2026 08:29,,,Vitaceae,Apocissus penninervis,Apocissus penninervis,Apocissus,,f,f,,,,,,,,,,,,,,,,,,,,,,,,,,,,,77322784-1,Molec. Phylogen. Evol.,urn:lsid:ipni.org:publications:20067-2,2025,2025 [2026 publ. 21 Dec 2025],[2026 publ. 21 Dec 2025],"J.Wen, Jackes & Coello",spec.,Molec. Phylogen. Evol. 216-108525: 8. 2025 [2026 publ. 21 Dec 2025] ,,doi:10.1016/j.ympev.2025.108525,,,11,penninervis,,,f,t,,,,,,,F.Muell.@6732-1@4@bas$Coello@20099235-1@3@aut$Jackes@13295-1@2@aut$J.Wen@36244-1@1@aut,,,comb. nov.,,1.1,f,apocissus~penninervis,vitaceaeapocissus~penninervis~,338,wfo-1000090805,,species,,,,
urn:lsid:ipni.org:names:77381426-1,Z.B.Xin & W.C.Chou,,,,,,762(1): 26,,25,,4,,WF230425-01,2023,,,,,12/06/2026 09:18,12/06/2026 09:18,"Guangxi (China Southeast, China, Asia-Temperate)",E,Gesneriaceae,Primulina lipuensis,Primulina lipuensis,Primulina,,f,f,,,,,,,,24,24,,"Lipu City, Licheng Town, Liantang Village, 205 m",110,19,,,,,,,N,,,,,,,,,17172-1,Phytotaxa,urn:lsid:ipni.org:publications:20011462-1,2026,2026 [12 Jun 2026],[12 Jun 2026],Z.B.Xin & W.C.Chou,spec.,Phytotaxa 762(1): 26. 2026 [12 Jun 2026] ,,doi:10.11646/phytotaxa.762.1.2 Etymology: the specific epithet is named for the type locality.,,,11,lipuensis,,,f,t,,holotype IBK;isotype IBK,,,,,W.C.Chou@20042538-1@2@aut$Z.B.Xin@20033421-1@1@aut,,,tax. nov.,,1.1,f,primulina~lipuensis,gesneriaceaeprimulina~lipuensis~,339,wfo-1000090806,,species,,,,
urn:lsid:ipni.org:names:77381427-1,P.H.Cardoso & Salimena,,,,,,762(1): 53,,1,,11,,CFCR2619,1981,,N.L.Menezes,,,12/06/2026 09:39,12/06/2026 09:39,"Minas Gerais (Brazil Southeast, Brazil, Southern America)",,Verbenaceae,Lippia neodiamantinensis,Lippia neodiamantinensis,Lippia,,f,f,,,,,,,,,,,"Diamantina, estrada Diamantina-Curvelo, a 17 km de Diamantina",,,,,,,,,,,,,,,,,,330566-2,Phytotaxa,urn:lsid:ipni.org:publications:20011462-1,2026,2026 [12 Jun 2026],[12 Jun 2026],P.H.Cardoso & Salimena,spec.,Phytotaxa 762(1): 53. 2026 [12 Jun 2026] ,,"doi:10.11646/phytotaxa.762.1.4 Etymology: the specific epithet is a reference to a previous, invalidly published name 'Lippia diamantinensis Glaz.'.",,,11,neodiamantinensis,,,f,t,,holotype CESJ;isotype K;isotype SPF,,,,,P.H.Cardoso@20041207-1@1@aut$Salimena@40452-1@2@aut,,,tax. nov.,,1.1,f,lippia~neodiamantinensis,verbenaceaelippia~neodiamantinensis~,340,wfo-1000090807,,species,,,,
urn:lsid:ipni.org:names:77381428-1,(Maire ex St.-Yves) Rivas Mart.,Poaceae Festuca rubra L. var. gaetula Maire ex St.-Yves,(Maire ex St.-Yves),50976765-1,,,18(2): 485,,,,,,,,,,,,12/06/2026 10:28,12/06/2026 10:28,,,Poaceae,Festuca gaetula,Festuca gaetula,Festuca,,f,f,,,,,,402763-1,,,,,,,,,isonym,,isonym,,,,,,,,,,,,328907-2,Itinera Geobot.,urn:lsid:ipni.org:publications:20000055-1,2011,2011 [16 Jul 2011],[16 Jul 2011],Rivas Mart.,spec.,Itinera Geobot. 18(2): 485. 2011 [16 Jul 2011] ,,,,,13,gaetula,,,f,t,,,,,,,Rivas Mart.@8423-1@1@aut$St.-Yves@8835-1@3@basEx$Maire@6001-1@2@bas,,,comb. et stat. nov.,,1.1,f,festuca~gaetula,poaceaefestuca~gaetula~,341,wfo-1200119121,,species,,,,
urn:lsid:ipni.org:names:77381431-1,P.H.Cardoso & Salimena,,,,,,762(1): 57,,16,,7,,423,2022,,B.Schindler et al.,,,12/06/2026 11:04,12/06/2026 11:04,"Goiás (Brazil West-Central, Brazil, Southern America)",,Verbenaceae,Lippia neoglazioviana,Lippia neoglazioviana,Lippia,,f,f,,,,,,,,,,,"Alto Paraíso de Goiás, Chapada dos Veadeiros, lado direito da rodovia GO-118 após paralelo 14, em direção a Teresina de Goiás",,,,,,,,,,,,,,,,,,330566-2,Phytotaxa,urn:lsid:ipni.org:publications:20011462-1,2026,2026 [12 Jun 2026],[12 Jun 2026],P.H.Cardoso & Salimena,spec.,Phytotaxa 762(1): 57. 2026 [12 Jun 2026] ,,"doi:10.11646/phytotaxa.762.1.4 Etymology: the specific epithet is a reference to a previous, invalidly published name 'Lippia glazioviana Loes.'.",,,11,neoglazioviana,,,f,t,,holotype CESJ;isotype CEN;isotype RB,,,,,P.H.Cardoso@20041207-1@1@aut$Salimena@40452-1@2@aut,,,tax. nov.,,1.1,f,lippia~neoglazioviana,verbenaceaelippia~neoglazioviana~,342,wfo-1000090808,,species,,,,
urn:lsid:ipni.org:names:77381432-1,Ramas.,,,,,,762(1): 78,,19,,7,,GUD 1205,2025,,R.Ramasubbu &amp; K.Kalaiselvan,,,12/06/2026 11:26,12/06/2026 11:26,"Tamil Nadu (India, Indian Subcontinent, Asia-Tropical)",E,Asclepiadaceae,Vincetoxicum pulneyense,Vincetoxicum pulneyense,Vincetoxicum,,f,f,,,,,,,,10,14,3,"Tamil Nadu, dindigul district, way to Poombarai, Palni hills, 2282 m",77,25,27,,,,,,N,,,,,,,,,30010004-2,Phytotaxa,urn:lsid:ipni.org:publications:20011462-1,2026,2026 [12 Jun 2026],[12 Jun 2026],Ramas.,spec.,"Phytotaxa 762(1): 78. 2026 [12 Jun 2026] , as 'pulneyensis'.",", as 'pulneyensis'.",doi:10.11646/phytotaxa.762.1.6 Etymology: the specific epithet is a reference to the type locality.,,,11,pulneyense,,,f,t,,holotype MH;isotype GUD,,,,,Ramas.@20027955-1@1@aut,,,tax. nov.,,1.1,f,vincetoxicum~pulneyense,asclepiadaceaevincetoxicum~pulneyense~,343,wfo-1000090809,,species,,,,
urn:lsid:ipni.org:names:77381433-1,(Hack.) Rivas Mart.,Poaceae Festuca spadicea L. var. livida Hack.,(Hack.),50960138-1,,,18(2): 485,,,,,,,,,,,,12/06/2026 11:43,17/06/2026 11:54,,,Poaceae,Festuca livida,Festuca livida,Festuca,,f,f,,,,,,403017-1,,,,,,,,,nom. illeg. later homonym,,nom. illeg.,,,,,,,,,,,,328907-2,Itinera Geobot.,urn:lsid:ipni.org:publications:20000055-1,2011,2011 [16 Jul 2011],[16 Jul 2011],Rivas Mart.,spec.,Itinera Geobot. 18(2): 485. 2011 [16 Jul 2011] ,,,,,13,livida,,,f,t,,,,,,,Hack.@3523-1@2@bas$Rivas Mart.@8423-1@1@aut,,,comb. et stat. nov.,,1.2,f,festuca~livida,poaceaefestuca~livida~,344,wfo-1200119122,,species,,,,
urn:lsid:ipni.org:names:77381434-1,Swanepoel & A.E.van Wyk,,,,,,762(1): 87,,17,,6,,685,2025,,Swanepoel,,,12/06/2026 11:45,12/06/2026 11:45,"Angola (South Tropical Africa, Africa);Namibia (Southern Africa, Africa);",,Acanthaceae,Petalidium bembeense,Petalidium bembeense,Petalidium,,f,f,,,,,,,,,,,"Angola: Cunene Province: Garganta do Bembe, ca. 25 km south-southeast of Oncocua, 840 m",,,,,,,,,,,,,,,,,,803-1,Phytotaxa,urn:lsid:ipni.org:publications:20011462-1,2026,2026 [12 Jun 2026],[12 Jun 2026],Swanepoel & A.E.van Wyk,spec.,Phytotaxa 762(1): 87. 2026 [12 Jun 2026] ,,doi:10.11646/phytotaxa.762.1.7 Etymology: the specific epithet is named for the type locality.,,,11,bembeense,,,f,t,,holotype LUBA;isotype PRE;isotype PRU,,,,,A.E.van Wyk@13162-1@2@aut$Swanepoel@20005428-1@1@aut,,,tax. nov.,,1.1,f,petalidium~bembeense,acanthaceaepetalidium~bembeense~,345,wfo-1000090810,,species,,,,
urn:lsid:ipni.org:names:77381435-1,(Willd. ex Kaulf.) Murdock & Perrie,Marattiaceae Marattia acuminata Willd. ex Kaulf.,(Willd. ex Kaulf.),17143610-1,,,762(1): 99,,,,,,,,,,,,12/06/2026 11:51,12/06/2026 11:51,,,Marattiaceae,Ptisana acuminata,Ptisana acuminata,Ptisana,,f,f,,,,,,,,,,,,,,,,,,,,,,,,,,,,,77091891-1,Phytotaxa,urn:lsid:ipni.org:publications:20011462-1,2026,2026 [12 Jun 2026],[12 Jun 2026],Murdock & Perrie,spec.,Phytotaxa 762(1): 99. 2026 [12 Jun 2026] ,,doi:10.11646/phytotaxa.762.1.8,,,11,acuminata,,,f,t,,,,,,,Kaulf.@4673-1@4@basEx$Murdock@20013727-1@1@aut$Willd.@11692-1@3@bas$Perrie@20000127-1@2@aut,,,comb. nov.,,1.1,f,ptisana~acuminata,marattiaceaeptisana~acuminata~,346,wfo-1000090811,,species,,,,
urn:lsid:ipni.org:names:77381436-1,"N.Wei, Sheng W.Wang, Kirika & Q.F.Wang",,,,,,276: 202,,28,,2,,BFFP-682,1990,,Rachel,,,12/06/2026 12:01,15/06/2026 14:43,"Kenya (East Tropical Africa, Africa)",,Passifloraceae,Adenia sajoreciae,Adenia sajoreciae,Adenia,,f,f,,,,,,,,,,,"Baringo County, Kapkoror, the headquarters of Baringo Fuel & Fodder Project (BFFP)",,,,,,,,,,,,,,,,,,31727-1,PhytoKeys,urn:lsid:ipni.org:publications:20011997-1,2026,2026 [15 Jun 2026],[15 Jun 2026],"N.Wei, Sheng W.Wang, Kirika & Q.F.Wang",spec.,PhytoKeys 276: 202. 2026 [15 Jun 2026] ,,doi:10.3897/phytokeys.276.190059 [english] Etymology: 'The specific epithet 'sajoreciae' is in recognition of the Sino-Africa Joint Research Center (SAJOREC)'.,,,11,sajoreciae,,,f,t,,holotype EA;isotype K K005188453,,,,,Sheng W.Wang@20093888-1@2@aut$Kirika@20038102-1@3@aut$N.Wei@20045120-1@1@aut$Q.F.Wang@40374-1@4@aut,,,tax. nov.,,1.3,f,adenia~sajoreciae,passifloraceaeadenia~sajoreciae~,347,wfo-1000090812,,species,,,,
urn:lsid:ipni.org:names:77381437-1,(Willk.) Rivas Mart.,Poaceae Festuca spadicea L. var. capillifolia Willk.,(Willk.),50960140-1,,,18(2): 485,,,,,,,,,,,,12/06/2026 12:03,12/06/2026 12:03,,,Poaceae,Festuca livida subsp. capillifolia,Festuca livida subsp. capillifolia,Festuca,,f,f,,,,,capillifolia,,,,,,,,,,,,,,,,,,,,,,,,77381433-1,Itinera Geobot.,urn:lsid:ipni.org:publications:20000055-1,2011,2011 [16 Jul 2011],[16 Jul 2011],Rivas Mart.,subsp.,Itinera Geobot. 18(2): 485. 2011 [16 Jul 2011] ,,,,,11,livida,(Hack.) Rivas Mart.,,f,t,,,,,,,Willk.@11723-1@2@bas$Rivas Mart.@8423-1@1@aut,Rivas Mart.@8423-1@1@aut$Hack.@3523-1@2@bas,,comb. nov.,,1.1,f,festuca~lividacapillifolia,poaceaefestuca~lividacapillifolia,348,wfo-1200119040,,subspecies,,,,
urn:lsid:ipni.org:names:77381438-1,"P.R.Luo, A.Liu & H.Sun",,,,,,276: 221,,11,,5,,228,2025,,P.R.Luo &amp; R.Tong,,,12/06/2026 12:04,15/06/2026 14:49,"Yunnan (China South-Central, China, Asia-Temperate)",E,Asclepiadaceae,Ceropegia gengmaensis,Ceropegia gengmaensis,Ceropegia,,f,f,,,,,,,,23,36,,"Lincang City, Gengma County, 1200 m",99,6,,,,,,,N,,,,,,,,,328162-2,PhytoKeys,urn:lsid:ipni.org:publications:20011997-1,2026,2026 [15 Jun 2026],[15 Jun 2026],"P.R.Luo, A.Liu & H.Sun",spec.,PhytoKeys 276: 221. 2026 [15 Jun 2026] ,,"doi:10.3897/phytokeys.276.197333 [english] Etymology: 'Ceropegia gengmaensis is named after its type locality, Gengma County'.",,,11,gengmaensis,,,f,t,,holotype KUN KUN1643961,,,,,A.Liu@20046398-1@2@aut$P.R.Luo@20065954-1@1@aut$H.Sun@37506-1@3@aut,,,tax. nov.,,1.3,f,ceropegia~gengmaensis,asclepiadaceaeceropegia~gengmaensis~,349,wfo-1000090813,,species,,,,
urn:lsid:ipni.org:names:77381439-1,(Rivas Ponce & Cebolla) Rivas Mart.,Poaceae Festuca paniculata  subsp. multispiculata Rivas Ponce & Cebolla,(Rivas Ponce & Cebolla),964919-1,,,18(2): 485,,,,,,,,,,,,12/06/2026 12:04,12/06/2026 12:04,,,Poaceae,Festuca livida subsp. multispiculata,Festuca livida subsp. multispiculata,Festuca,,f,f,,,,,multispiculata,,,,,,,,,,,,,,,,,,,,,,,,77381433-1,Itinera Geobot.,urn:lsid:ipni.org:publications:20000055-1,2011,2011 [16 Jul 2011],[16 Jul 2011],Rivas Mart.,subsp.,Itinera Geobot. 18(2): 485. 2011 [16 Jul 2011] ,,,,,11,livida,(Hack.) Rivas Mart.,,f,t,,,,,,,Cebolla@14641-1@3@bas$Rivas Mart.@8423-1@1@aut$Rivas Ponce@8425-1@2@bas,Rivas Mart.@8423-1@1@aut$Hack.@3523-1@2@bas,,comb. nov.,,1.1,f,festuca~lividamultispiculata,poaceaefestuca~lividamultispiculata,350,wfo-1200119041,,subspecies,,,,
urn:lsid:ipni.org:names:77381440-1,(St.-Yves) Rivas Mart.,Poaceae Festuca rubra L. subsp. microphylla St.-Yves,(St.-Yves),77259468-1,,,18(2): 485,,,,,,,,,,,,12/06/2026 12:07,12/06/2026 12:07,,,Poaceae,Festuca microphylla,Festuca microphylla,Festuca,,f,f,,,,,,403085-1,,,,,,,,,isonym,,isonym,,,,,,,,,,,,328907-2,Itinera Geobot.,urn:lsid:ipni.org:publications:20000055-1,2011,2011 [16 Jul 2011],[16 Jul 2011],Rivas Mart.,spec.,Itinera Geobot. 18(2): 485. 2011 [16 Jul 2011] ,,,,,13,microphylla,,,f,t,,,,,,,Rivas Mart.@8423-1@1@aut$St.-Yves@8835-1@2@bas,,,comb. et stat. nov.,,1.1,f,festuca~microphylla,poaceaefestuca~microphylla~,351,wfo-1200119123,,species,,,,
urn:lsid:ipni.org:names:77381441-1,(Cebolla & Rivas Ponce) Rivas Mart. & Molero,Poaceae Festuca paniculata  var. moleroi Cebolla & Rivas Ponce,(Cebolla & Rivas Ponce),964918-1,,,18(2): 485,,,,,,,,,,,,12/06/2026 12:11,12/06/2026 12:11,,,Poaceae,Festuca moleroi,Festuca moleroi,Festuca,,f,f,,,,,,,,,,,,,,,,,,,,,,,,,,,,,328907-2,Itinera Geobot.,urn:lsid:ipni.org:publications:20000055-1,2011,2011 [16 Jul 2011],[16 Jul 2011],Rivas Mart. & Molero,spec.,Itinera Geobot. 18(2): 485. 2011 [16 Jul 2011] ,,,,,11,moleroi,,,f,t,,,,,,,Molero@23534-1@2@aut$Cebolla@14641-1@3@bas$Rivas Ponce@8425-1@4@bas$Rivas Mart.@8423-1@1@aut,,,comb. et stat. nov.,,1.1,f,festuca~moleroi,poaceaefestuca~moleroi~,352,wfo-1000090814,,species,,,,
urn:lsid:ipni.org:names:77381442-1,(Litard.) Rivas Mart.,Poaceae Festuca ovina L. var. molinieri Litard.,(Litard.),70023321-1,,,18(2): 485,,,,,,,,,,,,12/06/2026 12:13,12/06/2026 12:13,,,Poaceae,Festuca molinieri,Festuca molinieri,Festuca,,f,f,,,,,,,,,,,,,,,,,,,,,,,,,,,,,328907-2,Itinera Geobot.,urn:lsid:ipni.org:publications:20000055-1,2011,2011 [16 Jul 2011],[16 Jul 2011],Rivas Mart.,spec.,Itinera Geobot. 18(2): 485. 2011 [16 Jul 2011] ,,,,,11,molinieri,,,f,t,,,,,,,Litard.@5659-1@2@bas$Rivas Mart.@8423-1@1@aut,,,comb. et stat. nov.,,1.1,f,festuca~molinieri,poaceaefestuca~molinieri~,353,wfo-1000090815,,species,,,,
urn:lsid:ipni.org:names:77381443-1,(Hack.) Rivas Mart.,Poaceae Festuca rubra L. subvar. pruinosa Hack.,(Hack.),60443326-2,,,18(2): 485,,,,,,,,,,,,12/06/2026 12:15,12/06/2026 12:15,,,Poaceae,Festuca pruinosa,Festuca pruinosa,Festuca,,f,f,,,,,,77106155-1,,,,,,,,,isonym,,isonym,,,,,,,,,,,,328907-2,Itinera Geobot.,urn:lsid:ipni.org:publications:20000055-1,2011,2011 [16 Jul 2011],[16 Jul 2011],Rivas Mart.,spec.,Itinera Geobot. 18(2): 485. 2011 [16 Jul 2011] ,,,,,13,pruinosa,,,f,t,,,,,,,Rivas Mart.@8423-1@1@aut$Hack.@3523-1@2@bas,,,comb. et stat. nov.,,1.1,f,festuca~pruinosa,poaceaefestuca~pruinosa~,354,wfo-1200119124,,species,,,,
urn:lsid:ipni.org:names:77381444-1,(Kerguélen & Morla) Rivas Mart. & Fern.Prieto,Poaceae Festuca graniticola Kerguélen & Morla,(Kerguélen & Morla),906123-1,,,18(2): 485,,,,,,,,,,,,12/06/2026 12:21,12/06/2026 12:21,,,Poaceae,Festuca summilusitana subsp. graniticola,Festuca summilusitana subsp. graniticola,Festuca,,f,f,,,,,graniticola,,,,,,,,,,,,,,,,,,,,,,,,896497-1,Itinera Geobot.,urn:lsid:ipni.org:publications:20000055-1,2011,2011 [16 Jul 2011],[16 Jul 2011],Rivas Mart. & Fern.Prieto,subsp.,Itinera Geobot. 18(2): 485. 2011 [16 Jul 2011] ,,,,,11,summilusitana,Franco & Rocha Afonso,,f,t,,,,,,,Fern.Prieto@18741-1@2@aut$Rivas Mart.@8423-1@1@aut$Kerguélen@4737-1@3@bas$Morla@23645-1@4@bas,Rocha Afonso@8467-1@2@aut$Franco@2872-1@1@aut,,comb. et stat. nov.,,1.1,f,festuca~summilusitanagraniticola,poaceaefestuca~summilusitanagraniticola,355,wfo-1200119042,,subspecies,,,,
urn:lsid:ipni.org:names:77381445-1,"(Fuente & Ortúñez) Rivas Mart., Fuente & Ortúñez",Poaceae Festuca gredensis Fuente & Ortúñez,(Fuente & Ortúñez),20007988-1,,,18(2): 485,,,,,,,,,,,,12/06/2026 12:23,12/06/2026 12:23,,,Poaceae,Festuca summilusitana subsp. gredensis,Festuca summilusitana subsp. gredensis,Festuca,,f,f,,,,,gredensis,,,,,,,,,,,,,,,,,,,,,,,,896497-1,Itinera Geobot.,urn:lsid:ipni.org:publications:20000055-1,2011,2011 [16 Jul 2011],[16 Jul 2011],"Rivas Mart., Fuente & Ortúñez",subsp.,Itinera Geobot. 18(2): 485. 2011 [16 Jul 2011] ,,,,,11,summilusitana,Franco & Rocha Afonso,,f,t,,,,,,,Ortúñez@36444-1@3@aut$Fuente@14963-1@2@aut$Ortúñez@36444-1@5@bas$Rivas Mart.@8423-1@1@aut$Fuente@14963-1@4@bas,Rocha Afonso@8467-1@2@aut$Franco@2872-1@1@aut,,comb. et stat. nov.,,1.1,f,festuca~summilusitanagredensis,poaceaefestuca~summilusitanagredensis,356,wfo-1200119043,,subspecies,,,,
urn:lsid:ipni.org:names:77381446-1,Pugsley,,,,,,50(Suppl. 1): 23,,,,,,,,,,,,12/06/2026 12:34,12/06/2026 12:34,,,Papaveraceae,Fumaria muralis var. lowei,Fumaria muralis var. lowei,Fumaria,,f,f,,,,,lowei,,,,,,,,,,,,,,,,,,,,,,,,673038-1,J. Bot.,urn:lsid:ipni.org:publications:678-2,1912,1912 [Mar 1912],[Mar 1912],Pugsley,var.,J. Bot. 50(Suppl. 1): 23. 1912 [Mar 1912] ,,,,,8,muralis,Sond. ex W.D.J.Koch,,f,t,,,,,,,Pugsley@8014-1@1@aut,W.D.J.Koch@21570-1@2@autEx$Sond.@9891-1@1@aut,,tax. nov.,,1.1,f,fumaria~muralislowei,papaveraceaefumaria~muralislowei,357,wfo-0000693337,,variety,,,,
urn:lsid:ipni.org:names:77381447-1,(Pugsley) Rivas Mart.,Papaveraceae Fumaria muralis Sond. ex W.D.J.Koch var. lowei Pugsley,(Pugsley),77381446-1,,,18(2): 485,,,,,,,,,,,,12/06/2026 12:36,12/06/2026 12:36,,,Papaveraceae,Fumaria muralis subsp. lowei,Fumaria muralis subsp. lowei,Fumaria,,f,f,,,,,lowei,,,,,,,,,,,,,,,,,,,,,,,,673038-1,Itinera Geobot.,urn:lsid:ipni.org:publications:20000055-1,2011,2011 [16 Jul 2011],[16 Jul 2011],Rivas Mart.,subsp.,Itinera Geobot. 18(2): 485. 2011 [16 Jul 2011] ,,,,,11,muralis,Sond. ex W.D.J.Koch,,f,t,,,,,,,Pugsley@8014-1@2@bas$Rivas Mart.@8423-1@1@aut,Sond.@9891-1@1@aut$W.D.J.Koch@21570-1@2@autEx,,stat. nov.,,1.1,f,fumaria~muralislowei,papaveraceaefumaria~muralislowei,358,wfo-1200119125,,subspecies,,,,
urn:lsid:ipni.org:names:77381448-1,(Lange) Rivas Mart.,Leguminosae Genista berberidea Lange,(Lange),495917-1,,,18(2): 485,,,,,,,,,,,,12/06/2026 12:37,12/06/2026 12:37,,,Leguminosae,Genista anglica subsp. berberidea,Genista anglica subsp. berberidea,Genista,,f,f,,,,,berberidea,,,,,,,,,,,,,,,,,,,,,,,,495881-1,Itinera Geobot.,urn:lsid:ipni.org:publications:20000055-1,2011,2011 [16 Jul 2011],[16 Jul 2011],Rivas Mart.,subsp.,Itinera Geobot. 18(2): 485. 2011 [16 Jul 2011] ,,,,,11,anglica,L.,,f,t,,,,,,,Rivas Mart.@8423-1@1@aut$Lange@5261-1@2@bas,L.@12653-1@1@aut,,comb. et stat. nov.,,1.1,f,genista~anglicaberberidea,leguminosaegenista~anglicaberberidea,359,wfo-1200119044,,subspecies,,,,
urn:lsid:ipni.org:names:77381449-1,(Pau) Cantó,Leguminosae Genista jimenezii Pau,(Pau),496120-1,,,18(2): 485,,,,,,,,,,,,12/06/2026 12:40,12/06/2026 12:40,,,Leguminosae,Genista cinerea subsp. jimenezii,Genista cinerea subsp. jimenezii,Genista,,f,f,,,,,jimenezii,77068704-1,,,,,,,,,isonym,,isonym,,,,,,,,,,,,495956-1,Itinera Geobot.,urn:lsid:ipni.org:publications:20000055-1,2011,2011 [16 Jul 2011],[16 Jul 2011],Cantó,subsp.,Itinera Geobot. 18(2): 485. 2011 [16 Jul 2011] ,,,,,13,cinerea,(Vill.) DC.,,f,t,,,,,,,Pau@7401-1@2@bas$Cantó@16869-1@1@aut,Vill.@28378-1@2@bas$DC.@16855-1@1@aut,,stat. nov.,,1.1,f,genista~cinereajimenezii,leguminosaegenista~cinereajimenezii,360,wfo-0001360779,,subspecies,,,,
urn:lsid:ipni.org:names:77381450-1,Font Quer,,,,,,20: 51,,,,,,,,,,,,12/06/2026 12:44,12/06/2026 12:44,,,Leguminosae,Genista hirsuta f. trichoacantha,Genista hirsuta f. trichoacantha,Genista,,f,f,,,,,trichoacantha,,,,,,,,,,,,,,,,,,,,,,,,496078-1,Butl. Inst. Catalana Hist. Nat.,urn:lsid:ipni.org:publications:1583-2,1920,1920,,Font Quer,f.,Butl. Inst. Catalana Hist. Nat. 20: 51. 1920 ,,,,,8,hirsuta,Vahl,,f,t,,,,,,,Font Quer@2810-1@1@aut,Vahl@28125-1@1@aut,,tax. nov.,,1.1,f,genista~hirsutatrichoacantha,leguminosaegenista~hirsutatrichoacantha,361,wfo-0001061228,,form,,,,
urn:lsid:ipni.org:names:77381451-1,(Font Quer) Rivas Mart. & L.Llorens,Leguminosae Genista hirsuta Vahl f. trichoacantha Font Quer,(Font Quer),77381450-1,,,18(2): 485,,,,,,,,,,,,12/06/2026 12:45,12/06/2026 12:45,,,Leguminosae,Genista hirsuta subsp. trichoacantha,Genista hirsuta subsp. trichoacantha,Genista,,f,f,,,,,trichoacantha,,,,,,,,,,,,,,,,,,,,,,,,496078-1,Itinera Geobot.,urn:lsid:ipni.org:publications:20000055-1,2011,2011 [16 Jul 2011],[16 Jul 2011],Rivas Mart. & L.Llorens,subsp.,Itinera Geobot. 18(2): 485. 2011 [16 Jul 2011] ,,,,,11,hirsuta,Vahl,,f,t,,,,,,,Rivas Mart.@8423-1@1@aut$Font Quer@2810-1@3@bas$L.Llorens@22459-1@2@aut,Vahl@28125-1@1@aut,,stat. nov.,,1.1,f,genista~hirsutatrichoacantha,leguminosaegenista~hirsutatrichoacantha,362,wfo-1200119126,,subspecies,,,,
urn:lsid:ipni.org:names:77381452-1,(Spach) Rivas Mart.,Leguminosae Genista scorpioides Spach,(Spach),496338-1,,,18(2): 485,,,,,,,,,,,,12/06/2026 12:46,12/06/2026 12:46,,,Leguminosae,Genista triacanthos subsp. scorpioides,Genista triacanthos subsp. scorpioides,Genista,,f,f,,,,,scorpioides,,,,,,,,,,,,,,,,,,,,,,,,496414-1,Itinera Geobot.,urn:lsid:ipni.org:publications:20000055-1,2011,2011 [16 Jul 2011],[16 Jul 2011],Rivas Mart.,subsp.,Itinera Geobot. 18(2): 485. 2011 [16 Jul 2011] ,,,,,11,triacanthos,Brot.,,f,t,,,,,,,Rivas Mart.@8423-1@1@aut$Spach@9939-1@2@bas,Brot.@16584-1@1@aut,,comb. et stat. nov.,,1.1,f,genista~triacanthosscorpioides,leguminosaegenista~triacanthosscorpioides,363,wfo-1200119127,,subspecies,,,,
urn:lsid:ipni.org:names:77381453-1,(Cambess.) Rivas Mart.,Leguminosae Genista lucida Cambess.,(Cambess.),496151-1,,,18(2): 486,,,,,,,,,,,,12/06/2026 13:36,12/06/2026 13:36,,,Leguminosae,Genista tricuspidata subsp. lucida,Genista tricuspidata subsp. lucida,Genista,,f,f,,,,,lucida,,,,,,,,,,,,,,,,,,,,,,,,496420-1,Itinera Geobot.,urn:lsid:ipni.org:publications:20000055-1,2011,2011 [16 Jul 2011],[16 Jul 2011],Rivas Mart.,subsp.,Itinera Geobot. 18(2): 486. 2011 [16 Jul 2011] ,,,,,11,tricuspidata,Desf.,,f,t,,,,,,,Cambess.@1370-1@2@bas$Rivas Mart.@8423-1@1@aut,Desf.@17958-1@1@aut,,comb. et stat. nov.,,1.1,f,genista~tricuspidatalucida,leguminosaegenista~tricuspidatalucida,364,wfo-1200119128,,subspecies,,,,
urn:lsid:ipni.org:names:77381454-1,(G.López) Rivas Mart.,Globulariaceae Globularia repens Lam. subsp. borjae G.López,(G.López),891604-1,,,18(2): 486,,,,,,,,,,,,12/06/2026 13:42,12/06/2026 13:42,,,Globulariaceae,Globularia cordifolia subsp. borjae,Globularia cordifolia subsp. borjae,Globularia,,f,f,,,,,borjae,,,,,,,,,,,,,,,,,,,,,,,,813062-1,Itinera Geobot.,urn:lsid:ipni.org:publications:20000055-1,2011,2011 [16 Jul 2011],[16 Jul 2011],Rivas Mart.,subsp.,Itinera Geobot. 18(2): 486. 2011 [16 Jul 2011] ,,,,,11,cordifolia,L.,,f,t,,,,,,,Rivas Mart.@8423-1@1@aut$G.López@14799-1@2@bas,L.@12653-1@1@aut,,comb. nov.,,1.1,f,globularia~cordifoliaborjae,globulariaceaeglobularia~cordifoliaborjae,365,wfo-1200119129,,subspecies,,,,
urn:lsid:ipni.org:names:77381455-1,(McAll.) Rivas Mart.,Araliaceae Hedera maderensis K.Koch ex A.Rutherf. subsp. iberica McAll.,(McAll.),973015-1,,,18(2): 486,,,,,,,,,,,,12/06/2026 13:44,12/06/2026 13:44,,,Araliaceae,Hedera iberica,Hedera iberica,Hedera,,f,f,,,,,,20010529-1,,,,,,,,,isonym,,isonym,,,,,,,,,,,,30070080-2,Itinera Geobot.,urn:lsid:ipni.org:publications:20000055-1,2011,2011 [16 Jul 2011],[16 Jul 2011],Rivas Mart.,spec.,Itinera Geobot. 18(2): 486. 2011 [16 Jul 2011] ,,,,,13,iberica,,,f,t,,,,,,,McAll.@36235-1@2@bas$Rivas Mart.@8423-1@1@aut,,,comb. et stat. nov.,,1.1,f,hedera~iberica,araliaceaehedera~iberica~,366,wfo-1200119130,,species,,,,
urn:lsid:ipni.org:names:77381456-1,(McAll.) Rivas Mart.,Araliaceae Hedera helix L. subsp. rhizomatifera McAll.,(McAll.),973013-1,,,18(2): 486,,,,,,,,,,,,12/06/2026 13:45,12/06/2026 13:45,,,Araliaceae,Hedera rhizomatifera,Hedera rhizomatifera,Hedera,,f,f,,,,,,77063980-1,,,,,,,,,isonym,,isonym,,,,,,,,,,,,30070080-2,Itinera Geobot.,urn:lsid:ipni.org:publications:20000055-1,2011,2011 [16 Jul 2011],[16 Jul 2011],Rivas Mart.,spec.,Itinera Geobot. 18(2): 486. 2011 [16 Jul 2011] ,,,,,13,rhizomatifera,,,f,t,,,,,,,Rivas Mart.@8423-1@1@aut$McAll.@36235-1@2@bas,,,comb. et stat. nov.,,1.1,f,hedera~rhizomatifera,araliaceaehedera~rhizomatifera~,367,wfo-1200119131,,species,,,,
urn:lsid:ipni.org:names:77381457-1,"(Alcaraz, Peinado & Mart.Parras) Rivas Mart. & Alcaraz","Cistaceae Helianthemum marminorense Alcaraz, Peinado & Mart.Parras","(Alcaraz, Peinado & Mart.Parras)",77090489-1,,,18(2): 486,,,,,,,,,,,,12/06/2026 13:51,12/06/2026 13:51,,,Cistaceae,Helianthemum violaceum subsp. marminorense,Helianthemum violaceum subsp. marminorense,Helianthemum,,f,f,,,,,marminorense,,,,,,,,,,,,,,,,,,,,,,,,169244-1,Itinera Geobot.,urn:lsid:ipni.org:publications:20000055-1,2011,2011 [16 Jul 2011],[16 Jul 2011],Rivas Mart. & Alcaraz,subsp.,Itinera Geobot. 18(2): 486. 2011 [16 Jul 2011] ,,,,,11,violaceum,(Cav.) Pers.,,f,t,,,,,,,Mart.Parras@22971-1@5@bas$Alcaraz@30756-1@3@bas$Peinado@24692-1@4@bas$Alcaraz@30756-1@2@aut$Rivas Mart.@8423-1@1@aut,Cav.@1465-1@2@bas$Pers.@24750-1@1@aut,,comb. et stat. nov.,,1.1,f,helianthemum~violaceummarminorense,cistaceaehelianthemum~violaceummarminorense,368,wfo-1200119045,,subspecies,,,,
urn:lsid:ipni.org:names:77381458-1,Lange,,,,,,2: 59,,,,,,,,,,,,12/06/2026 14:04,15/06/2026 12:09,,,Asteraceae,Helichrysum stoechas var. maritimum,Helichrysum stoechas var. maritimum,Helichrysum,,f,f,,,,,maritimum,,,,,,,,,,,,,,,,,,,,,,,,213364-1,Prodr. Fl. Hispan.,urn:lsid:ipni.org:publications:1047-2,1865,1865 [Dec 1865],[Dec 1865],Lange,var.,Prodr. Fl. Hispan. 2: 59. 1865 [Dec 1865] ,,,,,8,stoechas,(L.) Moench,,f,t,,,,,,,Lange@5261-1@1@aut,Moench@23510-1@1@aut$L.@12653-1@2@bas,,tax. nov.,,1.2,f,helichrysum~stoechasmaritimum,asteraceaehelichrysum~stoechasmaritimum,369,wfo-1200119046,,variety,,,,
urn:lsid:ipni.org:names:77381459-1,Soca,,,,,,295: 2,,5,,4,,RS.2002.421,2002,,R.Soca,,,12/06/2026 14:16,12/06/2026 14:16,"France (France, Southwestern Europe, Europe)",,Orchidaceae,Ophrys × turricellae,Ophrys × turricellae,Ophrys,,t,f,"647898-1,77301951-1","(Ophrys forestieri (Rchb.f.) Lojac. × Ophrys marzuola (Geniez, Melki & Soca) Soca)",,,,,,,,,"Languedoc-Roussillon, Pyrénées-Orientales, Torreilles, Camps de la Ribera",,,,,,,,,,,,,,,,,,30162-1,Carnets Bot.,urn:lsid:ipni.org:publications:20027545-1,2026,2026 [15 Mar 2026],[15 Mar 2026],Soca,spec.,Carnets Bot. 295: 2. 2026 [15 Mar 2026] ,,"doi:10.34971/75Q9-6W47 Etymology: the hybrid epithet is named for the village of Torrelles, where it was first discovered.",,,11,turricellae,,,f,t,,holotype FI,,,,,Soca@37067-1@1@aut,,,tax. nov.,,1.1,f,ophrys~turricellae,orchidaceaeophrys~turricellae~,370,wfo-1000090816,,species,,,,
urn:lsid:ipni.org:names:77381460-1,Soca,,,,,,295: 3,,26,,3,,RS.2023.400,2023,,R.Soca,,,12/06/2026 14:31,12/06/2026 15:08,"France (France, Southwestern Europe, Europe)",,Orchidaceae,Ophrys × monfreidiana,Ophrys × monfreidiana,Ophrys,,t,f,"648125-1,647898-1",(Ophrys speculum Link × Ophrys forestieri (Rchb.f.) Lojac.),,,,,,,,,"Languedoc, Aude, Leucate, plateau au-dessus de La Franqui, La Gardiole, 31T 0502680 4750015, 10 m",,,,,,,,,,,,,,,,,,30162-1,Carnets Bot.,urn:lsid:ipni.org:publications:20027545-1,2026,2026 [15 Mar 2026],[15 Mar 2026],Soca,spec.,Carnets Bot. 295: 3. 2026 [15 Mar 2026] ,,"doi:10.34971/75Q9-6W47 Etymology: the hybrid epithet is named in honour of Henry Léon Romain de Monfreid (1879-1974), who was an adventurer and writer.",,,11,monfreidiana,,,f,t,,holotype FI,,,,,Soca@37067-1@1@aut,,,tax. nov.,,1.2,f,ophrys~monfreidiana,orchidaceaeophrys~monfreidiana~,371,wfo-1000090817,,species,,,,
urn:lsid:ipni.org:names:77381461-1,Rouy,,,,,,8: 192,,,,,,,,,,,,12/06/2026 14:36,15/06/2026 12:10,,,Asteraceae,Helichrysum stoechas var. maritimum,Helichrysum stoechas var. maritimum,Helichrysum,,f,f,,,,,maritimum,,77381458-1,,,,,,,,nom. illeg. later homonym,,nom. illeg.,,,,,,,,,,,,213364-1,Fl. France [Rouy & Foucaud],urn:lsid:ipni.org:publications:17517-2,1903,1903 [Apr 1903],[Apr 1903],Rouy,var.,Fl. France [Rouy & Foucaud] 8: 192. 1903 [Apr 1903] ,,,213020-1,,10,stoechas,(L.) Moench,,f,t,,,,,,,Rouy@8674-1@1@aut,Moench@23510-1@1@aut$L.@12653-1@2@bas,,nom. et stat. nov.,,1.3,f,helichrysum~stoechasmaritimum,asteraceaehelichrysum~stoechasmaritimum,372,wfo-1200119132,,variety,,,,
urn:lsid:ipni.org:names:77381462-1,(Lange) Rivas Mart.,Asteraceae Helichrysum stoechas (L.) Moench var. maritimum Lange,(Lange),77381458-1,,,18(2): 486,,,,,,,,,,,,12/06/2026 14:38,12/06/2026 14:38,,,Asteraceae,Helichrysum stoechas subsp. maritimum,Helichrysum stoechas subsp. maritimum,Helichrysum,,f,f,,,,,maritimum,,,,,,,,,,,,,,,,,,,,,,,,213382-1,Itinera Geobot.,urn:lsid:ipni.org:publications:20000055-1,2011,2011 [16 Jul 2011],[16 Jul 2011],Rivas Mart.,subsp.,Itinera Geobot. 18(2): 486. 2011 [16 Jul 2011] ,,,,,11,stoechas,(L.) DC.,,f,t,,,,,,,Rivas Mart.@8423-1@1@aut$Lange@5261-1@2@bas,DC.@16855-1@1@aut,,stat. nov.,,1.1,f,helichrysum~stoechasmaritimum,asteraceaehelichrysum~stoechasmaritimum,373,wfo-1200119133,,subspecies,,,,
urn:lsid:ipni.org:names:77381463-1,Soca,,,,,,295: 4,,29,,3,,RS.2023.406,2023,,R.Soca,,,12/06/2026 14:50,12/06/2026 14:50,"France (France, Southwestern Europe, Europe)",,Orchidaceae,Ophrys × ruscinii,Ophrys × ruscinii,Ophrys,,t,f,"77301951-1,647971-1","(Ophrys marzuola (Geniez, Melki & Soca) Soca × Ophrys litigiosa Camus)",,,,,,,,,"Languedoc, Gard, Rousson, Valat de Pradinou, oliveraie, 31T 0592045 4895605, 244 m",,,,,,,,,,,,,,,,,,30162-1,Carnets Bot.,urn:lsid:ipni.org:publications:20027545-1,2026,2026 [15 Mar 2026],[15 Mar 2026],Soca,spec.,Carnets Bot. 295: 4. 2026 [15 Mar 2026] ,,doi:10.34971/75Q9-6W47,,,11,ruscinii,,,f,t,,holotype FI,,,,,Soca@37067-1@1@aut,,,tax. nov.,,1.1,f,ophrys~ruscinii,orchidaceaeophrys~ruscinii~,374,wfo-1000090818,,species,,,,
urn:lsid:ipni.org:names:77381464-1,Soca,,,,,,295: 6,,3,,4,,RS.2021.400,2021,,R.Soca,,,12/06/2026 14:57,12/06/2026 14:57,"France (France, Southwestern Europe, Europe)",,Orchidaceae,Ophrys × ripisaltisiana,Ophrys × ripisaltisiana,Ophrys,,t,f,"648106-1,77301951-1","(Ophrys scolopax Cav. × Ophrys marzuola (Geniez, Melki & Soca) Soca)",,,,,,,,,"Languedoc. Pyrénées-Orientales, Rivesaltes, 31T 0489543 4737861, 43 m",,,,,,,,,,,,,,,,,,30162-1,Carnets Bot.,urn:lsid:ipni.org:publications:20027545-1,2026,2026 [15 Mar 2026],[15 Mar 2026],Soca,spec.,Carnets Bot. 295: 6. 2026 [15 Mar 2026] ,,doi:10.34971/75Q9-6W47,,,11,ripisaltisiana,,,f,t,,holotype FI,,,,,Soca@37067-1@1@aut,,,tax. nov.,,1.1,f,ophrys~ripisaltisiana,orchidaceaeophrys~ripisaltisiana~,375,wfo-1000090819,,species,,,,
urn:lsid:ipni.org:names:77381465-1,Soca,,,,,,295: 7,,4,,4,,RS.2022.400,2022,,R.Soca,,,12/06/2026 15:03,12/06/2026 15:03,"France (France, Southwestern Europe, Europe)",,Orchidaceae,Ophrys × gardiolensis,Ophrys × gardiolensis,Ophrys,,t,f,"648125-1,77301951-1","(Ophrys speculum Link × Ophrys marzuola (Geniez, Melki & Soca) Soca)",,,,,,,,,"Languedoc, Aude, Leucate, plateau au-dessus de La Franqui, La Gardiole, 31T 0502000 4753204, 53 m",,,,,,,,,,,,,,,,,,30162-1,Carnets Bot.,urn:lsid:ipni.org:publications:20027545-1,2026,2026 [15 Mar 2026],[15 Mar 2026],Soca,spec.,Carnets Bot. 295: 7. 2026 [15 Mar 2026] ,,doi:10.34971/75Q9-6W47 Etymology: the hybrid epithet is named for the type locality.,,,11,gardiolensis,,,f,t,,holotype FI,,,,,Soca@37067-1@1@aut,,,tax. nov.,,1.1,f,ophrys~gardiolensis,orchidaceaeophrys~gardiolensis~,376,wfo-1000090820,,species,,,,
urn:lsid:ipni.org:names:77381466-1,Soca,,,,,,295: 8,,3,,4,,RS.2024.399,2024,,R.Soca,,,12/06/2026 15:07,12/06/2026 15:07,"France (France, Southwestern Europe, Europe)",,Orchidaceae,Ophrys burgaragii,Ophrys burgaragii,Ophrys,,f,f,"1006082-1,648125-1",(Ophrys massiliensis Viglione & Véla × Ophrys speculum Link),,,,,,,,,"Languedoc, Aude, Bugarach, pentes sud-ouest du pech de Bugarach, 31T 448076 4745566, 610 m",,,,,,,,,,,,,,,,,,30162-1,Carnets Bot.,urn:lsid:ipni.org:publications:20027545-1,2026,2026 [15 Mar 2026],[15 Mar 2026],Soca,spec.,Carnets Bot. 295: 8. 2026 [15 Mar 2026] ,,doi:10.34971/75Q9-6W47,,,11,burgaragii,,,f,t,,holotype FI,,,,,Soca@37067-1@1@aut,,,tax. nov.,,1.1,f,ophrys~burgaragii,orchidaceaeophrys~burgaragii~,377,wfo-1000090821,,species,,,,
urn:lsid:ipni.org:names:77381467-1,(Boiss. & Heldr.) Ertuğrul,Brassicaceae Aethionema cardiophyllum Boiss. & Heldr.,(Boiss. & Heldr.),277170-1,,,50(2): 204,,,,,,,,,,,,12/06/2026 16:37,12/06/2026 16:37,,,Brassicaceae,Aethionema cordatum subsp. cardiophyllum,Aethionema cordatum subsp. cardiophyllum,Aethionema,,f,f,,,,,cardiophyllum,,,,,,,,,,,,,,,,,,,,,,,,277175-1,Turk. J. Bot.,urn:lsid:ipni.org:publications:20002547-2,2025,2025 [11 Nov 2025],[11 Nov 2025],Ertuğrul,subsp.,Turk. J. Bot. 50(2): 204. 2025 [11 Nov 2025] ,,doi:10.55730/1300-008X.2895,,,11,cordatum,Boiss.,,f,t,,,,,,,Boiss.@16284-1@2@bas$Ertuğrul@38423-1@1@aut$Heldr.@3803-1@3@bas,Boiss.@16284-1@1@aut,,comb. et stat. nov.,,1.1,f,aethionema~cordatumcardiophyllum,brassicaceaeaethionema~cordatumcardiophyllum,378,wfo-1200119047,,subspecies,,,,
urn:lsid:ipni.org:names:77381468-1,(Freyn) Ertuğrul,Brassicaceae Aethionema latifolium Freyn,(Freyn),277200-1,,,50(2): 204,,,,,,,,,,,,12/06/2026 16:42,12/06/2026 16:42,,,Brassicaceae,Aethionema stylosum subsp. latifolium,Aethionema stylosum subsp. latifolium,Aethionema,,f,f,,,,,latifolium,,,,,,,,,,,,,,,,,,,,,,,,277244-1,Turk. J. Bot.,urn:lsid:ipni.org:publications:20002547-2,2025,2025 [11 Nov 2025],[11 Nov 2025],Ertuğrul,subsp.,Turk. J. Bot. 50(2): 204. 2025 [11 Nov 2025] ,,doi:10.55730/1300-008X.2895,,,11,stylosum,DC.,,f,t,,,,,,,Freyn@2901-1@2@bas$Ertuğrul@38423-1@1@aut,DC.@16855-1@1@aut,,comb. et stat. nov.,,1.1,f,aethionema~stylosumlatifolium,brassicaceaeaethionema~stylosumlatifolium,379,wfo-1200119048,,subspecies,,,,
urn:lsid:ipni.org:names:77381469-1,(Yıld.) Ertuğrul,Brassicaceae Aethionema dincii Yıld.,(Yıld.),77162658-1,,,50(2): 205,,,,,,,,,,,,12/06/2026 16:44,12/06/2026 16:44,,,Brassicaceae,Aethionema schistosum subsp. dincii,Aethionema schistosum subsp. dincii,Aethionema,,f,f,,,,,dincii,,,,,,,,,,,,,,,,,,,,,,,,277236-1,Turk. J. Bot.,urn:lsid:ipni.org:publications:20002547-2,2025,2025 [11 Nov 2025],[11 Nov 2025],Ertuğrul,subsp.,Turk. J. Bot. 50(2): 205. 2025 [11 Nov 2025] ,,doi:10.55730/1300-008X.2895,,,11,schistosum,Boiss. & Kotschy,,f,t,,,,,,,Yıld.@29003-1@2@bas$Ertuğrul@38423-1@1@aut,Kotschy@4989-1@2@aut$Boiss.@16284-1@1@aut,,comb. et stat. nov.,,1.1,f,aethionema~schistosumdincii,brassicaceaeaethionema~schistosumdincii,380,wfo-1200119049,,subspecies,,,,
urn:lsid:ipni.org:names:77381470-1,Marcusso & E.F.Guim.,,,,,,78[early view]: [3 of 7],,26,,1,,1911,2001,,V.F.Kinupp &amp; F.J.N.Pereira,,,12/06/2026 20:04,13/06/2026 10:31,"Amazonas (Brazil North, Brazil, Southern America)",,Piperaceae,Piper naiadense,Piper naiadense,Piper,,f,f,,,,,,,,,,,"Manaus, Reserva Florestal Adolpho Ducke, igarapé Bolívia",,,,,,,,,,,,,,,,,,326982-2,Brittonia,urn:lsid:ipni.org:publications:561-2,2026,2026 [12 Jun 2026],[12 Jun 2026],Marcusso & E.F.Guim.,spec.,Brittonia 78[early view]: [3 of 7]. 2026 [12 Jun 2026] ,,"doi:10.1007/s12228-026-09888-9 [english] Etymology: name refers to the Naiades, the nymphs from Greek mythology, as well as the name that Martius used to refer to the Amazon region in the first phytogeographical description of the Brazilian territory",,,11,naiadense,,,f,t,,holotype INPA 0002365;isotype RB,,,,,E.F.Guim.@3468-1@2@aut$Marcusso@20045137-1@1@aut,,,tax. nov.,,1.3,f,piper~naiadense,piperaceaepiper~naiadense~,381,wfo-1000090822,,species,,,,
urn:lsid:ipni.org:names:77381471-1,Marcusso & E.F.Guim.,,,,,,78[early view]: [4 of 7],,2,,7,,334,1996,,P.A.C.L.Assunção,,,12/06/2026 20:06,13/06/2026 10:35,"Amazonas (Brazil North, Brazil, Southern America)",W,Piperaceae,Piper paulobocanum,Piper paulobocanum,Piper,,f,f,,,,,,,,2,53,,"Manaus, Rodovia Manaus-Itacoatiara, Reserva Florestal Adolpho Ducke, km 26",59,58,,,,,,,S,,,,,,,,,326982-2,Brittonia,urn:lsid:ipni.org:publications:561-2,2026,2026 [12 Jun 2026],[12 Jun 2026],Marcusso & E.F.Guim.,spec.,Brittonia 78[early view]: [4 of 7]. 2026 [12 Jun 2026] ,,"doi:10.1007/s12228-026-09888-9 [english] Etymology: named in honour of Paulo Apóstolo Costa Lima Assunção (1956–2021), known as 'Paulo Boca', a collector and parataxonomist who trained countless students, botanists, and ecologists and collected the type specimen.",,,11,paulobocanum,,,f,t,,holotype INPA 0001236;isotype INPA 0004234,,,,,E.F.Guim.@3468-1@2@aut$Marcusso@20045137-1@1@aut,,,tax. nov.,,1.3,f,piper~paulobocanum,piperaceaepiper~paulobocanum~,382,wfo-1000090823,,species,,,,
urn:lsid:ipni.org:names:77381473-1,Vásquez & R.Rojas,,,,,,63(1): 203,,8,19,8,8,12980,2025,2025,"R.Rojas, R. Vásquez, J. Flores, R. García, G. Maytan, E. Bautista, H. Vargas y Y. Pérez",,,13/06/2026 01:23,15/06/2026 08:40,"Peru (Western South America, Southern America)",,Actinidiaceae,Saurauia vanderwerffii,Saurauia vanderwerffii,Saurauia,,f,f,,,,,,,,,,,"Dpto. Junín: Prov. Chanchamayo, Dist. Pichanaki. Bosque de Protección Pui Pui, sector valle Antay, 1968-2032 m",,,,,,,,,,,,,,,,,,327992-2,Lilloa,urn:lsid:ipni.org:publications:1250-2,2026,2026 [7 Jun 2026],[7 Jun 2026],Vásquez & R.Rojas,spec.,Lilloa 63(1): 203. 2026 [7 Jun 2026] ,,"doi:10.30550/j.lil/2361 [english] Etymology: name refers to Henk van der Werff, one of the most influential contemporary botanists, Curator Emeritus and Deputy Director of Research at the Missouri Botanical Garden.",,,11,vanderwerffii,,,f,t,,holotype HOXA 094632;isotype MO;isotype USM,,,,,R.Rojas@20012370-2@2@aut$Vásquez@36418-1@1@aut,,,tax. nov.,,1.3,f,saurauia~vanderwerffii,actinidiaceaesaurauia~vanderwerffii~,383,wfo-1000090824,,species,,,,
urn:lsid:ipni.org:names:77381474-1,(A.DC.) Zabel,Fagaceae Quercus coccinea  var. rugelii A.DC.,(A.DC.),215704-2,,,68,,,,,,,,,,,,13/06/2026 22:30,15/06/2026 14:57,,,Fagaceae,Quercus × rugelii,Quercus × rugelii,Quercus,,t,f,"359933-1,295964-1",(Quercus palustris Münchh. × Quercus coccinea Wangenh.),,,,,,,,,,,,,,,,,,,,,,,,,,,325819-2,Handb. Laubholzben. [Beissner & al.],urn:lsid:ipni.org:publications:8445-2,1903,1903 [Jun-Jul 1903],[Jun-Jul 1903],Zabel,spec.,Handb. Laubholzben. [Beissner & al.] 68. 1903 [Jun-Jul 1903] ,,"Etymology: Rugel, plant collector: https://plants.jstor.org/stable/10.5555/al.ap.person.bm000078729",,,11,rugelii,,,f,t,,,,,,,A.DC.@2064-1@2@bas$Zabel@11966-1@1@aut,,,comb. et stat. nov.,,1.3,f,quercus~rugelii,fagaceaequercus~rugelii~,384,wfo-1000090825,,species,,,,
urn:lsid:ipni.org:names:77381475-1,Fonseca-Cortés & L.P.Queiroz,,,,,,[early view]: [13 of 18],,,,,,,,,,,,14/06/2026 11:58,15/06/2026 08:54,,,Leguminosae,Macropsychanthus sect. Eduleae,Macropsychanthus sect. Eduleae,Macropsychanthus,,f,f,,,,eduleae,,,,,,,,,,,,,,,,,,,,,,,,,22863-1,Bot. J. Linn. Soc.,urn:lsid:ipni.org:publications:1172-2,2026,2026 [19 May 2026],[19 May 2026],Fonseca-Cortés & L.P.Queiroz,sect.,Bot. J. Linn. Soc. [early view]: [13 of 18]. 2026 [19 May 2026] ,,doi:10.1093/botlinnean/boag018 [english],,,8,,,,f,t,,,Macropsychanthus edulis (Kulhm.) L.P.Queiroz & Snak,,,,Fonseca-Cortés@20046985-1@1@aut$L.P.Queiroz@17837-1@2@aut,,,tax. nov.,,1.3,f,macropsychanthuseduleae,leguminosaemacropsychanthuseduleae~~,385,wfo-1000090826,,section,,,,
urn:lsid:ipni.org:names:77381476-1,Fonseca-Cortés & L.P.Queiroz,,,,,,[early view]: [14 of 18],,,,,,,,,,,,14/06/2026 12:02,15/06/2026 08:55,,,Leguminosae,Macropsychanthus sect. Malacocarpeae,Macropsychanthus sect. Malacocarpeae,Macropsychanthus,,f,f,,,,malacocarpeae,,,,,,,,,,,,,,,,,,,,,,,,,22863-1,Bot. J. Linn. Soc.,urn:lsid:ipni.org:publications:1172-2,2026,2026 [19 May 2026],[19 May 2026],Fonseca-Cortés & L.P.Queiroz,sect.,Bot. J. Linn. Soc. [early view]: [14 of 18]. 2026 [19 May 2026] ,,doi:10.1093/botlinnean/boag018,,,8,,,,f,t,,,Macropsychanthus malacocarpus (Ducke) L.P.Queiroz & Snak,,,,L.P.Queiroz@17837-1@2@aut$Fonseca-Cortés@20046985-1@1@aut,,,tax. nov.,,1.3,f,macropsychanthusmalacocarpeae,leguminosaemacropsychanthusmalacocarpeae~~,386,wfo-1000090827,,section,,,,
urn:lsid:ipni.org:names:77381477-1,Fonseca-Cortés & L.P.Queiroz,,,,,,[early view]: [14 of 18],,,,,,,,,,,,14/06/2026 12:04,15/06/2026 08:56,,,Leguminosae,Macropsychanthus sect. Megacarpeae,Macropsychanthus sect. Megacarpeae,Macropsychanthus,,f,f,,,,megacarpeae,,,,,,,,,,,,,,,,,,,,,,,,,22863-1,Bot. J. Linn. Soc.,urn:lsid:ipni.org:publications:1172-2,2026,2026 [19 May 2026],[19 May 2026],Fonseca-Cortés & L.P.Queiroz,sect.,Bot. J. Linn. Soc. [early view]: [14 of 18]. 2026 [19 May 2026] ,,doi:10.1093/botlinnean/boag018 [english],,,8,,,,f,t,,,Macropsychanthus megacarpus (Rolfe) L.P.Queiroz & Snak,,,,L.P.Queiroz@17837-1@2@aut$Fonseca-Cortés@20046985-1@1@aut,,,tax. nov.,,1.3,f,macropsychanthusmegacarpeae,leguminosaemacropsychanthusmegacarpeae~~,387,wfo-1000090828,,section,,,,
urn:lsid:ipni.org:names:77381478-1,Fonseca-Cortés & L.P.Queiroz,,,,,,[early view]: [14 of 18],,,,,,,,,,,,14/06/2026 12:05,15/06/2026 08:57,,,Leguminosae,Macropsychanthus sect. Obscureae,Macropsychanthus sect. Obscureae,Macropsychanthus,,f,f,,,,obscureae,,,,,,,,,,,,,,,,,,,,,,,,,22863-1,Bot. J. Linn. Soc.,urn:lsid:ipni.org:publications:1172-2,2026,2026 [19 May 2026],[19 May 2026],Fonseca-Cortés & L.P.Queiroz,sect.,Bot. J. Linn. Soc. [early view]: [14 of 18]. 2026 [19 May 2026] ,,doi:10.1093/botlinnean/boag018,,,8,,,,f,t,,,Macropsychanthus obscurus Fonseca-Cortés,,,,Fonseca-Cortés@20046985-1@1@aut$L.P.Queiroz@17837-1@2@aut,,,tax. nov.,,1.3,f,macropsychanthusobscureae,leguminosaemacropsychanthusobscureae~~,388,wfo-1000090829,,section,,,,
urn:lsid:ipni.org:names:77381479-1,Fonseca-Cortés & L.P.Queiroz,,,,,,[early view]: [14 of 18],,,,,,,,,,,,14/06/2026 12:06,15/06/2026 08:58,,,Leguminosae,Macropsychanthus sect. Sclerocarpeae,Macropsychanthus sect. Sclerocarpeae,Macropsychanthus,,f,f,,,,sclerocarpeae,,,,,,,,,,,,,,,,,,,,,,,,,22863-1,Bot. J. Linn. Soc.,urn:lsid:ipni.org:publications:1172-2,2026,2026 [19 May 2026],[19 May 2026],Fonseca-Cortés & L.P.Queiroz,sect.,Bot. J. Linn. Soc. [early view]: [14 of 18]. 2026 [19 May 2026] ,,doi:10.1093/botlinnean/boag018 [english],,,8,,,,f,t,,,Macropsychanthus sclerocarpus (Ducke) L.P.Queiroz & Snak,,,,L.P.Queiroz@17837-1@2@aut$Fonseca-Cortés@20046985-1@1@aut,,,tax. nov.,,1.3,f,macropsychanthussclerocarpeae,leguminosaemacropsychanthussclerocarpeae~~,389,wfo-1000090830,,section,,,,
urn:lsid:ipni.org:names:77381480-1,"Li Bing Zhang, Liang Zhang & Pollawatn",,,,,,[early view]: [14 of 23],,,,,,,,,,,,14/06/2026 12:27,15/06/2026 09:09,,,Polypodiaceae,Coumariphylla,Coumariphylla,Coumariphylla,,f,f,,,,,,,,,,,,,,,,,,,,,,,,,,,,,30000471-2,J. Syst. Evol.,urn:lsid:ipni.org:publications:20009150-1,2026,2026 [8 Jun 2026],[8 Jun 2026],"Li Bing Zhang, Liang Zhang & Pollawatn",gen.,J. Syst. Evol. [early view]: [14 of 23]. 2026 [8 Jun 2026] ,,"doi:10.1111/jse.70077 [english] Etymology: name from 'coumari‐', coumarin, and the Greek ending '‐phylla', ‐leaved, referring to the smell of coumarin of the leaves when dry.",,,9,,,,f,t,17176340-1,,,,,,Li Bing Zhang@36529-1@1@aut$Pollawatn@20031197-1@3@aut$Liang Zhang@20021435-1@2@aut,,,tax. nov.,,1.3,f,coumariphylla,polypodiaceaecoumariphylla~~~,390,wfo-4100006658,,genus,,,,
urn:lsid:ipni.org:names:77381481-1,Li Bing Zhang & Liang Zhang,,,,,,[early view]: [17 of 23],,,,,,,,,,,,14/06/2026 12:29,15/06/2026 09:15,,,Polypodiaceae,× Phymatomeris,× Phymatomeris,Phymatomeris,,t,t,"50426197-2,17447410-1",(Arthromeris (T.Moore) J.Sm. × Phymatopteris Pic.Serm.),,,,,,,,,,,,,,,,,,,,,,,,,,,30000471-2,J. Syst. Evol.,urn:lsid:ipni.org:publications:20009150-1,2026,2026 [8 Jun 2026],[8 Jun 2026],Li Bing Zhang & Liang Zhang,gen.,J. Syst. Evol. [early view]: [17 of 23]. 2026 [8 Jun 2026] ,,doi:10.1111/jse.70077 [english] Etymology: a combination of 'phymato‐' (from Phymatopteris) and '‐meris' (from Arthromeris).,,,8,,,,f,t,,,,,,,Li Bing Zhang@36529-1@1@aut$Liang Zhang@20021435-1@2@aut,,,tax. nov.,,1.3,f,phymatomeris,polypodiaceaephymatomeris~~~,391,wfo-4100006659,,genus,,,,
urn:lsid:ipni.org:names:77381482-1,"Li Bing Zhang, Liang Zhang & N.T.Lu",,,,,,[early view]: [21 of 23],,,,,,,,,,,,14/06/2026 12:34,15/06/2026 09:19,,,Polypodiaceae,Vietiglossa,Vietiglossa,Vietiglossa,,f,f,,,,,,,,,,,,,,,,,,,,,,,,,,,,,30000471-2,J. Syst. Evol.,urn:lsid:ipni.org:publications:20009150-1,2026,2026 [8 Jun 2026],[8 Jun 2026],"Li Bing Zhang, Liang Zhang & N.T.Lu",gen.,J. Syst. Evol. [early view]: [21 of 23]. 2026 [8 Jun 2026] ,,"doi:10.1111/jse.70077 [english] Etymology: name from 'vieti‐', Vietnam, and the Greek ending '‐glossa', ‐tongued, referring to the simple and tongue-shaped lamina.",,,9,,,,f,t,17348270-1,,,,,,N.T.Lu@20027070-1@3@aut$Liang Zhang@20021435-1@2@aut$Li Bing Zhang@36529-1@1@aut,,,tax. nov.,,1.3,f,vietiglossa,polypodiaceaevietiglossa~~~,392,wfo-4100006660,,genus,,,,
urn:lsid:ipni.org:names:77381584-1,Serebryanyi,,,,,,[early view]: [13 of 18],,24,,6,,s.n.,1901,,P.Krylov,,,15/06/2026 09:33,15/06/2026 14:26,"Altay (Siberia, Asia-Temperate)",,Ranunculaceae,Trollius elpasianus,Trollius elpasianus,Trollius,,f,f,,,,,,,,,,,Altai. Summer snowy peaks within the river Achik upstream,,,,,,,,,,,,,,,,,,33259-1,Bot. J. Linn. Soc.,urn:lsid:ipni.org:publications:1172-2,2026,2026 [5 May 2026],[5 May 2026],Serebryanyi,spec.,Bot. J. Linn. Soc. [early view]: [13 of 18]. 2026 [5 May 2026] ,,"doi:10.1093/botlinnean/boag040 [english] Etymology: An abbreviation of the first name, patronymic and surname of Lydia Sergievskaya (TK).",,,11,elpasianus,,,f,t,,holotype TK 006602,,,,,Serebryanyi@36481-1@1@aut,,,tax. nov.,,1.3,f,trollius~elpasianus,ranunculaceaetrollius~elpasianus~,393,wfo-1000090831,,species,,,,
urn:lsid:ipni.org:names:77381585-1,"(Schltr.) Cai F.Zhang, G.W.Hu & Q.F.Wang",Orchidaceae Habenaria montis-elgon Schltr.,(Schltr.),637731-1,,,4: 133,,,,,,,,,,,,15/06/2026 10:19,15/06/2026 10:19,,,Orchidaceae,Habenaria crocea subsp. montis-elgon,Habenaria crocea subsp. montis-elgon,Habenaria,,f,f,,,,,montis-elgon,,,,,,,,,,,,,,,,,,,,,,,,637088-1,Fl. Kenya,urn:lsid:ipni.org:publications:20043617-1,2025,2025 [18 Apr 2025],[18 Apr 2025],"Cai F.Zhang, G.W.Hu & Q.F.Wang",subsp.,Fl. Kenya 4: 133. 2025 [18 Apr 2025] ,,"Date and page number from the gift-book edition of this publication, published 18 Apr 2025. This name can also be found on page 144 of the 1st ed. 2nd printing, published 24 Apr 2026.",,,11,crocea,C.Schweinf. ex Rchb.f.,,f,t,,,,,,,G.W.Hu@20012505-1@2@aut$Schltr.@9117-1@4@bas$Cai F.Zhang@20024013-1@1@aut$Q.F.Wang@40374-1@3@aut,Rchb.f.@8254-1@2@autEx$C.Schweinf.@9366-1@1@aut,,comb. et stat. nov.,,1.1,f,habenaria~croceamontis-elgon,orchidaceaehabenaria~croceamontis-elgon,394,wfo-1200119050,,subspecies,,,,
urn:lsid:ipni.org:names:77381586-1,(Kameyama) I.Darbysh. & Comito,Acanthaceae Lepidagathis callistachys Kameyama,(Kameyama),77095782-1,,,44(1): 10,,,,,,,,,,,,15/06/2026 10:56,15/06/2026 11:02,,,Acanthaceae,Lophostachys callistachys,Lophostachys callistachys,Lophostachys,,f,f,,,,,,,,,,,,,,,,,,,,,,,,,,,,,717-1,Aliso,urn:lsid:ipni.org:publications:834-2,2026,2026 [25 May 2026],[25 May 2026],I.Darbysh. & Comito,spec.,Aliso 44(1): 10. 2026 [25 May 2026] ,,doi:10.5642/aliso.ZBTX9645,,,11,callistachys,,,f,t,,,,,,,Comito@20099366-1@2@aut$Kameyama@36782-1@3@bas$I.Darbysh.@20004449-2@1@aut,,,comb. nov.,,1.3,f,lophostachys~callistachys,acanthaceaelophostachys~callistachys~,395,wfo-1000090832,,species,,,,
urn:lsid:ipni.org:names:77381587-1,(Kameyama) I.Darbysh. & Comito,Acanthaceae Lepidagathis cuneiformis Kameyama,(Kameyama),77095783-1,,,44(1): 10,,,,,,,,,,,,15/06/2026 10:56,15/06/2026 11:40,,,Acanthaceae,Lophostachys cuneiformis,Lophostachys cuneiformis,Lophostachys,,f,f,,,,,,,,,,,,,,,,,,,,,,,,,,,,,717-1,Aliso,urn:lsid:ipni.org:publications:834-2,2026,2026 [25 May 2026],[25 May 2026],I.Darbysh. & Comito,spec.,Aliso 44(1): 10. 2026 [25 May 2026] ,,doi:10.5642/aliso.ZBTX9645,,,11,cuneiformis,,,f,t,,,,,,,I.Darbysh.@20004449-2@1@aut$Comito@20099366-1@2@aut$Kameyama@36782-1@3@bas,,,comb. nov.,,1.3,f,lophostachys~cuneiformis,acanthaceaelophostachys~cuneiformis~,396,wfo-1000090833,,species,,,,
urn:lsid:ipni.org:names:77381588-1,(Kameyama) I.Darbysh. & Comito,Acanthaceae Lepidagathis meridionalis Kameyama,(Kameyama),77095784-1,,,44(1): 10,,,,,,,,,,,,15/06/2026 10:56,15/06/2026 11:43,,,Acanthaceae,Lophostachys meridionalis,Lophostachys meridionalis,Lophostachys,,f,f,,,,,,,,,,,,,,,,,,,,,,,,,,,,,717-1,Aliso,urn:lsid:ipni.org:publications:834-2,2026,2026 [25 May 2026],[25 May 2026],I.Darbysh. & Comito,spec.,Aliso 44(1): 10. 2026 [25 May 2026] ,,doi:10.5642/aliso.ZBTX9645,,,11,meridionalis,,,f,t,,,,,,,Kameyama@36782-1@3@bas$I.Darbysh.@20004449-2@1@aut$Comito@20099366-1@2@aut,,,comb. nov.,,1.3,f,lophostachys~meridionalis,acanthaceaelophostachys~meridionalis~,397,wfo-1000090834,,species,,,,
urn:lsid:ipni.org:names:77381589-1,(Cruz Durán & J.Jiménez Ram.) I.Darbysh. & Comito,Acanthaceae Lepidagathis danielii Cruz Durán & J.Jiménez Ram.,(Cruz Durán & J.Jiménez Ram.),60457764-2,,,44(1): 10,,,,,,,,,,,,15/06/2026 10:56,15/06/2026 11:42,,,Acanthaceae,Lophostachys danielii,Lophostachys danielii,Lophostachys,,f,f,,,,,,,,,,,,,,,,,,,,,,,,,,,,,717-1,Aliso,urn:lsid:ipni.org:publications:834-2,2026,2026 [25 May 2026],[25 May 2026],I.Darbysh. & Comito,spec.,Aliso 44(1): 10. 2026 [25 May 2026] ,,doi:10.5642/aliso.ZBTX9645,,,11,danielii,,,f,t,,,,,,,J.Jiménez Ram.@35624-1@4@bas$I.Darbysh.@20004449-2@1@aut$Comito@20099366-1@2@aut$Cruz Durán@39614-1@3@bas,,,comb. nov.,,1.3,f,lophostachys~danielii,acanthaceaelophostachys~danielii~,398,wfo-1000090835,,species,,,,
urn:lsid:ipni.org:names:77381590-1,(Kameyama) I.Darbysh. & Comito,Acanthaceae Lepidagathis paraensis Kameyama,(Kameyama),77095785-1,,,44(1): 10,,,,,,,,,,,,15/06/2026 10:57,15/06/2026 11:44,,,Acanthaceae,Lophostachys paraensis,Lophostachys paraensis,Lophostachys,,f,f,,,,,,,,,,,,,,,,,,,,,,,,,,,,,717-1,Aliso,urn:lsid:ipni.org:publications:834-2,2026,2026 [25 May 2026],[25 May 2026],I.Darbysh. & Comito,spec.,Aliso 44(1): 10. 2026 [25 May 2026] ,,doi:10.5642/aliso.ZBTX9645,,,11,paraensis,,,f,t,,,,,,,Comito@20099366-1@2@aut$I.Darbysh.@20004449-2@1@aut$Kameyama@36782-1@3@bas,,,comb. nov.,,1.3,f,lophostachys~paraensis,acanthaceaelophostachys~paraensis~,399,wfo-1000090836,,species,,,,
urn:lsid:ipni.org:names:77381591-1,(Kameyama) I.Darbysh. & Comito,Acanthaceae Lepidagathis wasshausenii Kameyama,(Kameyama),77095786-1,,,44(1): 10,,,,,,,,,,,,15/06/2026 10:57,15/06/2026 11:45,,,Acanthaceae,Lophostachys wasshausenii,Lophostachys wasshausenii,Lophostachys,,f,f,,,,,,,,,,,,,,,,,,,,,,,,,,,,,717-1,Aliso,urn:lsid:ipni.org:publications:834-2,2026,2026 [25 May 2026],[25 May 2026],I.Darbysh. & Comito,spec.,Aliso 44(1): 10. 2026 [25 May 2026] ,,doi:10.5642/aliso.ZBTX9645,,,11,wasshausenii,,,f,t,,,,,,,Comito@20099366-1@2@aut$I.Darbysh.@20004449-2@1@aut$Kameyama@36782-1@3@bas,,,comb. nov.,,1.3,f,lophostachys~wasshausenii,acanthaceaelophostachys~wasshausenii~,400,wfo-1000090837,,species,,,,
urn:lsid:ipni.org:names:77381592-1,(C.B.Clarke) I.Darbysh. & Comito,Acanthaceae Lepidagathis angustifolia C.B.Clarke,(C.B.Clarke),51955-1,,,44(1): 10,,,,,,,,,,,,15/06/2026 10:57,15/06/2026 11:47,,,Acanthaceae,Lophostachys angustifolia,Lophostachys angustifolia,Lophostachys,,f,f,,,,,,,,,,,,,,,,,,,,,,,,,,,,,717-1,Aliso,urn:lsid:ipni.org:publications:834-2,2026,2026 [25 May 2026],[25 May 2026],I.Darbysh. & Comito,spec.,Aliso 44(1): 10. 2026 [25 May 2026] ,,doi:10.5642/aliso.ZBTX9645,,,11,angustifolia,,,f,t,,,,,,,I.Darbysh.@20004449-2@1@aut$Comito@20099366-1@2@aut$C.B.Clarke@1669-1@3@bas,,,comb. nov.,,1.3,f,lophostachys~angustifolia,acanthaceaelophostachys~angustifolia~,401,wfo-1000090838,,species,,,,
urn:lsid:ipni.org:names:77381593-1,(A.Rich.) I.Darbysh. & Comito,Acanthaceae Lepidagathis glandulosa A.Rich.,(A.Rich.),77381620-1,,,44(1): 10,,,,,,,,,,,,15/06/2026 10:57,15/06/2026 14:30,,,Acanthaceae,Lophostachys glandulosa,Lophostachys glandulosa,Lophostachys,,f,f,,,,,,,,,,,,,,,,,,,,,,,,,,,,,717-1,Aliso,urn:lsid:ipni.org:publications:834-2,2026,2026 [25 May 2026],[25 May 2026],I.Darbysh. & Comito,spec.,Aliso 44(1): 10. 2026 [25 May 2026] ,,doi:10.5642/aliso.ZBTX9645,,,11,glandulosa,,,f,t,,,,,,,A.Rich.@8349-1@3@bas$I.Darbysh.@20004449-2@1@aut$Comito@20099366-1@2@aut,,,comb. nov.,,1.4,f,lophostachys~glandulosa,acanthaceaelophostachys~glandulosa~,402,wfo-1000090839,,species,,,,
urn:lsid:ipni.org:names:77381594-1,(Nees) I.Darbysh. & Comito,Acanthaceae Lepidagathis riedeliana Nees,(Nees),52085-1,,,44(1): 7,,,,,,,,,,,,15/06/2026 10:57,15/06/2026 11:01,,,Acanthaceae,Acanthura riedeliana,Acanthura riedeliana,Acanthura,,f,f,,,,,,,,,,,,,,,,,,,,,,,,,,,,,343-1,Aliso,urn:lsid:ipni.org:publications:834-2,2026,2026 [25 May 2026],[25 May 2026],I.Darbysh. & Comito,spec.,Aliso 44(1): 7. 2026 [25 May 2026] ,,doi:10.5642/aliso.ZBTX9645,,,11,riedeliana,,,f,t,,,,,,,I.Darbysh.@20004449-2@1@aut$Nees@6888-1@3@bas$Comito@20099366-1@2@aut,,,comb. nov.,,1.3,f,acanthura~riedeliana,acanthaceaeacanthura~riedeliana~,403,wfo-1000090840,,species,,,,
urn:lsid:ipni.org:names:77381595-1,(S.Moore) I.Darbysh. & Comito,Acanthaceae Lepidagathis gossweileri S.Moore,(S.Moore),52010-1,,,44(1): 10,,,,,,,,,,,,15/06/2026 10:57,15/06/2026 11:58,,,Acanthaceae,Lophostachys gossweileri,Lophostachys gossweileri,Lophostachys,,f,f,,,,,,,,,,,,,,,,,,,,,,,,,,,,,717-1,Aliso,urn:lsid:ipni.org:publications:834-2,2026,2026 [25 May 2026],[25 May 2026],I.Darbysh. & Comito,spec.,Aliso 44(1): 10. 2026 [25 May 2026] ,,doi:10.5642/aliso.ZBTX9645,,,11,gossweileri,,,f,t,,,,,,,Comito@20099366-1@2@aut$S.Moore@6622-1@3@bas$I.Darbysh.@20004449-2@1@aut,,,comb. nov.,,1.3,f,lophostachys~gossweileri,acanthaceaelophostachys~gossweileri~,404,wfo-1000090841,,species,,,,
urn:lsid:ipni.org:names:77381596-1,(Benoist) I.Darbysh. & Comito,Acanthaceae Lepidagathis grandidieri Benoist,(Benoist),52011-1,,,44(1): 10,,,,,,,,,,,,15/06/2026 10:57,15/06/2026 11:59,,,Acanthaceae,Lophostachys grandidieri,Lophostachys grandidieri,Lophostachys,,f,f,,,,,,,,,,,,,,,,,,,,,,,,,,,,,717-1,Aliso,urn:lsid:ipni.org:publications:834-2,2026,2026 [25 May 2026],[25 May 2026],I.Darbysh. & Comito,spec.,Aliso 44(1): 10. 2026 [25 May 2026] ,,doi:10.5642/aliso.ZBTX9645,,,11,grandidieri,,,f,t,,,,,,,Comito@20099366-1@2@aut$Benoist@659-1@3@bas$I.Darbysh.@20004449-2@1@aut,,,comb. nov.,,1.3,f,lophostachys~grandidieri,acanthaceaelophostachys~grandidieri~,405,wfo-1000090842,,species,,,,
urn:lsid:ipni.org:names:77381597-1,(Lindau) I.Darbysh. & Comito,Acanthaceae Lepidagathis macrochila Lindau,(Lindau),52045-1,,,44(1): 10,,,,,,,,,,,,15/06/2026 10:57,15/06/2026 12:01,,,Acanthaceae,Lophostachys macrochila,Lophostachys macrochila,Lophostachys,,f,f,,,,,,,,,,,,,,,,,,,,,,,,,,,,,717-1,Aliso,urn:lsid:ipni.org:publications:834-2,2026,2026 [25 May 2026],[25 May 2026],I.Darbysh. & Comito,spec.,Aliso 44(1): 10. 2026 [25 May 2026] ,,doi:10.5642/aliso.ZBTX9645,,,11,macrochila,,,f,t,,,,,,,Comito@20099366-1@2@aut$Lindau@22365-1@3@bas$I.Darbysh.@20004449-2@1@aut,,,comb. nov.,,1.3,f,lophostachys~macrochila,acanthaceaelophostachys~macrochila~,406,wfo-1000090843,,species,,,,
urn:lsid:ipni.org:names:77381598-1,(Benoist) I.Darbysh. & Comito,Acanthaceae Lepidagathis madagascariensis Benoist,(Benoist),52046-1,,,44(1): 11,,,,,,,,,,,,15/06/2026 10:57,15/06/2026 12:03,,,Acanthaceae,Lophostachys madagascariensis,Lophostachys madagascariensis,Lophostachys,,f,f,,,,,,,,,,,,,,,,,,,,,,,,,,,,,717-1,Aliso,urn:lsid:ipni.org:publications:834-2,2026,2026 [25 May 2026],[25 May 2026],I.Darbysh. & Comito,spec.,Aliso 44(1): 11. 2026 [25 May 2026] ,,doi:10.5642/aliso.ZBTX9645,,,11,madagascariensis,,,f,t,,,,,,,I.Darbysh.@20004449-2@1@aut$Benoist@659-1@3@bas$Comito@20099366-1@2@aut,,,comb. nov.,,1.3,f,lophostachys~madagascariensis,acanthaceaelophostachys~madagascariensis~,407,wfo-1000090844,,species,,,,
urn:lsid:ipni.org:names:77381599-1,(Benoist) I.Darbysh. & Comito,Acanthaceae Lepidagathis mucida Benoist,(Benoist),52054-1,,,44(1): 11,,,,,,,,,,,,15/06/2026 10:57,15/06/2026 12:04,,,Acanthaceae,Lophostachys mucida,Lophostachys mucida,Lophostachys,,f,f,,,,,,,,,,,,,,,,,,,,,,,,,,,,,717-1,Aliso,urn:lsid:ipni.org:publications:834-2,2026,2026 [25 May 2026],[25 May 2026],I.Darbysh. & Comito,spec.,Aliso 44(1): 11. 2026 [25 May 2026] ,,doi:10.5642/aliso.ZBTX9645,,,11,mucida,,,f,t,,,,,,,Comito@20099366-1@2@aut$Benoist@659-1@3@bas$I.Darbysh.@20004449-2@1@aut,,,comb. nov.,,1.3,f,lophostachys~mucida,acanthaceaelophostachys~mucida~,408,wfo-1000090845,,species,,,,
urn:lsid:ipni.org:names:77381600-1,(C.B.Clarke) I.Darbysh. & Comito,Acanthaceae Lepidagathis scabra C.B.Clarke,(C.B.Clarke),52095-1,,,44(1): 11,,,,,,,,,,,,15/06/2026 10:57,15/06/2026 12:13,,,Acanthaceae,Lophostachys scabra,Lophostachys scabra,Lophostachys,,f,f,,,,,,,,,,,,,,,,,,,,,,,,,,,,,717-1,Aliso,urn:lsid:ipni.org:publications:834-2,2026,2026 [25 May 2026],[25 May 2026],I.Darbysh. & Comito,spec.,Aliso 44(1): 11. 2026 [25 May 2026] ,,doi:10.5642/aliso.ZBTX9645,,,11,scabra,,,f,t,,,,,,,C.B.Clarke@1669-1@3@bas$Comito@20099366-1@2@aut$I.Darbysh.@20004449-2@1@aut,,,comb. nov.,,1.3,f,lophostachys~scabra,acanthaceaelophostachys~scabra~,409,wfo-1000090846,,species,,,,
urn:lsid:ipni.org:names:77381601-1,(J.B.Imlay) I.Darbysh. & Comito,Acanthaceae Lepidagathis dissimilis J.B.Imlay,(J.B.Imlay),51993-1,,,44(1): 12,,,,,,,,,,,,15/06/2026 10:57,15/06/2026 12:23,,,Acanthaceae,Lophostachys dissimilis,Lophostachys dissimilis,Lophostachys,,f,f,,,,,,,,,,,,,,,,,,,,,,,,,,,,,717-1,Aliso,urn:lsid:ipni.org:publications:834-2,2026,2026 [25 May 2026],[25 May 2026],I.Darbysh. & Comito,spec.,Aliso 44(1): 12. 2026 [25 May 2026] ,,doi:10.5642/aliso.ZBTX9645,,,11,dissimilis,,,f,t,,,,,,,J.B.Imlay@4289-1@3@bas$I.Darbysh.@20004449-2@1@aut$Comito@20099366-1@2@aut,,,comb. nov.,,1.3,f,lophostachys~dissimilis,acanthaceaelophostachys~dissimilis~,410,wfo-1000090847,,species,,,,
urn:lsid:ipni.org:names:77381602-1,(Ensermu) I.Darbysh. & Comito,Acanthaceae Lepidagathis pseudoaristata Ensermu,(Ensermu),77098515-1,,,44(1): 11,,,,,,,,,,,,15/06/2026 10:57,15/06/2026 12:12,,,Acanthaceae,Lophostachys pseudoaristata,Lophostachys pseudoaristata,Lophostachys,,f,f,,,,,,,,,,,,,,,,,,,,,,,,,,,,,717-1,Aliso,urn:lsid:ipni.org:publications:834-2,2026,2026 [25 May 2026],[25 May 2026],I.Darbysh. & Comito,spec.,Aliso 44(1): 11. 2026 [25 May 2026] ,,doi:10.5642/aliso.ZBTX9645,,,11,pseudoaristata,,,f,t,,,,,,,Ensermu@14302-1@3@bas$Comito@20099366-1@2@aut$I.Darbysh.@20004449-2@1@aut,,,comb. nov.,,1.3,f,lophostachys~pseudoaristata,acanthaceaelophostachys~pseudoaristata~,411,wfo-1000090848,,species,,,,
urn:lsid:ipni.org:names:77381603-1,(S.Moore) I.Darbysh. & Comito,Acanthaceae Lepidagathis nemorosa S.Moore,(S.Moore),52059-1,,,44(1): 11,,,,,,,,,,,,15/06/2026 10:57,15/06/2026 12:05,,,Acanthaceae,Lophostachys nemorosa,Lophostachys nemorosa,Lophostachys,,f,f,,,,,,,,,,,,,,,,,,,,,,,,,,,,,717-1,Aliso,urn:lsid:ipni.org:publications:834-2,2026,2026 [25 May 2026],[25 May 2026],I.Darbysh. & Comito,spec.,Aliso 44(1): 11. 2026 [25 May 2026] ,,doi:10.5642/aliso.ZBTX9645,,,11,nemorosa,,,f,t,,,,,,,S.Moore@6622-1@3@bas$Comito@20099366-1@2@aut$I.Darbysh.@20004449-2@1@aut,,,comb. nov.,,1.3,f,lophostachys~nemorosa,acanthaceaelophostachys~nemorosa~,412,wfo-1000090849,,species,,,,
urn:lsid:ipni.org:names:77381604-1,(Mildbr.) I.Darbysh. & Comito,Acanthaceae Lepidagathis plantaginea Mildbr.,(Mildbr.),52074-1,,,44(1): 11,,,,,,,,,,,,15/06/2026 10:57,15/06/2026 12:11,,,Acanthaceae,Lophostachys plantaginea,Lophostachys plantaginea,Lophostachys,,f,f,,,,,,,,,,,,,,,,,,,,,,,,,,,,,717-1,Aliso,urn:lsid:ipni.org:publications:834-2,2026,2026 [25 May 2026],[25 May 2026],I.Darbysh. & Comito,spec.,Aliso 44(1): 11. 2026 [25 May 2026] ,,doi:10.5642/aliso.ZBTX9645,,,11,plantaginea,,,f,t,,,,,,,Comito@20099366-1@2@aut$Mildbr.@6468-1@3@bas$I.Darbysh.@20004449-2@1@aut,,,comb. nov.,,1.3,f,lophostachys~plantaginea,acanthaceaelophostachys~plantaginea~,413,wfo-1000090850,,species,,,,
urn:lsid:ipni.org:names:77381605-1,(S.Moore) I.Darbysh. & Comito,Acanthaceae Lepidagathis pallescens S.Moore,(S.Moore),52064-1,,,44(1): 11,,,,,,,,,,,,15/06/2026 10:57,15/06/2026 12:06,,,Acanthaceae,Lophostachys pallescens,Lophostachys pallescens,Lophostachys,,f,f,,,,,,,,,,,,,,,,,,,,,,,,,,,,,717-1,Aliso,urn:lsid:ipni.org:publications:834-2,2026,2026 [25 May 2026],[25 May 2026],I.Darbysh. & Comito,spec.,Aliso 44(1): 11. 2026 [25 May 2026] ,,doi:10.5642/aliso.ZBTX9645,,,11,pallescens,,,f,t,,,,,,,S.Moore@6622-1@3@bas$Comito@20099366-1@2@aut$I.Darbysh.@20004449-2@1@aut,,,comb. nov.,,1.3,f,lophostachys~pallescens,acanthaceaelophostachys~pallescens~,414,wfo-1000090851,,species,,,,
urn:lsid:ipni.org:names:77381606-1,(Benoist) I.Darbysh. & Comito,Acanthaceae Lepidagathis perrieri Benoist,(Benoist),52071-1,,,44(1): 11,,,,,,,,,,,,15/06/2026 10:57,15/06/2026 12:09,,,Acanthaceae,Lophostachys perrieri,Lophostachys perrieri,Lophostachys,,f,f,,,,,,,,,,,,,,,,,,,,,,,,,,,,,717-1,Aliso,urn:lsid:ipni.org:publications:834-2,2026,2026 [25 May 2026],[25 May 2026],I.Darbysh. & Comito,spec.,Aliso 44(1): 11. 2026 [25 May 2026] ,,doi:10.5642/aliso.ZBTX9645,,,11,perrieri,,,f,t,,,,,,,Comito@20099366-1@2@aut$Benoist@659-1@3@bas$I.Darbysh.@20004449-2@1@aut,,,comb. nov.,,1.3,f,lophostachys~perrieri,acanthaceaelophostachys~perrieri~,415,wfo-1000090852,,species,,,,
urn:lsid:ipni.org:names:77381607-1,(Nees) I.Darbysh. & Comito,Acanthaceae Lepidagathis dulcis Nees,(Nees),51995-1,,,44(1): 12,,,,,,,,,,,,15/06/2026 10:57,15/06/2026 12:24,,,Acanthaceae,Lophostachys dulcis,Lophostachys dulcis,Lophostachys,,f,f,,,,,,,,,,,,,,,,,,,,,,,,,,,,,717-1,Aliso,urn:lsid:ipni.org:publications:834-2,2026,2026 [25 May 2026],[25 May 2026],I.Darbysh. & Comito,spec.,Aliso 44(1): 12. 2026 [25 May 2026] ,,doi:10.5642/aliso.ZBTX9645,,,11,dulcis,,,f,t,,,,,,,I.Darbysh.@20004449-2@1@aut$Nees@6888-1@3@bas$Comito@20099366-1@2@aut,,,comb. nov.,,1.3,f,lophostachys~dulcis,acanthaceaelophostachys~dulcis~,416,wfo-1000090853,,species,,,,
urn:lsid:ipni.org:names:77381608-1,I.Darbysh. & Comito,,,,,,44(1): 11,,,,,,,,,,,,15/06/2026 10:57,15/06/2026 12:17,,,Acanthaceae,Lophostachys somaliana,Lophostachys somaliana,Lophostachys,,f,f,,,,,,,,,,,,,,,,,,,,,,,,,,,,,717-1,Aliso,urn:lsid:ipni.org:publications:834-2,2026,2026 [25 May 2026],[25 May 2026],I.Darbysh. & Comito,spec.,Aliso 44(1): 11. 2026 [25 May 2026] ,,doi:10.5642/aliso.ZBTX9645 non Lophostachys villosa Pohl in Pl. Bras. Icon. Descr. ii. 94. t. 161. 1831.,974790-1,,9,somaliana,,,f,t,,,,,,,I.Darbysh.@20004449-2@1@aut$Comito@20099366-1@2@aut,,,nom. nov.,,1.3,f,lophostachys~somaliana,acanthaceaelophostachys~somaliana~,417,wfo-1000090854,,species,,,,
urn:lsid:ipni.org:names:77381609-1,(Hochst. ex DC.) I.Darbysh. & Comito,Acanthaceae Lepidagathis calycina Hochst. ex DC.,(Hochst. ex DC.),51970-1,,,44(1): 11,,,,,,,,,,,,15/06/2026 10:57,15/06/2026 12:21,,,Acanthaceae,Lophostachys calycina,Lophostachys calycina,Lophostachys,,f,f,,,,,,,,,,,,,,,,,,,,,,,,,,,,,717-1,Aliso,urn:lsid:ipni.org:publications:834-2,2026,2026 [25 May 2026],[25 May 2026],I.Darbysh. & Comito,spec.,Aliso 44(1): 11. 2026 [25 May 2026] ,,doi:10.5642/aliso.ZBTX9645,,,11,calycina,,,f,t,,,,,,,I.Darbysh.@20004449-2@1@aut$DC.@16855-1@4@basEx$Comito@20099366-1@2@aut$Hochst.@3983-1@3@bas,,,comb. nov.,,1.3,f,lophostachys~calycina,acanthaceaelophostachys~calycina~,418,wfo-1000090855,,species,,,,
urn:lsid:ipni.org:names:77381610-1,(Benoist) I.Darbysh. & Comito,Acanthaceae Lepidagathis vulpina Benoist,(Benoist),52133-1,,,44(1): 11,,,,,,,,,,,,15/06/2026 10:57,15/06/2026 12:18,,,Acanthaceae,Lophostachys vulpina,Lophostachys vulpina,Lophostachys,,f,f,,,,,,,,,,,,,,,,,,,,,,,,,,,,,717-1,Aliso,urn:lsid:ipni.org:publications:834-2,2026,2026 [25 May 2026],[25 May 2026],I.Darbysh. & Comito,spec.,Aliso 44(1): 11. 2026 [25 May 2026] ,,doi:10.5642/aliso.ZBTX9645,,,11,vulpina,,,f,t,,,,,,,Comito@20099366-1@2@aut$Benoist@659-1@3@bas$I.Darbysh.@20004449-2@1@aut,,,comb. nov.,,1.3,f,lophostachys~vulpina,acanthaceaelophostachys~vulpina~,419,wfo-1000090856,,species,,,,
urn:lsid:ipni.org:names:77381611-1,(Nees) I.Darbysh. & Gnanasek.,Acanthaceae Lepidagathis scariosa Nees,(Nees),52096-1,,,44(1): 11,,,,,,,,,,,,15/06/2026 10:57,15/06/2026 12:22,,,Acanthaceae,Lophostachys scariosa,Lophostachys scariosa,Lophostachys,,f,f,,,,,,,,,,,,,,,,,,,,,,,,,,,,,717-1,Aliso,urn:lsid:ipni.org:publications:834-2,2026,2026 [25 May 2026],[25 May 2026],I.Darbysh. & Gnanasek.,spec.,Aliso 44(1): 11. 2026 [25 May 2026] ,,doi:10.5642/aliso.ZBTX9645,,,11,scariosa,,,f,t,,,,,,,Nees@6888-1@3@bas$I.Darbysh.@20004449-2@1@aut$Gnanasek.@20029052-1@2@aut,,,comb. nov.,,1.3,f,lophostachys~scariosa,acanthaceaelophostachys~scariosa~,420,wfo-1000090857,,species,,,,
urn:lsid:ipni.org:names:77381612-1,(Rendle) I.Darbysh. & Comito,Acanthaceae Lindauea speciosa Rendle,(Rendle),52193-1,,,44(1): 11,,,,,,,,,,,,15/06/2026 10:57,15/06/2026 12:15,,,Acanthaceae,Lophostachys speciosa,Lophostachys speciosa,Lophostachys,,f,f,,,,,,,,,,,,,,,,,,,,,,,,,,,,,717-1,Aliso,urn:lsid:ipni.org:publications:834-2,2026,2026 [25 May 2026],[25 May 2026],I.Darbysh. & Comito,spec.,Aliso 44(1): 11. 2026 [25 May 2026] ,,doi:10.5642/aliso.ZBTX9645,,,11,speciosa,,,f,t,,,,,,,Rendle@8287-1@3@bas$Comito@20099366-1@2@aut$I.Darbysh.@20004449-2@1@aut,,,comb. nov.,,1.3,f,lophostachys~speciosa,acanthaceaelophostachys~speciosa~,421,wfo-1000090858,,species,,,,
urn:lsid:ipni.org:names:77381613-1,I.Darbysh. & Comito,,,,,,44(1): 12,,,,,,,,,,,,15/06/2026 10:57,15/06/2026 12:36,,,Acanthaceae,Lophostachys myanmarensis,Lophostachys myanmarensis,Lophostachys,,f,f,,,,,,,,,,,,,,,,,,,,,,,,,,,,,717-1,Aliso,urn:lsid:ipni.org:publications:834-2,2026,2026 [25 May 2026],[25 May 2026],I.Darbysh. & Comito,spec.,Aliso 44(1): 12. 2026 [25 May 2026] ,,doi:10.5642/aliso.ZBTX9645 non Lophostachys falcata Nees in Fl. Bras. (Carl F. P. von Martius) 9: 67. 1847.,52000-1,,9,myanmarensis,,,f,t,,,,,,,I.Darbysh.@20004449-2@1@aut$Comito@20099366-1@2@aut,,,nom. nov.,,1.3,f,lophostachys~myanmarensis,acanthaceaelophostachys~myanmarensis~,422,wfo-1000090859,,species,,,,
urn:lsid:ipni.org:names:77381614-1,(Nees) I.Darbysh. & Gnanasek.,Acanthaceae Lepidagathis purpuricaulis Nees,(Nees),52079-1,,,44(1): 12,,,,,,,,,,,,15/06/2026 10:57,15/06/2026 12:38,,,Acanthaceae,Lophostachys purpuricaulis,Lophostachys purpuricaulis,Lophostachys,,f,f,,,,,,,,,,,,,,,,,,,,,,,,,,,,,717-1,Aliso,urn:lsid:ipni.org:publications:834-2,2026,2026 [25 May 2026],[25 May 2026],I.Darbysh. & Gnanasek.,spec.,Aliso 44(1): 12. 2026 [25 May 2026] ,,doi:10.5642/aliso.ZBTX9645,,,11,purpuricaulis,,,f,t,,,,,,,Nees@6888-1@3@bas$I.Darbysh.@20004449-2@1@aut$Gnanasek.@20029052-1@2@aut,,,comb. nov.,,1.3,f,lophostachys~purpuricaulis,acanthaceaelophostachys~purpuricaulis~,423,wfo-1000090860,,species,,,,
urn:lsid:ipni.org:names:77381615-1,(Benoist) I.Darbysh. & Comito,Acanthaceae Lepidagathis thorelii Benoist,(Benoist),52125-1,,,44(1): 12,,,,,,,,,,,,15/06/2026 10:57,15/06/2026 12:39,,,Acanthaceae,Lophostachys thorelii,Lophostachys thorelii,Lophostachys,,f,f,,,,,,,,,,,,,,,,,,,,,,,,,,,,,717-1,Aliso,urn:lsid:ipni.org:publications:834-2,2026,2026 [25 May 2026],[25 May 2026],I.Darbysh. & Comito,spec.,Aliso 44(1): 12. 2026 [25 May 2026] ,,doi:10.5642/aliso.ZBTX9645,,,11,thorelii,,,f,t,,,,,,,I.Darbysh.@20004449-2@1@aut$Comito@20099366-1@2@aut$Benoist@659-1@3@bas,,,comb. nov.,,1.3,f,lophostachys~thorelii,acanthaceaelophostachys~thorelii~,424,wfo-1000090861,,species,,,,
urn:lsid:ipni.org:names:77381616-1,(I.Darbysh.) I.Darbysh. & Comito,Acanthaceae Lepidagathis pallescens S.Moore subsp. obtusata I.Darbysh.,(I.Darbysh.),77147123-1,,,44(1): 11,,,,,,,,,,,,15/06/2026 12:08,15/06/2026 12:08,,,Acanthaceae,Lophostachys pallescens subsp. obtusata,Lophostachys pallescens subsp. obtusata,Lophostachys,,f,f,,,,,obtusata,,,,,,,,,,,,,,,,,,,,,,,,77381605-1,Aliso,urn:lsid:ipni.org:publications:834-2,2026,2026 [25 May 2026],[25 May 2026],I.Darbysh. & Comito,subsp.,Aliso 44(1): 11. 2026 [25 May 2026] ,,doi:10.5642/aliso.ZBTX9645,,,11,pallescens,(S.Moore) I.Darbysh. & Comito,,f,t,,,,,,,Comito@20099366-1@2@aut$I.Darbysh.@20004449-2@3@bas$I.Darbysh.@20004449-2@1@aut,S.Moore@6622-1@3@bas$I.Darbysh.@20004449-2@1@aut$Comito@20099366-1@2@aut,,comb. nov.,,1.1,f,lophostachys~pallescensobtusata,acanthaceaelophostachys~pallescensobtusata,425,wfo-1200119051,,subspecies,,,,
urn:lsid:ipni.org:names:77381617-1,(Benoist) I.Darbysh. & Comito,Acanthaceae Lepidagathis vulpina Benoist var. modesta Benoist,(Benoist),77250802-1,,,44(1): 11,,,,,,,,,,,,15/06/2026 12:20,15/06/2026 12:20,,,Acanthaceae,Lophostachys vulpina var. modesta,Lophostachys vulpina var. modesta,Lophostachys,,f,f,,,,,modesta,,,,,,,,,,,,,,,,,,,,,,,,77381610-1,Aliso,urn:lsid:ipni.org:publications:834-2,2026,2026 [25 May 2026],[25 May 2026],I.Darbysh. & Comito,var.,Aliso 44(1): 11. 2026 [25 May 2026] ,,doi:10.5642/aliso.ZBTX9645,,,11,vulpina,(Benoist) I.Darbysh. & Comito,,f,t,,,,,,,Benoist@659-1@3@bas$I.Darbysh.@20004449-2@1@aut$Comito@20099366-1@2@aut,I.Darbysh.@20004449-2@1@aut$Benoist@659-1@3@bas$Comito@20099366-1@2@aut,,comb. nov.,,1.1,f,lophostachys~vulpinamodesta,acanthaceaelophostachys~vulpinamodesta,426,wfo-1200119052,,variety,,,,
urn:lsid:ipni.org:names:77381618-1,(Maire & Wilczek) Rivas Mart.,Clusiaceae Hypericum ericoides Arechav. subsp. maroccanum Maire & Wilczek,(Maire & Wilczek),77260471-1,,,18(2): 486,,,,,,,,,,,,15/06/2026 14:15,15/06/2026 14:15,,,Clusiaceae,Hypericum maroccanum,Hypericum maroccanum,Hypericum,,f,f,,,,,,,,,,,,,,,,,,,,,,,,,,,,,30002180-2,Itinera Geobot.,urn:lsid:ipni.org:publications:20000055-1,2011,2011 [16 Jul 2011],[16 Jul 2011],Rivas Mart.,spec.,Itinera Geobot. 18(2): 486. 2011 [16 Jul 2011] ,,,,,11,maroccanum,,,f,t,,,,,,,Maire@6001-1@2@bas$Wilczek@11670-1@3@bas$Rivas Mart.@8423-1@1@aut,,,comb. et stat. nov.,,1.1,f,hypericum~maroccanum,clusiaceaehypericum~maroccanum~,427,wfo-1000090862,,species,,,,
urn:lsid:ipni.org:names:77381619-1,Y.P.Ang & Langbao,,,,,,83-2102: 3,,29,,6,,ACAP57,2023,,Angiosperms of Mt. Capoas,,,15/06/2026 14:25,15/06/2026 14:25,"Philippines (Malesia, Asia-Tropical)",,Begoniaceae,Begonia matillanoae,Begonia matillanoae,Begonia,,f,f,,,,,,,,,,,"Palawan Island, Palawan Province, Municipality of Taytay, Barangay Banbanan, Malampaya Sound Protected Landscape and Seascape, 560 m",,,,,,,,,,,,,,,,,,327437-2,Edinburgh J. Bot.,urn:lsid:ipni.org:publications:12129-2,2026,2026 [3 Feb 2026],[3 Feb 2026],Y.P.Ang & Langbao,spec.,Edinburgh J. Bot. 83-2102: 3. 2026 [3 Feb 2026] ,,"doi:10.24823/EJB.2026.2102 Etymology: the specific epithet is named in honour of the late Ms. Ma. Victoria D. Matillano, a former member of the WWF and notable for her contributions to the conservation of Palawan's coral reefs and Irrawaddy Dolphins.",,,11,matillanoae,,,f,t,,holotype PNH 259231;isotype PPC 2243,,,,,Y.P.Ang@20045083-1@1@aut$Langbao@20099368-1@2@aut,,,tax. nov.,,1.1,f,begonia~matillanoae,begoniaceaebegonia~matillanoae~,428,wfo-1000090863,,species,,,,
urn:lsid:ipni.org:names:77381620-1,A.Rich.,,,,,,2: 147,,,,,,,,,,,,15/06/2026 14:29,15/06/2026 14:29,,,Acanthaceae,Lepidagathis glandulosa,Lepidagathis glandulosa,Lepidagathis,,f,f,,,,,,,,,,,,,,,,,,,,,,,,,,,,,30029079-2,Tent. Fl. Abyss.,urn:lsid:ipni.org:publications:1081-2,1850,1850,,A.Rich.,spec.,Tent. Fl. Abyss. 2: 147. 1850 ,,,,,8,glandulosa,,,f,t,,,,,,,A.Rich.@8349-1@1@aut,,,tax. nov.,,1.1,f,lepidagathis~glandulosa,acanthaceaelepidagathis~glandulosa~,429,wfo-1200119134,,species,,,,
urn:lsid:ipni.org:names:77381621-1,"M.N.Tamayo, P.W.Fritsch & Medecilo",,,,,,83-2104: 3,,22,,8,,100,2024,,Maria Melanie Medecilo-Guiang,,,15/06/2026 14:35,15/06/2026 14:35,"Philippines (Malesia, Asia-Tropical)",E,Ericaceae,Gaultheria rostrata,Gaultheria rostrata,Gaultheria,,f,f,,,,,,,,8,29,42,"Mindanao Island, Province of Bukidnon, Municipality of Impasugong, Brgy Kalabugao, 1287 m",125,6,11,,,,,,N,,,,,,,,,30002565-2,Edinburgh J. Bot.,urn:lsid:ipni.org:publications:12129-2,2026,2026 [5 May 2026],[5 May 2026],"M.N.Tamayo, P.W.Fritsch & Medecilo",spec.,Edinburgh J. Bot. 83-2104: 3. 2026 [5 May 2026] ,,doi:10.24823/EJB.2026.2104 Etymology: 'The specific epithet rostrata alludes to the morphological resemblance of the flowers of the new species to avian beaks or proboscides.',,,11,rostrata,,,f,t,,holotype PNH 271580;isotype CMUH 015821,,,,,M.N.Tamayo@20045210-1@1@aut$P.W.Fritsch@37992-1@2@aut$Medecilo@20010075-2@3@aut,,,tax. nov.,,1.1,f,gaultheria~rostrata,ericaceaegaultheria~rostrata~,430,wfo-1000090864,,species,,,,
urn:lsid:ipni.org:names:77381622-1,A.K.Halder & D.Maity,,,,,,83-2089: 6,,25,,7,,27326,2024,,"A.K.Halder, B.K.Jha &amp; S.Chakrobortty",,,15/06/2026 14:44,15/06/2026 14:44,"Sikkim (East Himalaya, Indian Subcontinent, Asia-Tropical)",,Gentianaceae,Gentiana macneilliana,Gentiana macneilliana,Gentiana,,f,f,,,,,,,,,,,"North Sikkim, Panchpokhri, 3950 m",,,,,,,,,,,,,,,,,,30001281-2,Edinburgh J. Bot.,urn:lsid:ipni.org:publications:12129-2,2026,2026 [18 May 2026],[18 May 2026],A.K.Halder & D.Maity,spec.,Edinburgh J. Bot. 83-2089: 6. 2026 [18 May 2026] ,,"doi:10.24823/EJB.2026.2089 Etymology: the specific epithet is named in honour of Dr John McNeill, a botanist at Royal Botanic Garden Edinburgh who has given much support to Indian Gentiana nomenclature.",,,11,macneilliana,,,f,t,,holotype CUH;isotype CAL;isotype CUH,,,,,A.K.Halder@20083859-1@1@aut$D.Maity@40182-1@2@aut,,,tax. nov.,,1.1,f,gentiana~macneilliana,gentianaceaegentiana~macneilliana~,431,wfo-1000090865,,species,,,,
urn:lsid:ipni.org:names:77381623-1,Jongkind,,,,,,83-2081: 6,,,,,,924,,,"van der Burgt, Motoh, Njibili &amp; Elangwe",,,15/06/2026 14:53,15/06/2026 14:53,"Cameroon (West-Central Tropical Africa, Africa)",E,Leguminosae,Duparquetia alba,Duparquetia alba,Duparquetia,,f,f,,,,,,,,4,55,20,"Southwest Region, Ndian, Besingi, south of Mundemba, near village Besingi, just downstream of high bridge over Idu river, 50 m",8,54,23,,,,,,N,,,,,,,,,17014-1,Edinburgh J. Bot.,urn:lsid:ipni.org:publications:12129-2,2026,2026 [19 May 2026],[19 May 2026],Jongkind,spec.,Edinburgh J. Bot. 83-2081: 6. 2026 [19 May 2026] ,,doi:10.24823/EJB.2026.2081 Etymology: the specific epithet refers to the white flowers.,,,11,alba,,,f,t,,holotype K K000460369;isotype MO;isotype YA;isotype WAG WAG.1634037,,,,,Jongkind@35765-1@1@aut,,,tax. nov.,,1.1,f,duparquetia~alba,leguminosaeduparquetia~alba~,432,wfo-1000090866,,species,,,,
urn:lsid:ipni.org:names:77381624-1,Jongkind,,,,,,83-2081: 8,,,,10,,2449,1987,,"Louis, Sterck &amp; Elias",,,15/06/2026 15:00,15/06/2026 15:00,"Gabon (West-Central Tropical Africa, Africa)",,Leguminosae,Duparquetia minima,Duparquetia minima,Duparquetia,,f,f,,,,,,,,,,,"West bank of Ovindo River, opposite Mayibout I, 12km from Bélinga",,,,,,,,,,,,,,,,,,17014-1,Edinburgh J. Bot.,urn:lsid:ipni.org:publications:12129-2,2026,2026 [19 May 2026],[19 May 2026],Jongkind,spec.,Edinburgh J. Bot. 83-2081: 8. 2026 [19 May 2026] ,,"doi:10.24823/EJB.2026.2081 Etymology: 'The specific epithet refers to the relatively small leaves, flowers and fruits of this species.'",,,11,minima,,,f,t,,holotype WAG WAG.1633954;isotype BR BR0000017323697;isotype K K003108572;isotype LBV;isotype MO,,,,,Jongkind@35765-1@1@aut,,,tax. nov.,,1.1,f,duparquetia~minima,leguminosaeduparquetia~minima~,433,wfo-1000090867,,species,,,,
urn:lsid:ipni.org:names:77381625-1,"Rivas Mart., T.E.Díaz & Penas",,,,,,18(2): 487,,28,,8,,,2004,,S.Rivas-Martínez,,,15/06/2026 15:01,15/06/2026 15:01,"Spain (Spain, Southwestern Europe, Europe)",,Cupressaceae,Juniperus thurifera subsp. orocantabrica,Juniperus thurifera subsp. orocantabrica,Juniperus,,f,f,,,,,orocantabrica,,,,,,"León: Mirantes de Luna, exp. SO, 1250 m",,,,,,,,,,,,,,,,,,132544-2,Itinera Geobot.,urn:lsid:ipni.org:publications:20000055-1,2011,2011 [16 Jul 2011],[16 Jul 2011],"Rivas Mart., T.E.Díaz & Penas",subsp.,Itinera Geobot. 18(2): 487. 2011 [16 Jul 2011] ,,,,,10,thurifera,L.,,f,t,,holotype MAF 168602,,,,,Penas@24701-1@3@aut$Rivas Mart.@8423-1@1@aut$T.E.Díaz@14667-1@2@aut,L.@12653-1@1@aut,,tax. nov.,,1.1,f,juniperus~thuriferaorocantabrica,cupressaceaejuniperus~thuriferaorocantabrica,434,wfo-1200119053,,subspecies,,,,
urn:lsid:ipni.org:names:77381626-1,"(Gaertn.) G.Gaertn., B.Mey. & Scherb.",Rosaceae Pyrus sorbus Gaertn.,(Gaertn.),731257-1,,,2: 214,,,,,,,,,,,,15/06/2026 15:08,15/06/2026 15:08,,,Rosaceae,Prunus sorbus,Prunus sorbus,Prunus,,f,f,,,,,,,,,,,,,,,,,,,,,,,,,,,,,30003057-2,Oekon. Fl. Wetterau,urn:lsid:ipni.org:publications:4997-2,1800,1800 [May - Jul 1800],[May - Jul 1800],"G.Gaertn., B.Mey. & Scherb.",spec.,Oekon. Fl. Wetterau 2: 214. 1800 [May - Jul 1800] ,,,,,11,sorbus,,,f,t,,,,,,,B.Mey.@6410-1@2@aut$G.Gaertn.@2975-1@1@aut$Scherb.@9057-1@3@aut$Gaertn.@2974-1@4@bas,,,comb. nov.,,1.1,f,prunus~sorbus,rosaceaeprunus~sorbus~,435,wfo-0001010048,,species,,,,
urn:lsid:ipni.org:names:77381627-1,Al-Farsi,,,,,,83-3605: 2,,12,,2,,885,2025,,A.Al-Farsi,,,15/06/2026 15:25,15/06/2026 15:25,"Oman (Arabian Peninsula, Asia-Temperate)",E,Apiaceae,Adenosciadium omanense,Adenosciadium omanense,Adenosciadium,,f,f,,,,,,,,23,12,18,"Eastern Hajar foothills, Quriyat, near Daghmar, 42 m",58,55,3,,,,,,N,,,,,,,,,39617-1,Edinburgh J. Bot.,urn:lsid:ipni.org:publications:12129-2,2026,2026 [10 Jun 2026],[10 Jun 2026],Al-Farsi,spec.,"Edinburgh J. Bot. 83-3605: 2. 2026 [10 Jun 2026] , as 'omanensis'.",", as 'omanensis'.","doi:10.24823/EJB.2026.3605 Etymology: the specific epithet refers to the Sultanate of Oman, where this species was first discovered.",,,11,omanense,,,f,t,,holotype SQUH SQUH00006894,,,,,Al-Farsi@20099369-1@1@aut,,,tax. nov.,,1.1,f,adenosciadium~omanense,apiaceaeadenosciadium~omanense~,436,wfo-1000090868,,species,,,,
urn:lsid:ipni.org:names:77381628-1,F.B.Weber,,,,,,2: 537,,,,,,,,,,,,15/06/2026 16:05,17/06/2026 12:06,,,Brassicaceae,Brassica campestris var. aestiva,Brassica campestris var. aestiva,Brassica,,f,f,,,,,aestiva,,,,,,,,,,,,,,,,,,,,,,,,30076075-2,Allg. Deutsch. Termin. Ökon. Lex. Idiot.,urn:lsid:ipni.org:publications:20064789-1,1829,1829,,F.B.Weber,var.,Allg. Deutsch. Termin. Ökon. Lex. Idiot. 2: 537. 1829 ,,Rank unspecified but considered to be that of variety as per Art. 37.4 ICN (2025).,,,8,campestris,L.,,f,t,,,,,,,F.B.Weber@20099403-1@1@aut,L.@12653-1@1@aut,,tax. nov.,,1.5,f,brassica~campestrisaestiva,brassicaceaebrassica~campestrisaestiva,437,wfo-1200119054,,variety,,,,
urn:lsid:ipni.org:names:77381629-1,F.B.Weber,,,,,,2: 662,,,,,,,,,,,,15/06/2026 16:06,17/06/2026 12:07,,,Brassicaceae,Brassica campestris var. hyberna,Brassica campestris var. hyberna,Brassica,,f,f,,,,,hyberna,,,,,,,,,,,,,,,,,,,,,,,,30076075-2,Allg. Deutsch. Termin. Ökon. Lex. Idiot.,urn:lsid:ipni.org:publications:20064789-1,1829,1829,,F.B.Weber,var.,Allg. Deutsch. Termin. Ökon. Lex. Idiot. 2: 662. 1829 ,,Rank unspecified but considered to be that of variety as per Art. 37.4 ICN (2025).,,,8,campestris,L.,,f,t,,,,,,,F.B.Weber@20099403-1@1@aut,L.@12653-1@1@aut,,tax. nov.,,1.5,f,brassica~campestrishyberna,brassicaceaebrassica~campestrishyberna,438,wfo-1200119055,,variety,,,,
urn:lsid:ipni.org:names:77381630-1,H.C.Xi & S.S.Zhou,,,,,,71(3): 499,,28,,3,,ZSS552,2025,,S.S.Zhou &amp; P.Phothisath,,,15/06/2026 16:07,17/06/2026 12:01,"Laos (Indo-China, Asia-Tropical)",E,Convallariaceae,Aspidistra vangviengensis,Aspidistra vangviengensis,Aspidistra,,f,f,,,,,,,,18,58,12,"Vientiane Province, Vang Vieng District, Phoudindeng, 372 m",102,26,24,,,,,,N,,,,,,,,,24019-1,Taiwania,urn:lsid:ipni.org:publications:2979-2,2026,2026 [28 May 2026],[28 May 2026],H.C.Xi & S.S.Zhou,spec.,Taiwania 71(3): 499. 2026 [28 May 2026] ,,doi:10.6165/tai.2026.71.499 [english] Etymology: 'The specific epithet 'vangviengensis' refers to the type locality in Vang Vieng District'.,,,11,vangviengensis,,,f,t,,holotype HITBC;isotype HITBC,,"Voucher from a plant cultivated at Biotechnology and Ecology Institute, Ministry of Agriculture and Environment, Lao PDR.",,,S.S.Zhou@20032314-1@2@aut$H.C.Xi@20041773-1@1@aut,,,tax. nov.,,1.4,f,aspidistra~vangviengensis,convallariaceaeaspidistra~vangviengensis~,439,wfo-1000090869,,species,,,,
urn:lsid:ipni.org:names:77381631-1,"(Bueno Sánchez, Fern.Casado & Fern.Prieto) Fern.Prieto & Cires","Ranunculaceae Ranunculus parnassifolius L. subsp. muniellensis Bueno Sánchez, Fern.Casado & Fern.Prieto","(Bueno Sánchez, Fern.Casado & Fern.Prieto)",965856-1,,,298(1): 136,,,,,,,,,,,,15/06/2026 16:15,15/06/2026 16:17,,,Ranunculaceae,Ranunculus cabrerensis subsp. muniellensis,Ranunculus cabrerensis subsp. muniellensis,Ranunculus,,f,f,,,,,muniellensis,,,,,,,,,,,,,,,,,,,,,,,,712378-1,Pl. Syst. Evol.,urn:lsid:ipni.org:publications:2733-2,2012,2012 [Jan 2012],[Jan 2012],Fern.Prieto & Cires,subsp.,Pl. Syst. Evol. 298(1): 136. 2012 [Jan 2012] ,,doi:10.1007/s00606-011-0529-9,,,11,cabrerensis,Rothm.,,f,t,,,,,,,Cires@20021428-1@2@aut$Fern.Prieto@18741-1@5@bas$Fern.Prieto@18741-1@1@aut$Fern.Casado@18738-1@4@bas$Bueno Sánchez@35848-1@3@bas,Rothm.@8646-1@1@aut,,comb. nov.,,1.2,f,ranunculus~cabrerensismuniellensis,ranunculaceaeranunculus~cabrerensismuniellensis,440,wfo-1200119056,,subspecies,,,,
urn:lsid:ipni.org:names:77381632-1,Danser,,,,,,"sér. 3, 8: 158",,,,,,,,,,,,15/06/2026 17:12,15/06/2026 17:12,,,Polygonaceae,Polygonum pulchrum subsp. hallieri,Polygonum pulchrum subsp. hallieri,Polygonum,,f,f,,,,,hallieri,,,,,,,,,,,,,,,,,,,,,,,,696307-1,Bull. Jard. Bot. Buitenzorg,urn:lsid:ipni.org:publications:875-2,1927,1927,,Danser,subsp.,"Bull. Jard. Bot. Buitenzorg sér. 3, 8: 158. 1927 ",,,,,8,pulchrum,Blume,,f,t,,,,,,,Danser@1992-1@1@aut,Blume@16230-1@1@aut,,tax. nov.,,1.2,f,polygonum~pulchrumhallieri,polygonaceaepolygonum~pulchrumhallieri,441,wfo-1200119057,,subspecies,,,,
urn:lsid:ipni.org:names:77381633-1,Gower,,,,,,44: 465,,,,,,,,,,,,16/06/2026 01:35,16/06/2026 12:13,,,Orchidaceae,Dendrobium phalaenopsis var. broomeanum,Dendrobium phalaenopsis var. broomeanum,Dendrobium,,f,f,,,,,broomeanum,,,,,,,,,,,,,,,,,,,,,,,,628259-1,"Garden (London, 1871-1927)",urn:lsid:ipni.org:publications:2230-2,1893,1893 [18 Nov 1893],[18 Nov 1893],Gower,var.,"Garden (London, 1871-1927) 44: 465. 1893 [18 Nov 1893] ",,"Etymology: 'Mr. Broome, of Llandudno'.",,,8,phalaenopsis,Fitzg.,,f,t,,,,,,,Gower@14006-1@1@aut,Fitzg.@0-0@1@aut,,tax. nov.,,1.3,f,dendrobium~phalaenopsisbroomeanum,orchidaceaedendrobium~phalaenopsisbroomeanum,442,wfo-1200119058,,variety,,,,
urn:lsid:ipni.org:names:77381634-1,Satthaphorn,,,,,,762(2): 198,,,,,,,,,,,,16/06/2026 06:26,16/06/2026 06:26,,,Lamiaceae,Volkameria rodriguesiana,Volkameria rodriguesiana,Volkameria,,f,f,,,,,,,,,,,,,,,,,,,,,,,,,,,,,41479-1,Phytotaxa,urn:lsid:ipni.org:publications:20011462-1,2026,2026 [16 Jun 2026],[16 Jun 2026],Satthaphorn,spec.,Phytotaxa 762(2): 198. 2026 [16 Jun 2026] ,,"doi:10.11646/phytotaxa.764.2.11 Etymology: name refers to the island of Rodrigues, to which the species is endemic.",862185-1,,9,rodriguesiana,,,f,t,,,,,,,Satthaphorn@20046641-1@1@aut,,,nom. nov.,,1.1,f,volkameria~rodriguesiana,lamiaceaevolkameria~rodriguesiana~,443,wfo-1000090870,,species,,,,
urn:lsid:ipni.org:names:77381635-1,"C.H.Nguyen, T.A.Le & C.W.Lin",,,,,,762(2): 178,,23,,4,,DD 250408,2025,,Dinh Dien,,,16/06/2026 06:32,16/06/2026 06:32,"Vietnam (Indo-China, Asia-Tropical)",E,Begoniaceae,Begonia thanhquyetii,Begonia thanhquyetii,Begonia,,f,f,,,,,,,,16,58,51,"Quang Tri province, Kim Ngan commune, 175 m",106,43,5,,,,,,N,,,,,,,,,327437-2,Phytotaxa,urn:lsid:ipni.org:publications:20011462-1,2026,2026 [16 Jun 2026],[16 Jun 2026],"C.H.Nguyen, T.A.Le & C.W.Lin",spec.,Phytotaxa 762(2): 178. 2026 [16 Jun 2026] ,,doi:10.11646/phytotaxa.764.2.8 Etymology: name honours Dr. Phan Thanh Quyet (Quang Binh University) for his contributions to biodiversity conservation in Quang Tri.,,,11,thanhquyetii,,,f,t,,holotype VNF;isotype LE;isotype VNF,,,,,T.A.Le@20031885-1@2@aut$C.H.Nguyen@20042608-1@1@aut$C.W.Lin@20027529-1@3@aut,,,tax. nov.,,1.1,f,begonia~thanhquyetii,begoniaceaebegonia~thanhquyetii~,444,wfo-1000090871,,species,,,,
urn:lsid:ipni.org:names:77381636-1,(Thwaites) Madhav & Chandore,Cyperaceae Isolepis pulchella Thwaites,(Thwaites),309516-1,,,762(2): 139,,,,,,,,,,,,16/06/2026 08:01,16/06/2026 08:01,,,Cyperaceae,Bulbostylis × pulchella,Bulbostylis × pulchella,Bulbostylis,,t,f,,,,,,,,,,,,,,,,,,,,,,,,,,,,,331160-2,Phytotaxa,urn:lsid:ipni.org:publications:20011462-1,2026,2026 [16 Jun 2026],[16 Jun 2026],Madhav & Chandore,spec.,Phytotaxa 762(2): 139. 2026 [16 Jun 2026] ,,doi:10.11646/phytotaxa.764.2.4,,,11,pulchella,,,f,t,,,,,,,Madhav@20045419-1@1@aut$Chandore@20016288-1@2@aut$Thwaites@10654-1@3@bas,,,comb. nov.,,1.1,f,bulbostylis~pulchella,cyperaceaebulbostylis~pulchella~,445,wfo-1000090872,,species,,,,
urn:lsid:ipni.org:names:77381637-1,(Boeckeler) Madhav & Chandore,Cyperaceae Scirpus thwaitesii Boeckeler,(Boeckeler),314410-1,,,762(2): 142,,,,,,,,,,,,16/06/2026 08:03,16/06/2026 08:03,,,Cyperaceae,Bulbostylis thwaitesii,Bulbostylis thwaitesii,Bulbostylis,,f,f,,,,,,,,,,,,,,,,,,,,,,,,,,,,,331160-2,Phytotaxa,urn:lsid:ipni.org:publications:20011462-1,2026,2026 [16 Jun 2026],[16 Jun 2026],Madhav & Chandore,spec.,Phytotaxa 762(2): 142. 2026 [16 Jun 2026] ,,doi:10.11646/phytotaxa.764.2.4,,,11,thwaitesii,,,f,t,,,,,,,Madhav@20045419-1@1@aut$Boeckeler@893-1@3@bas$Chandore@20016288-1@2@aut,,,comb. nov.,,1.1,f,bulbostylis~thwaitesii,cyperaceaebulbostylis~thwaitesii~,446,wfo-1000090873,,species,,,,
urn:lsid:ipni.org:names:77381638-1,"E.Restrepo, Joya & S.M.Arango",,,,,,762(2): 127,,24,,7,,575,2025,,E. Restrepo &amp; J. G. Hernández,,,16/06/2026 08:12,16/06/2026 08:12,"Colombia (Western South America, Southern America)",,Orchidaceae,Lepanthes leonmoralesii,Lepanthes leonmoralesii,Lepanthes,,f,f,,,,,,,,,,,"Norte de Santander: Chinácota, Vereda Iscalá, límites con Toledo, 2000 m",,,,,,,,,,,,,,,,,,30000786-2,Phytotaxa,urn:lsid:ipni.org:publications:20011462-1,2026,2026 [16 Jun 2026],[16 Jun 2026],"E.Restrepo, Joya & S.M.Arango",spec.,Phytotaxa 762(2): 127. 2026 [16 Jun 2026] ,,"doi:10.11646/phytotaxa.764.2.3 Etymology: name honours León Morales Soto, a retired professor at the National University of Colombia (UNAL), Medellín campus, who mentored several generations of forestry engineers.",,,11,leonmoralesii,,,f,t,,holotype JBB JBB47387,,,,,S.M.Arango@20077169-1@3@aut$E.Restrepo@20053498-1@1@aut$Joya@20099371-1@2@aut,,,tax. nov.,,1.1,f,lepanthes~leonmoralesii,orchidaceaelepanthes~leonmoralesii~,447,wfo-1000090874,,species,,,,
urn:lsid:ipni.org:names:77381639-1,"H.Y.Xu, Y.J.Guo & Y.H.Tong",,,,,,762(2): 102,,31,,5,,13CS7673,2013,,"J. Cai, E.D. Liu &amp; Y.J. Guo",,,16/06/2026 08:24,16/06/2026 08:24,"Tibet (China, Asia-Temperate)",E,Ericaceae,Vaccinium orthocalyx,Vaccinium orthocalyx,Vaccinium,,f,f,,,,,,,,29,41,11,"Xizang Autonomous Region: Medog County, 4 km away from Bolonggong to 52K, c. 2320 m",95,30,24,,,,,,N,,,,,,,,,30000401-2,Phytotaxa,urn:lsid:ipni.org:publications:20011462-1,2026,2026 [16 Jun 2026],[16 Jun 2026],"H.Y.Xu, Y.J.Guo & Y.H.Tong",spec.,Phytotaxa 762(2): 102. 2026 [16 Jun 2026] ,,doi:10.11646/phytotaxa.764.2.1 Etymology: name refers to its erect calyx lobes.,,,11,orthocalyx,,,f,t,,holotype KUN 1375397;isotype IBSC,,,,,Y.J.Guo@20042726-1@2@aut$H.Y.Xu@20099372-1@1@aut$Y.H.Tong@20023078-1@3@aut,,,tax. nov.,,1.1,f,vaccinium~orthocalyx,ericaceaevaccinium~orthocalyx~,448,wfo-1000090875,,species,,,,
urn:lsid:ipni.org:names:77381640-1,Wall. ex Mett.,,,,,,"2: 27, 109",,,,,,,,,,,,16/06/2026 08:50,16/06/2026 08:56,,,Polypodiaceae,Polypodium capitellatum,Polypodium capitellatum,Polypodium,,f,f,,,,,,,,,,,,,,,,,,,,,,,,,,,,,328197-2,Abh. Senckenberg. Naturf. Ges.,urn:lsid:ipni.org:publications:7295-2,1856,1856,,Wall. ex Mett.,spec.,"Abh. Senckenberg. Naturf. Ges. 2: 27, 109. 1856 ",,,,,8,capitellatum,,,f,t,,,,,,,Mett.@6393-1@2@autEx$Wall.@12990-1@1@aut,,,tax. nov.,,1.2,f,polypodium~capitellatum,polypodiaceaepolypodium~capitellatum~,449,wfo-1000071561,,species,,,,
urn:lsid:ipni.org:names:77381641-1,(Wall.) Li Bing Zhang & Liang Zhang,Polypodiaceae Polypodium capitellatum Wall.,(Wall.),17184860-1,,,64[early view]: [13 of 23],,,,,,,,,,,,16/06/2026 09:00,16/06/2026 09:00,,,Polypodiaceae,Arthromeris capitellata,Arthromeris capitellata,Arthromeris,,f,f,,,,,,,,,,,,,,,"nom. inval.    , basionym not validly published",,nom. inval.,,,,,,,,,,,,50426197-2,J. Syst. Evol.,urn:lsid:ipni.org:publications:20009150-1,2026,2026 [8 Jun 2026],[8 Jun 2026],Li Bing Zhang & Liang Zhang,spec.,J. Syst. Evol. 64[early view]: [13 of 23]. 2026 [8 Jun 2026] ,,"doi:10.1111/jse.70077 Basionym ref 'Polypodium capitellatum Wall.,Numer. List [Wallich] n. 306. 1829'",,,12,capitellata,,,f,t,,,,,,,Wall.@12990-1@3@bas$Li Bing Zhang@36529-1@1@aut$Liang Zhang@20021435-1@2@aut,,,comb. nov.,,1.1,f,arthromeris~capitellata,polypodiaceaearthromeris~capitellata~,450,wfo-1000090876,,species,,,,
urn:lsid:ipni.org:names:77381642-1,"Li Bing Zhang, Liang Zhang, Pollawatn & X.M.Zhou",,,,,,64[early view]: [14 of 23],,5,,7,,11027,2019,,"Li Bing Zhang, Rossarin Pallawatn, Liang Zhang, Xin‐Mao Zhou &amp; Ponpipat Limpanasittichai",,,16/06/2026 09:06,16/06/2026 09:06,"Thailand (Indo-China, Asia-Tropical)",,Polypodiaceae,Coumariphylla khaoluangensis,Coumariphylla khaoluangensis,Coumariphylla,,f,f,,,,,,,,,,,"Nakhon Si Thammarat: Phrom Khiri District, Khao Luang National Park, on the way from the second camp to the summit, 1300-1700 m",,,,,,,,,,,,,,,,,,77381480-1,J. Syst. Evol.,urn:lsid:ipni.org:publications:20009150-1,2026,2026 [8 Jun 2026],[8 Jun 2026],"Li Bing Zhang, Liang Zhang, Pollawatn & X.M.Zhou",spec.,J. Syst. Evol. 64[early view]: [14 of 23]. 2026 [8 Jun 2026] ,,"doi:10.1111/jse.70077 Etymology: name from 'khaoluang', the tallest mountain in southern Thailand, and the Latin suffix '‐ensis', of origin, referring to the type locality and the current main distribution of this species.",,,11,khaoluangensis,,,f,t,,holotype BCU;isotype CDBI;isotype KUN;isotype MO;isotype PYU;isotype XTBG,,,,,Pollawatn@20031197-1@3@aut$Liang Zhang@20021435-1@2@aut$Li Bing Zhang@36529-1@1@aut$X.M.Zhou@20021778-1@4@aut,,,tax. nov.,,1.1,f,coumariphylla~khaoluangensis,polypodiaceaecoumariphylla~khaoluangensis~,451,wfo-1000090877,,species,,,,
urn:lsid:ipni.org:names:77381643-1,"(C.Presl) Li Bing Zhang, Liang Zhang & Pollawatn",Dipteridaceae Phymatodes laciniata C.Presl,(C.Presl),17176340-1,,,64[early view]: [15 of 23],,,,,,,,,,,,16/06/2026 09:07,16/06/2026 09:07,,,Polypodiaceae,Coumariphylla laciniata,Coumariphylla laciniata,Coumariphylla,,f,f,,,,,,,,,,,,,,,,,,,,,,,,,,,,,77381480-1,J. Syst. Evol.,urn:lsid:ipni.org:publications:20009150-1,2026,2026 [8 Jun 2026],[8 Jun 2026],"Li Bing Zhang, Liang Zhang & Pollawatn",spec.,J. Syst. Evol. 64[early view]: [15 of 23]. 2026 [8 Jun 2026] ,,doi:10.1111/jse.70077,,,11,laciniata,,,f,t,,,,,,,C.Presl@25074-1@4@bas$Pollawatn@20031197-1@3@aut$Li Bing Zhang@36529-1@1@aut$Liang Zhang@20021435-1@2@aut,,,comb. nov.,,1.1,f,coumariphylla~laciniata,polypodiaceaecoumariphylla~laciniata~,452,wfo-1000090878,,species,,,,
urn:lsid:ipni.org:names:77381644-1,(Baker) Li Bing Zhang & Liang Zhang,Polypodiaceae Polypodium macrochasmum Baker,(Baker),17193880-1,,,64[early view]: [16 of 23],,,,,,,,,,,,16/06/2026 09:08,16/06/2026 09:08,,,Polypodiaceae,Coumariphylla macrochasma,Coumariphylla macrochasma,Coumariphylla,,f,f,,,,,,,,,,,,,,,,,,,,,,,,,,,,,77381480-1,J. Syst. Evol.,urn:lsid:ipni.org:publications:20009150-1,2026,2026 [8 Jun 2026],[8 Jun 2026],Li Bing Zhang & Liang Zhang,spec.,J. Syst. Evol. 64[early view]: [16 of 23]. 2026 [8 Jun 2026] ,,doi:10.1111/jse.70077,,,11,macrochasma,,,f,t,,,,,,,Li Bing Zhang@36529-1@1@aut$Baker@407-1@3@bas$Liang Zhang@20021435-1@2@aut,,,comb. nov.,,1.1,f,coumariphylla~macrochasma,polypodiaceaecoumariphylla~macrochasma~,453,wfo-1000090879,,species,,,,
urn:lsid:ipni.org:names:77381645-1,"Li Bing Zhang, Liang Zhang & Pollawatn",,,,,,64[early view]: [16 of 23],,26,,6,,5894,2000,,R. Jaman &amp; R. Cranﬁll,,,16/06/2026 09:13,16/06/2026 09:13,"Malaya (Malesia, Asia-Tropical)",,Polypodiaceae,Coumariphylla peninsulae,Coumariphylla peninsulae,Coumariphylla,,f,f,,,,,,,,,,,"Pahang: CameronHighland, Gunung Brinchang, Trail to Uda and Dara Falls",,,,,,,,,,,,,,,,,,77381480-1,J. Syst. Evol.,urn:lsid:ipni.org:publications:20009150-1,2026,2026 [8 Jun 2026],[8 Jun 2026],"Li Bing Zhang, Liang Zhang & Pollawatn",spec.,J. Syst. Evol. 64[early view]: [16 of 23]. 2026 [8 Jun 2026] ,,"doi:10.1111/jse.70077 Etymology: name from the Latin genitive noun of peninsula, referring to the type locality and the current known distribution of this species.",,,11,peninsulae,,,f,t,,holotype UC UC‐1764839,,,,,Liang Zhang@20021435-1@2@aut$Pollawatn@20031197-1@3@aut$Li Bing Zhang@36529-1@1@aut,,,tax. nov.,,1.1,f,coumariphylla~peninsulae,polypodiaceaecoumariphylla~peninsulae~,454,wfo-1000090880,,species,,,,
urn:lsid:ipni.org:names:77381646-1,(Hook.) Li Bing Zhang & Liang Zhang,Polypodiaceae Polypodium dareiforme Hook.,(Hook.),17186790-1,,,64[early view]: [17 of 23],,,,,,,,,,,,16/06/2026 09:16,16/06/2026 09:16,,,Polypodiaceae,Phymatopteris dareiformis,Phymatopteris dareiformis,Phymatopteris,,f,f,,,,,,,,,,,,,,,,,,,,,,,,,,,,,17447410-1,J. Syst. Evol.,urn:lsid:ipni.org:publications:20009150-1,2026,2026 [8 Jun 2026],[8 Jun 2026],Li Bing Zhang & Liang Zhang,spec.,J. Syst. Evol. 64[early view]: [17 of 23]. 2026 [8 Jun 2026] ,,doi:10.1111/jse.70077,,,11,dareiformis,,,f,t,,,,,,,Liang Zhang@20021435-1@2@aut$Hook.@4086-1@3@bas$Li Bing Zhang@36529-1@1@aut,,,comb. nov.,,1.1,f,phymatopteris~dareiformis,polypodiaceaephymatopteris~dareiformis~,455,wfo-1000090881,,species,,,,
urn:lsid:ipni.org:names:77381647-1,"(Tagawa) Li Bing Zhang, Ralf Knapp & Liang Zhang",Dipteridaceae Phymatodes okamotoi Tagawa,(Tagawa),17410440-1,,,64[early view]: [17 of 23],,,,,,,,,,,,16/06/2026 09:17,16/06/2026 09:17,,,Polypodiaceae,Phymatopteris okamotoi,Phymatopteris okamotoi,Phymatopteris,,f,f,,,,,,,,,,,,,,,,,,,,,,,,,,,,,17447410-1,J. Syst. Evol.,urn:lsid:ipni.org:publications:20009150-1,2026,2026 [8 Jun 2026],[8 Jun 2026],"Li Bing Zhang, Ralf Knapp & Liang Zhang",spec.,J. Syst. Evol. 64[early view]: [17 of 23]. 2026 [8 Jun 2026] ,,doi:10.1111/jse.70077,,,11,okamotoi,,,f,t,,,,,,,Tagawa@10384-1@4@bas$Liang Zhang@20021435-1@3@aut$Li Bing Zhang@36529-1@1@aut$Ralf Knapp@20017852-1@2@aut,,,comb. nov.,,1.1,f,phymatopteris~okamotoi,polypodiaceaephymatopteris~okamotoi~,456,wfo-1000090882,,species,,,,
urn:lsid:ipni.org:names:77381648-1,(Hovenkamp) Li Bing Zhang & Liang Zhang,Polypodiaceae Selliguea pui Hovenkamp,(Hovenkamp),77112446-1,,,64[early view]: [17 of 23],,,,,,,,,,,,16/06/2026 09:22,16/06/2026 09:22,,,Polypodiaceae,Phymatopteris pui,Phymatopteris pui,Phymatopteris,,f,f,,,,,,,,,,,,,,,,,,,,,,,,,,,,,17447410-1,J. Syst. Evol.,urn:lsid:ipni.org:publications:20009150-1,2026,2026 [8 Jun 2026],[8 Jun 2026],Li Bing Zhang & Liang Zhang,spec.,J. Syst. Evol. 64[early view]: [17 of 23]. 2026 [8 Jun 2026] ,,doi:10.1111/jse.70077,,,11,pui,,,f,t,,,,,,,Li Bing Zhang@36529-1@1@aut$Liang Zhang@20021435-1@2@aut$Hovenkamp@14406-1@3@bas,,,comb. nov.,,1.1,f,phymatopteris~pui,polypodiaceaephymatopteris~pui~,457,wfo-1000090883,,species,,,,
urn:lsid:ipni.org:names:77381649-1,(H.J.Wei) Li Bing Zhang & Liang Zhang,Polypodiaceae Selliguea quinquefida H.J.Wei,(H.J.Wei),77342457-1,,,64[early view]: [17 of 23],,,,,,,,,,,,16/06/2026 09:24,16/06/2026 09:24,,,Polypodiaceae,Phymatopteris quinquefida,Phymatopteris quinquefida,Phymatopteris,,f,f,,,,,,,,,,,,,,,,,,,,,,,,,,,,,17447410-1,J. Syst. Evol.,urn:lsid:ipni.org:publications:20009150-1,2026,2026 [8 Jun 2026],[8 Jun 2026],Li Bing Zhang & Liang Zhang,spec.,J. Syst. Evol. 64[early view]: [17 of 23]. 2026 [8 Jun 2026] ,,doi:10.1111/jse.70077,,,11,quinquefida,,,f,t,,,,,,,Li Bing Zhang@36529-1@1@aut$H.J.Wei@20033110-1@3@bas$Liang Zhang@20021435-1@2@aut,,,comb. nov.,,1.1,f,phymatopteris~quinquefida,polypodiaceaephymatopteris~quinquefida~,458,wfo-1000090884,,species,,,,
urn:lsid:ipni.org:names:77381650-1,"(V.N.Tu) Li Bing Zhang, Liang Zhang & N.T.Lu",Polypodiaceae Crypsinus tamdaoensis V.N.Tu,(V.N.Tu),17551270-1,,,64[early view]: [17 of 23],,,,,,,,,,,,16/06/2026 09:26,16/06/2026 09:26,,,Polypodiaceae,Phymatopteris tamdaoensis,Phymatopteris tamdaoensis,Phymatopteris,,f,f,,,,,,,,,,,,,,,,,,,,,,,,,,,,,17447410-1,J. Syst. Evol.,urn:lsid:ipni.org:publications:20009150-1,2026,2026 [8 Jun 2026],[8 Jun 2026],"Li Bing Zhang, Liang Zhang & N.T.Lu",spec.,J. Syst. Evol. 64[early view]: [17 of 23]. 2026 [8 Jun 2026] ,,doi:10.1111/jse.70077,,,11,tamdaoensis,,,f,t,,,,,,,Liang Zhang@20021435-1@2@aut$Li Bing Zhang@36529-1@1@aut$N.T.Lu@20027070-1@3@aut$V.N.Tu@34480-1@4@bas,,,comb. nov.,,1.1,f,phymatopteris~tamdaoensis,polypodiaceaephymatopteris~tamdaoensis~,459,wfo-1000090885,,species,,,,
urn:lsid:ipni.org:names:77381651-1,"(Liang Zhang, X.P.Fan & Li Bing Zhang) Li Bing Zhang & Liang Zhang","Polypodiaceae Selliguea wusugongii Liang Zhang, X.P.Fan & Li Bing Zhang","(Liang Zhang, X.P.Fan & Li Bing Zhang)",77215711-1,,,64[early view]: [17 of 23],,,,,,,,,,,,16/06/2026 09:42,16/06/2026 09:42,,,Polypodiaceae,Phymatopteris wusugongii,Phymatopteris wusugongii,Phymatopteris,,f,f,,,,,,,,,,,,,,,,,,,,,,,,,,,,,17447410-1,J. Syst. Evol.,urn:lsid:ipni.org:publications:20009150-1,2026,2026 [8 Jun 2026],[8 Jun 2026],Li Bing Zhang & Liang Zhang,spec.,J. Syst. Evol. 64[early view]: [17 of 23]. 2026 [8 Jun 2026] ,,doi:10.1111/jse.70077,,,11,wusugongii,,,f,t,,,,,,,X.P.Fan@20045208-1@4@bas$Liang Zhang@20021435-1@2@aut$Li Bing Zhang@36529-1@1@aut$Li Bing Zhang@36529-1@5@bas$Liang Zhang@20021435-1@3@bas,,,comb. nov.,,1.1,f,phymatopteris~wusugongii,polypodiaceaephymatopteris~wusugongii~,460,wfo-1000090886,,species,,,,
urn:lsid:ipni.org:names:77381652-1,"(Fraser-Jenk., Sushil K.Singh & J.Fraser-Jenk.) Li Bing Zhang & Liang Zhang","Polypodiaceae × Sellimeris khasiana Fraser-Jenk., Sushil K.Singh & J.Fraser-Jenk.","(Fraser-Jenk., Sushil K.Singh & J.Fraser-Jenk.)",77191168-1,,,64[early view]: [17 of 23],,,,,,,,,,,,16/06/2026 10:00,16/06/2026 10:00,,,Polypodiaceae,× Phymatomeris khasiana,× Phymatomeris khasiana,Phymatomeris,,f,t,,,,,,,,,,,,,,,,,,,,,,,,,,,,,77381481-1,J. Syst. Evol.,urn:lsid:ipni.org:publications:20009150-1,2026,2026 [8 Jun 2026],[8 Jun 2026],Li Bing Zhang & Liang Zhang,spec.,J. Syst. Evol. 64[early view]: [17 of 23]. 2026 [8 Jun 2026] ,,doi:10.1111/jse.70077,,,11,khasiana,,,f,t,,,,,,,Liang Zhang@20021435-1@2@aut$Sushil K.Singh@20016176-1@4@bas$Fraser-Jenk.@18954-1@3@bas$J.Fraser-Jenk.@20034102-1@5@bas$Li Bing Zhang@36529-1@1@aut,,,comb. nov.,,1.1,f,phymatomeris~khasiana,polypodiaceaephymatomeris~khasiana~,461,wfo-1000090887,,species,,,,
urn:lsid:ipni.org:names:77381653-1,(C.Chr.) Li Bing Zhang & Liang Zhang,Polypodiaceae Polypodium albidoglaucum C.Chr.,(C.Chr.),17257170-1,,,64[early view]: [18 of 23],,,,,,,,,,,,16/06/2026 10:01,16/06/2026 10:01,,,Polypodiaceae,Pichisermollodes albidoglauca,Pichisermollodes albidoglauca,Pichisermollodes,,f,f,,,,,,,,,,,,,,,,,,,,,,,,,,,,,77107825-1,J. Syst. Evol.,urn:lsid:ipni.org:publications:20009150-1,2026,2026 [8 Jun 2026],[8 Jun 2026],Li Bing Zhang & Liang Zhang,spec.,J. Syst. Evol. 64[early view]: [18 of 23]. 2026 [8 Jun 2026] ,,doi:10.1111/jse.70077,,,11,albidoglauca,,,f,t,,,,,,,C.Chr.@1629-1@3@bas$Liang Zhang@20021435-1@2@aut$Li Bing Zhang@36529-1@1@aut,,,comb. nov.,,1.1,f,pichisermollodes~albidoglauca,polypodiaceaepichisermollodes~albidoglauca~,462,wfo-1000090888,,species,,,,
urn:lsid:ipni.org:names:77381654-1,(Ching) Li Bing Zhang & Liang Zhang,Dipteridaceae Phymatodes conmixta Ching,(Ching),17410300-1,,,64[early view]: [18 of 23],,,,,,,,,,,,16/06/2026 10:11,16/06/2026 10:11,,,Polypodiaceae,Pichisermollodes conmixta,Pichisermollodes conmixta,Pichisermollodes,,f,f,,,,,,,,,,,,,,,,,,,,,,,,,,,,,77107825-1,J. Syst. Evol.,urn:lsid:ipni.org:publications:20009150-1,2026,2026 [8 Jun 2026],[8 Jun 2026],Li Bing Zhang & Liang Zhang,spec.,J. Syst. Evol. 64[early view]: [18 of 23]. 2026 [8 Jun 2026] ,,doi:10.1111/jse.70077,,,11,conmixta,,,f,t,,,,,,,Liang Zhang@20021435-1@2@aut$Ching@1597-1@3@bas$Li Bing Zhang@36529-1@1@aut,,,comb. nov.,,1.1,f,pichisermollodes~conmixta,polypodiaceaepichisermollodes~conmixta~,463,wfo-1000090889,,species,,,,
urn:lsid:ipni.org:names:77381655-1,(Ching) Li Bing Zhang & Liang Zhang,Polypodiaceae Phymatopsis conjuncta Ching,(Ching),17446970-1,,,64[early view]: [18 of 23],,,,,,,,,,,,16/06/2026 10:13,16/06/2026 10:13,,,Polypodiaceae,Pichisermollodes conjuncta,Pichisermollodes conjuncta,Pichisermollodes,,f,f,,,,,,,,,,,,,,,,,,,,,,,,,,,,,77107825-1,J. Syst. Evol.,urn:lsid:ipni.org:publications:20009150-1,2026,2026 [8 Jun 2026],[8 Jun 2026],Li Bing Zhang & Liang Zhang,spec.,J. Syst. Evol. 64[early view]: [18 of 23]. 2026 [8 Jun 2026] ,,doi:10.1111/jse.70077,,,11,conjuncta,,,f,t,,,,,,,Li Bing Zhang@36529-1@1@aut$Ching@1597-1@3@bas$Liang Zhang@20021435-1@2@aut,,,comb. nov.,,1.1,f,pichisermollodes~conjuncta,polypodiaceaepichisermollodes~conjuncta~,464,wfo-1000090890,,species,,,,
urn:lsid:ipni.org:names:77381656-1,(Ching ex W.M.Chu & S.G.Lu) Li Bing Zhang & Liang Zhang,Polypodiaceae Phymatopteris incisocrenata Ching ex W.M.Chu & S.G.Lu,(Ching ex W.M.Chu & S.G.Lu),20002375-1,,,64[early view]: [18 of 23],,,,,,,,,,,,16/06/2026 10:14,16/06/2026 10:14,,,Polypodiaceae,Pichisermollodes incisocrenata,Pichisermollodes incisocrenata,Pichisermollodes,,f,f,,,,,,,,,,,,,,,,,,,,,,,,,,,,,77107825-1,J. Syst. Evol.,urn:lsid:ipni.org:publications:20009150-1,2026,2026 [8 Jun 2026],[8 Jun 2026],Li Bing Zhang & Liang Zhang,spec.,J. Syst. Evol. 64[early view]: [18 of 23]. 2026 [8 Jun 2026] ,,doi:10.1111/jse.70077,,,11,incisocrenata,,,f,t,,,,,,,W.M.Chu@13738-1@4@basEx$Li Bing Zhang@36529-1@1@aut$Ching@1597-1@3@bas$Liang Zhang@20021435-1@2@aut$S.G.Lu@36510-1@5@basEx,,,comb. nov.,,1.1,f,pichisermollodes~incisocrenata,polypodiaceaepichisermollodes~incisocrenata~,465,wfo-1000090891,,species,,,,
urn:lsid:ipni.org:names:77381657-1,(Ching) Li Bing Zhang & Liang Zhang,Dipteridaceae Phymatodes intermedia Ching,(Ching),17410380-1,,,64[early view]: [18 of 23],,,,,,,,,,,,16/06/2026 10:16,16/06/2026 10:16,,,Polypodiaceae,Pichisermollodes intermedia,Pichisermollodes intermedia,Pichisermollodes,,f,f,,,,,,,,,,,,,,,,,,,,,,,,,,,,,77107825-1,J. Syst. Evol.,urn:lsid:ipni.org:publications:20009150-1,2026,2026 [8 Jun 2026],[8 Jun 2026],Li Bing Zhang & Liang Zhang,spec.,J. Syst. Evol. 64[early view]: [18 of 23]. 2026 [8 Jun 2026] ,,doi:10.1111/jse.70077,,,11,intermedia,,,f,t,,,,,,,Li Bing Zhang@36529-1@1@aut$Liang Zhang@20021435-1@2@aut$Ching@1597-1@3@bas,,,comb. nov.,,1.1,f,pichisermollodes~intermedia,polypodiaceaepichisermollodes~intermedia~,466,wfo-1000090892,,species,,,,
urn:lsid:ipni.org:names:77381658-1,(W.M.Chu) Li Bing Zhang & Liang Zhang,Polypodiaceae Phymatopteris pianmaensis W.M.Chu,(W.M.Chu),17547990-1,,,64[early view]: [18 of 23],,,,,,,,,,,,16/06/2026 10:24,16/06/2026 10:24,,,Polypodiaceae,Pichisermollodes pianmaensis,Pichisermollodes pianmaensis,Pichisermollodes,,f,f,,,,,,,,,,,,,,,,,,,,,,,,,,,,,77107825-1,J. Syst. Evol.,urn:lsid:ipni.org:publications:20009150-1,2026,2026 [8 Jun 2026],[8 Jun 2026],Li Bing Zhang & Liang Zhang,spec.,J. Syst. Evol. 64[early view]: [18 of 23]. 2026 [8 Jun 2026] ,,doi:10.1111/jse.70077,,,11,pianmaensis,,,f,t,,,,,,,Liang Zhang@20021435-1@2@aut$W.M.Chu@13738-1@3@bas$Li Bing Zhang@36529-1@1@aut,,,comb. nov.,,1.1,f,pichisermollodes~pianmaensis,polypodiaceaepichisermollodes~pianmaensis~,467,wfo-1000090893,,species,,,,
urn:lsid:ipni.org:names:77381659-1,(Maxim.) Li Bing Zhang & Liang Zhang,Polypodiaceae Polypodium senanense Maxim.,(Maxim.),17201040-1,,,64[early view]: [18 of 23],,,,,,,,,,,,16/06/2026 10:25,16/06/2026 10:25,,,Polypodiaceae,Pichisermollodes senanensis,Pichisermollodes senanensis,Pichisermollodes,,f,f,,,,,,,,,,,,,,,,,,,,,,,,,,,,,77107825-1,J. Syst. Evol.,urn:lsid:ipni.org:publications:20009150-1,2026,2026 [8 Jun 2026],[8 Jun 2026],Li Bing Zhang & Liang Zhang,spec.,J. Syst. Evol. 64[early view]: [18 of 23]. 2026 [8 Jun 2026] ,,doi:10.1111/jse.70077,,,11,senanensis,,,f,t,,,,,,,Liang Zhang@20021435-1@2@aut$Maxim.@23089-1@3@bas$Li Bing Zhang@36529-1@1@aut,,,comb. nov.,,1.1,f,pichisermollodes~senanensis,polypodiaceaepichisermollodes~senanensis~,468,wfo-1000090894,,species,,,,
urn:lsid:ipni.org:names:77381660-1,(Ching) Li Bing Zhang & Liang Zhang,Dipteridaceae Phymatodes stracheyi Ching,(Ching),17345380-1,,,64[early view]: [18 of 23],,,,,,,,,,,,16/06/2026 10:26,16/06/2026 10:26,,,Polypodiaceae,Pichisermollodes stracheyi,Pichisermollodes stracheyi,Pichisermollodes,,f,f,,,,,,,,,,,,,,,,,,,,,,,,,,,,,77107825-1,J. Syst. Evol.,urn:lsid:ipni.org:publications:20009150-1,2026,2026 [8 Jun 2026],[8 Jun 2026],Li Bing Zhang & Liang Zhang,spec.,J. Syst. Evol. 64[early view]: [18 of 23]. 2026 [8 Jun 2026] ,,doi:10.1111/jse.70077,,,11,stracheyi,,,f,t,,,,,,,Ching@1597-1@3@bas$Li Bing Zhang@36529-1@1@aut$Liang Zhang@20021435-1@2@aut,,,comb. nov.,,1.1,f,pichisermollodes~stracheyi,polypodiaceaepichisermollodes~stracheyi~,469,wfo-1000090895,,species,,,,
urn:lsid:ipni.org:names:77381661-1,"(C.Chr.) Li Bing Zhang, Liang Zhang & N.T.Lu",Polypodiaceae Polypodium banaense C.Chr.,(C.Chr.),17348270-1,,,64[early view]: [21 of 23],,,,,,,,,,,,16/06/2026 10:28,16/06/2026 10:28,,,Polypodiaceae,Vietiglossa banaensis,Vietiglossa banaensis,Vietiglossa,,f,f,,,,,,,,,,,,,,,,,,,,,,,,,,,,,77381482-1,J. Syst. Evol.,urn:lsid:ipni.org:publications:20009150-1,2026,2026 [8 Jun 2026],[8 Jun 2026],"Li Bing Zhang, Liang Zhang & N.T.Lu",spec.,J. Syst. Evol. 64[early view]: [21 of 23]. 2026 [8 Jun 2026] ,,doi:10.1111/jse.70077,,,11,banaensis,,,f,t,,,,,,,Li Bing Zhang@36529-1@1@aut$C.Chr.@1629-1@4@bas$N.T.Lu@20027070-1@3@aut$Liang Zhang@20021435-1@2@aut,,,comb. nov.,,1.1,f,vietiglossa~banaensis,polypodiaceaevietiglossa~banaensis~,470,wfo-1000090896,,species,,,,
urn:lsid:ipni.org:names:77381662-1,(C.Chr.) Li Bing Zhang & Liang Zhang,Polypodiaceae Polypodium lamprophyllum C.Chr.,(C.Chr.),17412370-1,,,64[early view]: [19 of 23],,,,,,,,,,,,16/06/2026 10:31,16/06/2026 10:31,,,Polypodiaceae,Selliguea lamprophyllus,Selliguea lamprophyllus,Selliguea,,f,f,,,,,,,,,,,,,,,,,,,,,,,,,,,,,17221940-1,J. Syst. Evol.,urn:lsid:ipni.org:publications:20009150-1,2026,2026 [8 Jun 2026],[8 Jun 2026],Li Bing Zhang & Liang Zhang,spec.,J. Syst. Evol. 64[early view]: [19 of 23]. 2026 [8 Jun 2026] ,,doi:10.1111/jse.70077,,,11,lamprophyllus,,,f,t,,,,,,,Li Bing Zhang@36529-1@1@aut$C.Chr.@1629-1@3@bas$Liang Zhang@20021435-1@2@aut,,,comb. nov.,,1.1,f,selliguea~lamprophyllus,polypodiaceaeselliguea~lamprophyllus~,471,wfo-1000090897,,species,,,,
urn:lsid:ipni.org:names:77381663-1,(Blume) Li Bing Zhang & Liang Zhang,Polypodiaceae Polypodium palmatum Blume,(Blume),17196820-1,,,64[early view]: [19 of 23],,,,,,,,,,,,16/06/2026 10:32,16/06/2026 10:32,,,Polypodiaceae,Selliguea palmata,Selliguea palmata,Selliguea,,f,f,,,,,,,,,,,,,,,,,,,,,,,,,,,,,17221940-1,J. Syst. Evol.,urn:lsid:ipni.org:publications:20009150-1,2026,2026 [8 Jun 2026],[8 Jun 2026],Li Bing Zhang & Liang Zhang,spec.,J. Syst. Evol. 64[early view]: [19 of 23]. 2026 [8 Jun 2026] ,,doi:10.1111/jse.70077,,,11,palmata,,,f,t,,,,,,,Li Bing Zhang@36529-1@1@aut$Blume@16230-1@3@bas$Liang Zhang@20021435-1@2@aut,,,comb. nov.,,1.1,f,selliguea~palmata,polypodiaceaeselliguea~palmata~,472,wfo-1000090898,,species,,,,
urn:lsid:ipni.org:names:77381664-1,(Ching) Li Bing Zhang & Liang Zhang,Polypodiaceae Phymatopsis philippinensis Ching,(Ching),17447260-1,,,64[early view]: [19 of 23],,,,,,,,,,,,16/06/2026 10:34,16/06/2026 10:34,,,Polypodiaceae,Selliguea philippinensis,Selliguea philippinensis,Selliguea,,f,f,,,,,,,,,,,,,,,,,,,,,,,,,,,,,17221940-1,J. Syst. Evol.,urn:lsid:ipni.org:publications:20009150-1,2026,2026 [8 Jun 2026],[8 Jun 2026],Li Bing Zhang & Liang Zhang,spec.,J. Syst. Evol. 64[early view]: [19 of 23]. 2026 [8 Jun 2026] ,,doi:10.1111/jse.70077,,,11,philippinensis,,,f,t,,,,,,,Li Bing Zhang@36529-1@1@aut$Ching@1597-1@3@bas$Liang Zhang@20021435-1@2@aut,,,comb. nov.,,1.1,f,selliguea~philippinensis,polypodiaceaeselliguea~philippinensis~,473,wfo-1000090899,,species,,,,
urn:lsid:ipni.org:names:77381665-1,(Cárdenas) M.Lowry & N.P.Taylor,Cactaceae Echinopsis subdenudata Cárdenas,(Cárdenas),88512-2,,,44(2): 139,,,,,,,,,,,,16/06/2026 10:36,17/06/2026 12:37,,,Cactaceae,Echinopsis ancistrophora subsp. subdenudata,Echinopsis ancistrophora subsp. subdenudata,Echinopsis,,f,f,,,,,subdenudata,,,,,,,,,,,,,,,,,,,,,,,null:,132593-1,CactusWorld,urn:lsid:ipni.org:publications:20006652-1,2026,2026 [12 Jun 2026],[12 Jun 2026],M.Lowry & N.P.Taylor,subsp.,CactusWorld 44(2): 139. 2026 [12 Jun 2026] ,,,,,11,ancistrophora,Speg.,,f,t,,,,,,,N.P.Taylor@10468-1@2@aut$M.Lowry@39454-1@1@aut$Cárdenas@1395-1@3@bas,Speg.@0-0@0@aut,,comb. et stat. nov.,,1.4,f,echinopsis~ancistrophorasubdenudata,cactaceaeechinopsis~ancistrophorasubdenudata,474,wfo-1200119059,,subspecies,,,,
urn:lsid:ipni.org:names:77381666-1,"Ebin, Sreehari & Joby",,,,,,[early view]e05085: [2 of 5],,21,,5,,2822,2024,,Ebin &amp; Sreehari,,,16/06/2026 11:19,16/06/2026 14:34,"Kerala (India, Indian Subcontinent, Asia-Tropical)",E,Rubiaceae,Ophiorrhiza jomyi,Ophiorrhiza jomyi,Ophiorrhiza,,f,f,,,,,,,,9,40,1,"Kottayam district, Vagamon hills, 912 m",76,53,48,,,,,,N,,,,,,,,,30280723-2,Nordic J. Bot.,urn:lsid:ipni.org:publications:2633-2,2026,2026 [21 Mar 2026],[21 Mar 2026],"Ebin, Sreehari & Joby",spec.,Nordic J. Bot. [early view]e05085: [2 of 5]. 2026 [21 Mar 2026] ,,"doi:10.1002/njb.05085 [english] Etymology: 'The specific epithet is in honour of retired Professor, Dr Jomy Augustine, Department of Botany, St Thomas College, Pala, Kottayam, Kerala'.",,,9,jomyi,,,f,t,,holotype MH;isotype CALI;isotype DSAH;isotype FAH;isotype STC,,,,,Ebin@0-0@1@aut$Sreehari@20092437-1@2@aut$Joby@20000035-1@3@aut,,,tax. nov.,,1.3,f,ophiorrhiza~jomyi,rubiaceaeophiorrhiza~jomyi~,475,wfo-1000090900,,species,,,,
urn:lsid:ipni.org:names:77381668-1,(Suter) Rivas Mart.,Cupressaceae Juniperus communis L. var. alpina Suter,(Suter),1093300-2,,,18(2): 486,,,,,,,,,,,,16/06/2026 12:02,16/06/2026 12:04,,,Cupressaceae,Juniperus alpina,Juniperus alpina,Juniperus,,f,f,,,,,,,262138-1,,,,,,,,nom. illeg. later homonym,,nom. illeg.,,,,,,,,,,,,60436243-2,Itinera Geobot.,urn:lsid:ipni.org:publications:20000055-1,2011,2011 [16 Jul 2011],[16 Jul 2011],Rivas Mart.,spec.,Itinera Geobot. 18(2): 486. 2011 [16 Jul 2011] ,,,,,13,alpina,,,f,t,,,,,,,Suter@10309-1@2@bas$Rivas Mart.@8423-1@1@aut,,,comb. et stat. nov.,,1.2,f,juniperus~alpina,cupressaceaejuniperus~alpina~,476,wfo-1200119135,,species,,,,
urn:lsid:ipni.org:names:77381669-1,"(Pursh) Rivas Mart., M.J.Costa & Sánchez Mata",Cupressaceae Juniperus communis L. var. depressa Pursh,(Pursh),132467-2,,,18(2): 486,,,,,,,,,,,,16/06/2026 12:06,16/06/2026 12:06,,,Cupressaceae,Juniperus alpina subsp. depressa,Juniperus alpina subsp. depressa,Juniperus,,f,f,,,,,depressa,,,,,,,,,,,,,,,,,,,,,,,,77381668-1,Itinera Geobot.,urn:lsid:ipni.org:publications:20000055-1,2011,2011 [16 Jul 2011],[16 Jul 2011],"Rivas Mart., M.J.Costa & Sánchez Mata",subsp.,Itinera Geobot. 18(2): 486. 2011 [16 Jul 2011] ,,,,,11,alpina,(Suter) Rivas Mart.,,f,t,,,,,,,Rivas Mart.@8423-1@1@aut$Sánchez Mata@26074-1@3@aut$Pursh@8035-1@4@bas$M.J.Costa@1825-1@2@aut,Rivas Mart.@8423-1@1@aut$Suter@10309-1@2@bas,,stat. nov.,,1.1,f,juniperus~alpinadepressa,cupressaceaejuniperus~alpinadepressa,477,wfo-1200119060,,subspecies,,,,
urn:lsid:ipni.org:names:77381670-1,(Hack.) Rivas Mart.,Poaceae Koeleria crassipes Lange var. nevadensis Hack.,(Hack.),50918423-1,,,18(2): 487,,,,,,,,,,,,16/06/2026 12:12,16/06/2026 12:12,,,Poaceae,Koeleria nevadensis,Koeleria nevadensis,Koeleria,,f,f,,,,,,406637-1,,,,,,,,,isonym,,isonym,,,,,,,,,,,,30002889-2,Itinera Geobot.,urn:lsid:ipni.org:publications:20000055-1,2011,2011 [16 Jul 2011],[16 Jul 2011],Rivas Mart.,spec.,Itinera Geobot. 18(2): 487. 2011 [16 Jul 2011] ,,,,,13,nevadensis,,,f,t,,,,,,,Hack.@3523-1@2@bas$Rivas Mart.@8423-1@1@aut,,,comb. et stat. nov.,,1.1,f,koeleria~nevadensis,poaceaekoeleria~nevadensis~,478,wfo-1200119136,,species,,,,
urn:lsid:ipni.org:names:77381671-1,(P.Monts.) Rivas Mart.,Apiaceae Laserpitium nestleri Soy.-Will. subsp. lainzii P.Monts.,(P.Monts.),60426588-2,,,18(2): 487,,,,,,,,,,,,16/06/2026 12:14,16/06/2026 12:14,,,Apiaceae,Laserpitium lainzii,Laserpitium lainzii,Laserpitium,,f,f,,,,,,,,,,,,,,,,,,,,,,,,,,,,,40161-1,Itinera Geobot.,urn:lsid:ipni.org:publications:20000055-1,2011,2011 [16 Jul 2011],[16 Jul 2011],Rivas Mart.,spec.,Itinera Geobot. 18(2): 487. 2011 [16 Jul 2011] ,,,,,11,lainzii,,,f,t,,,,,,,P.Monts.@23579-1@2@bas$Rivas Mart.@8423-1@1@aut,,,comb. et stat. nov.,,1.1,f,laserpitium~lainzii,apiaceaelaserpitium~lainzii~,479,wfo-1000090901,,species,,,,
urn:lsid:ipni.org:names:77381672-1,(S.Ríos & P.Monts.) Rivas Mart.,Apiaceae Laserpitium nestleri Soy.-Will. var. subbeticum S.Ríos & P.Monts.,(S.Ríos & P.Monts.),60426581-2,,,18(2): 487,,,,,,,,,,,,16/06/2026 12:17,16/06/2026 12:17,,,Apiaceae,Laserpitium nestleri subsp. subbeticum,Laserpitium nestleri subsp. subbeticum,Laserpitium,,f,f,,,,,subbeticum,,,,,,,,,,,,,,,,,,,,,,,,844049-1,Itinera Geobot.,urn:lsid:ipni.org:publications:20000055-1,2011,2011 [16 Jul 2011],[16 Jul 2011],Rivas Mart.,subsp.,Itinera Geobot. 18(2): 487. 2011 [16 Jul 2011] ,,,,,11,nestleri,Soy.-Will.,,f,t,,,,,,,P.Monts.@23579-1@3@bas$S.Ríos@38232-1@2@bas$Rivas Mart.@8423-1@1@aut,Soy.-Will.@9938-1@1@aut,,stat. nov.,,1.1,f,laserpitium~nestlerisubbeticum,apiaceaelaserpitium~nestlerisubbeticum,480,wfo-1200119137,,subspecies,,,,
urn:lsid:ipni.org:names:77381673-1,(Vogt & Castrov.) Rivas Mart. & Izco,Asteraceae Leucanthemum merinoi Vogt & Castrov.,(Vogt & Castrov.),940131-1,,,18(2): 487,,,,,,,,,,,,16/06/2026 12:18,16/06/2026 12:18,,,Asteraceae,Leucanthemum crassifolium subsp. merinoi,Leucanthemum crassifolium subsp. merinoi,Leucanthemum,,f,f,,,,,merinoi,,,,,,,,,,,,,,,,,,,,,,,,229989-1,Itinera Geobot.,urn:lsid:ipni.org:publications:20000055-1,2011,2011 [16 Jul 2011],[16 Jul 2011],Rivas Mart. & Izco,subsp.,Itinera Geobot. 18(2): 487. 2011 [16 Jul 2011] ,,,,,11,crassifolium,Lange,,f,t,,,,,,,Castrov.@13170-1@4@bas$Vogt@28426-1@3@bas$Rivas Mart.@8423-1@1@aut$Izco@4350-1@2@aut,Lange@5261-1@1@aut,,comb. et stat. nov.,,1.1,f,leucanthemum~crassifoliummerinoi,asteraceaeleucanthemum~crassifoliummerinoi,481,wfo-1200119061,,subspecies,,,,
urn:lsid:ipni.org:names:77381674-1,(Lacaita) Rivas Mart.,Leguminosae Lotus carpetanus Lacaita,(Lacaita),503536-1,,,18(2): 487,,,,,,,,,,,,16/06/2026 12:20,16/06/2026 12:20,,,Leguminosae,Lotus glareosus subsp. carpetanus,Lotus glareosus subsp. carpetanus,Lotus,,f,f,,,,,carpetanus,,,,,,,,,,,,,,,,,,,,,,,,503655-1,Itinera Geobot.,urn:lsid:ipni.org:publications:20000055-1,2011,2011 [16 Jul 2011],[16 Jul 2011],Rivas Mart.,subsp.,Itinera Geobot. 18(2): 487. 2011 [16 Jul 2011] ,,,,,11,glareosus,Boiss. & Reut.,,f,t,,,,,,,Lacaita@5179-1@2@bas$Rivas Mart.@8423-1@1@aut,Boiss.@16284-1@1@aut$Reut.@8313-1@2@aut,,comb. et stat. nov.,,1.1,f,lotus~glareosuscarpetanus,leguminosaelotus~glareosuscarpetanus,482,wfo-1200119062,,subspecies,,,,
urn:lsid:ipni.org:names:77381675-1,(P.Monts.) Rivas Mart. & Molero,Juncaceae Luzula spicata (L.) DC. subsp. nevadensis P.Monts.,(P.Monts.),70023963-1,,,18(2): 487,,,,,,,,,,,,16/06/2026 12:22,16/06/2026 12:25,,,Juncaceae,Luzula hispanica subsp. nevadensis,Luzula hispanica subsp. nevadensis,Luzula,,f,f,,,,,nevadensis,20009365-1,,,,,,,,,isonym,,isonym,,,,,,,,,,,,443815-1,Itinera Geobot.,urn:lsid:ipni.org:publications:20000055-1,2011,2011 [16 Jul 2011],[16 Jul 2011],Rivas Mart. & Molero,subsp.,Itinera Geobot. 18(2): 487. 2011 [16 Jul 2011] ,,,,,13,hispanica,Chrtek & Křísa,,f,t,,,,,,,Rivas Mart.@8423-1@1@aut$P.Monts.@23579-1@3@bas$Molero@23534-1@2@aut,Chrtek@1637-1@1@aut$Křísa@5067-1@2@aut,,comb. nov.,,1.2,f,luzula~hispanicanevadensis,juncaceaeluzula~hispanicanevadensis,483,wfo-1200119138,,subspecies,,,,
urn:lsid:ipni.org:names:77381676-1,"C.Xiong, F.Wen & Y.G.Wei",,,,,,276: 234,,10,,6,,DXGJ250610-01,2025,,Chi Xiong et al.,,,16/06/2026 12:28,17/06/2026 16:05,"Guangxi (China Southeast, China, Asia-Temperate)",E,Gesneriaceae,Ornithoboea brachycarpa,Ornithoboea brachycarpa,Ornithoboea,,f,f,,,,,,,,23,28,,"Nanning City, Shanglin County, Chengtai Township, c. 140 m",108,45,,,,,,,N,,,,,,,,,14116-1,PhytoKeys,urn:lsid:ipni.org:publications:20011997-1,2026,2026 [17 Jun 2026],[17 Jun 2026],"C.Xiong, F.Wen & Y.G.Wei",spec.,PhytoKeys 276: 234. 2026 [17 Jun 2026] ,,doi:10.3897/phytokeys.276.181524 [english] Etymology: 'The specific epithet 'brachycarpa' is derived from the Greek words 'brachys' (short) and 'karpos' (fruit)'.,,,11,brachycarpa,,,f,t,,holotype IBK IBK00472885;isotype IBK IBK00472886–00472894,,,,,Y.G.Wei@37149-1@3@aut$C.Xiong@20049165-1@1@aut$F.Wen@20013722-1@2@aut,,,tax. nov.,,1.3,f,ornithoboea~brachycarpa,gesneriaceaeornithoboea~brachycarpa~,484,wfo-1000090902,,species,,,,
urn:lsid:ipni.org:names:77381677-1,Yin Z.Wang,,,,,,46(3): 397,,,,,,,,,,,,16/06/2026 12:36,16/06/2026 14:11,,,Gesneriaceae,Zhenyuenes,Zhenyuenes,Zhenyuenes,,f,f,,,,,,,,,,,,,,,,,,,,,,,,,,,,,30000905-2,"Bull. Bot. Res., Harbin",urn:lsid:ipni.org:publications:1952-2,2026,2026 [Jun 2026],[Jun 2026],Yin Z.Wang,gen.,"Bull. Bot. Res., Harbin 46(3): 397. 2026 [Jun 2026] ",,doi:10.7525/j.issn.1673-5102.2026.03.001 [english] Etymology: For Mr Zhen Yu Li with respect to his work on Gesneriaceae.,,,9,,,,f,t,77381681-1,,Zhenyuenes condorensis,,,,Yin Z.Wang@37141-1@1@aut,,,tax. nov.,,1.4,f,zhenyuenes,gesneriaceaezhenyuenes~~~,485,wfo-4100006661,,genus,,,,
urn:lsid:ipni.org:names:77381678-1,(Pomel) Rivas Mart.,Malvaceae Lavatera rupestris Pomel,(Pomel),561248-1,,,18(2): 487,,,,,,,,,,,,16/06/2026 13:42,16/06/2026 13:42,,,Malvaceae,Malva subovata subsp. rupestris,Malva subovata subsp. rupestris,Malva,,f,f,,,,,rupestris,77094207-1,,,,,,,,,isonym,,isonym,,,,,,,,,,,,60440500-2,Itinera Geobot.,urn:lsid:ipni.org:publications:20000055-1,2011,2011 [16 Jul 2011],[16 Jul 2011],Rivas Mart.,subsp.,Itinera Geobot. 18(2): 487. 2011 [16 Jul 2011] ,,,,,13,subovata,(DC.) Molero & J.M.Monts.,,f,t,,,,,,,Rivas Mart.@8423-1@1@aut$Pomel@7823-1@2@bas,Molero@23534-1@1@aut$DC.@16855-1@3@bas$J.M.Monts.@23580-1@2@aut,,comb. et stat. nov.,,1.1,f,malva~subovatarupestris,malvaceaemalva~subovatarupestris,486,wfo-1200119139,,subspecies,,,,
urn:lsid:ipni.org:names:77381679-1,(Boiss.) Rivas Mart.,Celastraceae Celastrus europaeus Boiss.,(Boiss.),160288-1,,,18(2): 487,,,,,,,,,,,,16/06/2026 13:45,16/06/2026 13:45,,,Celastraceae,Maytenus europaeus,Maytenus europaeus,Maytenus,,f,f,,,,,,,,,,,,,,,,,,,,,,,,,,,,,30088764-2,Itinera Geobot.,urn:lsid:ipni.org:publications:20000055-1,2011,2011 [16 Jul 2011],[16 Jul 2011],Rivas Mart.,spec.,Itinera Geobot. 18(2): 487. 2011 [16 Jul 2011] ,,,,,11,europaeus,,,f,t,,,,,,,Rivas Mart.@8423-1@1@aut$Boiss.@16284-1@2@bas,,,comb. nov.,,1.1,f,maytenus~europaeus,celastraceaemaytenus~europaeus~,487,wfo-1000090903,,species,,,,
urn:lsid:ipni.org:names:77381680-1,Sennen & Pau,,,,,,11: 231,,,,,,,,,,,,16/06/2026 14:06,16/06/2026 14:06,,,Caryophyllaceae,Moehringia muscosa var. catalaunica,Moehringia muscosa var. catalaunica,Moehringia,,f,f,,,,,catalaunica,,,,,,,,,,,,,,,,,,,,,,,,155738-1,Bol. Real Soc. Esp. Hist. Nat.,urn:lsid:ipni.org:publications:10589-2,1911,1911,,Sennen & Pau,var.,Bol. Real Soc. Esp. Hist. Nat. 11: 231. 1911 ,,,,,8,muscosa,L.,,f,t,,,,,,,Sennen@9488-1@1@aut$Pau@7401-1@2@aut,L.@12653-1@1@aut,,tax. nov.,,1.1,f,moehringia~muscosacatalaunica,caryophyllaceaemoehringia~muscosacatalaunica,488,wfo-1200119063,,variety,,,,
urn:lsid:ipni.org:names:77381681-1,(Pellegr.) Yin Z.Wang,Gesneriaceae Petrocosmea condorensis Pellegr.,(Pellegr.),382286-1,,,46(3): 397,,,,,,,,,,,,16/06/2026 14:10,16/06/2026 14:10,,,Gesneriaceae,Zhenyuenes condorensis,Zhenyuenes condorensis,Zhenyuenes,,f,f,,,,,,,,,,,,,,,,,,,,,,,,,,,,,77381677-1,"Bull. Bot. Res., Harbin",urn:lsid:ipni.org:publications:1952-2,2026,2026 [Jun 2026],[Jun 2026],Yin Z.Wang,spec.,"Bull. Bot. Res., Harbin 46(3): 397. 2026 [Jun 2026] ",,doi:10.7525/j.issn.1673-5102.2026.03.001,,,11,condorensis,,,f,t,,,,,,,Yin Z.Wang@37141-1@1@aut$Pellegr.@7474-1@2@bas,,,comb. nov.,,1.1,f,zhenyuenes~condorensis,gesneriaceaezhenyuenes~condorensis~,489,wfo-1000090904,,species,,,,
urn:lsid:ipni.org:names:77381682-1,(Sennen & Pau) Rivas Mart.,Caryophyllaceae Moehringia muscosa L. var. catalaunica Sennen & Pau,(Sennen & Pau),77381680-1,,,18(2): 487,,,,,,,,,,,,16/06/2026 14:10,16/06/2026 14:10,,,Caryophyllaceae,Moehringia muscosa subsp. catalaunica,Moehringia muscosa subsp. catalaunica,Moehringia,,f,f,,,,,catalaunica,,,,,,,,,,,,,,,,,,,,,,,,155738-1,Itinera Geobot.,urn:lsid:ipni.org:publications:20000055-1,2011,2011 [16 Jul 2011],[16 Jul 2011],Rivas Mart.,subsp.,Itinera Geobot. 18(2): 487. 2011 [16 Jul 2011] ,,"Basionym cited from later source, but combination validly published under Art. 41.8.(a).",,,11,muscosa,L.,,f,t,,,,,,,Pau@7401-1@3@bas$Sennen@9488-1@2@bas$Rivas Mart.@8423-1@1@aut,L.@12653-1@1@aut,,stat. nov.,,1.1,f,moehringia~muscosacatalaunica,caryophyllaceaemoehringia~muscosacatalaunica,490,wfo-1200119140,,subspecies,,,,
urn:lsid:ipni.org:names:77381683-1,(Pau & Font Quer) Rivas Mart.,Paeoniaceae Paeonia mascula (L.) Mill. var. maroccana Pau & Font Quer,(Pau & Font Quer),50973340-1,,,18(2): 487,,,,,,,,,,,,16/06/2026 14:22,16/06/2026 15:38,,,Paeoniaceae,Paeonia coriacea subsp. maroccana,Paeonia coriacea subsp. maroccana,Paeonia,,f,f,,,,,maroccana,,,,,,,,,,,,,,,,,,,,,,,,711759-1,Itinera Geobot.,urn:lsid:ipni.org:publications:20000055-1,2011,2011 [16 Jul 2011],[16 Jul 2011],Rivas Mart.,subsp.,Itinera Geobot. 18(2): 487. 2011 [16 Jul 2011] ,,Basionym cited as 'Paeonia mascula subsp. maroccana'.,,,11,coriacea,Boiss.,,f,t,,,,,,,Rivas Mart.@8423-1@1@aut$Pau@7401-1@2@bas$Font Quer@2810-1@3@bas,Boiss.@16284-1@1@aut,,comb. nov.,,1.3,f,paeonia~coriaceamaroccana,paeoniaceaepaeonia~coriaceamaroccana,491,wfo-1200119141,,subspecies,,,,
urn:lsid:ipni.org:names:77381684-1,Rech.f.,,,,,,"87(2): 96, adnot., Abb. 2, Fig. 10",,,,,,,,,,,,16/06/2026 14:50,16/06/2026 14:52,"Greece (Southeastern Europe, Europe)",,Asteraceae,Inula limonifolia var. pseudolimonella,Inula limonifolia var. pseudolimonella,Inula,,f,f,,,,,pseudolimonella,,,,,,"'(Baldacci Nr. 176 bis, Dörfler Nr. 769, 1024)'",,,,,,,,,,,,,,,,,,225961-1,Oesterr. Bot. Z.,urn:lsid:ipni.org:publications:768-2,1938,1938 [20 Apr 1938],[20 Apr 1938],Rech.f.,var.,"Oesterr. Bot. Z. 87(2): 96, adnot., Abb. 2, Fig. 10. 1938 [20 Apr 1938] ",,,,,9,limonifolia,Boiss.,,f,t,,,,,,,Rech.f.@8215-1@1@aut,Boiss.@16284-1@1@aut,,tax. nov.,,1.2,f,inula~limonifoliapseudolimonella,asteraceaeinula~limonifoliapseudolimonella,492,wfo-0000105355,,variety,,,,
urn:lsid:ipni.org:names:77381685-1,Wenz.,,,,,,4: 189,,,,,,,,,,,,16/06/2026 16:45,16/06/2026 16:45,,,Fagaceae,Quercus pubescens f. glabrescens,Quercus pubescens f. glabrescens,Quercus,,f,f,,,,,glabrescens,,,,,,,,,,,,,,,,,,,,,,,,326376-2,Jahrb. Königl. Bot. Gart. Berlin,urn:lsid:ipni.org:publications:1155-2,1886,1886,,Wenz.,f.,Jahrb. Königl. Bot. Gart. Berlin 4: 189. 1886 ,,,296192-1,,9,pubescens,Willd.,,f,t,,,,,,,Wenz.@13002-1@1@aut,Willd.@11692-1@1@aut,,nom. et stat. nov.,,1.1,f,quercus~pubescensglabrescens,fagaceaequercus~pubescensglabrescens,493,wfo-1200119064,,form,,,,
urn:lsid:ipni.org:names:77381686-1,"Almeda, D.Solano & Kriebel",,,,,,760(3): 234,,25,,3,,6036,1993,,G.Herrera,,,17/06/2026 00:53,17/06/2026 15:05,"Costa Rica (Central America, Southern America)",W,Melastomataceae,Blakea loboana,Blakea loboana,Blakea,,f,f,,,,,,,,9,20,5,"Limon: Canton de Talamanca, P.N. Cordillera de Talamanca. Rio Lori, 1 km aguas abajo union Quebrada Kuisa, entre Ujarras y San Jose Cabecar, 1750 m",83,14,5,,,,,,N,,,,,,,,,30008867-2,Phytotaxa,urn:lsid:ipni.org:publications:20011462-1,2026,2026 [9 Jun 2026],[9 Jun 2026],"Almeda, D.Solano & Kriebel",spec.,Phytotaxa 760(3): 234. 2026 [9 Jun 2026] ,,"doi:https:10.11646phytotaxa.760.3.3 [english] Etymology: Named for Silvia Lobo Cabezas (b. 1968), long time Curator of Botany at the Museo Nacional de Costa Rica",,,11,loboana,,,f,t,,holotype MO MO-5808786;isotype CAS CAS-975659;isotype CR CR-180834; 1580995,,,,,D.Solano@20012365-1@2@aut$Almeda@160-1@1@aut$Kriebel@20003575-2@3@aut,,,tax. nov.,,1.2,f,blakea~loboana,melastomataceaeblakea~loboana~,494,wfo-1000090905,,species,,,,
urn:lsid:ipni.org:names:77381687-1,S.E.Fawc. & L.Y.Kuo,,,,,,64(2)-e70092: 3,,,,,,9475,,,Whistler,,,17/06/2026 05:06,17/06/2026 15:57,"Samoa (Samoa, Southwestern Pacific, Pacific)",,Oleandraceae,Arthropteris samoensis,Arthropteris samoensis,Arthropteris,,f,f,,,,,,,,,,,"Savai'i: In the forest above Sasina, 270 m",,,,,,,,,,,,,,,,,,30458865-2,New Zealand J. Bot.,urn:lsid:ipni.org:publications:2614-2,2026,2026 [9 May 2026],[9 May 2026],S.E.Fawc. & L.Y.Kuo,spec.,New Zealand J. Bot. 64(2)-e70092: 3. 2026 [9 May 2026] ,,doi:10.1002/nzb2.70092 [english] Etymology: 'The specific epithet references the type locality and only known distribution'.,,,11,samoensis,,,f,t,,holotype PTBG PTBG1000012660;isotype UC,,,,,S.E.Fawc.@20033177-1@1@aut$L.Y.Kuo@20030162-1@2@aut,,,tax. nov.,,1.3,f,arthropteris~samoensis,oleandraceaearthropteris~samoensis~,495,wfo-1000090906,,species,,,,
urn:lsid:ipni.org:names:77381688-1,"C.D.Sánchez, S.Islas & A.W.Black",,,,,,276: 246,,24,,8,,1701,2024,,"C.D.Sánchez, A.Black, J.Reyes &amp; M.Peinado",,,17/06/2026 09:57,18/06/2026 09:49,"Jalisco (Mexico Southwest, Mexico, Northern America)",W,Asclepiadaceae,Polystemma cualense,Polystemma cualense,Polystemma,,f,f,,,,,,,,20,27,50,"ejido El Cuale, Talpa de Allende municipality, Los Lobos trail to El Cuale, 1030 m",105,5,40,,,,,,N,,,,,,,,,30266778-2,PhytoKeys,urn:lsid:ipni.org:publications:20011997-1,2026,2026 [18 Jun 2026],[18 Jun 2026],"C.D.Sánchez, S.Islas & A.W.Black",spec.,PhytoKeys 276: 246. 2026 [18 Jun 2026] ,,doi:10.3897/phytokeys.276.176723 [english] Etymology: 'The name refers to Sierra El Cuale'.,,,11,cualense,,,f,t,,holotype MEXU;isotype PV,,,,,C.D.Sánchez@20078420-1@1@aut$S.Islas@20039977-1@2@aut$A.W.Black@20099404-1@3@aut,,,tax. nov.,,1.3,f,polystemma~cualense,asclepiadaceaepolystemma~cualense~,496,wfo-1000090907,,species,,,,
urn:lsid:ipni.org:names:77381689-1,"Sam.Chowdhury, Hajong & Bharali",,,,,,71(3): 483,,2,,11,,SC 22,2025,,Sambit Chowdhury,,,17/06/2026 10:00,19/06/2026 09:30,"Arunachal Pradesh (East Himalaya, Indian Subcontinent, Asia-Tropical)",E,Acanthaceae,Strobilanthes grandidentata,Strobilanthes grandidentata,Strobilanthes,,f,f,,,,,,,,28,13,14,"Lower Dibang Valley District, in between Roing and Mayodia, 1182 m",95,48,4,,,,,,N,,,,,,,,,327189-2,Taiwania,urn:lsid:ipni.org:publications:2979-2,2026,2026 [25 May 2026],[25 May 2026],"Sam.Chowdhury, Hajong & Bharali",spec.,Taiwania 71(3): 483. 2026 [25 May 2026] ,,doi:10.6165/tai.2026.71.483 [english] Etymology: 'The specific epithet 'grandidentata' refers to the large teeth of the leaf margin'.,,,11,grandidentata,,,f,t,,holotype CSIR-NEIST;isotype ASSAM,,,,,Sam.Chowdhury@20099407-1@1@aut$Hajong@20071303-1@2@aut$Bharali@20030172-1@3@aut,,,tax. nov.,,1.4,f,strobilanthes~grandidentata,acanthaceaestrobilanthes~grandidentata~,497,wfo-1000090908,,species,,,,
urn:lsid:ipni.org:names:77381690-1,(F.Towns.) Keck,Scrophulariaceae Euphrasia officinalis L. subsp. capitulata F.Towns.,(F.Towns.),802424-1,,,"n.s., 28: n. 2769",,,,,,,,,,,,17/06/2026 12:15,17/06/2026 12:28,,,Scrophulariaceae,Euphrasia capitulata,Euphrasia capitulata,Euphrasia,,f,f,,,,,,,,,,,,,,,,,,,,,,,,,,,,,30000013-2,Exsicc. (Herb. Norm.),urn:lsid:ipni.org:publications:15416-2,1892,1892,,Keck,spec.,"Exsicc. (Herb. Norm.) n.s., 28: n. 2769. 1892 ",,,,,11,capitulata,,,f,t,,,,,,,Keck@4694-1@1@aut$F.Towns.@10773-1@2@bas,,,comb. et stat. nov.,,1.2,f,euphrasia~capitulata,scrophulariaceaeeuphrasia~capitulata~,498,wfo-1200119142,,species,,,,
urn:lsid:ipni.org:names:77381691-1,Rob.Fern. & Michelang.,,,,,,762(3): 204,,5,,2,,6236,2001,,"J.L.Clark, J.García &amp; W.García",,,17/06/2026 12:25,17/06/2026 16:20,"Ecuador (Western South America, Southern America)",W,Melastomataceae,Axinaea andina,Axinaea andina,Axinaea,,f,f,,,,,,,,2,39,10,"Prov. Azuay [Azuay/Cañar border]: [Cant. Cuenca/Cañar border] Río Patul, collection made along path from El Cajas to Manta Real following Río Patul (2-3 day Trek), ca. 2100 m",79,16,,,,,,,S,,,,,,,,,26188-1,Phytotaxa,urn:lsid:ipni.org:publications:20011462-1,2026,2026 [17 Jun 2026],[17 Jun 2026],Rob.Fern. & Michelang.,spec.,Phytotaxa 762(3): 204. 2026 [17 Jun 2026] ,,doi:10.11646/phytotaxa.762.3.1 [english] Etymology: The specific epithet is a reference to the primarily Andean distribution of genus Axinaea.,,,11,andina,,,f,t,,holotype NY 02641196;isotype QCNE 168878;isotype US 00690080,,,,,Rob.Fern.@20032161-1@1@aut$Michelang.@20006687-2@2@aut,,,tax. nov.,,1.3,f,axinaea~andina,melastomataceaeaxinaea~andina~,499,wfo-1000090909,,species,,,,
urn:lsid:ipni.org:names:77381692-1,C.C.Walker,,,,,,44(2): 122,,,,,,,,,,,,17/06/2026 12:43,17/06/2026 12:43,,,Asteraceae,Madasenecio,Madasenecio,Madasenecio,,f,f,,,,,,,,,,,,,,,,,,,,,,,,,,,,,319342-2,CactusWorld,urn:lsid:ipni.org:publications:20006652-1,2026,2026 [12 Jun 2026],[12 Jun 2026],C.C.Walker,gen.,CactusWorld 44(2): 122. 2026 [12 Jun 2026] ,,"Etymology: 'named for their home in Madagascar and for Senecio from the Latin 'senex', meaning 'old man', for the white-haired pappus'.",,,9,,,,f,t,244664-1,,,,,,C.C.Walker@28504-1@1@aut,,,tax. nov.,,1.1,f,madasenecio,asteraceaemadasenecio~~~,500,wfo-4100006662,,genus,,,,
urn:lsid:ipni.org:names:77381693-1,(Scott Elliot) C.C.Walker,Asteraceae Senecio antandroi Scott Elliot,(Scott Elliot),243816-1,,,44(2): 122,,,,,,,,,,,,17/06/2026 12:45,17/06/2026 12:45,,,Asteraceae,Madasenecio antandroi,Madasenecio antandroi,Madasenecio,,f,f,,,,,,,,,,,,,,,,,,,,,,,,,,,,,77381692-1,CactusWorld,urn:lsid:ipni.org:publications:20006652-1,2026,2026 [12 Jun 2026],[12 Jun 2026],C.C.Walker,spec.,CactusWorld 44(2): 122. 2026 [12 Jun 2026] ,,,,,11,antandroi,,,f,t,,,,,,,C.C.Walker@28504-1@1@aut$Scott Elliot@9393-1@2@bas,,,comb. nov.,,1.1,f,madasenecio~antandroi,asteraceaemadasenecio~antandroi~,501,wfo-1000090910,,species,,,,
urn:lsid:ipni.org:names:77381694-1,(Humbert) C.C.Walker,Asteraceae Senecio baronii Humbert,(Humbert),244048-1,,,44(2): 122,,,,,,,,,,,,17/06/2026 12:47,17/06/2026 12:47,,,Asteraceae,Madasenecio baronii,Madasenecio baronii,Madasenecio,,f,f,,,,,,,,,,,,,,,,,,,,,,,,,,,,,77381692-1,CactusWorld,urn:lsid:ipni.org:publications:20006652-1,2026,2026 [12 Jun 2026],[12 Jun 2026],C.C.Walker,spec.,CactusWorld 44(2): 122. 2026 [12 Jun 2026] ,,,,,11,baronii,,,f,t,,,,,,,Humbert@4221-1@2@bas$C.C.Walker@28504-1@1@aut,,,comb. nov.,,1.1,f,madasenecio~baronii,asteraceaemadasenecio~baronii~,502,wfo-1000090911,,species,,,,
urn:lsid:ipni.org:names:77381695-1,(Humbert) C.C.Walker,Asteraceae Senecio barorum Humbert,(Humbert),244049-1,,,44(2): 122,,,,,,,,,,,,17/06/2026 12:49,17/06/2026 12:49,,,Asteraceae,Madasenecio barorum,Madasenecio barorum,Madasenecio,,f,f,,,,,,,,,,,,,,,,,,,,,,,,,,,,,77381692-1,CactusWorld,urn:lsid:ipni.org:publications:20006652-1,2026,2026 [12 Jun 2026],[12 Jun 2026],C.C.Walker,spec.,CactusWorld 44(2): 122. 2026 [12 Jun 2026] ,,,,,11,barorum,,,f,t,,,,,,,C.C.Walker@28504-1@1@aut$Humbert@4221-1@2@bas,,,comb. nov.,,1.1,f,madasenecio~barorum,asteraceaemadasenecio~barorum~,503,wfo-1000090912,,species,,,,
urn:lsid:ipni.org:names:77381696-1,(Humbert) C.C.Walker,Asteraceae Senecio × boiteaui Humbert,(Humbert),244147-1,,,44(2): 122,,,,,,,,,,,,17/06/2026 12:50,17/06/2026 12:50,,,Asteraceae,Madasenecio boiteaui,Madasenecio boiteaui,Madasenecio,,f,f,,,,,,,,,,,,,,,,,,,,,,,,,,,,,77381692-1,CactusWorld,urn:lsid:ipni.org:publications:20006652-1,2026,2026 [12 Jun 2026],[12 Jun 2026],C.C.Walker,spec.,CactusWorld 44(2): 122. 2026 [12 Jun 2026] ,,,,,11,boiteaui,,,f,t,,,,,,,Humbert@4221-1@2@bas$C.C.Walker@28504-1@1@aut,,,comb. nov.,,1.1,f,madasenecio~boiteaui,asteraceaemadasenecio~boiteaui~,504,wfo-1000090913,,species,,,,
urn:lsid:ipni.org:names:77381697-1,(Bojer ex DC.) C.C.Walker,Asteraceae Senecio canaliculatus Bojer,(Bojer ex DC.),244318-1,,,44(2): 122,,,,,,,,,,,,17/06/2026 13:02,17/06/2026 13:02,,,Asteraceae,Madasenecio canaliculatus,Madasenecio canaliculatus,Madasenecio,,f,f,,,,,,,,,,,,,,,Incorrect basionym cited but valid under Art. 41.8d. ICN (2025).,,,,,,,,,,,,,,77381692-1,CactusWorld,urn:lsid:ipni.org:publications:20006652-1,2026,2026 [12 Jun 2026],[12 Jun 2026],C.C.Walker,spec.,CactusWorld 44(2): 122. 2026 [12 Jun 2026] ,,,,,12,canaliculatus,,,f,t,,,,,,,DC.@16855-1@3@basEx$Bojer@921-1@2@bas$C.C.Walker@28504-1@1@aut,,,comb. nov.,,1.1,f,madasenecio~canaliculatus,asteraceaemadasenecio~canaliculatus~,505,wfo-1000090914,,species,,,,
urn:lsid:ipni.org:names:77381698-1,(Humbert) C.C.Walker,Asteraceae Senecio capuronii Humbert,(Humbert),244350-1,,,44(2): 122,,,,,,,,,,,,17/06/2026 13:42,18/06/2026 12:26,,,Asteraceae,Madasenecio capuronii,Madasenecio capuronii,Madasenecio,,f,f,,,,,,,,,,,,,,,,,,,,,,,,,,,,,77381692-1,CactusWorld,urn:lsid:ipni.org:publications:20006652-1,2026,2026 [12 Jun 2026],[12 Jun 2026],C.C.Walker,spec.,CactusWorld 44(2): 122. 2026 [12 Jun 2026] ,,,,,11,capuronii,,,f,t,,,,,,,Humbert@4221-1@2@bas$C.C.Walker@28504-1@1@aut,,,comb. nov.,,1.2,f,madasenecio~capuronii,asteraceaemadasenecio~capuronii~,506,wfo-1000090915,,species,,,,
urn:lsid:ipni.org:names:77381699-1,"Vilm., Nois. & Boitard",,,,,,1825: 467,,,,,,,,,,,,17/06/2026 14:12,17/06/2026 14:12,,,Geraniaceae,Geranium speciosissimum,Geranium speciosissimum,Geranium,,f,f,,,,,,,,,,,,,,,,,,,,,,,,,,,,,327764-2,Bon Jard.,urn:lsid:ipni.org:publications:9014-2,1825,1825,,"Vilm., Nois. & Boitard",spec.,Bon Jard. 1825: 467. ,,,,,8,speciosissimum,,,f,t,,,,,,,Vilm.@11201-1@1@aut$Boitard@20012199-2@3@aut$Nois.@7017-1@2@aut,,,tax. nov.,,1.1,f,geranium~speciosissimum,geraniaceaegeranium~speciosissimum~,507,wfo-1000090916,,species,,,,
urn:lsid:ipni.org:names:77381700-1,"Vilm., Nois. & Boitard",,,,,,1825: 467,,,,,,,,,,,,17/06/2026 14:14,17/06/2026 14:14,,,Geraniaceae,Geranium reginae,Geranium reginae,Geranium,,f,f,,,,,,,,,,,,,,,,,,,,,,,,,,,,,327764-2,Bon Jard.,urn:lsid:ipni.org:publications:9014-2,1825,1825,,"Vilm., Nois. & Boitard",spec.,Bon Jard. 1825: 467. ,,,,,8,reginae,,,f,t,,,,,,,Boitard@20012199-2@3@aut$Nois.@7017-1@2@aut$Vilm.@11201-1@1@aut,,,tax. nov.,,1.1,f,geranium~reginae,geraniaceaegeranium~reginae~,508,wfo-1000090917,,species,,,,
urn:lsid:ipni.org:names:77381701-1,"Vilm., Nois. & Boitard",,,,,,1825: 468,,,,,,,,,,,,17/06/2026 14:19,17/06/2026 14:19,,,Geraniaceae,Geranium candidissimum,Geranium candidissimum,Geranium,,f,f,,,,,,,,,,,,,,,,,,,,,,,,,,,,,327764-2,Bon Jard.,urn:lsid:ipni.org:publications:9014-2,1825,1825,,"Vilm., Nois. & Boitard",spec.,Bon Jard. 1825: 468. ,,,,,8,candidissimum,,,f,t,,,,,,,Nois.@7017-1@2@aut$Boitard@20012199-2@3@aut$Vilm.@11201-1@1@aut,,,tax. nov.,,1.1,f,geranium~candidissimum,geraniaceaegeranium~candidissimum~,509,wfo-1000090918,,species,,,,
urn:lsid:ipni.org:names:77381702-1,"Vilm., Nois. & Boitard",,,,,,1825: 468,,,,,,,,,,,,17/06/2026 14:31,17/06/2026 14:31,,,Geraniaceae,Geranium andrewsianum,Geranium andrewsianum,Geranium,,f,f,,,,,,,,,,,,,,,,,,,,,,,,,,,,,327764-2,Bon Jard.,urn:lsid:ipni.org:publications:9014-2,1825,1825,,"Vilm., Nois. & Boitard",spec.,Bon Jard. 1825: 468. ,,,,,8,andrewsianum,,,f,t,,,,,,,Boitard@20012199-2@3@aut$Nois.@7017-1@2@aut$Vilm.@11201-1@1@aut,,,tax. nov.,,1.1,f,geranium~andrewsianum,geraniaceaegeranium~andrewsianum~,510,wfo-1000090919,,species,,,,
urn:lsid:ipni.org:names:77381703-1,"Vilm., Nois. & Boitard",,,,,,1825: 468,,,,,,,,,,,,17/06/2026 14:31,17/06/2026 14:31,,,Geraniaceae,Geranium banksianum,Geranium banksianum,Geranium,,f,f,,,,,,,,,,,,,,,,,,,,,,,,,,,,,327764-2,Bon Jard.,urn:lsid:ipni.org:publications:9014-2,1825,1825,,"Vilm., Nois. & Boitard",spec.,Bon Jard. 1825: 468. ,,,,,8,banksianum,,,f,t,,,,,,,Boitard@20012199-2@3@aut$Vilm.@11201-1@1@aut$Nois.@7017-1@2@aut,,,tax. nov.,,1.1,f,geranium~banksianum,geraniaceaegeranium~banksianum~,511,wfo-1000090920,,species,,,,
urn:lsid:ipni.org:names:77381705-1,Rob.Fern. & Michelang.,,,,,,762(3): 207,,31,,1,,15132,1978,,"L.Ruiz-Teran, J.Luteyn &amp; J.A.Dugarte",,,17/06/2026 14:38,19/06/2026 09:48,"Venezuela (Northern South America, Southern America)",,Melastomataceae,Axinaea auriculata,Axinaea auriculata,Axinaea,,f,f,,,,,,,,,,,"Edo. Tachira: Mpio. Jose Maria Vargas/Sucre border, Carretera El Zumbador-Queniquea, ca. 2600 m",,,,,,,,,,,,,,,,,,26188-1,Phytotaxa,urn:lsid:ipni.org:publications:20011462-1,2026,2026 [17 Jun 2026],[17 Jun 2026],Rob.Fern. & Michelang.,spec.,Phytotaxa 762(3): 207. 2026 [17 Jun 2026] ,,doi:10.11646/phytotaxa.762.3.1 [english] Etymology: The specific epithet is a reference to the leaf auricles present on this species.,,,11,auriculata,,,f,t,,holotype MERF;isotype NY 02450451,,,,,Michelang.@20006687-2@2@aut$Rob.Fern.@20032161-1@1@aut,,,tax. nov.,,1.4,f,axinaea~auriculata,melastomataceaeaxinaea~auriculata~,512,wfo-1000090921,,species,,,,
urn:lsid:ipni.org:names:77381706-1,"Rob.Fern., N.Jaram. & Michelang.",,,,,,762(3): 223,,21,,5,,74261,1984,,B.Ollgaard &amp; J.E.Madsen,,,17/06/2026 14:38,19/06/2026 09:56,"Ecuador (Western South America, Southern America)",,Melastomataceae,Axinaea kiru,Axinaea kiru,Axinaea,,f,f,,,,,,,,,,,"Prov. Loja/Zamora-Chinchipe: [Cant. Palanda, Parroq. Valladolid] Parque Nacional Podocarpus, at pass n road yangana-Valladolid, ca. 2800 m",,,,,,,,,,,,,,,,,,26188-1,Phytotaxa,urn:lsid:ipni.org:publications:20011462-1,2026,2026 [17 Jun 2026],[17 Jun 2026],"Rob.Fern., N.Jaram. & Michelang.",spec.,Phytotaxa 762(3): 223. 2026 [17 Jun 2026] ,,"doi:10.11646/phytotaxa.762.3.1 [english] Etymology: The specific epithet is a noun in apposition derived from the Quecha 'kiru' meaning tooth, which refers to the denticulate to serrate leaf margins of this species.",,,11,kiru,,,f,t,,holotype LOJA;isotype AAU;isotype F 2111597;isotype MO 04814471;isotype QCNE 136423;isotype U 0102492,,,,,Michelang.@20006687-2@3@aut$Rob.Fern.@20032161-1@1@aut$N.Jaram.@20040127-1@2@aut,,,tax. nov.,,1.4,f,axinaea~kiru,melastomataceaeaxinaea~kiru~,513,wfo-1000090922,,species,,,,
urn:lsid:ipni.org:names:77381707-1,"Rob.Fern., C.Ulloa & Michelang.",,,,,,762(3): 227,,7,,6,,1863,2010,,"C.Ulloa, J.Lopez &amp; D.Wringe",,,17/06/2026 14:38,19/06/2026 09:57,"Ecuador (Western South America, Southern America)",,Melastomataceae,Axinaea matangae,Axinaea matangae,Axinaea,,f,f,,,,,,,,,,,"Prov. Azuay: Cant. Sigsig, Parroq. Cutchil, Via Sigsig-Paramo de Matanga, 119 km, 2820 m",,,,,,,,,,,,,,,,,,26188-1,Phytotaxa,urn:lsid:ipni.org:publications:20011462-1,2026,2026 [17 Jun 2026],[17 Jun 2026],"Rob.Fern., C.Ulloa & Michelang.",spec.,Phytotaxa 762(3): 227. 2026 [17 Jun 2026] ,,"doi:10.11646/phytotaxa.762.3.1 [english] Etymology: The specific epithet refers to the paramo of Matanga, on the ridge of the Eastern Andean cordillera in south-central Ecuador at the border of Azuay and Morona-Santiago provinces.",,,11,matangae,,,f,t,,holotype MO 6357575;isotype HA;isotype NY 1653315;isotype QCA 197275; 212096,,,,,Rob.Fern.@20032161-1@1@aut$C.Ulloa@37104-1@2@aut$Michelang.@20006687-2@3@aut,,,tax. nov.,,1.4,f,axinaea~matangae,melastomataceaeaxinaea~matangae~,514,wfo-1000090923,,species,,,,
urn:lsid:ipni.org:names:77381709-1,"Rob.Fern., J.S.Murillo & Michelang.",,,,,,762(3): 211,,9,,3,,1784,1990,,J.Betancur &amp; O.Marulanda,,,17/06/2026 14:38,19/06/2026 09:50,"Colombia (Western South America, Southern America)",,Melastomataceae,Axinaea frustrata,Axinaea frustrata,Axinaea,,f,f,,,,,,,,,,,"Dpto. Antioquia: Mpio. Medellin. Las Palmas, El Penasco, Sitio Manantial, 2330 m",,,,,,,,,,,,,,,,,,26188-1,Phytotaxa,urn:lsid:ipni.org:publications:20011462-1,2026,2026 [17 Jun 2026],[17 Jun 2026],"Rob.Fern., J.S.Murillo & Michelang.",spec.,Phytotaxa 762(3): 211. 2026 [17 Jun 2026] ,,doi:10.11646/phytotaxa.762.3.1 [english] Etymology: The specific epithet is a reference to the frustrations the first author experienced whilst conducting morphological study of this genus.,,,11,frustrata,,,f,t,,holotype HUA 71311;isotype MO 05032414;isotype NY 02424042;isotype US 02924800,,,,,Michelang.@20006687-2@3@aut$J.S.Murillo@20045447-1@2@aut$Rob.Fern.@20032161-1@1@aut,,,tax. nov.,,1.4,f,axinaea~frustrata,melastomataceaeaxinaea~frustrata~,515,wfo-1000090924,,species,,,,
urn:lsid:ipni.org:names:77381716-1,Rob.Fern. & Michelang.,,,,,,762(3): 220,,25,,11,,2791,1972,,J.J.Wurdack et al.,,,17/06/2026 14:39,17/06/2026 16:03,"Venezuela (Northern South America, Southern America)",,Melastomataceae,Axinaea johnjuliusii,Axinaea johnjuliusii,Axinaea,,f,f,,,,,,,,,,,"Edo. Tachira: [Mpio. Jose Maria Vargas/Sucre border] occasional in scrub forest along Zumbador-Queniquea road, 2700 m",,,,,,,,,,,,,,,,,,26188-1,Phytotaxa,urn:lsid:ipni.org:publications:20011462-1,2026,2026 [17 Jun 2026],[17 Jun 2026],Rob.Fern. & Michelang.,spec.,Phytotaxa 762(3): 220. 2026 [17 Jun 2026] ,,"doi:10.11646/phytotaxa.762.3.1 [english] Etymology: The specific epithet is named in honour of John Julius Wurdack (1921-1998), who originally collected the type specimen and who contributed greatly to the taxonomic study of Melastomataceae.",,,11,johnjuliusii,,,f,t,,holotype MERF;isotype NY 02450548;isotype US 02924796,,,,,Rob.Fern.@20032161-1@1@aut$Michelang.@20006687-2@2@aut,,,tax. nov.,,1.3,f,axinaea~johnjuliusii,melastomataceaeaxinaea~johnjuliusii~,516,wfo-1000090925,,species,,,,
urn:lsid:ipni.org:names:77381717-1,"Rob.Fern., D.Fernández & Michelang.",,,,,,762(3): 215,,22,,7,,1426,2018,,"R.Fernandez-Hilario, W.Chuquitucto, G.Bravo &amp; V.Fack",,,17/06/2026 14:39,19/06/2026 09:52,"Peru (Western South America, Southern America);Ecuador (Western South America, Southern America);",,Melastomataceae,Axinaea huancabambae,Axinaea huancabambae,Axinaea,,f,f,,,,,,,,,,,"Peru: Dpto. Amazonas: Prov. Bongara, Dist. yambrasbamba, Centro de Investigacion de la ONG Neotropical Primate Conservation y bosque 'El Toro' de la Comunidad Campesina de yambrasbamba, 2000 m",,,,,,,,,,,,,,,,,,26188-1,Phytotaxa,urn:lsid:ipni.org:publications:20011462-1,2026,2026 [17 Jun 2026],[17 Jun 2026],"Rob.Fern., D.Fernández & Michelang.",spec.,Phytotaxa 762(3): 215. 2026 [17 Jun 2026] ,,"doi:10.11646/phytotaxa.762.3.1 [english] Etymology: The specific epithet refers to the Amotape-Huancabamba Zone, a biogeographic region located in southern Ecuador and northern Peru.",,,11,huancabambae,,,f,t,,holotype MOLF;isotype HOXA 77731;isotype KUELP 929;isotype NY 4239404,,,,,Rob.Fern.@20032161-1@1@aut$D.Fernández@20013223-1@2@aut$Michelang.@20006687-2@3@aut,,,tax. nov.,,1.4,f,axinaea~huancabambae,melastomataceaeaxinaea~huancabambae~,517,wfo-1000090926,,species,,,,
urn:lsid:ipni.org:names:77381720-1,"Rob.Fern., C.Ulloa & Michelang.",,,,,,762(3): 230,,11,,9,,1707,2001,,E.Cotton &amp; G.Rivas,,,17/06/2026 14:39,19/06/2026 09:59,"Ecuador (Western South America, Southern America)",,Melastomataceae,Axinaea olivacea,Axinaea olivacea,Axinaea,,f,f,,,,,,,,,,,"Prov. Sucumbios: Cant. Sucumbios, Parroq. El Playon de San Francisco, Road Julio Andrade El Playon de San Francisco-Sant Barbara-La Bonita, km 24 from Julio Andrade, 2880 m",,,,,,,,,,,,,,,,,,26188-1,Phytotaxa,urn:lsid:ipni.org:publications:20011462-1,2026,2026 [17 Jun 2026],[17 Jun 2026],"Rob.Fern., C.Ulloa & Michelang.",spec.,Phytotaxa 762(3): 230. 2026 [17 Jun 2026] ,,"doi:10.11646/phytotaxa.762.3.1 [english] Etymology: The specific epithet comes from the Latin 'olivaceus', referring to the olive colour of the abaxial surfaces when dry.",,,11,olivacea,,,f,t,,holotype QCNE 180511;isotype AAU;isotype MO 04837397;isotype NY 02450519;isotype QCA 58130;isotype US 3472497,,,,,Rob.Fern.@20032161-1@1@aut$Michelang.@20006687-2@3@aut$C.Ulloa@37104-1@2@aut,,,tax. nov.,,1.4,f,axinaea~olivacea,melastomataceaeaxinaea~olivacea~,518,wfo-1000090927,,species,,,,
urn:lsid:ipni.org:names:77381721-1,Rob.Fern. & Michelang.,,,,,,762(3): 232,,20,,8,,10669,1992,,R.Callejas &amp; F.Rold�n,,,17/06/2026 14:39,19/06/2026 10:00,"Colombia (Western South America, Southern America)",,Melastomataceae,Axinaea paisa,Axinaea paisa,Axinaea,,f,f,,,,,,,,,,,"Dpto. Antioquia: Mpio. Sonson, Vereda Manzanares abajo, 10 km NE de Sonson, en la via que conduce a 'La Soledad', sitio de coleccion cerca a la escuela rural integrada 'Gregorio Gutierrez Gonzalez', ca. 2420 m",,,,,,,,,,,,,,,,,,26188-1,Phytotaxa,urn:lsid:ipni.org:publications:20011462-1,2026,2026 [17 Jun 2026],[17 Jun 2026],Rob.Fern. & Michelang.,spec.,Phytotaxa 762(3): 232. 2026 [17 Jun 2026] ,,doi:10.11646/phytotaxa.762.3.1 [english] Etymology: The specific epithet is a noun in apposition referring to the Paisa culture of Ecuador.,,,11,paisa,,,f,t,,holotype HUA 83195;isotype NY 02424043,,,,,Michelang.@20006687-2@2@aut$Rob.Fern.@20032161-1@1@aut,,,tax. nov.,,1.4,f,axinaea~paisa,melastomataceaeaxinaea~paisa~,519,wfo-1000090928,,species,,,,
urn:lsid:ipni.org:names:77381722-1,"Rob.Fern., J.S.Murillo & Michelang.",,,,,,762(3): 235,,7,,4,,7809,1989,,"R.Callejas, J.Betancur, O.Escobar &amp; J.Quintero",,,17/06/2026 14:39,19/06/2026 10:02,"Colombia (Western South America, Southern America)",,Melastomataceae,Axinaea titanica,Axinaea titanica,Axinaea,,f,f,,,,,,,,,,,"Dpto. Antioquia: Mpio. Urrao, Corregimiento Encarnacion, sitio El Rio 1 hora de camino del Paramo de Frontino, 3120 m",,,,,,,,,,,,,,,,,,26188-1,Phytotaxa,urn:lsid:ipni.org:publications:20011462-1,2026,2026 [17 Jun 2026],[17 Jun 2026],"Rob.Fern., J.S.Murillo & Michelang.",spec.,Phytotaxa 762(3): 235. 2026 [17 Jun 2026] ,,doi:10.11646/phytotaxa.762.3.1 [english] Etymology: The specific epithet refers to the large petals possessed by this species.,,,11,titanica,,,f,t,,holotype HUA 58902;isotype NY 03108912,,,,,Rob.Fern.@20032161-1@1@aut$Michelang.@20006687-2@3@aut$J.S.Murillo@20045447-1@2@aut,,,tax. nov.,,1.4,f,axinaea~titanica,melastomataceaeaxinaea~titanica~,520,wfo-1000090929,,species,,,,
urn:lsid:ipni.org:names:77381723-1,"Rob.Fern., G.Miranda & Michelang.",,,,,,762(3): 238,,13,,7,,19448,2015,,"A.F.Fuentes, R.Villegas, S.Mamani, C.Manueco, O.Vargas &amp; D.Carrion",,,17/06/2026 14:39,19/06/2026 10:12,"Bolivia (Western South America, Southern America)",,Melastomataceae,Axinaea yunga,Axinaea yunga,Axinaea,,f,f,,,,,,,,,,,"Dpto. La Paz: Prov. Bautista Saavedra, Area Natural de Manejo Integrado Apolobamba, Chullina Sector Titirwaya, 2859 m",,,,,,,,,,,,,,,,,,26188-1,Phytotaxa,urn:lsid:ipni.org:publications:20011462-1,2026,2026 [17 Jun 2026],[17 Jun 2026],"Rob.Fern., G.Miranda & Michelang.",spec.,Phytotaxa 762(3): 238. 2026 [17 Jun 2026] ,,"doi:10.11646/phytotaxa.762.3.1 [english] Etymology: The specific epithet is a noun in apposition and refers to the Yungas ecoregion, humid montane forests of Bolivia.",,,9,yunga,,,f,t,,holotype BOLV;isotype MO 7000356,,,,,G.Miranda@0-0@2@aut$Rob.Fern.@20032161-1@1@aut$Michelang.@20006687-2@3@aut,,,tax. nov.,,1.4,f,axinaea~yunga,melastomataceaeaxinaea~yunga~,521,wfo-1000090930,,species,,,,
urn:lsid:ipni.org:names:77381724-1,"Vilm., Nois. & Boitard",,,,,,1825: 468,,,,,,,,,,,,17/06/2026 14:39,17/06/2026 14:39,,,Geraniaceae,Geranium pavoninum,Geranium pavoninum,Geranium,,f,f,,,,,,,,,,,,,,,,,,,,,,,,,,,,,327764-2,Bon Jard.,urn:lsid:ipni.org:publications:9014-2,1825,1825,,"Vilm., Nois. & Boitard",spec.,Bon Jard. 1825: 468. ,,,,,8,pavoninum,,,f,t,,,,,,,Boitard@20012199-2@3@aut$Vilm.@11201-1@1@aut$Nois.@7017-1@2@aut,,,tax. nov.,,1.1,f,geranium~pavoninum,geraniaceaegeranium~pavoninum~,522,wfo-1200119143,,species,,,,
urn:lsid:ipni.org:names:77381725-1,T.Moore,,,,,,1: 456,,,,,,,,,,,,17/06/2026 15:10,17/06/2026 15:10,,,Gesneriaceae,Achimenes chelsonii,Achimenes chelsonii,Achimenes,,f,f,,,,,,,,,,,,,,,,,,,,,,,,,,,,,16884-1,Proc. Roy. Hort. Soc. London,urn:lsid:ipni.org:publications:9599-2,1860,1860,,T.Moore,spec.,Proc. Roy. Hort. Soc. London 1: 456. 1860 ,,,,,8,chelsonii,,,f,t,,,,,,,T.Moore@6623-1@1@aut,P.Browne@0-0@1@aut,,tax. nov.,,1.1,t,achimenes~chelsonii,gesneriaceaeachimenes~chelsonii~,523,wfo-1000090931,,species,,,,
urn:lsid:ipni.org:names:77381726-1,Hovey,,,,,,1882: 15,,,,,,,,,,,,17/06/2026 15:10,17/06/2026 15:10,,,Amaranthaceae,Achyranthes acuminata,Achyranthes acuminata,Achyranthes,,f,f,,,,,,,,,,,,,,,,,,,,,,,,,,,,,327359-2,Nursery Cat. (Hovey & co.),,1882,1882,,Hovey,spec.,Nursery Cat. (Hovey & co.) 1882: 15. ,,,,,6,acuminata,,,f,t,,,,,,,Hovey@4150-1@1@aut,,,tax. nov.,,1.1,t,achyranthes~acuminata,amaranthaceaeachyranthes~acuminata~,524,wfo-1200119144,,species,,,,
urn:lsid:ipni.org:names:77381727-1,G.Kirchn.,,,,,,189,,,,,,,,,,,,17/06/2026 15:10,17/06/2026 15:10,,,Aceraceae,Acer saira,Acer saira,Acer,,f,f,,,,,,,,,,,,,,,,,,,,,,,,,,,,,328248-2,Arbor. Muscav.,urn:lsid:ipni.org:publications:9327-2,1864,1864,,G.Kirchn.,spec.,Arbor. Muscav. 189. 1864 ,,,,,8,saira,,,f,t,,,,,,,G.Kirchn.@4803-1@1@aut,,,tax. nov.,,1.1,t,acer~saira,aceraceaeacer~saira~,525,wfo-1200119145,,species,,,,
urn:lsid:ipni.org:names:77381728-1,Van Houtte ex T.Moore,,,,,,1: 461,,,,,,,,,,,,17/06/2026 15:10,17/06/2026 15:10,,,Gesneriaceae,Achimenes pulchella,Achimenes pulchella,Achimenes,,f,f,,,,,,,,,,,,,,,,,,,,,,,,,,,,,16884-1,Proc. Roy. Hort. Soc. London,urn:lsid:ipni.org:publications:9599-2,1860,1860,,Van Houtte ex T.Moore,spec.,Proc. Roy. Hort. Soc. London 1: 461. 1860 ,,,,,8,pulchella,,,f,t,,,,,,,T.Moore@6623-1@2@autEx$Van Houtte@34342-1@1@aut,,,tax. nov.,,1.1,t,achimenes~pulchella,gesneriaceaeachimenes~pulchella~,526,wfo-1200119146,,species,,,,
urn:lsid:ipni.org:names:77381729-1,W.P.Fang & B.L.Li,,,,,,2: 62,,,,,,,,,,,,17/06/2026 15:10,17/06/2026 15:10,,,Aceraceae,Acer zhongtianoense,Acer zhongtianoense,Acer,,f,f,,,,,,,,,,,,,,,,,,,,,,,,,,,,,328248-2,J. Shanxi Univ.,,1984,1984,,W.P.Fang & B.L.Li,spec.,J. Shanxi Univ. 2: 62. 1984 ,,,,,6,zhongtianoense,,,f,t,,,,,,,W.P.Fang@2630-1@1@aut$B.L.Li@15160-1@2@aut,,,tax. nov.,,1.1,t,acer~zhongtianoense,aceraceaeacer~zhongtianoense~,527,wfo-0001247880,,species,,,,
urn:lsid:ipni.org:names:77381730-1,(Poepp.) Walp.,Gesneriaceae Trevirana divaricata Poepp.,(Poepp.),256572-2,,,2: 719,,,,,,,,,,,,17/06/2026 15:10,29/06/2026 15:06,,,Gesneriaceae,Achimenes divaricata,Achimenes divaricata,Achimenes,,f,f,,,,,,,,,,,,,,,,,,,,,,,,,,,,,16884-1,Repert. Bot. Syst.,urn:lsid:ipni.org:publications:1471-2,1843,1843,,Walp.,spec.,Repert. Bot. Syst. 2: 719. 1843 ,,,,,11,divaricata,,,f,t,,,,,,,Walp.@11355-1@1@aut$Poepp.@24937-1@2@bas,,,comb. nov.,,1.3,t,achimenes~divaricata,gesneriaceaeachimenes~divaricata~,528,wfo-1200119147,,species,,,,
urn:lsid:ipni.org:names:77381731-1,Low ex T.Moore,,,,,,1: 460,,,,,,,,,,,,17/06/2026 15:10,17/06/2026 15:10,,,Gesneriaceae,Achimenes carminata-splendens,Achimenes carminata-splendens,Achimenes,,f,f,,,,,,,,,,,,,,,,,,,,,,,,,,,,,16884-1,Proc. Roy. Hort. Soc. London,urn:lsid:ipni.org:publications:9599-2,1860,1860,,Low ex T.Moore,spec.,Proc. Roy. Hort. Soc. London 1: 460. 1860 ,,,,,6,carminata-splendens,,,f,t,,,,,,,T.Moore@6623-1@2@autEx$Low@0-0@1@aut,P.Browne@0-0@1@aut,,tax. nov.,,1.1,t,achimenes~carminata-splendens,gesneriaceaeachimenes~carminata-splendens~,529,wfo-1000090932,,species,,,,
urn:lsid:ipni.org:names:77381732-1,Thuill.,,,,,,538,,,,,,,,,,,,17/06/2026 15:10,18/06/2026 10:34,,,Aceraceae,Acer opulifolium,Acer opulifolium,Acer,,f,f,,,,,,,77381777-1,,,,,,,,nom. illeg. later homonym,,nom. illeg.,,,,,,,,,,,,328248-2,Fl. Env. Paris,urn:lsid:ipni.org:publications:5288-2,1790,1790,,Thuill.,spec.,Fl. Env. Paris 538. 1790 ,,,,,10,opulifolium,,,f,t,,,,,,,Thuill.@10644-1@1@aut,,,tax. nov.,,1.2,t,acer~opulifolium,aceraceaeacer~opulifolium~,530,wfo-0000514760,,species,,,,
urn:lsid:ipni.org:names:77381733-1,Hovey,,,,,,1882: 15,,,,,,,,,,,,17/06/2026 15:10,17/06/2026 15:10,,,Amaranthaceae,Achyranthes emersonii,Achyranthes emersonii,Achyranthes,,f,f,,,,,,,,,,,,,,,,,,,,,,,,,,,,,327359-2,Nursery Cat. (Hovey & co.),,1882,1882,,Hovey,spec.,Nursery Cat. (Hovey & co.) 1882: 15. ,,,,,6,emersonii,,,f,t,,,,,,,Hovey@4150-1@1@aut,,,tax. nov.,,1.1,t,achyranthes~emersonii,amaranthaceaeachyranthes~emersonii~,531,wfo-1000090933,,species,,,,
urn:lsid:ipni.org:names:77381734-1,W.Dean ex J.Dix,,,,,,1: 271,,,,,,,,,,,,17/06/2026 15:10,17/06/2026 15:10,,,Gesneriaceae,Achimenes deanii,Achimenes deanii,Achimenes,,f,f,,,,,,,,,,,,,,,,,,,,,,,,,,,,,16884-1,Proc. Roy. Hort. Soc. London,urn:lsid:ipni.org:publications:9599-2,1860,1860,,W.Dean ex J.Dix,spec.,Proc. Roy. Hort. Soc. London 1: 271. 1860 ,,,,,6,deanii,,,f,t,,,,,,,W.Dean@0-0@1@aut$J.Dix@20048375-1@2@autEx,P.Browne@0-0@1@aut,,tax. nov.,,1.1,t,achimenes~deanii,gesneriaceaeachimenes~deanii~,532,wfo-1000090934,,species,,,,
urn:lsid:ipni.org:names:77381735-1,Ortmann,,,,,,42,,,,,,,,,,,,17/06/2026 15:10,17/06/2026 15:10,,,Aceraceae,Acer dittrichii,Acer dittrichii,Acer,,f,f,,,,,,,,,,,,,,,,,,,,,,,,,,,,,328248-2,Nom. Bot.,urn:lsid:ipni.org:publications:1017-2,1831,1831,,Ortmann,spec.,Nom. Bot. 42. 1831 ,,,,,8,dittrichii,,,f,t,,,,,,,Ortmann@7173-1@1@aut,,,tax. nov.,,1.1,t,acer~dittrichii,aceraceaeacer~dittrichii~,533,wfo-1200119148,,species,,,,
urn:lsid:ipni.org:names:77381736-1,W.Bartram,,,,,,80,,,,,,,,,,,,17/06/2026 15:10,06/07/2026 15:06,,,Aceraceae,Acer pumilum,Acer pumilum,Acer,,f,f,,,,,,,,,,,,,,,,,,,,,,,,,,,,,328248-2,List of Trees,urn:lsid:ipni.org:publications:20065113-1,1792,1792,,W.Bartram,spec.,List of Trees 80. 1792 ,,,,,8,pumilum,,,f,t,,,,,,,W.Bartram@520-1@1@aut,,,tax. nov.,,1.2,t,acer~pumilum,aceraceaeacer~pumilum~,534,wfo-0000514939,,species,,,,
urn:lsid:ipni.org:names:77381737-1,Rollisson ex T.Moore,,,,,,1: 461,,,,,,,,,,,,17/06/2026 15:10,17/06/2026 15:10,,,Gesneriaceae,Achimenes purpurea-multiflora,Achimenes purpurea-multiflora,Achimenes,,f,f,,,,,,,,,,,,,,,,,,,,,,,,,,,,,16884-1,Proc. Roy. Hort. Soc. London,urn:lsid:ipni.org:publications:9599-2,1860,1860,,Rollisson ex T.Moore,spec.,Proc. Roy. Hort. Soc. London 1: 461. 1860 ,,,,,8,purpurea-multiflora,,,f,t,,,,,,,T.Moore@6623-1@2@autEx$Rollisson@37563-1@1@aut,P.Browne@0-0@1@aut,,tax. nov.,,1.1,t,achimenes~purpurea-multiflora,gesneriaceaeachimenes~purpurea-multiflora~,535,wfo-1000090935,,species,,,,
urn:lsid:ipni.org:names:77381738-1,(Van Geert) Van Geert,,(Van Geert),,,,58: 4,,,,,,,,,,,,17/06/2026 15:10,17/06/2026 15:10,,,Aceraceae,Acer leopoldii,Acer leopoldii,Acer,,f,f,,,,,,,,,,,,,,,,,,,,,,,,,,,,,328248-2,Nursery Cat. (Auguste Van Geert),urn:lsid:ipni.org:publications:20035657-1,1865,1865,,Van Geert,spec.,Nursery Cat. (Auguste Van Geert) 58: 4. 1865 ,,,,,10,leopoldii,,,f,t,,,,,,,Van Geert@20074382-1@1@aut$Van Geert@20074382-1@2@bas,,,comb. nov.,,1.1,t,acer~leopoldii,aceraceaeacer~leopoldii~,536,wfo-1000090936,,species,,,,
urn:lsid:ipni.org:names:77381739-1,Hovey,,,,,,1882: 15,,,,,,,,,,,,17/06/2026 15:10,17/06/2026 15:10,,,Amaranthaceae,Achyranthes aureus-reticulatus,Achyranthes aureus-reticulatus,Achyranthes,,f,f,,,,,,,,,,,,,,,,,,,,,,,,,,,,,327359-2,Nursery Cat. (Hovey & co.),,1882,1882,,Hovey,spec.,Nursery Cat. (Hovey & co.) 1882: 15. ,,,,,6,aureus-reticulatus,,,f,t,,,,,,,Hovey@4150-1@1@aut,,,tax. nov.,,1.1,t,achyranthes~aureus-reticulatus,amaranthaceaeachyranthes~aureus-reticulatus~,537,wfo-1000090937,,species,,,,
urn:lsid:ipni.org:names:77381740-1,Hovey,,,,,,1882: 15,,,,,,,,,,,,17/06/2026 15:10,17/06/2026 15:10,,,Amaranthaceae,Achyranthes gilsonii,Achyranthes gilsonii,Achyranthes,,f,f,,,,,,,,,,,,,,,,,,,,,,,,,,,,,327359-2,Nursery Cat. (Hovey & co.),,1882,1882,,Hovey,spec.,Nursery Cat. (Hovey & co.) 1882: 15. ,,,,,6,gilsonii,,,f,t,,,,,,,Hovey@4150-1@1@aut,,,tax. nov.,,1.1,t,achyranthes~gilsonii,amaranthaceaeachyranthes~gilsonii~,538,wfo-1000090938,,species,,,,
urn:lsid:ipni.org:names:77381741-1,A.Hansen,,,,,,12: 176,,,,,,,,,,,,17/06/2026 15:10,17/06/2026 15:10,,,Gesneriaceae,Achimenes grandis,Achimenes grandis,Achimenes,,f,f,,,,,,,,,,,,,,,,,,,,,,,,,,,,,16884-1,Abh. Senckenberg. Naturf. Ges.,urn:lsid:ipni.org:publications:7295-2,1880,1880,,A.Hansen,spec.,Abh. Senckenberg. Naturf. Ges. 12: 176. 1880 ,,,,,8,grandis,,,f,t,,,,,,,A.Hansen@3625-1@1@aut,,,tax. nov.,,1.1,t,achimenes~grandis,gesneriaceaeachimenes~grandis~,539,wfo-0000516017,,species,,,,
urn:lsid:ipni.org:names:77381742-1,Hend.,,,,,,1: t. 15,,,,,,,,,,,,17/06/2026 15:10,17/06/2026 15:10,,,Gesneriaceae,Achimenes leighii,Achimenes leighii,Achimenes,,f,f,,,,,,,,,,,,,,,,,,,,,,,,,,,,,16884-1,Ill. Bouquet,urn:lsid:ipni.org:publications:20001495-2,1857,1857,,Hend.,spec.,Ill. Bouquet 1: t. 15. 1857 ,,,,,8,leighii,,,f,t,,,,,,,Hend.@3828-1@1@aut,P.Browne@0-0@1@aut,,tax. nov.,,1.1,t,achimenes~leighii,gesneriaceaeachimenes~leighii~,540,wfo-0000516036,,species,,,,
urn:lsid:ipni.org:names:77381743-1,E.G.Hend. ex T.Moore,,,,,,1: 460,,,,,,,,,,,,17/06/2026 15:10,17/06/2026 15:10,,,Gesneriaceae,Achimenes ignea,Achimenes ignea,Achimenes,,f,f,,,,,,,,,,,,,,,,,,,,,,,,,,,,,16884-1,Proc. Roy. Hort. Soc. London,urn:lsid:ipni.org:publications:9599-2,1860,1860,,E.G.Hend. ex T.Moore,spec.,Proc. Roy. Hort. Soc. London 1: 460. 1860 ,,,,,6,ignea,,,f,t,,,,,,,T.Moore@6623-1@2@autEx$E.G.Hend.@0-0@1@aut,P.Browne@0-0@1@aut,,tax. nov.,,1.1,t,achimenes~ignea,gesneriaceaeachimenes~ignea~,541,wfo-1000090939,,species,,,,
urn:lsid:ipni.org:names:77381744-1,Rollins ex T.Moore,,,,,,1: 460,,,,,,,,,,,,17/06/2026 15:10,17/06/2026 15:10,,,Gesneriaceae,Achimenes elegans-multiflora,Achimenes elegans-multiflora,Achimenes,,f,f,,,,,,,,,,,,,,,,,,,,,,,,,,,,,16884-1,Proc. Roy. Hort. Soc. London,urn:lsid:ipni.org:publications:9599-2,1860,1860,,Rollins ex T.Moore,spec.,Proc. Roy. Hort. Soc. London 1: 460. 1860 ,,,,,8,elegans-multiflora,,,f,t,,,,,,,Rollins@8556-1@1@aut$T.Moore@6623-1@2@autEx,P.Browne@0-0@1@aut,,tax. nov.,,1.1,t,achimenes~elegans-multiflora,gesneriaceaeachimenes~elegans-multiflora~,542,wfo-1000090940,,species,,,,
urn:lsid:ipni.org:names:77381745-1,Schumach.,,,,,,137,,,,,,,,,,,,17/06/2026 15:10,17/06/2026 15:10,,,Amaranthaceae,Achyranthes thonningii,Achyranthes thonningii,Achyranthes,,f,f,,,,,,,,,,,,,,,,,,,,,,,,,,,,,327359-2,Beskr. Guin. Pl.,urn:lsid:ipni.org:publications:854-2,1827,1827,,Schumach.,spec.,Beskr. Guin. Pl. 137. 1827 ,,,,,8,thonningii,,,f,t,,,,,,,Schumach.@26378-1@1@aut,,,tax. nov.,,1.1,t,achyranthes~thonningii,amaranthaceaeachyranthes~thonningii~,543,wfo-1200119149,,species,,,,
urn:lsid:ipni.org:names:77381746-1,Borbás,,,,,,14: 77,,,,,,,,,,,,17/06/2026 15:10,17/06/2026 15:10,,,Aceraceae,Acer luteolum,Acer luteolum,Acer,,f,f,,,,,,,,,,,,,,,,,,,,,,,,,,,,,328248-2,Természetrajzi Füz.,urn:lsid:ipni.org:publications:20006212-1,1891,1891,,Borbás,spec.,Természetrajzi Füz. 14: 77. 1891 ,,,,,8,luteolum,,,f,t,,,,,,,Borbás@977-1@1@aut,,,tax. nov.,,1.1,t,acer~luteolum,aceraceaeacer~luteolum~,544,wfo-0000514506,,species,,,,
urn:lsid:ipni.org:names:77381747-1,Veitch ex T.Moore,,,,,,1: 462,,,,,,,,,,,,17/06/2026 15:10,17/06/2026 15:10,,,Gesneriaceae,Achimenes splendens,Achimenes splendens,Achimenes,,f,f,,,,,,,,,,,,,,,,,,,,,,,,,,,,,16884-1,Proc. Roy. Hort. Soc. London,urn:lsid:ipni.org:publications:9599-2,1860,1860,,Veitch ex T.Moore,spec.,Proc. Roy. Hort. Soc. London 1: 462. 1860 ,,,,,8,splendens,,,f,t,,,,,,,T.Moore@6623-1@2@autEx$Veitch@11109-1@1@aut,P.Browne@0-0@1@aut,,tax. nov.,,1.1,t,achimenes~splendens,gesneriaceaeachimenes~splendens~,545,wfo-1200119150,,species,,,,
urn:lsid:ipni.org:names:77381748-1,Van Houtte ex T.Moore,,,,,,1: 461,,,,,,,,,,,,17/06/2026 15:10,17/06/2026 15:10,,,Gesneriaceae,Achimenes purpurea-grandiflora,Achimenes purpurea-grandiflora,Achimenes,,f,f,,,,,,,,,,,,,,,,,,,,,,,,,,,,,16884-1,Proc. Roy. Hort. Soc. London,urn:lsid:ipni.org:publications:9599-2,1860,1860,,Van Houtte ex T.Moore,spec.,Proc. Roy. Hort. Soc. London 1: 461. 1860 ,,,,,8,purpurea-grandiflora,,,f,t,,,,,,,Van Houtte@34342-1@1@aut$T.Moore@6623-1@2@autEx,P.Browne@0-0@1@aut,,tax. nov.,,1.1,t,achimenes~purpurea-grandiflora,gesneriaceaeachimenes~purpurea-grandiflora~,546,wfo-1000090941,,species,,,,
urn:lsid:ipni.org:names:77381749-1,Hovey,,,,,,1882: 15,,,,,,,,,,,,17/06/2026 15:10,17/06/2026 15:10,,,Amaranthaceae,Achyranthes hoveyi,Achyranthes hoveyi,Achyranthes,,f,f,,,,,,,,,,,,,,,,,,,,,,,,,,,,,327359-2,Nursery Cat. (Hovey & co.),,1882,1882,,Hovey,spec.,Nursery Cat. (Hovey & co.) 1882: 15. ,,,,,6,hoveyi,,,f,t,,,,,,,Hovey@4150-1@1@aut,,,tax. nov.,,1.1,t,achyranthes~hoveyi,amaranthaceaeachyranthes~hoveyi~,547,wfo-1000090942,,species,,,,
urn:lsid:ipni.org:names:77381750-1,Roth,,,,,,5: 547,,,,,,,,,,,,17/06/2026 15:10,17/06/2026 15:10,,,Amaranthaceae,Achyranthes radicans,Achyranthes radicans,Achyranthes,,f,f,,,,,,,,,,,,,,,,,,,,,,,,,,,,,327359-2,"Syst. Veg., ed. 15[bis].",urn:lsid:ipni.org:publications:14665-2,1819,1819,,Roth,spec.,"Syst. Veg., ed. 15[bis]. 5: 547. 1819 , nom. illeg. homonym. post.",", nom. illeg. homonym. post.",,,,8,radicans,,,f,t,,,,,,,Roth@8637-1@1@aut,,,tax. nov.,,1.1,t,achyranthes~radicans,amaranthaceaeachyranthes~radicans~,548,wfo-1200119151,,species,,,,
urn:lsid:ipni.org:names:77381751-1,(Boiss.) Dinsm.,Aceraceae Acer monspessulanum L. var. microphyllum Boiss.,(Boiss.),77209656-1,,,"ed. 2, 1: 280",,,,,,,,,,,,17/06/2026 15:10,18/06/2026 10:16,,,Aceraceae,Acer microphyllum,Acer microphyllum,Acer,,f,f,,,,,,,781393-1,,,,,,,,nom. illeg. later homonym,,nom. illeg.,,,,,,,,,,,,328248-2,Fl. Syria,urn:lsid:ipni.org:publications:5272-2,1933,1933,,Dinsm.,spec.,"Fl. Syria ed. 2, 1: 280. 1933 ",,,,,13,microphyllum,,,f,t,,,,,,,Dinsm.@2223-1@1@aut$Boiss.@16284-1@2@bas,,,comb. et stat. nov.,,1.2,t,acer~microphyllum,aceraceaeacer~microphyllum~,549,wfo-0000514556,,species,,,,
urn:lsid:ipni.org:names:77381752-1,T.Moore,,,,,,1: 456,,,,,,,,,,,,17/06/2026 15:10,17/06/2026 15:10,,,Gesneriaceae,Achimenes dentoniana,Achimenes dentoniana,Achimenes,,f,f,,,,,,,,,,,,,,,,,,,,,,,,,,,,,16884-1,Proc. Roy. Hort. Soc. London,urn:lsid:ipni.org:publications:9599-2,1860,1860,,T.Moore,spec.,Proc. Roy. Hort. Soc. London 1: 456. 1860 ,,,,,8,dentoniana,,,f,t,,,,,,,T.Moore@6623-1@1@aut,P.Browne@0-0@1@aut,,tax. nov.,,1.1,t,achimenes~dentoniana,gesneriaceaeachimenes~dentoniana~,550,wfo-1000090943,,species,,,,
urn:lsid:ipni.org:names:77381753-1,C.Morren,,,,,,19(1): 351,,,,,,,,,,,,17/06/2026 15:10,17/06/2026 15:10,,,Gesneriaceae,Achimenes speciosa,Achimenes speciosa,Achimenes,,f,f,,,,,,,,,,,,,,,,,,,,,,,,,,,,,16884-1,Bull. Acad. Roy. Sci. Belgique,urn:lsid:ipni.org:publications:9037-2,1852,1852,,C.Morren,spec.,Bull. Acad. Roy. Sci. Belgique 19(1): 351. 1852 ,,,,,8,speciosa,,,f,t,,,,,,,C.Morren@6669-1@1@aut,P.Browne@0-0@1@aut,,tax. nov.,,1.1,t,achimenes~speciosa,gesneriaceaeachimenes~speciosa~,551,wfo-0000516085,,species,,,,
urn:lsid:ipni.org:names:77381754-1,Van Houtte ex T.Moore,,,,,,1: 461,,,,,,,,,,,,17/06/2026 15:10,17/06/2026 15:10,,,Gesneriaceae,Achimenes pygmaea,Achimenes pygmaea,Achimenes,,f,f,,,,,,,,,,,,,,,,,,,,,,,,,,,,,16884-1,Proc. Roy. Hort. Soc. London,urn:lsid:ipni.org:publications:9599-2,1860,1860,,Van Houtte ex T.Moore,spec.,Proc. Roy. Hort. Soc. London 1: 461. 1860 ,,,,,8,pygmaea,,,f,t,,,,,,,Van Houtte@34342-1@1@aut$T.Moore@6623-1@2@autEx,P.Browne@0-0@1@aut,,tax. nov.,,1.1,t,achimenes~pygmaea,gesneriaceaeachimenes~pygmaea~,552,wfo-1000090944,,species,,,,
urn:lsid:ipni.org:names:77381755-1,E.G.Hend. ex T.Moore,,,,,,1: 455,,,,,,,,,,,,17/06/2026 15:10,17/06/2026 15:10,,,Gesneriaceae,Achimenes azurea,Achimenes azurea,Achimenes,,f,f,,,,,,,,,,,,,,,,,,,,,,,,,,,,,16884-1,Proc. Roy. Hort. Soc. London,urn:lsid:ipni.org:publications:9599-2,1860,1860,,E.G.Hend. ex T.Moore,spec.,Proc. Roy. Hort. Soc. London 1: 455. 1860 ,,,,,6,azurea,,,f,t,,,,,,,T.Moore@6623-1@2@autEx$E.G.Hend.@0-0@1@aut,P.Browne@0-0@1@aut,,tax. nov.,,1.1,t,achimenes~azurea,gesneriaceaeachimenes~azurea~,553,wfo-1000090945,,species,,,,
urn:lsid:ipni.org:names:77381756-1,Tratt.,,,,,,t. Ackermannia florida,,,,,,,,,,,,17/06/2026 15:10,17/06/2026 15:10,,,Scrophulariaceae,Ackermannia florida,Ackermannia florida,Ackermannia,,f,f,,,,,,,,,,,,,,,,,,,,,,,,,,,,,77380982-1,Freye Auswahl Pflanzenabbild.,,1816,1816,,Tratt.,spec.,Freye Auswahl Pflanzenabbild. t. Ackermannia florida. 1816 ,,,,,6,florida,,,f,t,,,,,,,Tratt.@10793-1@1@aut,,,tax. nov.,,1.1,t,ackermannia~florida,scrophulariaceaeackermannia~florida~,554,wfo-1000048390,,species,,,,
urn:lsid:ipni.org:names:77381757-1,Veitch ex T.Moore,,,,,,1: 459,,,,,,,,,,,,17/06/2026 15:10,17/06/2026 15:10,,,Gesneriaceae,Achimenes purpurea-magnifica,Achimenes purpurea-magnifica,Achimenes,,f,f,,,,,,,,,,,,,,,,,,,,,,,,,,,,,16884-1,Proc. Roy. Hort. Soc. London,urn:lsid:ipni.org:publications:9599-2,1860,1860,,Veitch ex T.Moore,spec.,Proc. Roy. Hort. Soc. London 1: 459. 1860 ,,,,,8,purpurea-magnifica,,,f,t,,,,,,,Veitch@11109-1@1@aut$T.Moore@6623-1@2@autEx,P.Browne@0-0@1@aut,,tax. nov.,,1.1,t,achimenes~purpurea-magnifica,gesneriaceaeachimenes~purpurea-magnifica~,555,wfo-1000090946,,species,,,,
urn:lsid:ipni.org:names:77381758-1,T.Moore,,,,,,1: 463,,,,,,,,,,,,17/06/2026 15:10,17/06/2026 15:10,,,Gesneriaceae,Achimenes hendersonii,Achimenes hendersonii,Achimenes,,f,f,,,,,,,,,,,,,,,,,,,,,,,,,,,,,16884-1,Proc. Roy. Hort. Soc. London,urn:lsid:ipni.org:publications:9599-2,1860,1860,,T.Moore,spec.,Proc. Roy. Hort. Soc. London 1: 463. 1860 ,,,,,8,hendersonii,,,f,t,,,,,,,T.Moore@6623-1@1@aut,P.Browne@0-0@1@aut,,tax. nov.,,1.1,t,achimenes~hendersonii,gesneriaceaeachimenes~hendersonii~,556,wfo-1000090947,,species,,,,
urn:lsid:ipni.org:names:77381759-1,Van Houtte ex T.Moore,,,,,,1: 461,,,,,,,,,,,,17/06/2026 15:10,17/06/2026 15:10,,,Gesneriaceae,Achimenes reginae,Achimenes reginae,Achimenes,,f,f,,,,,,,,,,,,,,,,,,,,,,,,,,,,,16884-1,Proc. Roy. Hort. Soc. London,urn:lsid:ipni.org:publications:9599-2,1860,1860,,Van Houtte ex T.Moore,spec.,Proc. Roy. Hort. Soc. London 1: 461. 1860 ,,,,,8,reginae,,,f,t,,,,,,,T.Moore@6623-1@2@autEx$Van Houtte@34342-1@1@aut,P.Browne@0-0@1@aut,,tax. nov.,,1.1,t,achimenes~reginae,gesneriaceaeachimenes~reginae~,557,wfo-1000090948,,species,,,,
urn:lsid:ipni.org:names:77381760-1,(Roxb. ex G.Don) Bosse,Elaeocarpaceae Elaeocarpus ganitrus Roxb. ex G.Don,(Roxb. ex G.Don),324127-1,,,4: 12,,,,,,,,,,,,17/06/2026 15:10,17/06/2026 15:10,,,Elaeocarpaceae,Aceratium ganitrum,Aceratium ganitrum,Aceratium,,f,f,,,,,,,,,,,,,,,,,,,,,,,,,,,,,84745-3,"Vollst. Handb. Bl.-Gärtn., ed. 2.",,1849,1849,,Bosse,spec.,"Vollst. Handb. Bl.-Gärtn., ed. 2. 4: 12. 1849 ",,,,,9,ganitrum,,,f,t,,,,,,,G.Don@2268-1@3@basEx$Roxb.@8682-1@2@bas$Bosse@1008-1@1@aut,,,comb. nov.,,1.1,t,aceratium~ganitrum,elaeocarpaceaeaceratium~ganitrum~,558,wfo-1000061349,,species,,,,
urn:lsid:ipni.org:names:77381761-1,(Kunth) F.Dietr.,Malvaceae Malvaviscus acapulcensis Kunth,(Kunth),562234-1,,,1: 18,,,,,,,,,,,,17/06/2026 15:10,17/06/2026 15:10,,,Malvaceae,Achania acapulcensis,Achania acapulcensis,Achania,,f,f,,,,,,,,,,,,,,,,,,,,,,,,,,,,,25772-1,Neu. Nachtr. Vollst. Lex. Gärtn.,urn:lsid:ipni.org:publications:7916-2,1825,1825,,F.Dietr.,spec.,Neu. Nachtr. Vollst. Lex. Gärtn. 1: 18. 1825 ,,,,,11,acapulcensis,,,f,t,,,,,,,Kunth@21866-1@2@bas$F.Dietr.@2208-1@1@aut,,,comb. nov.,,1.1,t,achania~acapulcensis,malvaceaeachania~acapulcensis~,559,wfo-1000064918,,species,,,,
urn:lsid:ipni.org:names:77381762-1,(Planch. & Linden) Van Houtte,Gesneriaceae Tydaea amabilis Planch. & Linden,(Planch. & Linden),383281-1,,,10: 253,,,,,,,,,,,,17/06/2026 15:10,17/06/2026 15:10,,,Gesneriaceae,Achimenes amabilis,Achimenes amabilis,Achimenes,,f,f,,,,,,,,,,,,,,,,,,,,,,,,,,,,,16884-1,Fl. Serres Jard. Eur.,urn:lsid:ipni.org:publications:1443-2,1856,1856,,Van Houtte,spec.,Fl. Serres Jard. Eur. 10: 253. 1856 ,,,,,11,amabilis,,,f,t,,,,,,,Van Houtte@34342-1@1@aut$Linden@5612-1@3@bas$Planch.@7738-1@2@bas,,,comb. nov.,,1.1,t,achimenes~amabilis,gesneriaceaeachimenes~amabilis~,560,wfo-0000747551,,species,,,,
urn:lsid:ipni.org:names:77381763-1,(Kunth) F.Dietr.,Malvaceae Malvaviscus grandiflorus Kunth,(Kunth),562264-1,,,1: 17,,,,,,,,,,,,17/06/2026 15:10,18/06/2026 10:46,,,Malvaceae,Achania grandiflora,Achania grandiflora,Achania,,f,f,,,,,,,,,,,,,,,,,,,,,,,,,,,,,25772-1,Neu. Nachtr. Vollst. Lex. Gärtn.,urn:lsid:ipni.org:publications:7916-2,1825,1825,,F.Dietr.,spec.,"Neu. Nachtr. Vollst. Lex. Gärtn. 1: 17. 1825 , as 'grandiflorus'",", as 'grandiflorus'",,,,11,grandiflora,,,f,t,,,,,,,Kunth@21866-1@2@bas$F.Dietr.@2208-1@1@aut,,,comb. nov.,,1.2,t,achania~grandiflora,malvaceaeachania~grandiflora~,561,wfo-1000090949,,species,,,,
urn:lsid:ipni.org:names:77381764-1,(Poepp. & Endl.) Walp.,Gesneriaceae Trevirana mollis Poepp. & Endl.,(Poepp. & Endl.),383099-1,,,2: 719,,,,,,,,,,,,17/06/2026 15:10,29/06/2026 15:06,,,Gesneriaceae,Achimenes mollis,Achimenes mollis,Achimenes,,f,f,,,,,,,,,,,,,,,,,,,,,,,,,,,,,16884-1,Repert. Bot. Syst.,urn:lsid:ipni.org:publications:1471-2,1843,1843,,Walp.,spec.,Repert. Bot. Syst. 2: 719. 1843 ,,,,,11,mollis,,,f,t,,,,,,,Endl.@18490-1@3@bas$Poepp.@24937-1@2@bas$Walp.@11355-1@1@aut,,,comb. nov.,,1.3,t,achimenes~mollis,gesneriaceaeachimenes~mollis~,562,wfo-1200023233,,species,,,,
urn:lsid:ipni.org:names:77381765-1,E.G.Hend. ex T.Moore,,,,,,1: 458,,,,,,,,,,,,17/06/2026 15:10,17/06/2026 15:10,,,Gesneriaceae,Achimenes latifolia-pallida,Achimenes latifolia-pallida,Achimenes,,f,f,,,,,,,,,,,,,,,,,,,,,,,,,,,,,16884-1,Proc. Roy. Hort. Soc. London,urn:lsid:ipni.org:publications:9599-2,1860,1860,,E.G.Hend. ex T.Moore,spec.,Proc. Roy. Hort. Soc. London 1: 458. 1860 ,,,,,6,latifolia-pallida,,,f,t,,,,,,,T.Moore@6623-1@2@autEx$E.G.Hend.@0-0@1@aut,P.Browne@0-0@1@aut,,tax. nov.,,1.1,t,achimenes~latifolia-pallida,gesneriaceaeachimenes~latifolia-pallida~,563,wfo-1000090950,,species,,,,
urn:lsid:ipni.org:names:77381766-1,Koidz.,,,,,,32: 15,,,,,,,,,,,,17/06/2026 15:11,17/06/2026 15:11,,,Aceraceae,Acer kawakamii,Acer kawakamii,Acer,,f,f,,,,,,,,,,,,,,,,,,,,,,,,,,,,,328248-2,J. Coll. Sci. Imp. Univ. Tokyo,urn:lsid:ipni.org:publications:679-2,1911,1911,,Koidz.,spec.,J. Coll. Sci. Imp. Univ. Tokyo 32: 15. 1911 ,,,,,8,kawakamii,,,f,t,,,,,,,Koidz.@4931-1@1@aut,,,tax. nov.,,1.1,t,acer~kawakamii,aceraceaeacer~kawakamii~,564,wfo-0000745047,,species,,,,
urn:lsid:ipni.org:names:77381767-1,H.Lév.,,,,,,25: 37,,,,,,,,,,,,17/06/2026 15:11,17/06/2026 15:11,,,Asteraceae,Achillea nanoides,Achillea nanoides,Achillea,,f,f,,,,,,,,,,,,,,,,,,,,,,,,,,,,,60436826-2,Bull. Géogr. Bot.,urn:lsid:ipni.org:publications:20019080-1,1915,1915,,H.Lév.,spec.,Bull. Géogr. Bot. 25: 37. 1915 ,,,,,8,nanoides,,,f,t,,,,,,,H.Lév.@12648-1@1@aut,,,tax. nov.,,1.1,t,achillea~nanoides,asteraceaeachillea~nanoides~,565,wfo-1000090951,,species,,,,
urn:lsid:ipni.org:names:77381768-1,(Späth) Goeschke,,(Späth),,,,7: 411,,,,,,,,,,,,17/06/2026 15:11,17/06/2026 15:11,,,Aceraceae,Acer weiri-laciniatum,Acer weiri-laciniatum,Acer,,f,f,,,,,,,,,,,,,,,,,,,,,,,,,,,,,328248-2,Wiener Ill. Gart.-Zeitung,urn:lsid:ipni.org:publications:9859-2,1882,1882,,Goeschke,spec.,Wiener Ill. Gart.-Zeitung 7: 411. 1882 ,,,,,10,weiri-laciniatum,,,f,t,,,,,,,Späth@13088-1@2@bas$Goeschke@14000-1@1@aut,,,comb. nov.,,1.1,t,acer~weiri-laciniatum,aceraceaeacer~weiri-laciniatum~,566,wfo-1000090952,,species,,,,
urn:lsid:ipni.org:names:77381769-1,(Burm.f.) Merr.,Amaranthaceae Iresine persica Burm.f.,(Burm.f.),60816-1,,,19: 348,,,,,,,,,,,,17/06/2026 15:11,17/06/2026 15:11,,,Amaranthaceae,Achyranthes persica,Achyranthes persica,Achyranthes,,f,f,,,,,,,,,,,,,,,,,,,,,,,,,,,,,327359-2,Philipp. J. Sci.,urn:lsid:ipni.org:publications:772-2,1921,1921,,Merr.,spec.,Philipp. J. Sci. 19: 348. 1921 ,,,,,11,persica,,,f,t,,,,,,,Merr.@6376-1@1@aut$Burm.f.@12368-1@2@bas,,,comb. nov.,,1.1,t,achyranthes~persica,amaranthaceaeachyranthes~persica~,567,wfo-1200119152,,species,,,,
urn:lsid:ipni.org:names:77381770-1,T.Moore,,,,,,1: 455,,,,,,,,,,,,17/06/2026 15:11,17/06/2026 15:11,,,Gesneriaceae,Achimenes belmontiensis,Achimenes belmontiensis,Achimenes,,f,f,,,,,,,,,,,,,,,,,,,,,,,,,,,,,16884-1,Proc. Roy. Hort. Soc. London,urn:lsid:ipni.org:publications:9599-2,1860,1860,,T.Moore,spec.,Proc. Roy. Hort. Soc. London 1: 455. 1860 ,,,,,8,belmontiensis,,,f,t,,,,,,,T.Moore@6623-1@1@aut,P.Browne@0-0@1@aut,,tax. nov.,,1.1,t,achimenes~belmontiensis,gesneriaceaeachimenes~belmontiensis~,568,wfo-1200119153,,species,,,,
urn:lsid:ipni.org:names:77381771-1,(G.Nicholson) H.Hara,,(G.Nicholson),,,,3: 105,,,,,,,,,,,,17/06/2026 15:11,17/06/2026 15:11,,,Aceraceae,Acer marmoratum,Acer marmoratum,Acer,,f,f,,,,,,,,,,,,,,,,,,,,,,,,,,,,,328248-2,Enum. Spermatophytarum Japon.,urn:lsid:ipni.org:publications:19435-2,1954,1954,,H.Hara,spec.,Enum. Spermatophytarum Japon. 3: 105. 1954 ,,,,,10,marmoratum,,,f,t,,,,,,,G.Nicholson@24052-1@2@bas$H.Hara@3643-1@1@aut,,,comb. nov.,,1.1,t,acer~marmoratum,aceraceaeacer~marmoratum~,569,wfo-0000745048,,species,,,,
urn:lsid:ipni.org:names:77381772-1,Koidz.,,,,,,39: 316,,,,,,,,,,,,17/06/2026 15:11,18/06/2026 10:09,,,Aceraceae,Acer eupalmatum,Acer eupalmatum,Acer,,f,f,,,,,,,,,,,,,,,nom. illeg. nom. superfl.,,nom. illeg.,,,,,,,,,,,,328248-2,Bot. Mag. (Tokyo),urn:lsid:ipni.org:publications:555-2,1925,1925,,Koidz.,spec.,Bot. Mag. (Tokyo) 39: 316. 1925 ,,,,,9,eupalmatum,,,f,t,,,,,,,Koidz.@4931-1@1@aut,,,tax. nov.,,1.2,t,acer~eupalmatum,aceraceaeacer~eupalmatum~,570,wfo-0001078675,,species,,,,
urn:lsid:ipni.org:names:77381773-1,Bornm. ex Stapf,,,,,,30: 141,,,,,,,,,,,,17/06/2026 15:11,18/06/2026 10:37,,,Aceraceae,Acer canescens,Acer canescens,Acer,,f,f,,,,,,,,,,,,,,,nom. inval.    orth. var.,,nom. inval.,,,,,,,,,,,,328248-2,"J. Linn. Soc., Bot.",urn:lsid:ipni.org:publications:682-2,1894,1894,,Bornm. ex Stapf,spec.,"J. Linn. Soc., Bot. 30: 141. 1894 ",,,,,9,canescens,,,f,t,,,,,,,Stapf@27136-1@2@autEx$Bornm.@16356-1@1@aut,,,tax. nov.,,1.2,t,acer~canescens,aceraceaeacer~canescens~,571,wfo-0000514063,,species,,,,
urn:lsid:ipni.org:names:77381774-1,J.Harrison,,,,,,20: 295,,,,,,,,,,,,17/06/2026 15:11,17/06/2026 15:11,,,Gesneriaceae,Achimenes hillii,Achimenes hillii,Achimenes,,f,f,,,,,,,,,,,,,,,,,,,,,,,,,,,,,16884-1,Floric. Cab. & Florist's Mag.,urn:lsid:ipni.org:publications:14031-2,1852,1852,,J.Harrison,spec.,Floric. Cab. & Florist's Mag. 20: 295. 1852 ,,,,,8,hillii,,,f,t,,,,,,,J.Harrison@20016366-2@1@aut,,,tax. nov.,,1.1,t,achimenes~hillii,gesneriaceaeachimenes~hillii~,572,wfo-1200119154,,species,,,,
urn:lsid:ipni.org:names:77381775-1,Overeynder,,,,,,7: 372,,,,,,,,,,,,17/06/2026 15:11,17/06/2026 15:11,,,Aceraceae,Acer lorbergii,Acer lorbergii,Acer,,f,f,,,,,,,,,,,,,,,,,,,,,,,,,,,,,328248-2,Sieboldia,,1881,1881,,Overeynder,spec.,Sieboldia 7: 372. 1881 ,,,,,4,lorbergii,,,f,t,,,,,,,Overeynder@0-0@1@aut,,,tax. nov.,,1.1,t,acer~lorbergii,aceraceaeacer~lorbergii~,573,wfo-1000090953,,species,,,,
urn:lsid:ipni.org:names:77381776-1,(Poepp. & Endl.) Walp.,Gesneriaceae Trevirana scabra Poepp. & Endl.,(Poepp. & Endl.),383103-1,,,2: 719,,,,,,,,,,,,17/06/2026 15:11,17/06/2026 15:11,,,Gesneriaceae,Achimenes scabra,Achimenes scabra,Achimenes,,f,f,,,,,,,,,,,,,,,,,,,,,,,,,,,,,16884-1,Repert. Bot. Syst.,,1843,1843,,Walp.,spec.,Repert. Bot. Syst. 2: 719. 1843 ,,,,,9,scabra,,,f,t,,,,,,,Poepp.@24937-1@2@bas$Walp.@11355-1@1@aut$Endl.@18490-1@3@bas,,,comb. nov.,,1.1,t,achimenes~scabra,gesneriaceaeachimenes~scabra~,574,wfo-1200023234,,species,,,,
urn:lsid:ipni.org:names:77381777-1,Chaix,,,,,,29,,,,,,,,,,,,17/06/2026 15:11,17/06/2026 15:11,,,Aceraceae,Acer opulifolium,Acer opulifolium,Acer,,f,f,,,,,,,,,,,,,,,,,,,,,,,,,,,,,328248-2,Pl. Vapinc.,urn:lsid:ipni.org:publications:20003420-2,1785,1785,,Chaix,spec.,Pl. Vapinc. 29. 1785 ,,,,,8,opulifolium,,,f,t,,,,,,,Chaix@1493-1@1@aut,,,tax. nov.,,1.1,t,acer~opulifolium,aceraceaeacer~opulifolium~,575,wfo-0000514759,,species,,,,
urn:lsid:ipni.org:names:77381778-1,Veitch ex T.Moore,,,,,,1: 461,,,,,,,,,,,,17/06/2026 15:11,17/06/2026 15:11,,,Gesneriaceae,Achimenes monfordii,Achimenes monfordii,Achimenes,,f,f,,,,,,,,,,,,,,,,,,,,,,,,,,,,,16884-1,Proc. Roy. Hort. Soc. London,urn:lsid:ipni.org:publications:9599-2,1860,1860,,Veitch ex T.Moore,spec.,Proc. Roy. Hort. Soc. London 1: 461. 1860 ,,,,,8,monfordii,,,f,t,,,,,,,Veitch@11109-1@1@aut$T.Moore@6623-1@2@autEx,P.Browne@0-0@1@aut,,tax. nov.,,1.1,t,achimenes~monfordii,gesneriaceaeachimenes~monfordii~,576,wfo-1000090954,,species,,,,
urn:lsid:ipni.org:names:77381779-1,T.Moore,,,,,,1: 455,,,,,,,,,,,,17/06/2026 15:11,17/06/2026 15:11,,,Gesneriaceae,Achimenes bodneri-hirsuta,Achimenes bodneri-hirsuta,Achimenes,,f,f,,,,,,,,,,,,,,,,,,,,,,,,,,,,,16884-1,Proc. Roy. Hort. Soc. London,urn:lsid:ipni.org:publications:9599-2,1860,1860,,T.Moore,spec.,Proc. Roy. Hort. Soc. London 1: 455. 1860 ,,,,,8,bodneri-hirsuta,,,f,t,,,,,,,T.Moore@6623-1@1@aut,P.Browne@0-0@1@aut,,tax. nov.,,1.1,t,achimenes~bodneri-hirsuta,gesneriaceaeachimenes~bodneri-hirsuta~,577,wfo-1000090955,,species,,,,
urn:lsid:ipni.org:names:77381780-1,(Porta) A.W.Hill,Asteraceae Achillea pinnatisecta Porta,(Porta),174188-1,,,Suppl. 8: 3,,,,,,,,,,,,17/06/2026 15:11,17/06/2026 15:11,,,Asteraceae,Achillea ligustica,Achillea ligustica,Achillea,,f,f,,,,,,,,,,,,,,,,,,,,,,,,,,,,,60436826-2,Index Kew.,urn:lsid:ipni.org:publications:1285-2,1933,1933,,A.W.Hill,spec.,Index Kew. Suppl. 8: 3. 1933 ,,,,,11,ligustica,,,f,t,,,,,,,A.W.Hill@3944-1@1@aut$Porta@7861-1@2@bas,,,comb. nov.,,1.1,t,achillea~ligustica,asteraceaeachillea~ligustica~,578,wfo-1200119155,,species,,,,
urn:lsid:ipni.org:names:77381781-1,(Poepp. & Endl.) Benth. ex Walp.,Gesneriaceae Trevirana urticifolia Poepp. & Endl.,(Poepp. & Endl.),383106-1,,,2: 719,,,,,,,,,,,,17/06/2026 15:11,17/06/2026 15:11,,,Gesneriaceae,Achimenes urticifolia,Achimenes urticifolia,Achimenes,,f,f,,,,,,,,,,,,,,,,,,,,,,,,,,,,,16884-1,Repert. Bot. Syst.,,1843,1843,,Benth. ex Walp.,spec.,Repert. Bot. Syst. 2: 719. 1843 ,,,,,9,urticifolia,,,f,t,,,,,,,Walp.@11355-1@2@autEx$Benth.@15956-1@1@aut$Poepp.@24937-1@3@bas$Endl.@18490-1@4@bas,,,comb. nov.,,1.1,t,achimenes~urticifolia,gesneriaceaeachimenes~urticifolia~,579,wfo-1200119156,,species,,,,
urn:lsid:ipni.org:names:77381782-1,Siesmayer,,,,,,3: 268,,,,,,,,,,,,17/06/2026 15:11,17/06/2026 15:11,,,Aceraceae,Acer trinerve,Acer trinerve,Acer,,f,f,,,,,,,,,,,,,,,,,,,,,,,,,,,,,328248-2,Möller's Deutsche Gärtn.-Zeitung,urn:lsid:ipni.org:publications:9421-2,1888,1888,,Siesmayer,spec.,Möller's Deutsche Gärtn.-Zeitung 3: 268. 1888 ,,,,,6,trinerve,,,f,t,,,,,,,Siesmayer@0-0@1@aut,,,tax. nov.,,1.1,t,acer~trinerve,aceraceaeacer~trinerve~,580,wfo-0000515244,,species,,,,
urn:lsid:ipni.org:names:77381783-1,Bosse,,,,,,1: 222,,,,,,,,,,,,17/06/2026 15:11,18/06/2026 11:31,,,Gesneriaceae,Achimenes sanguinea,Achimenes sanguinea,Achimenes,,f,f,,,,,,,,,,,,,,,,,,,,,,,,,,,,,16884-1,"Vollst. Handb. Bl.-gärtn., ed. 3",urn:lsid:ipni.org:publications:17914-2,1859,1859,,Bosse,spec.,"Vollst. Handb. Bl.-gärtn., ed. 3 1: 222. 1859 ",,,,,8,sanguinea,,,f,t,,,,,,,Bosse@1008-1@1@aut,,,tax. nov.,,1.2,t,achimenes~sanguinea,gesneriaceaeachimenes~sanguinea~,581,wfo-1200119157,,species,,,,
urn:lsid:ipni.org:names:77381784-1,Hend.,,,,,,1: t. 14,,,,,,,,,,,,17/06/2026 15:11,17/06/2026 15:11,,,Gesneriaceae,Achimenes eeckhautei,Achimenes eeckhautei,Achimenes,,f,f,,,,,,,,,,,,,,,,,,,,,,,,,,,,,16884-1,Ill. Bouquet,urn:lsid:ipni.org:publications:20001495-2,1857,1857,,Hend.,spec.,Ill. Bouquet 1: t. 14. 1857 ,,,,,8,eeckhautei,,,f,t,,,,,,,Hend.@3828-1@1@aut,P.Browne@0-0@1@aut,,tax. nov.,,1.1,t,achimenes~eeckhautei,gesneriaceaeachimenes~eeckhautei~,582,wfo-0000515991,,species,,,,
urn:lsid:ipni.org:names:77381785-1,(Hack.) Tzvelev,Poaceae Stipa regeliana Hack.,(Hack.),423704-1,,,43: 22,,,,,,,,,,,,17/06/2026 15:11,17/06/2026 15:11,,,Poaceae,Achnatherum regelianum,Achnatherum regelianum,Achnatherum,,f,f,,,,,,,,,,,,,,,,,,,,,,,,,,,,,326281-2,Novosti Sist. Vyssh. Rast.,urn:lsid:ipni.org:publications:1027-2,2012,2012,,Tzvelev,spec.,Novosti Sist. Vyssh. Rast. 43: 22. 2012 ,,,,,11,regelianum,,,f,t,,,,,,,Tzvelev@10947-1@1@aut$Hack.@3523-1@2@bas,,,comb. nov.,,1.1,t,achnatherum~regelianum,poaceaeachnatherum~regelianum~,583,wfo-1000090956,,species,,,,
urn:lsid:ipni.org:names:77381786-1,(Hook.f.) Benth. & Hook.f.,Apiaceae Angelica decipiens Hook.f.,(Hook.f.),837596-1,,,1: 916,,,,,,,,,,,,17/06/2026 15:11,17/06/2026 15:11,,,Apiaceae,Aciphylla decipiens,Aciphylla decipiens,Aciphylla,,f,f,,,,,,,,,,,,,,,,,,,,,,,,,,,,,39607-1,Gen. Pl.,urn:lsid:ipni.org:publications:9106-2,1867,1867,,Benth. & Hook.f.,spec.,Gen. Pl. 1: 916. 1867 ,,,,,11,decipiens,,,f,t,,,,,,,Hook.f.@4084-1@2@aut$Hook.f.@4084-1@3@bas$Benth.@15956-1@1@aut,,,comb. nov.,,1.1,t,aciphylla~decipiens,apiaceaeaciphylla~decipiens~,584,wfo-0000516621,,species,,,,
urn:lsid:ipni.org:names:77381787-1,H.Koidz.,,,,,,14: 346,,,,,,,,,,,,17/06/2026 15:11,17/06/2026 15:11,,,Aceraceae,Acer subpedatum,Acer subpedatum,Acer,,f,f,,,,,,,,,,,,,,,,,,,,,,,,,,,,,328248-2,"J. Historic Sites, Places of Scenic Beauty & Nat. Monum.",,1933,1933,,H.Koidz.,spec.,"J. Historic Sites, Places of Scenic Beauty & Nat. Monum. 14: 346. 1933 ",,,,,6,subpedatum,,,f,t,,,,,,,H.Koidz.@4932-1@1@aut,,,tax. nov.,,1.1,t,acer~subpedatum,aceraceaeacer~subpedatum~,585,wfo-1000090957,,species,,,,
urn:lsid:ipni.org:names:77381788-1,P.C.Tsoong,,,,,,3: 415,,,,,,,,,,,,17/06/2026 15:11,17/06/2026 15:11,,,Aceraceae,Acer miaotense,Acer miaotense,Acer,,f,f,,,,,,,,,,,,,,,,,,,,,,,,,,,,,328248-2,Acta Phytotax. Sin.,urn:lsid:ipni.org:publications:511-2,1955,1955,,P.C.Tsoong,spec.,Acta Phytotax. Sin. 3: 415. 1955 ,,,,,8,miaotense,,,f,t,,,,,,,P.C.Tsoong@10884-1@1@aut,,,tax. nov.,,1.1,t,acer~miaotense,aceraceaeacer~miaotense~,586,wfo-0000514550,,species,,,,
urn:lsid:ipni.org:names:77381789-1,Pax,,,,,,6: 296,,,,,,,,,,,,17/06/2026 15:11,17/06/2026 15:11,,,Aceraceae,Acer serratum,Acer serratum,Acer,,f,f,,,,,,,,,,,,,,,,,,,,,,,,,,,,,328248-2,Bot. Jahrb. Syst.,urn:lsid:ipni.org:publications:553-2,1885,1885,,Pax,spec.,Bot. Jahrb. Syst. 6: 296. 1885 ,,,,,8,serratum,,,f,t,,,,,,,Pax@7425-1@1@aut,,,tax. nov.,,1.1,t,acer~serratum,aceraceaeacer~serratum~,587,wfo-0000745274,,species,,,,
urn:lsid:ipni.org:names:77381790-1,Bosse,,,,,,1: 218,,,,,,,,,,,,17/06/2026 15:11,18/06/2026 11:40,,,Gesneriaceae,Achimenes bodmeri,Achimenes bodmeri,Achimenes,,f,f,,,,,,,,,,,,,,,,,,,,,,,,,,,,,16884-1,"Vollst. Handb. Bl.-gärtn., ed. 3",urn:lsid:ipni.org:publications:17914-2,1859,1859,,Bosse,spec.,"Vollst. Handb. Bl.-gärtn., ed. 3 1: 218. 1859 ",,,,,8,bodmeri,,,f,t,,,,,,,Bosse@1008-1@1@aut,,,tax. nov.,,1.2,t,achimenes~bodmeri,gesneriaceaeachimenes~bodmeri~,588,wfo-1000090958,,species,,,,
urn:lsid:ipni.org:names:77381791-1,Van Geert,,,,,,76: 2,,,,,,,,,,,,17/06/2026 15:11,17/06/2026 15:11,,,Amaranthaceae,Achyranthes wallisii,Achyranthes wallisii,Achyranthes,,f,f,,,,,,,,,,,,,,,,,,,,,,,,,,,,,327359-2,Nursery Cat. (Auguste Van Geert),urn:lsid:ipni.org:publications:20035657-1,1878,1878,,Van Geert,spec.,Nursery Cat. (Auguste Van Geert) 76: 2. 1878 ,,,,,8,wallisii,,,f,t,,,,,,,Van Geert@20074382-1@1@aut,,,tax. nov.,,1.1,t,achyranthes~wallisii,amaranthaceaeachyranthes~wallisii~,589,wfo-1000090959,,species,,,,
urn:lsid:ipni.org:names:77381792-1,Hovey,,,,,,1883: 1,,,,,,,,,,,,17/06/2026 15:11,17/06/2026 15:11,,,Amaranthaceae,Achyranthes colinsii,Achyranthes colinsii,Achyranthes,,f,f,,,,,,,,,,,,,,,,,,,,,,,,,,,,,327359-2,Nursery Cat. (Hovey & co.),,1883,1883,,Hovey,spec.,Nursery Cat. (Hovey & co.) 1883: 1. ,,,,,6,colinsii,,,f,t,,,,,,,Hovey@4150-1@1@aut,,,tax. nov.,,1.1,t,achyranthes~colinsii,amaranthaceaeachyranthes~colinsii~,590,wfo-1000090960,,species,,,,
urn:lsid:ipni.org:names:77381793-1,T.Moore,,,,,,1: 463,,,,,,,,,,,,17/06/2026 15:11,17/06/2026 15:11,,,Gesneriaceae,Achimenes reticulata,Achimenes reticulata,Achimenes,,f,f,,,,,,,,,,,,,,,,,,,,,,,,,,,,,16884-1,Proc. Roy. Hort. Soc. London,urn:lsid:ipni.org:publications:9599-2,1860,1860,,T.Moore,spec.,Proc. Roy. Hort. Soc. London 1: 463. 1860 ,,,,,8,reticulata,,,f,t,,,,,,,T.Moore@6623-1@1@aut,P.Browne@0-0@1@aut,,tax. nov.,,1.1,t,achimenes~reticulata,gesneriaceaeachimenes~reticulata~,591,wfo-1000090961,,species,,,,
urn:lsid:ipni.org:names:77381794-1,(L.f.) Kuntze,Leguminosae Aspalathus heterophylla L.f.,(L.f.),475585-1,,,1: 156,,,,,,,,,,,,17/06/2026 15:11,18/06/2026 12:22,,,Leguminosae,Achyronia heterophylla,Achyronia heterophylla,Achyronia,,f,f,,,,,,,,,,,,,,,,,,,,,,,,,,,,,21563-1,Revis. Gen. Pl.,urn:lsid:ipni.org:publications:1063-2,1892,1892,,Kuntze,spec.,Revis. Gen. Pl. 1: 156. 1892 ,,,,,11,heterophylla,,,f,t,,,,,,,L.f.@22405-1@2@bas$Kuntze@12634-1@1@aut,,,comb. nov.,,1.2,t,achyronia~heterophylla,leguminosaeachyronia~heterophylla~,592,wfo-1000065019,,species,,,,
urn:lsid:ipni.org:names:77381795-1,Veitch ex T.Moore,,,,,,1: 459,,,,,,,,,,,,17/06/2026 15:11,17/06/2026 15:11,,,Gesneriaceae,Achimenes tugwelliana,Achimenes tugwelliana,Achimenes,,f,f,,,,,,,,,,,,,,,,,,,,,,,,,,,,,16884-1,Proc. Roy. Hort. Soc. London,urn:lsid:ipni.org:publications:9599-2,1860,1860,,Veitch ex T.Moore,spec.,Proc. Roy. Hort. Soc. London 1: 459. 1860 ,,,,,8,tugwelliana,,,f,t,,,,,,,Veitch@11109-1@1@aut$T.Moore@6623-1@2@autEx,,,tax. nov.,,1.1,t,achimenes~tugwelliana,gesneriaceaeachimenes~tugwelliana~,593,wfo-1000090962,,species,,,,
urn:lsid:ipni.org:names:77381796-1,E.G.Hend. ex T.Moore,,,,,,1: 455,,,,,,,,,,,,17/06/2026 15:11,17/06/2026 15:11,,,Gesneriaceae,Achimenes biernannii,Achimenes biernannii,Achimenes,,f,f,,,,,,,,,,,,,,,,,,,,,,,,,,,,,16884-1,Proc. Roy. Hort. Soc. London,urn:lsid:ipni.org:publications:9599-2,1860,1860,,E.G.Hend. ex T.Moore,spec.,Proc. Roy. Hort. Soc. London 1: 455. 1860 ,,,,,6,biernannii,,,f,t,,,,,,,T.Moore@6623-1@2@autEx$E.G.Hend.@0-0@1@aut,P.Browne@0-0@1@aut,,tax. nov.,,1.1,t,achimenes~biernannii,gesneriaceaeachimenes~biernannii~,594,wfo-1000090963,,species,,,,
urn:lsid:ipni.org:names:77381797-1,Tawada,,,,,,5: 32,,,,,,,,,,,,17/06/2026 15:11,17/06/2026 15:11,,,Amaranthaceae,Achyranthes daito-insularis,Achyranthes daito-insularis,Achyranthes,,f,f,,,,,,,,,,,,,,,,,,,,,,,,,,,,,327359-2,Biol. Mag.,urn:lsid:ipni.org:publications:12721-2,1968,1968,,Tawada,spec.,Biol. Mag. 5: 32. 1968 ,,,,,8,daito-insularis,,,f,t,,,,,,,Tawada@10459-1@1@aut,,,tax. nov.,,1.1,t,achyranthes~daito-insularis,amaranthaceaeachyranthes~daito-insularis~,595,wfo-0000496373,,species,,,,
urn:lsid:ipni.org:names:77381798-1,T.Moore,,,,,,1: 463,,,,,,,,,,,,17/06/2026 15:11,17/06/2026 15:11,,,Gesneriaceae,Achimenes parsonsii,Achimenes parsonsii,Achimenes,,f,f,,,,,,,,,,,,,,,,,,,,,,,,,,,,,16884-1,Proc. Roy. Hort. Soc. London,urn:lsid:ipni.org:publications:9599-2,1860,1860,,T.Moore,spec.,Proc. Roy. Hort. Soc. London 1: 463. 1860 ,,,,,8,parsonsii,,,f,t,,,,,,,T.Moore@6623-1@1@aut,P.Browne@0-0@1@aut,,tax. nov.,,1.1,t,achimenes~parsonsii,gesneriaceaeachimenes~parsonsii~,596,wfo-1200119158,,species,,,,
urn:lsid:ipni.org:names:77381799-1,(Pax) Ramaley,Aceraceae Acer negundo  var. texanum Pax,(Pax),1840-2,,,5: 60,,,,,,,,,,,,17/06/2026 15:11,17/06/2026 15:11,,,Aceraceae,Acer texanum,Acer texanum,Acer,,f,f,,,,,,,,,,,,,,,,,,,,,,,,,,,,,328248-2,Univ. Colorado Stud.,urn:lsid:ipni.org:publications:16371-2,1907,1907,,Ramaley,spec.,Univ. Colorado Stud. 5: 60. 1907 ,,,,,11,texanum,,,f,t,,,,,,,Pax@7425-1@2@bas$Ramaley@8114-1@1@aut,,,comb. et stat. nov.,,1.1,t,acer~texanum,aceraceaeacer~texanum~,597,wfo-1000090964,,species,,,,
urn:lsid:ipni.org:names:77381800-1,(Schwer.) Koidz.,,(Schwer.),,,,39: 306,,,,,,,,,,,,17/06/2026 15:11,17/06/2026 15:11,,,Aceraceae,Acer euseptemlobum,Acer euseptemlobum,Acer,,f,f,,,,,,,,,,,,,,,,,,,,,,,,,,,,,328248-2,Bot. Mag. (Tokyo),urn:lsid:ipni.org:publications:555-2,1925,1925,,Koidz.,spec.,Bot. Mag. (Tokyo) 39: 306. 1925 ,,,,,10,euseptemlobum,,,f,t,,,,,,,Koidz.@4931-1@1@aut$Schwer.@9374-1@2@bas,,,comb. nov.,,1.1,t,acer~euseptemlobum,aceraceaeacer~euseptemlobum~,598,wfo-0001078677,,species,,,,
urn:lsid:ipni.org:names:77381801-1,Voss,,,,,,1: 792,,,,,,,,,,,,17/06/2026 15:11,17/06/2026 15:11,,,Gesneriaceae,Achimenes chirita,Achimenes chirita,Achimenes,,f,f,,,,,,,,,,,,,,,,,,,,,,,,,,,,,16884-1,"Vilm. Blumengärtn., ed. 3.",urn:lsid:ipni.org:publications:1400-2,1894,1894,,Voss,spec.,"Vilm. Blumengärtn., ed. 3. 1: 792. 1894 ",,,,,8,chirita,,,f,t,,,,,,,Voss@11267-1@1@aut,,,tax. nov.,,1.1,t,achimenes~chirita,gesneriaceaeachimenes~chirita~,599,wfo-0000515978,,species,,,,
urn:lsid:ipni.org:names:77381802-1,E.Mey. ex Cooke & Wright,,,,,,5(1): 429,,,,,,,,,,,,17/06/2026 15:11,17/06/2026 15:11,,,Amaranthaceae,Achyranthes acuminata,Achyranthes acuminata,Achyranthes,,f,f,,,,,,,,,,,,,,,,,,,,,,,,,,,,,327359-2,Fl. Cap.,,1910,1910,,E.Mey. ex Cooke & Wright,spec.,"Fl. Cap. 5(1): 429. 1910 , nom. illeg. homonym. post.",", nom. illeg. homonym. post.",,,,6,acuminata,,,f,t,,,,,,,E.Mey.@6413-1@1@aut$Wright@11883-1@3@autEx$Cooke@1783-1@2@autEx,,,tax. nov.,,1.1,t,achyranthes~acuminata,amaranthaceaeachyranthes~acuminata~,600,wfo-1200119159,,species,,,,
urn:lsid:ipni.org:names:77381803-1,"Vilm., Nois. & Boitard",,,,,,1825: 469,,,,,,,,,,,,17/06/2026 15:20,17/06/2026 15:20,,,Geraniaceae,Geranium coelestinum,Geranium coelestinum,Geranium,,f,f,,,,,,,,,,,,,,,,,,,,,,,,,,,,,327764-2,Bon Jard.,urn:lsid:ipni.org:publications:9014-2,1825,1825,,"Vilm., Nois. & Boitard",spec.,Bon Jard. 1825: 469. ,,,,,8,coelestinum,,,f,t,,,,,,,Boitard@20012199-2@3@aut$Nois.@7017-1@2@aut$Vilm.@11201-1@1@aut,,,tax. nov.,,1.1,f,geranium~coelestinum,geraniaceaegeranium~coelestinum~,601,wfo-1200119160,,species,,,,
urn:lsid:ipni.org:names:77381804-1,"Vilm., Nois. & Boitard",,,,,,1825: 469,,,,,,,,,,,,17/06/2026 15:24,17/06/2026 15:24,,,Geraniaceae,Geranium bristolianum,Geranium bristolianum,Geranium,,f,f,,,,,,,,,,,,,,,,,,,,,,,,,,,,,327764-2,Bon Jard.,urn:lsid:ipni.org:publications:9014-2,1825,1825,,"Vilm., Nois. & Boitard",spec.,Bon Jard. 1825: 469. ,,,,,8,bristolianum,,,f,t,,,,,,,Vilm.@11201-1@1@aut$Nois.@7017-1@2@aut$Boitard@20012199-2@3@aut,,,tax. nov.,,1.1,f,geranium~bristolianum,geraniaceaegeranium~bristolianum~,602,wfo-1000090965,,species,,,,
urn:lsid:ipni.org:names:77381805-1,"Vilm., Nois. & Boitard",,,,,,1825: 469,,,,,,,,,,,,17/06/2026 15:27,17/06/2026 15:27,,,Geraniaceae,Geranium concolor,Geranium concolor,Geranium,,f,f,,,,,,,,,,,,,,,,,,,,,,,,,,,,,327764-2,Bon Jard.,urn:lsid:ipni.org:publications:9014-2,1825,1825,,"Vilm., Nois. & Boitard",spec.,Bon Jard. 1825: 469. ,,,,,8,concolor,,,f,t,,,,,,,Nois.@7017-1@2@aut$Boitard@20012199-2@3@aut$Vilm.@11201-1@1@aut,,,tax. nov.,,1.1,f,geranium~concolor,geraniaceaegeranium~concolor~,603,wfo-1000090966,,species,,,,
urn:lsid:ipni.org:names:77381806-1,"Vilm., Nois. & Boitard",,,,,,1825: 469,,,,,,,,,,,,17/06/2026 15:31,17/06/2026 15:31,,,Geraniaceae,Geranium losadianum,Geranium losadianum,Geranium,,f,f,,,,,,,,,,,,,,,,,,,,,,,,,,,,,327764-2,Bon Jard.,urn:lsid:ipni.org:publications:9014-2,1825,1825,,"Vilm., Nois. & Boitard",spec.,Bon Jard. 1825: 469. ,,,,,8,losadianum,,,f,t,,,,,,,Vilm.@11201-1@1@aut$Boitard@20012199-2@3@aut$Nois.@7017-1@2@aut,,,tax. nov.,,1.1,f,geranium~losadianum,geraniaceaegeranium~losadianum~,604,wfo-1000090967,,species,,,,
urn:lsid:ipni.org:names:77381807-1,"Vilm., Nois. & Boitard",,,,,,1825: 469,,,,,,,,,,,,17/06/2026 15:32,17/06/2026 15:32,,,Geraniaceae,Geranium bayleyanum,Geranium bayleyanum,Geranium,,f,f,,,,,,,,,,,,,,,,,,,,,,,,,,,,,327764-2,Bon Jard.,urn:lsid:ipni.org:publications:9014-2,1825,1825,,"Vilm., Nois. & Boitard",spec.,Bon Jard. 1825: 469. ,,,,,8,bayleyanum,,,f,t,,,,,,,Vilm.@11201-1@1@aut$Nois.@7017-1@2@aut$Boitard@20012199-2@3@aut,,,tax. nov.,,1.1,f,geranium~bayleyanum,geraniaceaegeranium~bayleyanum~,605,wfo-1000090968,,species,,,,
urn:lsid:ipni.org:names:77381808-1,"Vilm., Nois. & Boitard",,,,,,1825: 469,,,,,,,,,,,,17/06/2026 15:32,17/06/2026 15:32,,,Geraniaceae,Geranium majestuosum,Geranium majestuosum,Geranium,,f,f,,,,,,,,,,,,,,,,,,,,,,,,,,,,,327764-2,Bon Jard.,urn:lsid:ipni.org:publications:9014-2,1825,1825,,"Vilm., Nois. & Boitard",spec.,Bon Jard. 1825: 469. ,,,,,8,majestuosum,,,f,t,,,,,,,Vilm.@11201-1@1@aut$Nois.@7017-1@2@aut$Boitard@20012199-2@3@aut,,,tax. nov.,,1.1,f,geranium~majestuosum,geraniaceaegeranium~majestuosum~,606,wfo-1000090969,,species,,,,
urn:lsid:ipni.org:names:77381809-1,"Vilm., Nois. & Boitard",,,,,,1825: 470,,,,,,,,,,,,17/06/2026 15:33,17/06/2026 15:35,,,Geraniaceae,Geranium colvillei,Geranium colvillei,Geranium,,f,f,,,,,,,,,,,,,,,,,,,,,,,,,,,,,327764-2,Bon Jard.,urn:lsid:ipni.org:publications:9014-2,1825,1825,,"Vilm., Nois. & Boitard",spec.,"Bon Jard. 1825: 470. , as 'Colvillii'",", as 'Colvillii'",Etymology: the specific epithet is named for 'De Coleville'.,,,8,colvillei,,,f,t,,,,,,,Vilm.@11201-1@1@aut$Boitard@20012199-2@3@aut$Nois.@7017-1@2@aut,,,tax. nov.,,1.2,f,geranium~colvillei,geraniaceaegeranium~colvillei~,607,wfo-1000090970,,species,,,,
urn:lsid:ipni.org:names:77381810-1,"Vilm., Nois. & Boitard",,,,,,1825: 471,,,,,,,,,,,,17/06/2026 15:36,17/06/2026 15:36,,,Geraniaceae,Geranium wellsianum,Geranium wellsianum,Geranium,,f,f,,,,,,,,,,,,,,,,,,,,,,,,,,,,,327764-2,Bon Jard.,urn:lsid:ipni.org:publications:9014-2,1825,1825,,"Vilm., Nois. & Boitard",spec.,Bon Jard. 1825: 471. ,,,,,8,wellsianum,,,f,t,,,,,,,Nois.@7017-1@2@aut$Vilm.@11201-1@1@aut$Boitard@20012199-2@3@aut,,,tax. nov.,,1.1,f,geranium~wellsianum,geraniaceaegeranium~wellsianum~,608,wfo-1000090971,,species,,,,
urn:lsid:ipni.org:names:77381811-1,"Vilm., Nois. & Boitard",,,,,,1825: 471,,,,,,,,,,,,17/06/2026 15:37,17/06/2026 15:37,,,Geraniaceae,Geranium multinerve,Geranium multinerve,Geranium,,f,f,,,,,,,,,,,,,,,,,,,,,,,,,,,,,327764-2,Bon Jard.,urn:lsid:ipni.org:publications:9014-2,1825,1825,,"Vilm., Nois. & Boitard",spec.,Bon Jard. 1825: 471. ,,,,,8,multinerve,,,f,t,,,,,,,Vilm.@11201-1@1@aut$Boitard@20012199-2@3@aut$Nois.@7017-1@2@aut,,,tax. nov.,,1.1,f,geranium~multinerve,geraniaceaegeranium~multinerve~,609,wfo-1000090972,,species,,,,
urn:lsid:ipni.org:names:77381812-1,"Vilm., Nois. & Boitard",,,,,,1825: 471,,,,,,,,,,,,17/06/2026 15:38,17/06/2026 15:38,,,Geraniaceae,Geranium husseyanum,Geranium husseyanum,Geranium,,f,f,,,,,,,,,,,,,,,,,,,,,,,,,,,,,327764-2,Bon Jard.,urn:lsid:ipni.org:publications:9014-2,1825,1825,,"Vilm., Nois. & Boitard",spec.,Bon Jard. 1825: 471. ,,,,,8,husseyanum,,,f,t,,,,,,,Vilm.@11201-1@1@aut$Nois.@7017-1@2@aut$Boitard@20012199-2@3@aut,,,tax. nov.,,1.1,f,geranium~husseyanum,geraniaceaegeranium~husseyanum~,610,wfo-1000090973,,species,,,,
urn:lsid:ipni.org:names:77381813-1,"Vilm., Nois. & Boitard",,,,,,1825: 475,,,,,,,,,,,,17/06/2026 15:40,17/06/2026 15:40,,,Malvaceae,Malva divaricata,Malva divaricata,Malva,,f,f,,,,,,,,,,,,,,,,,,,,,,,,,,,,,60436984-2,Bon Jard.,urn:lsid:ipni.org:publications:9014-2,1825,1825,,"Vilm., Nois. & Boitard",spec.,Bon Jard. 1825: 475. ,,,,,8,divaricata,,,f,t,,,,,,,Nois.@7017-1@2@aut$Boitard@20012199-2@3@aut$Vilm.@11201-1@1@aut,,,tax. nov.,,1.1,f,malva~divaricata,malvaceaemalva~divaricata~,611,wfo-1200119161,,species,,,,
urn:lsid:ipni.org:names:77381814-1,"Vilm., Nois. & Boitard",,,,,,1825: 476,,,,,,,,,,,,17/06/2026 15:44,18/06/2026 09:53,,,Malvaceae,Alcea rosa-sinensis,Alcea rosa-sinensis,Alcea,,f,f,,,,,,,,,,,,,,,,,,,,,,,,,,,,,25775-1,Bon Jard.,urn:lsid:ipni.org:publications:9014-2,1825,1825,,"Vilm., Nois. & Boitard",spec.,Bon Jard. 1825: 476. ,,,,,8,rosa-sinensis,,,f,t,,,,,,,Vilm.@11201-1@1@aut$Nois.@7017-1@2@aut$Boitard@20012199-2@3@aut,,,tax. nov.,,1.2,f,alcea~rosa-sinensis,malvaceaealcea~rosa-sinensis~,612,wfo-1000090974,,species,,,,
urn:lsid:ipni.org:names:77381815-1,"Desf. ex Vilm., Nois. & Boitard",,,,,,1825: 593,,,,,,,,,,,,17/06/2026 15:49,18/06/2026 10:00,,,Malpighiaceae,Malpighia macrophylla,Malpighia macrophylla,Malpighia,,f,f,,,,,,,308406-2,,,,,,,,nom. illeg. later homonym,,nom. illeg.,,,,,,,,,,,,30006755-2,Bon Jard.,urn:lsid:ipni.org:publications:9014-2,1825,1825,,"Desf. ex Vilm., Nois. & Boitard",spec.,Bon Jard. 1825: 593. ,,,,,10,macrophylla,,,f,t,,,,,,,Desf.@17958-1@1@aut$Boitard@20012199-2@4@autEx$Vilm.@11201-1@2@autEx$Nois.@7017-1@3@autEx,,,tax. nov.,,1.3,f,malpighia~macrophylla,malpighiaceaemalpighia~macrophylla~,613,wfo-1200119162,,species,,,,
urn:lsid:ipni.org:names:77381816-1,"Vilm., Nois. & Boitard",,,,,,1825: 635,,,,,,,,,,,,17/06/2026 15:50,17/06/2026 15:50,,,Rosaceae,Pyrus indica,Pyrus indica,Pyrus,,f,f,,,,,,,,,,,,,,,,,,,,,,,,,,,,,30000967-2,Bon Jard.,urn:lsid:ipni.org:publications:9014-2,1825,1825,,"Vilm., Nois. & Boitard",spec.,Bon Jard. 1825: 635. ,,,,,8,indica,,,f,t,,,,,,,Vilm.@11201-1@1@aut$Nois.@7017-1@2@aut$Boitard@20012199-2@3@aut,,,tax. nov.,,1.1,f,pyrus~indica,rosaceaepyrus~indica~,614,wfo-1200119163,,species,,,,
urn:lsid:ipni.org:names:77381817-1,S.P.Dong & H.B.Yang,,,,,,276: 254,,30,,5,,DSP202503,2025,,"Shu-Peng Dong, Jian-Qi Dong &amp; Long-Wei Pang",,,17/06/2026 16:02,18/06/2026 10:12,"Hainan (China, Asia-Temperate)",E,Rubiaceae,Argostemma baotingense,Argostemma baotingense,Argostemma,,f,f,,,,,,,,18,33,34,"Baoting County, Tonganling Mountain, 730 m",109,32,26,,,,,,N,,,,,,,,,34173-1,PhytoKeys,urn:lsid:ipni.org:publications:20011997-1,2026,2026 [18 Jun 2026],[18 Jun 2026],S.P.Dong & H.B.Yang,spec.,PhytoKeys 276: 254. 2026 [18 Jun 2026] ,,"doi:10.3897/phytokeys.276.195404 [english] Etymology: 'The specific epithet 'baotingense' is derived from the type locality, Baoting County'.",,,11,baotingense,,,f,t,,"holotype ATCH;isotype IBSC IBSC1104113, 1104114",,,,,S.P.Dong@20045126-1@1@aut$H.B.Yang@20020696-1@2@aut,,,tax. nov.,,1.3,f,argostemma~baotingense,rubiaceaeargostemma~baotingense~,615,wfo-1000090975,,species,,,,
urn:lsid:ipni.org:names:77381819-1,Rech.f.,,,,,,49: 1,,,,,,,,,,,,18/06/2026 00:22,18/06/2026 00:22,,,Polygonaceae,Rumex tuberosus var. turcomanicus,Rumex tuberosus var. turcomanicus,Rumex,,f,f,,,,,turcomanicus,,,,,,,,,,,,,,,,,,,,,,,,224519-2,Repert. Spec. Nov. Regni Veg.,urn:lsid:ipni.org:publications:788-2,1940,1940,,Rech.f.,var.,Repert. Spec. Nov. Regni Veg. 49: 1. 1940 ,,,,,8,tuberosus,L.,,f,t,,,,,,,Rech.f.@8215-1@1@aut,L.@12653-1@1@aut,,tax. nov.,,1.1,f,rumex~tuberosusturcomanicus,polygonaceaerumex~tuberosusturcomanicus,616,wfo-0001101725,,variety,,,,
urn:lsid:ipni.org:names:77381820-1,Ridl.,,,,,,6: 169,,,,,,,,,,,,18/06/2026 08:06,18/06/2026 10:21,,,Nepenthaceae,Nepenthes singalana var. alba,Nepenthes singalana var. alba,Nepenthes,,f,f,,,,,alba,,,,,,,,,,,,,,,,,,,,,,,,603804-1,J. Fed. Malay States Mus.,urn:lsid:ipni.org:publications:1575-2,1915,1915,,Ridl.,var.,J. Fed. Malay States Mus. 6: 169. 1915 ,,,,,8,singalana,Becc.,,f,t,,,,,,,Ridl.@8381-1@1@aut,Becc.@0-0@1@aut,,tax. nov.,,1.3,f,nepenthes~singalanaalba,nepenthaceaenepenthes~singalanaalba,617,wfo-0001304662,,variety,,,,
urn:lsid:ipni.org:names:77381821-1,(M.L.Zhou & Yu Tang) A.Hu Wang & L.Tan,Polygonaceae Fagopyrum caudatum (Sam.) A.J.Li var. grandiflorum M.L.Zhou & Yu Tang,(M.L.Zhou & Yu Tang),77316219-1,,,276: 270,,,,,,,,,,,,18/06/2026 08:28,22/06/2026 13:13,,,Polygonaceae,Fagopyrum grandiflorum,Fagopyrum grandiflorum,Fagopyrum,,f,f,,,,,,,,,,,,,,,,,,,,,,,,,,,,null:,331606-2,PhytoKeys,urn:lsid:ipni.org:publications:20011997-1,2026,2026 [18 Jun 2026],[18 Jun 2026],A.Hu Wang & L.Tan,spec.,PhytoKeys 276: 270. 2026 [18 Jun 2026] ,,doi:10.3897/phytokeys.276.196051,,,11,grandiflorum,,,f,t,,,,,,,L.Tan@20099406-1@2@aut$Yu Tang@20059800-1@4@bas$A.Hu Wang@20099405-1@1@aut$M.L.Zhou@20018476-2@3@bas,,,comb. et stat. nov.,,1.4,f,fagopyrum~grandiflorum,polygonaceaefagopyrum~grandiflorum~,618,wfo-1000090976,,species,,,,
urn:lsid:ipni.org:names:77381822-1,(J.Raynal) C.C.Walker,Asteraceae Senecio cedrorum J.Raynal,(J.Raynal),244401-1,,,44(2): 122,,,,,,,,,,,,18/06/2026 12:30,18/06/2026 12:35,,,Asteraceae,Madasenecio cedrorum,Madasenecio cedrorum,Madasenecio,,f,f,,,,,,,,,,,,,,,,,,,,,,,,,,,,,77381692-1,CactusWorld,urn:lsid:ipni.org:publications:20006652-1,2026,2026 [12 Jun 2026],[12 Jun 2026],C.C.Walker,spec.,CactusWorld 44(2): 122. 2026 [12 Jun 2026] ,,,,,11,cedrorum,,,f,t,,,,,,,C.C.Walker@28504-1@1@aut$J.Raynal@8194-1@2@bas,,,comb. nov.,,1.2,f,madasenecio~cedrorum,asteraceaemadasenecio~cedrorum~,619,wfo-1000090977,,species,,,,
urn:lsid:ipni.org:names:77381823-1,(Humbert) C.C.Walker,Asteraceae Senecio crassissimus Humbert,(Humbert),244664-1,,,44(2): 122,,,,,,,,,,,,18/06/2026 12:35,18/06/2026 12:35,,,Asteraceae,Madasenecio crassissimus,Madasenecio crassissimus,Madasenecio,,f,f,,,,,,,,,,,,,,,,,,,,,,,,,,,,,77381692-1,CactusWorld,urn:lsid:ipni.org:publications:20006652-1,2026,2026 [12 Jun 2026],[12 Jun 2026],C.C.Walker,spec.,CactusWorld 44(2): 122. 2026 [12 Jun 2026] ,,,,,11,crassissimus,,,f,t,,,,,,,C.C.Walker@28504-1@1@aut$Humbert@4221-1@2@bas,,,comb. nov.,,1.1,f,madasenecio~crassissimus,asteraceaemadasenecio~crassissimus~,620,wfo-1000090978,,species,,,,
urn:lsid:ipni.org:names:77381824-1,(Humbert) C.C.Walker,Asteraceae Senecio decaryi Humbert,(Humbert),244777-1,,,44(2): 122,,,,,,,,,,,,18/06/2026 12:36,18/06/2026 12:36,,,Asteraceae,Madasenecio decaryi,Madasenecio decaryi,Madasenecio,,f,f,,,,,,,,,,,,,,,,,,,,,,,,,,,,,77381692-1,CactusWorld,urn:lsid:ipni.org:publications:20006652-1,2026,2026 [12 Jun 2026],[12 Jun 2026],C.C.Walker,spec.,CactusWorld 44(2): 122. 2026 [12 Jun 2026] ,,,,,11,decaryi,,,f,t,,,,,,,C.C.Walker@28504-1@1@aut$Humbert@4221-1@2@bas,,,comb. nov.,,1.1,f,madasenecio~decaryi,asteraceaemadasenecio~decaryi~,621,wfo-1000090979,,species,,,,
urn:lsid:ipni.org:names:77381825-1,(Humbert) C.C.Walker,Asteraceae Senecio hirto-crassus Humbert,(Humbert),245532-1,,,44(2): 123,,,,,,,,,,,,18/06/2026 12:47,18/06/2026 14:04,,,Asteraceae,Madasenecio hirto-crassus,Madasenecio hirto-crassus,Madasenecio,,f,f,,,,,,,,,,,,,,,,,,,,,,,,,,,,,77381692-1,CactusWorld,urn:lsid:ipni.org:publications:20006652-1,2026,2026 [12 Jun 2026],[12 Jun 2026],C.C.Walker,spec.,"CactusWorld 44(2): 123. 2026 [12 Jun 2026] , as 'hirticrassus'",", as 'hirticrassus'",,,,11,hirto-crassus,,,f,t,,,,,,,C.C.Walker@28504-1@1@aut$Humbert@4221-1@2@bas,,,comb. nov.,,1.2,f,madasenecio~hirto-crassus,asteraceaemadasenecio~hirto-crassus~,622,wfo-1000090980,,species,,,,
urn:lsid:ipni.org:names:77381826-1,(Humbert) C.C.Walker,Asteraceae Senecio leandrii Humbert,(Humbert),245981-1,,,44(2): 123,,,,,,,,,,,,18/06/2026 12:52,18/06/2026 12:52,,,Asteraceae,Madasenecio leandrii,Madasenecio leandrii,Madasenecio,,f,f,,,,,,,,,,,,,,,,,,,,,,,,,,,,,77381692-1,CactusWorld,urn:lsid:ipni.org:publications:20006652-1,2026,2026 [12 Jun 2026],[12 Jun 2026],C.C.Walker,spec.,"CactusWorld 44(2): 123. 2026 [12 Jun 2026] , as 'leandri'",", as 'leandri'",,,,11,leandrii,,,f,t,,,,,,,C.C.Walker@28504-1@1@aut$Humbert@4221-1@2@bas,,,comb. nov.,,1.1,f,madasenecio~leandrii,asteraceaemadasenecio~leandrii~,623,wfo-1000090981,,species,,,,
urn:lsid:ipni.org:names:77381827-1,(Humbert) C.C.Walker,Asteraceae Senecio marnieri Humbert,(Humbert),246260-1,,,44(2): 123,,,,,,,,,,,,18/06/2026 12:53,18/06/2026 12:53,,,Asteraceae,Madasenecio marnieri,Madasenecio marnieri,Madasenecio,,f,f,,,,,,,,,,,,,,,,,,,,,,,,,,,,,77381692-1,CactusWorld,urn:lsid:ipni.org:publications:20006652-1,2026,2026 [12 Jun 2026],[12 Jun 2026],C.C.Walker,spec.,CactusWorld 44(2): 123. 2026 [12 Jun 2026] ,,,,,11,marnieri,,,f,t,,,,,,,Humbert@4221-1@2@bas$C.C.Walker@28504-1@1@aut,,,comb. nov.,,1.1,f,madasenecio~marnieri,asteraceaemadasenecio~marnieri~,624,wfo-1000090982,,species,,,,
urn:lsid:ipni.org:names:77381828-1,(Baker) C.C.Walker,Asteraceae Senecio melastomifolius Baker,(Baker),246305-1,,,44(2): 123,,,,,,,,,,,,18/06/2026 12:59,18/06/2026 12:59,,,Asteraceae,Madasenecio melastomifolius,Madasenecio melastomifolius,Madasenecio,,f,f,,,,,,,,,,,,,,,,,,,,,,,,,,,,,77381692-1,CactusWorld,urn:lsid:ipni.org:publications:20006652-1,2026,2026 [12 Jun 2026],[12 Jun 2026],C.C.Walker,spec.,CactusWorld 44(2): 123. 2026 [12 Jun 2026] ,,,,,11,melastomifolius,,,f,t,,,,,,,Baker@407-1@2@bas$C.C.Walker@28504-1@1@aut,,,comb. nov.,,1.1,f,madasenecio~melastomifolius,asteraceaemadasenecio~melastomifolius~,625,wfo-1000090983,,species,,,,
urn:lsid:ipni.org:names:77381829-1,(Humbert) C.C.Walker,Asteraceae Senecio longibracteatus Humbert,(Humbert),246118-1,,,44(2): 123,,,,,,,,,,,,18/06/2026 13:02,18/06/2026 13:02,,,Asteraceae,Madasenecio melastomifolius subsp. longibracteatus,Madasenecio melastomifolius subsp. longibracteatus,Madasenecio,,f,f,,,,,longibracteatus,,,,,,,,,,,,,,,,,,,,,,,,77381828-1,CactusWorld,urn:lsid:ipni.org:publications:20006652-1,2026,2026 [12 Jun 2026],[12 Jun 2026],C.C.Walker,subsp.,CactusWorld 44(2): 123. 2026 [12 Jun 2026] ,,,,,11,melastomifolius,(Baker) C.C.Walker,,f,t,,,,,,,C.C.Walker@28504-1@1@aut$Humbert@4221-1@2@bas,Baker@407-1@2@bas$C.C.Walker@28504-1@1@aut,,comb. et stat. nov.,,1.1,f,madasenecio~melastomifoliuslongibracteatus,asteraceaemadasenecio~melastomifoliuslongibracteatus,626,wfo-1200119065,,subspecies,,,,
urn:lsid:ipni.org:names:77381830-1,(Bojer ex DC.) C.C.Walker,Asteraceae Senecio mesembryanthemoides Bojer ex DC.,(Bojer ex DC.),246315-1,,,44(2): 123,,,,,,,,,,,,18/06/2026 13:03,18/06/2026 13:03,,,Asteraceae,Madasenecio mesembryanthemoides,Madasenecio mesembryanthemoides,Madasenecio,,f,f,,,,,,,,,,,,,,,,,,,,,,,,,,,,,77381692-1,CactusWorld,urn:lsid:ipni.org:publications:20006652-1,2026,2026 [12 Jun 2026],[12 Jun 2026],C.C.Walker,spec.,CactusWorld 44(2): 123. 2026 [12 Jun 2026] ,,,,,11,mesembryanthemoides,,,f,t,,,,,,,DC.@16855-1@3@basEx$C.C.Walker@28504-1@1@aut$Bojer@921-1@2@bas,,,comb. nov.,,1.1,f,madasenecio~mesembryanthemoides,asteraceaemadasenecio~mesembryanthemoides~,627,wfo-1000090984,,species,,,,
urn:lsid:ipni.org:names:77381831-1,(Rauh) C.C.Walker,Asteraceae Senecio meuselii Rauh,(Rauh),246320-1,,,44(2): 123,,,,,,,,,,,,18/06/2026 13:05,18/06/2026 13:05,,,Asteraceae,Madasenecio meuselii,Madasenecio meuselii,Madasenecio,,f,f,,,,,,,,,,,,,,,,,,,,,,,,,,,,,77381692-1,CactusWorld,urn:lsid:ipni.org:publications:20006652-1,2026,2026 [12 Jun 2026],[12 Jun 2026],C.C.Walker,spec.,CactusWorld 44(2): 123. 2026 [12 Jun 2026] ,,,,,11,meuselii,,,f,t,,,,,,,C.C.Walker@28504-1@1@aut$Rauh@8164-1@2@bas,,,comb. nov.,,1.1,f,madasenecio~meuselii,asteraceaemadasenecio~meuselii~,628,wfo-1000090985,,species,,,,
urn:lsid:ipni.org:names:77381832-1,(Humbert) C.C.Walker,Asteraceae Senecio navicularis Humbert,(Humbert),246504-1,,,44(2): 123,,,,,,,,,,,,18/06/2026 13:07,18/06/2026 13:07,,,Asteraceae,Madasenecio navicularis,Madasenecio navicularis,Madasenecio,,f,f,,,,,,,,,,,,,,,,,,,,,,,,,,,,,77381692-1,CactusWorld,urn:lsid:ipni.org:publications:20006652-1,2026,2026 [12 Jun 2026],[12 Jun 2026],C.C.Walker,spec.,CactusWorld 44(2): 123. 2026 [12 Jun 2026] ,,,,,11,navicularis,,,f,t,,,,,,,Humbert@4221-1@2@bas$C.C.Walker@28504-1@1@aut,,,comb. nov.,,1.1,f,madasenecio~navicularis,asteraceaemadasenecio~navicularis~,629,wfo-1000090986,,species,,,,
urn:lsid:ipni.org:names:77381833-1,(Humbert) C.C.Walker,Asteraceae Senecio neobakeri Humbert,(Humbert),246526-1,,,44(2): 123,,,,,,,,,,,,18/06/2026 13:08,18/06/2026 13:08,,,Asteraceae,Madasenecio neobakeri,Madasenecio neobakeri,Madasenecio,,f,f,,,,,,,,,,,,,,,,,,,,,,,,,,,,,77381692-1,CactusWorld,urn:lsid:ipni.org:publications:20006652-1,2026,2026 [12 Jun 2026],[12 Jun 2026],C.C.Walker,spec.,CactusWorld 44(2): 123. 2026 [12 Jun 2026] ,,,,,11,neobakeri,,,f,t,,,,,,,C.C.Walker@28504-1@1@aut$Humbert@4221-1@2@bas,,,comb. nov.,,1.1,f,madasenecio~neobakeri,asteraceaemadasenecio~neobakeri~,630,wfo-1000090987,,species,,,,
urn:lsid:ipni.org:names:77381834-1,(Humbert) C.C.Walker,Asteraceae Senecio quartziticola Humbert,(Humbert),247177-1,,,44(2): 123,,,,,,,,,,,,18/06/2026 13:12,18/06/2026 13:12,,,Asteraceae,Madasenecio quartziticola,Madasenecio quartziticola,Madasenecio,,f,f,,,,,,,,,,,,,,,,,,,,,,,,,,,,,77381692-1,CactusWorld,urn:lsid:ipni.org:publications:20006652-1,2026,2026 [12 Jun 2026],[12 Jun 2026],C.C.Walker,spec.,"CactusWorld 44(2): 123. 2026 [12 Jun 2026] , as 'quartzicola'",", as 'quartzicola'",,,,11,quartziticola,,,f,t,,,,,,,Humbert@4221-1@2@bas$C.C.Walker@28504-1@1@aut,,,comb. nov.,,1.1,f,madasenecio~quartziticola,asteraceaemadasenecio~quartziticola~,631,wfo-1000090988,,species,,,,
urn:lsid:ipni.org:names:77381835-1,(Humbert) C.C.Walker,Asteraceae Senecio saboureaui Humbert,(Humbert),247399-1,,,44(2): 123,,,,,,,,,,,,18/06/2026 13:13,18/06/2026 13:13,,,Asteraceae,Madasenecio saboureaui,Madasenecio saboureaui,Madasenecio,,f,f,,,,,,,,,,,,,,,,,,,,,,,,,,,,,77381692-1,CactusWorld,urn:lsid:ipni.org:publications:20006652-1,2026,2026 [12 Jun 2026],[12 Jun 2026],C.C.Walker,spec.,CactusWorld 44(2): 123. 2026 [12 Jun 2026] ,,,,,11,saboureaui,,,f,t,,,,,,,C.C.Walker@28504-1@1@aut$Humbert@4221-1@2@bas,,,comb. nov.,,1.1,f,madasenecio~saboureaui,asteraceaemadasenecio~saboureaui~,632,wfo-1000090989,,species,,,,
urn:lsid:ipni.org:names:77381836-1,Humbert,,,,,,8: 20,,,,,,,,,,,,18/06/2026 13:17,18/06/2026 13:17,,,Asteraceae,Senecio antandroi var. sakamaliensis,Senecio antandroi var. sakamaliensis,Senecio,,f,f,,,,,sakamaliensis,,,,,,,,,,,,,,,,,,,,,,,,243816-1,Notul. Syst. (Paris),urn:lsid:ipni.org:publications:1020-2,1939,1939,,Humbert,var.,Notul. Syst. (Paris) 8: 20. 1939 ,,,,,8,antandroi,Scott Elliot,,f,t,,,,,,,Humbert@4221-1@1@aut,Scott Elliot@9393-1@1@aut,,tax. nov.,,1.1,f,senecio~antandroisakamaliensis,asteraceaesenecio~antandroisakamaliensis,633,wfo-0000102234,,variety,,,,
urn:lsid:ipni.org:names:77381837-1,(Humbert) C.C.Walker,Asteraceae Senecio antandroi Scott Elliot var. sakamaliensis Humbert,(Humbert),77381836-1,,,44(2): 123,,,,,,,,,,,,18/06/2026 13:17,18/06/2026 13:17,,,Asteraceae,Madasenecio sakamaliensis,Madasenecio sakamaliensis,Madasenecio,,f,f,,,,,,,,,,,,,,,,,,,,,,,,,,,,,77381692-1,CactusWorld,urn:lsid:ipni.org:publications:20006652-1,2026,2026 [12 Jun 2026],[12 Jun 2026],C.C.Walker,spec.,CactusWorld 44(2): 123. 2026 [12 Jun 2026] ,,,,,11,sakamaliensis,,,f,t,,,,,,,C.C.Walker@28504-1@1@aut$Humbert@4221-1@2@bas,,,comb. et stat. nov.,,1.1,f,madasenecio~sakamaliensis,asteraceaemadasenecio~sakamaliensis~,634,wfo-1000090990,,species,,,,
urn:lsid:ipni.org:names:77381838-1,C.C.Walker,,,,,,44(2): 129,,,,,,,,,,,,18/06/2026 13:42,18/06/2026 13:42,,,Asteraceae,Humbertisenecio,Humbertisenecio,Humbertisenecio,,f,f,,,,,,,,,,,,,,,,,,,,,,,,,,,,,319342-2,CactusWorld,urn:lsid:ipni.org:publications:20006652-1,2026,2026 [12 Jun 2026],[12 Jun 2026],C.C.Walker,gen.,CactusWorld 44(2): 129. 2026 [12 Jun 2026] ,,Etymology: 'named in honour of Henri Humbert (1887-1967)'.,,,9,,,,f,t,245515-1,,,,,,C.C.Walker@28504-1@1@aut,,,tax. nov.,,1.1,f,humbertisenecio,asteraceaehumbertisenecio~~~,635,wfo-4100006663,,genus,,,,
urn:lsid:ipni.org:names:77381839-1,(Baker) C.C.Walker,Asteraceae Senecio antitensis Baker,(Baker),243830-1,,,44(2): 129,,,,,,,,,,,,18/06/2026 13:45,18/06/2026 13:45,,,Asteraceae,Humbertisenecio antitensis,Humbertisenecio antitensis,Humbertisenecio,,f,f,,,,,,,,,,,,,,,,,,,,,,,,,,,,,77381838-1,CactusWorld,urn:lsid:ipni.org:publications:20006652-1,2026,2026 [12 Jun 2026],[12 Jun 2026],C.C.Walker,spec.,CactusWorld 44(2): 129. 2026 [12 Jun 2026] ,,,,,11,antitensis,,,f,t,,,,,,,C.C.Walker@28504-1@1@aut$Baker@407-1@2@bas,,,comb. nov.,,1.1,f,humbertisenecio~antitensis,asteraceaehumbertisenecio~antitensis~,636,wfo-1000090991,,species,,,,
urn:lsid:ipni.org:names:77381840-1,(Baker) C.C.Walker,Asteraceae Senecio hildebrandtii Baker,(Baker),245515-1,,,44(2): 129,,,,,,,,,,,,18/06/2026 13:47,18/06/2026 13:47,,,Asteraceae,Humbertisenecio hildebrandtii,Humbertisenecio hildebrandtii,Humbertisenecio,,f,f,,,,,,,,,,,,,,,,,,,,,,,,,,,,,77381838-1,CactusWorld,urn:lsid:ipni.org:publications:20006652-1,2026,2026 [12 Jun 2026],[12 Jun 2026],C.C.Walker,spec.,CactusWorld 44(2): 129. 2026 [12 Jun 2026] ,,,,,11,hildebrandtii,,,f,t,,,,,,,Baker@407-1@2@bas$C.C.Walker@28504-1@1@aut,,,comb. nov.,,1.1,f,humbertisenecio~hildebrandtii,asteraceaehumbertisenecio~hildebrandtii~,637,wfo-1000090992,,species,,,,
urn:lsid:ipni.org:names:77381841-1,(Humbert) C.C.Walker,Asteraceae Senecio kalambatitrensis Humbert,(Humbert),245778-1,,,44(2): 129,,,,,,,,,,,,18/06/2026 13:49,18/06/2026 13:49,,,Asteraceae,Humbertisenecio kalambatitrensis,Humbertisenecio kalambatitrensis,Humbertisenecio,,f,f,,,,,,,,,,,,,,,,,,,,,,,,,,,,,77381838-1,CactusWorld,urn:lsid:ipni.org:publications:20006652-1,2026,2026 [12 Jun 2026],[12 Jun 2026],C.C.Walker,spec.,CactusWorld 44(2): 129. 2026 [12 Jun 2026] ,,,,,11,kalambatitrensis,,,f,t,,,,,,,C.C.Walker@28504-1@1@aut$Humbert@4221-1@2@bas,,,comb. nov.,,1.1,f,humbertisenecio~kalambatitrensis,asteraceaehumbertisenecio~kalambatitrensis~,638,wfo-1000090993,,species,,,,
urn:lsid:ipni.org:names:77381842-1,(Humbert) C.C.Walker,Asteraceae Senecio sakalavorum Humbert,(Humbert),247411-1,,,44(2): 130,,,,,,,,,,,,18/06/2026 13:51,18/06/2026 13:51,,,Asteraceae,Humbertisenecio sakalavorum,Humbertisenecio sakalavorum,Humbertisenecio,,f,f,,,,,,,,,,,,,,,,,,,,,,,,,,,,,77381838-1,CactusWorld,urn:lsid:ipni.org:publications:20006652-1,2026,2026 [12 Jun 2026],[12 Jun 2026],C.C.Walker,spec.,CactusWorld 44(2): 130. 2026 [12 Jun 2026] ,,,,,11,sakalavorum,,,f,t,,,,,,,C.C.Walker@28504-1@1@aut$Humbert@4221-1@2@bas,,,comb. nov.,,1.1,f,humbertisenecio~sakalavorum,asteraceaehumbertisenecio~sakalavorum~,639,wfo-1000090994,,species,,,,
urn:lsid:ipni.org:names:77381843-1,Z.F.Zhan & Z.X.Zhang,,,,,,762(3): 277,,,,,,,,,,,,18/06/2026 14:20,18/06/2026 14:20,,,Salicaceae,Salix sect. Baileyanae,Salix sect. Baileyanae,Salix,,f,f,,,,baileyanae,,,,,,,,,,,,,,,,,,,,,,,,,325916-2,Phytotaxa,urn:lsid:ipni.org:publications:20011462-1,2026,2026 [17 Jun 2026],[17 Jun 2026],Z.F.Zhan & Z.X.Zhang,sect.,Phytotaxa 762(3): 277. 2026 [17 Jun 2026] ,,"doi:10.11646/phytotaxa.762.3.4 Etymology: the section is named for the type species, Salix baileyi.",,,8,,,,f,t,,,,,,,Z.X.Zhang@38727-1@2@aut$Z.F.Zhan@20087426-1@1@aut,,,tax. nov.,,1.1,f,salixbaileyanae,salicaceaesalixbaileyanae~~,640,wfo-1000090995,,section,,,,
urn:lsid:ipni.org:names:77381844-1,"Mart.-Azorín, G.D.Duncan, M.Pinter, M.B.Crespo, M.Á.Alonso & J.L.Villar",,,,,,762(3): 284,,28,,2,,MMA2087,2026,,"M.Martínez-Azorín, M.B.Crespo, M.A.Alonso, J.L.Villar &amp; M.Pinter",,,18/06/2026 14:28,18/06/2026 14:28,"Northern Cape Province (Cape Provinces, Southern Africa, Africa)",,Hyacinthaceae,Lachenalia festiva,Lachenalia festiva,Lachenalia,,f,f,,,,,,,,,,,"Brandvlei (3020): between Brandvlei and Williston (–DC), 987 m",,,,,,,,,,,,,,,,,,24414-1,Phytotaxa,urn:lsid:ipni.org:publications:20011462-1,2026,2026 [17 Jun 2026],[17 Jun 2026],"Mart.-Azorín, G.D.Duncan, M.Pinter, M.B.Crespo, M.Á.Alonso & J.L.Villar",spec.,Phytotaxa 762(3): 284. 2026 [17 Jun 2026] ,,doi:10.11646/phytotaxa.762.3.5 Etymology: the specific epithet refers to the 'beautifully ornamented' leaves possessed by this species.,,,11,festiva,,,f,t,,holotype GRA;isotype ABH,,,,,M.Pinter@20013903-2@3@aut$M.Á.Alonso@38213-1@5@aut$J.L.Villar@20019076-1@6@aut$Mart.-Azorín@20012898-1@1@aut$M.B.Crespo@17508-1@4@aut$G.D.Duncan@35874-1@2@aut,,,tax. nov.,,1.1,f,lachenalia~festiva,hyacinthaceaelachenalia~festiva~,641,wfo-1000090996,,species,,,,
urn:lsid:ipni.org:names:77381850-1,Fern.Alonso,,,,,,50[early view]: [3 of 32],,26,,1,,8838,2017,,N.Castaño et al.,,,18/06/2026 20:11,19/06/2026 11:09,"Colombia (Western South America, Southern America);Ecuador (Western South America, Southern America);",W,Bombacaceae,Matisia andaquina,Matisia andaquina,Matisia,,f,f,,,,,,,,1,40,,"Colombia: Departamento del Caquetá: Municipio de Belén de los Andaquíes, Parque Natural Municipal Andaquí, 1200-1400 m",75,11,,,,,,,N,,,,,,,,,30008268-2,Revista Acad. Colomb. Ci. Exact.,urn:lsid:ipni.org:publications:1611-2,2026,2026 [12 Jun 2026],[12 Jun 2026],Fern.Alonso,spec.,Revista Acad. Colomb. Ci. Exact. 50[early view]: [3 of 32]. 2026 [12 Jun 2026] ,,doi:10.18257/raccefyn.3327 [english] Etymology: 'El nombre hace referencia al Parque Natural Municipal Andaquí'.,,,11,andaquina,,,f,t,,holotype COAH 97235;isotype COL 613139,,,,,Fern.Alonso@18744-1@1@aut,,,tax. nov.,,1.3,f,matisia~andaquina,bombacaceaematisia~andaquina~,642,wfo-1000090997,,species,,,,
urn:lsid:ipni.org:names:77381851-1,Fern.Alonso,,,,,,50[early view]: [6 of 32],,7,,5,,3026,1989,,M.Monsalve et al.,,,18/06/2026 20:15,19/06/2026 11:13,"Colombia (Western South America, Southern America)",W,Bombacaceae,Matisia buenaventurae,Matisia buenaventurae,Matisia,,f,f,,,,,,,,3,55,,"Departamento del Valle del Cauca: Buenaventura, Bajo Calima, Concesión Pulpapel, carretera Canalete, 100 m",77,,,,,,,,N,,,,,,,,,30008268-2,Revista Acad. Colomb. Ci. Exact.,urn:lsid:ipni.org:publications:1611-2,2026,2026 [12 Jun 2026],[12 Jun 2026],Fern.Alonso,spec.,Revista Acad. Colomb. Ci. Exact. 50[early view]: [6 of 32]. 2026 [12 Jun 2026] ,,"doi:10.18257/raccefyn.3327 [english] Etymology: 'El nombre hace referencia a la localidad clásica, los bosques pluviales del municipio de Buenaventura'.",,,11,buenaventurae,,,f,t,,holotype CUVC 56885;isotype MO,,,,,Fern.Alonso@18744-1@1@aut,,,tax. nov.,,1.3,f,matisia~buenaventurae,bombacaceaematisia~buenaventurae~,643,wfo-1000090998,,species,,,,
urn:lsid:ipni.org:names:77381852-1,Fern.Alonso,,,,,,50[early view]: [8 of 32],,7,,12,,8613,1990,,J.L.Fernández-Alonso et al.,,,18/06/2026 20:18,22/06/2026 09:40,"Colombia (Western South America, Southern America)",,Bombacaceae,Matisia chocoensis,Matisia chocoensis,Matisia,,f,f,,,,,,,,,,,"Departamento del Chocó: vía de Istmina a Pie de Pepé, Cerros de La Mojarra, 150 m",,,,,,,,,,,,,,,,,,30008268-2,Revista Acad. Colomb. Ci. Exact.,urn:lsid:ipni.org:publications:1611-2,2026,2026 [12 Jun 2026],[12 Jun 2026],Fern.Alonso,spec.,Revista Acad. Colomb. Ci. Exact. 50[early view]: [8 of 32]. 2026 [12 Jun 2026] ,,doi:10.18257/raccefyn.3327 [english] Etymology: 'El nombre hace referencia al Departamento del Chocó'.,,,11,chocoensis,,,f,t,,"holotype COL 422774;isotype MA 524870, 534698(2),;isotype BM 013824910;isotype CHOCO",,,,,Fern.Alonso@18744-1@1@aut,,,tax. nov.,,1.4,f,matisia~chocoensis,bombacaceaematisia~chocoensis~,644,wfo-1000090999,,species,,,,
urn:lsid:ipni.org:names:77381853-1,Fern.Alonso,,,,,,50[early view]: [12 of 32],,23,,6,,8130,1944,,E.H.Little,,,18/06/2026 20:22,19/06/2026 11:23,"Colombia (Western South America, Southern America)",,Bombacaceae,Matisia littlei,Matisia littlei,Matisia,,f,f,,,,,,,,,,,"Departamento del Huila: cordillera Oriental de Colombia, municipio de Baraya, 15 km al E de Baraya, hacienda Pensilvánica, 2400 m",,,,,,,,,,,,,,,,,,30008268-2,Revista Acad. Colomb. Ci. Exact.,urn:lsid:ipni.org:publications:1611-2,2026,2026 [12 Jun 2026],[12 Jun 2026],Fern.Alonso,spec.,Revista Acad. Colomb. Ci. Exact. 50[early view]: [12 of 32]. 2026 [12 Jun 2026] ,,doi:10.18257/raccefyn.3327 [english] Etymology: 'Especie nombrada en honor al botánico estadounidense Elbert H. Little (1907-2004)'.,,,11,littlei,,,f,t,,holotype COL 63546;isotype US 3514564/ cb 01222034,,,,,Fern.Alonso@18744-1@1@aut,,,tax. nov.,,1.3,f,matisia~littlei,bombacaceaematisia~littlei~,645,wfo-1000091000,,species,,,,
urn:lsid:ipni.org:names:77381854-1,Fern.Alonso,,,,,,50[early view]: [15 of 32],,12,,6,,400,2009,,A.C.Estupiñan et al.,,,18/06/2026 20:24,19/06/2026 11:27,"Colombia (Western South America, Southern America)",W,Bombacaceae,Matisia macropoda,Matisia macropoda,Matisia,,f,f,,,,,,,,7,39,,"Departamento de Córdoba: Municipio de Tierralta, vereda Zancón, río Manso, finca Nueva Ilusión, Parque N.N. Paramillo, 196 m",76,5,,,,,,,N,,,,,,,,,30008268-2,Revista Acad. Colomb. Ci. Exact.,urn:lsid:ipni.org:publications:1611-2,2026,2026 [12 Jun 2026],[12 Jun 2026],Fern.Alonso,spec.,Revista Acad. Colomb. Ci. Exact. 50[early view]: [15 of 32]. 2026 [12 Jun 2026] ,,doi:10.18257/raccefyn.3327 [english] Etymology: 'El nombre de la especie hace referencia a los pedicelos florales y pedúnculos fructíferos particularmente largos y gruesos'.,,,11,macropoda,,,f,t,,holotype COL 371378;isotype COL 533551,,,,,Fern.Alonso@18744-1@1@aut,,,tax. nov.,,1.3,f,matisia~macropoda,bombacaceaematisia~macropoda~,646,wfo-1000091001,,species,,,,
urn:lsid:ipni.org:names:77381855-1,Fern.Alonso,,,,,,50[early view]: [17 of 32],,17,,9,,8248,1996,,C.Díaz et al.,,,18/06/2026 20:27,19/06/2026 11:33,"Peru (Western South America, Southern America)",,Bombacaceae,Quararibea aguarunae,Quararibea aguarunae,Quararibea,,f,f,,,,,,,,,,,"Departamento de Amazonas: Provincia de Bagua, Distrito Imaza, Comunidad Aguaruna de Kusú-Listra, 600-700 m",,,,,,,,,,,,,,,,,,30007183-2,Revista Acad. Colomb. Ci. Exact.,urn:lsid:ipni.org:publications:1611-2,2026,2026 [12 Jun 2026],[12 Jun 2026],Fern.Alonso,spec.,Revista Acad. Colomb. Ci. Exact. 50[early view]: [17 of 32]. 2026 [12 Jun 2026] ,,doi:10.18257/raccefyn.3327 [english] Etymology: 'El nombre de la especie hace referencia a la comunidad indígena Aguaruna de Kusu-Listra'.,,,11,aguarunae,,,f,t,,holotype COL 570589;isotype MO 2025917/ 6077444,,,,,Fern.Alonso@18744-1@1@aut,,,tax. nov.,,1.2,f,quararibea~aguarunae,bombacaceaequararibea~aguarunae~,647,wfo-1000091002,,species,,,,
urn:lsid:ipni.org:names:77381856-1,Fern.Alonso,,,,,,50[early view]: [20 of 32],,18,,12,,3179,1996,,J.Campos et al.,,,18/06/2026 20:31,19/06/2026 11:40,"Ecuador (Western South America, Southern America);Peru (Western South America, Southern America);",W,Bombacaceae,Quararibea cajamarcana,Quararibea cajamarcana,Quararibea,,f,f,,,,,,,,4,59,,"Peru: Departamento de Cajamarca: Provincia de San Ignacio, Distrito Namballe, La Colmena, 800-900 m",79,6,,,,,,,S,,,,,,,,,30007183-2,Revista Acad. Colomb. Ci. Exact.,urn:lsid:ipni.org:publications:1611-2,2026,2026 [12 Jun 2026],[12 Jun 2026],Fern.Alonso,spec.,Revista Acad. Colomb. Ci. Exact. 50[early view]: [20 of 32]. 2026 [12 Jun 2026] ,,"doi:10.18257/raccefyn.3327 [english] Etymology: 'El nombre de la especie hace referencia a la región de procedencia del material  tipo, el departamento peruano de Cajamarca'.",,,11,cajamarcana,,,f,t,,holotype HUT 47271;isotype MO 2025904/ A:6077464;isotype US 3405241/ cb 01222033,,,,,Fern.Alonso@18744-1@1@aut,,,tax. nov.,,1.3,f,quararibea~cajamarcana,bombacaceaequararibea~cajamarcana~,648,wfo-1000091003,,species,,,,
urn:lsid:ipni.org:names:77381857-1,Fern.Alonso,,,,,,50[early view]: [23 of 32],,27,,11,,2238,1990,,J.Betancur &amp; S.Churchill,,,18/06/2026 20:33,19/06/2026 11:45,"Colombia (Western South America, Southern America)",,Bombacaceae,Quararibea caquetensis,Quararibea caquetensis,Quararibea,,f,f,,,,,,,,,,,"Departamento de Caquetá: Cordillera Oriental de Colombia, vertiente Oriental, municipio de San Vicente del Caguán, en la carretera de Neiva a San Vicente del Caguán, entre las veredas Sibaté y Los Morros, 1000-1300 m",,,,,,,,,,,,,,,,,,30007183-2,Revista Acad. Colomb. Ci. Exact.,urn:lsid:ipni.org:publications:1611-2,2026,2026 [12 Jun 2026],[12 Jun 2026],Fern.Alonso,spec.,Revista Acad. Colomb. Ci. Exact. 50[early view]: [23 of 32]. 2026 [12 Jun 2026] ,,doi:10.18257/raccefyn.3327 [english] Etymology: 'departamento del Caquetá'.,,,11,caquetensis,,,f,t,,holotype COL 500087;isotype COAH 8922;isotype HUA 84380,,,,,Fern.Alonso@18744-1@1@aut,,,tax. nov.,,1.3,f,quararibea~caquetensis,bombacaceaequararibea~caquetensis~,649,wfo-1000091004,,species,,,,
urn:lsid:ipni.org:names:77381858-1,(W.S.Alverson) Fern.Alonso,Bombacaceae Quararibea funebris Vischer subsp. nicaraguensis W.S.Alverson,(W.S.Alverson),284099-2,,,50[early view]: [24 of 32],,,,,,,,,,,,18/06/2026 20:36,19/06/2026 11:47,,,Bombacaceae,Quararibea nicaraguensis,Quararibea nicaraguensis,Quararibea,,f,f,,,,,,,,,,,,,,,,,,,,,,,,,,,,null:,30007183-2,Revista Acad. Colomb. Ci. Exact.,urn:lsid:ipni.org:publications:1611-2,2026,2026 [12 Jun 2026],[12 Jun 2026],Fern.Alonso,spec.,Revista Acad. Colomb. Ci. Exact. 50[early view]: [24 of 32]. 2026 [12 Jun 2026] ,,doi:10.18257/raccefyn.3327,,,11,nicaraguensis,,,f,t,,,,,,,Fern.Alonso@18744-1@1@aut$W.S.Alverson@14580-1@2@bas,,,comb. et stat. nov.,,1.3,f,quararibea~nicaraguensis,bombacaceaequararibea~nicaraguensis~,650,wfo-1000091005,,species,,,,
urn:lsid:ipni.org:names:77381859-1,Fern.Alonso,,,,,,50[early view]: [3 of 31],,28,,11,,692,1997,,R.Rojas et al.,,,18/06/2026 20:40,19/06/2026 11:55,"Pará (Brazil North, Brazil, Southern America);Peru (Western South America, Southern America);",W,Bombacaceae,Matisia altoamazonica,Matisia altoamazonica,Matisia,,f,f,,,,,,,,4,26,,"Peru: Departamento de Loreto: Provincia Alto Amazonas, Distrito de Manariche, Pongo de Manseriche, 500 m",77,34,,,,,,,S,,,,,,,,,30008268-2,Revista Acad. Colomb. Ci. Exact.,urn:lsid:ipni.org:publications:1611-2,2026,2026 [12 Jun 2026],[12 Jun 2026],Fern.Alonso,spec.,Revista Acad. Colomb. Ci. Exact. 50[early view]: [3 of 31]. 2026 [12 Jun 2026] ,,doi:10.18257/raccefyn.3318 [english] Etymology: 'sector del Alto Amazonas de Perú y Brasil'.,,,11,altoamazonica,,,f,t,,holotype COL 476869;isotype MO 2025907/A:6077458;isotype US,,,,,Fern.Alonso@18744-1@1@aut,,,tax. nov.,,1.3,f,matisia~altoamazonica,bombacaceaematisia~altoamazonica~,651,wfo-1000091006,,species,,,,
urn:lsid:ipni.org:names:77381860-1,Fern.Alonso,,,,,,50[early view]: [7 of 31],,8,,3,,101,2003,,V.H.López et al.,,,18/06/2026 20:43,19/06/2026 12:01,"Colombia (Western South America, Southern America);Ecuador (Western South America, Southern America);",W,Bombacaceae,Matisia archidonae,Matisia archidonae,Matisia,,f,f,,,,,,,,,50,,"Ecuador: Provincia de Napo: Cantón de Archidona, Parque Nacional Sumaco, Napo-Galeras, 1690 m",77,31,,,,,,,S,,,,,,,,,30008268-2,Revista Acad. Colomb. Ci. Exact.,urn:lsid:ipni.org:publications:1611-2,2026,2026 [12 Jun 2026],[12 Jun 2026],Fern.Alonso,spec.,Revista Acad. Colomb. Ci. Exact. 50[early view]: [7 of 31]. 2026 [12 Jun 2026] ,,doi:10.18257/raccefyn.3318 [english] Etymology: 'el Cantón de Archidona'.,,,11,archidonae,,,f,t,,holotype QCNE 179175;isotype ECUAMZ;isotype LOJA;isotype MO;isotype MA 964088,,,,,Fern.Alonso@18744-1@1@aut,,,tax. nov.,,1.3,f,matisia~archidonae,bombacaceaematisia~archidonae~,652,wfo-1000091007,,species,,,,
urn:lsid:ipni.org:names:77381861-1,Fern.Alonso,,,,,,50[early view]: [11 of 31],,20,29,7,7,180,1992,1992,C.Aulestia et al.,,,18/06/2026 20:48,19/06/2026 14:05,"Ecuador (Western South America, Southern America)",W,Bombacaceae,Matisia esmeraldana,Matisia esmeraldana,Matisia,,f,f,,,,,,,,1,15,,"Provincia de Esmeraldas: Cantón San Lorenzo, Reserva étnica Awá, centro Guadualito, 80 m",78,40,,,,,,,N,,,,,,,,,30008268-2,Revista Acad. Colomb. Ci. Exact.,urn:lsid:ipni.org:publications:1611-2,2026,2026 [12 Jun 2026],[12 Jun 2026],Fern.Alonso,spec.,Revista Acad. Colomb. Ci. Exact. 50[early view]: [11 of 31]. 2026 [12 Jun 2026] ,,doi:10.18257/raccefyn.3318 [english] Etymology: 'la  provincia  ecuatoriana  de  Esmeraldas'.,,,11,esmeraldana,,,f,t,,holotype QCNE;isotype COL 458370;isotype MO 198599/A:5339460,,,,,Fern.Alonso@18744-1@1@aut,,,tax. nov.,,1.3,f,matisia~esmeraldana,bombacaceaematisia~esmeraldana~,653,wfo-1000091008,,species,,,,
urn:lsid:ipni.org:names:77381862-1,Fern.Alonso,,,,,,50[early view]: [14 of 31],,27,,3,,1411,2002,,G.Villa et al.,,,18/06/2026 20:50,19/06/2026 14:11,"Ecuador (Western South America, Southern America)",W,Bombacaceae,Matisia huaoranica,Matisia huaoranica,Matisia,,f,f,,,,,,,,,38,,"Provincia de Napo: Sector Francisco de Orellana, Parque Nacional N. Yasuní, río Tiputini, al NO de la confluencia con el río Tivacuno; E de la carretera Repsol-YPF, km 32, sendero botánico de Guyero, 200-300 m",76,30,,,,,,,S,,,,,,,,,30008268-2,Revista Acad. Colomb. Ci. Exact.,urn:lsid:ipni.org:publications:1611-2,2026,2026 [12 Jun 2026],[12 Jun 2026],Fern.Alonso,spec.,Revista Acad. Colomb. Ci. Exact. 50[early view]: [14 of 31]. 2026 [12 Jun 2026] ,,doi:10.18257/raccefyn.3318 [english] Etymology: The name refers to the Huaorani or Waorani indigenous people who inhabit eastern Ecuador.,,,11,huaoranica,,,f,t,,"holotype QCA 21736;isotype COL 616657, 2 pl.",,,,,Fern.Alonso@18744-1@1@aut,,,tax. nov.,,1.3,f,matisia~huaoranica,bombacaceaematisia~huaoranica~,654,wfo-1000091009,,species,,,,
urn:lsid:ipni.org:names:77381863-1,Fern.Alonso,,,,,,50[early view]: [16 of 31],,3,,5,,101,2011,,H.Bermúdez,,,18/06/2026 20:54,19/06/2026 14:16,"Colombia (Western South America, Southern America)",W,Bombacaceae,Matisia oibae,Matisia oibae,Matisia,,f,f,,,,,,,,6,9,,"Departamento de Santander: Cuenca del río Suárez, Municipio de Oiba, vereda El Platanillo, 1872 m",72,22,,,,,,,N,,,,,,,,,30008268-2,Revista Acad. Colomb. Ci. Exact.,urn:lsid:ipni.org:publications:1611-2,2026,2026 [12 Jun 2026],[12 Jun 2026],Fern.Alonso,spec.,Revista Acad. Colomb. Ci. Exact. 50[early view]: [16 of 31]. 2026 [12 Jun 2026] ,,doi:10.18257/raccefyn.3318 [english] Etymology: 'municipio de Oiba'.,,,11,oibae,,,f,t,,holotype COL 557251;isotype MA 964089,,,,,Fern.Alonso@18744-1@1@aut,,,tax. nov.,,1.3,f,matisia~oibae,bombacaceaematisia~oibae~,655,wfo-1000091010,,species,,,,
urn:lsid:ipni.org:names:77381864-1,Fern.Alonso,,,,,,50[early view]: [19 of 31],,22,,12,,7074,2021,,N.Marín et al.,,,18/06/2026 20:56,19/06/2026 14:23,"Colombia (Western South America, Southern America);Ecuador (Western South America, Southern America);",,Bombacaceae,Matisia oritolumbaquina,Matisia oritolumbaquina,Matisia,,f,f,,,,,,,,,,,"Colombia: Departamento de Putumayo: Municipio de Orito, vereda El Líbano, sector Lusón, 697 m",,,,,,,,,,,,,,,,,,30008268-2,Revista Acad. Colomb. Ci. Exact.,urn:lsid:ipni.org:publications:1611-2,2026,2026 [12 Jun 2026],[12 Jun 2026],Fern.Alonso,spec.,Revista Acad. Colomb. Ci. Exact. 50[early view]: [19 of 31]. 2026 [12 Jun 2026] ,,doi:10.18257/raccefyn.3318 [english] Etymology: The compound name refers to the type locality Orito (Colombia) and to Lumbaqui (Ecuador)'.,,,11,oritolumbaquina,,,f,t,,holotype COAH 117223,,,,,Fern.Alonso@18744-1@1@aut,,,tax. nov.,,1.3,f,matisia~oritolumbaquina,bombacaceaematisia~oritolumbaquina~,656,wfo-1000091011,,species,,,,
urn:lsid:ipni.org:names:77381865-1,Fern.Alonso,,,,,,50[early view]: [23 of 31],,26,,1,,22277,1997,,R.Vásquez et al.,,,18/06/2026 21:02,19/06/2026 14:28,"Peru (Western South America, Southern America)",W,Bombacaceae,Matisia pseudobracteolosa,Matisia pseudobracteolosa,Matisia,,f,f,,,,,,,,4,31,,"Departamento de Amazonas: Provincia  Condorcanqui, Distrito El Cenepa, Comunidad de Mamayaque, río Cenepa, Quebrada Saasa, 300 m",78,11,,,,,,,S,,,,,,,,,30008268-2,Revista Acad. Colomb. Ci. Exact.,urn:lsid:ipni.org:publications:1611-2,2026,2026 [12 Jun 2026],[12 Jun 2026],Fern.Alonso,spec.,Revista Acad. Colomb. Ci. Exact. 50[early view]: [23 of 31]. 2026 [12 Jun 2026] ,,doi:10.18257/raccefyn.3318 [english] Etymology: The name refers to the resemblance to Matisia bracteolosa Ducke.,,,11,pseudobracteolosa,,,f,t,,holotype MO 2025918/A: 6077466;isotype MOL;isotype COL 477954,,,,,Fern.Alonso@18744-1@1@aut,,,tax. nov.,,1.3,f,matisia~pseudobracteolosa,bombacaceaematisia~pseudobracteolosa~,657,wfo-1000091012,,species,,,,
urn:lsid:ipni.org:names:77381866-1,Fern.Alonso,,,,,,50[early view]: [26 of 31],,24,,6,,2721,2016,,N.Marín et al.,,,18/06/2026 21:05,19/06/2026 14:31,"Colombia (Western South America, Southern America);Peru (Western South America, Southern America);",,Bombacaceae,Matisia tarapacana,Matisia tarapacana,Matisia,,f,f,,,,,,,,,,,"Colombia: Departamento de Amazonas: Municipio de Leticia, corregimiento de Tarapacá, Comunidad de Caña Brava, lago Tipisca, 296 m",,,,,,,,,,,,,,,,,,30008268-2,Revista Acad. Colomb. Ci. Exact.,urn:lsid:ipni.org:publications:1611-2,2026,2026 [12 Jun 2026],[12 Jun 2026],Fern.Alonso,spec.,Revista Acad. Colomb. Ci. Exact. 50[early view]: [26 of 31]. 2026 [12 Jun 2026] ,,"doi:10.18257/raccefyn.3318 [english] Etymology: 'Tarapacá, en el departamento de Amazonas'.",,,11,tarapacana,,,f,t,,holotype COAH 106090,,,,,Fern.Alonso@18744-1@1@aut,,,tax. nov.,,1.3,f,matisia~tarapacana,bombacaceaematisia~tarapacana~,658,wfo-1000091013,,species,,,,
urn:lsid:ipni.org:names:77381867-1,(D.Don) Sarg.,Podocarpaceae Dacrydium plumosum D.Don,(D.Don),262024-1,,,10: 134,,,,,,,,,,,,18/06/2026 22:40,19/06/2026 14:46,,,Cupressaceae,Libocedrus plumosa,Libocedrus plumosa,Libocedrus,,f,f,,,,,,,,,,,,,,,,,,,,,,,,,,,,null:,11669-1,Silva N. Amer.,urn:lsid:ipni.org:publications:5304-2,1896,1896,,Sarg.,spec.,"Silva N. Amer. 10: 134. 1896 , footnote 5",", footnote 5",,,,11,plumosa,,,f,t,,,,,,,Sarg.@8917-1@1@aut$D.Don@18136-1@2@bas,,,comb. nov.,,1.3,f,libocedrus~plumosa,cupressaceaelibocedrus~plumosa~,659,wfo-0001301547,,species,,,,
urn:lsid:ipni.org:names:77381868-1,(Cambess.) Triana & Planch. ex Radlk.,Sapindaceae Thouinia scandens Cambess.,(Cambess.),785411-1,,,13(3): 460,,,,,,,,,,,,18/06/2026 23:58,18/06/2026 23:58,,,Sapindaceae,Thinouia scandens,Thinouia scandens,Thinouia,,f,f,,,,,,,,,,,,,,,,,,,,,,,,,,,,,30179118-2,Fl. Bras.,urn:lsid:ipni.org:publications:629-2,1897,1897 [1 Sep 1897],[1 Sep 1897],Triana & Planch. ex Radlk.,spec.,Fl. Bras. 13(3): 460. 1897 [1 Sep 1897] ,,,,,11,scandens,,,f,t,,,,,,,Triana@10818-1@1@aut$Cambess.@1370-1@4@bas$Radlk.@8088-1@3@autEx$Planch.@7738-1@2@aut,,,comb. nov.,785357-1,1.1,f,thinouia~scandens,sapindaceaethinouia~scandens~,660,wfo-1200119164,,species,,,,
urn:lsid:ipni.org:names:77381869-1,Casale & A.Cádiz-Véliz,,,,,,763(1): 83,,29,,10,,1475,2025,,A.Cádiz-Véliz &amp; J.F.Casale,,,19/06/2026 04:08,19/06/2026 12:00,"Atacama (Chile North, Southern South America, Southern America)",W,Asparagaceae,Oziroe imbricata,Oziroe imbricata,Oziroe,,f,f,,,,,,,,27,58,14,"Copiapó Province, Totoral, Quebrada La Espinuda, 404 m",70,59,30,,,,,,S,,,,,,,,,330465-2,Phytotaxa,urn:lsid:ipni.org:publications:20011462-1,2026,2026 [18 Jun 2026],[18 Jun 2026],Casale & A.Cádiz-Véliz,spec.,Phytotaxa 763(1): 83. 2026 [18 Jun 2026] ,,"doi:10.11646/phytotaxa.763.1.7 [english] Etymology: the specific epithet imbricata is the feminine singular form of the Latin adjective 'imbricatus', referring to the tube-like structure formed by the imbricate filaments.",,,11,imbricata,,,f,t,,holotype CONC;isotype SGO;isotype EIF,,,,,Casale@20096311-1@1@aut$A.Cádiz-Véliz@20047136-1@2@aut,,,tax. nov.,,1.3,f,oziroe~imbricata,asparagaceaeoziroe~imbricata~,661,wfo-1000091014,,species,,,,
urn:lsid:ipni.org:names:77381871-1,"W.H.Liao, Meng Li & Bo Xu bis",,,,,,763(1): 19,,,,,,YLZB06225,,,W.H.Liao &amp; T.J.Ren,,,19/06/2026 10:45,19/06/2026 10:45,"Tibet (China, Asia-Temperate)",E,Asclepiadaceae,Ceropegia setuligera,Ceropegia setuligera,Ceropegia,,f,f,,,,,,,,29,19,57,"Tibet: Linzhi City, Mêdog County, Laohuzui, 1490 m",95,10,28,,,,,,N,,,,,,,,,328162-2,Phytotaxa,urn:lsid:ipni.org:publications:20011462-1,2026,2026 [18 Jun 2026],[18 Jun 2026],"W.H.Liao, Meng Li & Bo Xu bis",spec.,Phytotaxa 763(1): 19. 2026 [18 Jun 2026] ,,doi:10.11646/phytotaxa.763.1.2 Etymology: the specific epithet is derived from the Latin 'setula' meaning 'small bristle' and the suffix '-gera' meaning 'bearing'. This is a reference to the setose corolla lobes.,,,11,setuligera,,,f,t,,holotype CDBI 0302923;isotype CDBI 0302916; 0302917; 0302918;isotype IBSC 1097043;isotype NAS;isotype NF,,,,,Meng Li@20029054-1@2@aut$W.H.Liao@20099409-1@1@aut$Bo Xu bis@20067872-1@3@aut,,,tax. nov.,,1.1,f,ceropegia~setuligera,asclepiadaceaeceropegia~setuligera~,662,wfo-1000091015,,species,,,,
urn:lsid:ipni.org:names:77381872-1,"S.Lahiri, M.Das & S.S.Dash",,,,,,71(3): 503,,31,,8,,100952,2024,,"S.Lahiri, Mona.Das &amp; S.S.Dash",,,19/06/2026 10:49,19/06/2026 10:49,"Arunachal Pradesh (East Himalaya, Indian Subcontinent, Asia-Tropical)",E,Gentianaceae,Gentiana sangesterensis,Gentiana sangesterensis,Gentiana,,f,f,,,,,,,,27,43,9,"Tawang district, near Sangester Lake, 3800 m",91,49,36,,,,,,N,,,,,,,,,30001281-2,Taiwania,urn:lsid:ipni.org:publications:2979-2,2026,2026 [29 May 2026],[29 May 2026],"S.Lahiri, M.Das & S.S.Dash",spec.,Taiwania 71(3): 503. 2026 [29 May 2026] ,,doi:10.6165/tai.2026.71.503 Etymology: 'The specific epithet 'sangesterensis' refers to the Sangester Tso (popularly called as 'Madhuri Lake') of Tawang district'.,,,11,sangesterensis,,,f,t,,holotype CAL CAL0000310779;isotype ASSAM;isotype BSD,,,,,S.S.Dash@40000-1@3@aut$S.Lahiri@20099410-1@1@aut$M.Das@20078419-1@2@aut,,,tax. nov.,,1.1,f,gentiana~sangesterensis,gentianaceaegentiana~sangesterensis~,663,wfo-1000091016,,species,,,,
urn:lsid:ipni.org:names:77381873-1,"M.Şentürk, Yıldırım, Binzet & Eren",,,,,,763(1): 57,,19,,7,,1579,2022,,M.Şentürk &amp; D.Şentürk,,,19/06/2026 11:00,19/06/2026 11:00,"Turkey (Western Asia, Asia-Temperate)",E,Globulariaceae,Globularia elmasii,Globularia elmasii,Globularia,,f,f,,,,,,,,36,50,34,"Muğla Province: Dalaman District, Kavacık rural neighbourhood, 786 m",28,59,20,,,,,,N,,,,,,,,,38137-1,Phytotaxa,urn:lsid:ipni.org:publications:20011462-1,2026,2026 [18 Jun 2026],[18 Jun 2026],"M.Şentürk, Yıldırım, Binzet & Eren",spec.,Phytotaxa 763(1): 57. 2026 [18 Jun 2026] ,,doi:10.11646/phytotaxa.763.1.5 Etymology: the specific epithet is named in honour of Turkish botanist Bülent Elmas who first collected this species.,,,11,elmasii,,,f,t,,holotype MERA;isotype AYDN;isotype EGE,,,,,Binzet@20005677-1@3@aut$M.Şentürk@20099411-1@1@aut$Yıldırım@20013469-1@2@aut$Eren@20003930-1@4@aut,,,tax. nov.,,1.1,f,globularia~elmasii,globulariaceaeglobularia~elmasii~,664,wfo-1000091017,,species,,,,
urn:lsid:ipni.org:names:77381874-1,Li Bing Zhang & H.He,,,,,,763(1): 69,,7,,11,,5629,2010,,"Li Bing Zhang, Hai He &amp; Yu Wang",,,19/06/2026 11:25,19/06/2026 11:25,"Guangxi (China Southeast, China, Asia-Temperate)",,Dryopteridaceae,Polystichum atroviride,Polystichum atroviride,Polystichum,,f,f,,,,,,,,,,,"Fengshan County, Paoli Township, Jiangdong village, Longchan Tun, Huang Cave, ca. 700 m",,,,,,,,,,,,,,,,,,327121-2,Phytotaxa,urn:lsid:ipni.org:publications:20011462-1,2026,2026 [18 Jun 2026],[18 Jun 2026],Li Bing Zhang & H.He,spec.,Phytotaxa 763(1): 69. 2026 [18 Jun 2026] ,,"doi:10.11646/phytotaxa.763.1.6 Etymology: the specific epithet is derived from the Latin prefix, atro, meaning dark, and Latin adjective, viridis, meaning green. This is a reference to the dark green pinnae of fresh leaf material.",,,11,atroviride,,,f,t,,holotype CDBI;isotype CTC;isotype MO,,,,,Li Bing Zhang@36529-1@1@aut$H.He@37465-1@2@aut,,,tax. nov.,,1.1,f,polystichum~atroviride,dryopteridaceaepolystichum~atroviride~,665,wfo-1000091018,,species,,,,
urn:lsid:ipni.org:names:77381875-1,Li Bing Zhang & H.He,,,,,,763(1): 71,,5,,11,,5566,2010,,"Li Bing Zhang, Hai He &amp; Yu Wang",,,19/06/2026 11:30,19/06/2026 11:30,"Guangxi (China Southeast, China, Asia-Temperate)",,Dryopteridaceae,Polystichum bamaense,Polystichum bamaense,Polystichum,,f,f,,,,,,,,,,,"Bama Yao Autonomous County, Xishan Township, Polin village, Nongjiao Tun, ca. 400 m",,,,,,,,,,,,,,,,,,327121-2,Phytotaxa,urn:lsid:ipni.org:publications:20011462-1,2026,2026 [18 Jun 2026],[18 Jun 2026],Li Bing Zhang & H.He,spec.,Phytotaxa 763(1): 71. 2026 [18 Jun 2026] ,,"doi:10.11646/phytotaxa.763.1.6 Etymology: the specific epithet is derived from Pinyin, bama, the name of the type locality county, and the Latin suffix, -ense, of geographical origin, indicating the geographical location of this species.",,,11,bamaense,,,f,t,,holotype CDBI;isotype CTC;isotype MO,,,,,H.He@37465-1@2@aut$Li Bing Zhang@36529-1@1@aut,,,tax. nov.,,1.1,f,polystichum~bamaense,dryopteridaceaepolystichum~bamaense~,666,wfo-1000091019,,species,,,,
urn:lsid:ipni.org:names:77381876-1,Li Bing Zhang & H.He,,,,,,763(1): 73,,9,,11,,5684,2010,,"Li Bing Zhang, Hai He &amp; Yu Wang",,,19/06/2026 11:35,19/06/2026 11:35,"Guangxi (China Southeast, China, Asia-Temperate)",,Dryopteridaceae,Polystichum hechiense,Polystichum hechiense,Polystichum,,f,f,,,,,,,,,,,"Hechi City, Celing Township, Ladong Tun, Gan'eng Cave, ca. 700 m",,,,,,,,,,,,,,,,,,327121-2,Phytotaxa,urn:lsid:ipni.org:publications:20011462-1,2026,2026 [18 Jun 2026],[18 Jun 2026],Li Bing Zhang & H.He,spec.,Phytotaxa 763(1): 73. 2026 [18 Jun 2026] ,,"doi:10.11646/phytotaxa.763.1.6 Etymology: the specific epithet is derived from Pinyin, hechi, the name of a city in northern Guangxi, and the Latin adjectival suffix -ense, of geographical origin, indicating the place where this species was discovered.",,,11,hechiense,,,f,t,,holotype CDBI;isotype CTC;isotype MO,,,,,Li Bing Zhang@36529-1@1@aut$H.He@37465-1@2@aut,,,tax. nov.,,1.1,f,polystichum~hechiense,dryopteridaceaepolystichum~hechiense~,667,wfo-1000091020,,species,,,,
urn:lsid:ipni.org:names:77381877-1,Li Bing Zhang & H.He,,,,,,763(1): 75,,8,,11,,5650,2010,,"Li Bing Zhang, Hai He &amp; Yu Wang",,,19/06/2026 11:39,19/06/2026 11:39,"Guangxi (China Southeast, China, Asia-Temperate)",,Dryopteridaceae,Polystichum lepidotipinnatum,Polystichum lepidotipinnatum,Polystichum,,f,f,,,,,,,,,,,"Fengshan County, Paoli Township, Poxin village, Gantuan Cave, ca. 600 m",,,,,,,,,,,,,,,,,,327121-2,Phytotaxa,urn:lsid:ipni.org:publications:20011462-1,2026,2026 [18 Jun 2026],[18 Jun 2026],Li Bing Zhang & H.He,spec.,Phytotaxa 763(1): 75. 2026 [18 Jun 2026] ,,"doi:10.11646/phytotaxa.763.1.6 Etymology: the specific epithet is derived from the Latin, lepidotus, meaning scaly, and the Latin suffix, -pinnatus, meaning pinnate. This is a reference to the scaly abaxial surfaces on the pinnae of this species.",,,11,lepidotipinnatum,,,f,t,,holotype CDBI;isotype CTC;isotype MO,,,,,H.He@37465-1@2@aut$Li Bing Zhang@36529-1@1@aut,,,tax. nov.,,1.1,f,polystichum~lepidotipinnatum,dryopteridaceaepolystichum~lepidotipinnatum~,668,wfo-1000091021,,species,,,,
urn:lsid:ipni.org:names:77381878-1,Li Bing Zhang & H.He,,,,,,763(1): 75,,22,,10,,5372,2010,,"Li Bing Zhang, Hai He &amp; Yu Wang",,,19/06/2026 11:43,19/06/2026 11:43,"Guangxi (China Southeast, China, Asia-Temperate)",,Dryopteridaceae,Polystichum multifolium,Polystichum multifolium,Polystichum,,f,f,,,,,,,,,,,"Bama Yao Autonomous County, Jiazhuan Township, Baima village, Gannia Cave, ca. 400 m",,,,,,,,,,,,,,,,,,327121-2,Phytotaxa,urn:lsid:ipni.org:publications:20011462-1,2026,2026 [18 Jun 2026],[18 Jun 2026],Li Bing Zhang & H.He,spec.,Phytotaxa 763(1): 75. 2026 [18 Jun 2026] ,,"doi:10.11646/phytotaxa.763.1.6 Etymology: the specific epithet is derived from the Latin prefix, multi-, meaning multiple, and the Latin suffix, -folius, meaning leaved. This is a reference to the plant possessing many living and fertile leaves.",,,11,multifolium,,,f,t,,holotype CDBI;isotype CTC;isotype MO,,,,,H.He@37465-1@2@aut$Li Bing Zhang@36529-1@1@aut,,,tax. nov.,,1.1,f,polystichum~multifolium,dryopteridaceaepolystichum~multifolium~,669,wfo-1000091022,,species,,,,
urn:lsid:ipni.org:names:77381879-1,Li Bing Zhang & H.He,,,,,,763(1): 78,,7,,11,,5628,2010,,"Li Bing Zhang, Hai He &amp; Yu Wang",,,19/06/2026 11:48,19/06/2026 11:48,"Guangxi (China Southeast, China, Asia-Temperate)",,Dryopteridaceae,Polystichum paoliense,Polystichum paoliense,Polystichum,,f,f,,,,,,,,,,,"Fengshan County, Paoli Township, Jiangdong village, Longchan Tun, ca. 700 m",,,,,,,,,,,,,,,,,,327121-2,Phytotaxa,urn:lsid:ipni.org:publications:20011462-1,2026,2026 [18 Jun 2026],[18 Jun 2026],Li Bing Zhang & H.He,spec.,Phytotaxa 763(1): 78. 2026 [18 Jun 2026] ,,"doi:10.11646/phytotaxa.763.1.6 Etymology: the specific epithet is derived from the Pinyin, Paoli, which is the name of the township nearest the type locality, and the Latin adjectival suffix, -ense, of geographical origin, indicating the place of origin for this species.",,,11,paoliense,,,f,t,,holotype CDBI;isotype CTC;isotype MO,,,,,H.He@37465-1@2@aut$Li Bing Zhang@36529-1@1@aut,,,tax. nov.,,1.1,f,polystichum~paoliense,dryopteridaceaepolystichum~paoliense~,670,wfo-1000091023,,species,,,,
urn:lsid:ipni.org:names:77381880-1,Marcusso,,,,,,763(1): 94,,28,,1,,3037,2026,,"G.M.Marcusso, J.A.Lombardi, A.Oriani &amp; N.G.Feitosa",,,19/06/2026 12:08,19/06/2026 12:08,"Tocantins (Brazil North, Brazil, Southern America)",W,Apocynaceae,Allamanda karstica,Allamanda karstica,Allamanda,,f,f,,,,,,,,12,45,57,"Lavandeira, afloramento de calcário entre Aurora do Tocantins e Lavandeira, certa de 1 km da TO-110, 480 m",46,29,30,,,,,,S,,,,,,,,,2182-1,Phytotaxa,urn:lsid:ipni.org:publications:20011462-1,2026,2026 [18 Jun 2026],[18 Jun 2026],Marcusso,spec.,Phytotaxa 763(1): 94. 2026 [18 Jun 2026] ,,doi:10.11646/phytotaxa.763.1.8,,,11,karstica,,,f,t,,holotype RB 1602939;isotype ESA;isotype HUEFS;isotype HTO,,,,,Marcusso@20045137-1@1@aut,,,tax. nov.,,1.1,f,allamanda~karstica,apocynaceaeallamanda~karstica~,671,wfo-1000091024,,species,,,,
urn:lsid:ipni.org:names:77381881-1,K.Liang & S.R.Yi,,,,,,763(2): 194,,11,,3,,YSR0960,2023,,S.R.Yi,,,19/06/2026 12:35,19/06/2026 12:35,"Chongqing (China South-Central, China, Asia-Temperate)",E,Primulaceae,Primula chongqingensis,Primula chongqingensis,Primula,,f,f,,,,,,,,29,32,45,"Qianjiang District, Shihui Town, Tanjia Yuanzi, 570 m",108,38,45,,,,,,N,,,,,,,,,30005261-2,Phytotaxa,urn:lsid:ipni.org:publications:20011462-1,2026,2026 [19 Jun 2026],[19 Jun 2026],K.Liang & S.R.Yi,spec.,Phytotaxa 763(2): 194. 2026 [19 Jun 2026] ,,"doi:10.11646/phytotaxa.763.2.6 Etymology: 'The specific epithet refers to Chongqing Municipality, China, where the species was discovered.'",,,11,chongqingensis,,,f,t,,holotype HITBC 0140716;isotype CGMC;isotype KUN,,,,,S.R.Yi@20016873-1@2@aut$K.Liang@20099412-1@1@aut,,,tax. nov.,,1.1,f,primula~chongqingensis,primulaceaeprimula~chongqingensis~,672,wfo-1000091025,,species,,,,
urn:lsid:ipni.org:names:77381882-1,Zavatin & E.F.S.Rossetto,,,,,,[early view]-e05224: [2 of 9],,28,,10,,2945,2025,,D.A.Zavatin &amp; L.Azevedo,,,19/06/2026 15:17,19/06/2026 18:29,"Minas Gerais (Brazil Southeast, Brazil, Southern America)",W,Nyctaginaceae,Guapira leucophylla,Guapira leucophylla,Guapira,,f,f,,,,,,,,15,38,40,"Rio Pardo de Minas, ParqueEstadual Serra Nova e Talhado",42,44,11,,,,,,S,,,,,,,,,326871-2,Nordic J. Bot.,urn:lsid:ipni.org:publications:2633-2,2026,2026 [16 Jun 2026],[16 Jun 2026],Zavatin & E.F.S.Rossetto,spec.,Nordic J. Bot. [early view]-e05224: [2 of 9]. 2026 [16 Jun 2026] ,,"doi:10.1002/njb.05224 [english] Etymology: 'The specific epithet 'leucophylla', from Latin 'leuco' means 'white or whitish' and 'phylla' means 'leaf' in reference to the leaf color indumentum on the abaxial surface'.",,,11,leucophylla,,,f,t,,holotype BHCB;isotype BHZB;isotype MEXU;isotype RB;isotype SPF,,,,,Zavatin@20063851-1@1@aut$E.F.S.Rossetto@20042847-1@2@aut,,,tax. nov.,,1.3,f,guapira~leucophylla,nyctaginaceaeguapira~leucophylla~,673,wfo-1000091026,,species,,,,
urn:lsid:ipni.org:names:77381883-1,(G.Forst.) Raoul,Asteraceae Solidago arborescens G.Forst.,(G.Forst.),249407-1,,,45,,,,,,,,,,,,19/06/2026 16:14,19/06/2026 18:14,,,Asteraceae,Shawia arborescens,Shawia arborescens,Shawia,,f,f,,,,,,,,,,,,,,,,,,,,,,,,,,,,null:,11008-1,Choix Pl. Nouv.-Zel.,urn:lsid:ipni.org:publications:5938-2,1846,1846,,Raoul,spec.,Choix Pl. Nouv.-Zel. 45. 1846 ,,,,,11,arborescens,,,f,t,,,,,,,Raoul@8142-1@1@aut$G.Forst.@2835-1@2@bas,,,comb. nov.,,1.3,f,shawia~arborescens,asteraceaeshawia~arborescens~,674,wfo-0000006467,,species,,,,
urn:lsid:ipni.org:names:77381884-1,Uysal & Hamzaoğlu,,,,,,50(2): 242,,25,,7,,7942,2021,,Hamzaoğlu,,,19/06/2026 17:10,19/06/2026 17:10,"Turkey (Western Asia, Asia-Temperate)",,Asteraceae,Centaurea tomarzaensis,Centaurea tomarzaensis,Centaurea,,f,f,,,,,,,,,,,"Kayseri, Tomarza, the road between Toklar and Işıklar villages, 1720 m",,,,,,,,,,,,,,,,,,330045-2,Compreh. Pl. Biol.,urn:lsid:ipni.org:publications:20064793-1,2026,2026,,Uysal & Hamzaoğlu,spec.,Compreh. Pl. Biol. 50(2): 242. 2026 ,,doi:10.2298/CPB2602239U Etymology: 'The name is derived from the geographic location where the specimen was first collected'.,,,11,tomarzaensis,,,f,t,,holotype GAZI;isotype ANK;isotype GAZI;isotype HUB;isotype KNYA,,,,,Hamzaoğlu@39500-1@2@aut$Uysal@20005445-1@1@aut,,,tax. nov.,,1.1,f,centaurea~tomarzaensis,asteraceaecentaurea~tomarzaensis~,675,wfo-1000091027,,species,,,,
urn:lsid:ipni.org:names:77381885-1,Uysal & Hamzaoğlu,,,,,,50(2): 246,,13,,7,,8101,2023,,Hamzaoğlu,,,19/06/2026 17:13,19/06/2026 17:13,"Turkey (Western Asia, Asia-Temperate)",,Asteraceae,Centaurea yozgatensis subsp. vulcanica,Centaurea yozgatensis subsp. vulcanica,Centaurea,,f,f,,,,,vulcanica,,,,,,"Ankara, Beypazarı, Kargı köyü aşağısı, Kargı Barajı kuzeybatısı, 510 m",,,,,,,,,,,,,,,,,,994527-1,Compreh. Pl. Biol.,urn:lsid:ipni.org:publications:20064793-1,2026,2026,,Uysal & Hamzaoğlu,subsp.,Compreh. Pl. Biol. 50(2): 246. 2026 ,,doi:10.2298/CPB2602239U,,,11,yozgatensis,Wagenitz,,f,t,,holotype KNYA;isotype GAZI,,,,,Uysal@20005445-1@1@aut$Hamzaoğlu@39500-1@2@aut,Wagenitz@11297-1@1@aut,,tax. nov.,,1.1,f,centaurea~yozgatensisvulcanica,asteraceaecentaurea~yozgatensisvulcanica,676,wfo-1200119066,,subspecies,,,,
urn:lsid:ipni.org:names:77381886-1,"S.Y.Zhang, Y.Hu & J.W.Shao",,,,,,15(9)-e72047: 8,,26,,2,,ZSY-zbcz013,2024,,Siyu Zhang &amp; Yang Hu,,,20/06/2026 14:48,22/06/2026 14:45,"Sichuan (China South-Central, China, Asia-Temperate)",,Primulaceae,Primula rongrong,Primula rongrong,Primula,,f,f,,,,,,,,,,,"Qingchuan County, Fangshi Town, 913 m",,,,,,,,,,,,,,,,,,30005261-2,Ecol. Evol.,urn:lsid:ipni.org:publications:20036179-1,2025,2025 [27 Aug 2025],[27 Aug 2025],"S.Y.Zhang, Y.Hu & J.W.Shao",spec.,Ecol. Evol. 15(9)-e72047: 8. 2025 [27 Aug 2025] ,,"doi:10.1002/ece3.72047 [english] Etymology: 'derived from the Romanized Pinyin of its Chinese name, which means hairy or furry'.",,,11,rongrong,,,f,t,,holotype ANUB 100111;isotype ANUB 100112 -100114;isotype CSH 0219763;isotype NAS 00718036,,,,,Y.Hu@20099514-1@2@aut$J.W.Shao@20001709-1@3@aut$S.Y.Zhang@20046138-1@1@aut,,,tax. nov.,,1.3,f,primula~rongrong,primulaceaeprimula~rongrong~,677,wfo-1000091028,,species,,,,
urn:lsid:ipni.org:names:77381887-1,"J.L.Gu, Ying F.Hu & S.Y.Zhang",,,,,,15(9)-e72047: 11,,27,,2,,ZSY-zbcz008,2024,,Siyu Zhang &amp; Yang Hu,,,20/06/2026 14:50,22/06/2026 14:50,"Sichuan (China South-Central, China, Asia-Temperate)",,Primulaceae,Primula fujiangensis,Primula fujiangensis,Primula,,f,f,,,,,,,,,,,"Jiangyou County, Wudu Reservoir, 1083 m",,,,,,,,,,,,,,,,,,30005261-2,Ecol. Evol.,urn:lsid:ipni.org:publications:20036179-1,2025,2025 [27 Aug 2025],[27 Aug 2025],"J.L.Gu, Ying F.Hu & S.Y.Zhang",spec.,Ecol. Evol. 15(9)-e72047: 11. 2025 [27 Aug 2025] ,,"doi:10.1002/ece3.72047 [english] Etymology: 'derived from the native habitat of the new species, which is located beside the Fujiang River'",,,11,fujiangensis,,,f,t,,holotype ANUB 100115;isotype ANUB;isotype CSH 0219762;isotype NAS 00718037,,,,,J.L.Gu@20090288-1@1@aut$Ying F.Hu@20062084-1@2@aut$S.Y.Zhang@20046138-1@3@aut,,,tax. nov.,,1.3,f,primula~fujiangensis,primulaceaeprimula~fujiangensis~,678,wfo-1000091029,,species,,,,
urn:lsid:ipni.org:names:77381888-1,Makino,,,,,,"10(no. 115): 68, no. 134",,,,,,,,,,,,20/06/2026 17:11,20/06/2026 17:11,,,Rubiaceae,Ophiorrhiza kuroiwae,Ophiorrhiza kuroiwae,Ophiorrhiza,,f,f,,,,,,,,,,,,,,,nom. inval. nom. nud.,,nom. inval.,,,,,,,,,,,,30280723-2,Bot. Mag. (Tokyo),urn:lsid:ipni.org:publications:555-2,1896,1896,,Makino,spec.,"Bot. Mag. (Tokyo) 10(no. 115): 68, no. 134. 1896 (as 'Kuroiwai')",(as 'Kuroiwai'),Eponymy: 'Mr. Hisashi Kuroiwa’s Collections of Liukiu Plants',,,9,kuroiwae,,,f,t,,,,,,,Makino@6013-1@1@aut,,,tax. nov.,,1.1,f,ophiorrhiza~kuroiwae,rubiaceaeophiorrhiza~kuroiwae~,679,wfo-1000091030,,species,,,,
urn:lsid:ipni.org:names:77381889-1,Makino,,,,,,20(no. 228):  5,,,,,,,,,,,,20/06/2026 17:18,20/06/2026 17:18,"Japan (Eastern Asia, Asia-Temperate)",,Rubiaceae,Ophiorrhiza kuroiwae,Ophiorrhiza kuroiwae,Ophiorrhiza,,f,f,,,,,,,,,,,& Collection: Hab. Loochoo: Kunchan in Isl. Okinawa (H. Kuroiwa; July 1894)',,,,,,,,,,,,,,,,,,30280723-2,Bot. Mag. (Tokyo),urn:lsid:ipni.org:publications:555-2,1906,1906 [20 Jan 1906],[20 Jan 1906],Makino,spec.,Bot. Mag. (Tokyo) 20(no. 228):  5. 1906 [20 Jan 1906] (as 'Kuroiwai'),(as 'Kuroiwai'),,,,9,kuroiwae,,,f,t,,,,,,,Makino@6013-1@1@aut,,,tax. nov.,77381888-1,1.1,f,ophiorrhiza~kuroiwae,rubiaceaeophiorrhiza~kuroiwae~,680,wfo-0000257068,,species,,,,
urn:lsid:ipni.org:names:77381890-1,Rouy & Faure,,,,,,57: 198,,,,,,,,,,,,20/06/2026 20:32,20/06/2026 20:32,,,Scrophulariaceae,Pedicularis × gillotiana var. pseudocenisia,Pedicularis × gillotiana var. pseudocenisia,Pedicularis,,f,f,,,,,pseudocenisia,,,,,,Hab . — Hautes-Alpes,,,,,,,,,,,,,,,,,,807097-1,Bull. Soc. Bot. France,urn:lsid:ipni.org:publications:578-2,1910,1910,,Rouy & Faure,var.,Bull. Soc. Bot. France 57: 198. 1910 (as 'pseudo-cenisia'),(as 'pseudo-cenisia'),,,,8,gillotiana,Rouy & Faure,,f,t,,,,,,,Faure@35512-1@2@aut$Rouy@8674-1@1@aut,Rouy@8674-1@1@aut$Faure@35512-1@2@aut,,tax. nov.,,1.1,f,pedicularis~gillotianapseudocenisia,scrophulariaceaepedicularis~gillotianapseudocenisia,681,wfo-1200119067,,variety,,,,
urn:lsid:ipni.org:names:77381891-1,Clavijo & J.L.Clark,,,,,,20(2): 156,,11,,8,,19300,2024,,J.L.Clark et al.,,,20/06/2026 21:17,22/06/2026 15:06,"Colombia (Western South America, Southern America)",W,Gesneriaceae,Besleria bullata,Besleria bullata,Besleria,,f,f,,,,,,,,4,50,25,"Chocó: municipio San José del Palmar, Serranía de los Paraguas, western slopes of the Cordillera Occidental, sector San Antonio, road toward San Jose del Palmar, near the depart-mental border of Valle del Cauca, 1650–1750 m",76,13,1,,,,,,N,,,,,,,,,30001880-2,J. Bot. Res. Inst. Texas,urn:lsid:ipni.org:publications:20007714-1,2026,2026 [17 Jun 2026],[17 Jun 2026],Clavijo & J.L.Clark,spec.,J. Bot. Res. Inst. Texas 20(2): 156. 2026 [17 Jun 2026] ,,"doi:10.17348/jbrit.v20.i2.1474 [english] Etymology: 'from the Latin bullatus, meaning 'blistered' or 'bearing swellings', and refers to the conspicuously bullate leaf surfaces'.",,,11,bullata,,,f,t,,holotype COL;isotype CAS;isotype MO;isotype SEL;isotype CUVC;isotype HUA;isotype JAUM;isotype NY;isotype US,,,,,Clavijo@20014706-1@1@aut$J.L.Clark@39372-1@2@aut,,,tax. nov.,,1.3,f,besleria~bullata,gesneriaceaebesleria~bullata~,682,wfo-1000091031,,species,,,,
urn:lsid:ipni.org:names:77381892-1,J.L.Clark & Clavijo,,,,,,20(2): 158,,11,,8,,19328,2024,,J.L.Clark et al.,,,20/06/2026 21:21,22/06/2026 15:16,"Colombia (Western South America, Southern America)",W,Gesneriaceae,Besleria nigra,Besleria nigra,Besleria,,f,f,,,,,,,,4,50,25,"Chocó: municipio San José del Palmar, Serranía de los Paraguas, western slopes of the Cordillera Occidental, sector San Antonio, the road towards San Jose del Palmar, near the departmental border of Valle del Cauca, 1650–1750 m",76,13,1,,,,,,N,,,,,,,,,30001880-2,J. Bot. Res. Inst. Texas,urn:lsid:ipni.org:publications:20007714-1,2026,2026 [17 Jun 2026],[17 Jun 2026],J.L.Clark & Clavijo,spec.,J. Bot. Res. Inst. Texas 20(2): 158. 2026 [17 Jun 2026] ,,"doi:10.17348/jbrit.v20.i2.1474 [english] Etymology: 'derived from the Latin niger, meaning 'black' or 'dark-colored', and refers to the distinctive black pigmentation on the adaxial leaf surfaces'.",,,11,nigra,,,f,t,,holotype COL;isotype SEL,,,,,J.L.Clark@39372-1@1@aut$Clavijo@20014706-1@2@aut,,,tax. nov.,,1.3,f,besleria~nigra,gesneriaceaebesleria~nigra~,683,wfo-1000091032,,species,,,,
urn:lsid:ipni.org:names:77381893-1,"Kuethe, H.Garzón & G.Tello",,,,,,20(2): 163,,13,,6,,305,2025,,H.Garzón,,,21/06/2026 00:17,22/06/2026 15:26,"Ecuador (Western South America, Southern America)",W,Passifloraceae,Passiflora veronesiae,Passiflora veronesiae,Passiflora,,f,f,,,,,,,,2,34,49,"Azuay, Sevilla de Oro, Amaluza–Campamento Guarumales, 1481 m",78,30,24,,,,,,S,,,,,,,,,328300-2,J. Bot. Res. Inst. Texas,urn:lsid:ipni.org:publications:20007714-1,2026,2026 [17 Jun 2026],[17 Jun 2026],"Kuethe, H.Garzón & G.Tello",spec.,J. Bot. Res. Inst. Texas 20(2): 163. 2026 [17 Jun 2026] ,,doi:10.17348/jbrit.v20.i2.1475 [english] Etymology: 'This species is dedicated to Manuela Veronesi'.,,,11,veronesiae,,,f,t,,holotype HUTPL HUTPL15397;isotype HUTPL,,,,,Kuethe@20042905-1@1@aut$G.Tello@20076502-1@3@aut$H.Garzón@20050076-1@2@aut,,,tax. nov.,,1.3,f,passiflora~veronesiae,passifloraceaepassiflora~veronesiae~,684,wfo-1000091033,,species,,,,
urn:lsid:ipni.org:names:77381905-1,Melamud,,,,,,76: 1,,25,,4,,,2024,,,,,21/06/2026 13:49,29/06/2026 08:44,"Krasnodar (North Caucasus, Caucasus, Asia-Temperate)",,Rosaceae,Alchemilla azischica,Alchemilla azischica,Alchemilla,,f,f,,,,,,,,,,,"Apsheronsky district, village Temnolesskaya, meadow on slope of western exposure",,,,,,,,,,,,,,,,,,30008181-2,Specimen,urn:lsid:ipni.org:publications:20065005-1,2026,2026 [26 Jun 2026],[26 Jun 2026],Melamud,spec.,Specimen 76: 1. 2026 [26 Jun 2026] ,,[english] Etymology: named after the place of discovery on the Azish-Tau Ridge.,,,10,azischica,,,f,t,,"holotype LE 01301783;isotype Herb. G. K. Melamud 600, 601;isotype LE 01301782",,,,,Melamud@20084367-1@1@aut,,,tax. nov.,,1.3,f,alchemilla~azischica,rosaceaealchemilla~azischica~,685,wfo-1000091034,,species,,,,
urn:lsid:ipni.org:names:77381906-1,"Conegiro, Antar & Bruniera",,,,,,[early view]-e05157: [2 of 10],,9,,9,,13784,2008,,G.Pereira-Silva et al.,,,22/06/2026 03:23,23/06/2026 10:51,"Maranhão (Brazil Northeast, Brazil, Southern America);Pará (Brazil North, Brazil, Southern America);",W,Lamiaceae,Vitex oreadica,Vitex oreadica,Vitex,,f,f,,,,,,,,7,6,4,"Maranhão: Carolina, BR-010, cachoeira de São Romão, km 1, 320 m",47,25,17,,,,,,S,,,,,,,,,30000069-2,Nordic J. Bot.,urn:lsid:ipni.org:publications:2633-2,2026,2026 [16 Jun 2026],[16 Jun 2026],"Conegiro, Antar & Bruniera",spec.,Nordic J. Bot. [early view]-e05157: [2 of 10]. 2026 [16 Jun 2026] ,,"doi:10.1002/njb.05157 [english] Etymology: 'Oreades, in Greek mythology, are nymphs that protect the mountains and caves'.",,,11,oreadica,,,f,t,,holotype CEN 00099135;isotype HUFSP 002821,,,,,Bruniera@20018978-1@3@aut$Conegiro@20099516-1@1@aut$Antar@20029314-1@2@aut,,,tax. nov.,,1.5,f,vitex~oreadica,lamiaceaevitex~oreadica~,686,wfo-1000091035,,species,,,,
urn:lsid:ipni.org:names:77381907-1,"Conegiro, Antar & Bruniera",,,,,,[early view]-e05157: [6 of 10],,16,,12,,113,1996,,A.R.Ferreti et al.,,,22/06/2026 03:27,22/06/2026 15:51,"São Paulo (Brazil Southeast, Brazil, Southern America)",W,Lamiaceae,Vitex umbellata,Vitex umbellata,Vitex,,f,f,,,,,,,,23,14,45,"Cunha, Estação Experimental da Serra do Mar, Núcleo Cunha, trilha da nascente do Rio Bonito, Casa de Pedra, Indaiá",44,59,36,,,,,,S,,,,,,,,,30000069-2,Nordic J. Bot.,urn:lsid:ipni.org:publications:2633-2,2026,2026 [16 Jun 2026],[16 Jun 2026],"Conegiro, Antar & Bruniera",spec.,Nordic J. Bot. [early view]-e05157: [6 of 10]. 2026 [16 Jun 2026] ,,doi:10.1002/njb.05157 [english] Etymology: 'The specific epithet refers to the synflorescence that is a congested umbel composed of two dichasia'.,,,11,umbellata,,,f,t,,holotype SPF 118353;isotype ESA 34106;isotype HUEFS 000156777,,,,,Bruniera@20018978-1@3@aut$Antar@20029314-1@2@aut$Conegiro@20099516-1@1@aut,,,tax. nov.,,1.4,f,vitex~umbellata,lamiaceaevitex~umbellata~,687,wfo-1000091036,,species,,,,
urn:lsid:ipni.org:names:77382010-1,(DC.) C.F.W.Berg,Brassicaceae Brassica campestris L. proles oleifera DC.,(DC.),77380022-1,,,25,,,,,,,,,,,,22/06/2026 06:26,23/06/2026 11:56,,,Brassicaceae,Brassica campestris subsp. oleifera,Brassica campestris subsp. oleifera,Brassica,,f,f,,,,,oleifera,,,,,,,,,,,,,,,,,,,,,,,null:,30076075-2,Arten Kohls Rettige,urn:lsid:ipni.org:publications:20064681-1,1824,1824,,C.F.W.Berg,subsp.,Arten Kohls Rettige 25. 1824 ,,,,,11,campestris,L.,,f,t,,,,,,,C.F.W.Berg@20099203-1@1@aut$DC.@16855-1@2@bas,L.@12653-1@1@aut,,comb. nov.,,1.3,f,brassica~campestrisoleifera,brassicaceaebrassica~campestrisoleifera,688,wfo-1200119165,,subspecies,,,,
urn:lsid:ipni.org:names:77382011-1,(L.) C.F.W.Berg,Brassicaceae Brassica napus L.,(L.),279419-1,,,28,,,,,,,,,,,,22/06/2026 06:29,23/06/2026 12:01,,,Brassicaceae,Brassica campestris subsp. napobrassica,Brassica campestris subsp. napobrassica,Brassica,,f,f,,,,,napobrassica,,,,,,,,,,,,,,,,,,,,,,,null:,30076075-2,Arten Kohls Rettige,urn:lsid:ipni.org:publications:20064681-1,1824,1824,,C.F.W.Berg,subsp.,"Arten Kohls Rettige 28. 1824 , as 'napo-brassica'",", as 'napo-brassica'",,,,11,campestris,L.,,f,t,,,,,,,C.F.W.Berg@20099203-1@1@aut$L.@12653-1@2@bas,L.@12653-1@1@aut,,comb. nov.,,1.3,f,brassica~campestrisnapobrassica,brassicaceaebrassica~campestrisnapobrassica,689,wfo-1200119166,,subspecies,,,,
urn:lsid:ipni.org:names:77382012-1,(DC.) Bluff & Fingerh.,Brassicaceae Brassica campestris L. proles oleifera DC.,(DC.),77380022-1,,,2: 149,,,,,,,,,,,,22/06/2026 06:43,23/06/2026 12:15,,,Brassicaceae,Brassica campestris var. oleifera,Brassica campestris var. oleifera,Brassica,,f,f,,,,,oleifera,,,,,,,,,,nom. superfl.,,,,,,,,,,,,,null:,30076075-2,Comp. Fl. German. [Bluff],urn:lsid:ipni.org:publications:7523-2,1825,1825,,Bluff & Fingerh.,var.,Comp. Fl. German. [Bluff] 2: 149. 1825 ,,,,,12,campestris,L.,,f,t,,,,,,,Fingerh.@2735-1@2@aut$Bluff@16228-1@1@aut$DC.@16855-1@3@bas,Oeder@0-0@1@aut,,comb. nov.,,1.3,f,brassica~campestrisoleifera,brassicaceaebrassica~campestrisoleifera,690,wfo-1200119167,,variety,,,,
urn:lsid:ipni.org:names:77382015-1,(Roth) Romero Zarco,Poaceae Avena brevis Roth,(Roth),391355-1,,,137,,,,,,,,,,,,22/06/2026 09:57,23/06/2026 10:31,,,Poaceae,Avena strigosa var. brevis,Avena strigosa var. brevis,Avena,,f,f,,,,,brevis,,,,,,,,,,,,,,,,,,,,,,,null:,391799-1,Gramíneas Fáciles,urn:lsid:ipni.org:publications:20064896-1,2026,2026 [12 Jun 2026],[12 Jun 2026],Romero Zarco,var.,Gramíneas Fáciles 137. 2026 [12 Jun 2026] ,,,,,11,strigosa,Schreb.,,f,t,,,,,,,Romero Zarco@25759-1@1@aut$Roth@8637-1@2@bas,Schreb.@0-0@1@aut,,comb. et stat. nov.,,1.4,f,avena~strigosabrevis,poaceaeavena~strigosabrevis,691,wfo-1200119168,,variety,,,,
urn:lsid:ipni.org:names:77382016-1,Martín Osorio & Wildpret,,,,,,17: 109,,13,,11,,,2003,,Martín Osorio et al.,,,22/06/2026 10:55,03/07/2026 11:32,"Canary Is. (Macaronesia, Africa)",W,Boraginaceae,Echium × hermannii,Echium × hermannii,Echium,,t,f,"115564-1,115955-1",(Echium auberianum Webb & Berthel. × Echium wildpretii H.Pearson ex Hook.f.),,,,,,28,18,7,"Tenerife: Portillo Alto, Teide National Park, 2058 m",16,33,16,,,,,,N,,,,,,,,,30062099-2,Makaronesia,urn:lsid:ipni.org:publications:20065009-1,2015,2015,,Martín Osorio & Wildpret,spec.,"Makaronesia 17: 109. 2015 , as 'hermanni'",", as 'hermanni'","See also: Fl. Veg. Teide Natl. Park 220 (6 Oct 2025), isonym.",,,10,hermannii,,,f,t,,holotype TFC 44926,,,,,Martín Osorio@20040346-1@1@aut$Wildpret@11681-1@2@aut,,,tax. nov.,,1.4,f,echium~hermannii,boraginaceaeechium~hermannii~,692,wfo-1000091037,,species,,,,
urn:lsid:ipni.org:names:77382017-1,(Danser) I.M.Turner,Polygonaceae Polygonum pulchrum Blume subsp. hallieri Danser,(Danser),77381632-1,,,78: 19,,,,,,,,,,,,22/06/2026 12:46,01/07/2026 11:59,,,Polygonaceae,Persicaria attenuata subsp. hallieri,Persicaria attenuata subsp. hallieri,Persicaria,,f,f,,,,,hallieri,,,,,,,,,,,,,,,,,,,,,,,null:,694915-1,Gard. Bull. Singapore,urn:lsid:ipni.org:publications:18726-2,2026,2026 [1 Jul 2026],[1 Jul 2026],I.M.Turner,subsp.,Gard. Bull. Singapore 78: 19. 2026 [1 Jul 2026] ,,doi:10.26492/gbs78.2026-03,,,11,attenuata,(R.Br.) Soják,,f,t,,,,,,,Danser@1992-1@2@bas$I.M.Turner@37099-1@1@aut,Soják@9868-1@1@aut$R.Br.@1192-1@2@bas,,comb. nov.,,1.3,f,persicaria~attenuatahallieri,polygonaceaepersicaria~attenuatahallieri,693,wfo-1200119068,,subspecies,,,,
urn:lsid:ipni.org:names:77382018-1,Card.-McTeag. & L.J.Gillespie,,,,,,45(3): 518,,,,,,,,,,,,22/06/2026 14:25,22/06/2026 14:25,,,Euphorbiaceae,Plukenetia sect. Madagascarienses,Plukenetia sect. Madagascarienses,Plukenetia,,f,f,,,,madagascarienses,,,,,,,,,,,,,,,,,,,,,,,,,327669-2,Syst. Bot.,urn:lsid:ipni.org:publications:1295-2,2020,2020 [11 Aug 2020],[11 Aug 2020],Card.-McTeag. & L.J.Gillespie,sect.,Syst. Bot. 45(3): 518. 2020 [11 Aug 2020] ,,"doi:10.1600/036364420X15935294613572 Etymology: 'The sectional epithet is derived from the combination of Madagascar and -ensis (Latin, of a place), which reflects that all the species in the section are endemic to Madagascar'.",,,8,,,,f,t,,,Plukenetia madagascariensis Leandri,,,,Card.-McTeag.@20030899-1@1@aut$L.J.Gillespie@35888-1@2@aut,,,tax. nov.,,1.1,f,plukenetiamadagascarienses,euphorbiaceaeplukenetiamadagascarienses~~,694,wfo-1000091038,,section,,,,
urn:lsid:ipni.org:names:77382019-1,Card.-McTeag. & L.J.Gillespie,,,,,,45(3): 519,,,,,,,,,,,,22/06/2026 14:28,22/06/2026 14:28,,,Euphorbiaceae,Plukenetia sect. Penninerviae,Plukenetia sect. Penninerviae,Plukenetia,,f,f,,,,penninerviae,,,,,,,,,,,,,,,,,,,,,,,,,327669-2,Syst. Bot.,urn:lsid:ipni.org:publications:1295-2,2020,2020 [11 Aug 2020],[11 Aug 2020],Card.-McTeag. & L.J.Gillespie,sect.,Syst. Bot. 45(3): 519. 2020 [11 Aug 2020] ,,"doi:10.1600/036364420X15935294613572 Etymology: 'The sectional epithet is derived from penni- (Latin, feather) and -nervia (Latin, -nerved or -veined), referring to the pinnately veined leaves'.",,,8,,,,f,t,,,Plukenetia penninervia Müll.Arg.,,,,L.J.Gillespie@35888-1@2@aut$Card.-McTeag.@20030899-1@1@aut,,,tax. nov.,,1.1,f,plukenetiapenninerviae,euphorbiaceaeplukenetiapenninerviae~~,695,wfo-1000091039,,section,,,,
urn:lsid:ipni.org:names:77382020-1,(A.St.-Hil.) Card.-McTeag. & L.J.Gillespie,Euphorbiaceae Fragariopsis A.St.-Hil.,(A.St.-Hil.),15418-1,,,45(3): 516,,,,,,,,,,,,22/06/2026 14:33,22/06/2026 14:33,,,Euphorbiaceae,Plukenetia sect. Fragariopsis,Plukenetia sect. Fragariopsis,Plukenetia,,f,f,,,,fragariopsis,,,,,,,,,,,,,,,,,,,,,,,,,327669-2,Syst. Bot.,urn:lsid:ipni.org:publications:1295-2,2020,2020 [11 Aug 2020],[11 Aug 2020],Card.-McTeag. & L.J.Gillespie,sect.,Syst. Bot. 45(3): 516. 2020 [11 Aug 2020] ,,doi:10.1600/036364420X15935294613572,,,11,,,,f,t,,,,,,,Card.-McTeag.@20030899-1@1@aut$L.J.Gillespie@35888-1@2@aut$A.St.-Hil.@8827-1@3@bas,,,comb. et stat. nov.,,1.1,f,plukenetiafragariopsis,euphorbiaceaeplukenetiafragariopsis~~,696,wfo-1000091040,,section,,,,
urn:lsid:ipni.org:names:77382021-1,"Negaresh, B.Mutlu & M.Bona",,,,,,18(1): 2,,17,,8,,24514,1954,,Davis,,,22/06/2026 16:49,23/06/2026 09:30,"Turkey (Western Asia, Asia-Temperate)",,Asteraceae,Centaurea gigantea subsp. davisii,Centaurea gigantea subsp. davisii,Centaurea,,f,f,,,,,davisii,,,,,,"C9 Hakkari: Çölemerik, 1700 m",,,,,,,,,,,,,,,,,,190565-1,Taxon. Biosyst.,urn:lsid:ipni.org:publications:20013691-1,2026,2026 [Jan 2026],[Jan 2026],"Negaresh, B.Mutlu & M.Bona",subsp.,Taxon. Biosyst. 18(1): 2. 2026 [Jan 2026] ,,doi: 10.22108/tbj.2025.146571.1315 [english] Etymology: 'The specific epithet is given in honour of Dr. Peter H.Davis who collected the type specimens of this subspecies.',,,11,gigantea,Sch.Bip. ex Boiss.,,f,t,,holotype E E00476321;isotype K K00210960,,,,,B.Mutlu@20099517-1@2@aut$M.Bona@20027952-1@3@aut$Negaresh@20019592-1@1@aut,Boiss.@0-0@2@autEx$Sch.Bip.@0-0@1@aut,,tax. nov.,,1.2,f,centaurea~giganteadavisii,asteraceaecentaurea~giganteadavisii,697,wfo-1200119069,,subspecies,,,,
urn:lsid:ipni.org:names:77382023-1,Pierre ex A.Chev.,,,,,,9: 81,,,,,,,,,,,,22/06/2026 18:19,23/06/2026 10:07,,,Tiliaceae,Desplatsia klainei,Desplatsia klainei,Desplatsia,,f,f,,,,,,,,,,,,,,,Termination of specific epithet amended as per Art. 60.8. ICN (2025).,,,,,,,,,,,,,,39413-1,Vég. Utiles Afrique Trop. Franç.,urn:lsid:ipni.org:publications:17842-2,1917,1917 [1916 publ. Jan 1917],[1916 publ. Jan 1917],Pierre ex A.Chev.,spec.,"Vég. Utiles Afrique Trop. Franç. 9: 81. 1917 [1916 publ. Jan 1917] , as 'Klainii'",", as 'Klainii'",Vol. 9: La forêt et les bois du Gabon. Etymology: Named after Père Ref. Théophile Klaine.,,,9,klainei,,,f,t,,,,,,,A.Chev.@1584-1@2@autEx$Pierre@7689-1@1@aut,,,tax. nov.,,1.3,f,desplatsia~klainei,tiliaceaedesplatsia~klainei~,698,wfo-1000091041,,species,,,,
urn:lsid:ipni.org:names:77382024-1,"Sindhu Arya, Salvy, T.Manuel & Rogimon",,,,,,276: 276,,20,,8,,3010,2023,,"Sindhu Arya, Salvy, Manuel &amp; Rogimon",,,23/06/2026 07:08,24/06/2026 10:15,"Kerala (India, Indian Subcontinent, Asia-Tropical)",E,Balsaminaceae,Impatiens flavispicata,Impatiens flavispicata,Impatiens,,f,f,,,,,,,,10,,32,"Ernakulam district, Mamalakkandam, 920 m",76,48,27,,,,,,N,,,,,,,,,325983-2,PhytoKeys,urn:lsid:ipni.org:publications:20011997-1,2026,2026 [23 Jun 2026],[23 Jun 2026],"Sindhu Arya, Salvy, T.Manuel & Rogimon",spec.,PhytoKeys 276: 276. 2026 [23 Jun 2026] ,,"doi:10.3897/phytokeys.276.200226 [english] Etymology: 'The specific epithet flavispicata corresponds to the yellow-colored spur, which is diagnostic in this species'.",,,11,flavispicata,,,f,t,,holotype CMS;isotype RHK,,,,,Salvy@20097492-1@2@aut$T.Manuel@20099519-1@3@aut$Sindhu Arya@20041229-1@1@aut$Rogimon@20031435-1@4@aut,,,tax. nov.,,1.3,f,impatiens~flavispicata,balsaminaceaeimpatiens~flavispicata~,699,wfo-1000091042,,species,,,,
urn:lsid:ipni.org:names:77382025-1,"Sindhu Arya, T.Manuel, Salvy & Rogimon",,,,,,276: 279,,22,,10,,3045,2023,,"Sindhu Arya, Rogimon, Salvy &amp; Manuel",,,23/06/2026 07:10,24/06/2026 10:23,"Kerala (India, Indian Subcontinent, Asia-Tropical)",E,Balsaminaceae,Impatiens filcyi,Impatiens filcyi,Impatiens,,f,f,,,,,,,,10,5,48,"Ernakulam district, Mamalakkandam, 810 m",76,48,55,Termination of specific epithet amended as per Art. 60.8. ICN (2025).,,,,,N,,,,,,,,,325983-2,PhytoKeys,urn:lsid:ipni.org:publications:20011997-1,2026,2026 [23 Jun 2026],[23 Jun 2026],"Sindhu Arya, T.Manuel, Salvy & Rogimon",spec.,"PhytoKeys 276: 279. 2026 [23 Jun 2026] , as 'filcyii'",", as 'filcyii'",doi:10.3897/phytokeys.276.200226 [english] Etymology: 'The specific epithet is named in honor of Prof. Filcy T. Baby...CMS College Kottayam'.,,,12,filcyi,,,f,t,,holotype CMS;isotype RHK,,,,,Salvy@20097492-1@3@aut$T.Manuel@20099519-1@2@aut$Rogimon@20031435-1@4@aut$Sindhu Arya@20041229-1@1@aut,,,tax. nov.,,1.3,f,impatiens~filcyi,balsaminaceaeimpatiens~filcyi~,700,wfo-1000091043,,species,,,,
urn:lsid:ipni.org:names:77382026-1,"Sindhu Arya, Salvy, T.Manuel & Rogimon",,,,,,276: 281,,29,,10,,3065,2023,,"Sindhu Arya, Rogimon, Salvy &amp; Manuel",,,23/06/2026 07:12,24/06/2026 10:29,"Kerala (India, Indian Subcontinent, Asia-Tropical)",E,Balsaminaceae,Impatiens ninanii,Impatiens ninanii,Impatiens,,f,f,,,,,,,,10,5,48,"Idukki district, Viripara, Mankulam, 980 m",76,48,55,,,,,,N,,,,,,,,,325983-2,PhytoKeys,urn:lsid:ipni.org:publications:20011997-1,2026,2026 [23 Jun 2026],[23 Jun 2026],"Sindhu Arya, Salvy, T.Manuel & Rogimon",spec.,PhytoKeys 276: 281. 2026 [23 Jun 2026] ,,doi:10.3897/phytokeys.276.200226 [english] Etymology: 'The specific epithet ninanii honors Prof. (Dr.) C.A. Ninan...University of Kerala'.,,,11,ninanii,,,f,t,,holotype CMS;isotype RHK,,,,,Salvy@20097492-1@2@aut$Sindhu Arya@20041229-1@1@aut$T.Manuel@20099519-1@3@aut$Rogimon@20031435-1@4@aut,,,tax. nov.,,1.3,f,impatiens~ninanii,balsaminaceaeimpatiens~ninanii~,701,wfo-1000091044,,species,,,,
urn:lsid:ipni.org:names:77382027-1,"Sindhu Arya, T.Manuel, Salvy & Rogimon",,,,,,276: 285,,31,,8,,4102,2025,,"Sindhu Arya, Manuel, Salvy &amp; Rogimon",,,23/06/2026 07:14,24/06/2026 10:56,"Kerala (India, Indian Subcontinent, Asia-Tropical)",E,Balsaminaceae,Impatiens xanthopetala,Impatiens xanthopetala,Impatiens,,f,f,,,,,,,,9,34,28,"Idukki district, Pambanar, 950 m",77,,52,,,,,,N,,,,,,,,,325983-2,PhytoKeys,urn:lsid:ipni.org:publications:20011997-1,2026,2026 [23 Jun 2026],[23 Jun 2026],"Sindhu Arya, T.Manuel, Salvy & Rogimon",spec.,PhytoKeys 276: 285. 2026 [23 Jun 2026] ,,doi:10.3897/phytokeys.276.200226 Etymology: 'The specific epithet xanthopetala corresponds to the striking prominent yellow color of the petal'.,,,11,xanthopetala,,,f,t,,holotype CMS;isotype RHK,,,,,Rogimon@20031435-1@4@aut$T.Manuel@20099519-1@2@aut$Sindhu Arya@20041229-1@1@aut$Salvy@20097492-1@3@aut,,,tax. nov.,,1.3,f,impatiens~xanthopetala,balsaminaceaeimpatiens~xanthopetala~,702,wfo-1000091045,,species,,,,
urn:lsid:ipni.org:names:77382028-1,"Sindhu Arya, Salvy, T.Manuel & Rogimon",,,,,,276: 287,,20,,10,,4128,2024,,"Sindhu Arya, Salvy, Manuel &amp; Rogimon",,,23/06/2026 07:16,24/06/2026 11:35,"Kerala (India, Indian Subcontinent, Asia-Tropical)",E,Balsaminaceae,Impatiens berchmansiensis,Impatiens berchmansiensis,Impatiens,,f,f,,,,,,,,9,41,19,"Idukki district, Vagamon, 850 m",76,54,25,,,,,,N,,,,,,,,,325983-2,PhytoKeys,urn:lsid:ipni.org:publications:20011997-1,2026,2026 [23 Jun 2026],[23 Jun 2026],"Sindhu Arya, Salvy, T.Manuel & Rogimon",spec.,PhytoKeys 276: 287. 2026 [23 Jun 2026] ,,"doi:10.3897/phytokeys.276.200226 [english] Etymology: 'The specific epithet berchmansiensis was chosen in honor of St. Berchmans College (Autonomous), Changanassery, Kerala'.",,,11,berchmansiensis,,,f,t,,holotype CMS;isotype RHK,,,,,Salvy@20097492-1@2@aut$Sindhu Arya@20041229-1@1@aut$T.Manuel@20099519-1@3@aut$Rogimon@20031435-1@4@aut,,,tax. nov.,,1.3,f,impatiens~berchmansiensis,balsaminaceaeimpatiens~berchmansiensis~,703,wfo-1000091046,,species,,,,
urn:lsid:ipni.org:names:77382029-1,(Miq.) Baill.,Thymelaeaceae Lachnolepis moluccana Miq.,(Miq.),832081-1,,,11: 326,,,,,,,,,,,,23/06/2026 14:55,23/06/2026 16:24,,,Thymelaeaceae,Gyrinops moluccana,Gyrinops moluccana,Gyrinops,,f,f,,,,,,,,,,,,,,,,,,,,,,,,,,,,null:,39257-1,Adansonia,urn:lsid:ipni.org:publications:833-2,1876,1876 [Mar 1873-Jun 1876],[Mar 1873-Jun 1876],Baill.,spec.,Adansonia 11: 326. 1876 [Mar 1873-Jun 1876] ,,,,,11,moluccana,,,f,t,,,,,,,Miq.@6509-1@2@bas$Baill.@31201-1@1@aut,,,comb. nov.,,1.3,f,gyrinops~moluccana,thymelaeaceaegyrinops~moluccana~,704,wfo-0000713849,,species,,,,
urn:lsid:ipni.org:names:77382033-1,(L.) R.Br.,Leguminosae Sophora genistoides L.,(L.),518838-1,,,3: 5,,,,,,,,,,,,23/06/2026 15:37,23/06/2026 16:18,,,Leguminosae,Cyclopia genistoides,Cyclopia genistoides,Cyclopia,,f,f,,,,,,,,,,,,,,,,,,,,,,,,,,,,null:,22168-1,"Hortus Kew., ed. 2.",urn:lsid:ipni.org:publications:971-2,1811,1811,,R.Br.,spec.,"Hortus Kew., ed. 2. 3: 5. 1811 ",,,,,11,genistoides,,,f,t,,,,,,,R.Br.@1192-1@1@aut$L.@12653-1@2@bas,,,comb. nov.,,1.3,f,cyclopia~genistoides,leguminosaecyclopia~genistoides~,705,wfo-0000197736,,species,,,,
urn:lsid:ipni.org:names:77382035-1,Pierre ex A.Chev.,,,,,,9: 81,,,,,,,,,,,,23/06/2026 17:54,24/06/2026 11:59,,,Tiliaceae,Desplatsia caudata,Desplatsia caudata,Desplatsia,,f,f,,,,,,,,,,,,,,,,,,,,,,,,,,,,,39413-1,Vég. Utiles Afrique Trop. Franç.,urn:lsid:ipni.org:publications:17842-2,1917,1917,,Pierre ex A.Chev.,spec.,Vég. Utiles Afrique Trop. Franç. 9: 81. 1917 ,,Diagnosis is minimal: 'arbre élevé'.,,,8,caudata,,,f,t,,,,,,,Pierre@7689-1@1@aut$A.Chev.@1584-1@2@autEx,,,tax. nov.,,1.3,f,desplatsia~caudata,tiliaceaedesplatsia~caudata~,706,wfo-1000064907,,species,,,,
urn:lsid:ipni.org:names:77382036-1,"Cec.Sánchez, L.L.Mend. & Guilliams",,,,,,73(2): 3,,6,,8,,s.n.,2016,,M.Ceceña Sánchez,,,23/06/2026 17:56,24/06/2026 12:29,"Guadalupe I. (Mexican Pacific Is., Mexico, Northern America)",W,Ericaceae,Arctostaphylos guadalupensis,Arctostaphylos guadalupensis,Arctostaphylos,,f,f,,,,,,,,29,6,22,"Guadalupe Island, 1170 m",118,19,42,,,,,,N,,,,,,,,,331363-2,Madroño,urn:lsid:ipni.org:publications:995-2,2026,2026 [29 May 2026],[29 May 2026],"Cec.Sánchez, L.L.Mend. & Guilliams",spec.,Madroño 73(2): 3. 2026 [29 May 2026] ,,doi:10.3120/0024-9637-260012 [english] Etymology: 'The specific epithet 'guadalupensis' refers to the species’ location on Guadalupe Island'.,,,11,guadalupensis,,,f,t,,holotype BCMEX;isotype SBBG;isotype RSA,,,,,Cec.Sánchez@20099521-1@1@aut$Guilliams@20012227-2@3@aut$L.L.Mend.@20099522-1@2@aut,,,tax. nov.,,1.3,f,arctostaphylos~guadalupensis,ericaceaearctostaphylos~guadalupensis~,707,wfo-1000091047,,species,,,,
urn:lsid:ipni.org:names:77382038-1,Delile,,,,,,2: 67,,,,,,,,,,,,24/06/2026 04:06,25/06/2026 14:12,,,Brassicaceae,Brassica napus var. oleifera,Brassica napus var. oleifera,Brassica,,f,f,,,,,oleifera,,,,,,,,,,nom. inval. nom. nud.,,nom. inval.,,,,,,,,,,,,279419-1,"Descr. Egypte, Hist. Nat.",urn:lsid:ipni.org:publications:902-2,1813,1813,,Delile,var.,"Descr. Egypte, Hist. Nat. 2: 67. 1813 ",,,,,9,napus,L.,,f,t,,,,,,,Delile@17907-1@1@aut,L.@0-0@1@aut,,tax. nov.,,1.3,f,brassica~napusoleifera,brassicaceaebrassica~napusoleifera,708,wfo-1200119169,,variety,,,,
urn:lsid:ipni.org:names:77382039-1,Delile,,,,,,2: 67,,,,,,,,,,,,24/06/2026 04:08,25/06/2026 14:13,,,Brassicaceae,Brassica napus var. edulis,Brassica napus var. edulis,Brassica,,f,f,,,,,edulis,,,,,,,,,,nom. inval. nom. nud.,,nom. inval.,,,,,,,,,,,,279419-1,"Descr. Egypte, Hist. Nat.",urn:lsid:ipni.org:publications:902-2,1813,1813,,Delile,var.,"Descr. Egypte, Hist. Nat. 2: 67. 1813 ",,,,,9,napus,L.,,f,t,,,,,,,Delile@17907-1@1@aut,L.@0-0@1@aut,,tax. nov.,,1.3,f,brassica~napusedulis,brassicaceaebrassica~napusedulis,709,wfo-0000571282,,variety,,,,
urn:lsid:ipni.org:names:77382040-1,(Schult.) Holl,Brassicaceae Brassica praecox Schult.,(Schult.),77248792-1,,,201,,,,,,,,,,,,24/06/2026 04:54,25/06/2026 14:43,,,Brassicaceae,Brassica napus var. praecox,Brassica napus var. praecox,Brassica,,f,f,,,,,praecox,,,,,,,,,,,,,,,,,,,,,,,null:,279419-1,Wörterb. Deut. Pfl.-Namen,urn:lsid:ipni.org:publications:20064900-1,1833,1833,,Holl,var.,Wörterb. Deut. Pfl.-Namen 201. 1833 ,,,,,11,napus,L.,,f,t,,,,,,,Schult.@9288-1@2@bas$Holl@4039-1@1@aut,L.@0-0@1@aut,,comb. et stat. nov.,,1.3,f,brassica~napuspraecox,brassicaceaebrassica~napuspraecox,710,wfo-1200119070,,variety,,,,
urn:lsid:ipni.org:names:77382041-1,S.Fullmer,,,,,,140,,,,,,,,,,,,24/06/2026 05:32,25/06/2026 14:56,,,Brassicaceae,Brassica napus var. sativa,Brassica napus var. sativa,Brassica,,f,f,,,,,sativa,,,,,,,,,,,,,,,,,,,,,,,,279419-1,Young Gard. Best Companion,urn:lsid:ipni.org:publications:20064901-1,1781,1781,,S.Fullmer,var.,Young Gard. Best Companion 140. 1781 ,,,,,8,napus,L.,,f,t,,,,,,,S.Fullmer@20099559-1@1@aut,L.@0-0@1@aut,,tax. nov.,,1.4,f,brassica~napussativa,brassicaceaebrassica~napussativa,711,wfo-1200119071,,variety,,,,
urn:lsid:ipni.org:names:77382042-1,A.Kern.,,,,,,1: 717,,,,,,,,,,,,24/06/2026 09:10,25/06/2026 15:02,,,Brassicaceae,Brassica rapa var. rapacea,Brassica rapa var. rapacea,Brassica,,f,f,,,,,rapacea,,,,,,,,,,nom. inval. nom. nud.,,nom. inval.,,,,,,,,,,,,279485-1,Pflanzenleben,urn:lsid:ipni.org:publications:17150-2,1887,1887,,A.Kern.,var.,Pflanzenleben 1: 717. 1887 ,,,,,9,rapa,L.,,f,t,,,,,,,A.Kern.@4740-1@1@aut,L.@0-0@1@aut,,tax. nov.,,1.3,f,brassica~raparapacea,brassicaceaebrassica~raparapacea,712,wfo-1200119072,,variety,,,,
urn:lsid:ipni.org:names:77382043-1,"(A.Camus) Lopes-Neto, P.L.Viana & Zuloaga",Poaceae Panicum ambositrense A.Camus,(A.Camus),410494-1,,,159(2): 422,,,,,,,,,,,,24/06/2026 09:41,02/07/2026 11:35,,,Poaceae,Trichanthecium ambositrense,Trichanthecium ambositrense,Trichanthecium,,f,f,,,,,,,,,,,,,,,,,,,,,,,,,,,,null:,77119515-1,Pl. Ecol. Evol.,urn:lsid:ipni.org:publications:20011731-1,2026,2026 [2 Jul 2026],[2 Jul 2026],"Lopes-Neto, P.L.Viana & Zuloaga",spec.,Pl. Ecol. Evol. 159(2): 422. 2026 [2 Jul 2026] ,,doi:10.5091/plecevo.185113,,,11,ambositrense,,,f,t,,,,,,,Zuloaga@12073-1@3@aut$P.L.Viana@20000005-2@2@aut$A.Camus@1381-1@4@bas$Lopes-Neto@20049849-1@1@aut,,,comb. nov.,,1.3,f,trichanthecium~ambositrense,poaceaetrichanthecium~ambositrense~,713,wfo-1000091048,,species,,,,
urn:lsid:ipni.org:names:77382044-1,Forzza & Leme,,,,,,763(3): 204,,15,,9,,141,2025,,N.Umburanas et al.,,,24/06/2026 12:15,24/06/2026 12:15,"Bahia (Brazil Northeast, Brazil, Southern America)",W,Bromeliaceae,Cryptanthus pataxoanus,Cryptanthus pataxoanus,Cryptanthus,,f,f,,,,,,,,16,52,17,"Porto Seguro, Parque Nacional e Histórico do Monte Pascoal, ca. 121 m",39,23,34,,,,,,S,,,,,,,,,4910-1,Phytotaxa,urn:lsid:ipni.org:publications:20011462-1,2026,2026 [24 Jun 2026],[24 Jun 2026],Forzza & Leme,spec.,Phytotaxa 763(3): 204. 2026 [24 Jun 2026] ,,"doi:10.11646/phytotaxa.763.3.1 Etymology: the specific epithet is named in honour of the Pataxó indigenous people of Bahia, Brazil.",,,11,pataxoanus,,,f,t,,holotype RB,,"Holotype from cultivated specimen, cultivated by E.Leme",,,Leme@22228-1@2@aut$Forzza@38526-1@1@aut,,,tax. nov.,,1.1,f,cryptanthus~pataxoanus,bromeliaceaecryptanthus~pataxoanus~,714,wfo-1000091049,,species,,,,
urn:lsid:ipni.org:names:77382045-1,"Ottino, Amorim, Fraga & P.L.Viana",,,,,,763(3): 265,,6,,1,,1095,2025,,G.C.Ottino et al.,,,24/06/2026 12:31,24/06/2026 12:31,"Espírito Santo (Brazil Southeast, Brazil, Southern America)",,Linaceae,Roucheria krenakiana,Roucheria krenakiana,Roucheria,,f,f,,,,,,,,,,,"Santa Teresa: Reserva Biológica Augusto Ruschi. A cerca de 3 km da sede da Rebio, na área de parcela permanente RUS-01. 795 m",,,,,,,,,,,,,,,,,,24967-1,Phytotaxa,urn:lsid:ipni.org:publications:20011462-1,2026,2026 [24 Jun 2026],[24 Jun 2026],"Ottino, Amorim, Fraga & P.L.Viana",spec.,Phytotaxa 763(3): 265. 2026 [24 Jun 2026] ,,doi:10.11646/phytotaxa.763.3.5 Etymology: the specific epithet is named in honour of Brazilian indigenous leader Ailton Krenak.,,,11,krenakiana,,,f,t,,holotype RB 1593198;isotype CEPEC;isotype FLOR;isotype MBML,,,,,Fraga@38845-1@3@aut$P.L.Viana@20000005-2@4@aut$Ottino@20099520-1@1@aut$Amorim@39698-1@2@aut,,,tax. nov.,,1.1,f,roucheria~krenakiana,linaceaeroucheria~krenakiana~,715,wfo-1000091050,,species,,,,
urn:lsid:ipni.org:names:77382046-1,Metzg.,,,,,,2: 1032,,,,,,,,,,,,24/06/2026 14:25,25/06/2026 16:36,,,Brassicaceae,Brassica rapa subsp. esculenta,Brassica rapa subsp. esculenta,Brassica,,f,f,,,,,esculenta,,,,,,,,,,nom. inval.    Includes the type of the species.,,nom. inval.,,,,,,,,,,,,279485-1,Landw. Pfl.-k.,urn:lsid:ipni.org:publications:20064902-1,1841,1841,,Metzg.,subsp.,Landw. Pfl.-k. 2: 1032. 1841 ,,,,,9,rapa,L.,,f,t,,,,,,,Metzg.@6396-1@1@aut,L.@0-0@1@aut,,tax. nov.,,1.3,f,brassica~rapaesculenta,brassicaceaebrassica~rapaesculenta,716,wfo-1200119170,,subspecies,,,,
urn:lsid:ipni.org:names:77382047-1,Klokov,,,,,,8,,,,,,,,,,,,24/06/2026 15:45,30/06/2026 13:06,,,Plumbaginaceae,Goniolimon orae-syvashicae,Goniolimon orae-syvashicae,Goniolimon,,f,f,,,,,,,,,,,,,,,,,,,,,,,,,,,,,32146-1,"Index Seminum (KHAR, Charkowiensis)",urn:lsid:ipni.org:publications:6468-2,1927,1927,,Klokov,spec.,"Index Seminum (KHAR, Charkowiensis) 8. 1927 , as 'orae syvashicae'",", as 'orae syvashicae'",Etymology: not given; 'Area geogr.: ora syvashica'.,,,8,orae-syvashicae,,,f,t,,,,,,,Klokov@4852-1@1@aut,,,tax. nov.,,1.2,f,goniolimon~orae-syvashicae,plumbaginaceaegoniolimon~orae-syvashicae~,717,wfo-0001095223,,species,,,,
urn:lsid:ipni.org:names:77382048-1,Klokov,,,,,,8,,,,,,,,,,,,24/06/2026 15:47,30/06/2026 13:06,,,Violaceae,Viola lavrenkoana,Viola lavrenkoana,Viola,,f,f,,,,,,,,,,,,,,,,,,,,,,,,,,,,,30000540-2,"Index Seminum (KHAR, Charkowiensis)",urn:lsid:ipni.org:publications:6468-2,1927,1927,,Klokov,spec.,"Index Seminum (KHAR, Charkowiensis) 8. 1927 ",,"Etymology: name dedicated to the author's dear friend, the most distinguished E. M. Lavrenko, the most diligent keeper of the Kharkov-Vienna flora.",,,8,lavrenkoana,,,f,t,,,,,,,Klokov@4852-1@1@aut,,,tax. nov.,,1.2,f,viola~lavrenkoana,violaceaeviola~lavrenkoana~,718,wfo-0000748005,,species,,,,
urn:lsid:ipni.org:names:77382049-1,(Boiss.) I.D.Can & Özüdoğru,Brassicaceae Heldreichia rotundifolia Boiss.,(Boiss.),284581-1,,,216-108518: 10,,,,,,,,,,,,24/06/2026 16:06,24/06/2026 16:16,,,Brassicaceae,Heldreichia bupleurifolia var. rotundifolia,Heldreichia bupleurifolia var. rotundifolia,Heldreichia,,f,f,,,,,rotundifolia,,,,,,,,,,,,,,,,,,,,,,,,284577-1,Molec. Phylogen. Evol.,urn:lsid:ipni.org:publications:20067-2,2025,2025 [2026 publ. 13 Dec 2025],[2026 publ. 13 Dec 2025],I.D.Can & Özüdoğru,var.,Molec. Phylogen. Evol. 216-108518: 10. 2025 [2026 publ. 13 Dec 2025] ,,doi:10.1016/j.ympev.2025.108518 As: Heldreichia bupleurifolia subsp. bupleurifolia var. rotundifolia.,,,11,bupleurifolia,Boiss.,,f,t,,,,,,,Özüdoğru@20017694-1@2@aut$I.D.Can@20099557-1@1@aut$Boiss.@16284-1@3@bas,Boiss.@16284-1@1@aut,,comb. et stat. nov.,,1.2,f,heldreichia~bupleurifoliarotundifolia,brassicaceaeheldreichia~bupleurifoliarotundifolia,719,wfo-1200119171,,variety,,,,
urn:lsid:ipni.org:names:77382050-1,(Kit Tan) I.D.Can & Özüdoğru,Brassicaceae Heldreichia atalayi Kit Tan,(Kit Tan),930938-1,,,216-108518: 10,,,,,,,,,,,,24/06/2026 16:11,24/06/2026 16:11,,,Brassicaceae,Heldreichia bupleurifolia var. atalayi,Heldreichia bupleurifolia var. atalayi,Heldreichia,,f,f,,,,,atalayi,77103952-1,,,,,,,,,isonym,,isonym,,,,,,,,,,,,284577-1,Molec. Phylogen. Evol.,urn:lsid:ipni.org:publications:20067-2,2025,2025 [2026 publ. 13 Dec 2025],[2026 publ. 13 Dec 2025],I.D.Can & Özüdoğru,var.,Molec. Phylogen. Evol. 216-108518: 10. 2025 [2026 publ. 13 Dec 2025] ,,As 'Heldreichia bupleurifolia Boiss. subsp. bupleurifolia var. atalayi'.,,,13,bupleurifolia,Boiss.,,f,t,,,,,,,Kit Tan@14773-1@3@bas$Özüdoğru@20017694-1@2@aut$I.D.Can@20099557-1@1@aut,Boiss.@16284-1@1@aut,,comb. et stat. nov.,,1.1,f,heldreichia~bupleurifoliaatalayi,brassicaceaeheldreichia~bupleurifoliaatalayi,720,wfo-1200119172,,variety,,,,
urn:lsid:ipni.org:names:77382051-1,"(Parolly, Nordt, Eren & Mumm.) I.D.Can & Özüdoğru","Brassicaceae Heldreichia bupleurifolia Boiss. subsp. polymorpha Parolly, Nordt, Eren & Mumm.","(Parolly, Nordt, Eren & Mumm.)",77103949-1,,,216-108518: 10,,,,,,,,,,,,24/06/2026 16:15,24/06/2026 16:15,,,Brassicaceae,Heldreichia bupleurifolia var. polymorpha,Heldreichia bupleurifolia var. polymorpha,Heldreichia,,f,f,,,,,polymorpha,,,,,,,,,,,,,,,,,,,,,,,,284577-1,Molec. Phylogen. Evol.,urn:lsid:ipni.org:publications:20067-2,2025,2025 [2026 publ. 13 Dec 2025],[2026 publ. 13 Dec 2025],I.D.Can & Özüdoğru,var.,Molec. Phylogen. Evol. 216-108518: 10. 2025 [2026 publ. 13 Dec 2025] ,,doi:10.1016/j.ympev.2025.108518 As: Heldreichia bupleurifolia subsp. bourgaei var. polymorpha.,,,11,bupleurifolia,Boiss.,,f,t,,,,,,,Mumm.@20005931-2@6@bas$Eren@20003930-1@5@bas$Nordt@39736-1@4@bas$Özüdoğru@20017694-1@2@aut$I.D.Can@20099557-1@1@aut$Parolly@36947-1@3@bas,Boiss.@16284-1@1@aut,,stat. nov.,,1.1,f,heldreichia~bupleurifoliapolymorpha,brassicaceaeheldreichia~bupleurifoliapolymorpha,721,wfo-1200119173,,variety,,,,
urn:lsid:ipni.org:names:77382052-1,I.D.Can & Özüdoğru,,,,,,216-108518: 10,,18,,10,,1481,2008,,H.Yıldırım,,,24/06/2026 16:30,24/06/2026 16:30,"Turkey (Western Asia, Asia-Temperate)",E,Brassicaceae,Heldreichia bupleurifolia var. sandrasica,Heldreichia bupleurifolia var. sandrasica,Heldreichia,,f,f,,,,,sandrasica,,,37,4,26,"Muğla: Köyceğiz, Sandras Mountain, from Gökçeova lake to Kartal Lake, 1804 m",28,49,31,,,,,,N,,,,,,,,,284577-1,Molec. Phylogen. Evol.,urn:lsid:ipni.org:publications:20067-2,2025,2025 [2026 publ. 13 Dec 2025],[2026 publ. 13 Dec 2025],I.D.Can & Özüdoğru,var.,Molec. Phylogen. Evol. 216-108518: 10. 2025 [2026 publ. 13 Dec 2025] ,,doi:10.1016/j.ympev.2025.108518,,,11,bupleurifolia,Boiss.,,f,t,,holotype EGE;isotype ANK;isotype HBH;isotype HUB;isotype NGBB,,,,,I.D.Can@20099557-1@1@aut$Özüdoğru@20017694-1@2@aut,Boiss.@16284-1@1@aut,,tax. nov.,,1.1,f,heldreichia~bupleurifoliasandrasica,brassicaceaeheldreichia~bupleurifoliasandrasica,722,wfo-1200119073,,variety,,,,
urn:lsid:ipni.org:names:77382053-1,(Aubrév.) L.Gaut. & Kied.,Sapotaceae Donella lanceolata (Blume) Aubrév. var. malagassica Aubrév.,(Aubrév.),891088-1,,,218-108569: 18,,,,,,,,,,,,24/06/2026 16:41,24/06/2026 16:41,,,Sapotaceae,Donella malagassica,Donella malagassica,Donella,,f,f,,,,,,,,,,,,,,,,,,,,,,,,,,,,,36719-1,Molec. Phylogen. Evol.,urn:lsid:ipni.org:publications:20067-2,2026,2026 [8 Feb 2026],[8 Feb 2026],L.Gaut. & Kied.,spec.,Molec. Phylogen. Evol. 218-108569: 18. 2026 [8 Feb 2026] ,,doi:10.1016/j.ympev.2026.108569,,,11,malagassica,,,f,t,,,,,,,L.Gaut.@37471-1@1@aut$Kied.@20097850-1@2@aut$Aubrév.@328-1@3@bas,,,comb. et stat. nov.,,1.1,f,donella~malagassica,sapotaceaedonella~malagassica~,723,wfo-1000091051,,species,,,,
urn:lsid:ipni.org:names:77382054-1,(T.Ando) Stehmann & L.B.Freitas,"Solanaceae Petunia axillaris (Lam.) Britton, Sterns & Poggenb. subsp. subandina T.Ando",(T.Ando),306329-2,,,14(1)-1478: 11,,,,,,,,,,,,24/06/2026 17:20,24/06/2026 17:20,,,Solanaceae,Petunia subandina,Petunia subandina,Petunia,,f,f,,,,,,,,,,,,,,,,,,,,,,,,,,,,,331845-2,Plants [Basel],urn:lsid:ipni.org:publications:20019409-1,2025,2025 [15 May 2025],[15 May 2025],Stehmann & L.B.Freitas,spec.,Plants [Basel] 14(1)-1478: 11. 2025 [15 May 2025] ,,doi:10.3390/plants14101478,,,11,subandina,,,f,t,,,,,,,Stehmann@27163-1@1@aut$L.B.Freitas@20019292-1@2@aut$T.Ando@35787-1@3@bas,,,comb. et stat. nov.,,1.1,f,petunia~subandina,solanaceaepetunia~subandina~,724,wfo-1000091052,,species,,,,
urn:lsid:ipni.org:names:77382055-1,F.Pinheiro & E.M.Pessoa,,,,,,[early view]: [10 of 15],,25,,3,,401,2022,,"G.P.Sabino, F.Pinheiro, B.L.Arida, W.L.S.Júnior &amp; R.A.Pereira",,,24/06/2026 18:27,30/06/2026 12:06,"São Paulo (Brazil Southeast, Brazil, Southern America)",W,Orchidaceae,Epidendrum insulare,Epidendrum insulare,Epidendrum,,f,f,,,,,,,,24,6,1,"São Sebastião. Refúgio da Vida Silvestre do Arquipélago de Alcatrazes; Ilha de Alcatrazes, 170 m",45,41,30,,,,,,S,,,,,,,,,326435-2,J. Syst. Evol.,urn:lsid:ipni.org:publications:20009150-1,2026,2026 [11 Jun 2026],[11 Jun 2026],F.Pinheiro & E.M.Pessoa,spec.,J. Syst. Evol. [early view]: [10 of 15]. 2026 [11 Jun 2026] ,,doi:10.1111/jse.70084 [english] Etymology: 'the speciﬁc epithet 'insulare' refers to the endemic distribution of the species on an island'.,,,11,insulare,,,f,t,,holotype UEC;isotype RB,,,,,F.Pinheiro@40500-1@1@aut$E.M.Pessoa@20019941-1@2@aut,,,tax. nov.,,1.4,f,epidendrum~insulare,orchidaceaeepidendrum~insulare~,725,wfo-1000091053,,species,,,,
urn:lsid:ipni.org:names:77382056-1,Cabactulan & Cootes,,,,,,12(3): 22,,,,,,,,,Burbidge,,,25/06/2026 10:54,25/06/2026 10:59,"Philippines (Malesia, Asia-Tropical)",,Orchidaceae,Aerides jannae,Aerides jannae,Aerides,,f,f,,,,,,,,,,,"Sulu Archipelago, c. 300-500 m",,,,,,,,,,,,,,,,,,30055830-2,"Orchidee, Taxon. Mitt.",urn:lsid:ipni.org:publications:20021237-2,2026,2026 [9 Feb 2026],[9 Feb 2026],Cabactulan & Cootes,spec.,"Orchidee, Taxon. Mitt. 12(3): 22. 2026 [9 Feb 2026] ",,"[english] Etymology: 'The specific epithet honors Janna (literal Arabic translation al-Janna for Paradise), the mother of the rediscoverer of the provenance of this species'.",,,10,jannae,,,f,t,,holotype K K000891413,,,,,Cootes@38446-1@2@aut$Cabactulan@20031081-1@1@aut,,,tax. nov.,,1.3,f,aerides~jannae,orchidaceaeaerides~jannae~,726,wfo-1000091054,,species,,,,
urn:lsid:ipni.org:names:77382057-1,"Calaramo, Cabactulan & Cootes",,,,,,12(4): 31,,,,12,,,2025,,M.Calaramo,,,25/06/2026 12:01,25/06/2026 12:01,"Philippines (Malesia, Asia-Tropical)",,Orchidaceae,Aerides confusa,Aerides confusa,Aerides,,f,f,,,,,,,,,,,"Luzon, Ilocos Norte, c.800-1000 m",,,,,,,,,,,,,,,,,,30055830-2,"Orchidee, Taxon. Mitt.",urn:lsid:ipni.org:publications:20021237-2,2026,2026 [17 Mar 2026],[17 Mar 2026],"Calaramo, Cabactulan & Cootes",spec.,"Orchidee, Taxon. Mitt. 12(4): 31. 2026 [17 Mar 2026] ",,Etymology: 'The specific epithet confusa refers to the confusion and misapplied identity of this taxon'.,,,10,confusa,,,f,t,,holotype HNUL HNUL0021433,,,,,Calaramo@20030904-1@1@aut$Cootes@38446-1@3@aut$Cabactulan@20031081-1@2@aut,,,tax. nov.,,1.1,f,aerides~confusa,orchidaceaeaerides~confusa~,727,wfo-1000091055,,species,,,,
urn:lsid:ipni.org:names:77382058-1,Ormerod & K.Metzg.,,,,,,12(5): 41,,,,,,s.n.,,,K.Metzger,,,25/06/2026 13:49,30/06/2026 12:08,"Papua New Guinea (New Guinea, Papuasia, Asia-Tropical)",,Orchidaceae,Bulbophyllum jaculatrix,Bulbophyllum jaculatrix,Bulbophyllum,,f,f,,,,,,,,,,,"Eastern Highlands Prov., Aiyura area, 1600–1900 m",,,,,,,,,,,,,,,,,,325894-2,"Orchidee, Taxon. Mitt.",urn:lsid:ipni.org:publications:20021237-2,2026,2026 [14 Apr 2026],[14 Apr 2026],Ormerod & K.Metzg.,spec.,"Orchidee, Taxon. Mitt. 12(5): 41. 2026 [14 Apr 2026] ",,"Etymology: 'From the Classical Latin, jaculatricis, a female javelin thrower or huntress, in reference to lance-like dorsal sepal'.",,,11,jaculatrix,,,f,t,,holotype LAE,,Cult.,,,Ormerod@36928-1@1@aut$K.Metzg.@20060785-1@2@aut,,,tax. nov.,,1.2,f,bulbophyllum~jaculatrix,orchidaceaebulbophyllum~jaculatrix~,728,wfo-1000091056,,species,,,,
urn:lsid:ipni.org:names:77382059-1,Ormerod & K.Metzg.,,,,,,12(5): 46,,,,,,s.n.,,,K.Metzger,,,25/06/2026 13:56,25/06/2026 13:56,"Papua New Guinea (New Guinea, Papuasia, Asia-Tropical)",,Orchidaceae,Trachoma aiyuranum,Trachoma aiyuranum,Trachoma,,f,f,,,,,,,,,,,"Eastern Highlands Prov., Aiyura area, 1600-1900 m",,,,,,,,,,,,,,,,,,30823-1,"Orchidee, Taxon. Mitt.",urn:lsid:ipni.org:publications:20021237-2,2026,2026 [14 Apr 2026],[14 Apr 2026],Ormerod & K.Metzg.,spec.,"Orchidee, Taxon. Mitt. 12(5): 46. 2026 [14 Apr 2026] ",,"Etymology: 'named after the type locality, the Aiyura area'.",,,11,aiyuranum,,,f,t,,holotype LAE,,Cult.,,,Ormerod@36928-1@1@aut$K.Metzg.@20060785-1@2@aut,,,tax. nov.,,1.1,f,trachoma~aiyuranum,orchidaceaetrachoma~aiyuranum~,729,wfo-1000091057,,species,,,,
urn:lsid:ipni.org:names:77382060-1,"Pino, Huaylla, Marquiegui & W.Ale",,,,,,12: 2,,28,,2,,5200,2026,,"H.Huaylla, D.Marquiegui &amp; G.Pino",,,25/06/2026 15:21,25/06/2026 16:51,"Bolivia (Western South America, Southern America)",W,Crassulaceae,Echeveria carrii,Echeveria carrii,Echeveria,,f,f,,,,,,,,19,27,24,"Dept. Potosi, Prov. Tomas Frias, Munic. Tarapaya, Miraflores Thermal Baths, NW Potosi, 3445 m",65,46,59,,,,,,S,,,,,,,,,30004414-2,Crassulacea,urn:lsid:ipni.org:publications:20019735-1,2026,2026 [20 Jun 2026],[20 Jun 2026],"Pino, Huaylla, Marquiegui & W.Ale",spec.,Crassulacea 12: 2. 2026 [20 Jun 2026] ,,"[english] Etymology: 'The name honors John Carr, British explorer and member of the BCSS'.",,,11,carrii,,,f,t,,holotype HSB 000-12427,,,,,Pino@40473-1@1@aut$Huaylla@20016983-1@2@aut$W.Ale@20042922-1@4@aut$Marquiegui@20042923-1@3@aut,,,tax. nov.,,1.3,f,echeveria~carrii,crassulaceaeecheveria~carrii~,730,wfo-1000091058,,species,,,,
urn:lsid:ipni.org:names:77382061-1,"Pino, Huaylla & Marquiegui",,,,,,12: 7,,12,,2,,5188,2026,,"H.Huaylla, D.Marquiegui &amp; G.Pino",,,25/06/2026 15:22,25/06/2026 16:58,"Bolivia (Western South America, Southern America)",W,Crassulaceae,Echeveria cochabambensis,Echeveria cochabambensis,Echeveria,,f,f,,,,,,,,18,11,52,"Dept. Cochabamba, Prov. Campero, Munic. Aiquile, 7 km West of Aiquile, 2940 m",65,16,12,,,,,,S,,,,,,,,,30004414-2,Crassulacea,urn:lsid:ipni.org:publications:20019735-1,2026,2026 [20 Jun 2026],[20 Jun 2026],"Pino, Huaylla & Marquiegui",spec.,Crassulacea 12: 7. 2026 [20 Jun 2026] ,,[english] Etymology: 'named after the department of Cochabamba'.,,,11,cochabambensis,,,f,t,,holotype HSB 000-12424,,,,,Marquiegui@20042923-1@3@aut$Huaylla@20016983-1@2@aut$Pino@40473-1@1@aut,,,tax. nov.,,1.3,f,echeveria~cochabambensis,crassulaceaeecheveria~cochabambensis~,731,wfo-1000091059,,species,,,,
urn:lsid:ipni.org:names:77382062-1,"Pino, Huaylla & Marquiegui",,,,,,12: 15,,15,,2,,5190,2026,,"H.Huaylla, D.Marquiegui, G.Pino &amp; B.Bates",,,25/06/2026 15:24,25/06/2026 17:10,"Bolivia (Western South America, Southern America)",W,Crassulaceae,Echeveria lowryi,Echeveria lowryi,Echeveria,,f,f,,,,,,,,19,22,8,"Dept. Chuquisaca, Prov. Tomina, Munic. Villa Alcala, Alcala, 2120 m",64,23,58,,,,,,S,,,,,,,,,30004414-2,Crassulacea,urn:lsid:ipni.org:publications:20019735-1,2026,2026 [20 Jun 2026],[20 Jun 2026],"Pino, Huaylla & Marquiegui",spec.,Crassulacea 12: 15. 2026 [20 Jun 2026] ,,"[english] Etymology: 'The species is named after Martin Lowry, Member of IOS Executive Board'.",,,11,lowryi,,,f,t,,holotype HSB 000-12433,,,,,Huaylla@20016983-1@2@aut$Marquiegui@20042923-1@3@aut$Pino@40473-1@1@aut,,,tax. nov.,,1.3,f,echeveria~lowryi,crassulaceaeecheveria~lowryi~,732,wfo-1000091060,,species,,,,
urn:lsid:ipni.org:names:77382063-1,"Pino, Huaylla & Marquiegui",,,,,,12: 19,,17,,2,,5192,2026,,"H.Huaylla, D.Marquiegui &amp; G.Pino",,,25/06/2026 15:24,25/06/2026 17:26,"Bolivia (Western South America, Southern America)",W,Crassulaceae,Echeveria undulatifolia,Echeveria undulatifolia,Echeveria,,f,f,,,,,,,,18,11,1,"Dept. Cochabamba, Prov. Mizque, Munic. Mizque, San Vicente to Mina Asientos, 2540 m",65,32,44,,,,,,S,,,,,,,,,30004414-2,Crassulacea,urn:lsid:ipni.org:publications:20019735-1,2026,2026 [20 Jun 2026],[20 Jun 2026],"Pino, Huaylla & Marquiegui",spec.,Crassulacea 12: 19. 2026 [20 Jun 2026] ,,"[english] Etymology: For 'the undulate, or wavy, margins of its leaves'.",,,11,undulatifolia,,,f,t,,holotype HSB 000-12426,,,,,Huaylla@20016983-1@2@aut$Pino@40473-1@1@aut$Marquiegui@20042923-1@3@aut,,,tax. nov.,,1.3,f,echeveria~undulatifolia,crassulaceaeecheveria~undulatifolia~,733,wfo-1000091061,,species,,,,
urn:lsid:ipni.org:names:77382064-1,"Pino, Huaylla, Marquiegui & W.Ale",,,,,,12: 23,,2,,3,,5202,2026,,"H.Huaylla, D.Marquiegui &amp; G.Pino",,,25/06/2026 15:25,25/06/2026 17:32,"Bolivia (Western South America, Southern America)",W,Crassulaceae,Echeveria whitei var. tunariensis,Echeveria whitei var. tunariensis,Echeveria,,f,f,,,,,tunariensis,,,17,19,54,"Dept. Cochabamba, Prov. Cercado, Munic. Cochabamba, Parque Tunari, 3070 m",66,9,32,,,,,,S,,,,,,,,,87134-2,Crassulacea,urn:lsid:ipni.org:publications:20019735-1,2026,2026 [20 Jun 2026],[20 Jun 2026],"Pino, Huaylla, Marquiegui & W.Ale",var.,Crassulacea 12: 23. 2026 [20 Jun 2026] ,,[english] Etymology: 'The epithet refers to the Tunari mountain range (Cordillera Tunari)'.,,,11,whitei,Rose,,f,t,,holotype HSB 000-12429,,,,,W.Ale@20042922-1@4@aut$Pino@40473-1@1@aut$Marquiegui@20042923-1@3@aut$Huaylla@20016983-1@2@aut,Rose@0-0@0@aut,,tax. nov.,,1.3,f,echeveria~whiteitunariensis,crassulaceaeecheveria~whiteitunariensis,734,wfo-1200119074,,variety,,,,
urn:lsid:ipni.org:names:77382065-1,"Pino, Huaylla & Marquiegui",,,,,,12: 11,,22,,2,,5196,2026,,"H.Huaylla, D.Marquiegui &amp; G.Pino",,,25/06/2026 15:32,25/06/2026 17:05,"Bolivia (Western South America, Southern America)",W,Crassulaceae,Echeveria fossilicola,Echeveria fossilicola,Echeveria,,f,f,,,,,,,,18,9,44,"Dept. Potosi, Prov. Charcas, Munic. Torotoro, Torotoro Park, Trail 700 m S of entrance, after Tortoise cemetery, 2800 m",65,45,12,,,,,,S,,,,,,,,,30004414-2,Crassulacea,urn:lsid:ipni.org:publications:20019735-1,2026,2026 [20 Jun 2026],[20 Jun 2026],"Pino, Huaylla & Marquiegui",spec.,Crassulacea 12: 11. 2026 [20 Jun 2026] ,,"[english] Etymology: 'meaning 'that dwells among fossils', and is coined after the type locality, Torotoro, an area full of fossils'.",,,11,fossilicola,,,f,t,,holotype HSB 000-12437,,,,,Marquiegui@20042923-1@3@aut$Pino@40473-1@1@aut$Huaylla@20016983-1@2@aut,,,tax. nov.,,1.3,f,echeveria~fossilicola,crassulaceaeecheveria~fossilicola~,735,wfo-1000091062,,species,,,,
urn:lsid:ipni.org:names:77382066-1,Zavatin & A.Soares,,,,,,[early view]-e05242: [2 of 8],,18,,10,,2820,2025,,D.A.Zavatin et al.,,,25/06/2026 15:37,25/06/2026 18:17,"Minas Gerais (Brazil Southeast, Brazil, Southern America)",W,Lamiaceae,Eriope barrinhae,Eriope barrinhae,Eriope,,f,f,,,,,,,,15,14,16,"Monte Azul, Pico da Formosa, Cume da Montanha, 1818 m",42,49,15,,,,,,S,,,,,,,,,20830-1,Nordic J. Bot.,urn:lsid:ipni.org:publications:2633-2,2026,2026 [24 Jun 2026],[24 Jun 2026],Zavatin & A.Soares,spec.,Nordic J. Bot. [early view]-e05242: [2 of 8]. 2026 [24 Jun 2026] ,,"doi:10.1002/njb.05242 [english] Etymology: 'The specific epithet honors the Forest Engineer Alessandre Custódio Jorge, known by the nickname Barrinha, which is the name of the local community where he is from'.",,,11,barrinhae,,,f,t,,holotype BHZB;isotype MEXU;isotype UFRN,,,,,A.Soares@20043306-1@2@aut$Zavatin@20063851-1@1@aut,,,tax. nov.,,1.3,f,eriope~barrinhae,lamiaceaeeriope~barrinhae~,736,wfo-1000091063,,species,,,,
urn:lsid:ipni.org:names:77382067-1,Zapata-Corr. & Berrío-Mont.,,,,,,14(1): 84,,5,,8,,3112,2023,,"D.Zapata-C., A.Caro, S.Berrío, E.Ledesma &amp; J.Taborda",,,25/06/2026 21:04,03/07/2026 15:43,"Colombia (Western South America, Southern America)",W,Gesneriaceae,Columnea citarensis,Columnea citarensis,Columnea,,f,f,,,,,,,,5,51,6,"Chocó, El Carmen de Atrato, vereda Monteloro, Reserva Natural Verde Agua, 2243 m",76,6,3,,,,,,N,,,,,,,,,30002865-2,Darwiniana,urn:lsid:ipni.org:publications:900-2,2026,2026 [29 Apr 2026],[29 Apr 2026],Zapata-Corr. & Berrío-Mont.,spec.,Darwiniana 14(1): 84. 2026 [29 Apr 2026] ,,"doi:10.14522/darwiniana.2026.141.1328 [english] Etymology: name refers to the Farallones del Citará, a mountainous region of the Western Cordillera.",,,11,citarensis,,,f,t,,holotype UDBC UDBC-049500;isotype HUA;isotype JAUM JAUM-106212,,,,,Berrío-Mont.@20099663-1@2@aut$Zapata-Corr.@20067072-1@1@aut,,,tax. nov.,,1.4,f,columnea~citarensis,gesneriaceaecolumnea~citarensis~,737,wfo-1000091064,,species,,,,
urn:lsid:ipni.org:names:77382068-1,G.E.Ferreira & Chautems,,,,,,[early view]: [2 of 9],,11,,1,,3607,1997,,J.A.Jarenkow &amp;  E.N.Garcia,,,25/06/2026 21:13,29/06/2026 09:06,"Rio Grande do Sul (Brazil South, Brazil, Southern America)",W,Gesneriaceae,Sinningia pampeana,Sinningia pampeana,Sinningia,,f,f,,,,,,,,30,50,3,"Caçapava do Sul, localidade de Guaritas",53,30,17,,,,,,S,,,,,,,,,17217-1,Nordic J. Bot.,urn:lsid:ipni.org:publications:2633-2,2026,2026 [24 Jun 2026],[24 Jun 2026],G.E.Ferreira & Chautems,spec.,Nordic J. Bot. [early view]: [2 of 9]. 2026 [24 Jun 2026] ,,"doi:10.1002/njb.05231 Etymology: name refers to the Pampa biome, derived from the Quechua word 'pampa', meaning 'plain' or 'open field'.",,,11,pampeana,,,f,t,,holotype MBM MBM227166;isotype PEL0004200 FLOR0030670;isotype PEL PEL0004200,,,,,Chautems@17122-1@2@aut$G.E.Ferreira@20016237-2@1@aut,,,tax. nov.,,1.3,f,sinningia~pampeana,gesneriaceaesinningia~pampeana~,738,wfo-1000091065,,species,,,,
urn:lsid:ipni.org:names:77382069-1,Monteros & Mark Wilson,,,,,,276: 299,,3,,8,,MFM 217,2021,,Marco F.Monteros,,,26/06/2026 08:05,29/06/2026 08:26,"Ecuador (Western South America, Southern America)",,Orchidaceae,Pleurothallis pembertonii,Pleurothallis pembertonii,Pleurothallis,,f,f,,,,,,,,,,,"Carchi, Reserva Dracula, 1965 m",,,,,,,,,,,,,,,,,,325966-2,PhytoKeys,urn:lsid:ipni.org:publications:20011997-1,2026,2026 [26 Jun 2026],[26 Jun 2026],Monteros & Mark Wilson,spec.,PhytoKeys 276: 299. 2026 [26 Jun 2026] ,,"doi:10.3897/phytokeys.276.190930 [english] Etymology: named in honour of biologist Robert Pemberton, who contributed to the expansion of the Dracula Reserve and the protection of the orchid's habitat.",,,11,pembertonii,,,f,t,,holotype QCNE,,,,,Mark Wilson@20019181-2@2@aut$Monteros@20046915-1@1@aut,,,tax. nov.,,1.3,f,pleurothallis~pembertonii,orchidaceaepleurothallis~pembertonii~,739,wfo-1000091066,,species,,,,
urn:lsid:ipni.org:names:77382070-1,(Michx.) W.P.C.Barton,Juglandaceae Juglans cathartica Michx.,(Michx.),442332-1,,,2: 178,,,,,,,,,,,,26/06/2026 08:08,26/06/2026 17:47,,,Juglandaceae,Carya cathartica,Carya cathartica,Carya,,f,f,,,,,,,,,,,,,,,nom. superfl.,,,,,,,,,,,,,,331465-2,Comp. Fl. Philadelph.,urn:lsid:ipni.org:publications:14411-2,1818,1818,,W.P.C.Barton,spec.,Comp. Fl. Philadelph. 2: 178. 1818 ,,,,,12,cathartica,,442402-1,f,t,,,,,,,Michx.@6431-1@2@bas$W.P.C.Barton@517-1@1@aut,,,comb. nov.,,1.2,f,carya~cathartica,juglandaceaecarya~cathartica~,740,wfo-1000091067,,species,,,,
urn:lsid:ipni.org:names:77382071-1,(F.Michx.) W.P.C.Barton,Juglandaceae Juglans laciniosa F.Michx.,(F.Michx.),30079810-2,,,2: 178,,,,,,,,,,,,26/06/2026 08:14,26/06/2026 17:48,,,Juglandaceae,Carya laciniosa,Carya laciniosa,Carya,,f,f,,,,,,,,,,,,,,,nom. superfl.,,,,,,,,,,,,,,331465-2,Comp. Fl. Philadelph.,urn:lsid:ipni.org:publications:14411-2,1818,1818,,W.P.C.Barton,spec.,Comp. Fl. Philadelph. 2: 178. 1818 ,,,,,12,laciniosa,,"442394-1,442444-1",f,t,,,,,,,W.P.C.Barton@517-1@1@aut$F.Michx.@12682-1@2@bas,,,comb. nov.,,1.2,f,carya~laciniosa,juglandaceaecarya~laciniosa~,741,wfo-1200119174,,species,,,,
urn:lsid:ipni.org:names:77382072-1,W.P.C.Barton,,,,,,2: 179,,,,,,,,,,,,26/06/2026 08:35,26/06/2026 17:51,,,Juglandaceae,Carya squamosa,Carya squamosa,Carya,,f,f,,,,,,,,,,,,,,,nom. superfl.,,,,,,,,,,,,,,331465-2,Comp. Fl. Philadelph.,urn:lsid:ipni.org:publications:14411-2,1818,1818,,W.P.C.Barton,spec.,Comp. Fl. Philadelph. 2: 179. 1818 ,,Description attributed to F.Michx.,77081841-1,,10,squamosa,,442338-1,f,t,,,,,,,W.P.C.Barton@517-1@1@aut,,,nom. nov.,,1.2,f,carya~squamosa,juglandaceaecarya~squamosa~,742,wfo-1000091068,,species,,,,
urn:lsid:ipni.org:names:77382073-1,(Nutt.) W.P.C.Barton,Juglandaceae Carya microcarpa Nutt.,(Nutt.),"442180-1,442180-1",,,2: 179,,,,,,,,,,,,26/06/2026 08:44,26/06/2026 17:53,,,Juglandaceae,Carya squamosa var. microcarpa,Carya squamosa var. microcarpa,Carya,,f,f,,,,,microcarpa,,,,,,,,,,nom. superfl.,,,,,,,,,,,,,,77382072-1,Comp. Fl. Philadelph.,urn:lsid:ipni.org:publications:14411-2,1818,1818,,W.P.C.Barton,var.,Comp. Fl. Philadelph. 2: 179. 1818 ,,,,,12,squamosa,W.P.C.Barton,,f,t,,,,,,,W.P.C.Barton@517-1@1@aut$Nutt.@24198-1@2@bas,,,comb. et stat. nov.,,1.2,f,carya~squamosamicrocarpa,juglandaceaecarya~squamosamicrocarpa,743,wfo-1200119075,,variety,,,,
urn:lsid:ipni.org:names:77382074-1,(Michx.) W.P.C.Barton,Juglandaceae Juglans amara Michx.,(Michx.),442315-1,,,2: 180,,,,,,,,,,,,26/06/2026 09:02,26/06/2026 09:02,,,Juglandaceae,Carya amara,Carya amara,Carya,,f,f,,,,,,,,,,,,,,,,,,,,,,,,,,,,,331465-2,Comp. Fl. Philadelph.,urn:lsid:ipni.org:publications:14411-2,1818,1818,,W.P.C.Barton,spec.,Comp. Fl. Philadelph. 2: 180. 1818 ,,,,,11,amara,,,f,t,,,,,,,W.P.C.Barton@517-1@1@aut$Michx.@6431-1@2@bas,,,comb. nov.,,1.1,f,carya~amara,juglandaceaecarya~amara~,744,wfo-1200119175,,species,,,,
urn:lsid:ipni.org:names:77382075-1,(F.Michx.) W.P.C.Barton,Juglandaceae Juglans porcina F.Michx.,(F.Michx.),30313425-2,,,2: 180,,,,,,,,,,,,26/06/2026 09:12,26/06/2026 09:12,,,Juglandaceae,Carya porcina,Carya porcina,Carya,,f,f,,,,,,,,,,,,,,,,,,,,,,,,,,,,,331465-2,Comp. Fl. Philadelph.,urn:lsid:ipni.org:publications:14411-2,1818,1818,,W.P.C.Barton,spec.,Comp. Fl. Philadelph. 2: 180. 1818 ,,,,,11,porcina,,,f,t,,,,,,,W.P.C.Barton@517-1@1@aut$F.Michx.@12682-1@2@bas,,,comb. nov.,,1.1,f,carya~porcina,juglandaceaecarya~porcina~,745,wfo-1200119176,,species,,,,
urn:lsid:ipni.org:names:77382076-1,W.P.C.Barton,,,,,,2: 180,,,,,,,,,,,,26/06/2026 09:18,26/06/2026 09:18,,,Juglandaceae,Carya porcina var. obcordata,Carya porcina var. obcordata,Carya,,f,f,,,,,obcordata,,,,,,,,,,,,,,,,,,,,,,,,77382075-1,Comp. Fl. Philadelph.,urn:lsid:ipni.org:publications:14411-2,1818,1818,,W.P.C.Barton,var.,Comp. Fl. Philadelph. 2: 180. 1818 ,,,1004114-2,,9,porcina,(F.Michx.) W.P.C.Barton,,f,t,,,,,,,W.P.C.Barton@517-1@1@aut,W.P.C.Barton@517-1@1@aut$F.Michx.@12682-1@2@bas,,nom. nov.,,1.1,f,carya~porcinaobcordata,juglandaceaecarya~porcinaobcordata,746,wfo-1200119076,,variety,,,,
urn:lsid:ipni.org:names:77382077-1,W.P.C.Barton,,,,,,2: 180,,,,,,,,,,,,26/06/2026 09:23,26/06/2026 09:23,,,Juglandaceae,Carya porcina var. ficiformis,Carya porcina var. ficiformis,Carya,,f,f,,,,,ficiformis,,,,,,,,,,,,,,,,,,,,,,,,77382075-1,Comp. Fl. Philadelph.,urn:lsid:ipni.org:publications:14411-2,1818,1818,,W.P.C.Barton,var.,Comp. Fl. Philadelph. 2: 180. 1818 ,,,60442907-2,,9,porcina,(F.Michx.) W.P.C.Barton,,f,t,,,,,,,W.P.C.Barton@517-1@1@aut,W.P.C.Barton@517-1@1@aut$F.Michx.@12682-1@2@bas,,nom. nov.,,1.1,f,carya~porcinaficiformis,juglandaceaecarya~porcinaficiformis,747,wfo-1200119077,,variety,,,,
urn:lsid:ipni.org:names:77382078-1,(D.M.Moser) Galasso & Bartolucci,Ranunculaceae Pulsatilla alpina (L.) Chaz. subsp. austroalpina D.M.Moser,(D.M.Moser),70028068-1,,,21: 245,,,,,,,,,,,,26/06/2026 09:48,29/06/2026 10:33,,,Ranunculaceae,Anemone alpina subsp. austroalpina,Anemone alpina subsp. austroalpina,Anemone,,f,f,,,,,austroalpina,,,,,,,,,,,,,,,,,,,,,,,null:,708223-1,Ital. Botanist,urn:lsid:ipni.org:publications:20021683-1,2026,2026 [26 Jun 2026],[26 Jun 2026],Galasso & Bartolucci,subsp.,Ital. Botanist 21: 245. 2026 [26 Jun 2026] ,,doi:10.3897/italianbotanist.21.203684,,,11,alpina,L.,,f,t,,,,,,,Bartolucci@20012462-1@2@aut$D.M.Moser@38418-1@3@bas$Galasso@20005924-1@1@aut,L.@0-0@1@aut,,comb. nov.,,1.3,f,anemone~alpinaaustroalpina,ranunculaceaeanemone~alpinaaustroalpina,748,wfo-1200119078,,subspecies,,,,
urn:lsid:ipni.org:names:77382079-1,(Baker) Wild,Asteraceae Melanthera madagascariensis Baker,(Baker),232218-1,,,5(1): 7,,,,,,,,,,,,26/06/2026 09:49,29/06/2026 10:51,,,Asteraceae,Melanthera scandens subsp. madagascariensis,Melanthera scandens subsp. madagascariensis,Melanthera,,f,f,,,,,madagascariensis,,,,,,,,,,,,,,,,,,,,,,,null:,232239-1,Kirkia,urn:lsid:ipni.org:publications:2451-2,1965,1965 [1 Jan 1965],[1 Jan 1965],Wild,subsp.,Kirkia 5(1): 7. 1965 [1 Jan 1965] ,,,,,11,scandens,(Schumach. & Thonn.) Brenan,,f,t,,,,,,,Wild@11673-1@1@aut$Baker@407-1@2@bas,Thonn.@0-0@3@bas$Brenan@0-0@1@aut$Schumach.@0-0@2@bas,,comb. et stat. nov.,,1.3,f,melanthera~scandensmadagascariensis,asteraceaemelanthera~scandensmadagascariensis,749,wfo-0000070418,,subspecies,,,,
urn:lsid:ipni.org:names:77382080-1,"(Krahulec) Ardenghi, Banfi & Galasso",Poaceae × Festulpia stacei Krahulec,(Krahulec),77376613-1,,,21: 245,,,,,,,,,,,,26/06/2026 09:51,29/06/2026 10:35,,,Poaceae,Festuca × stacei,Festuca × stacei,Festuca,,t,f,,,,,,,,,,,,,,,,,,,,,,,,,,,,null:,328907-2,Ital. Botanist,urn:lsid:ipni.org:publications:20021683-1,2026,2026 [26 Jun 2026],[26 Jun 2026],"Ardenghi, Banfi & Galasso",spec.,Ital. Botanist 21: 245. 2026 [26 Jun 2026] ,,doi:10.3897/italianbotanist.21.203684,,,11,stacei,,,f,t,,,,,,,Krahulec@38818-1@4@bas$Ardenghi@20016758-1@1@aut$Banfi@36233-1@2@aut$Galasso@20005924-1@3@aut,,,comb. nov.,,1.3,f,festuca~stacei,poaceaefestuca~stacei~,750,wfo-1000091069,,species,,,,
urn:lsid:ipni.org:names:77382081-1,Endl & H.Schaef.,,,,,,"48: 23, figs. 1-3",,2,,10,,107,1839,,K.G.T. Kotschy,,,26/06/2026 15:24,26/06/2026 15:24,"Sudan (Northeast Tropical Africa, Africa)",,Cucurbitaceae,Cucumis melo subsp. meloides,Cucumis melo subsp. meloides,Cucumis,,f,f,,,,,meloides,,,,,,'Ad montem Cordofanum Arasch-Cool [Sudan] in planatie serpens',,,,,,,,,,,,,,,,,,292238-1,Cucurbit Genet. Coop. Rep.,urn:lsid:ipni.org:publications:20064903-1,2026,2026 [22 June 2026],[22 June 2026],Endl & H.Schaef.,subsp.,"Cucurbit Genet. Coop. Rep. 48: 23, figs. 1-3. 2026 [22 June 2026] (epublished)",(epublished),(english),,,11,melo,L.,,f,t,,holotype M;isotype BR;isotype K;isotype M;isotype MPU;isotype TUB,,,,,H.Schaef.@20004679-2@2@aut$Endl@20076490-1@1@aut,L.@12653-1@1@aut,,tax. nov.,77347051-1,1.1,f,cucumis~melomeloides,cucurbitaceaecucumis~melomeloides,751,wfo-1200119177,,subspecies,,,,
urn:lsid:ipni.org:names:77382082-1,Brandis,,,,,,31: 97,,,,,,,,,,,,26/06/2026 19:07,29/06/2026 10:47,,,Dipterocarpaceae,Shorea cristata,Shorea cristata,Shorea,,f,f,,,,,,,,,,,,,,,,,,,,,,,,,,,,null:,14402-1,"J. Linn. Soc., Bot.",urn:lsid:ipni.org:publications:682-2,1895,1895,,Brandis,spec.,"J. Linn. Soc., Bot. 31: 97. 1895 ",,,321262-1,,9,cristata,,,f,t,,,,,,,Brandis@1076-1@1@aut,,,nom. nov.,,1.3,f,shorea~cristata,dipterocarpaceaeshorea~cristata~,752,wfo-1000000053,,species,,,,
urn:lsid:ipni.org:names:77382083-1,Kunze,,,,,,"22(1, Beibl.): 47",,,,,,,,,,,,27/06/2026 10:05,29/06/2026 14:19,,,Pteridaceae,Acrostichum sect. Anetium,Acrostichum sect. Anetium,Acrostichum,,f,f,,,,anetium,,,,,,,,,,,nom. inval. nom. nud.,,nom. inval.,,,,,,,,,,,,30007207-2,Flora,urn:lsid:ipni.org:publications:648-2,1839,1839,,Kunze,sect.,"Flora 22(1, Beibl.): 47. 1839 ",,Description only for species.,,,9,,,,f,t,,,Acrostichum citrifolium,,,,Kunze@21870-1@1@aut,,,tax. nov.,,1.3,f,acrostichumanetium,pteridaceaeacrostichumanetium~~,753,wfo-1000071287,,section,,,,
urn:lsid:ipni.org:names:77382088-1,(Haw.) DC.,Portulacaceae Portulaca sativa Haw.,(Haw.),895773-1,,,3: 353,,,,,,,,,,,,28/06/2026 22:45,28/06/2026 22:45,,,Portulacaceae,Portulaca oleracea var. sativa,Portulaca oleracea var. sativa,Portulaca,,f,f,,,,,sativa,,,,,,,,,,,,,,,,,,,,,,,,323270-2,Prodr.,urn:lsid:ipni.org:publications:1051-2,1828,1828 [mid Mar 1828],[mid Mar 1828],DC.,var.,Prodr. 3: 353. 1828 [mid Mar 1828] ,,,,53930-3,11,oleracea,L.,,f,t,,,,,,,DC.@16855-1@1@aut$Haw.@3738-1@2@bas,L.@12653-1@1@aut,,comb. et stat. nov.,,1.1,f,portulaca~oleraceasativa,portulacaceaeportulaca~oleraceasativa,754,wfo-0000487115,,variety,,,,
urn:lsid:ipni.org:names:77382089-1,(Torr. & A.Gray) B.G.Baldwin & Joongku Lee,Asteraceae Anisocoma acaulis Torr. & A.Gray,(Torr. & A.Gray),176765-1,,,"73(2): 24, fig. 2H",,,,,,,,,,,,28/06/2026 23:16,28/06/2026 23:16,,,Asteraceae,Malacothrix acaulis,Malacothrix acaulis,Malacothrix,,f,f,,,,,,,,,,,,,,,,,,,,,,,,,,,,,9940-1,Madroño,urn:lsid:ipni.org:publications:995-2,2026,2026 [2 Jun 2026],[2 Jun 2026],B.G.Baldwin & Joongku Lee,spec.,"Madroño 73(2): 24, fig. 2H. 2026 [2 Jun 2026] (epublished)",(epublished),https://doi.org/10.3120/0024-9637-260013,,,11,acaulis,,,f,t,,,,,,,A.Gray@19574-1@4@bas$Joongku Lee@37646-1@2@aut$B.G.Baldwin@39090-1@1@aut$Torr.@10754-1@3@bas,,,comb. nov.,,1.1,f,malacothrix~acaulis,asteraceaemalacothrix~acaulis~,755,wfo-1000091070,,species,,,,
urn:lsid:ipni.org:names:77382090-1,(A.Gray) B.G.Baldwin & Joongku Lee,Asteraceae Calycoseris parryi A.Gray,(A.Gray),188147-1,,,73(2): 24,,,,,,,,,,,,28/06/2026 23:47,28/06/2026 23:47,,,Asteraceae,Malacothrix parryi,Malacothrix parryi,Malacothrix,,f,f,,,,,,,,,,,,,,,,,,,,,,,,,,,,,9940-1,Madroño,urn:lsid:ipni.org:publications:995-2,2026,2026 [2 Jun 2026],[2 Jun 2026],B.G.Baldwin & Joongku Lee,spec.,Madroño 73(2): 24. 2026 [2 Jun 2026] (epublished),(epublished),https://doi.org/10.3120/0024-9637-260013,,,11,parryi,,,f,t,,,,,,,A.Gray@19574-1@3@bas$B.G.Baldwin@39090-1@1@aut$Joongku Lee@37646-1@2@aut,,,comb. nov.,,1.1,f,malacothrix~parryi,asteraceaemalacothrix~parryi~,756,wfo-1000091071,,species,,,,
urn:lsid:ipni.org:names:77382091-1,(A.Gray) B.G.Baldwin & Joongku Lee,Asteraceae Calycoseris wrightii A.Gray,(A.Gray),328776-2,,,"73(2): 24, fig. 2I",,,,,,,,,,,,28/06/2026 23:48,28/06/2026 23:48,,,Asteraceae,Malacothrix wrightii,Malacothrix wrightii,Malacothrix,,f,f,,,,,,,,,,,,,,,,,,,,,,,,,,,,,9940-1,Madroño,urn:lsid:ipni.org:publications:995-2,2026,2026 [2 Jun 2026],[2 Jun 2026],B.G.Baldwin & Joongku Lee,spec.,"Madroño 73(2): 24, fig. 2I. 2026 [2 Jun 2026] (epublished)",(epublished),https://doi.org/10.3120/0024-9637-260013,,,11,wrightii,,,f,t,,,,,,,Joongku Lee@37646-1@2@aut$B.G.Baldwin@39090-1@1@aut$A.Gray@19574-1@3@bas,,,comb. nov.,,1.1,f,malacothrix~wrightii,asteraceaemalacothrix~wrightii~,757,wfo-1000091072,,species,,,,
urn:lsid:ipni.org:names:77382193-1,Krasch.,,,,,,26: 274,,,,,,,,,,,,29/06/2026 14:03,29/06/2026 14:03,,,Asteraceae,Artemisia proceriformis,Artemisia proceriformis,Artemisia,,f,f,,,,,,,,,,,,,,,,,,,,,,,,,,,,,30001021-2,Mater. Komiss. Eksped. Issl.,urn:lsid:ipni.org:publications:20065006-1,1930,1930 [Jun 1930],[Jun 1930],Krasch.,spec.,"Mater. Komiss. Eksped. Issl. 26: 274. 1930 [Jun 1930] , as 'proceraeformis'",", as 'proceraeformis'",,,,8,proceriformis,,,f,t,,,,,,,Krasch.@5027-1@1@aut,,,tax. nov.,,1.1,f,artemisia~proceriformis,asteraceaeartemisia~proceriformis~,758,wfo-0000000368,,species,,,,
urn:lsid:ipni.org:names:77382194-1,Krasch.,,,,,,26: 270,,,,,,,,,,,,29/06/2026 14:27,29/06/2026 14:27,,,Asteraceae,Artemisia kemrudica var. karabugasica,Artemisia kemrudica var. karabugasica,Artemisia,,f,f,,,,,karabugasica,,,,,,,,,,,,,,,,,,,,,,,,77352869-1,Mater. Komiss. Eksped. Issl.,urn:lsid:ipni.org:publications:20065006-1,1930,1930 [Jun 1930],[Jun 1930],Krasch.,var.,Mater. Komiss. Eksped. Issl. 26: 270. 1930 [Jun 1930] ,,,,,8,kemrudica,Krasch.,,f,t,,,,,,,Krasch.@5027-1@1@aut,Krasch.@5027-1@1@aut,,tax. nov.,,1.1,f,artemisia~kemrudicakarabugasica,asteraceaeartemisia~kemrudicakarabugasica,759,wfo-0000022438,,variety,,,,
urn:lsid:ipni.org:names:77382195-1,"Y.Fan Wang, Ting Zhang & J.D.Ya",,,,,,71(3): 533,,20,,5,,23CS24445,2023,,T.Zhang et al.,,,30/06/2026 03:13,30/06/2026 14:10,"Yunnan (China South-Central, China, Asia-Temperate)",E,Aristolochiaceae,Aristolochia pendulistoma,Aristolochia pendulistoma,Aristolochia,,f,f,,,,,,,,26,35,,"Nujiang Lisu Autonomous Prefecture, Fugong County, Pihe Township, Wawa Village, near Yimaluo river valley, under subtropical forest in Gaoligong Mountain, 2290 m",98,52,,,,,,,N,,,,,,,,,330834-2,Taiwania,urn:lsid:ipni.org:publications:2979-2,2026,2026 [9 Jun 2026],[9 Jun 2026],"Y.Fan Wang, Ting Zhang & J.D.Ya",spec.,Taiwania 71(3): 533. 2026 [9 Jun 2026] ,,"doi:10.6165/tai.2026.71.531 [english] Etymology: name derived from the distinctive pendulous, downward-elongated calyx limb.",,,11,pendulistoma,,,f,t,,holotype KUN;isotype KUN;isotype CSH,,,,,J.D.Ya@20042727-1@3@aut$Y.Fan Wang@20080863-1@1@aut$Ting Zhang@20048726-1@2@aut,,,tax. nov.,,1.3,f,aristolochia~pendulistoma,aristolochiaceaearistolochia~pendulistoma~,760,wfo-1000091073,,species,,,,
urn:lsid:ipni.org:names:77382197-1,A.J.Perkins,,,,,,126: 2,,19,,11,,AJP-WA162,2019,,A.J.Perkins &amp; R.W.Davis,,,30/06/2026 05:33,30/06/2026 15:02,"Western Australia (Australia, Australasia)",,Apiaceae,Platysace summicola,Platysace summicola,Platysace,,f,f,,,,,,,,,,,Stirling Range [precise locality withheld for conservation reasons],,,,,,,,,,,,,,,,,,40404-1,Austral. J. Taxon.,urn:lsid:ipni.org:publications:20039834-1,2026,2026 [16 Jun 2026],[16 Jun 2026],A.J.Perkins,spec.,Austral. J. Taxon. 126: 2. 2026 [16 Jun 2026] ,,"doi:10.54102/ajt.ophlb [english] Etymology: name derived from the Latin 'summum' (highest place or summit) and the Latin ending '–cola' (dweller, inhabitant), in reference to this species being restricted in habitat to the upper slopes and summits of many of the peaks within the Stirling Range.",,,11,summicola,,,f,t,,holotype PERTH 09781803;isotype AD;isotype CANB;isotype MEL;isotype NSW,,,,,A.J.Perkins@20031398-1@1@aut,,,tax. nov.,,1.3,f,platysace~summicola,apiaceaeplatysace~summicola~,761,wfo-1000091074,,species,,,,
urn:lsid:ipni.org:names:77382200-1,T.C.Hsu,,,,,,71(3): 456,,20,,5,,8469,2016,,T.C. Hsu,,,30/06/2026 11:43,30/06/2026 11:43,"Taiwan (Eastern Asia, Asia-Temperate)",,Cyperaceae,Carex chamaecyparicola,Carex chamaecyparicola,Carex,,f,f,,,,,,,,,,,"Yilan County: Datong Township, Tsuifeng Lake, c. 1900 m",,,,,,,,,,,,,,,,,,330029-2,Taiwania,urn:lsid:ipni.org:publications:2979-2,2026,2026 [22 May 2026],[22 May 2026],T.C.Hsu,spec.,Taiwania 71(3): 456. 2026 [22 May 2026] ,,"doi:10.6165/tai.2026.71.455 Etymology: derived from Chamaecyparis, a gymnosperm genus, and -cola, dweller, alluding to the remarkable habitat preference.",,,11,chamaecyparicola,,,f,t,,holotype TAIF 551720;isotype TAIF 551721;isotype TNM,,,,,T.C.Hsu@20008355-1@1@aut,,,tax. nov.,,1.1,f,carex~chamaecyparicola,cyperaceaecarex~chamaecyparicola~,762,wfo-1000091075,,species,,,,
urn:lsid:ipni.org:names:77382201-1,W.C.Leong & Kuoh ex T.C.Hsu,,,,,,71(3): 456,,12,,3,,15881,2025,,T.C. Hsu,,,30/06/2026 11:51,30/06/2026 11:51,"Taiwan (Eastern Asia, Asia-Temperate)",,Cyperaceae,Carex hsinchuensis,Carex hsinchuensis,Carex,,f,f,,,,,,,,,,,"Hsinchu County: Wufong Township, Wufong, c. 350 m",,,,,,,,,,,,,,,,,,330029-2,Taiwania,urn:lsid:ipni.org:publications:2979-2,2026,2026 [22 May 2026],[22 May 2026],W.C.Leong & Kuoh ex T.C.Hsu,spec.,Taiwania 71(3): 456. 2026 [22 May 2026] ,,"doi:10.6165/tai.2026.71.455 Etymology: name derived from Hsinchu County, the type locality. Note: Leong proposed Carex hsinchuensis Leong & Kuoh in his thesis (2001), but it was not effectively published (as well as lacking both Latin diagnosis and type citation).",,,11,hsinchuensis,,,f,t,,holotype TAIF 551725;isotype TAIF 551726;isotype TNM,,,,,W.C.Leong@20006377-1@1@aut$T.C.Hsu@20008355-1@3@autEx$Kuoh@20015950-1@2@aut,,,tax. nov.,,1.1,f,carex~hsinchuensis,cyperaceaecarex~hsinchuensis~,763,wfo-1000091076,,species,,,,
urn:lsid:ipni.org:names:77382202-1,T.C.Hsu,,,,,,71(3): 459,,18,,7,,10800,2018,,Hsu,,,30/06/2026 11:55,30/06/2026 11:55,"Taiwan (Eastern Asia, Asia-Temperate)",,Cyperaceae,Carex leongii,Carex leongii,Carex,,f,f,,,,,,,,,,,"Taitung County: Donghe Township, Mt. Tulan, c. 850 m",,,,,,,,,,,,,,,,,,330029-2,Taiwania,urn:lsid:ipni.org:publications:2979-2,2026,2026 [22 May 2026],[22 May 2026],T.C.Hsu,spec.,Taiwania 71(3): 459. 2026 [22 May 2026] ,,"doi:10.6165/tai.2026.71.455 Etymology: name honours the cyperologist Wai-Chao Leong who first recognized the novelty of this species and attempted to describe it. Note: initially recognized as a new species in Leong’s (2001) thesis as 'Carex lanyuensis Leong & Kuoh', but it was not effectively published (as well as lacking both Latin diagnosis and type citation).",,,11,leongii,,,f,t,,holotype TAIF 551722;isotype TAIF 521516; 551723;isotype TNM,,,,,T.C.Hsu@20008355-1@1@aut,,,tax. nov.,,1.1,f,carex~leongii,cyperaceaecarex~leongii~,764,wfo-1000091077,,species,,,,
urn:lsid:ipni.org:names:77382203-1,T.C.Hsu,,,,,,71(3): 466,,14,,6,,14195,2022,,T.C. Hsu,,,30/06/2026 11:58,30/06/2026 11:58,"Taiwan (Eastern Asia, Asia-Temperate)",,Cyperaceae,Carex orthorhyncha,Carex orthorhyncha,Carex,,f,f,,,,,,,,,,,"Taitung: Tashuiku, c. 820 m",,,,,,,,,,,,,,,,,,330029-2,Taiwania,urn:lsid:ipni.org:publications:2979-2,2026,2026 [22 May 2026],[22 May 2026],T.C.Hsu,spec.,Taiwania 71(3): 466. 2026 [22 May 2026] ,,"doi:10.6165/tai.2026.71.455 Etymology: name derived from 'orthos', straight, and 'rhynchos', beak, referring to the characteristic straight nutlet appendage.",,,11,orthorhyncha,,,f,t,,holotype TAIF 548460;isotype TAIF 548459;isotype TNM,,,,,T.C.Hsu@20008355-1@1@aut,,,tax. nov.,,1.1,f,carex~orthorhyncha,cyperaceaecarex~orthorhyncha~,765,wfo-1000091078,,species,,,,
urn:lsid:ipni.org:names:77382204-1,T.C.Hsu,,,,,,71(3): 468,,17,,11,,13136,2020,,T.C. Hsu,,,30/06/2026 12:01,30/06/2026 12:01,"Taiwan (Eastern Asia, Asia-Temperate)",,Cyperaceae,Carex pseudorhynchachaenium,Carex pseudorhynchachaenium,Carex,,f,f,,,,,,,,,,,"Kaohsiung City: Namasia District, Mt. Kaoting, 1550 m",,,,,,,,,,,,,,,,,,330029-2,Taiwania,urn:lsid:ipni.org:publications:2979-2,2026,2026 [22 May 2026],[22 May 2026],T.C.Hsu,spec.,Taiwania 71(3): 468. 2026 [22 May 2026] ,,doi:10.6165/tai.2026.71.455 Etymology: named for its morphological similarity with Carex rhynchachaenium.,,,11,pseudorhynchachaenium,,,f,t,,holotype TAIF 533936;isotype TAIF 551724;isotype TNM,,,,,T.C.Hsu@20008355-1@1@aut,,,tax. nov.,,1.1,f,carex~pseudorhynchachaenium,cyperaceaecarex~pseudorhynchachaenium~,766,wfo-1000091079,,species,,,,
urn:lsid:ipni.org:names:77382205-1,"M.K.Li, Hao X.Zheng & Y.C.Wei",,,,,,71(3): 472,,10,,4,,2025032,2024,,"M. K. Li, Y. C. Wei",,,30/06/2026 14:27,30/06/2026 14:27,"Yunnan (China South-Central, China, Asia-Temperate)",,Orchidaceae,Gastrochilus baoshanensis,Gastrochilus baoshanensis,Gastrochilus,,f,f,,,,,,,,,,,"Baoshan County, Wama town, 1900 m",,,,,,,,,,,,,,,,,,29529-1,Taiwania,urn:lsid:ipni.org:publications:2979-2,2026,2026 [23 May 2026],[23 May 2026],"M.K.Li, Hao X.Zheng & Y.C.Wei",spec.,Taiwania 71(3): 472. 2026 [23 May 2026] ,,"doi:10.6165/tai.2026.71.472 Etymology: name refers to the type locality where the new species occurs, Baoshan City, Yunnan.",,,11,baoshanensis,,,f,t,,holotype FAFU 007321,,,,,Y.C.Wei@20099679-1@3@aut$M.K.Li@20059815-1@1@aut$Hao X.Zheng@20099680-1@2@aut,,,tax. nov.,,1.1,f,gastrochilus~baoshanensis,orchidaceaegastrochilus~baoshanensis~,767,wfo-1000091080,,species,,,,
urn:lsid:ipni.org:names:77382206-1,"M.K.Li, Y.Luo & J.W.Zhai",,,,,,71(3): 474,,23,,10,,2021736,2023,,M.K.Li,,,30/06/2026 14:43,30/06/2026 14:43,"Tibet (China, Asia-Temperate)",,Orchidaceae,Gastrochilus motuoensis,Gastrochilus motuoensis,Gastrochilus,,f,f,,,,,,,,,,,"Motuo County, Dexing Town, 1658 m",,,,,,,,,,,,,,,,,,29529-1,Taiwania,urn:lsid:ipni.org:publications:2979-2,2026,2026 [23 May 2026],[23 May 2026],"M.K.Li, Y.Luo & J.W.Zhai",spec.,Taiwania 71(3): 474. 2026 [23 May 2026] ,,"doi:10.6165/tai.2026.71.472 Etymology: name refers to the type locality where the new species occurs, Motuo County, Xizang.",,,11,motuoensis,,,f,t,,holotype FAFU 006456,,,,,J.W.Zhai@20021245-1@3@aut$Y.Luo@39800-1@2@aut$M.K.Li@20059815-1@1@aut,,,tax. nov.,,1.1,f,gastrochilus~motuoensis,orchidaceaegastrochilus~motuoensis~,768,wfo-1000091081,,species,,,,
urn:lsid:ipni.org:names:77382207-1,A.R.Bean,,,,,,120: 2,,29,,8,,35694,2025,,"A.R. Bean, P. Sheringham &amp; A. Gale",,,30/06/2026 14:57,30/06/2026 14:57,"New South Wales (New South Wales, Australia, Australasia)",,Solanaceae,Solanum transiens,Solanum transiens,Solanum,,f,f,,,,,,,,,,,"North Coast: Palm Tree Road, Conglomerate State Forest, NW of Woolgoolga",,,,,,,,,,,,,,,,,,30000630-2,Austral. J. Taxon.,urn:lsid:ipni.org:publications:20039834-1,2026,2026 [10 May 2026],[10 May 2026],A.R.Bean,spec.,Austral. J. Taxon. 120: 2. 2026 [10 May 2026] ,,"doi:10.54102/ajt.qmecv Etymology: from the Latin 'transire', meaning to go across or pass through, giving rise to the English word transient, meaning temporary or passing quickly, in reference to the apparent short lifespan of this species.",,,11,transiens,,,f,t,,holotype BRI AQ1058281;isotype BM;isotype CANB;isotype MEL;isotype NSW;isotype NY,,,,,A.R.Bean@35385-1@1@aut,,,tax. nov.,,1.1,f,solanum~transiens,solanaceaesolanum~transiens~,769,wfo-1000091082,,species,,,,
urn:lsid:ipni.org:names:77382208-1,(R.M.Barker) A.R.Bean,Acanthaceae Sarojusticia kempeana Bremek. ex H.Eichler subsp. muelleri R.M.Barker,(R.M.Barker),949344-1,,,122: 4,,,,,,,,,,,,30/06/2026 15:07,30/06/2026 15:07,,,Acanthaceae,Justicia muelleri,Justicia muelleri,Justicia,,f,f,,,,,,,,,,,,,,,,,,,,,,,,,,,,,326849-2,Austral. J. Taxon.,urn:lsid:ipni.org:publications:20039834-1,2026,2026 [19 May 2026],[19 May 2026],A.R.Bean,spec.,Austral. J. Taxon. 122: 4. 2026 [19 May 2026] ,,doi:10.54102/ajt.6fg86 Etymology:,,,11,muelleri,,,f,t,,,,,,,R.M.Barker@31325-1@2@bas$A.R.Bean@35385-1@1@aut,,,comb. et stat. nov.,,1.1,f,justicia~muelleri,acanthaceaejusticia~muelleri~,770,wfo-1000091083,,species,,,,
urn:lsid:ipni.org:names:77382209-1,(Lepschi) A.R.Bean,Acanthaceae Harnieria kempeana (F.Muell.) R.M.Barker subsp. rhadinophylla Lepschi,(Lepschi),992073-1,,,122: 4,,,,,,,,,,,,30/06/2026 15:08,30/06/2026 15:08,,,Acanthaceae,Justicia rhadinophylla,Justicia rhadinophylla,Justicia,,f,f,,,,,,,,,,,,,,,,,,,,,,,,,,,,,326849-2,Austral. J. Taxon.,urn:lsid:ipni.org:publications:20039834-1,2026,2026 [19 May 2026],[19 May 2026],A.R.Bean,spec.,Austral. J. Taxon. 122: 4. 2026 [19 May 2026] ,,doi:10.54102/ajt.6fg86 Etymology:,,,11,rhadinophylla,,,f,t,,,,,,,A.R.Bean@35385-1@1@aut$Lepschi@36824-1@2@bas,,,comb. et stat. nov.,,1.1,f,justicia~rhadinophylla,acanthaceaejusticia~rhadinophylla~,771,wfo-1000091084,,species,,,,
urn:lsid:ipni.org:names:77382210-1,A.S.D.Irsyam & M.R.Hariri,,,,,,36(2)-e1203: 2,,11,,8,,s.n.,2016,,Agusti Randi,,,30/06/2026 16:25,01/07/2026 10:17,"Kalimantan (Borneo, Malesia, Asia-Tropical)",,Araceae,Homalomena randii,Homalomena randii,Homalomena,,f,f,,,,,,,,,,,"West Kalimantan, Sambas Regency, Subah District, Sabong village, 30 m",,,,,,,,,,,,,,,,,,30057762-2,Rheedea,urn:lsid:ipni.org:publications:14582-2,2026,2026 [30 Jun 2026],[30 Jun 2026],A.S.D.Irsyam & M.R.Hariri,spec.,Rheedea 36(2)-e1203: 2. 2026 [30 Jun 2026] ,,doi:10.22244/rheedea.36.1203 [english] Etymology: name dedicated to Indonesian plant taxonomist Agusti Randi in recognition of his discovery of this species in 2016 at the Sabong Village.,,,11,randii,,,f,t,,holotype FIPIA;isotype BO,,,,,A.S.D.Irsyam@20072205-1@1@aut$M.R.Hariri@20072206-1@2@aut,,,tax. nov.,,1.3,f,homalomena~randii,araceaehomalomena~randii~,772,wfo-1000091085,,species,,,,
urn:lsid:ipni.org:names:77382211-1,"G.A.Queiroz, E.F.Guim. & D.L.Moreira",,,,,,76(e00492025): 2,,13,,3,,577,1999,,M.C.Assis et al.,,,30/06/2026 18:12,01/07/2026 13:48,"Espírito Santo (Brazil Southeast, Brazil, Southern America)",,Piperaceae,Piper lobasiifolium,Piper lobasiifolium,Piper,,f,f,,,,,,,,,,,"Santa Teresa. Estrada para João Neiva, limite norte da Estação Biológica de Nova Lombardia. Sítio do Sr. Waldir",,,,,,,,,,,,,,,,,,326982-2,Rodriguésia,urn:lsid:ipni.org:publications:1167-2,2025,2025 [28 Nov 2025],[28 Nov 2025],"G.A.Queiroz, E.F.Guim. & D.L.Moreira",spec.,Rodriguésia 76(e00492025): 2. [28 Nov 2025] ,,doi:10.1590/2175-7860202576049 [english] Etymology: name given due to the lobed base of the blade.,,,11,lobasiifolium,,,f,t,,holotype RB;isotype SPF;isotype NY,,,,,D.L.Moreira@20099683-1@3@aut$E.F.Guim.@3468-1@2@aut$G.A.Queiroz@20063836-1@1@aut,,,tax. nov.,,1.3,f,piper~lobasiifolium,piperaceaepiper~lobasiifolium~,773,wfo-1000091086,,species,,,,
urn:lsid:ipni.org:names:77382215-1,A.W.Hill,,,,,,7(12): 243,,,,,,,,,,,,30/06/2026 20:13,01/07/2026 14:44,,,Malvaceae,Nototriche sect. Pedicularifolia,Nototriche sect. Pedicularifolia,Nototriche,,f,f,,,,pedicularifolia,,,,,,,,,,,,,,,,,,,,,,,,,301092-2,"Trans. Linn. Soc. London, Bot.",urn:lsid:ipni.org:publications:1084-2,1909,1909 [21 Jan 1909],[21 Jan 1909],A.W.Hill,sect.,"Trans. Linn. Soc. London, Bot. 7(12): 243. 1909 [21 Jan 1909] ",,,,,8,,,,f,t,,,,,,,A.W.Hill@3944-1@1@aut,,,tax. nov.,,1.3,f,nototrichepedicularifolia,malvaceaenototrichepedicularifolia~~,774,wfo-1000091087,,section,,,,
