id,authors_t,basionym_s_lower,basionym_author_s_lower,lookup_basionym_id,bibliographic_reference_s_lower,bibliographic_type_info_s_lower,reference_collation_s_lower,collection_date_as_text_s_lower,collection_day_1_s_lower,collection_day_2_s_lower,collection_month_1_s_lower,collection_month_2_s_lower,collection_number_s_lower,collection_year_1_s_lower,collection_year_2_s_lower,collector_team_as_text_t,lookup_conserved_against_id,lookup_correction_of_id,date_created_date,date_last_modified_date,distribution_s_lower,east_or_west_s_lower,family_s_lower,taxon_scientific_name_s_lower,taxon_sci_name_suggestion,genus_s_lower,geographic_unit_as_text_s_lower,hybrid_b,hybrid_genus_b,lookup_hybrid_parent_id,hybrid_parents_s_lower,infra_family_s_lower,infra_genus_s_lower,infraspecies_s_lower,lookup_isonym_of_id,lookup_later_homonym_of_id,latitude_degrees_s_lower,latitude_minutes_s_lower,latitude_seconds_s_lower,locality_s_lower,longitude_degrees_s_lower,longitude_minutes_s_lower,longitude_seconds_s_lower,name_status_s_lower,name_status_bot_code_type_s_lower,name_status_editor_type_s_lower,nomenclatural_synonym_s_lower,lookup_nomenclatural_synonym_id,north_or_south_s_lower,original_basionym_s_lower,original_basionym_author_team_s_lower,original_hybrid_parentage_s_lower,original_remarks_s_lower,original_replaced_synonym_s_lower,original_taxon_distribution_s_lower,lookup_orthographic_variant_of_id,other_links_s_lower,lookup_parent_id,publication_s_lower,lookup_publication_id,publication_year_i,publication_year_full_s_lower,publication_year_note_s_lower,publishing_author_s_lower,rank_s_alphanum,reference_t,reference_remarks_s_lower,remarks_s_lower,lookup_replaced_synonym_id,lookup_same_citation_as_id,score_s_lower,species_s_lower,species_author_s_lower,lookup_superfluous_name_of_id,suppressed_b,top_copy_b,lookup_type_id,type_locations_s_lower,type_name_s_lower,type_remarks_s_lower,type_chosen_by_s_lower,type_note_s_lower,detail_author_team_ids,detail_species_author_team_ids,page_as_text_s_lower,citation_type_s_lower,lookup_validation_of_id,version_s_lower,powo_b,sortable,family_taxon_name_sortable,rhakhis_pk,rhakhis_wfo,rhakhis_skip,rhakhis_rank,rhakhis_status,rhakhis_parent,rhakhis_accepted,rhakhis_basionym,namepubCONCAT,url,ipniLabel
urn:lsid:ipni.org:names:77377265-1,"Bin Zhang, Ting Wang ter & H.F.Chen",,,,,,16(2)-e72770: 6,,25,,3,,,1989,,Fu-wu Xing et Ze-xian Li,,,01/03/2026 05:42,02/03/2026 12:06,"Hainan (China, Asia-Temperate)",,Adiantaceae,Aleuritopteris hainanensis,Aleuritopteris hainanensis,Aleuritopteris,,f,f,,,,,,,,,,,"Changjiang Li Autonomous County, Bawang Ling, c. 300–600 m",,,,,,,,,,,,,,,,,,17368340-1,Ecol. Evol.,urn:lsid:ipni.org:publications:20036179-1,2026,2026 [20 Feb 2026],[20 Feb 2026],"Bin Zhang, Ting Wang ter & H.F.Chen",spec.,Ecol. Evol. 16(2)-e72770: 6. 2026 [20 Feb 2026] ,,"doi:10.1002/ece3.72770 [english] Etymology: 'The species is native to Hainan Province, southern China'.",,,10,hainanensis,,,f,t,,holotype IBSC 672305;isotype IBSC 0672304,,,,,H.F.Chen@20004777-1@3@aut$Bin Zhang@20096417-1@1@aut$Ting Wang ter@20073218-1@2@aut,,,tax. nov.,,1.4,f,aleuritopteris~hainanensis,adiantaceaealeuritopteris~hainanensis~,1,wfo-1000088945,,species,,,,,Ecol. Evol. 16(2)-e72770: 6 (2026),https://www.ipni.org/n/77377265-1,IPNI record: 77377265-1
urn:lsid:ipni.org:names:77377266-1,Knorring,,,,,,8: 625,,,,,,,,,,,,01/03/2026 23:49,01/03/2026 23:49,,,Lamiaceae,Lagochilus kschtutensis,Lagochilus kschtutensis,Lagochilus,,f,f,,,,,,,,,,,,,,,,,,,,,,,,,,,,,20948-1,Trudy Tadzhikistansk. Bazy,urn:lsid:ipni.org:publications:20011348-1,1940,1940 [dt. 1938; publ. 1940],[dt. 1938; publ. 1940],Knorring,spec.,Trudy Tadzhikistansk. Bazy 8: 625. 1940 [dt. 1938; publ. 1940] ,,,,,8,kschtutensis,,,f,t,,,,,,,Knorring@12615-1@1@aut,,,tax. nov.,,1.1,f,lagochilus~kschtutensis,lamiaceaelagochilus~kschtutensis~,2,wfo-0000222336,,species,,,,,Trudy Tadzhikistansk. Bazy 8: 625 (1940),https://www.ipni.org/n/77377266-1,IPNI record: 77377266-1
urn:lsid:ipni.org:names:77377267-1,Lampley,,,,,,69,,17,,4,,240,2015,,"J.A.Lampley, E.E.Schilling &amp; F.Soto",,,02/03/2026 00:33,02/03/2026 14:09,"Alabama (Southeastern U.S.A., Northern America);Georgia (Southeastern U.S.A., Northern America);Tennessee (Southeastern U.S.A., Northern America);",W,Trilliaceae,Trillium radiatum,Trillium radiatum,Trillium,,f,f,,,,,,,,34,51,,"Georgia: Dade Co., GA-136 near Rising Fawn, outside Cloudland Canyon State Park",85,30,,Contrary to Art. 29.1. ICN (2018). Not effectively published?,,,,,N,,,,,,,,,30007422-2,Syst. Biogeogr. Study Trillium,urn:lsid:ipni.org:publications:20063141-1,2021,2021 [Dec 2021],[Dec 2021],Lampley,spec.,Syst. Biogeogr. Study Trillium 69. 2021 [Dec 2021] ,,Etymology: 'The species epithet 'radiatum' was chosen to reflect the radiate arrangement of the perianth and the ray like positions of the sepals and spreading bracts'. Dissertation online at: https://trace.tennessee.edu/cgi/viewcontent.cgi?article=8068&context=utk_graddiss,,,12,radiatum,,,f,t,,holotype TENN,,,,,Lampley@20050827-1@1@aut,,,tax. nov.,,1.4,f,trillium~radiatum,trilliaceaetrillium~radiatum~,3,wfo-1000088946,,species,,,,,Syst. Biogeogr. Study Trillium 69 (2021),https://www.ipni.org/n/77377267-1,IPNI record: 77377267-1
urn:lsid:ipni.org:names:77377268-1,Lampley,,,,,,65,,1,,3,,2340,2013,,Aaron Floden &amp; E.E.Schilling,,,02/03/2026 00:39,02/03/2026 14:09,"Alabama (Southeastern U.S.A., Northern America);Tennessee (Southeastern U.S.A., Northern America);",W,Trilliaceae,Trillium freemanii,Trillium freemanii,Trillium,,f,f,,,,,,,,35,4,18,Marion Co.: Fishtrap Road,85,44,36,Contrary to Art. 29.1. ICN (2018). Not effectively published?,,,,,N,,,,,,,,,30007422-2,Syst. Biogeogr. Study Trillium,urn:lsid:ipni.org:publications:20063141-1,2021,2021 [Dec 2021],[Dec 2021],Lampley,spec.,Syst. Biogeogr. Study Trillium 65. 2021 [Dec 2021] ,,[english] Etymology: 'The species epithet 'freemanii' honors Auburn University professor and herbarium curator John Daniel Freeman (1942–1997)'. Available online at: https://trace.tennessee.edu/cgi/viewcontent.cgi?article=8068&context=utk_graddiss,,,12,freemanii,,,f,t,,holotype TENN,,,,,Lampley@20050827-1@1@aut,,,tax. nov.,,1.4,f,trillium~freemanii,trilliaceaetrillium~freemanii~,4,wfo-1000088947,,species,,,,,Syst. Biogeogr. Study Trillium 65 (2021),https://www.ipni.org/n/77377268-1,IPNI record: 77377268-1
urn:lsid:ipni.org:names:77377370-1,"A.S.D.Irsyam, Raynalta & M.R.Hariri",,,,,,271: 164,,2,,1,,2,2024,,E.Raynalta,,,02/03/2026 08:13,02/03/2026 17:35,"Jawa (Malesia, Asia-Tropical);Sumatera (Malesia, Asia-Tropical);",E,Araceae,Homalomena lingua-felis,Homalomena lingua-felis,Homalomena,,f,f,,,,,,,,1,42,35,"Sumatera: North Sumatra Province, South Tapanuli Regency, Batang Toru, c. 100 m",98,48,50,,,,,,N,,,,,,,,,30057762-2,PhytoKeys,urn:lsid:ipni.org:publications:20011997-1,2026,2026 [2 Mar 2026],[2 Mar 2026],"A.S.D.Irsyam, Raynalta & M.R.Hariri",spec.,PhytoKeys 271: 164. 2026 [2 Mar 2026] ,,"doi:10.3897/phytokeys.271.172410 [english] Etymology: 'The specific epithet lingua-felis is derived from the Latin lingua (tongue) and feles (cat), in reference to the characteristic texture of the leaf surface, which bears a resemblance to the rough surface of a feline tongue'.",,,11,lingua-felis,,,f,t,,holotype FIPIA DEP100;isotype BO,,,,,Raynalta@20045033-1@2@aut$M.R.Hariri@20072206-1@3@aut$A.S.D.Irsyam@20072205-1@1@aut,,,tax. nov.,,1.3,f,homalomena~lingua-felis,araceaehomalomena~lingua-felis~,5,wfo-1000088948,,species,,,,,PhytoKeys 271: 164 (2026),https://www.ipni.org/n/77377370-1,IPNI record: 77377370-1
urn:lsid:ipni.org:names:77377371-1,"X.G.Ma, H.Sun & D.Q.Huang",,,,,,744(1): 57,,22,,9,,MXG23-81,2023,,X.G.Ma &amp; D.Q.Huang,,,02/03/2026 10:00,02/03/2026 10:00,"Sichuan (China South-Central, China, Asia-Temperate)",E,Alliaceae,Allium pinifolium,Allium pinifolium,Allium,,f,f,,,,,,,,28,48,16,"Ganzi Prefecture, Xiangcheng County, Qingde Town, near Rendui Village, 3498 m",99,52,33,,,,,,N,,,,,,,,,30000901-2,Phytotaxa,urn:lsid:ipni.org:publications:20011462-1,2026,2026 [2 Mar 2026],[2 Mar 2026],"X.G.Ma, H.Sun & D.Q.Huang",spec.,Phytotaxa 744(1): 57. 2026 [2 Mar 2026] ,,"doi:10.11646/phytotaxa.744.1.4 Etymology: 'The specific epithet 'pinifolium' refers to the needle-like leaves that resemble pine needles, along with its habitat of growing under pine forests.'",,,11,pinifolium,,,f,t,,holotype KUN;isotype CDBI,,,,,D.Q.Huang@20026329-1@3@aut$H.Sun@37506-1@2@aut$X.G.Ma@20024840-1@1@aut,,,tax. nov.,,1.1,f,allium~pinifolium,alliaceaeallium~pinifolium~,6,wfo-1000088949,,species,,,,,Phytotaxa 744(1): 57 (2026),https://www.ipni.org/n/77377371-1,IPNI record: 77377371-1
urn:lsid:ipni.org:names:77377372-1,Beck,,,,,,2(2): 1261,,,,,,,,,,,,02/03/2026 10:00,03/03/2026 16:03,,,Asteraceae,Centaurea × michaeli,Centaurea × michaeli,Centaurea,,t,f,"190753-1,191676-1",(Centaurea jacea L. × Centaurea stenolepis Kern.),,,,,,,,,,,,,,,,,,,,,,,,,,,330045-2,Fl. Nieder-Österreich,urn:lsid:ipni.org:publications:7976-2,1893,1893,,Beck,spec.,Fl. Nieder-Österreich 2(2): 1261. 1893 ,,doi:10.5962/bhl.title.9986,,,8,michaeli,,,f,t,,,,,,,Beck@12341-1@1@aut,,,tax. nov.,,1.3,f,centaurea~michaeli,asteraceaecentaurea~michaeli~,7,wfo-1000088950,,species,,,,,Fl. Nieder-Österreich 2(2): 1261 (1893),https://www.ipni.org/n/77377372-1,IPNI record: 77377372-1
urn:lsid:ipni.org:names:77377373-1,"H.Sun, X.G.Ma & D.Q.Huang",,,,,,744(1): 57,,21,,9,,MXG23-79,2023,,X.G.Ma &amp; D.Q.Huang,,,02/03/2026 10:07,02/03/2026 10:07,"Yunnan (China South-Central, China, Asia-Temperate)",E,Alliaceae,Allium wuzhengyii,Allium wuzhengyii,Allium,,f,f,,,,,,,,27,35,36,"Diqing Zang Aut. Pref., Shangri-la City, Xiaozhongdian Town, near Lazaquka, 3383 m",99,50,15,,,,,,N,,,,,,,,,30000901-2,Phytotaxa,urn:lsid:ipni.org:publications:20011462-1,2026,2026 [2 Mar 2026],[2 Mar 2026],"H.Sun, X.G.Ma & D.Q.Huang",spec.,Phytotaxa 744(1): 57. 2026 [2 Mar 2026] ,,"doi:10.11646/phytotaxa.744.1.4 Etymology: the specific epithet is named after Prof. Zhengyi Wu, a Chinese botanist.",,,11,wuzhengyii,,,f,t,,holotype KUN;isotype CDBI,,,,,H.Sun@37506-1@1@aut$D.Q.Huang@20026329-1@3@aut$X.G.Ma@20024840-1@2@aut,,,tax. nov.,,1.1,f,allium~wuzhengyii,alliaceaeallium~wuzhengyii~,8,wfo-1000088951,,species,,,,,Phytotaxa 744(1): 57 (2026),https://www.ipni.org/n/77377373-1,IPNI record: 77377373-1
urn:lsid:ipni.org:names:77377374-1,D.Q.Huang & N.Friesen,,,,,,744(1): 56,,,,,,,,,,,,02/03/2026 10:22,02/03/2026 10:59,,,Alliaceae,Allium subgen. Alpinoprasum,Allium subgen. Alpinoprasum,Allium,,f,f,,,,alpinoprasum,,,,,,,,,,,,,,,,,,,,,,,,,30000901-2,Phytotaxa,urn:lsid:ipni.org:publications:20011462-1,2026,2026 [2 Mar 2026],[2 Mar 2026],D.Q.Huang & N.Friesen,subgen.,Phytotaxa 744(1): 56. 2026 [2 Mar 2026] ,,doi:10.11646/phytotaxa.744.1.4 [english],,,8,,,,f,t,,,Allium sikkimense sensu Baker,,,,N.Friesen@34694-1@2@aut$D.Q.Huang@20026329-1@1@aut,,,tax. nov.,,1.3,f,alliumalpinoprasum,alliaceaealliumalpinoprasum~~,9,wfo-1000088952,,subgenus,,,,,Phytotaxa 744(1): 56 (2026),https://www.ipni.org/n/77377374-1,IPNI record: 77377374-1
urn:lsid:ipni.org:names:77377375-1,D.Q.Huang & N.Friesen,,,,,,744(1): 50,,,,,,,,,,,,02/03/2026 10:26,02/03/2026 10:56,,,Alliaceae,Allium sect. Alpinoprasum,Allium sect. Alpinoprasum,Allium,,f,f,,,,alpinoprasum,,,,,,,,,,,,,,,,,,,,,,,,,30000901-2,Phytotaxa,urn:lsid:ipni.org:publications:20011462-1,2026,2026 [2 Mar 2026],[2 Mar 2026],D.Q.Huang & N.Friesen,sect.,Phytotaxa 744(1): 50. 2026 [2 Mar 2026] ,,"doi:10.11646/phytotaxa.744.1.4 [english] Etymology: 'The epithet 'Alpinoprasum', derived from the Latin alpinus (alpine regions) and the Greek prason (leek), refers specifically to its high-altitude habitat preference'.",,,8,,,,f,t,,,Allium sikkimense sensu Baker (1874),,,,N.Friesen@34694-1@2@aut$D.Q.Huang@20026329-1@1@aut,,,tax. nov.,,1.3,f,alliumalpinoprasum,alliaceaealliumalpinoprasum~~,10,wfo-1000089225,,section,,,,,Phytotaxa 744(1): 50 (2026),https://www.ipni.org/n/77377375-1,IPNI record: 77377375-1
urn:lsid:ipni.org:names:77377376-1,Manzan. & N.Jaram.,,,,,,744(1): 97,,23,,3,,1883,2024,,"N.Jaramillo, G.Pinta &amp; F.Castillo",,,02/03/2026 10:36,02/03/2026 10:36,"Ecuador (Western South America, Southern America)",W,Bromeliaceae,Guzmania tapichalacaensis,Guzmania tapichalacaensis,Guzmania,,f,f,,,,,,,,4,28,,"Province of Zamora-Chinchipe, cantón Palanda, Valladolid, Reserva Tapichalaca-Fundación Jocotoco, path from Páramo to Cordillera de Sabanilla (airplane wreckage)",79,9,,,,,,,S,,,,,,,,,326846-2,Phytotaxa,urn:lsid:ipni.org:publications:20011462-1,2026,2026 [2 Mar 2026],[2 Mar 2026],Manzan. & N.Jaram.,spec.,Phytotaxa 744(1): 97. 2026 [2 Mar 2026] ,,doi:10.11646/phytotaxa.744.1.8 Etymology: the specific epithet is named for the type locality.,,,11,tapichalacaensis,,,f,t,,holotype LOJA,,,,,N.Jaram.@20040127-1@2@aut$Manzan.@39076-1@1@aut,,,tax. nov.,,1.1,f,guzmania~tapichalacaensis,bromeliaceaeguzmania~tapichalacaensis~,11,wfo-1000088953,,species,,,,,Phytotaxa 744(1): 97 (2026),https://www.ipni.org/n/77377376-1,IPNI record: 77377376-1
urn:lsid:ipni.org:names:77377377-1,(L.) Bertol.,Apiaceae Oenanthe globulosa L.,(L.),845288-1,,,3: 231,,,,,,,,,,,,02/03/2026 11:01,02/03/2026 11:01,,,Apiaceae,Phellandrium globulosum,Phellandrium globulosum,Phellandrium,,f,f,,,,,,,,,,,,,,,,,,,,,,,,,,,,,40375-1,Fl. Ital. [Bertoloni],urn:lsid:ipni.org:publications:3633-2,1837,1837 [Nov 1837],[Nov 1837],Bertol.,spec.,Fl. Ital. [Bertoloni] 3: 231. 1837 [Nov 1837] ,,,,,11,globulosum,,,f,t,,,,,,,Bertol.@16042-1@1@aut$L.@12653-1@2@bas,,,comb. nov.,,1.1,f,phellandrium~globulosum,apiaceaephellandrium~globulosum~,12,wfo-1000089224,,species,,,,,Fl. Ital. [Bertoloni] 3: 231 (1837),https://www.ipni.org/n/77377377-1,IPNI record: 77377377-1
urn:lsid:ipni.org:names:77377378-1,(Willd.) Gremli,Caryophyllaceae Silene livida Willd.,(Willd.),157700-1,,,97,,,,,,,,,,,,02/03/2026 11:56,02/03/2026 11:57,,,Caryophyllaceae,Silene nutans subsp. livida,Silene nutans subsp. livida,Silene,,f,f,,,,,livida,,,,,,,,,,,,,,,,,,,,,,,,157927-1,"Excursionsfl. Schweiz, Ed. 3.",urn:lsid:ipni.org:publications:20000187-1,1878,1878,,Gremli,subsp.,"Excursionsfl. Schweiz, Ed. 3. 97. 1878 ",,,,,11,nutans,L.,,f,t,,,,,,,Willd.@11692-1@2@bas$Gremli@12519-1@1@aut,L.@12653-1@1@aut,,comb. nov.,,1.2,f,silene~nutanslivida,caryophyllaceaesilene~nutanslivida,13,wfo-1200117770,,subspecies,,,,,"Excursionsfl. Schweiz, Ed. 3. 97 (1878)",https://www.ipni.org/n/77377378-1,IPNI record: 77377378-1
urn:lsid:ipni.org:names:77377379-1,"Rešetnik, Frajman & Schönsw.",,,,,,59-125730: 12,,13,,7,,14505,2016,,I.Rešetnik &amp; B.Frajman,,,02/03/2026 11:59,02/03/2026 14:41,"Bosnia-Herzegovina (Yugoslavia, Southeastern Europe, Europe)",E,Dipsacaceae,Knautia ehrendorferi,Knautia ehrendorferi,Knautia,,f,f,,,,,,,,44,10,53,"Bosna: Bosansko Grahovo, 877 m",16,22,3,,,,,,N,,,,,,,,,14314-1,Perspect. Pl. Ecol. Evol. Syst.,urn:lsid:ipni.org:publications:20011029-1,2023,2023 [3 Apr 2023],[3 Apr 2023],"Rešetnik, Frajman & Schönsw.",spec.,Perspect. Pl. Ecol. Evol. Syst. 59-125730: 12. 2023 [3 Apr 2023] ,,"doi:10.1016/j.ppees.2023.125730 [english] Etymology: 'named after Friedrich Ehrendorfer (*1927), a Viennese botanist'.",,,11,ehrendorferi,,,f,t,,holotype ZA 75446;isotype CNHM;isotype SARA;isotype IB 113536;isotype ZAGR 75523;isotype W 0216260,,,,,Frajman@20015788-1@2@aut$Rešetnik@20025510-1@1@aut$Schönsw.@20015657-1@3@aut,,,tax. nov.,,1.3,f,knautia~ehrendorferi,dipsacaceaeknautia~ehrendorferi~,14,wfo-1000088954,,species,,,,,Perspect. Pl. Ecol. Evol. Syst. 59-125730: 12 (2023),https://www.ipni.org/n/77377379-1,IPNI record: 77377379-1
urn:lsid:ipni.org:names:77377380-1,J.L.Clark,,,,,,271: 176,,9,,3,,14803,2016,,"J.L.Clark, J.A.Mayr &amp; D.A.Neill",,,02/03/2026 13:20,04/03/2026 14:16,"Ecuador (Western South America, Southern America)",W,Gesneriaceae,Glossoloma jostii,Glossoloma jostii,Glossoloma,,f,f,,,,,,,,1,26,27,"Tungurahua: Cantón Baños, parroquia Río Verde, Bosque Protector Cerro Candelaria (Fundación EcoMinga), upper Pastaza watershed, high ridgeline above canyon, 2200–2664 m",78,18,11,,,,,,S,,,,,,,,,30352333-2,PhytoKeys,urn:lsid:ipni.org:publications:20011997-1,2026,2026 [4 Mar 2026],[4 Mar 2026],J.L.Clark,spec.,PhytoKeys 271: 176. 2026 [4 Mar 2026] ,,"doi:10.3897/phytokeys.271.181141 [english] Etymology: 'The specific epithet honors Lou Jost, botanist, conservationist, self-taught mathematical biologist, and co-founder of the EcoMinga Foundation. His efforts have been instrumental in protecting montane forests...'.",,,11,jostii,,,f,t,,holotype QCA;isotype E;isotype ECUAMZ;isotype G;isotype MO;isotype NY;isotype SEL SEL089267;isotype US,,,,,J.L.Clark@39372-1@1@aut,,,tax. nov.,,1.3,f,glossoloma~jostii,gesneriaceaeglossoloma~jostii~,15,wfo-1000088955,,species,,,,,PhytoKeys 271: 176 (2026),https://www.ipni.org/n/77377380-1,IPNI record: 77377380-1
urn:lsid:ipni.org:names:77377381-1,J.L.Clark,,,,,,271: 179,,9,,3,,14812,2016,,"J.L.Clark, J.A.Mayr &amp; D.A.Neill",,,02/03/2026 13:22,04/03/2026 14:27,"Ecuador (Western South America, Southern America)",W,Gesneriaceae,Glossoloma puroanum,Glossoloma puroanum,Glossoloma,,f,f,,,,,,,,1,26,27,"Tungurahua: Cantón Baños, parroquia Río Verde, Bosque Protector Cerro Candelaria (Fundación EcoMinga), upper Pastaza watershed, high ridgeline above canyon, 2200–2664 m",78,18,11,Termination of specific epithet amended as per Art. 23.5. ICN (2025).,,,,,S,,,,,,,,,30352333-2,PhytoKeys,urn:lsid:ipni.org:publications:20011997-1,2026,2026 [4 Mar 2026],[4 Mar 2026],J.L.Clark,spec.,"PhytoKeys 271: 179. 2026 [4 Mar 2026] , as 'puroana'",", as 'puroana'","doi:10.3897/phytokeys.271.181141 [english] Etymology: 'The specific epithet honors Puro Coffee (UK), founded by Andy Orchard'.",,,12,puroanum,,,f,t,,holotype QCA;isotype ECUAMZ;isotype G;isotype MO;isotype NY;isotype SEL SEL089280;isotype US,,,,,J.L.Clark@39372-1@1@aut,,,tax. nov.,,1.3,f,glossoloma~puroanum,gesneriaceaeglossoloma~puroanum~,16,wfo-1000088956,,species,,,,,PhytoKeys 271: 179 (2026),https://www.ipni.org/n/77377381-1,IPNI record: 77377381-1
urn:lsid:ipni.org:names:77377382-1,J.L.Clark,,,,,,271: 181,,9,,3,,14818,2016,,"J.L.Clark, J.A.Mayr &amp; D.A.Neill",,,02/03/2026 13:24,04/03/2026 14:34,"Ecuador (Western South America, Southern America)",W,Gesneriaceae,Glossoloma recaldeorum,Glossoloma recaldeorum,Glossoloma,,f,f,,,,,,,,1,26,27,"Tungurahua: Canton Baños, parroquia Río Verde, Bosque Protector Cerro Candelaria (Fundación EcoMinga), upper Pastaza watershed, high ridgeline above canyon, 2200–2664 m",78,18,11,,,,,,S,,,,,,,,,30352333-2,PhytoKeys,urn:lsid:ipni.org:publications:20011997-1,2026,2026 [4 Mar 2026],[4 Mar 2026],J.L.Clark,spec.,PhytoKeys 271: 181. 2026 [4 Mar 2026] ,,"doi:10.3897/phytokeys.271.181141 [english] Etymology: 'The specific epithet honors the Recalde family of El Placer, the nearest community to the location of the species described here'.",,,11,recaldeorum,,,f,t,,holotype QCA;isotype CAS;isotype E;isotype G;isotype ECUAMZ;isotype MO;isotype NY;isotype SEL;isotype US,,,,,J.L.Clark@39372-1@1@aut,,,tax. nov.,,1.3,f,glossoloma~recaldeorum,gesneriaceaeglossoloma~recaldeorum~,17,wfo-1000088957,,species,,,,,PhytoKeys 271: 181 (2026),https://www.ipni.org/n/77377382-1,IPNI record: 77377382-1
urn:lsid:ipni.org:names:77377383-1,O.Berg,,,,,,27(11): 204,,,,,,,,,,,,02/03/2026 14:55,02/03/2026 15:15,,,Myrtaceae,Eugenia sect. Umbellatae,Eugenia sect. Umbellatae,Eugenia,,f,f,,,,umbellatae,,,,,,,,,,,,,,,,,,,,,,,,,326088-2,Linnaea,urn:lsid:ipni.org:publications:703-2,1854,1854,,O.Berg,sect.,Linnaea 27(11): 204. 1854 ,,,,,8,,,,f,t,,,Eugenia umbellata DC.,,,,O.Berg@677-1@1@aut,,,tax. nov.,,1.3,f,eugeniaumbellatae,myrtaceaeeugeniaumbellatae~~,18,wfo-1200110727,,section,,,,,Linnaea 27(11): 204 (1854),https://www.ipni.org/n/77377383-1,IPNI record: 77377383-1
urn:lsid:ipni.org:names:77377384-1,Jim.Mejías & M.Escudero,,,,,,[early view]: [12 of 39],,6,,10,,21PERPJM21,2021,,"P.Jiménez-Mejías, P.García-Moro &amp; R.M.Gonzales Tiburcio",,,02/03/2026 15:34,02/03/2026 15:34,"Peru (Western South America, Southern America)",W,Cyperaceae,Carex canoi,Carex canoi,Carex,,f,f,,,,,,,,6,56,5,"Cajamarca, Carretera de Cajamarca a la Apalina, 3721 m",78,33,49,,,,,,S,,,,,,,,,330029-2,Bot. J. Linn. Soc.,urn:lsid:ipni.org:publications:1172-2,2025,2025 [31 Oct 2025],[31 Oct 2025],Jim.Mejías & M.Escudero,spec.,Bot. J. Linn. Soc. [early view]: [12 of 39]. 2025 [31 Oct 2025] ,,"doi:10.1093/botlinnean/boaf097 Etymology: 'The epithet canoi honours to the Dr Asunción Cano Echevarría, botanist and professor at Universidad Nacional Mayor de San Marcos'.",,,11,canoi,,,f,t,,holotype UPOS;isotype LEB;isotype USM,,,,,Jim.Mejías@20015694-1@1@aut$M.Escudero@20015526-1@2@aut,,,tax. nov.,,1.1,f,carex~canoi,cyperaceaecarex~canoi~,19,wfo-1000088958,,species,,,,,Bot. J. Linn. Soc. [early view]: [12 of 39] (2025),https://www.ipni.org/n/77377384-1,IPNI record: 77377384-1
urn:lsid:ipni.org:names:77377385-1,"Jim.Mejías, Lois, Acedo & A.Cano",,,,,,[early view]: [26 of 39],,24,,11,,11332,1950,,R.E.Schultes,,,02/03/2026 16:23,03/03/2026 11:50,"Colombia (Western South America, Southern America);Ecuador (Western South America, Southern America);Peru (Western South America, Southern America);Venezuela (Northern South America, Southern America);",,Cyperaceae,Carex colombiana,Carex colombiana,Carex,,f,f,,,,,,,,,,,"Colombia: Cundinamarca, Macizo de Bogotá, Quebrada de las Delicias",,,,,,,,,,,,,,,,,,330029-2,Bot. J. Linn. Soc.,urn:lsid:ipni.org:publications:1172-2,2025,2025 [31 Oct 2025],[31 Oct 2025],"Jim.Mejías, Lois, Acedo & A.Cano",spec.,Bot. J. Linn. Soc. [early view]: [26 of 39]. 2025 [31 Oct 2025] ,,"doi:10.1093/botlinnean/boaf097 Etymology: 'The epithet colombiana is here coined to make a double dedication. On the one hand, we want to honour the country of Colombia...On the other hand, we commemorate Christopher Columbus (known as Cristóbal Colón in Spanish)...'.",,,11,colombiana,,,f,t,,holotype MO 3094808;isotype GH,,,,,Jim.Mejías@20015694-1@1@aut$Lois@20057215-1@2@aut$A.Cano@20017737-1@4@aut$Acedo@34824-1@3@aut,,,tax. nov.,,1.3,f,carex~colombiana,cyperaceaecarex~colombiana~,20,wfo-1000088959,,species,,,,,Bot. J. Linn. Soc. [early view]: [26 of 39] (2025),https://www.ipni.org/n/77377385-1,IPNI record: 77377385-1
urn:lsid:ipni.org:names:77377386-1,"Lois, Jim.Mejías, Acedo, S.González & Reznicek",,,,,,[early view]: [21 of 39],,24,,12,,,1975,,A.A.Reznicek &amp; D.R.Gregory,,,02/03/2026 16:23,02/03/2026 17:03,"Oaxaca (Mexico Southwest, Mexico, Northern America);Veracruz (Mexico Gulf, Mexico, Northern America);",,Cyperaceae,Carex artoriasii,Carex artoriasii,Carex,,f,f,,,,,,,,,,,"Oaxaca: along Mex. Hwy. 175, 30.5 miles north-east of Guelatao, 3048 m",,,,,,,,,,,,,,,,,,330029-2,Bot. J. Linn. Soc.,urn:lsid:ipni.org:publications:1172-2,2025,2025 [31 Oct 2025],[31 Oct 2025],"Lois, Jim.Mejías, Acedo, S.González & Reznicek",spec.,Bot. J. Linn. Soc. [early view]: [21 of 39]. 2025 [31 Oct 2025] ,,"doi:10.1093/botlinnean/boaf097 Etymology: 'The specific epithet artoriasii honours the human struggle against the concept of darkness...embodied by Artorias, the Abysswalker, a character from the video game Dark Souls'.",,,10,artoriasii,,,f,t,,holotype MICH 1133081,,,,,Acedo@34824-1@3@aut$Lois@20057215-1@1@aut$Jim.Mejías@20015694-1@2@aut$Reznicek@25540-1@5@aut$S.González@19475-1@4@aut,,,tax. nov.,,1.3,f,carex~artoriasii,cyperaceaecarex~artoriasii~,21,wfo-1000088960,,species,,,,,Bot. J. Linn. Soc. [early view]: [21 of 39] (2025),https://www.ipni.org/n/77377386-1,IPNI record: 77377386-1
urn:lsid:ipni.org:names:77377387-1,"Lois, Jim.Mejías, Acedo, S.González & Reznicek",,,,,,[early view]: [22 of 39],,11,,7,,10518,1997,,"S.González, M.González, M.Pinedo &amp; A.A.Reznicek",,,02/03/2026 16:23,02/03/2026 17:09,"Chiapas (Mexico Southeast, Mexico, Northern America);Honduras (Central America, Southern America);",W,Cyperaceae,Carex aureochiapensis,Carex aureochiapensis,Carex,,f,f,,,,,,,,16,54,47,"Chiapas: Mpio. Larrainzar, km 22 along road between San Andrés Larrainzar and Puerto Cato, 1890 m",92,45,9,,,,,,N,,,,,,,,,330029-2,Bot. J. Linn. Soc.,urn:lsid:ipni.org:publications:1172-2,2025,2025 [31 Oct 2025],[31 Oct 2025],"Lois, Jim.Mejías, Acedo, S.González & Reznicek",spec.,Bot. J. Linn. Soc. [early view]: [22 of 39]. 2025 [31 Oct 2025] ,,"doi:10.1093/botlinnean/boaf097 Etymology: 'The specific epithet aureochiapensis is derived from Latin, combining aureo meaning 'golden' and chiapensis referring to Chiapas, the main region this species inhabits. This name highlights both the geographic origin of the species and the golden hue of its glumes, which bear a striking resemblance to a metallic gold colour'.",,,11,aureochiapensis,,,f,t,,holotype MICH 1132511;isotype CIIDIR;isotype MEXU,,,,,Acedo@34824-1@3@aut$Lois@20057215-1@1@aut$Jim.Mejías@20015694-1@2@aut$S.González@19475-1@4@aut$Reznicek@25540-1@5@aut,,,tax. nov.,,1.3,f,carex~aureochiapensis,cyperaceaecarex~aureochiapensis~,22,wfo-1000088961,,species,,,,,Bot. J. Linn. Soc. [early view]: [22 of 39] (2025),https://www.ipni.org/n/77377387-1,IPNI record: 77377387-1
urn:lsid:ipni.org:names:77377388-1,"Lois, Jim.Mejías, Acedo, S.González & Reznicek",,,,,,[early view]: [25 of 39],,18,,7,,10540,1997,,"S.González, M.Pinedo &amp; A.A.Reznicek",,,02/03/2026 16:23,02/03/2026 17:21,"Oaxaca (Mexico Southwest, Mexico, Northern America)",W,Cyperaceae,Carex catrina,Carex catrina,Carex,,f,f,,,,,,,,17,17,31,"Distrito Juxtlahuaca, along road between Juxtlahuaca and San Martín Peras, c.1 km of junction with road to Coicoyan de las Flores, 2735 m",98,10,50,,,,,,N,,,,,,,,,330029-2,Bot. J. Linn. Soc.,urn:lsid:ipni.org:publications:1172-2,2025,2025 [31 Oct 2025],[31 Oct 2025],"Lois, Jim.Mejías, Acedo, S.González & Reznicek",spec.,Bot. J. Linn. Soc. [early view]: [25 of 39]. 2025 [31 Oct 2025] ,,"doi:10.1093/botlinnean/boaf097 Etymology: 'The specific epithet catrina honours La Catrina, a prominent figure in Mexican culture that represents death with elegance and humour. This name pays tribute to the traditional Día de los Muertos celebration, where La Catrina serves as a symbol of the cycle of life and death. The spikes of C. catrina resemble bony fingers, echoing the skeletal aesthetic associated with La Catrina'.",,,11,catrina,,,f,t,,holotype MICH 1133137;isotype CIIDIR;isotype MEXU,,,,,Lois@20057215-1@1@aut$Acedo@34824-1@3@aut$Jim.Mejías@20015694-1@2@aut$S.González@19475-1@4@aut$Reznicek@25540-1@5@aut,,,tax. nov.,,1.3,f,carex~catrina,cyperaceaecarex~catrina~,23,wfo-1000088962,,species,,,,,Bot. J. Linn. Soc. [early view]: [25 of 39] (2025),https://www.ipni.org/n/77377388-1,IPNI record: 77377388-1
urn:lsid:ipni.org:names:77377389-1,"Lois, Jim.Mejías, Acedo, S.González & Reznicek",,,,,,[early view]: [31 of 39],,19,,3,,39105,1977,,T.B.Croat,,,02/03/2026 16:23,03/03/2026 12:03,"Costa Rica (Central America, Southern America);Honduras (Central America, Southern America);Nicaragua (Central America, Southern America);",W,Cyperaceae,Carex mesoamericana,Carex mesoamericana,Carex,,f,f,,,,,,,,11,49,51,"Nicaragua: Granada, upper slopes of Volcan Mombaccho along W shore of lake Nicaragua c. 15 km. S of Granada, 1100–1200 m",85,55,18,,,,,,N,,,,,,,,,330029-2,Bot. J. Linn. Soc.,urn:lsid:ipni.org:publications:1172-2,2025,2025 [31 Oct 2025],[31 Oct 2025],"Lois, Jim.Mejías, Acedo, S.González & Reznicek",spec.,Bot. J. Linn. Soc. [early view]: [31 of 39]. 2025 [31 Oct 2025] ,,"doi:10.1093/botlinnean/boaf097 Etymology: 'The epithet mesoamericana refers to Central America, from the Greek meso-, middle'.",,,11,mesoamericana,,,f,t,,holotype MO 2915774,,,,,S.González@19475-1@4@aut$Acedo@34824-1@3@aut$Lois@20057215-1@1@aut$Jim.Mejías@20015694-1@2@aut$Reznicek@25540-1@5@aut,,,tax. nov.,,1.3,f,carex~mesoamericana,cyperaceaecarex~mesoamericana~,24,wfo-1000088963,,species,,,,,Bot. J. Linn. Soc. [early view]: [31 of 39] (2025),https://www.ipni.org/n/77377389-1,IPNI record: 77377389-1
urn:lsid:ipni.org:names:77377390-1,"Jim.Mejías, Lois & Acedo",,,,,,[early view]: [24 of 39],,15,,4,,62091,1945,,Julian A.Steyermark,,,02/03/2026 16:23,02/03/2026 17:16,"Colombia (Western South America, Southern America);Venezuela (Northern South America, Southern America);",,Cyperaceae,Carex caribea,Carex caribea,Carex,,f,f,,,,,,,,,,,"Venezuela: Monagas, Cerro Negro, above La Sabana de las Piedras, north-west of Caripe, 1500–2800 m",,,,,,,,,,,,,,,,,,330029-2,Bot. J. Linn. Soc.,urn:lsid:ipni.org:publications:1172-2,2025,2025 [31 Oct 2025],[31 Oct 2025],"Jim.Mejías, Lois & Acedo",spec.,Bot. J. Linn. Soc. [early view]: [24 of 39]. 2025 [31 Oct 2025] ,,doi:10.1093/botlinnean/boaf097 Etymology: 'The epithet caribea is a reference to the Caribbean Mountain range'.,,,11,caribea,,,f,t,,holotype F 1266167;isotype US 1933671,,,,,Acedo@34824-1@3@aut$Jim.Mejías@20015694-1@1@aut$Lois@20057215-1@2@aut,,,tax. nov.,,1.3,f,carex~caribea,cyperaceaecarex~caribea~,25,wfo-1000088964,,species,,,,,Bot. J. Linn. Soc. [early view]: [24 of 39] (2025),https://www.ipni.org/n/77377390-1,IPNI record: 77377390-1
urn:lsid:ipni.org:names:77377391-1,"Jim.Mejías, Lois, García-Moro, Martín-Bravo & A.Cano",,,,,,[early view]: [18 of 39],,20,,9,,126SMB21,2021,,"S.Martín-Bravo, P.García-Moro, R.M.Gonzalez Tiburcio &amp; P.Jiménez-Mejías",,,02/03/2026 16:23,02/03/2026 16:32,"Peru (Western South America, Southern America)",W,Cyperaceae,Carex pachacutecii,Carex pachacutecii,Carex,,f,f,,,,,,,,13,12,,"Cusco, Calca, subida al Abra de Lares, 4330 m",71,56,,,,,,,S,,,,,,,,,330029-2,Bot. J. Linn. Soc.,urn:lsid:ipni.org:publications:1172-2,2025,2025 [31 Oct 2025],[31 Oct 2025],"Jim.Mejías, Lois, García-Moro, Martín-Bravo & A.Cano",spec.,Bot. J. Linn. Soc. [early view]: [18 of 39]. 2025 [31 Oct 2025] ,,"doi:10.1093/botlinnean/boaf097 Etymology: 'derived from the much admired Inca Pachacútec, known for his remarkable leadership and transformative impact on the Inca Empire during the 15th century'.",,,11,pachacutecii,,,f,t,,holotype UPOS;isotype LEB;isotype MA;isotype MICH;isotype USM,,,,,Jim.Mejías@20015694-1@1@aut$Lois@20057215-1@2@aut$García-Moro@20050944-1@3@aut$Martín-Bravo@20020154-1@4@aut$A.Cano@20017737-1@5@aut,,,tax. nov.,,1.3,f,carex~pachacutecii,cyperaceaecarex~pachacutecii~,26,wfo-1000088965,,species,,,,,Bot. J. Linn. Soc. [early view]: [18 of 39] (2025),https://www.ipni.org/n/77377391-1,IPNI record: 77377391-1
urn:lsid:ipni.org:names:77377392-1,"Jim.Mejías, Lois, Acedo & A.Cano",,,,,,[early view]: [20 of 39],,1,,10,,213SMB21,2021,,"S.Martín-Bravo, P.García-Moro, R.M.Gonzales Tiburcio &amp; P.Jiménez-Mejías",,,02/03/2026 16:23,02/03/2026 16:37,"Ecuador (Western South America, Southern America);Peru (Western South America, Southern America);",W,Cyperaceae,Carex regina,Carex regina,Carex,,f,f,,,,,,,,9,9,,"Peru: Ancash, Cordillera Blanca Huascarán National Park, 2875 m",77,43,,,,,,,S,,,,,,,,,330029-2,Bot. J. Linn. Soc.,urn:lsid:ipni.org:publications:1172-2,2025,2025 [31 Oct 2025],[31 Oct 2025],"Jim.Mejías, Lois, Acedo & A.Cano",spec.,Bot. J. Linn. Soc. [early view]: [20 of 39]. 2025 [31 Oct 2025] ,,"doi:10.1093/botlinnean/boaf097 Etymology: 'The epithet regina, queen, refers to the plant's prominence, as evidenced by its large and gigantic inflorescence'.",,,11,regina,,,f,t,,holotype UPOS;isotype LEB,,,,,Acedo@34824-1@3@aut$Jim.Mejías@20015694-1@1@aut$Lois@20057215-1@2@aut$A.Cano@20017737-1@4@aut,,,tax. nov.,,1.3,f,carex~regina,cyperaceaecarex~regina~,27,wfo-1000088966,,species,,,,,Bot. J. Linn. Soc. [early view]: [20 of 39] (2025),https://www.ipni.org/n/77377392-1,IPNI record: 77377392-1
urn:lsid:ipni.org:names:77377393-1,Reznicek & S.González,,,,,,[early view]: [23 of 39],,23,,7,,26258,1972,,D.E.Breedlove,,,02/03/2026 16:23,02/03/2026 17:13,"Chiapas (Mexico Southeast, Mexico, Northern America)",,Cyperaceae,Carex breedlovei,Carex breedlovei,Carex,,f,f,,,,,,,,,,,"Cerro Huitepec (Muk'ts vits), west of San Cristóbal de Las Casas, 2700 m",,,,,,,,,,,,,,,,,,330029-2,Bot. J. Linn. Soc.,urn:lsid:ipni.org:publications:1172-2,2025,2025 [31 Oct 2025],[31 Oct 2025],Reznicek & S.González,spec.,Bot. J. Linn. Soc. [early view]: [23 of 39]. 2025 [31 Oct 2025] ,,"doi:10.1093/botlinnean/boaf097 Etymology: 'In honour of Dennis E. Breedlove (1939–2012), botanist, anthropologist and professor at the California Academy of Sciences'.",,,11,breedlovei,,,f,t,,holotype MICH 1431324;isotype ENCB;isotype LL;isotype NY,,,,,S.González@19475-1@2@aut$Reznicek@25540-1@1@aut,,,tax. nov.,,1.3,f,carex~breedlovei,cyperaceaecarex~breedlovei~,28,wfo-1000088967,,species,,,,,Bot. J. Linn. Soc. [early view]: [23 of 39] (2025),https://www.ipni.org/n/77377393-1,IPNI record: 77377393-1
urn:lsid:ipni.org:names:77377394-1,"Lois, Jim.Mejías, Acedo, S.González & Reznicek",,,,,,[early view]: [27 of 39],,25,,3,,10062,1949,,R.McVaugh,,,02/03/2026 16:23,03/03/2026 11:54,"Guerrero (Mexico Southwest, Mexico, Northern America);Jalisco (Mexico Southwest, Mexico, Northern America);",,Cyperaceae,Carex comolaflor,Carex comolaflor,Carex,,f,f,,,,,,,,,,,"Jalisco: North-western slopes of Nevado de Colima, 2600–2800 m",,,,,,,,,,,,,,,,,,330029-2,Bot. J. Linn. Soc.,urn:lsid:ipni.org:publications:1172-2,2025,2025 [31 Oct 2025],[31 Oct 2025],"Lois, Jim.Mejías, Acedo, S.González & Reznicek",spec.,Bot. J. Linn. Soc. [early view]: [27 of 39]. 2025 [31 Oct 2025] ,,"doi:10.1093/botlinnean/boaf097 Etymology: 'The epithet comolaflor derives from the iconic song 'Como la flor' (like the flower), from the singer Selena Quintanilla'.",,,11,comolaflor,,,f,t,,holotype MICH 1132465,,,,,Reznicek@25540-1@5@aut$Jim.Mejías@20015694-1@2@aut$Acedo@34824-1@3@aut$Lois@20057215-1@1@aut$S.González@19475-1@4@aut,,,tax. nov.,,1.3,f,carex~comolaflor,cyperaceaecarex~comolaflor~,29,wfo-1000088968,,species,,,,,Bot. J. Linn. Soc. [early view]: [27 of 39] (2025),https://www.ipni.org/n/77377394-1,IPNI record: 77377394-1
urn:lsid:ipni.org:names:77377395-1,"Lois, Jim.Mejías, Acedo, S.González & Reznicek",,,,,,[early view]: [32 of 39],,29,,10,,10742,1998,,S.González &amp; A.A.Reznicek,,,02/03/2026 16:23,03/03/2026 12:22,"Hidalgo (Mexico Northeast, Mexico, Northern America)",,Cyperaceae,Carex nahuatl,Carex nahuatl,Carex,,f,f,,,,,,,,,,,"Mpio. Tlanchinol, south-west of Huejutla de Reyes, 168.6 km along the road between Pachuca and Huejutla de Reyes (Hwy 105), 1470 m",,,,,,,,,,,,,,,,,,330029-2,Bot. J. Linn. Soc.,urn:lsid:ipni.org:publications:1172-2,2025,2025 [31 Oct 2025],[31 Oct 2025],"Lois, Jim.Mejías, Acedo, S.González & Reznicek",spec.,Bot. J. Linn. Soc. [early view]: [32 of 39]. 2025 [31 Oct 2025] ,,"doi:10.1093/botlinnean/boaf097 Etymology: 'The specific epithet nahuatl pays tribute to the Nahuatl people, who were and continue to be the predominant population in the region of Huejutla de Reyes, Hidalgo, from where this species has been described'.",,,11,nahuatl,,,f,t,,holotype MICH 1204164;isotype CIIDIR,,,,,Jim.Mejías@20015694-1@2@aut$S.González@19475-1@4@aut$Reznicek@25540-1@5@aut$Lois@20057215-1@1@aut$Acedo@34824-1@3@aut,,,tax. nov.,,1.3,f,carex~nahuatl,cyperaceaecarex~nahuatl~,30,wfo-1000088969,,species,,,,,Bot. J. Linn. Soc. [early view]: [32 of 39] (2025),https://www.ipni.org/n/77377395-1,IPNI record: 77377395-1
urn:lsid:ipni.org:names:77377396-1,"Lois, Reznicek, Jim.Mejías, S.González & Acedo",,,,,,[early view]: [31 of 39],,30,,4,,7776,1899,,C.G.Pringle,,,02/03/2026 16:23,03/03/2026 12:18,"Chiapas (Mexico Southeast, Mexico, Northern America);Costa Rica (Central America, Southern America);Honduras (Central America, Southern America);México State (Mexico Central, Mexico, Northern America);Michoacán (Mexico Southwest, Mexico, Northern America);Nicaragua (Central America, Southern America);Veracruz (Mexico Gulf, Mexico, Northern America);",,Cyperaceae,Carex mikasae,Carex mikasae,Carex,,f,f,,,,,,,,,,,"Veracruz: under spray of a waterfall in the barranca of Texolo, 2591 m",,,,,,,,,,,,,,,,,,330029-2,Bot. J. Linn. Soc.,urn:lsid:ipni.org:publications:1172-2,2025,2025 [31 Oct 2025],[31 Oct 2025],"Lois, Reznicek, Jim.Mejías, S.González & Acedo",spec.,Bot. J. Linn. Soc. [early view]: [31 of 39]. 2025 [31 Oct 2025] ,,"doi:10.1093/botlinnean/boaf097 Etymology: 'The specific epithet mikasae refers to the iconic fictional character Mikasa Ackerman from the anime Attack on Titan. She is one of the few female main characters of the story, and she is renowned for her bravery, resilience, and ability to confront formidable challenges'.",,,11,mikasae,,,f,t,,holotype LL;isotype ENCB 000621;isotype MEXU 2476;isotype P,,,,,Jim.Mejías@20015694-1@3@aut$Lois@20057215-1@1@aut$Reznicek@25540-1@2@aut$Acedo@34824-1@5@aut$S.González@19475-1@4@aut,,,tax. nov.,,1.3,f,carex~mikasae,cyperaceaecarex~mikasae~,31,wfo-1000088970,,species,,,,,Bot. J. Linn. Soc. [early view]: [31 of 39] (2025),https://www.ipni.org/n/77377396-1,IPNI record: 77377396-1
urn:lsid:ipni.org:names:77377397-1,"Lois, Jim.Mejías, Acedo, S.González & Reznicek",,,,,,[early view]: [33 of 39],,28,,3,,51164,1951,,E.C.Ogden &amp; C.L.Gilly,,,02/03/2026 16:23,03/03/2026 12:26,"Michoacán (Mexico Southwest, Mexico, Northern America)",,Cyperaceae,Carex purepecha,Carex purepecha,Carex,,f,f,,,,,,,,,,,"c. 6 km south of Uruapan, near road to Apatzingan, 1500 m",,,,,,,,,,,,,,,,,,330029-2,Bot. J. Linn. Soc.,urn:lsid:ipni.org:publications:1172-2,2025,2025 [31 Oct 2025],[31 Oct 2025],"Lois, Jim.Mejías, Acedo, S.González & Reznicek",spec.,Bot. J. Linn. Soc. [early view]: [33 of 39]. 2025 [31 Oct 2025] ,,"doi:10.1093/botlinnean/boaf097 Etymology: 'Purépecha is the denomination of the native people from Michoacán, also known as tarascos, State where the type material was found'.",,,11,purepecha,,,f,t,,holotype MICH 1132464,,,,,Reznicek@25540-1@5@aut$S.González@19475-1@4@aut$Acedo@34824-1@3@aut$Jim.Mejías@20015694-1@2@aut$Lois@20057215-1@1@aut,,,tax. nov.,,1.3,f,carex~purepecha,cyperaceaecarex~purepecha~,32,wfo-1000088971,,species,,,,,Bot. J. Linn. Soc. [early view]: [33 of 39] (2025),https://www.ipni.org/n/77377397-1,IPNI record: 77377397-1
urn:lsid:ipni.org:names:77377398-1,"Jim.Mejías, Lois & Reznicek",,,,,,[early view]: [34 of 39],,16,,3,,33440,1952,,Bassett Maguire,,,02/03/2026 16:23,03/03/2026 12:28,"Venezuela (Northern South America, Southern America)",,Cyperaceae,Carex tepuyana,Carex tepuyana,Carex,,f,f,,,,,,,,,,,"Bolívar, Gran Sabana, Ilu-Tepui, 1950–2350 m",,,,,,,,,,,,,,,,,,330029-2,Bot. J. Linn. Soc.,urn:lsid:ipni.org:publications:1172-2,2025,2025 [31 Oct 2025],[31 Oct 2025],"Jim.Mejías, Lois & Reznicek",spec.,Bot. J. Linn. Soc. [early view]: [34 of 39]. 2025 [31 Oct 2025] ,,"doi:10.1093/botlinnean/boaf097 Etymology: 'The epithet tepuyana is a reference to the geological formations called tepuys, with high vertical walls but mostly flat on its summits, characteristic to the Guianan Massif from Venezuela and Guyana'.",,,11,tepuyana,,,f,t,,holotype NY,,,,,Lois@20057215-1@2@aut$Jim.Mejías@20015694-1@1@aut$Reznicek@25540-1@3@aut,,,tax. nov.,,1.3,f,carex~tepuyana,cyperaceaecarex~tepuyana~,33,wfo-1000088972,,species,,,,,Bot. J. Linn. Soc. [early view]: [34 of 39] (2025),https://www.ipni.org/n/77377398-1,IPNI record: 77377398-1
urn:lsid:ipni.org:names:77377399-1,"Lois, Jim.Mejías, Acedo, S.González & Reznicek",,,,,,[early view]: [37 of 39],,15,,7,,10526,1997,,"S.González, M.Pinedo &amp; A.A.Reznicek",,,02/03/2026 16:23,03/03/2026 12:36,"Veracruz (Mexico Gulf, Mexico, Northern America)",W,Cyperaceae,Carex tuxtleca,Carex tuxtleca,Carex,,f,f,,,,,,,,18,33,26,"Mpio. San Andrés Tuxtla, volcán San Martín, 1650 m",95,12,9,,,,,,N,,,,,,,,,330029-2,Bot. J. Linn. Soc.,urn:lsid:ipni.org:publications:1172-2,2025,2025 [31 Oct 2025],[31 Oct 2025],"Lois, Jim.Mejías, Acedo, S.González & Reznicek",spec.,Bot. J. Linn. Soc. [early view]: [37 of 39]. 2025 [31 Oct 2025] ,,doi:10.1093/botlinnean/boaf097 Etymology: 'From Los Tuxtlas region'.,,,11,tuxtleca,,,f,t,,holotype MICH 1132510;isotype CIIDIR,,,,,S.González@19475-1@4@aut$Lois@20057215-1@1@aut$Jim.Mejías@20015694-1@2@aut$Reznicek@25540-1@5@aut$Acedo@34824-1@3@aut,,,tax. nov.,,1.3,f,carex~tuxtleca,cyperaceaecarex~tuxtleca~,34,wfo-1000088973,,species,,,,,Bot. J. Linn. Soc. [early view]: [37 of 39] (2025),https://www.ipni.org/n/77377399-1,IPNI record: 77377399-1
urn:lsid:ipni.org:names:77377400-1,"Lois, Jim.Mejías, Acedo, S.González & Reznicek",,,,,,[early view]: [35 of 39],,16,,7,,8566,1978,,Theodore S. &amp; Barbara A.Cochrane,,,02/03/2026 16:23,03/03/2026 12:33,"México State (Mexico Central, Mexico, Northern America);Puebla (Mexico Central, Mexico, Northern America);",W,Cyperaceae,Carex transmexicana,Carex transmexicana,Carex,,f,f,,,,,,,,19,5,,"Puebla: on Puebla border, SW slopes of Volcán Ixtaccíhuatl: along N side of Hwy. 451 just below (W of) Parque Ixtapopo entrance, 2 km W of road jct. at Paso de Cortés, 3600 m",98,40,,,,,,,N,,,,,,,,,330029-2,Bot. J. Linn. Soc.,urn:lsid:ipni.org:publications:1172-2,2025,2025 [31 Oct 2025],[31 Oct 2025],"Lois, Jim.Mejías, Acedo, S.González & Reznicek",spec.,Bot. J. Linn. Soc. [early view]: [35 of 39]. 2025 [31 Oct 2025] ,,doi:10.1093/botlinnean/boaf097 Etymology: 'From the Trans-Volcanic Belt in Mexico'.,,,11,transmexicana,,,f,t,,holotype MICH 1133124;isotype WIS,,,,,Lois@20057215-1@1@aut$S.González@19475-1@4@aut$Acedo@34824-1@3@aut$Reznicek@25540-1@5@aut$Jim.Mejías@20015694-1@2@aut,,,tax. nov.,,1.3,f,carex~transmexicana,cyperaceaecarex~transmexicana~,35,wfo-1000088974,,species,,,,,Bot. J. Linn. Soc. [early view]: [35 of 39] (2025),https://www.ipni.org/n/77377400-1,IPNI record: 77377400-1
urn:lsid:ipni.org:names:77377401-1,"Lois, Jim.Mejías, Acedo, S.González & Reznicek",,,,,,[early view]: [37 of 39],,24,,12,,,1975,,A.A.Reznicek &amp; D.R.Gregory,,,02/03/2026 16:23,03/03/2026 12:41,"Oaxaca (Mexico Southwest, Mexico, Northern America)",,Cyperaceae,Carex xipetotecana,Carex xipetotecana,Carex,,f,f,,,,,,,,,,,"Along Mex. Hwy. 175, 30.5 miles north-east of Guelatao, 3048 m",,,,,,,,,,,,,,,,,,330029-2,Bot. J. Linn. Soc.,urn:lsid:ipni.org:publications:1172-2,2025,2025 [31 Oct 2025],[31 Oct 2025],"Lois, Jim.Mejías, Acedo, S.González & Reznicek",spec.,Bot. J. Linn. Soc. [early view]: [37 of 39]. 2025 [31 Oct 2025] ,,"doi:10.1093/botlinnean/boaf097 Etymology: 'Named after Xipe Tótec, the Nahuatl god of Spring'.",,,10,xipetotecana,,,f,t,,holotype MICH 1133082,,,,,Reznicek@25540-1@5@aut$S.González@19475-1@4@aut$Acedo@34824-1@3@aut$Jim.Mejías@20015694-1@2@aut$Lois@20057215-1@1@aut,,,tax. nov.,,1.3,f,carex~xipetotecana,cyperaceaecarex~xipetotecana~,36,wfo-1000088975,,species,,,,,Bot. J. Linn. Soc. [early view]: [37 of 39] (2025),https://www.ipni.org/n/77377401-1,IPNI record: 77377401-1
urn:lsid:ipni.org:names:77377404-1,Roxb. ex Schult. & Schult.f.,,,,,,7(1): 99,,,,,,,,,,,,02/03/2026 20:04,02/03/2026 20:04,"India (Indian Subcontinent, Asia-Tropical)",,Loranthaceae,Loranthus graciliflorus,Loranthus graciliflorus,Loranthus,,f,f,,,,,,,,,,,& Collection: 'Ad Specimen in Herb. cli de Martius ab ill. Lambert communicatum. In India orientali',,,,,,,,,,,,,,,,,,326311-2,"Syst. Veg., ed. 15[bis].",urn:lsid:ipni.org:publications:14665-2,1829,1829,,Roxb. ex Schult. & Schult.f.,spec.,"Syst. Veg., ed. 15[bis]. 7(1): 99. 1829 (as 'gracilifolius')",(as 'gracilifolius'),"In vol. 7(2, dated 1830), on p. 1612 (Addenda), and on p. 1735 (index), the epithet 'graciliflorus Roxb.' is listed (not 'gracilifolius')",,,9,graciliflorus,,,f,t,,,,,,,Schult.@9288-1@2@autEx$Schult.f.@9289-1@3@autEx$Roxb.@8682-1@1@aut,,,tax. nov.,,1.1,f,loranthus~graciliflorus,loranthaceaeloranthus~graciliflorus~,37,wfo-1200117771,,species,,,,,"Syst. Veg., ed. 15[bis]. 7(1): 99 (1829)",https://www.ipni.org/n/77377404-1,IPNI record: 77377404-1
urn:lsid:ipni.org:names:77377405-1,(Roxb. ex Schult. & Schult.f.) Danser,Loranthaceae Loranthus graciliflorus Roxb. ex Schult. & Schult.f.,(Roxb. ex Schult. & Schult.f.),77377404-1,,,2: 47,,,,,,,,,,,,02/03/2026 20:09,02/03/2026 20:09,,,Loranthaceae,Scurrula graciliflora,Scurrula graciliflora,Scurrula,,f,f,,,,,,,,,,,,,,,,,,,,,,,,,,,,,25328-1,Blumea,urn:lsid:ipni.org:publications:549-2,1836,1836,,Danser,spec.,Blumea 2: 47. 1836 (as 'gracilifolia'),(as 'gracilifolia'),,,,11,graciliflora,,,f,t,,,,,,,Schult.f.@9289-1@4@basEx$Danser@1992-1@1@aut$Schult.@9288-1@3@basEx$Roxb.@8682-1@2@bas,,,comb. nov.,,1.1,f,scurrula~graciliflora,loranthaceaescurrula~graciliflora~,38,wfo-0001075784,,species,,,,,Blumea 2: 47 (1836),https://www.ipni.org/n/77377405-1,IPNI record: 77377405-1
urn:lsid:ipni.org:names:77377406-1,(Roxb. ex Schult. & Schult.f.) Kurz,Loranthaceae Loranthus graciliflorus Roxb. ex Schult. & Schult.f.,(Roxb. ex Schult. & Schult.f.),77377404-1,,,2: 319,,,,,,,,,,,,02/03/2026 20:18,02/03/2026 20:18,,,Loranthaceae,Loranthus scurrula var. graciliflora,Loranthus scurrula var. graciliflora,Loranthus,,f,f,,,,,graciliflora,,,,,,,,,,,,,,,,,,,,,,,,550171-1,Forest Fl. Burma,urn:lsid:ipni.org:publications:4792-2,1877,1877,,Kurz,var.,Forest Fl. Burma 2: 319. 1877 ,,"Reference to the basionym indirect (via 'L. graciliflorus, Wall.', an isonym)",,,11,scurrula,L.,,f,t,,,,,,,Roxb.@8682-1@2@bas$Schult.@9288-1@3@basEx$Schult.f.@9289-1@4@basEx$Kurz@5157-1@1@aut,L.@12653-1@1@aut,,comb. et stat. nov.,,1.1,f,loranthus~scurrulagraciliflora,loranthaceaeloranthus~scurrulagraciliflora,39,wfo-1200117705,,variety,,,,,Forest Fl. Burma 2: 319 (1877),https://www.ipni.org/n/77377406-1,IPNI record: 77377406-1
urn:lsid:ipni.org:names:77377407-1,Roxb.,,,,,,2: 561,,,,,,,,,,,,02/03/2026 20:33,02/03/2026 20:33,"Uttar Pradesh (India, Indian Subcontinent, Asia-Tropical)",,Leguminosae,Mimosa obovata,Mimosa obovata,Mimosa,,f,f,,,,,,,,,,,"& Collection: 'A native of Rohilcund, where it blossoms in March'",,,,,,,,,,,,,,,,,,30001613-2,"Fl. Ind., ed. 1832.",urn:lsid:ipni.org:publications:5717-2,1832,1832,,Roxb.,spec.,"Fl. Ind., ed. 1832. 2: 561. 1832 ",,,,,9,obovata,,,f,t,,,,,,,Roxb.@8682-1@1@aut,,,tax. nov.,508404-1,1.1,f,mimosa~obovata,leguminosaemimosa~obovata~,40,wfo-0000203688,,species,,,,,"Fl. Ind., ed. 1832. 2: 561 (1832)",https://www.ipni.org/n/77377407-1,IPNI record: 77377407-1
urn:lsid:ipni.org:names:77377408-1,Maerki,,,,,,"14(3): 75, figs. 1-54, maps 1-2",,30,,5,,11192,1957,,P. C. Everrett,,,03/03/2026 00:42,03/03/2026 00:42,"Arizona (Southwestern U.S.A., Northern America)",,Cupressaceae,Cupressus babaddoagae,Cupressus babaddoagae,Cupressus,,f,f,,,,,,,,,,,"Puma County: Mt. Lemmon, Catalina Mts., NE from Tucson, alt. 5000 ft",,,,,,,,,,,,,,,,,,30002843-2,Bull. Cupressus Conservation Proj.,urn:lsid:ipni.org:publications:20014050-1,2025,2025 [18 Oct 2025],[18 Oct 2025],Maerki,spec.,"Bull. Cupressus Conservation Proj. 14(3): 75, figs. 1-54, maps 1-2. 2025 [18 Oct 2025] (epublished)",(epublished),(english),,,11,babaddoagae,,,f,t,,holotype E [E00228745],,,,,Maerki@20017912-2@1@aut,,,tax. nov.,,1.1,f,cupressus~babaddoagae,cupressaceaecupressus~babaddoagae~,41,wfo-1000088976,,species,,,,,"Bull. Cupressus Conservation Proj. 14(3): 75, figs. 1-54, maps 1-2 (2025)",https://www.ipni.org/n/77377408-1,IPNI record: 77377408-1
urn:lsid:ipni.org:names:77377409-1,A.DC.,,,,,,8: 250,,,,,,,,,,,,03/03/2026 13:52,03/03/2026 13:52,,,Symplocaceae,Symplocos martinicensis var. berteroi,Symplocos martinicensis var. berteroi,Symplocos,,f,f,,,,,berteroi,,,,,,,,,,,,,,,,,,,,,,,,827186-1,Prodr. [A. P. de Candolle],urn:lsid:ipni.org:publications:1051-2,1844,1844 [mid-Mar 1844],[mid-Mar 1844],A.DC.,var.,"Prodr. [A. P. de Candolle] 8: 250. 1844 [mid-Mar 1844] , as 'Berterii'",", as 'Berterii'",Etymology: the infraspecific epithet refers to Carlo Luigi Giuseppe Bertero.,,,8,martinicensis,Jacq.,,f,t,,,,,,,A.DC.@2064-1@1@aut,Jacq.@12576-1@1@aut,,tax. nov.,,1.1,f,symplocos~martinicensisberteroi,symplocaceaesymplocos~martinicensisberteroi,42,wfo-1200117706,,variety,,,,,Prodr. [A. P. de Candolle] 8: 250 (1844),https://www.ipni.org/n/77377409-1,IPNI record: 77377409-1
urn:lsid:ipni.org:names:77377410-1,(Lam.) Trevir.,Campanulaceae Campanula stylosa Lam.,(Lam.),141167-1,,,1818: 2,,,,,,,,,,,,03/03/2026 19:01,03/03/2026 19:01,,,Campanulaceae,Campanula liliifolia var. stylosa,Campanula liliifolia var. stylosa,Campanula,,f,f,,,,,stylosa,,,,,,,,,,,,,,,,,,,,,,,,140588-1,Index Seminum [Wroclaw / Breslau (Vratislav.)],urn:lsid:ipni.org:publications:20011675-2,1818,1818,[1818],Trevir.,var.,Index Seminum [Wroclaw / Breslau (Vratislav.)] 1818: 2. [1818] (as 'liliflora'),(as 'liliflora'),,,,11,liliifolia,L.,,f,t,,,,,,,Trevir.@10815-1@1@aut$Lam.@5227-1@2@bas,L.@12653-1@1@aut,,comb. et stat. nov.,,1.1,f,campanula~liliifoliastylosa,campanulaceaecampanula~liliifoliastylosa,43,wfo-1200117707,,variety,,,,,Index Seminum [Wroclaw / Breslau (Vratislav.)] 1818: 2 (1818),https://www.ipni.org/n/77377410-1,IPNI record: 77377410-1
urn:lsid:ipni.org:names:77377411-1,(Schrad. ex Hornem.) Trevir.,Campanulaceae Campanula suaveolens Schrad. ex Hornem.,(Schrad. ex Hornem.),77237461-1,,,1818: 2,,,,,,,,,,,,03/03/2026 20:07,03/03/2026 20:08,,,Campanulaceae,Campanula liliifolia var. suaveolens,Campanula liliifolia var. suaveolens,Campanula,,f,f,,,,,suaveolens,,,,,,,,,,,,,,,,,,,,,,,,140588-1,Index Seminum [Wroclaw / Breslau (Vratislav.)],urn:lsid:ipni.org:publications:20011675-2,1818,1818,[1818],Trevir.,var.,Index Seminum [Wroclaw / Breslau (Vratislav.)] 1818: 2. [1818] (as 'liliflora'),(as 'liliflora'),,,,11,liliifolia,L.,,f,t,,,,,,,Hornem.@4110-1@3@basEx$Schrad.@9250-1@2@bas$Trevir.@10815-1@1@aut,L.@12653-1@1@aut,,comb. et stat. nov.,,1.2,f,campanula~liliifoliasuaveolens,campanulaceaecampanula~liliifoliasuaveolens,44,wfo-1200117708,,variety,,,,,Index Seminum [Wroclaw / Breslau (Vratislav.)] 1818: 2 (1818),https://www.ipni.org/n/77377411-1,IPNI record: 77377411-1
urn:lsid:ipni.org:names:77377412-1,Roxb.,,,,,,3: 794,,,,,,,,,,,,03/03/2026 20:11,03/03/2026 20:11,,,Smilacaceae,Smilax ovalifolia,Smilax ovalifolia,Smilax,,f,f,,,,,,,,,,,,,,,isonym,,isonym,,,,,,,,,,,,30001535-2,"Fl. Ind., ed. 1832.",urn:lsid:ipni.org:publications:5717-2,1832,1832,,Roxb.,spec.,"Fl. Ind., ed. 1832. 3: 794. 1832 ",,,,,9,ovalifolia,,,f,t,,,,,,,Roxb.@8682-1@1@aut,,,tax. nov.,541697-1,1.1,f,smilax~ovalifolia,smilacaceaesmilax~ovalifolia~,45,wfo-0001073236,,species,illeg,,,,"Fl. Ind., ed. 1832. 3: 794 (1832)",https://www.ipni.org/n/77377412-1,IPNI record: 77377412-1
urn:lsid:ipni.org:names:77377413-1,Rouy & Foucaud,,,,,,3: 151,,,,,,,,,,,,03/03/2026 21:11,04/03/2026 09:39,,,Caryophyllaceae,Saponaria officinalis var. puberula,Saponaria officinalis var. puberula,Saponaria,,f,f,,,,,puberula,,,,,,,,,,,,,,,,,,,,,,,,156627-1,Fl. France [Rouy & Foucaud],urn:lsid:ipni.org:publications:17517-2,1896,1896,,Rouy & Foucaud,var.,Fl. France [Rouy & Foucaud] 3: 151. 1896 ,,,,,8,officinalis,L.,,f,t,,,,,,,Rouy@8674-1@1@aut$Foucaud@2851-1@2@aut,L.@0-0@1@aut,,tax. nov.,,1.3,f,saponaria~officinalispuberula,caryophyllaceaesaponaria~officinalispuberula,46,wfo-1200117709,,variety,,,,,Fl. France [Rouy & Foucaud] 3: 151 (1896),https://www.ipni.org/n/77377413-1,IPNI record: 77377413-1
urn:lsid:ipni.org:names:77377416-1,Rehder,,,,,,6: 3569,,,,,,,,,,,,04/03/2026 09:23,04/03/2026 09:35,,,Pinaceae,Larix × hybrida,Larix × hybrida,Larix,,t,f,"676911-1,262420-1",(Larix leptolepis (Siebold & Zucc.) Gordon & Glend. × Larix decidua Mill.),,,,,77242744-1,,,,,,,,nom. illeg. later homonym,,nom. illeg.,,,,,,,,,,,,30017099-2,Stand. Cycl. Hort.,urn:lsid:ipni.org:publications:4790-2,1917,1917 [28 Mar 1917],[28 Mar 1917],Rehder,spec.,Stand. Cycl. Hort. 6: 3569. 1917 [28 Mar 1917] ,,,,,10,hybrida,,,f,t,,,,,,,Rehder@8242-1@1@aut,,,tax. nov.,,1.2,f,larix~hybrida,pinaceaelarix~hybrida~,47,wfo-1200117772,,species,illeg,,,,Stand. Cycl. Hort. 6: 3569 (1917),https://www.ipni.org/n/77377416-1,IPNI record: 77377416-1
urn:lsid:ipni.org:names:77377417-1,J.M.H.Shaw & Z.H.Feng,,,,,,14(1): 10,,,,,,,,,,,,04/03/2026 10:16,04/03/2026 10:16,,,Orchidaceae,× Anacamptorchis paschae nothosubsp. cretensis,× Anacamptorchis paschae nothosubsp. cretensis,Anacamptorchis,,t,t,"887751-1,998298-1","(Orchis spitzelii Saut. ex W.D.J.Koch subsp. nitidifolia (Teschner) Soó × Anacamptis collina (Banks & Sol. ex Russell) R.M.Bateman, Pridgeon & M.W.Chase)",,,cretensis,,,,,,,,,,nom. inval.    Contrary to Art. 3 Note 1 (ICN 2025). Specific name not validly published.,,nom. inval.,,,,,,,,,,,,77376562-1,Plant,urn:lsid:ipni.org:publications:20044785-1,2026,2026,,J.M.H.Shaw & Z.H.Feng,nothosubsp.,Plant 14(1): 10. 2026 ,,doi:10.11648/j.plant.20261401.11,648972-1,,10,paschae,,,f,t,,,,,,,J.M.H.Shaw@37303-1@1@aut$Z.H.Feng@20048642-1@2@aut,,,nom. nov.,,1.1,f,anacamptorchis~paschaecretensis,orchidaceaeanacamptorchis~paschaecretensis,48,wfo-1200117710,,subspecies,invalid,,,,Plant 14(1): 10 (2026),https://www.ipni.org/n/77377417-1,IPNI record: 77377417-1
urn:lsid:ipni.org:names:77377418-1,Coulot & Rabaute,,,,,,"51: 421, 507",,,,,,,,,,,,04/03/2026 10:21,04/03/2026 10:21,,,Leguminosae,Lotus sect. Longicarpae,Lotus sect. Longicarpae,Lotus,,f,f,,,,longicarpae,,,,,,,,,,,,,,,,,,,,,,,,,30016283-2,Bull. Soc. Bot. Centre-Ouest. Numéro Spécial,urn:lsid:ipni.org:publications:10161-2,2025,2025 [Dec 2025],[Dec 2025],Coulot & Rabaute,sect.,"Bull. Soc. Bot. Centre-Ouest. Numéro Spécial 51: 421, 507. 2025 [Dec 2025] ",,,,,8,,,,f,t,,,Lotus rectus L.,,,,Coulot@20004641-1@1@aut$Rabaute@20025666-1@2@aut,,,tax. nov.,,1.1,f,lotuslongicarpae,leguminosaelotuslongicarpae~~,49,wfo-1000088977,,section,,,,,"Bull. Soc. Bot. Centre-Ouest. Numéro Spécial 51: 421, 507 (2025)",https://www.ipni.org/n/77377418-1,IPNI record: 77377418-1
urn:lsid:ipni.org:names:77377419-1,Coulot & Rabaute,,,,,,"51: 538, 553",,,,,,,,,,,,04/03/2026 10:33,04/03/2026 12:00,,,Leguminosae,Coronilla sect. Coronatae,Coronilla sect. Coronatae,Coronilla,,f,f,,,,coronatae,,,,,,,,,,,"nom. inval. nom. nud.    , descr. Fr.",,nom. inval.,,,,,,,,,,,,22094-1,Bull. Soc. Bot. Centre-Ouest. Numéro Spécial,urn:lsid:ipni.org:publications:10161-2,2025,2025 [Dec 2025],[Dec 2025],Coulot & Rabaute,sect.,"Bull. Soc. Bot. Centre-Ouest. Numéro Spécial 51: 538, 553. 2025 [Dec 2025] ",,"Coronilla subsect. Coronatae Motzkus ex B.Schmidt, nom. inval. (descr. German), cited as basionym.",,,9,,,,f,t,,,Coronilla coronata L.,,,,Coulot@20004641-1@1@aut$Rabaute@20025666-1@2@aut,,,tax. nov.,,1.3,f,coronillacoronatae,leguminosaecoronillacoronatae~~,50,wfo-1200117773,,section,invalid,,,,"Bull. Soc. Bot. Centre-Ouest. Numéro Spécial 51: 538, 553 (2025)",https://www.ipni.org/n/77377419-1,IPNI record: 77377419-1
urn:lsid:ipni.org:names:77377422-1,(Hrabětová) Coulot & Rabaute,Leguminosae Coronilla subser. Junciformis Hrabětová,(Hrabětová),77377421-1,,,"51: 538, 569",,,,,,,,,,,,04/03/2026 12:25,25/03/2026 14:23,,,Leguminosae,Coronilla sect. Junciformes,Coronilla sect. Junciformes,Coronilla,,f,f,,,,junciformes,,,,,,,,,,,,,,,,,,,,,,,,,22094-1,Bull. Soc. Bot. Centre-Ouest. Numéro Spécial,urn:lsid:ipni.org:publications:10161-2,2025,2025 [Dec 2025],[Dec 2025],Coulot & Rabaute,sect.,"Bull. Soc. Bot. Centre-Ouest. Numéro Spécial 51: 538, 569. 2025 [Dec 2025] ",,,,,11,,,,f,t,,,,,,,Hrabětová@12953-1@3@bas$Coulot@20004641-1@1@aut$Rabaute@20025666-1@2@aut,,,stat. nov.,,1.3,f,coronillajunciformes,leguminosaecoronillajunciformes~~,51,wfo-1200117774,,section,,,,,"Bull. Soc. Bot. Centre-Ouest. Numéro Spécial 51: 538, 569 (2025)",https://www.ipni.org/n/77377422-1,IPNI record: 77377422-1
urn:lsid:ipni.org:names:77377424-1,(Thunb. & Billb.) Hook.f.,Ericaceae Andromeda coriifolia Thunb. & Billb.,(Thunb. & Billb.),326240-1,,,11(2): 236,,,,,,,,,,,,04/03/2026 12:33,04/03/2026 15:05,,,Ericaceae,Agarista coriifolia,Agarista coriifolia,Agarista,,f,f,,,,,,,,,,,,,,,,,,,,,,,,,,,,null:,14609-1,Bot. Jahrb. Syst.,urn:lsid:ipni.org:publications:553-2,1890,1890,,Hook.f.,spec.,Bot. Jahrb. Syst. 11(2): 236. 1890 ,,,,,11,coriifolia,,,f,t,,,,,,,Thunb.@10646-1@2@bas$Billb.@790-1@3@bas$Hook.f.@4084-1@1@aut,,,comb. nov.,,1.4,f,agarista~coriifolia,ericaceaeagarista~coriifolia~,52,wfo-1200117775,,species,,,,,Bot. Jahrb. Syst. 11(2): 236 (1890),https://www.ipni.org/n/77377424-1,IPNI record: 77377424-1
urn:lsid:ipni.org:names:77377425-1,(Hrabětová) Coulot & Rabaute,Leguminosae Coronilla ser. Suffruticosae Hrabětová,(Hrabětová),77377423-1,,,"51: 538, 557",,,,,,,,,,,,04/03/2026 12:35,04/03/2026 12:35,,,Leguminosae,Coronilla sect. Suffruticosae,Coronilla sect. Suffruticosae,Coronilla,,f,f,,,,suffruticosae,,,,,,,,,,,,,,,,,,,,,,,,,22094-1,Bull. Soc. Bot. Centre-Ouest. Numéro Spécial,urn:lsid:ipni.org:publications:10161-2,2025,2025 [Dec 2025],[Dec 2025],Coulot & Rabaute,sect.,"Bull. Soc. Bot. Centre-Ouest. Numéro Spécial 51: 538, 557. 2025 [Dec 2025] ",,,,,11,,,,f,t,,,,,,,Rabaute@20025666-1@2@aut$Coulot@20004641-1@1@aut$Hrabětová@12953-1@3@bas,,,stat. nov.,,1.1,f,coronillasuffruticosae,leguminosaecoronillasuffruticosae~~,53,wfo-1000088978,,section,,,,,"Bull. Soc. Bot. Centre-Ouest. Numéro Spécial 51: 538, 557 (2025)",https://www.ipni.org/n/77377425-1,IPNI record: 77377425-1
urn:lsid:ipni.org:names:77377426-1,(Talavera & E.Domínguez) Coulot & Rabaute,Leguminosae Hippocrepis subsect. Scorpioideae Talavera & E.Domínguez,(Talavera & E.Domínguez),1012767-1,,,"51: 599, 621",,,,,,,,,,,,04/03/2026 12:44,04/03/2026 12:44,,,Leguminosae,Hippocrepis sect. Scorpioidae,Hippocrepis sect. Scorpioidae,Hippocrepis,,f,f,,,,scorpioidae,,,,,,,,,,,,,,,,,,,,,,,,,22602-1,Bull. Soc. Bot. Centre-Ouest. Numéro Spécial,urn:lsid:ipni.org:publications:10161-2,2025,2025 [Dec 2025],[Dec 2025],Coulot & Rabaute,sect.,"Bull. Soc. Bot. Centre-Ouest. Numéro Spécial 51: 599, 621. 2025 [Dec 2025] ",,,,,11,,,,f,t,,,,,,,Rabaute@20025666-1@2@aut$E.Domínguez@2264-1@4@bas$Talavera@10397-1@3@bas$Coulot@20004641-1@1@aut,,,stat. nov.,,1.1,f,hippocrepisscorpioidae,leguminosaehippocrepisscorpioidae~~,54,wfo-1000088979,,section,,,,,"Bull. Soc. Bot. Centre-Ouest. Numéro Spécial 51: 599, 621 (2025)",https://www.ipni.org/n/77377426-1,IPNI record: 77377426-1
urn:lsid:ipni.org:names:77377432-1,(Gunckel) I.Escobar,Alliaceae Miersia scalae Gunckel,(Gunckel),160719-2,,,26(1): 114,,,,,,,,,,,,04/03/2026 18:16,05/03/2026 11:42,,,Alliaceae,Gilliesia scalae,Gilliesia scalae,Gilliesia,,f,f,,,,,,,,,,,,,,,,,,,,,,,,,,,,null:,24297-1,Chlor. Chil.,urn:lsid:ipni.org:publications:20033174-1,2023,2023 [17 Aug 2023],[17 Aug 2023],I.Escobar,spec.,Chlor. Chil. 26(1): 114. 2023 [17 Aug 2023] ,,,,,11,scalae,,,f,t,,,,,,,Gunckel@3480-1@2@bas$I.Escobar@20096445-1@1@aut,,,comb. nov.,,1.3,f,gilliesia~scalae,alliaceaegilliesia~scalae~,55,wfo-1000088980,,species,,,,,Chlor. Chil. 26(1): 114 (2023),https://www.ipni.org/n/77377432-1,IPNI record: 77377432-1
urn:lsid:ipni.org:names:77377433-1,(Loisel.) Dalla Torre,Papaveraceae Papaver aurantiacum Loisel.,(Loisel.),673416-1,,,287,,,,,,,,,,,,04/03/2026 18:29,04/03/2026 18:29,,,Papaveraceae,Papaver pyrenaicum var. aurantiacum,Papaver pyrenaicum var. aurantiacum,Papaver,,f,f,,,,,aurantiacum,,,,,,,,,,,,,,,,,,,,,,,,673681-1,Anleit. Beob. Alpenreis.,urn:lsid:ipni.org:publications:20006206-1,1882,1882,,Dalla Torre,var.,Anleit. Beob. Alpenreis. 287. 1882 ,,,,,11,pyrenaicum,Willd.,,f,t,,,,,,,Dalla Torre@1964-1@1@aut$Loisel.@12663-1@2@bas,Willd.@11692-1@1@aut,,comb. et stat. nov.,,1.1,f,papaver~pyrenaicumaurantiacum,papaveraceaepapaver~pyrenaicumaurantiacum,56,wfo-1200117776,,variety,,,,,Anleit. Beob. Alpenreis. 287 (1882),https://www.ipni.org/n/77377433-1,IPNI record: 77377433-1
urn:lsid:ipni.org:names:77377438-1,"Salimena, M.T.Correia & P.H.Cardoso",,,,,,744(2): 157,,18,,4,,102,2024,,M.T.C.Lima,,,05/03/2026 09:55,05/03/2026 09:55,"Bahia (Brazil Northeast, Brazil, Southern America)",W,Verbenaceae,Lippia agrestis,Lippia agrestis,Lippia,,f,f,,,,,,,,10,2,36,"Jeremoabo, estrada depois do povoado Canabrava dos Cadis, 430 m",38,25,42,,,,,,S,,,,,,,,,330566-2,Phytotaxa,urn:lsid:ipni.org:publications:20011462-1,2026,2026 [5 Mar 2026],[5 Mar 2026],"Salimena, M.T.Correia & P.H.Cardoso",spec.,Phytotaxa 744(2): 157. 2026 [5 Mar 2026] ,,doi:10.11646/phytotaxa.744.2.4 Etymology: 'The specific epithet agrestis (Latin for 'of the field' or 'wild') refers to the species' occurrence in habitats characterised by arid scrublands under hot and dry climatic conditions.',,,11,agrestis,,,f,t,,holotype HUNEB;isotype CESJ;isotype HUEFS;isotype HURB,,Isotypes yet to be distributed.,,,P.H.Cardoso@20041207-1@3@aut$M.T.Correia@20096443-1@2@aut$Salimena@40452-1@1@aut,,,tax. nov.,,1.1,f,lippia~agrestis,verbenaceaelippia~agrestis~,57,wfo-1000088981,,species,,,,,Phytotaxa 744(2): 157 (2026),https://www.ipni.org/n/77377438-1,IPNI record: 77377438-1
urn:lsid:ipni.org:names:77377439-1,(Hemsl.) Finet & Gagnep.,Actinidiaceae Saurauia oldhamii Hemsl.,(Hemsl.),829380-1,,,52(suppl. 4): 14,,,,,,,,,,,,05/03/2026 09:56,05/03/2026 10:09,,,Actinidiaceae,Saurauia tristyla var. oldhamii,Saurauia tristyla var. oldhamii,Saurauia,,f,f,,,,,oldhamii,,,,,,,,,,,,,,,,,,,,,,,null:,829438-1,Bull. Soc. Bot. France,urn:lsid:ipni.org:publications:578-2,1905,1905 [1 Jan 1905],[1 Jan 1905],Finet & Gagnep.,var.,"Bull. Soc. Bot. France 52(suppl. 4): 14. 1905 [1 Jan 1905] , as 'Oldhami'",", as 'Oldhami'",doi:10.1080/00378941.1905.10833364,,,11,tristyla,DC.,,f,t,,,,,,,Hemsl.@3825-1@3@bas$Finet@2734-1@1@aut$Gagnep.@2978-1@2@aut,DC.@0-0@1@aut,,comb. et stat. nov.,,1.3,f,saurauia~tristylaoldhamii,actinidiaceaesaurauia~tristylaoldhamii,58,wfo-0001225060,,variety,,,,,Bull. Soc. Bot. France 52(suppl. 4): 14 (1905),https://www.ipni.org/n/77377439-1,IPNI record: 77377439-1
urn:lsid:ipni.org:names:77377440-1,Sodré & M.J.Silva,,,,,,744(2): 178,,15,,4,,3145,2017,,R.C.Sodré &amp; L.L.C.Antunes,,,05/03/2026 10:12,05/03/2026 10:12,"Bolivia (Western South America, Southern America);Mato Grosso (Brazil West-Central, Brazil, Southern America);",W,Euphorbiaceae,Croton pantaneiro,Croton pantaneiro,Croton,,f,f,,,,,,,,20,27,18,"Brazil: Mato Grosso do Sul, Aquidauana, Piraputanga, a direita da estrada Parque de Piraputanga, MS-450, ca.7 km do distrito de Piraputanga em direção ao distrito de Palmeiras, 207 m",55,29,2,,,,,,S,,,,,,,,,327708-2,Phytotaxa,urn:lsid:ipni.org:publications:20011462-1,2026,2026 [5 Mar 2026],[5 Mar 2026],Sodré & M.J.Silva,spec.,Phytotaxa 744(2): 178. 2026 [5 Mar 2026] ,,"doi:10.11646/phytotaxa.744.2.6 Etymology: 'The specific epithet pantaneiro alludes to the species' restricted occurrence within the Pantanal biome and honours the local inhabitants, whose lives and traditions are closely tied to the region’s distinctive hydrological cycle, marked by alternating periods of flooding and drought.'",,,11,pantaneiro,,,f,t,,holotype UFG 0058491;isotype CEN;isotype IBGE;isotype UB,,,,,M.J.Silva@20012371-1@2@aut$Sodré@20023879-1@1@aut,,,tax. nov.,,1.1,f,croton~pantaneiro,euphorbiaceaecroton~pantaneiro~,59,wfo-1000088982,,species,,,,,Phytotaxa 744(2): 178 (2026),https://www.ipni.org/n/77377440-1,IPNI record: 77377440-1
urn:lsid:ipni.org:names:77377442-1,(Beck) Hennigs & L.Lewis,Orchidaceae Orchis × kisslingii Beck,(Beck),648772-1,,,42(1): 274,,,,,,,,,,,,05/03/2026 13:15,05/03/2026 13:15,,,Orchidaceae,Orchis × haussknechtii nothosubsp. kisslingii,Orchis × haussknechtii nothosubsp. kisslingii,Orchis,,t,f,,,,,kisslingii,,,,,,,,,,,,,,,,,,,,,,,,648696-1,Ber. Arbeitskreis. Heimische Orchid.,urn:lsid:ipni.org:publications:20000083-1,2025,2025 [3 Sep 2025],[3 Sep 2025],Hennigs & L.Lewis,nothosubsp.,Ber. Arbeitskreis. Heimische Orchid. 42(1): 274. 2025 [3 Sep 2025] ,,,,,11,haussknechtii,M.Schulze,,f,t,,,,,,,L.Lewis@20007969-1@2@aut$Hennigs@20041568-1@1@aut$Beck@12341-1@3@bas,M.Schulze@9319-1@1@aut,,comb. et stat. nov.,77078904-1,1.1,f,orchis~haussknechtiikisslingii,orchidaceaeorchis~haussknechtiikisslingii,60,wfo-1200117777,,subspecies,,,,,Ber. Arbeitskreis. Heimische Orchid. 42(1): 274 (2025),https://www.ipni.org/n/77377442-1,IPNI record: 77377442-1
urn:lsid:ipni.org:names:77377443-1,(Trinajstić & Zi.Pavletić) F.Conti & Bogdanović,Caryophyllaceae Minuartia verna (L.) Hiern subsp. insularis Trinajstić & Zi.Pavletić,(Trinajstić & Zi.Pavletić),20007958-1,,,13(2): 216,,,,,,,,,,,,05/03/2026 13:33,05/03/2026 14:36,,,Caryophyllaceae,Sabulina verna subsp. insularis,Sabulina verna subsp. insularis,Sabulina,,f,f,,,,,insularis,,,,,,,,,,,,,,,,,,,,,,,null:,156398-1,Glasn. Hrvatsk. Bot. Društva,urn:lsid:ipni.org:publications:20063149-1,2025,2025 [Dec 2025],[Dec 2025],F.Conti & Bogdanović,subsp.,Glasn. Hrvatsk. Bot. Društva 13(2): 216. 2025 [Dec 2025] ,,doi:10.46232/glashbod.13.2.5,,,11,verna,(L.) Rchb.,,f,t,,,,,,,F.Conti@37831-1@1@aut$Bogdanović@20013845-1@2@aut$Trinajstić@10825-1@3@bas$Zi.Pavletić@38208-1@4@bas,Rchb.@8253-1@1@aut,,comb. nov.,,1.3,f,sabulina~vernainsularis,caryophyllaceaesabulina~vernainsularis,61,wfo-1200117711,,subspecies,,,,,Glasn. Hrvatsk. Bot. Društva 13(2): 216 (2025),https://www.ipni.org/n/77377443-1,IPNI record: 77377443-1
urn:lsid:ipni.org:names:77377444-1,"H.Z.Feng, Ting Xu, J.Q.Guo & Vislobokov",,,,,,744(2): 187,,11,,12,,731,2025,,Hui-Zhe Feng &amp; Qiang Fan,,,05/03/2026 14:18,05/03/2026 14:18,"Guangdong (China Southeast, China, Asia-Temperate)",,Convallariaceae,Aspidistra danxiashanensis,Aspidistra danxiashanensis,Aspidistra,,f,f,,,,,,,,,,,"Guangdong Province: Shaoguan City, Renhua County, Danxiashan National Nature Reserve, 200 m",,,,,,,,,,,,,,,,,,24019-1,Phytotaxa,urn:lsid:ipni.org:publications:20011462-1,2026,2026 [5 Mar 2026],[5 Mar 2026],"H.Z.Feng, Ting Xu, J.Q.Guo & Vislobokov",spec.,Phytotaxa 744(2): 187. 2026 [5 Mar 2026] ,,doi:10.11646/phytotaxa.744.2.7,,,11,danxiashanensis,,,f,t,,holotype SYS,,,,,J.Q.Guo@20095046-1@3@aut$Ting Xu@20096446-1@2@aut$Vislobokov@20021402-1@4@aut$H.Z.Feng@20047184-1@1@aut,,,tax. nov.,,1.1,f,aspidistra~danxiashanensis,convallariaceaeaspidistra~danxiashanensis~,62,wfo-1000088983,,species,,,,,Phytotaxa 744(2): 187 (2026),https://www.ipni.org/n/77377444-1,IPNI record: 77377444-1
urn:lsid:ipni.org:names:77377445-1,(Hook.f.) E.S.S.Kumar & Filimban,Ophiorrhiza brunonis var. johnsonii,(Hook.f.),,,,744(2): 192,,,,,,,,,,,,05/03/2026 14:40,06/03/2026 17:41,,,Rubiaceae,Ophiorrhiza johnsonii,Ophiorrhiza johnsonii,Ophiorrhiza,,f,f,,,,,,,,,,,,,,,,,,,,,,,,,,,,,30280723-2,Phytotaxa,urn:lsid:ipni.org:publications:20011462-1,2026,2026 [5 Mar 2026],[5 Mar 2026],E.S.S.Kumar & Filimban,spec.,Phytotaxa 744(2): 192. 2026 [5 Mar 2026] ,,doi:10.11646/phytotaxa.744.2.8,,,10,johnsonii,,,f,t,,,,,,,Hook.f.@4084-1@3@bas$E.S.S.Kumar@37643-1@1@aut$Filimban@20096447-1@2@aut,,,comb. et stat. nov.,,1.2,f,ophiorrhiza~johnsonii,rubiaceaeophiorrhiza~johnsonii~,63,wfo-1000088512,,species,,,,,Phytotaxa 744(2): 192 (2026),https://www.ipni.org/n/77377445-1,IPNI record: 77377445-1
urn:lsid:ipni.org:names:77377446-1,Gouda,,,,,,744(2): 197,,5,,3,,784,1997,,"Arbeláez, M.V., G. Zumaeta",,,05/03/2026 14:48,05/03/2026 14:48,"Colombia (Western South America, Southern America)",W,Bromeliaceae,Navia yariensis,Navia yariensis,Navia,,f,f,,,,,,,,,30,,"Dept. Caquetá, Municipio Solano, Sito Sabanas del yari, margen izquierda, 35 a 40 mínutos desde el chorro de Gamitana",72,40,,,,,,,S,,,,,,,,,4970-1,Phytotaxa,urn:lsid:ipni.org:publications:20011462-1,2026,2026 [5 Mar 2026],[5 Mar 2026],Gouda,spec.,Phytotaxa 744(2): 197. 2026 [5 Mar 2026] ,,doi:10.11646/phytotaxa.744.2.9 Etymology: the specific epithet is named for the type locality.,,,11,yariensis,,,f,t,,holotype U;isotype HUA;isotype COAH;isotype COL;isotype MO,,,,,Gouda@19527-1@1@aut,,,tax. nov.,,1.1,f,navia~yariensis,bromeliaceaenavia~yariensis~,64,wfo-1000088984,,species,,,,,Phytotaxa 744(2): 197 (2026),https://www.ipni.org/n/77377446-1,IPNI record: 77377446-1
urn:lsid:ipni.org:names:77377447-1,"Rezeki, Mustaqim, Girm. & Ardi",,,,,,744(2): 202,,25,,1,,31,2023,,Rezeki et al.,,,05/03/2026 14:57,05/03/2026 14:57,"Sumatera (Malesia, Asia-Tropical)",,Begoniaceae,Begonia antoi,Begonia antoi,Begonia,,f,f,,,,,,,,,,,"Sumatra: Aceh, Bener Meriah, Syiah Utama, Samar Kilang, 180 m",,,,,,,,,,,,,,,,,,327437-2,Phytotaxa,urn:lsid:ipni.org:publications:20011462-1,2026,2026 [5 Mar 2026],[5 Mar 2026],"Rezeki, Mustaqim, Girm. & Ardi",spec.,Phytotaxa 744(2): 202. 2026 [5 Mar 2026] ,,doi:10.11646/phytotaxa.744.2.10,,,11,antoi,,,f,t,,holotype UIDEP,,,,,Mustaqim@20043161-1@2@aut$Girm.@20014702-1@3@aut$Rezeki@20090489-1@1@aut$Ardi@20015681-1@4@aut,,,tax. nov.,77365854-1,1.1,f,begonia~antoi,begoniaceaebegonia~antoi~,65,wfo-1000083321,,species,,,,,Phytotaxa 744(2): 202 (2026),https://www.ipni.org/n/77377447-1,IPNI record: 77377447-1
urn:lsid:ipni.org:names:77377448-1,Scarlet,,,,,,13,,,,,,,,,,,,05/03/2026 16:11,06/03/2026 09:43,,,Crassulaceae,× Monanthonium,× Monanthonium,Monanthonium,,t,t,"12119-1,12201-1",(Aeonium Webb & Berthel. × Monanthes Haw.),,,,,,,,,,,,,,,,,,,,,,,,,,,30000887-2,New Nothogen. Aeonium Clade,urn:lsid:ipni.org:publications:20063150-1,2025,2025 [16 Jun 2025],[16 Jun 2025],Scarlet,gen.,New Nothogen. Aeonium Clade 13. 2025 [16 Jun 2025] ,,,,,8,,,,f,t,,,,,,,Scarlet@20096448-1@1@aut,,,tax. nov.,,1.2,f,monanthonium,crassulaceaemonanthonium~~~,66,wfo-4100006473,,genus,,,,,New Nothogen. Aeonium Clade 13 (2025),https://www.ipni.org/n/77377448-1,IPNI record: 77377448-1
urn:lsid:ipni.org:names:77377449-1,Scarlet,,,,,,25,,,,,,,,,,,,05/03/2026 16:17,06/03/2026 09:51,,,Crassulaceae,× Monanthryson,× Monanthryson,Monanthryson,,t,t,"12121-1,12201-1",(Aichryson Webb & Berthel. × Monanthes Haw.),,,,,,,,,,,,,,,,,,,,,,,,,,,30000887-2,New Nothogen. Aeonium Clade,urn:lsid:ipni.org:publications:20063150-1,2025,2025 [16 Jun 2025],[16 Jun 2025],Scarlet,gen.,New Nothogen. Aeonium Clade 25. 2025 [16 Jun 2025] ,,doi:10.5281/zenodo.15677350,,,8,,,,f,t,,,,,,,Scarlet@20096448-1@1@aut,,,tax. nov.,,1.2,f,monanthryson,crassulaceaemonanthryson~~~,67,wfo-4100006474,,genus,,,,,New Nothogen. Aeonium Clade 25 (2025),https://www.ipni.org/n/77377449-1,IPNI record: 77377449-1
urn:lsid:ipni.org:names:77377450-1,Scarlet,,,,,,29,,,,,,,,,,,,05/03/2026 16:23,06/03/2026 09:54,,,Crassulaceae,× Aechrysanthes,× Aechrysanthes,Aechrysanthes,,t,t,"12121-1,12201-1,12119-1",(Aichryson Webb & Berthel. × Monanthes Haw. × Aeonium Webb & Berthel.),,,,,,,,,,,,,,,,,,,,,,,,,,,30000887-2,New Nothogen. Aeonium Clade,urn:lsid:ipni.org:publications:20063150-1,2025,2025 [16 Jun 2025],[16 Jun 2025],Scarlet,gen.,New Nothogen. Aeonium Clade 29. 2025 [16 Jun 2025] ,,doi:10.5281/zenodo.15677350,,,8,,,,f,t,,,,,,,Scarlet@20096448-1@1@aut,,,tax. nov.,,1.2,f,aechrysanthes,crassulaceaeaechrysanthes~~~,68,wfo-4100006475,,genus,,,,,New Nothogen. Aeonium Clade 29 (2025),https://www.ipni.org/n/77377450-1,IPNI record: 77377450-1
urn:lsid:ipni.org:names:77377451-1,Sennen,,,,,,21(259): 130,,,,,,,,,,,,05/03/2026 17:01,06/03/2026 10:14,,,Cupressaceae,Juniperus oxycedrus f. macrocarpa,Juniperus oxycedrus f. macrocarpa,Juniperus,,f,f,,,,,macrocarpa,,,,,,,,,,,,,,,,,,,,,,,,262299-1,Bull. Géogr. Bot.,urn:lsid:ipni.org:publications:20019080-1,1911,1911 [May 1911],[May 1911],Sennen,f.,Bull. Géogr. Bot. 21(259): 130. 1911 [May 1911] ,,Etymology: Greek for 'big fruit'.,,,8,oxycedrus,L.,,f,t,,,,,,,Sennen@9488-1@1@aut,L.@0-0@1@aut,,tax. nov.,,1.3,f,juniperus~oxycedrusmacrocarpa,cupressaceaejuniperus~oxycedrusmacrocarpa,69,wfo-1200117778,,form,,,,,Bull. Géogr. Bot. 21(259): 130 (1911),https://www.ipni.org/n/77377451-1,IPNI record: 77377451-1
urn:lsid:ipni.org:names:77377452-1,(W.T.Wang) Y.Luo & Q.E.Yang,Ranunculaceae Aconitum fangianum W.T.Wang,(W.T.Wang),707348-1,,,"43(4): 367, figs. 24-25",,,,,,,,,,,,05/03/2026 18:36,05/03/2026 18:36,,,Ranunculaceae,Aconitum liljestrandii var. fangianum,Aconitum liljestrandii var. fangianum,Aconitum,,f,f,,,,,fangianum,,,,,,,,,,,,,,,,,,,,,,,,707538-1,Acta Phytotax. Sin.,urn:lsid:ipni.org:publications:511-2,2005,2005 [late ? 2005],[late ? 2005],Y.Luo & Q.E.Yang,var.,"Acta Phytotax. Sin. 43(4): 367, figs. 24-25. 2005 [late ? 2005] ",,doi:10.1360/aps040102,,,11,liljestrandii,Hand.-Mazz.,,f,t,,,,,,,W.T.Wang@11392-1@3@bas$Q.E.Yang@37172-1@2@aut$Y.Luo@39800-1@1@aut,Hand.-Mazz.@3612-1@1@aut,,comb. et stat. nov.,70029861-1,1.1,f,aconitum~liljestrandiifangianum,ranunculaceaeaconitum~liljestrandiifangianum,70,wfo-0000517554,,variety,,,,,"Acta Phytotax. Sin. 43(4): 367, figs. 24-25 (2005)",https://www.ipni.org/n/77377452-1,IPNI record: 77377452-1
urn:lsid:ipni.org:names:77377453-1,(F.H.Chen & Y.Liu) Y.Luo & Q.E.Yang,Ranunculaceae Aconitum carmichaelii Debeaux var. albovillosum F.H.Chen & Y.Liu,(F.H.Chen & Y.Liu),70029859-1,,,"43(4): 358, figs. 19-20",,,,,,,,,,,,05/03/2026 18:58,05/03/2026 19:53,,,Ranunculaceae,Aconitum legendrei var. albovillosum,Aconitum legendrei var. albovillosum,Aconitum,,f,f,,,,,albovillosum,,,,,,,,,,,,,,,,,,,,,,,,707523-1,Acta Phytotax. Sin.,urn:lsid:ipni.org:publications:511-2,2005,2005 [late ? 2005],[late ? 2005],Y.Luo & Q.E.Yang,var.,"Acta Phytotax. Sin. 43(4): 358, figs. 19-20. 2005 [late ? 2005] ",,doi:10.1360/aps040102,,,11,legendrei,Hand.-Mazz.,,f,t,,,,,,,Y.Luo@39800-1@1@aut$Q.E.Yang@37172-1@2@aut$F.H.Chen@1566-1@3@bas$Y.Liu@20000182-1@4@bas,Hand.-Mazz.@3612-1@1@aut,,comb. nov.,70029860-1,1.2,f,aconitum~legendreialbovillosum,ranunculaceaeaconitum~legendreialbovillosum,71,wfo-0000517532,,variety,,,,,"Acta Phytotax. Sin. 43(4): 358, figs. 19-20 (2005)",https://www.ipni.org/n/77377453-1,IPNI record: 77377453-1
urn:lsid:ipni.org:names:77377454-1,Link,,,,,,2(1): 99,,,,,,,,,,,,05/03/2026 23:18,06/03/2026 11:30,,,Caryophyllaceae,Silene foetida,Silene foetida,Silene,,f,f,,,,,,,,,,,,,,,,,,,,,,,,,,,,,331962-2,Neues J. Bot.,urn:lsid:ipni.org:publications:3560-2,1807,1807,,Link,spec.,Neues J. Bot. 2(1): 99. 1807 ,,"With reference to description in Fl. Lusit. 2: 187 (1805), in obs. under Silene fuscata.",,,8,foetida,,,f,t,,,,,,,Link@22401-1@1@aut,,,tax. nov.,,1.3,f,silene~foetida,caryophyllaceaesilene~foetida~,72,wfo-1200117779,,species,,,,,Neues J. Bot. 2(1): 99 (1807),https://www.ipni.org/n/77377454-1,IPNI record: 77377454-1
urn:lsid:ipni.org:names:77377455-1,Gilib.,,,,,,2: 163,,,,,,,,,,,,05/03/2026 23:55,06/03/2026 13:45,,,Caryophyllaceae,Saponaria perfoliata,Saponaria perfoliata,Saponaria,,f,f,,,,,,,,,,,,,,,nom. inval.    Contrary to Art. 34.1 ICN (2025). Name is in suppressed work (opera utique oppressa),,nom. inval.,,,,,,,,,,,,6449-1,Fl. Lit. Inch.,urn:lsid:ipni.org:publications:939-2,1782,1782,,Gilib.,spec.,Fl. Lit. Inch. 2: 163. 1782 ,,,,,9,perfoliata,,,f,t,,,,,,,Gilib.@19335-1@1@aut,,,tax. nov.,,1.3,f,saponaria~perfoliata,caryophyllaceaesaponaria~perfoliata~,73,wfo-0000438189,,species,invalid,,,,Fl. Lit. Inch. 2: 163 (1782),https://www.ipni.org/n/77377455-1,IPNI record: 77377455-1
urn:lsid:ipni.org:names:77377456-1,(Welw. ex Rouy) Nyman,Caryophyllaceae Silene foetida Link subsp. herminii Welw. ex Rouy,(Welw. ex Rouy),77376832-1,,,2: 54,,,,,,,,,,,,06/03/2026 00:00,09/03/2026 10:10,,,Caryophyllaceae,Silene foetida var. herminii,Silene foetida var. herminii,Silene,,f,f,,,,,herminii,,,,,,,,,,,,,,,,,,,,,,,null:,77377454-1,Consp. Fl. Eur. Suppl.,urn:lsid:ipni.org:publications:20013996-2,1889,1889,,Nyman,var.,Consp. Fl. Eur. Suppl. 2: 54. 1889 ,,,,,11,foetida,Link,,f,t,,,,,,,Rouy@8674-1@3@basEx$Nyman@7069-1@1@aut$Welw.@11540-1@2@bas,Link@0-0@1@aut$Spreng.@0-0@2@autEx,,comb. nov.,,1.4,f,silene~foetidaherminii,caryophyllaceaesilene~foetidaherminii,74,wfo-1200117780,,variety,,,,,Consp. Fl. Eur. Suppl. 2: 54 (1889),https://www.ipni.org/n/77377456-1,IPNI record: 77377456-1
urn:lsid:ipni.org:names:77377457-1,O.Lachenaud,,,,,,159(1): 186,,6,,3,,2392,2008,,"Dessein, Lachenaud, Janssens, Issembé &amp; Nzabi",,,06/03/2026 09:02,08/04/2026 09:49,"Gabon (West-Central Tropical Africa, Africa);Equatorial Guinea (West-Central Tropical Africa, Africa);",E,Rubiaceae,Cladoceras longisepalum,Cladoceras longisepalum,Cladoceras,,f,f,,,,,,,,,58,18,"Ogooué-Lolo, km 24 Lastoursville – Koulamoutou",12,34,30,,,,,,S,,,,,,,,,34370-1,Pl. Ecol. Evol.,urn:lsid:ipni.org:publications:20011731-1,2026,2026 [8 Apr 2026],[8 Apr 2026],O.Lachenaud,spec.,Pl. Ecol. Evol. 159(1): 186. 2026 [8 Apr 2026] ,,doi:10.5091/plecevo.176526 [english] Etymology: the specific epithet refers to the long calyx lobes which are the longest recorded in the genus.,,,11,longisepalum,,,f,t,,holotype BR BR0000013201128;isotype LBV;isotype WAG,,,,,O.Lachenaud@20013458-1@1@aut,,,tax. nov.,,1.3,f,cladoceras~longisepalum,rubiaceaecladoceras~longisepalum~,75,wfo-1000088985,,species,,,,,Pl. Ecol. Evol. 159(1): 186 (2026),https://www.ipni.org/n/77377457-1,IPNI record: 77377457-1
urn:lsid:ipni.org:names:77377458-1,Jongkind,,,,,,159(1): 189,,2,,7,,902,1993,,White,,,06/03/2026 09:06,08/04/2026 09:52,"Gabon (West-Central Tropical Africa, Africa)",,Rubiaceae,Rutidea viridiflora,Rutidea viridiflora,Rutidea,,f,f,,,,,,,,,,,"Ogooué-Ivindo, Lope Reserve, SEGC Eaux et Forêts Transect, c. 200 m",,,,,,,,,,,,,,,,,,35281-1,Pl. Ecol. Evol.,urn:lsid:ipni.org:publications:20011731-1,2026,2026 [8 Apr 2026],[8 Apr 2026],Jongkind,spec.,Pl. Ecol. Evol. 159(1): 189. 2026 [8 Apr 2026] ,,"doi:10.5091/plecevo.176526 [english] Etymology: the specific epithet refers to the flowers that are almost completely green (except for the anthers), whereas most species of Rutidea have white corollas.",,,11,viridiflora,,,f,t,,holotype WAG WAG.1457883;isotype LBV;isotype MO,,,,,Jongkind@35765-1@1@aut,,,tax. nov.,,1.3,f,rutidea~viridiflora,rubiaceaerutidea~viridiflora~,76,wfo-1000088986,,species,,,,,Pl. Ecol. Evol. 159(1): 189 (2026),https://www.ipni.org/n/77377458-1,IPNI record: 77377458-1
urn:lsid:ipni.org:names:77377459-1,O.Lachenaud,,,,,,159(1): 191,,30,,10,,2993,1994,,"Wieringa, van Nek, Hedin &amp; Moussavou",,,06/03/2026 09:10,08/04/2026 09:58,"Gabon (West-Central Tropical Africa, Africa)",E,Rubiaceae,Rutidea wieringae,Rutidea wieringae,Rutidea,,f,f,,,,,,,,1,15,,"Ngounié, Fougamou, 17 km on forestry road following Bendolo river, 200 m",10,30,,,,,,,S,,,,,,,,,35281-1,Pl. Ecol. Evol.,urn:lsid:ipni.org:publications:20011731-1,2026,2026 [8 Apr 2026],[8 Apr 2026],O.Lachenaud,spec.,Pl. Ecol. Evol. 159(1): 191. 2026 [8 Apr 2026] ,,"doi:10.5091/plecevo.176526 [english] Etymology: the species is named after Dr Jan Wieringa, collector of the type specimen and of many other interesting African plants",,,11,wieringae,,,f,t,,holotype LBV;isotype WAG WAG.1458297,,,,,O.Lachenaud@20013458-1@1@aut,,,tax. nov.,,1.3,f,rutidea~wieringae,rubiaceaerutidea~wieringae~,77,wfo-1000088987,,species,,,,,Pl. Ecol. Evol. 159(1): 191 (2026),https://www.ipni.org/n/77377459-1,IPNI record: 77377459-1
urn:lsid:ipni.org:names:77377460-1,Pfeiff.,,,,,,1(1): 385,,,,,,,,,,,,06/03/2026 10:16,06/03/2026 10:55,,,Cunoniaceae,trib. Belangereae,trib. Belangereae,,,f,f,,,belangereae,,,,,,,,,,,,,,,,,,,,,,,,,,77126639-1,Nomencl. Bot. [Pfeiff.],urn:lsid:ipni.org:publications:14554-2,1872,1872 [ante 12 Jul 1872],[ante 12 Jul 1872],Pfeiff.,trib.,Nomencl. Bot. [Pfeiff.] 1(1): 385. 1872 [ante 12 Jul 1872] ,,,,,8,,,,f,t,,,Belangera Cambess. (1829),,,,Pfeiff.@24801-1@1@aut,,,tax. nov.,,1.3,f,cunoniaceaebelangereae,cunoniaceae~~~~,78,wfo-4100006476,,tribe,,,,,Nomencl. Bot. [Pfeiff.] 1(1): 385 (1872),https://www.ipni.org/n/77377460-1,IPNI record: 77377460-1
urn:lsid:ipni.org:names:77377461-1,Engl.,,,,,,18a: 236,,,,,,,,,,,,06/03/2026 10:16,06/03/2026 11:02,,,Cunoniaceae,trib. Pulleeae,trib. Pulleeae,,,f,f,,,pulleeae,,,,,,,,,,,,,,,,,,,,,,,,,,77126639-1,"Nat. Pflanzenfam., ed. 2 [Engler & Prantl]",urn:lsid:ipni.org:publications:14496-2,1930,1930,,Engl.,trib.,"Nat. Pflanzenfam., ed. 2 [Engler & Prantl] 18a: 236. 1930 ",,,,,8,,,,f,t,,,Pullea Schltr. (1914),,,,Engl.@18509-1@1@aut,,,tax. nov.,,1.3,f,cunoniaceaepulleeae,cunoniaceae~~~~,79,wfo-4100006477,,tribe,,,,,"Nat. Pflanzenfam., ed. 2 [Engler & Prantl] 18a: 236 (1930)",https://www.ipni.org/n/77377461-1,IPNI record: 77377461-1
urn:lsid:ipni.org:names:77377462-1,Burnett,,,,,,"736, 1092, 1132",,,,,,,,,,,,06/03/2026 10:17,06/03/2026 10:49,,,Cephalotaceae,subfam. Cephalotoideae,subfam. Cephalotoideae,,,f,f,,,cephalotoideae,,,,,,,,,,,,,,,,,,,,,,,,,,77126640-1,Outlines Bot.,urn:lsid:ipni.org:publications:14660-2,1835,1835 [ Jun 1835],[ Jun 1835],Burnett,subfam.,"Outlines Bot. 736, 1092, 1132. 1835 [ Jun 1835] , as 'Cephalotidae'",", as 'Cephalotidae'",,,,8,,,,f,t,,,Cephalotus Labill. (1806),,,,Burnett@1310-1@1@aut,,,tax. nov.,,1.3,f,cephalotaceaecephalotoideae,cephalotaceae~~~~,80,wfo-4100006478,,subfamily,,,,,"Outlines Bot. 736, 1092, 1132 (1835)",https://www.ipni.org/n/77377462-1,IPNI record: 77377462-1
urn:lsid:ipni.org:names:77377463-1,(Paiva) J.F.B.Pastore,Polygalaceae Polygala subgen. Chodatia Paiva,(Paiva),1002229-1,,,111(1): 14,,,,,,,,,,,,07/03/2026 01:26,09/03/2026 14:27,,,Polygalaceae,Chodatia,Chodatia,Chodatia,,f,f,,,,,,,,,,,,,,,,,,,,,,,,,,,,null:,30000688-2,Ann. Missouri Bot. Gard.,urn:lsid:ipni.org:publications:1-2,2026,2026 [6 Mar 2026],[6 Mar 2026],J.F.B.Pastore,gen.,Ann. Missouri Bot. Gard. 111(1): 14. 2026 [6 Mar 2026] ,,doi:10.3417/20261005,,,11,,,,f,t,,,,,,,J.F.B.Pastore@20007046-2@1@aut$Paiva@7257-1@2@bas,,,comb. et stat. nov.,,1.3,f,chodatia,polygalaceaechodatia~~~,81,wfo-4100006479,,genus,,,,,Ann. Missouri Bot. Gard. 111(1): 14 (2026),https://www.ipni.org/n/77377463-1,IPNI record: 77377463-1
urn:lsid:ipni.org:names:77377464-1,(Buch.-Ham. ex D.Don) J.F.B.Pastore,Polygalaceae Polygala arillata Buch.-Ham. ex D.Don,(Buch.-Ham. ex D.Don),691079-1,,,111(1): 14,,,,,,,,,,,,07/03/2026 01:34,09/03/2026 14:29,,,Polygalaceae,Chodatia arillata,Chodatia arillata,Chodatia,,f,f,,,,,,,,,,,,,,,,,,,,,,,,,,,,null:,77377463-1,Ann. Missouri Bot. Gard.,urn:lsid:ipni.org:publications:1-2,2026,2026 [6 Mar 2026],[6 Mar 2026],J.F.B.Pastore,spec.,Ann. Missouri Bot. Gard. 111(1): 14. 2026 [6 Mar 2026] ,,doi:10.3417/20261005,,,11,arillata,,,f,t,,,,,,,Buch.-Ham.@1242-1@2@bas$D.Don@18136-1@3@basEx$J.F.B.Pastore@20007046-2@1@aut,,,comb. nov.,,1.3,f,chodatia~arillata,polygalaceaechodatia~arillata~,82,wfo-1000088988,,species,,,,,Ann. Missouri Bot. Gard. 111(1): 14 (2026),https://www.ipni.org/n/77377464-1,IPNI record: 77377464-1
urn:lsid:ipni.org:names:77377465-1,(Dunn) J.F.B.Pastore,Polygalaceae Polygala globulifera Dunn,(Dunn),691504-1,,,111(1): 18,,,,,,,,,,,,07/03/2026 01:41,09/03/2026 14:46,,,Polygalaceae,Chodatia globulifera,Chodatia globulifera,Chodatia,,f,f,,,,,,,,,,,,,,,,,,,,,,,,,,,,null:,77377463-1,Ann. Missouri Bot. Gard.,urn:lsid:ipni.org:publications:1-2,2026,2026 [6 Mar 2026],[6 Mar 2026],J.F.B.Pastore,spec.,Ann. Missouri Bot. Gard. 111(1): 18. 2026 [6 Mar 2026] ,,doi:10.3417/20261005,,,11,globulifera,,,f,t,,,,,,,Dunn@2383-1@2@bas$J.F.B.Pastore@20007046-2@1@aut,,,comb. nov.,,1.3,f,chodatia~globulifera,polygalaceaechodatia~globulifera~,83,wfo-1000088989,,species,,,,,Ann. Missouri Bot. Gard. 111(1): 18 (2026),https://www.ipni.org/n/77377465-1,IPNI record: 77377465-1
urn:lsid:ipni.org:names:77377466-1,(H.Koyama) J.F.B.Pastore,Polygalaceae Polygala kradungensis H.Koyama,(H.Koyama),77106994-1,,,111(1): 18,,,,,,,,,,,,07/03/2026 01:51,09/03/2026 15:04,,,Polygalaceae,Chodatia kradungensis,Chodatia kradungensis,Chodatia,,f,f,,,,,,,,,,,,,,,,,,,,,,,,,,,,null:,77377463-1,Ann. Missouri Bot. Gard.,urn:lsid:ipni.org:publications:1-2,2026,2026 [6 Mar 2026],[6 Mar 2026],J.F.B.Pastore,spec.,Ann. Missouri Bot. Gard. 111(1): 18. 2026 [6 Mar 2026] ,,doi:10.3417/20261005,,,11,kradungensis,,,f,t,,,,,,,J.F.B.Pastore@20007046-2@1@aut$H.Koyama@5001-1@2@bas,,,comb. nov.,,1.3,f,chodatia~kradungensis,polygalaceaechodatia~kradungensis~,84,wfo-1000088990,,species,,,,,Ann. Missouri Bot. Gard. 111(1): 18 (2026),https://www.ipni.org/n/77377466-1,IPNI record: 77377466-1
urn:lsid:ipni.org:names:77377467-1,(Hassk.) J.F.B.Pastore,Polygalaceae Chamaebuxus paniculata Hassk.,(Hassk.),690190-1,,,111(1): 19,,,,,,,,,,,,07/03/2026 01:54,09/03/2026 15:09,,,Polygalaceae,Chodatia paniculata,Chodatia paniculata,Chodatia,,f,f,,,,,,,,,,,,,,,,,,,,,,,,,,,,null:,77377463-1,Ann. Missouri Bot. Gard.,urn:lsid:ipni.org:publications:1-2,2026,2026 [6 Mar 2026],[6 Mar 2026],J.F.B.Pastore,spec.,Ann. Missouri Bot. Gard. 111(1): 19. 2026 [6 Mar 2026] ,,doi:10.3417/20261005,,,11,paniculata,,,f,t,,,,,,,Hassk.@3719-1@2@bas$J.F.B.Pastore@20007046-2@1@aut,,,comb. nov.,,1.3,f,chodatia~paniculata,polygalaceaechodatia~paniculata~,85,wfo-1000088991,,species,,,,,Ann. Missouri Bot. Gard. 111(1): 19 (2026),https://www.ipni.org/n/77377467-1,IPNI record: 77377467-1
urn:lsid:ipni.org:names:77377468-1,"(X.L.Yu, J.J.Zhou & A.Liu) J.F.B.Pastore","Polygalaceae Polygala qii X.L.Yu, J.J.Zhou & A.Liu","(X.L.Yu, J.J.Zhou & A.Liu)",77344993-1,,,111(1): 19,,,,,,,,,,,,07/03/2026 01:57,09/03/2026 15:10,,,Polygalaceae,Chodatia qii,Chodatia qii,Chodatia,,f,f,,,,,,,,,,,,,,,,,,,,,,,,,,,,null:,77377463-1,Ann. Missouri Bot. Gard.,urn:lsid:ipni.org:publications:1-2,2026,2026 [6 Mar 2026],[6 Mar 2026],J.F.B.Pastore,spec.,Ann. Missouri Bot. Gard. 111(1): 19. 2026 [6 Mar 2026] ,,doi:10.3417/20261005,,,11,qii,,,f,t,,,,,,,X.L.Yu@20025507-1@2@bas$A.Liu@20046398-1@4@bas$J.J.Zhou@20028277-1@3@bas$J.F.B.Pastore@20007046-2@1@aut,,,comb. nov.,,1.3,f,chodatia~qii,polygalaceaechodatia~qii~,86,wfo-1000088992,,species,,,,,Ann. Missouri Bot. Gard. 111(1): 19 (2026),https://www.ipni.org/n/77377468-1,IPNI record: 77377468-1
urn:lsid:ipni.org:names:77377469-1,(Franch. & Sav.) J.F.B.Pastore,Polygalaceae Polygala reinii Franch. & Sav.,(Franch. & Sav.),692183-1,,,111(1): 19,,,,,,,,,,,,07/03/2026 01:59,09/03/2026 15:11,,,Polygalaceae,Chodatia reinii,Chodatia reinii,Chodatia,,f,f,,,,,,,,,,,,,,,,,,,,,,,,,,,,null:,77377463-1,Ann. Missouri Bot. Gard.,urn:lsid:ipni.org:publications:1-2,2026,2026 [6 Mar 2026],[6 Mar 2026],J.F.B.Pastore,spec.,Ann. Missouri Bot. Gard. 111(1): 19. 2026 [6 Mar 2026] ,,doi:10.3417/20261005,,,11,reinii,,,f,t,,,,,,,Sav.@8971-1@3@bas$J.F.B.Pastore@20007046-2@1@aut$Franch.@2869-1@2@bas,,,comb. nov.,,1.3,f,chodatia~reinii,polygalaceaechodatia~reinii~,87,wfo-1000088993,,species,,,,,Ann. Missouri Bot. Gard. 111(1): 19 (2026),https://www.ipni.org/n/77377469-1,IPNI record: 77377469-1
urn:lsid:ipni.org:names:77377470-1,(Miq.) J.F.B.Pastore,Polygalaceae Polygala sumatrana Miq.,(Miq.),692422-1,,,111(1): 19,,,,,,,,,,,,07/03/2026 02:01,09/03/2026 15:11,,,Polygalaceae,Chodatia sumatrana,Chodatia sumatrana,Chodatia,,f,f,,,,,,,,,,,,,,,,,,,,,,,,,,,,null:,77377463-1,Ann. Missouri Bot. Gard.,urn:lsid:ipni.org:publications:1-2,2026,2026 [6 Mar 2026],[6 Mar 2026],J.F.B.Pastore,spec.,Ann. Missouri Bot. Gard. 111(1): 19. 2026 [6 Mar 2026] ,,doi:10.3417/20261005,,,11,sumatrana,,,f,t,,,,,,,Miq.@6509-1@2@bas$J.F.B.Pastore@20007046-2@1@aut,,,comb. nov.,,1.3,f,chodatia~sumatrana,polygalaceaechodatia~sumatrana~,88,wfo-1000088994,,species,,,,,Ann. Missouri Bot. Gard. 111(1): 19 (2026),https://www.ipni.org/n/77377470-1,IPNI record: 77377470-1
urn:lsid:ipni.org:names:77377471-1,(Chodat) J.F.B.Pastore,Polygalaceae Polygala tonkinensis Chodat,(Chodat),692470-1,,,111(1): 19,,,,,,,,,,,,07/03/2026 02:03,09/03/2026 15:13,,,Polygalaceae,Chodatia tonkinensis,Chodatia tonkinensis,Chodatia,,f,f,,,,,,,,,,,,,,,,,,,,,,,,,,,,null:,77377463-1,Ann. Missouri Bot. Gard.,urn:lsid:ipni.org:publications:1-2,2026,2026 [6 Mar 2026],[6 Mar 2026],J.F.B.Pastore,spec.,Ann. Missouri Bot. Gard. 111(1): 19. 2026 [6 Mar 2026] ,,doi:10.3417/20261005,,,11,tonkinensis,,,f,t,,,,,,,J.F.B.Pastore@20007046-2@1@aut$Chodat@1611-1@2@bas,,,comb. nov.,,1.3,f,chodatia~tonkinensis,polygalaceaechodatia~tonkinensis~,89,wfo-1000088995,,species,,,,,Ann. Missouri Bot. Gard. 111(1): 19 (2026),https://www.ipni.org/n/77377471-1,IPNI record: 77377471-1
urn:lsid:ipni.org:names:77377472-1,(Juss. ex Poir.) J.F.B.Pastore,Polygalaceae Polygala venenosa Juss. ex Poir.,(Juss. ex Poir.),692537-1,,,111(1): 19,,,,,,,,,,,,07/03/2026 02:04,11/03/2026 10:53,,,Polygalaceae,Chodatia venenosa,Chodatia venenosa,Chodatia,,f,f,,,,,,,,,,,,,,,,,,,,,,,,,,,,null:,77377463-1,Ann. Missouri Bot. Gard.,urn:lsid:ipni.org:publications:1-2,2026,2026 [6 Mar 2026],[6 Mar 2026],J.F.B.Pastore,spec.,Ann. Missouri Bot. Gard. 111(1): 19. 2026 [6 Mar 2026] ,,doi:10.3417/20261005,,,11,venenosa,,,f,t,,,,,,,J.F.B.Pastore@20007046-2@1@aut$Juss.@4596-1@2@bas$Poir.@24945-1@3@basEx,,,comb. nov.,,1.4,f,chodatia~venenosa,polygalaceaechodatia~venenosa~,90,wfo-1000088996,,species,,,,,Ann. Missouri Bot. Gard. 111(1): 19 (2026),https://www.ipni.org/n/77377472-1,IPNI record: 77377472-1
urn:lsid:ipni.org:names:77377473-1,(Desf.) Kunze,Caryophyllaceae Silene ramosissima Desf.,(Desf.),158199-1,,,29(40): 629,,,,,,,,,,,,07/03/2026 03:34,09/03/2026 16:34,,,Caryophyllaceae,Silene niceensis var. ramosissima,Silene niceensis var. ramosissima,Silene,,f,f,,,,,ramosissima,,,,,,,,,,,,,,,,,,,,,,,null:,157901-1,Flora,urn:lsid:ipni.org:publications:648-2,1846,1846 [28 Oct 1846],[28 Oct 1846],Kunze,var.,Flora 29(40): 629. 1846 [28 Oct 1846] ,,,,,11,niceensis,All.,,f,t,,,,,,,Desf.@17958-1@2@bas$Kunze@21870-1@1@aut,All.@0-0@1@aut,,comb. et stat. nov.,,1.3,f,silene~niceensisramosissima,caryophyllaceaesilene~niceensisramosissima,91,wfo-1200117712,,variety,,,,,Flora 29(40): 629 (1846),https://www.ipni.org/n/77377473-1,IPNI record: 77377473-1
urn:lsid:ipni.org:names:77377476-1,S.Jess.,,,,,,19: 92,,7,,7,,SJ-4242,2022,,S.Jeßen,,,08/03/2026 09:24,09/03/2026 13:26,"Switzerland (Middle Europe, Europe)",E,Woodsiaceae,Cystopteris × heptaploidea,Cystopteris × heptaploidea,Cystopteris,,t,f,"17076270-1,20009255-1","(Cystopteris alpina Desv. × Cystopteris pseudoregia (Rivas Mart., T.E.Díaz, Fern.Prieto, Loidi & Penas) Rivas Mart.)",,,,,,46,42,45,"Kanton Bern: Axalp südl. Brienz: Karflur bei Alp Urserli, 1805 m",8,4,2,,,,,,N,,,,,,,,,331105-2,Kochia,urn:lsid:ipni.org:publications:20008447-1,2026,2026 [8 Mar 2026],[8 Mar 2026],S.Jess.,spec.,Kochia 19: 92. 2026 [8 Mar 2026] ,,doi:10.21248/kochia.v19.280 [english] Etymology: Benannt nach dem heptaploiden Ploidiegrad der Pflanze [named after the heptaploid ploidy level of the plant].,,,11,heptaploidea,,,f,t,,holotype JE,,,,,S.Jess.@36505-1@1@aut,,,tax. nov.,,1.3,f,cystopteris~heptaploidea,woodsiaceaecystopteris~heptaploidea~,92,wfo-1000088997,,species,,,,,Kochia 19: 92 (2026),https://www.ipni.org/n/77377476-1,IPNI record: 77377476-1
urn:lsid:ipni.org:names:77377477-1,(Raf.) J.F.B.Pastore,Polygalaceae Triclisperma Raf.,(Raf.),32402-1,,,111(1): 11,,,,,,,,,,,,08/03/2026 12:12,09/03/2026 14:24,,,Polygalaceae,Chamaebuxus sect. Triclisperma,Chamaebuxus sect. Triclisperma,Chamaebuxus,,f,f,,,,triclisperma,,,,,,,,,,,,,,,,,,,,,,,,null:,77353291-1,Ann. Missouri Bot. Gard.,urn:lsid:ipni.org:publications:1-2,2026,2026 [6 Mar 2026],[6 Mar 2026],J.F.B.Pastore,sect.,Ann. Missouri Bot. Gard. 111(1): 11. 2026 [6 Mar 2026] ,,doi:10.3417/20261005,,,11,,,,f,t,,,,,,,Raf.@8096-1@2@bas$J.F.B.Pastore@20007046-2@1@aut,,,comb. et stat. nov.,,1.3,f,chamaebuxustriclisperma,polygalaceaechamaebuxustriclisperma~~,93,wfo-1000088998,,section,,,,,Ann. Missouri Bot. Gard. 111(1): 11 (2026),https://www.ipni.org/n/77377477-1,IPNI record: 77377477-1
urn:lsid:ipni.org:names:77377478-1,Mukerjee,,,,,,12: 32,,,,,,s.n.,,,"Bourdillon, T.F.",,,08/03/2026 12:19,09/03/2026 16:02,,,Polygalaceae,Polygala arillata f. chartacea,Polygala arillata f. chartacea,Polygala,,f,f,,,,,chartacea,,,,,,"India. Travancore, 4500 ft. (1500 m)",,,,,,,,,,,,,,,,,,691079-1,Bull. Bot. Soc. Bengal,urn:lsid:ipni.org:publications:3689-2,1958,1958,,Mukerjee,f.,Bull. Bot. Soc. Bengal 12: 32. 1958 ,,,,,10,arillata,Buch.-Ham. ex D.Don,,f,t,,holotype CAL,,,,,Mukerjee@37684-1@1@aut,D.Don@0-0@2@autEx$Buch.-Ham.@0-0@1@aut,,tax. nov.,,1.3,f,polygala~arillatachartacea,polygalaceaepolygala~arillatachartacea,94,wfo-0001403970,,form,,,,,Bull. Bot. Soc. Bengal 12: 32 (1958),https://www.ipni.org/n/77377478-1,IPNI record: 77377478-1
urn:lsid:ipni.org:names:77377479-1,(R.N.Banerjee & G.S.Giri) J.F.B.Pastore,Polygalaceae Polygala arillata Buch.-Ham. ex D.Don var. laevicarpa R.N.Banerjee & G.S.Giri,(R.N.Banerjee & G.S.Giri),950107-1,,,111(1): 18,,,,,,,,,,,,08/03/2026 12:25,09/03/2026 14:39,,,Polygalaceae,Chodatia arillata var. laevicarpa,Chodatia arillata var. laevicarpa,Chodatia,,f,f,,,,,laevicarpa,,,,,,,,,,,,,,,,,,,,,,,null:,77377464-1,Ann. Missouri Bot. Gard.,urn:lsid:ipni.org:publications:1-2,2026,2026 [6 Mar 2026],[6 Mar 2026],J.F.B.Pastore,var.,Ann. Missouri Bot. Gard. 111(1): 18. 2026 [6 Mar 2026] ,,doi:10.3417/20261005,,,11,arillata,(Buch.-Ham. ex D.Don) J.F.B.Pastore,,f,t,,,,,,,G.S.Giri@19375-1@3@bas$R.N.Banerjee@441-1@2@bas$J.F.B.Pastore@20007046-2@1@aut,J.F.B.Pastore@0-0@1@aut$D.Don@0-0@3@basEx$Buch.-Ham.@0-0@2@bas,,comb. nov.,,1.3,f,chodatia~arillatalaevicarpa,polygalaceaechodatia~arillatalaevicarpa,95,wfo-1200117713,,variety,,,,,Ann. Missouri Bot. Gard. 111(1): 18 (2026),https://www.ipni.org/n/77377479-1,IPNI record: 77377479-1
urn:lsid:ipni.org:names:77377480-1,(Mukerjee) J.F.B.Pastore,Polygalaceae Polygala arillata Buch.-Ham. ex D.Don f. chartacea Mukerjee,(Mukerjee),77377478-1,,,111(1): 18,,,,,,,,,,,,08/03/2026 12:27,09/03/2026 14:38,,,Polygalaceae,Chodatia arillata var. chartacea,Chodatia arillata var. chartacea,Chodatia,,f,f,,,,,chartacea,,,,,,,,,,,,,,,,,,,,,,,null:,77377464-1,Ann. Missouri Bot. Gard.,urn:lsid:ipni.org:publications:1-2,2026,2026 [6 Mar 2026],[6 Mar 2026],J.F.B.Pastore,var.,Ann. Missouri Bot. Gard. 111(1): 18. 2026 [6 Mar 2026] ,,doi:10.3417/20261005,,,11,arillata,(Buch.-Ham. ex D.Don) J.F.B.Pastore,,f,t,,,,,,,J.F.B.Pastore@20007046-2@1@aut$Mukerjee@37684-1@2@bas,Buch.-Ham.@0-0@2@bas$D.Don@0-0@3@basEx$J.F.B.Pastore@0-0@1@aut,,comb. nov.,,1.3,f,chodatia~arillatachartacea,polygalaceaechodatia~arillatachartacea,96,wfo-1200117714,,variety,,,,,Ann. Missouri Bot. Gard. 111(1): 18 (2026),https://www.ipni.org/n/77377480-1,IPNI record: 77377480-1
urn:lsid:ipni.org:names:77377481-1,Gagnep.,,,,,,Suppl. 1: 231,,,,,,,,,,,,08/03/2026 12:33,09/03/2026 16:08,,,Polygalaceae,Polygala arillata var. ovata,Polygala arillata var. ovata,Polygala,,f,f,,,,,ovata,,,,,,,,,,,,,,,,,,,,,,,,691079-1,Fl. Indo-Chine,urn:lsid:ipni.org:publications:1197-2,1939,1939,,Gagnep.,var.,Fl. Indo-Chine Suppl. 1: 231. 1939 ,,,,,8,arillata,Buch.-Ham. ex D.Don,,f,t,,,,,,,Gagnep.@2978-1@1@aut,Buch.-Ham.@0-0@1@aut$D.Don@0-0@2@autEx,,tax. nov.,,1.1.1.2,f,polygala~arillataovata,polygalaceaepolygala~arillataovata,97,wfo-0001219791,,variety,,,,,Fl. Indo-Chine Suppl. 1: 231 (1939),https://www.ipni.org/n/77377481-1,IPNI record: 77377481-1
urn:lsid:ipni.org:names:77377482-1,(Gagnep.) J.F.B.Pastore,Polygalaceae Polygala arillata Buch.-Ham. ex D.Don var. ovata Gagnep.,(Gagnep.),77377481-1,,,111(1): 18,,,,,,,,,,,,08/03/2026 12:34,09/03/2026 14:40,,,Polygalaceae,Chodatia arillata var. ovata,Chodatia arillata var. ovata,Chodatia,,f,f,,,,,ovata,,,,,,,,,,,,,,,,,,,,,,,null:,77377464-1,Ann. Missouri Bot. Gard.,urn:lsid:ipni.org:publications:1-2,2026,2026 [6 Mar 2026],[6 Mar 2026],J.F.B.Pastore,var.,Ann. Missouri Bot. Gard. 111(1): 18. 2026 [6 Mar 2026] ,,doi:10.3417/20261005,,,11,arillata,(Buch.-Ham. ex D.Don) J.F.B.Pastore,,f,t,,,,,,,Gagnep.@2978-1@2@bas$J.F.B.Pastore@20007046-2@1@aut,D.Don@0-0@3@basEx$J.F.B.Pastore@0-0@1@aut$Buch.-Ham.@0-0@2@bas,,comb. nov.,,1.3,f,chodatia~arillataovata,polygalaceaechodatia~arillataovata,98,wfo-1200117715,,variety,,,,,Ann. Missouri Bot. Gard. 111(1): 18 (2026),https://www.ipni.org/n/77377482-1,IPNI record: 77377482-1
urn:lsid:ipni.org:names:77377483-1,(C.B.Clarke ex Mukherji) J.F.B.Pastore,Polygalaceae Polygala arillata Buch.-Ham. ex D.Don var. purpurascens C.B.Clarke ex Mukherji,(C.B.Clarke ex Mukherji),60458318-2,,,111(1): 18,,,,,,,,,,,,08/03/2026 12:36,09/03/2026 14:41,,,Polygalaceae,Chodatia arillata var. purpurascens,Chodatia arillata var. purpurascens,Chodatia,,f,f,,,,,purpurascens,,,,,,,,,,,,,,,,,,,,,,,null:,77377464-1,Ann. Missouri Bot. Gard.,urn:lsid:ipni.org:publications:1-2,2026,2026 [6 Mar 2026],[6 Mar 2026],J.F.B.Pastore,var.,Ann. Missouri Bot. Gard. 111(1): 18. 2026 [6 Mar 2026] ,,doi:10.3417/20261005,,,11,arillata,(Buch.-Ham. ex D.Don) J.F.B.Pastore,,f,t,,,,,,,Mukherji@6763-1@3@basEx$C.B.Clarke@1669-1@2@bas$J.F.B.Pastore@20007046-2@1@aut,Buch.-Ham.@0-0@2@bas$D.Don@0-0@3@basEx$J.F.B.Pastore@0-0@1@aut,,comb. nov.,,1.3,f,chodatia~arillatapurpurascens,polygalaceaechodatia~arillatapurpurascens,99,wfo-1200117716,,variety,,,,,Ann. Missouri Bot. Gard. 111(1): 18 (2026),https://www.ipni.org/n/77377483-1,IPNI record: 77377483-1
urn:lsid:ipni.org:names:77377485-1,Mukerjee,,,,,,12: 32.,,,,,,,,,,,,08/03/2026 12:44,09/03/2026 15:02,,,Polygalaceae,Polygala arillata f. revoluta,Polygala arillata f. revoluta,Polygala,,f,f,,,,,revoluta,,,,,,,,,,,,,,,,,,,,,,,,691079-1,Bull. Bot. Soc. Bengal,urn:lsid:ipni.org:publications:3689-2,1958,1958,,Mukerjee,f.,Bull. Bot. Soc. Bengal 12: 32. 1958 ,,,,,8,arillata,Buch.-Ham. ex D.Don,,f,t,,,,,,,Mukerjee@37684-1@1@aut,D.Don@0-0@2@autEx$Buch.-Ham.@0-0@1@aut,,tax. nov.,,1.3,f,polygala~arillatarevoluta,polygalaceaepolygala~arillatarevoluta,100,wfo-0001403969,,form,,,,,Bull. Bot. Soc. Bengal 12: 32. (1958),https://www.ipni.org/n/77377485-1,IPNI record: 77377485-1
urn:lsid:ipni.org:names:77377486-1,D.F.Brunt.,,,,,,116(1): 24,,27,,8,,s.n.,1884,,L.F.Henderson,,,08/03/2026 23:38,09/03/2026 11:43,"Oregon (Northwestern U.S.A., Northern America);California (Southwestern U.S.A., Northern America);Montana (Northwestern U.S.A., Northern America);",W,Isoetaceae,Isoetes × hendersonii,Isoetes × hendersonii,Isoetes,,t,f,"130580-2,130484-2",(Isoetes occidentalis L.F.Hend. × Isoetes bolanderi Engelm.),,,,,,45,29,49,"Oregon: Hood River Co; Lost Lake near Mount Hood, Mount Hood National Forest, 961 m",121,49,10,,,,,,N,,,,,,,,,328186-2,Amer. Fern J.,urn:lsid:ipni.org:publications:1714-2,2026,2026 [24 Feb 2026],[24 Feb 2026],D.F.Brunt.,spec.,Amer. Fern J. 116(1): 24. 2026 [24 Feb 2026] ,,doi:10.1640/0002-8444-116.1.21 [english] Etymology: the specific epithet acknowledges the important floristic contributions of pioneer Pacific Northwest field botanist Louis F. Henderson.,,,11,hendersonii,,,f,t,,holotype NY NY03509554,,,,,D.F.Brunt.@16633-1@1@aut,,,tax. nov.,,1.3,f,isoetes~hendersonii,isoetaceaeisoetes~hendersonii~,101,wfo-1000088999,,species,,,,,Amer. Fern J. 116(1): 24 (2026),https://www.ipni.org/n/77377486-1,IPNI record: 77377486-1
urn:lsid:ipni.org:names:77377487-1,"(Fée) Schwartsb., J.Prado, R.Y.Hirai & Labiak",Polypodiaceae Goniophlebium pectinans Fée,(Fée),17109160-1,,,116(1): 84,,,,,,,,,,,,08/03/2026 23:41,09/03/2026 11:18,,,Polypodiaceae,Serpocaulon pectinans,Serpocaulon pectinans,Serpocaulon,,f,f,,,,,,,,,,,,,,,,,,,,,,,,,,,,null:,77075081-1,Amer. Fern J.,urn:lsid:ipni.org:publications:1714-2,2026,2026 [24 Feb 2026],[24 Feb 2026],"Schwartsb., J.Prado, R.Y.Hirai & Labiak",spec.,Amer. Fern J. 116(1): 84. 2026 [24 Feb 2026] ,,doi:10.1640/0002-8444-116.1.62,,,11,pectinans,,,f,t,,,,,,,Schwartsb.@20009077-2@1@aut$J.Prado@36516-1@2@aut$Labiak@39510-1@4@aut$Fée@18692-1@5@bas$R.Y.Hirai@20012353-2@3@aut,,,comb. nov.,,1.3,f,serpocaulon~pectinans,polypodiaceaeserpocaulon~pectinans~,102,wfo-1000089000,,species,,,,,Amer. Fern J. 116(1): 84 (2026),https://www.ipni.org/n/77377487-1,IPNI record: 77377487-1
urn:lsid:ipni.org:names:77377488-1,"(Fée) Schwartsb., J.Prado, R.Y.Hirai & Labiak",Polypodiaceae Goniophlebium pictum Fée,(Fée),112211-2,,,116(1): 85,,,,,,,,,,,,08/03/2026 23:42,09/03/2026 11:27,,,Polypodiaceae,Serpocaulon pictum,Serpocaulon pictum,Serpocaulon,,f,f,,,,,,,,,,,,,,,,,,,,,,,,,,,,null:,77075081-1,Amer. Fern J.,urn:lsid:ipni.org:publications:1714-2,2026,2026 [24 Feb 2026],[24 Feb 2026],"Schwartsb., J.Prado, R.Y.Hirai & Labiak",spec.,Amer. Fern J. 116(1): 85. 2026 [24 Feb 2026] ,,doi:10.1640/0002-8444-116.1.62,,,11,pictum,,,f,t,,,,,,,Fée@18692-1@5@bas$J.Prado@36516-1@2@aut$Schwartsb.@20009077-2@1@aut$R.Y.Hirai@20012353-2@3@aut$Labiak@39510-1@4@aut,,,comb. nov.,,1.3,f,serpocaulon~pictum,polypodiaceaeserpocaulon~pictum~,103,wfo-1000089001,,species,,,,,Amer. Fern J. 116(1): 85 (2026),https://www.ipni.org/n/77377488-1,IPNI record: 77377488-1
urn:lsid:ipni.org:names:77377489-1,"Schwartsb., J.Prado, R.Y.Hirai & Labiak",,,,,,116(1): 88,,24,,1,,2303,2010,,P.B.Schwartsburd et al.,,,08/03/2026 23:47,09/03/2026 11:30,"São Paulo (Brazil Southeast, Brazil, Southern America)",W,Polypodiaceae,Serpocaulon pratorum,Serpocaulon pratorum,Serpocaulon,,f,f,,,,,,,,22,41,9,"São Bento do Sapucaí, Pedra do Bauzinho, 1830 m",45,39,25,,,,,,S,,,,,,,,,77075081-1,Amer. Fern J.,urn:lsid:ipni.org:publications:1714-2,2026,2026 [24 Feb 2026],[24 Feb 2026],"Schwartsb., J.Prado, R.Y.Hirai & Labiak",spec.,Amer. Fern J. 116(1): 88. 2026 [24 Feb 2026] ,,"doi:10.1640/0002-8444-116.1.62 [english] Etymology: the specific epithet, pratorum, means 'of the prairies', which is the main vegetation around the forest islands where the species occurs.",,,11,pratorum,,,f,t,,holotype SP;isotype VIC,,,,,J.Prado@36516-1@2@aut$Schwartsb.@20009077-2@1@aut$Labiak@39510-1@4@aut$R.Y.Hirai@20012353-2@3@aut,,,tax. nov.,,1.3,f,serpocaulon~pratorum,polypodiaceaeserpocaulon~pratorum~,104,wfo-1000089002,,species,,,,,Amer. Fern J. 116(1): 88 (2026),https://www.ipni.org/n/77377489-1,IPNI record: 77377489-1
urn:lsid:ipni.org:names:77377490-1,"Schwartsb., J.Prado, R.Y.Hirai & Labiak",,,,,,116(1): 91,,,,,,629,,,F.B.Matos,,,08/03/2026 23:52,09/03/2026 11:32,"Bahia (Brazil Northeast, Brazil, Southern America);Espírito Santo (Brazil Southeast, Brazil, Southern America);",W,Polypodiaceae,Serpocaulon simplicifolium,Serpocaulon simplicifolium,Serpocaulon,,f,f,,,,,,,,15,23,25,"Bahia: Camacan. Fazenda Serra Bonita, 9.7 Km W de Camacanna estrada para Jacarecí, 835 m",39,33,58,,,,,,S,,,,,,,,,77075081-1,Amer. Fern J.,urn:lsid:ipni.org:publications:1714-2,2026,2026 [24 Feb 2026],[24 Feb 2026],"Schwartsb., J.Prado, R.Y.Hirai & Labiak",spec.,Amer. Fern J. 116(1): 91. 2026 [24 Feb 2026] ,,doi:10.1640/0002-8444-116.1.62 [english] Etymology: the specific epithet describes the simple leaves of this species.,,,11,simplicifolium,,,f,t,,holotype UPCB;isotype CEPEC,,,,,Schwartsb.@20009077-2@1@aut$Labiak@39510-1@4@aut$J.Prado@36516-1@2@aut$R.Y.Hirai@20012353-2@3@aut,,,tax. nov.,,1.3,f,serpocaulon~simplicifolium,polypodiaceaeserpocaulon~simplicifolium~,105,wfo-1000089003,,species,,,,,Amer. Fern J. 116(1): 91 (2026),https://www.ipni.org/n/77377490-1,IPNI record: 77377490-1
urn:lsid:ipni.org:names:77377491-1,"Schwartsb., J.Prado, R.Y.Hirai & Labiak",,,,,,116(1): 92,,16,,5,,3215,2014,,"P.B.Schwartsburd, L.S.Rabelo, A.Gonçalves da Silva, C.V.Miranda &amp; L.R.Lopes",,,08/03/2026 23:55,09/03/2026 11:36,"Minas Gerais (Brazil Southeast, Brazil, Southern America);Rio de Janeiro (Brazil Southeast, Brazil, Southern America);São Paulo (Brazil Southeast, Brazil, Southern America);",,Polypodiaceae,Serpocaulon swartziifolium,Serpocaulon swartziifolium,Serpocaulon,,f,f,,,,,,,,,,,"Minas Gerais. Araponga, P.E. Serra do Brigadeiro, Trilha do Carvão, iniciada por Bom Jesus do Madeira",,,,,,,,,,,,,,,,,,77075081-1,Amer. Fern J.,urn:lsid:ipni.org:publications:1714-2,2026,2026 [24 Feb 2026],[24 Feb 2026],"Schwartsb., J.Prado, R.Y.Hirai & Labiak",spec.,Amer. Fern J. 116(1): 92. 2026 [24 Feb 2026] ,,doi:10.1640/0002-8444-116.1.62 [english] Etymology: the specific epithet refers to the resemblance of the leaves of Serpocaulon swartziifolium to those of Swartzia Schreb. (Fabaceae).,,,11,swartziifolium,,,f,t,,holotype VIC;isotype HUCS;isotype NY;isotype RB;isotype SP;isotype UPCB,,,,,J.Prado@36516-1@2@aut$Labiak@39510-1@4@aut$R.Y.Hirai@20012353-2@3@aut$Schwartsb.@20009077-2@1@aut,,,tax. nov.,,1.3,f,serpocaulon~swartziifolium,polypodiaceaeserpocaulon~swartziifolium~,106,wfo-1000089004,,species,,,,,Amer. Fern J. 116(1): 92 (2026),https://www.ipni.org/n/77377491-1,IPNI record: 77377491-1
urn:lsid:ipni.org:names:77377492-1,Fisch. ex Ser.,,,,,,1: 365,,,,,,,1819,,Fischer,,,09/03/2026 03:40,10/03/2026 10:29,,,Caryophyllaceae,Saponaria vaccaria var. grandiflora,Saponaria vaccaria var. grandiflora,Saponaria,,f,f,,,,,grandiflora,,,,,,"Georgia (Gruzinia), Iberia, Tiflis",,,,,,,,,,,,,,,,,,227613-2,Prodr. [A. P. de Candolle],urn:lsid:ipni.org:publications:1051-2,1824,1824 [mid-Jan 1824],[mid-Jan 1824],Fisch. ex Ser.,var.,Prodr. [A. P. de Candolle] 1: 365. 1824 [mid-Jan 1824] ,,,,,9,vaccaria,L.,,f,t,,holotype G,,,,,Ser.@9500-1@2@autEx$Fisch.@2744-1@1@aut,L.@0-0@0@aut,,tax. nov.,,1.3,f,saponaria~vaccariagrandiflora,caryophyllaceaesaponaria~vaccariagrandiflora,107,wfo-1200117781,,variety,,,,,Prodr. [A. P. de Candolle] 1: 365 (1824),https://www.ipni.org/n/77377492-1,IPNI record: 77377492-1
urn:lsid:ipni.org:names:77377594-1,Spreng.,,,,,,4(2): 178,,,,,,,,,,,,09/03/2026 04:34,09/03/2026 12:16,,,Caryophyllaceae,Gypsophila dioica,Gypsophila dioica,Gypsophila,,f,f,,,,,,,,,,,,,,,,,,,,,,,,,,,,null:,30289697-2,"Syst. Veg., ed. 16.",urn:lsid:ipni.org:publications:14620-2,1827,1827 [Jan-Jun 1827],[Jan-Jun 1827],Spreng.,spec.,"Syst. Veg., ed. 16. 4(2): 178. 1827 [Jan-Jun 1827] ",,,156582-1,,9,dioica,,,f,t,,,,,,,Spreng.@9992-1@1@aut,,,nom. nov.,,1.3,f,gypsophila~dioica,caryophyllaceaegypsophila~dioica~,108,wfo-0000713489,,species,,,,,"Syst. Veg., ed. 16. 4(2): 178 (1827)",https://www.ipni.org/n/77377594-1,IPNI record: 77377594-1
urn:lsid:ipni.org:names:77377595-1,"Sarv.K.Singh, D.F.Brunt. & P.K.Shukla",,,,,,2026(x)-e05068: 6,,19,,9,,SPKS1327,2018,,S.K.Singh &amp; P.K.Shukla,,,09/03/2026 05:12,09/03/2026 10:59,"Rajasthan (India, Indian Subcontinent, Asia-Tropical)",E,Isoetaceae,Isoetes × atruensis,Isoetes × atruensis,Isoetes,,t,f,"324883-2,17509210-1",(Isoetes coromandelina L.f. × Isoetes rajasthanensis Gena & Bhardwaja),,,,,,24,53,22,"Baran district; Atru, on Malwa plateau, 1.4 km away from Atru railway station (towards Kota railway junction), 291.3 m",76,39,47,,,,,,N,,,,,,,,,328186-2,Nordic J. Bot.,urn:lsid:ipni.org:publications:2633-2,2026,2026 [6 Feb 2026],[6 Feb 2026],"Sarv.K.Singh, D.F.Brunt. & P.K.Shukla",spec.,Nordic J. Bot. 2026(x)-e05068: 6. [6 Feb 2026] ,,"doi:10.1002/njb.05068 Etymology: the specific epithet is derived from the name of the town and the area in the Baran district of Rajasthan, India, where the holotype was collected.",,,11,atruensis,,,f,t,,holotype CAL 1918A,,,,,Sarv.K.Singh@20031895-1@1@aut$P.K.Shukla@36522-1@3@aut$D.F.Brunt.@16633-1@2@aut,,,tax. nov.,,1.3,f,isoetes~atruensis,isoetaceaeisoetes~atruensis~,109,wfo-1000089005,,species,,,,,Nordic J. Bot. 2026(x)-e05068: 6 (2026),https://www.ipni.org/n/77377595-1,IPNI record: 77377595-1
urn:lsid:ipni.org:names:77377596-1,Laface & Torino,,,,,,5(4)-85: 12,,,,,,,,,,,,09/03/2026 06:57,10/03/2026 10:21,"Italy (Italy, Southeastern Europe, Europe)",,Orchidaceae,Ophrys × spampinatoi,Ophrys × spampinatoi,Ophrys,,t,f,"647940-1,647885-1",(Ophrys incubacea Bianca ex Tod. × Ophrys exaltata Ten.),,,,,,,,,,,,,"nom. inval.    Contrary to Art. 40.6., ICN (2025): on or after 1 Jan 2007, the type indicated in accordance with Art. 40 may not be an illustration. The authors cite an 'Iconotype' (photograph) in place of a holotype specimen. The term 'illustration' in the ICN designates a work of art or a photograph (see Art. 6.1.)",,nom. inval.,,,,,,,,,,,,30162-1,Conservation (Basel),urn:lsid:ipni.org:publications:20063255-1,2025,2025 [16 Dec 2025],[16 Dec 2025],Laface & Torino,spec.,"Conservation (Basel) 5(4)-85: 12. 2025 [16 Dec 2025] , as 'spampinatii'",", as 'spampinatii'","doi:10.3390/conservation5040085 Etymology: the epithet is dedicated to Prof. Giovanni Spampinato (Uni.Reggio C.), correctable to 'spampinatoi' under Art. 60.8.(a), ICN (2025).",,,8,spampinatoi,,,f,t,,,,,,,Torino@20071439-1@2@aut$Laface@0-0@1@aut,,,tax. nov.,,1.3,f,ophrys~spampinatoi,orchidaceaeophrys~spampinatoi~,110,wfo-1000089006,,species,invalid,,,,Conservation (Basel) 5(4)-85: 12 (2025),https://www.ipni.org/n/77377596-1,IPNI record: 77377596-1
urn:lsid:ipni.org:names:77377597-1,Laface & Torino,,,,,,5(4)-85: 15,,,,,,,,,,,,09/03/2026 07:05,10/03/2026 10:11,"Italy (Italy, Southeastern Europe, Europe)",,Orchidaceae,Ophrys × stilarensis,Ophrys × stilarensis,Ophrys,,t,f,"647885-1,60432394-2",(Ophrys exaltata Ten. × Ophrys brutia P.Delforge),,,,,,,,,,,,,"nom. inval.    Contrary to Art. 40.6., ICN (2025): on or after 1 Jan 2007, the type indicated in accordance with Art. 40 may not be an illustration. The authors cite an 'Iconotype' (photograph) in place of a holotype specimen. The term 'illustration' in the ICN designates a work of art or a photograph (see Art. 6.1.)",,nom. inval.,,,,,,,,,,,,30162-1,Conservation (Basel),urn:lsid:ipni.org:publications:20063255-1,2025,2025 [16 Dec 2025],[16 Dec 2025],Laface & Torino,spec.,Conservation (Basel) 5(4)-85: 15. 2025 [16 Dec 2025] ,,"doi:10.3390/conservation5040085 Etymology: the epithet derives from the Stilaro river, which flows near the towns of Stilo and Bivongi (Metropolitan City of Reggio Calabria, Southern Italy).",,,8,stilarensis,,,f,t,,,,,,,Torino@20071439-1@2@aut$Laface@0-0@1@aut,,,tax. nov.,,1.3,f,ophrys~stilarensis,orchidaceaeophrys~stilarensis~,111,wfo-1000089007,,species,invalid,,,,Conservation (Basel) 5(4)-85: 15 (2025),https://www.ipni.org/n/77377597-1,IPNI record: 77377597-1
urn:lsid:ipni.org:names:77377598-1,Laface & Torino,,,,,,5(4)-85: 9,,,,,,,,,,,,09/03/2026 07:12,10/03/2026 10:06,"Italy (Italy, Southeastern Europe, Europe)",,Orchidaceae,Ophrys × montis-stellae,Ophrys × montis-stellae,Ophrys,,t,f,"647787-1,647885-1",(Ophrys bertolonii Moretti × Ophrys exaltata Ten.),,,,,,,,,,,,,"nom. inval.    Contrary to Art. 40.6., ICN (2025): on or after 1 Jan 2007, the type indicated in accordance with Art. 40 may not be an illustration. The authors cite an 'Iconotype' (photograph) in place of a holotype specimen. The term 'illustration' in the ICN designates a work of art or a photograph (see Art. 6.1.)",,nom. inval.,,,,,,,,,,,,30162-1,Conservation (Basel),urn:lsid:ipni.org:publications:20063255-1,2025,2025 [16 Dec 2025],[16 Dec 2025],Laface & Torino,spec.,Conservation (Basel) 5(4)-85: 9. 2025 [16 Dec 2025] ,,"doi:10.3390/conservation5040085 Etymology: the epithet refers to the place of discovery, namely from the Sanctuary of Monte Stella near the town of Pazzano (Metropolitan City of Reggio Calabria, Southern Italy).",,,8,montis-stellae,,,f,t,,,,,,,Laface@0-0@1@aut$Torino@20071439-1@2@aut,,,tax. nov.,,1.3,f,ophrys~montis-stellae,orchidaceaeophrys~montis-stellae~,112,wfo-1000089008,,species,invalid,,,,Conservation (Basel) 5(4)-85: 9 (2025),https://www.ipni.org/n/77377598-1,IPNI record: 77377598-1
urn:lsid:ipni.org:names:77377599-1,Laface & Torino,,,,,,5(4)-85: 6,,,,,,,,,,,,09/03/2026 07:17,10/03/2026 09:56,"Italy (Italy, Southeastern Europe, Europe)",,Orchidaceae,Dactylorhiza × aspromontana,Dactylorhiza × aspromontana,Dactylorhiza,,t,f,"626671-1,908657-1",(Dactylorhiza sambucina (L.) Soó × Dactylorhiza gervasiana (Tod.) H.Baumann & Künkele),,,,,,,,,,,,,"nom. inval.    Contrary to Art. 40.6., ICN (2025): on or after 1 Jan 2007, the type indicated in accordance with Art. 40 may not be an illustration. The authors cite an 'Iconotype' (photograph) in place of a holotype specimen. The term 'illustration' in the ICN designates a work of art or a photograph (see Art. 6.1.)",,nom. inval.,,,,,,,,,,,,30032968-2,Conservation (Basel),urn:lsid:ipni.org:publications:20063255-1,2025,2025 [16 Dec 2025],[16 Dec 2025],Laface & Torino,spec.,Conservation (Basel) 5(4)-85: 6. 2025 [16 Dec 2025] ,,"doi:10.3390/conservation5040085 Etymology: the epithet refers to Aspromonte massif in Calabria (Southern Italy), where the hybrid was naturally discovered.",,,8,aspromontana,,,f,t,,,,,,,Laface@0-0@1@aut$Torino@20071439-1@2@aut,,,tax. nov.,,1.4,f,dactylorhiza~aspromontana,orchidaceaedactylorhiza~aspromontana~,113,wfo-1000089009,,species,invalid,,,,Conservation (Basel) 5(4)-85: 6 (2025),https://www.ipni.org/n/77377599-1,IPNI record: 77377599-1
urn:lsid:ipni.org:names:77377600-1,(Mukerjee) J.F.B.Pastore,Polygalaceae Polygala arillata Buch.-Ham. ex D.Don f. revoluta Mukerjee,(Mukerjee),77377485-1,,,111(1): 18,,,,,,,,,,,,09/03/2026 09:59,09/03/2026 14:42,,,Polygalaceae,Chodatia arillata var. revoluta,Chodatia arillata var. revoluta,Chodatia,,f,f,,,,,revoluta,,,,,,,,,,,,,,,,,,,,,,,null:,77377464-1,Ann. Missouri Bot. Gard.,urn:lsid:ipni.org:publications:1-2,2026,2026 [6 Mar 2026],[6 Mar 2026],J.F.B.Pastore,var.,Ann. Missouri Bot. Gard. 111(1): 18. 2026 [6 Mar 2026] ,,doi:10.3417/20261005,,,11,arillata,(Buch.-Ham. ex D.Don) J.F.B.Pastore,,f,t,,,,,,,J.F.B.Pastore@20007046-2@1@aut$Mukerjee@37684-1@2@bas,D.Don@0-0@3@basEx$J.F.B.Pastore@0-0@1@aut$Buch.-Ham.@0-0@2@bas,,comb. nov.,,1.3,f,chodatia~arillatarevoluta,polygalaceaechodatia~arillatarevoluta,114,wfo-1200117717,,variety,,,,,Ann. Missouri Bot. Gard. 111(1): 18 (2026),https://www.ipni.org/n/77377600-1,IPNI record: 77377600-1
urn:lsid:ipni.org:names:77377601-1,Merr. ex Elmer,,,,,,5: 1663,,,,,,,,,,,,09/03/2026 09:59,09/03/2026 09:59,,,Aquifoliaceae,Ilex guerreroi,Ilex guerreroi,Ilex,,f,f,,,,,,,,,,,,,,,nom. inval. nom. nud.,,nom. inval.,,,,,,,,,,,,60437220-2,Leafl. Philipp. Bot.,urn:lsid:ipni.org:publications:1161-2,1913,1913,,Merr. ex Elmer,spec.,"Leafl. Philipp. Bot. 5: 1663. 1913 , as 'guerreroii'",", as 'guerreroii'",,,,9,guerreroi,,,f,t,,,,,,,Merr.@6376-1@1@aut$Elmer@2522-1@2@autEx,,,tax. nov.,,1.1,f,ilex~guerreroi,aquifoliaceaeilex~guerreroi~,115,wfo-1000089010,,species,invalid,,,,Leafl. Philipp. Bot. 5: 1663 (1913),https://www.ipni.org/n/77377601-1,IPNI record: 77377601-1
urn:lsid:ipni.org:names:77377602-1,(F.W.Xing & Z.X.Li) J.F.B.Pastore,Polygalaceae Polygala bawanglingensis F.W.Xing & Z.X.Li,(F.W.Xing & Z.X.Li),958534-1,,,111(1): 21,,,,,,,,,,,,09/03/2026 10:01,11/03/2026 10:55,,,Polygalaceae,Heterosamara bawanglingensis,Heterosamara bawanglingensis,Heterosamara,,f,f,,,,,,,,,,,,,,,,,,,,,,,,,,,,null:,32353-1,Ann. Missouri Bot. Gard.,urn:lsid:ipni.org:publications:1-2,2026,2026 [6 Mar 2026],[6 Mar 2026],J.F.B.Pastore,spec.,Ann. Missouri Bot. Gard. 111(1): 21. 2026 [6 Mar 2026] ,,doi:10.3417/20261005,,,11,bawanglingensis,,,f,t,,,,,,,J.F.B.Pastore@20007046-2@1@aut$Z.X.Li@15314-1@3@bas$F.W.Xing@35355-1@2@bas,,,comb. nov.,,1.4,f,heterosamara~bawanglingensis,polygalaceaeheterosamara~bawanglingensis~,116,wfo-1000089011,,species,,,,,Ann. Missouri Bot. Gard. 111(1): 21 (2026),https://www.ipni.org/n/77377602-1,IPNI record: 77377602-1
urn:lsid:ipni.org:names:77377603-1,(W.H.Chen & Y.M.Shui) J.F.B.Pastore,Polygalaceae Polygala carnosicaulis W.H.Chen & Y.M.Shui,(W.H.Chen & Y.M.Shui),20008267-1,,,111(1): 22,,,,,,,,,,,,09/03/2026 10:05,09/03/2026 15:20,,,Polygalaceae,Heterosamara carnosicaulis,Heterosamara carnosicaulis,Heterosamara,,f,f,,,,,,,,,,,,,,,,,,,,,,,,,,,,null:,32353-1,Ann. Missouri Bot. Gard.,urn:lsid:ipni.org:publications:1-2,2026,2026 [6 Mar 2026],[6 Mar 2026],J.F.B.Pastore,spec.,Ann. Missouri Bot. Gard. 111(1): 22. 2026 [6 Mar 2026] ,,doi:10.3417/20261005,,,11,carnosicaulis,,,f,t,,,,,,,J.F.B.Pastore@20007046-2@1@aut$W.H.Chen@40224-1@2@bas$Y.M.Shui@37052-1@3@bas,,,comb. nov.,,1.3,f,heterosamara~carnosicaulis,polygalaceaeheterosamara~carnosicaulis~,117,wfo-1000089012,,species,,,,,Ann. Missouri Bot. Gard. 111(1): 22 (2026),https://www.ipni.org/n/77377603-1,IPNI record: 77377603-1
urn:lsid:ipni.org:names:77377604-1,(Pendry) J.F.B.Pastore,Polygalaceae Polygala obliqua Pendry,(Pendry),77134464-1,,,111(1): 25,,,,,,,,,,,,09/03/2026 10:07,09/03/2026 15:21,,,Polygalaceae,Heterosamara obliqua,Heterosamara obliqua,Heterosamara,,f,f,,,,,,,,,,,,,,,,,,,,,,,,,,,,null:,32353-1,Ann. Missouri Bot. Gard.,urn:lsid:ipni.org:publications:1-2,2026,2026 [6 Mar 2026],[6 Mar 2026],J.F.B.Pastore,spec.,Ann. Missouri Bot. Gard. 111(1): 25. 2026 [6 Mar 2026] ,,doi:10.3417/20261005,,,11,obliqua,,,f,t,,,,,,,J.F.B.Pastore@20007046-2@1@aut$Pendry@37811-1@2@bas,,,comb. nov.,,1.3,f,heterosamara~obliqua,polygalaceaeheterosamara~obliqua~,118,wfo-1000089013,,species,,,,,Ann. Missouri Bot. Gard. 111(1): 25 (2026),https://www.ipni.org/n/77377604-1,IPNI record: 77377604-1
urn:lsid:ipni.org:names:77377605-1,(B.L.Burtt) J.F.B.Pastore,Polygalaceae Polygala oreotrephes B.L.Burtt,(B.L.Burtt),691971-1,,,111(1): 25,,,,,,,,,,,,09/03/2026 10:09,09/03/2026 15:22,,,Polygalaceae,Heterosamara oreotrephes,Heterosamara oreotrephes,Heterosamara,,f,f,,,,,,,,,,,,,,,,,,,,,,,,,,,,null:,32353-1,Ann. Missouri Bot. Gard.,urn:lsid:ipni.org:publications:1-2,2026,2026 [6 Mar 2026],[6 Mar 2026],J.F.B.Pastore,spec.,Ann. Missouri Bot. Gard. 111(1): 25. 2026 [6 Mar 2026] ,,,,,11,oreotrephes,,,f,t,,,,,,,J.F.B.Pastore@20007046-2@1@aut$B.L.Burtt@1315-1@2@bas,,,comb. nov.,,1.3,f,heterosamara~oreotrephes,polygalaceaeheterosamara~oreotrephes~,119,wfo-1000089014,,species,,,,,Ann. Missouri Bot. Gard. 111(1): 25 (2026),https://www.ipni.org/n/77377605-1,IPNI record: 77377605-1
urn:lsid:ipni.org:names:77377606-1,(Gagnep.) J.F.B.Pastore,Polygalaceae Polygala pyroloides Gagnep.,(Gagnep.),692152-1,,,111(1): 25,,,,,,,,,,,,09/03/2026 10:10,09/03/2026 15:23,,,Polygalaceae,Heterosamara pyroloides,Heterosamara pyroloides,Heterosamara,,f,f,,,,,,,,,,,,,,,,,,,,,,,,,,,,null:,32353-1,Ann. Missouri Bot. Gard.,urn:lsid:ipni.org:publications:1-2,2026,2026 [6 Mar 2026],[6 Mar 2026],J.F.B.Pastore,spec.,Ann. Missouri Bot. Gard. 111(1): 25. 2026 [6 Mar 2026] ,,doi:10.3417/20261005,,,11,pyroloides,,,f,t,,,,,,,Gagnep.@2978-1@2@bas$J.F.B.Pastore@20007046-2@1@aut,,,comb. nov.,,1.3,f,heterosamara~pyroloides,polygalaceaeheterosamara~pyroloides~,120,wfo-1000089015,,species,,,,,Ann. Missouri Bot. Gard. 111(1): 25 (2026),https://www.ipni.org/n/77377606-1,IPNI record: 77377606-1
urn:lsid:ipni.org:names:77377607-1,(H.Lév.) J.F.B.Pastore,Polygalaceae Polygala dunniana H.Lév.,(H.Lév.),691381-1,,,111(1): 27,,,,,,,,,,,,09/03/2026 10:14,09/03/2026 15:29,,,Polygalaceae,Heterosamara dunniana,Heterosamara dunniana,Heterosamara,,f,f,,,,,,,,,,,,,,,,,,,,,,,,,,,,null:,32353-1,Ann. Missouri Bot. Gard.,urn:lsid:ipni.org:publications:1-2,2026,2026 [6 Mar 2026],[6 Mar 2026],J.F.B.Pastore,spec.,Ann. Missouri Bot. Gard. 111(1): 27. 2026 [6 Mar 2026] ,,doi:10.3417/20261005,,,11,dunniana,,,f,t,,,,,,,J.F.B.Pastore@20007046-2@1@aut$H.Lév.@12648-1@2@bas,,,comb. nov.,,1.3,f,heterosamara~dunniana,polygalaceaeheterosamara~dunniana~,121,wfo-1000089016,,species,,,,,Ann. Missouri Bot. Gard. 111(1): 27 (2026),https://www.ipni.org/n/77377607-1,IPNI record: 77377607-1
urn:lsid:ipni.org:names:77377608-1,(Chun & F.C.How) J.F.B.Pastore,Polygalaceae Polygala hainanensis Chun & F.C.How,(Chun & F.C.How),691548-1,,,111(1): 27,,,,,,,,,,,,09/03/2026 10:15,11/03/2026 11:00,,,Polygalaceae,Heterosamara hainanensis,Heterosamara hainanensis,Heterosamara,,f,f,,,,,,,,,,,,,,,,,,,,,,,,,,,,null:,32353-1,Ann. Missouri Bot. Gard.,urn:lsid:ipni.org:publications:1-2,2026,2026 [6 Mar 2026],[6 Mar 2026],J.F.B.Pastore,spec.,Ann. Missouri Bot. Gard. 111(1): 27. 2026 [6 Mar 2026] ,,doi:10.3417/20261005,,,11,hainanensis,,,f,t,,,,,,,Chun@1644-1@2@bas$F.C.How@4151-1@3@bas$J.F.B.Pastore@20007046-2@1@aut,,,comb. nov.,,1.4,f,heterosamara~hainanensis,polygalaceaeheterosamara~hainanensis~,122,wfo-1000089017,,species,,,,,Ann. Missouri Bot. Gard. 111(1): 27 (2026),https://www.ipni.org/n/77377608-1,IPNI record: 77377608-1
urn:lsid:ipni.org:names:77377609-1,(Chun & F.C.How) J.F.B.Pastore,Polygalaceae Polygala hainanensis Chun & F.C.How var. strigosa Chun & F.C.How,(Chun & F.C.How),77252051-1,,,111(1): 27,,,,,,,,,,,,09/03/2026 10:18,11/03/2026 11:00,,,Polygalaceae,Heterosamara hainanensis var. strigosa,Heterosamara hainanensis var. strigosa,Heterosamara,,f,f,,,,,strigosa,,,,,,,,,,,,,,,,,,,,,,,null:,77377608-1,Ann. Missouri Bot. Gard.,urn:lsid:ipni.org:publications:1-2,2026,2026 [6 Mar 2026],[6 Mar 2026],J.F.B.Pastore,var.,Ann. Missouri Bot. Gard. 111(1): 27. 2026 [6 Mar 2026] ,,doi:10.3417/20261005,,,9,hainanensis,(Chun & F.C.How) J.F.B.Pastore,,f,t,,,,,,,J.F.B.Pastore@20007046-2@1@aut$F.C.How@0-0@3@bas$Chun@1644-1@2@bas,J.F.B.Pastore@0-0@1@aut$F.C.How@0-0@3@bas$Chun@1644-1@2@bas,,comb. nov.,,1.4,f,heterosamara~hainanensisstrigosa,polygalaceaeheterosamara~hainanensisstrigosa,123,wfo-1200117718,,variety,,,,,Ann. Missouri Bot. Gard. 111(1): 27 (2026),https://www.ipni.org/n/77377609-1,IPNI record: 77377609-1
urn:lsid:ipni.org:names:77377610-1,(Kurz) J.F.B.Pastore,Polygalaceae Polygala karensium Kurz,(Kurz),691660-1,,,111(1): 29,,,,,,,,,,,,09/03/2026 10:19,09/03/2026 15:31,,,Polygalaceae,Heterosamara karensium,Heterosamara karensium,Heterosamara,,f,f,,,,,,,,,,,,,,,,,,,,,,,,,,,,null:,32353-1,Ann. Missouri Bot. Gard.,urn:lsid:ipni.org:publications:1-2,2026,2026 [6 Mar 2026],[6 Mar 2026],J.F.B.Pastore,spec.,Ann. Missouri Bot. Gard. 111(1): 29. 2026 [6 Mar 2026] ,,doi:10.3417/20261005,,,11,karensium,,,f,t,,,,,,,Kurz@5157-1@2@bas$J.F.B.Pastore@20007046-2@1@aut,,,comb. nov.,,1.3,f,heterosamara~karensium,polygalaceaeheterosamara~karensium~,124,wfo-1000089018,,species,,,,,Ann. Missouri Bot. Gard. 111(1): 29 (2026),https://www.ipni.org/n/77377610-1,IPNI record: 77377610-1
urn:lsid:ipni.org:names:77377611-1,(Merr.) J.F.B.Pastore,Polygalaceae Polygala koi Merr.,(Merr.),691675-1,,,111(1): 29,,,,,,,,,,,,09/03/2026 10:21,09/03/2026 15:38,,,Polygalaceae,Heterosamara koi,Heterosamara koi,Heterosamara,,f,f,,,,,,,,,,,,,,,,,,,,,,,,,,,,null:,32353-1,Ann. Missouri Bot. Gard.,urn:lsid:ipni.org:publications:1-2,2026,2026 [6 Mar 2026],[6 Mar 2026],J.F.B.Pastore,spec.,Ann. Missouri Bot. Gard. 111(1): 29. 2026 [6 Mar 2026] ,,doi:10.3417/20261005,,,11,koi,,,f,t,,,,,,,Merr.@6376-1@2@bas$J.F.B.Pastore@20007046-2@1@aut,,,comb. nov.,,1.3,f,heterosamara~koi,polygalaceaeheterosamara~koi~,125,wfo-1000089019,,species,,,,,Ann. Missouri Bot. Gard. 111(1): 29 (2026),https://www.ipni.org/n/77377611-1,IPNI record: 77377611-1
urn:lsid:ipni.org:names:77377612-1,(Merr.) J.F.B.Pastore,Polygalaceae Polygala lancilimba Merr.,(Merr.),691690-1,,,111(1): 29,,,,,,,,,,,,09/03/2026 10:23,09/03/2026 15:39,,,Polygalaceae,Heterosamara lancilimba,Heterosamara lancilimba,Heterosamara,,f,f,,,,,,,,,,,,,,,,,,,,,,,,,,,,null:,32353-1,Ann. Missouri Bot. Gard.,urn:lsid:ipni.org:publications:1-2,2026,2026 [6 Mar 2026],[6 Mar 2026],J.F.B.Pastore,spec.,Ann. Missouri Bot. Gard. 111(1): 29. 2026 [6 Mar 2026] ,,doi:10.3417/20261005,,,11,lancilimba,,,f,t,,,,,,,Merr.@6376-1@2@bas$J.F.B.Pastore@20007046-2@1@aut,,,comb. nov.,,1.3,f,heterosamara~lancilimba,polygalaceaeheterosamara~lancilimba~,126,wfo-1000089020,,species,,,,,Ann. Missouri Bot. Gard. 111(1): 29 (2026),https://www.ipni.org/n/77377612-1,IPNI record: 77377612-1
urn:lsid:ipni.org:names:77377613-1,(Franch.) J.F.B.Pastore,Polygalaceae Polygala latouchei Franch.,(Franch.),691698-1,,,111(1): 31,,,,,,,,,,,,09/03/2026 10:25,09/03/2026 15:40,,,Polygalaceae,Heterosamara latouchei,Heterosamara latouchei,Heterosamara,,f,f,,,,,,,,,,,,,,,,,,,,,,,,,,,,null:,32353-1,Ann. Missouri Bot. Gard.,urn:lsid:ipni.org:publications:1-2,2026,2026 [6 Mar 2026],[6 Mar 2026],J.F.B.Pastore,spec.,Ann. Missouri Bot. Gard. 111(1): 31. 2026 [6 Mar 2026] ,,doi:10.3417/20261005,,,11,latouchei,,,f,t,,,,,,,Franch.@2869-1@2@bas$J.F.B.Pastore@20007046-2@1@aut,,,comb. nov.,,1.3,f,heterosamara~latouchei,polygalaceaeheterosamara~latouchei~,127,wfo-1000089021,,species,,,,,Ann. Missouri Bot. Gard. 111(1): 31 (2026),https://www.ipni.org/n/77377613-1,IPNI record: 77377613-1
urn:lsid:ipni.org:names:77377614-1,(H.V.Lai & T.V.Do) J.F.B.Pastore & Agust.Martinez,Polygalaceae Polygala tamdaoensis H.V.Lai & T.V.Do,(H.V.Lai & T.V.Do),77360581-1,,,111(1): 31,,,,,,,,,,,,09/03/2026 10:27,09/03/2026 15:41,,,Polygalaceae,Heterosamara tamdaoensis,Heterosamara tamdaoensis,Heterosamara,,f,f,,,,,,,,,,,,,,,,,,,,,,,,,,,,null:,32353-1,Ann. Missouri Bot. Gard.,urn:lsid:ipni.org:publications:1-2,2026,2026 [6 Mar 2026],[6 Mar 2026],J.F.B.Pastore & Agust.Martinez,spec.,Ann. Missouri Bot. Gard. 111(1): 31. 2026 [6 Mar 2026] ,,doi:10.3417/20261005,,,11,tamdaoensis,,,f,t,,,,,,,T.V.Do@20024831-1@4@bas$J.F.B.Pastore@20007046-2@1@aut$Agust.Martinez@20047415-1@2@aut$H.V.Lai@20086413-1@3@bas,,,comb. nov.,,1.3,f,heterosamara~tamdaoensis,polygalaceaeheterosamara~tamdaoensis~,128,wfo-1000089022,,species,,,,,Ann. Missouri Bot. Gard. 111(1): 31 (2026),https://www.ipni.org/n/77377614-1,IPNI record: 77377614-1
urn:lsid:ipni.org:names:77377615-1,(S.K.Chen & J.Parn.) J.F.B.Pastore,Polygalaceae Polygala wuzhishanensis S.K.Chen & J.Parn.,(S.K.Chen & J.Parn.),77091053-1,,,111(1): 31,,,,,,,,,,,,09/03/2026 10:28,09/03/2026 15:41,,,Polygalaceae,Heterosamara wuzhishanensis,Heterosamara wuzhishanensis,Heterosamara,,f,f,,,,,,,,,,,,,,,,,,,,,,,,,,,,null:,32353-1,Ann. Missouri Bot. Gard.,urn:lsid:ipni.org:publications:1-2,2026,2026 [6 Mar 2026],[6 Mar 2026],J.F.B.Pastore,spec.,Ann. Missouri Bot. Gard. 111(1): 31. 2026 [6 Mar 2026] ,,doi:10.3417/20261005,,,11,wuzhishanensis,,,f,t,,,,,,,J.F.B.Pastore@20007046-2@1@aut$J.Parn.@12439-1@3@bas$S.K.Chen@15105-1@2@bas,,,comb. nov.,,1.3,f,heterosamara~wuzhishanensis,polygalaceaeheterosamara~wuzhishanensis~,129,wfo-1000089023,,species,,,,,Ann. Missouri Bot. Gard. 111(1): 31 (2026),https://www.ipni.org/n/77377615-1,IPNI record: 77377615-1
urn:lsid:ipni.org:names:77377616-1,(Pendry) J.F.B.Pastore,Polygalaceae Polygala perdurans Pendry,(Pendry),998293-1,,,111(1): 31,,,,,,,,,,,,09/03/2026 10:30,09/03/2026 15:42,,,Polygalaceae,Heterosamara perdurans,Heterosamara perdurans,Heterosamara,,f,f,,,,,,,,,,,,,,,,,,,,,,,,,,,,null:,32353-1,Ann. Missouri Bot. Gard.,urn:lsid:ipni.org:publications:1-2,2026,2026 [6 Mar 2026],[6 Mar 2026],J.F.B.Pastore,spec.,Ann. Missouri Bot. Gard. 111(1): 31. 2026 [6 Mar 2026] ,,doi:10.3417/20261005,,,11,perdurans,,,f,t,,,,,,,Pendry@37811-1@2@bas$J.F.B.Pastore@20007046-2@1@aut,,,comb. nov.,,1.3,f,heterosamara~perdurans,polygalaceaeheterosamara~perdurans~,130,wfo-1000089024,,species,,,,,Ann. Missouri Bot. Gard. 111(1): 31 (2026),https://www.ipni.org/n/77377616-1,IPNI record: 77377616-1
urn:lsid:ipni.org:names:77377617-1,J.F.B.Pastore,,,,,,111(1): 34,,,,,,,,,,,,09/03/2026 10:38,09/03/2026 15:55,,,Polygalaceae,Paivanthus,Paivanthus,Paivanthus,,f,f,,,,,,,,,,,,,,,,,,,,,,,,,,,,,30000688-2,Ann. Missouri Bot. Gard.,urn:lsid:ipni.org:publications:1-2,2026,2026 [6 Mar 2026],[6 Mar 2026],J.F.B.Pastore,gen.,Ann. Missouri Bot. Gard. 111(1): 34. 2026 [6 Mar 2026] ,,"doi:10.3417/20261005 [english] Etymology: The generic name Paivanthus J.F.B.Pastore is dedicated to the botanist Prof. Jorge Américo Rodrigues de Paiva, in recognition of his significant contributions to the taxonomy and systematics of Polygalaceae.",,,9,,,,f,t,77377621-1,,,,,,J.F.B.Pastore@20007046-2@1@aut,,,tax. nov.,,1.4,f,paivanthus,polygalaceaepaivanthus~~~,131,wfo-4100006480,,genus,,,,,Ann. Missouri Bot. Gard. 111(1): 34 (2026),https://www.ipni.org/n/77377617-1,IPNI record: 77377617-1
urn:lsid:ipni.org:names:77377618-1,(Jacq.-Fél.) J.F.B.Pastore,Polygalaceae Polygala bennae Jacq.-Fél.,(Jacq.-Fél.),691128-1,,,111(1): 34,,,,,,,,,,,,09/03/2026 10:40,09/03/2026 15:56,,,Polygalaceae,Paivanthus bennae,Paivanthus bennae,Paivanthus,,f,f,,,,,,,,,,,,,,,,,,,,,,,,,,,,null:,77377617-1,Ann. Missouri Bot. Gard.,urn:lsid:ipni.org:publications:1-2,2026,2026 [6 Mar 2026],[6 Mar 2026],J.F.B.Pastore,spec.,Ann. Missouri Bot. Gard. 111(1): 34. 2026 [6 Mar 2026] ,,doi:10.3417/20261005,,,11,bennae,,,f,t,,,,,,,J.F.B.Pastore@20007046-2@1@aut$Jacq.-Fél.@4385-1@2@bas,,,comb. nov.,,1.3,f,paivanthus~bennae,polygalaceaepaivanthus~bennae~,132,wfo-1000089025,,species,,,,,Ann. Missouri Bot. Gard. 111(1): 34 (2026),https://www.ipni.org/n/77377618-1,IPNI record: 77377618-1
urn:lsid:ipni.org:names:77377619-1,(Chodat) J.F.B.Pastore,Polygalaceae Polygala cabrae Chodat,(Chodat),691194-1,,,111(1): 37,,,,,,,,,,,,09/03/2026 10:42,09/03/2026 15:57,,,Polygalaceae,Paivanthus cabrae,Paivanthus cabrae,Paivanthus,,f,f,,,,,,,,,,,,,,,,,,,,,,,,,,,,null:,77377617-1,Ann. Missouri Bot. Gard.,urn:lsid:ipni.org:publications:1-2,2026,2026 [6 Mar 2026],[6 Mar 2026],J.F.B.Pastore,spec.,Ann. Missouri Bot. Gard. 111(1): 37. 2026 [6 Mar 2026] ,,doi:10.3417/20261005,,,11,cabrae,,,f,t,,,,,,,J.F.B.Pastore@20007046-2@1@aut$Chodat@1611-1@2@bas,,,comb. nov.,,1.3,f,paivanthus~cabrae,polygalaceaepaivanthus~cabrae~,133,wfo-1000089026,,species,,,,,Ann. Missouri Bot. Gard. 111(1): 37 (2026),https://www.ipni.org/n/77377619-1,IPNI record: 77377619-1
urn:lsid:ipni.org:names:77377620-1,(Exell & Mendonça) J.F.B.Pastore,Polygalaceae Polygala carrissoana Exell & Mendonça,(Exell & Mendonça),691223-1,,,111(1): 37,,,,,,,,,,,,09/03/2026 10:43,09/03/2026 15:58,,,Polygalaceae,Paivanthus carrissoanus,Paivanthus carrissoanus,Paivanthus,,f,f,,,,,,,,,,,,,,,,,,,,,,,,,,,,null:,77377617-1,Ann. Missouri Bot. Gard.,urn:lsid:ipni.org:publications:1-2,2026,2026 [6 Mar 2026],[6 Mar 2026],J.F.B.Pastore,spec.,Ann. Missouri Bot. Gard. 111(1): 37. 2026 [6 Mar 2026] ,,doi:10.3417/20261005,,,11,carrissoanus,,,f,t,,,,,,,J.F.B.Pastore@20007046-2@1@aut$Mendonça@6347-1@3@bas$Exell@2606-1@2@bas,,,comb. nov.,,1.3,f,paivanthus~carrissoanus,polygalaceaepaivanthus~carrissoanus~,134,wfo-1000089027,,species,,,,,Ann. Missouri Bot. Gard. 111(1): 37 (2026),https://www.ipni.org/n/77377620-1,IPNI record: 77377620-1
urn:lsid:ipni.org:names:77377621-1,(Chodat) J.F.B.Pastore,Polygalaceae Polygala engleri Chodat,(Chodat),691403-1,,,111(1): 37,,,,,,,,,,,,09/03/2026 10:44,09/03/2026 15:55,,,Polygalaceae,Paivanthus engleri,Paivanthus engleri,Paivanthus,,f,f,,,,,,,,,,,,,,,,,,,,,,,,,,,,null:,77377617-1,Ann. Missouri Bot. Gard.,urn:lsid:ipni.org:publications:1-2,2026,2026 [6 Mar 2026],[6 Mar 2026],J.F.B.Pastore,spec.,Ann. Missouri Bot. Gard. 111(1): 37. 2026 [6 Mar 2026] ,,doi:10.3417/20261005,,,11,engleri,,,f,t,,,,,,,J.F.B.Pastore@20007046-2@1@aut$Chodat@1611-1@2@bas,,,comb. nov.,,1.3,f,paivanthus~engleri,polygalaceaepaivanthus~engleri~,135,wfo-1000089028,,species,,,,,Ann. Missouri Bot. Gard. 111(1): 37 (2026),https://www.ipni.org/n/77377621-1,IPNI record: 77377621-1
urn:lsid:ipni.org:names:77377622-1,(Hook.f.) J.F.B.Pastore,Polygalaceae Polygala galpinii Hook.f.,(Hook.f.),691477-1,,,111(1): 37,,,,,,,,,,,,09/03/2026 10:46,09/03/2026 15:58,,,Polygalaceae,Paivanthus galpinii,Paivanthus galpinii,Paivanthus,,f,f,,,,,,,,,,,,,,,,,,,,,,,,,,,,null:,77377617-1,Ann. Missouri Bot. Gard.,urn:lsid:ipni.org:publications:1-2,2026,2026 [6 Mar 2026],[6 Mar 2026],J.F.B.Pastore,spec.,Ann. Missouri Bot. Gard. 111(1): 37. 2026 [6 Mar 2026] ,,doi:10.3417/20261005,,,11,galpinii,,,f,t,,,,,,,Hook.f.@4084-1@2@bas$J.F.B.Pastore@20007046-2@1@aut,,,comb. nov.,,1.3,f,paivanthus~galpinii,polygalaceaepaivanthus~galpinii~,136,wfo-1000089029,,species,,,,,Ann. Missouri Bot. Gard. 111(1): 37 (2026),https://www.ipni.org/n/77377622-1,IPNI record: 77377622-1
urn:lsid:ipni.org:names:77377623-1,(Oliv.) J.F.B.Pastore,Polygalaceae Polygala mannii Oliv.,(Oliv.),691805-1,,,111(1): 37,,,,,,,,,,,,09/03/2026 10:47,09/03/2026 15:59,,,Polygalaceae,Paivanthus mannii,Paivanthus mannii,Paivanthus,,f,f,,,,,,,,,,,,,,,,,,,,,,,,,,,,null:,77377617-1,Ann. Missouri Bot. Gard.,urn:lsid:ipni.org:publications:1-2,2026,2026 [6 Mar 2026],[6 Mar 2026],J.F.B.Pastore,spec.,Ann. Missouri Bot. Gard. 111(1): 37. 2026 [6 Mar 2026] ,,doi:10.3417/20261005,,,11,mannii,,,f,t,,,,,,,Oliv.@7128-1@2@bas$J.F.B.Pastore@20007046-2@1@aut,,,comb. nov.,,1.3,f,paivanthus~mannii,polygalaceaepaivanthus~mannii~,137,wfo-1000089030,,species,,,,,Ann. Missouri Bot. Gard. 111(1): 37 (2026),https://www.ipni.org/n/77377623-1,IPNI record: 77377623-1
urn:lsid:ipni.org:names:77377624-1,(C.Y.Wu & S.K.Chen) J.F.B.Pastore,Polygalaceae Polygala tricornis Gagnep. var. obcordata C.Y.Wu & S.K.Chen,(C.Y.Wu & S.K.Chen),888450-1,,,111(1): 29,,,,,,,,,,,,09/03/2026 10:51,09/03/2026 15:37,,,Polygalaceae,Heterosamara karensium var. obcordata,Heterosamara karensium var. obcordata,Heterosamara,,f,f,,,,,obcordata,,,,,,,,,,,,,,,,,,,,,,,null:,77377610-1,Ann. Missouri Bot. Gard.,urn:lsid:ipni.org:publications:1-2,2026,2026 [6 Mar 2026],[6 Mar 2026],J.F.B.Pastore,var.,Ann. Missouri Bot. Gard. 111(1): 29. 2026 [6 Mar 2026] ,,doi:10.3417/20261005,,,11,karensium,(Kurz) J.F.B.Pastore,,f,t,,,,,,,C.Y.Wu@11888-1@2@bas$S.K.Chen@15105-1@3@bas$J.F.B.Pastore@20007046-2@1@aut,Kurz@0-0@2@bas$J.F.B.Pastore@0-0@1@aut,,comb. nov.,,1.3,f,heterosamara~karensiumobcordata,polygalaceaeheterosamara~karensiumobcordata,138,wfo-1200117719,,variety,,,,,Ann. Missouri Bot. Gard. 111(1): 29 (2026),https://www.ipni.org/n/77377624-1,IPNI record: 77377624-1
urn:lsid:ipni.org:names:77377625-1,(S.K.Chen) J.F.B.Pastore,Polygalaceae Polygala sect. Saxicola S.K.Chen,(S.K.Chen),957218-1,,,111(1): 27,,,,,,,,,,,,09/03/2026 10:53,09/03/2026 15:28,,,Polygalaceae,Heterosamara sect. Saxicola,Heterosamara sect. Saxicola,Heterosamara,,f,f,,,,saxicola,,,,,,,,,,,,,,,,,,,,,,,,null:,32353-1,Ann. Missouri Bot. Gard.,urn:lsid:ipni.org:publications:1-2,2026,2026 [6 Mar 2026],[6 Mar 2026],J.F.B.Pastore,sect.,Ann. Missouri Bot. Gard. 111(1): 27. 2026 [6 Mar 2026] ,,doi:10.3417/20261005,,,11,,,,f,t,,,,,,,S.K.Chen@15105-1@2@bas$J.F.B.Pastore@20007046-2@1@aut,,,comb. nov.,,1.3,f,heterosamarasaxicola,polygalaceaeheterosamarasaxicola~~,139,wfo-1200117782,,section,,,,,Ann. Missouri Bot. Gard. 111(1): 27 (2026),https://www.ipni.org/n/77377625-1,IPNI record: 77377625-1
urn:lsid:ipni.org:names:77377626-1,J.F.B.Pastore,,,,,,111(1): 25,,,,,,,,,,,,09/03/2026 10:54,09/03/2026 15:26,,,Polygalaceae,Heterosamara sect. Ecristata,Heterosamara sect. Ecristata,Heterosamara,,f,f,,,,ecristata,,,,,,,,,,,,,,,,,,,,,,,,,32353-1,Ann. Missouri Bot. Gard.,urn:lsid:ipni.org:publications:1-2,2026,2026 [6 Mar 2026],[6 Mar 2026],J.F.B.Pastore,sect.,Ann. Missouri Bot. Gard. 111(1): 25. 2026 [6 Mar 2026] ,,doi:10.3417/20261005 [english],,,8,,,,f,t,,,Heterosamara tatarinowii (Regel) Paiva,,,,J.F.B.Pastore@20007046-2@1@aut,,,tax. nov.,,1.3,f,heterosamaraecristata,polygalaceaeheterosamaraecristata~~,140,wfo-1000089031,,section,,,,,Ann. Missouri Bot. Gard. 111(1): 25 (2026),https://www.ipni.org/n/77377626-1,IPNI record: 77377626-1
urn:lsid:ipni.org:names:77377627-1,Jongkind,,,,,,271: 242,,17,,6,,874,1968,,JWA Jansen,,,09/03/2026 12:57,10/03/2026 14:12,"Liberia (West Tropical Africa, Africa)",,Annonaceae,Uvaria tobliensis,Uvaria tobliensis,Uvaria,,f,f,,,,,,,,,,,"Grand Gedeh, 'along the road from Tapita to Chien, 13 miles NE of Tobli'",,,,,,,,,,,,,,,,,,30043123-2,PhytoKeys,urn:lsid:ipni.org:publications:20011997-1,2026,2026 [10 Mar 2026],[10 Mar 2026],Jongkind,spec.,PhytoKeys 271: 242. 2026 [10 Mar 2026] ,,doi:10.3897/phytokeys.271.188903 [english] Etymology: the new species is named after the village near the type location.,,,11,tobliensis,,,f,t,,holotype WAG WAG.1418465;isotype U U.1074856,,,,,Jongkind@35765-1@1@aut,,,tax. nov.,,1.3,f,uvaria~tobliensis,annonaceaeuvaria~tobliensis~,141,wfo-1000089032,,species,,,,,PhytoKeys 271: 242 (2026),https://www.ipni.org/n/77377627-1,IPNI record: 77377627-1
urn:lsid:ipni.org:names:77377628-1,S.Jess.,,,,,,19: 90,,11,,9,,4306/2,2024,,S.Jeßen,,,09/03/2026 13:40,10/03/2026 14:42,"Switzerland (Middle Europe, Europe);Bulgaria (Southeastern Europe, Europe);",,Woodsiaceae,Cystopteris × axalpensis,Cystopteris × axalpensis,Cystopteris,,t,f,"17076270-1,30013429-2",(Cystopteris alpina Desv. × Cystopteris fragilis (L.) Bernh.),,,,,,,,,"Switzerland: Kanton Bern: Axalp südlich Brienz, Kalkfelsen am Weg von Chruttmettli zur Alp Urserli, 1761 m",,,,,,,,,,,,,,,,,,331105-2,Kochia,urn:lsid:ipni.org:publications:20008447-1,2026,2026 [8 Mar 2026],[8 Mar 2026],S.Jess.,spec.,Kochia 19: 90. 2026 [8 Mar 2026] ,,doi:10.21248/kochia.v19.280 Etymology: the epithet is named for the place in which the hybrid was discovered.  Note: hybrid parents cited as: C. alpina x C. fragilis (6x).,,,11,axalpensis,,,f,t,,holotype JE,,,,,S.Jess.@36505-1@1@aut,,,tax. nov.,,1.2,f,cystopteris~axalpensis,woodsiaceaecystopteris~axalpensis~,142,wfo-1000089033,,species,,,,,Kochia 19: 90 (2026),https://www.ipni.org/n/77377628-1,IPNI record: 77377628-1
urn:lsid:ipni.org:names:77377629-1,S.Jess.,,,,,,19: 91,,9,,7,,4328,2025,,S.Jeßen,,,09/03/2026 13:48,23/03/2026 16:06,"Switzerland (Middle Europe, Europe)",,Woodsiaceae,Cystopteris × pertusionensis,Cystopteris × pertusionensis,Cystopteris,,t,f,"77377642-1,20009255-1","(Cystopteris huteri (Hausm. ex Milde) Shmakov × Cystopteris pseudoregia (Rivas Mart., T.E.Díaz, Fern.Prieto, Loidi & Penas) Rivas Mart.)",,,,,,,,,"Kanton Tessin: Alpe Pertusio unterh. Passo del Lucomagno: nach NW gerichtetes Dolomitfelsband hinter Sorgente del Brenno, c. 1838 m",,,,,,,,,,,,,,,,,,331105-2,Kochia,urn:lsid:ipni.org:publications:20008447-1,2026,2026 [8 Mar 2026],[8 Mar 2026],S.Jess.,spec.,Kochia 19: 91. 2026 [8 Mar 2026] ,,doi:10.21248/kochia.v19.280 Etymology: the epithet is named for the location where the the location where the first evidence of the hybrid was found.,,,11,pertusionensis,,,f,t,,holotype JE,,,,,S.Jess.@36505-1@1@aut,,,tax. nov.,,1.4,f,cystopteris~pertusionensis,woodsiaceaecystopteris~pertusionensis~,143,wfo-1000089034,,species,,,,,Kochia 19: 91 (2026),https://www.ipni.org/n/77377629-1,IPNI record: 77377629-1
urn:lsid:ipni.org:names:77377630-1,W.Marshall bis,,,,,,"29: 786, lxxv",,,,,,,,,,,,09/03/2026 13:51,09/03/2026 13:51,,,Caryophyllaceae,Dianthus × calalpinus,Dianthus × calalpinus,Dianthus,,t,f,"153033-1,153178-1",(Dianthus alpinus L. × Dianthus callizonus Schott & Kotschy),,,,,,,,,,,,,,,,,,,,,,,,,,,6245-1,J. Roy. Hort. Soc.,urn:lsid:ipni.org:publications:4808-2,,1904-1905,[1904-1905],W.Marshall bis,spec.,"J. Roy. Hort. Soc. 29: 786, lxxv. [1904-1905] , as 'Cal-alpinus' (lxxv) and 'call-alpinus' (786)",", as 'Cal-alpinus' (lxxv) and 'call-alpinus' (786)",,,,7,calalpinus,,,f,t,,,,,,,W.Marshall bis@20096682-1@1@aut,,,tax. nov.,,1.1,f,dianthus~calalpinus,caryophyllaceaedianthus~calalpinus~,144,wfo-1200117783,,species,,,,,"J. Roy. Hort. Soc. 29: 786, lxxv ()",https://www.ipni.org/n/77377630-1,IPNI record: 77377630-1
urn:lsid:ipni.org:names:77377631-1,(S.K.Chen) J.F.B.Pastore,Polygalaceae Polygala globulifera Dunn var. longiracemosa S.K.Chen,(S.K.Chen),888428-1,,,111(1): 18,,,,,,,,,,,,09/03/2026 14:52,09/03/2026 14:52,,,Polygalaceae,Chodatia globulifera var. longiracemosa,Chodatia globulifera var. longiracemosa,Chodatia,,f,f,,,,,longiracemosa,,,,,,,,,,,,,,,,,,,,,,,,77377465-1,Ann. Missouri Bot. Gard.,urn:lsid:ipni.org:publications:1-2,2026,2026 [6 Mar 2026],[6 Mar 2026],J.F.B.Pastore,var.,Ann. Missouri Bot. Gard. 111(1): 18. 2026 [6 Mar 2026] ,,doi:10.3417/20261005,,,11,globulifera,(Dunn) J.F.B.Pastore,,f,t,,,,,,,S.K.Chen@15105-1@2@bas$J.F.B.Pastore@20007046-2@1@aut,Dunn@2383-1@2@bas$J.F.B.Pastore@20007046-2@1@aut,,comb. nov.,,1.1,f,chodatia~globuliferalongiracemosa,polygalaceaechodatia~globuliferalongiracemosa,145,wfo-1200117720,,variety,,,,,Ann. Missouri Bot. Gard. 111(1): 18 (2026),https://www.ipni.org/n/77377631-1,IPNI record: 77377631-1
urn:lsid:ipni.org:names:77377632-1,(Hemsl.) J.F.B.Pastore,Polygalaceae Polygala fallax Hemsl.,(Hemsl.),691432-1,,,111(1): 18,,,,,,,,,,,,09/03/2026 14:56,10/03/2026 15:19,,,Polygalaceae,Chodatia fallax,Chodatia fallax,Chodatia,,f,f,,,,,,,,,,,,,,,,,,,,,,,,,,,,,77377463-1,Ann. Missouri Bot. Gard.,urn:lsid:ipni.org:publications:1-2,2026,2026 [6 Mar 2026],[6 Mar 2026],J.F.B.Pastore,spec.,Ann. Missouri Bot. Gard. 111(1): 18. 2026 [6 Mar 2026] ,,,,,11,fallax,,,f,t,,,,,,,Hemsl.@3825-1@2@bas$J.F.B.Pastore@20007046-2@1@aut,,,comb. nov.,,1.2,f,chodatia~fallax,polygalaceaechodatia~fallax~,146,wfo-1000089035,,species,,,,,Ann. Missouri Bot. Gard. 111(1): 18 (2026),https://www.ipni.org/n/77377632-1,IPNI record: 77377632-1
urn:lsid:ipni.org:names:77377633-1,Griseb.,,,,,,1: 371,,,,,,,,,Friedrichsthale,,,09/03/2026 15:29,09/03/2026 15:29,,,Apiaceae,Angelica sylvestris var. rumelica,Angelica sylvestris var. rumelica,Angelica,,f,f,,,,,rumelica,,,,,,"'In Bithynia, Thracia, Macedonia: ad rivulos Scardi alt. 850-2850'",,,,,,,,,,,,,,,,,,837777-1,Spic. Fl. Rumel.,urn:lsid:ipni.org:publications:3494-2,1843,1843,,Griseb.,var.,Spic. Fl. Rumel. 1: 371. 1843 ,,,,,8,sylvestris,L.,,f,t,,,,,,,Griseb.@3397-1@1@aut,L.@12653-1@1@aut,,tax. nov.,,1.1,f,angelica~sylvestrisrumelica,apiaceaeangelica~sylvestrisrumelica,147,wfo-1200117721,,variety,,,,,Spic. Fl. Rumel. 1: 371 (1843),https://www.ipni.org/n/77377633-1,IPNI record: 77377633-1
urn:lsid:ipni.org:names:77377634-1,J.F.B.Pastore,,,,,,111(1): 31,,,,,,,,,,,,09/03/2026 15:44,09/03/2026 15:44,,,Polygalaceae,Heterosamara sect. Spathulata,Heterosamara sect. Spathulata,Heterosamara,,f,f,,,,spathulata,,,,,,,,,,,,,,,,,,,,,,,,,32353-1,Ann. Missouri Bot. Gard.,urn:lsid:ipni.org:publications:1-2,2026,2026 [6 Mar 2026],[6 Mar 2026],J.F.B.Pastore,sect.,Ann. Missouri Bot. Gard. 111(1): 31. 2026 [6 Mar 2026] ,,doi:10.3417/20261005,,,8,,,,f,t,,,Heterosamara perdurans (Pendry) J.F.B.Pastore (= Polygala perdurans Pendry),,,,J.F.B.Pastore@20007046-2@1@aut,,,tax. nov.,,1.1,f,heterosamaraspathulata,polygalaceaeheterosamaraspathulata~~,148,wfo-1000089036,,section,,,,,Ann. Missouri Bot. Gard. 111(1): 31 (2026),https://www.ipni.org/n/77377634-1,IPNI record: 77377634-1
urn:lsid:ipni.org:names:77377635-1,Griseb.,,,,,,1: 57,,,,,,,,,,,,09/03/2026 17:04,09/03/2026 17:04,,,Leguminosae,Astragalus angustifolius var. bracteatus,Astragalus angustifolius var. bracteatus,Astragalus,,f,f,,,,,bracteatus,,,,,,'In rupestribus apricis regionis montanae m. Athûs alt.4500' copiose'.,,,,,,,,,,,,,,,,,,476151-1,Spic. Fl. Rumel.,urn:lsid:ipni.org:publications:3494-2,1843,1843,,Griseb.,var.,Spic. Fl. Rumel. 1: 57. 1843 ,,,,,9,angustifolius,Lam.,,f,t,,holotype GOET Grisebach no.611;isotype Herb. G.Boiss.,,,,,Griseb.@3397-1@1@aut,Lam.@5227-1@1@aut,,tax. nov.,,1.1,f,astragalus~angustifoliusbracteatus,leguminosaeastragalus~angustifoliusbracteatus,149,wfo-1200117722,,variety,,,,,Spic. Fl. Rumel. 1: 57 (1843),https://www.ipni.org/n/77377635-1,IPNI record: 77377635-1
urn:lsid:ipni.org:names:77377636-1,Utteridge & Nob.Tanaka,,,,,,744(3): 206,,30,,4,,4307,2018,,Armstrong et al.,,,10/03/2026 09:34,10/03/2026 09:34,"Myanmar (Indo-China, Asia-Tropical)",E,Myrsinaceae,Sadiria kachinensis,Sadiria kachinensis,Sadiria,,f,f,,,,,,,,27,36,34,"Kachin State: Putao District, Hponganrazi Wildlife Sanctuary, between Hponyinrazi camp 1 and camp 2, 2252 m",96,58,51,,,,,,N,,,,,,,,,27363-1,Phytotaxa,urn:lsid:ipni.org:publications:20011462-1,2026,2026 [10 Mar 2026],[10 Mar 2026],Utteridge & Nob.Tanaka,spec.,Phytotaxa 744(3): 206. 2026 [10 Mar 2026] ,,doi:10.11646/phytotaxa.744.3.1 Etymology: 'Named for Kachin State in Myanmar.',,,11,kachinensis,,,f,t,,holotype TNS TNS01341946;isotype E;isotype K K001927996;isotype NY NY04290161;isotype RAF,,,,,Utteridge@39298-1@1@aut$Nob.Tanaka@39184-1@2@aut,,,tax. nov.,,1.1,f,sadiria~kachinensis,myrsinaceaesadiria~kachinensis~,150,wfo-1000089037,,species,,,,,Phytotaxa 744(3): 206 (2026),https://www.ipni.org/n/77377636-1,IPNI record: 77377636-1
urn:lsid:ipni.org:names:77377637-1,"Ting Xu, S.X.Yu & H.Z.Feng",,,,,,744(3): 272,,22,,4,,202505221,2025,,Feng,,,10/03/2026 09:56,10/03/2026 09:56,"Guangxi (China Southeast, China, Asia-Temperate)",,Convallariaceae,Ophiopogon wangii,Ophiopogon wangii,Ophiopogon,,f,f,,,,,,,,,,,"Baise City, Tianlin County, Cenwanglaoshan National Nature Reserve,",,,,,,,,,,,,,,,,,,331251-2,Phytotaxa,urn:lsid:ipni.org:publications:20011462-1,2026,2026 [10 Mar 2026],[10 Mar 2026],"Ting Xu, S.X.Yu & H.Z.Feng",spec.,Phytotaxa 744(3): 272. 2026 [10 Mar 2026] ,,doi:10.11646/phytotaxa.744.3.7 Etymology: the specific epithet is named in honour for Chinese botanist Fa-Tsang Wang.,,,11,wangii,,,f,t,,holotype SYS,,Herbarium specimen prepared from the plant cultivated in garden in Zaozhuang University on 25 May 2025.,,,Ting Xu@20096446-1@1@aut$S.X.Yu@20014246-1@2@aut$H.Z.Feng@20047184-1@3@aut,,,tax. nov.,,1.1,f,ophiopogon~wangii,convallariaceaeophiopogon~wangii~,151,wfo-1000089038,,species,,,,,Phytotaxa 744(3): 272 (2026),https://www.ipni.org/n/77377637-1,IPNI record: 77377637-1
urn:lsid:ipni.org:names:77377638-1,"J.Qiu, M.S.Lin & D.Y.Tan",,,,,,744(3): 282,,15,,7,,2022-G-028,2022,,"Qiu, Lin &amp; Tan",,,10/03/2026 10:21,10/03/2026 11:54,"Xinjiang (China, Asia-Temperate)",E,Liliaceae,Gagea deyuaniana,Gagea deyuaniana,Gagea,,f,f,,,,,,,,43,7,12,"Ürümqi county, Glacier No.1 of Tianshan Mountains, 3830 m",86,49,16,,,,,,N,,,,,,,,,24276-1,Phytotaxa,urn:lsid:ipni.org:publications:20011462-1,2026,2026 [10 Mar 2026],[10 Mar 2026],"J.Qiu, M.S.Lin & D.Y.Tan",spec.,"Phytotaxa 744(3): 282. 2026 [10 Mar 2026] , as 'deyuanana'.",", as 'deyuanana'.","doi:10.11646/phytotaxa.744.3.8 Etymology: the specific epithet honours the Chinese botanist Deyuan Hong, an esteemed senior scholar whose groundbreaking and outstanding contributions have significantly advanced systematic and evolutionary botany in China. Epithet correctable under Art. 60.8.(d), ICN (2025).",,,11,deyuaniana,,,f,t,,holotype XJA;isotype XJBI,,,,,D.Y.Tan@39213-1@3@aut$M.S.Lin@20096712-1@2@aut$J.Qiu@20045671-1@1@aut,,,tax. nov.,,1.2,f,gagea~deyuaniana,liliaceaegagea~deyuaniana~,152,wfo-1000089039,,species,,,,,Phytotaxa 744(3): 282 (2026),https://www.ipni.org/n/77377638-1,IPNI record: 77377638-1
urn:lsid:ipni.org:names:77377639-1,C.M.Hui & J.Wei Li,,,,,,744(3): 289,,24,,9,,72423,2024,,"C.M.Hui, J.W.Li, H.F.Bao &amp; C.H.Zhang",,,10/03/2026 10:33,10/03/2026 10:33,"Yunnan (China South-Central, China, Asia-Temperate)",E,Poaceae,Dendrocalamus melanotrichus,Dendrocalamus melanotrichus,Dendrocalamus,,f,f,,,,,,,,23,11,54,"Lincang City, Cangyuan County, Menglai Township, 1388 m",99,14,47,,,,,,N,,,,,,,,,329796-2,Phytotaxa,urn:lsid:ipni.org:publications:20011462-1,2026,2026 [10 Mar 2026],[10 Mar 2026],C.M.Hui & J.Wei Li,spec.,Phytotaxa 744(3): 289. 2026 [10 Mar 2026] ,,doi:10.11646/phytotaxa.744.3.9 Etymology: 'The specific epithet ‘melanotrichus’ refers to the black setae on the abaxial surface of culm leaf sheath.',,,11,melanotrichus,,,f,t,,holotype SWFC;isotype SWFC,,,,,C.M.Hui@35918-1@1@aut$J.Wei Li@20088619-1@2@aut,,,tax. nov.,,1.1,f,dendrocalamus~melanotrichus,poaceaedendrocalamus~melanotrichus~,153,wfo-1000089040,,species,,,,,Phytotaxa 744(3): 289 (2026),https://www.ipni.org/n/77377639-1,IPNI record: 77377639-1
urn:lsid:ipni.org:names:77377640-1,C.R.Lin & Y.You,,,,,,744(3): 296,,,,,,2088,,,Chun-Rui Lin &amp; Yue You,,,10/03/2026 10:52,10/03/2026 10:52,"Jiangxi (China Southeast, China, Asia-Temperate)",,Convallariaceae,Aspidistra yichunensis,Aspidistra yichunensis,Aspidistra,,f,f,,,,,,,,,,,"Ziyunguan, Yuanzhou District, Yichun City, Jiangxi Province, 650 m",,,,,,,,,,,,,,,,,,24019-1,Phytotaxa,urn:lsid:ipni.org:publications:20011462-1,2026,2026 [10 Mar 2026],[10 Mar 2026],C.R.Lin & Y.You,spec.,Phytotaxa 744(3): 296. 2026 [10 Mar 2026] ,,doi:10.11646/phytotaxa.744.3.10 Etymology: the specific epithet is derived from the type locality.,,,11,yichunensis,,,f,t,,holotype IBK;isotype IBK;isotype LBG,,"Type herbarium specimen prepared from plant cultivated at Guilin Botanical Garden, 19 May 2025",,,Y.You@20096721-1@2@aut$C.R.Lin@20015972-1@1@aut,,,tax. nov.,,1.1,f,aspidistra~yichunensis,convallariaceaeaspidistra~yichunensis~,154,wfo-1000089041,,species,,,,,Phytotaxa 744(3): 296 (2026),https://www.ipni.org/n/77377640-1,IPNI record: 77377640-1
urn:lsid:ipni.org:names:77377641-1,Hausm. ex Milde,,,,,,149,,,,,,,,,,,,10/03/2026 14:33,10/03/2026 14:33,,,Woodsiaceae,Cystopteris fragilis var. huteri,Cystopteris fragilis var. huteri,Cystopteris,,f,f,,,,,huteri,,,,,,,,,,,,,,,,,,,,,,,,30013429-2,Fil. Eur.,urn:lsid:ipni.org:publications:12680-2,1867,1867,,Hausm. ex Milde,var.,Fil. Eur. 149. 1867 ,,,,,8,fragilis,(L.) Bernh.,,f,t,,,,,,,Milde@23384-1@2@autEx$Hausm.@12533-1@1@aut,Bernh.@16018-1@1@aut$L.@12653-1@2@bas,,tax. nov.,,1.1,f,cystopteris~fragilishuteri,woodsiaceaecystopteris~fragilishuteri,155,wfo-1200106383,,variety,,,,,Fil. Eur. 149 (1867),https://www.ipni.org/n/77377641-1,IPNI record: 77377641-1
urn:lsid:ipni.org:names:77377642-1,(Hausm. ex Milde) Shmakov,Woodsiaceae Cystopteris fragilis (L.) Bernh. var. huteri Hausm. ex Milde,(Hausm. ex Milde),77377641-1,,,8(4): 293,,,,,,,,,,,,10/03/2026 14:36,23/03/2026 15:58,,,Woodsiaceae,Cystopteris huteri,Cystopteris huteri,Cystopteris,,f,f,,,,,,,,,,,,,,,,,,,,,,,,,,,,,331105-2,Ukrain. J. Ecol.,urn:lsid:ipni.org:publications:20050612-1,2018,2018 [Dec 2018],[Dec 2018],Shmakov,spec.,Ukrain. J. Ecol. 8(4): 293. 2018 [Dec 2018] ,,,,,11,huteri,,,f,t,,,,,,,Milde@23384-1@3@basEx$Shmakov@39350-1@1@aut$Hausm.@12533-1@2@bas,,,comb. et stat. nov.,,1.2,f,cystopteris~huteri,woodsiaceaecystopteris~huteri~,156,wfo-1000068326,,species,,,,,Ukrain. J. Ecol. 8(4): 293 (2018),https://www.ipni.org/n/77377642-1,IPNI record: 77377642-1
urn:lsid:ipni.org:names:77377643-1,(O.Arango) Cristini,Crassulaceae Greenovia ignea O.Arango,(O.Arango),77343128-1,,,29,,,,,,,,,,,,10/03/2026 15:23,10/03/2026 15:23,,,Crassulaceae,Aeonium aureum subsp. igneum,Aeonium aureum subsp. igneum,Aeonium,,f,f,,,,,igneum,,,,,,,,,,,,,,,,,,,,,,,,986624-1,Cact. Explor.,urn:lsid:ipni.org:publications:20013478-2,2025,2025 [1 Dec 2025],[1 Dec 2025],Cristini,subsp.,Cact. Explor. 29. 2025 [1 Dec 2025] ,,,,,11,aureum,(C.Sm. ex Hornem.) T.Mes,,f,t,,,,,,,Cristini@20055697-1@1@aut$O.Arango@20047330-1@2@bas,C.Sm.@9779-1@2@bas$T.Mes@36885-1@1@aut$Hornem.@4110-1@3@basEx,,comb. et stat. nov.,,1.1,f,aeonium~aureumigneum,crassulaceaeaeonium~aureumigneum,157,wfo-1200117723,,subspecies,,,,,Cact. Explor. 29 (2025),https://www.ipni.org/n/77377643-1,IPNI record: 77377643-1
urn:lsid:ipni.org:names:77377644-1,Lahora,,,,,,47: 40,,16,,6,,,2022,,"A.Ivorra, F.Luque &amp; A.Lahora",,,10/03/2026 17:12,11/03/2026 13:48,"Spain (Southwestern Europe, Europe)",,Saxifragaceae,Saxifraga cuatrecasasii nothosubsp. ivorrae,Saxifraga cuatrecasasii nothosubsp. ivorrae,Saxifraga,,t,f,"793612-1,77250806-1",(Saxifraga erioblasta Boiss. & Reut. × Saxifraga camposii Boiss. & Reut. subsp. leptophylla (Willk.) D.A.Webb),,,ivorrae,,,,,,"Almería, Piedra Lobera, Sierra de Lúcar, 1645 m",,,,,,,,,,,,,,,,,,793507-1,"Anales Biol., Fac. Biol., Univ. Murcia",urn:lsid:ipni.org:publications:5035-2,2025,2025 [1 Sep 2025 ],[1 Sep 2025 ],Lahora,nothosubsp.,"Anales Biol., Fac. Biol., Univ. Murcia 47: 40. 2025 [1 Sep 2025 ] ",,"doi:10.6018/analesbio.47.07 [english] Etymology: the epithet of the name of this nothospecies is dedicated to Andrés Ivorra, a great connoisseur of the flora of Almería province.",,,10,cuatrecasasii,Font Quer,,f,t,,holotype MUB UB-SURESTE 116391;isotype MUB MUB-SURESTE 116386 - 116389;isotype MA MA-01-00967026;isotype HUAL 30701,,,,,Lahora@20019910-1@1@aut,Font Quer@0-0@1@aut,,tax. nov.,,1.2,f,saxifraga~cuatrecasasiiivorrae,saxifragaceaesaxifraga~cuatrecasasiiivorrae,158,wfo-1200117724,,subspecies,,,,,"Anales Biol., Fac. Biol., Univ. Murcia 47: 40 (2025)",https://www.ipni.org/n/77377644-1,IPNI record: 77377644-1
urn:lsid:ipni.org:names:77377645-1,(Heldr.) Halácsy,Caryophyllaceae Saponaria aenesia Heldr.,(Heldr.),156544-1,,,1(1): 189,,,,,,,,,,,,10/03/2026 22:57,11/03/2026 09:22,,,Caryophyllaceae,Saponaria calabrica var. aenesia,Saponaria calabrica var. aenesia,Saponaria,,f,f,,,,,aenesia,,,,,,,,,,,,,,,,,,,,,,,null:,77373243-1,Consp. Fl. Graec.,urn:lsid:ipni.org:publications:3632-2,1900,1900,,Halácsy,var.,Consp. Fl. Graec. 1(1): 189. 1900 ,,,,,11,calabrica,Guss.,,f,t,,,,,,,Heldr.@3803-1@2@bas$Halácsy@3563-1@1@aut,Guss.@0-0@1@aut,,comb. et stat. nov.,,1.3,f,saponaria~calabricaaenesia,caryophyllaceaesaponaria~calabricaaenesia,159,wfo-1200117725,,variety,,,,,Consp. Fl. Graec. 1(1): 189 (1900),https://www.ipni.org/n/77377645-1,IPNI record: 77377645-1
urn:lsid:ipni.org:names:77377649-1,P.J.Braun & Z.J.G.Miranda,,,,,,77(3): 70,,15,,12,,8881,2024,,P.J.Braun et al.,,,11/03/2026 09:47,11/03/2026 09:57,"Goiás (Brazil West-Central, Brazil, Southern America)",,Cactaceae,Discocactus thanhvanii,Discocactus thanhvanii,Discocactus,,f,f,,,,,,,,,,,"Northeastern Goiás, c. 700 m",,,,,,,,,,,,,,,,,,30006929-2,Kakteen And. Sukk.,urn:lsid:ipni.org:publications:3349-2,2026,2026 [9 Mar 2026],[9 Mar 2026],P.J.Braun & Z.J.G.Miranda,spec.,Kakteen And. Sukk. 77(3): 70. 2026 [9 Mar 2026] ,,Etymology: For Thanh Van Nguyen.,,,11,thanhvanii,,,f,t,,holotype CEN,,,,,P.J.Braun@16482-1@1@aut$Z.J.G.Miranda@20006908-2@2@aut,,,tax. nov.,,1.2,f,discocactus~thanhvanii,cactaceaediscocactus~thanhvanii~,160,wfo-1000089042,,species,,,,,Kakteen And. Sukk. 77(3): 70 (2026),https://www.ipni.org/n/77377649-1,IPNI record: 77377649-1
urn:lsid:ipni.org:names:77377650-1,"Cambria, Giusso, Miniss. & Brullo",,,,,,271: 261,,22,,5,,s.n.,2022,,S.Cambria,,,11/03/2026 09:51,12/03/2026 14:06,"Kriti (Southeastern Europe, Europe)",E,Campanulaceae,Solenopsis sphaciotica,Solenopsis sphaciotica,Solenopsis,,f,f,,,,,,,,35,12,15,"Crete, along the road west of Hora Sfakion, 53 m",24,7,27,,,,,,N,,,,,,,,,5830-1,PhytoKeys,urn:lsid:ipni.org:publications:20011997-1,2026,2026 [12 Mar 2026],[12 Mar 2026],"Cambria, Giusso, Miniss. & Brullo",spec.,PhytoKeys 271: 261. 2026 [12 Mar 2026] ,,"doi:10.3897/phytokeys.271.175650 [english] Etymology: 'The specific epithet, sphaciotica, refers to Hora Sfakion, the locality where the new species grows'.",,,11,sphaciotica,,,f,t,,holotype CAT;isotype CAT;isotype FI,,,,,Giusso@39965-1@2@aut$Brullo@13165-1@4@aut$Cambria@20028333-1@1@aut$Miniss.@37654-1@3@aut,,,tax. nov.,,1.3,f,solenopsis~sphaciotica,campanulaceaesolenopsis~sphaciotica~,161,wfo-1000089043,,species,,,,,PhytoKeys 271: 261 (2026),https://www.ipni.org/n/77377650-1,IPNI record: 77377650-1
urn:lsid:ipni.org:names:77377651-1,"Y.S.Huang, Yan Liu & Y.F.Deng",,,,,,271: 274,,24,,11,,Y24112401,2024,,"J.Q.Huang, Z.C.Lu &amp; Y.S.Huang",,,11/03/2026 09:53,12/03/2026 14:12,"Guangxi (China Southeast, China, Asia-Temperate)",,Pittosporaceae,Pittosporum qibainongense,Pittosporum qibainongense,Pittosporum,,f,f,,,,,,,,,,,"Guangxi Zhuang Autonomous Region: Hechi City, Dahua County, Qibainong Town, Nongliang Village, Waixian, 993 m",,,,,,,,,,,,,,,,,,326028-2,PhytoKeys,urn:lsid:ipni.org:publications:20011997-1,2026,2026 [12 Mar 2026],[12 Mar 2026],"Y.S.Huang, Yan Liu & Y.F.Deng",spec.,PhytoKeys 271: 274. 2026 [12 Mar 2026] ,,"doi:10.3897/phytokeys.271.185044 [english] Etymology: 'The specific epithet refers to the type locality, Qibainong National Geopark in Guangxi, China'.",,,11,qibainongense,,,f,t,,holotype IBK IBK00470801;isotype IBSC;isotype PE;isotype IBK IBK00470802,,,,,Y.F.Deng@39880-1@3@aut$Yan Liu@20000076-2@2@aut$Y.S.Huang@20016569-1@1@aut,,,tax. nov.,,1.3,f,pittosporum~qibainongense,pittosporaceaepittosporum~qibainongense~,162,wfo-1000089044,,species,,,,,PhytoKeys 271: 274 (2026),https://www.ipni.org/n/77377651-1,IPNI record: 77377651-1
urn:lsid:ipni.org:names:77377652-1,Y.N.Lee ex H.B.Kim & D.C.Son,,,,,,56(1): 57,,22,,8,,250822-1,2025,,H.B.Kim et al.,,,11/03/2026 11:12,11/03/2026 11:12,"South Korea (Korea, Eastern Asia, Asia-Temperate)",E,Asteraceae,Inula minipetala,Inula minipetala,Inula,,f,f,,,,,,,,36,14,1,"Chungcheongnam-do, Geum-san-gun, Chubu-myeon, Seongdang-ri 231-3, 189 m",127,31,30,,,,,,N,,,,,,,,,329837-2,Korean J. Pl. Taxon.,urn:lsid:ipni.org:publications:10815-2,2026,2026 [31 Jan 2026],[31 Jan 2026],Y.N.Lee ex H.B.Kim & D.C.Son,spec.,Korean J. Pl. Taxon. 56(1): 57. 2026 [31 Jan 2026] ,,doi:10.11110/kjpt.2026.56.1.56 Etymology: 'The specific epithet minipetala derives from Latin mini- ('small') and petalum ('petal')'.,,,11,minipetala,,,f,t,,holotype KH;isotype KB;isotype KH,,,,,H.B.Kim@20096788-1@2@autEx$Y.N.Lee@5404-1@1@aut$D.C.Son@20031129-1@3@autEx,,,tax. nov.,,1.1,f,inula~minipetala,asteraceaeinula~minipetala~,163,wfo-1000089045,,species,,,,,Korean J. Pl. Taxon. 56(1): 57 (2026),https://www.ipni.org/n/77377652-1,IPNI record: 77377652-1
urn:lsid:ipni.org:names:77377653-1,(Baker) Chukr,Iridaceae Sphenostigma polycephalum Baker,(Baker),441421-1,,,49: 6,,,,,,,,,,,,11/03/2026 15:24,11/03/2026 15:24,,,Iridaceae,Alophia polycephala,Alophia polycephala,Alophia,,f,f,,,,,,,,,,,,,,,,,,,,,,,,,,,,,20241-1,Fl. Estad. Goiás e Tocantins,urn:lsid:ipni.org:publications:20012984-1,2021,2021,,Chukr,spec.,Fl. Estad. Goiás e Tocantins 49: 6. 2021 ,,,,,11,polycephala,,,f,t,,,,,,,Baker@407-1@2@bas$Chukr@36254-1@1@aut,,,comb. nov.,,1.1,f,alophia~polycephala,iridaceaealophia~polycephala~,164,wfo-1000089046,,species,,,,,Fl. Estad. Goiás e Tocantins 49: 6 (2021),https://www.ipni.org/n/77377653-1,IPNI record: 77377653-1
urn:lsid:ipni.org:names:77377655-1,(Miq.) Kurz,Annonaceae Pyramidanthe Miq.,(Miq.),2121-1,,,43(2): 56,,,,,,,,,,,,11/03/2026 17:15,12/03/2026 09:31,,,Annonaceae,Melodorum sect. Pyramidanthe,Melodorum sect. Pyramidanthe,Melodorum,,f,f,,,,pyramidanthe,,,,,,,,,,,,,,,,,,,,,,,,null:,2069-1,"J. Asiat. Soc. Bengal, Pt. 2, Nat. Hist.",urn:lsid:ipni.org:publications:982-2,1874,1874,,Kurz,sect.,"J. Asiat. Soc. Bengal, Pt. 2, Nat. Hist. 43(2): 56. 1874 ",,,,,11,,,,f,t,,,,,,,Miq.@6509-1@2@bas$Kurz@5157-1@1@aut,,,comb. et stat. nov.,,1.3,f,melodorumpyramidanthe,annonaceaemelodorumpyramidanthe~~,165,wfo-1000089047,,section,,,,,"J. Asiat. Soc. Bengal, Pt. 2, Nat. Hist. 43(2): 56 (1874)",https://www.ipni.org/n/77377655-1,IPNI record: 77377655-1
urn:lsid:ipni.org:names:77377656-1,(Fisch. ex Ser.) Meusel & H.Mühlberg,Caryophyllaceae Saponaria vaccaria L. var. grandiflora Fisch. ex Ser.,(Fisch. ex Ser.),77377492-1,,,3(2): 978,,,,,,,,,,,,12/03/2026 00:25,12/03/2026 09:44,,,Caryophyllaceae,Vaccaria hispanica var. grandiflora,Vaccaria hispanica var. grandiflora,Vaccaria,,f,f,,,,,grandiflora,,,,,,,,,,,,,,,,,,,,,,,null:,941829-1,"Ill. Fl. Mitt.-Eur., ed. 2.",urn:lsid:ipni.org:publications:3928-2,1971,1971,,Meusel & H.Mühlberg,var.,"Ill. Fl. Mitt.-Eur., ed. 2. 3(2): 978. 1971 ",,,,,11,hispanica,(Mill.) Rauschert,,f,t,,,,,,,Meusel@6404-1@1@aut$Ser.@9500-1@4@basEx$H.Mühlberg@38172-1@2@aut$Fisch.@2744-1@3@bas,Rauschert@8170-1@1@aut$Mill.@6485-1@2@bas,,comb. nov.,,1.3,f,vaccaria~hispanicagrandiflora,caryophyllaceaevaccaria~hispanicagrandiflora,166,wfo-1200117726,,variety,,,,,"Ill. Fl. Mitt.-Eur., ed. 2. 3(2): 978 (1971)",https://www.ipni.org/n/77377656-1,IPNI record: 77377656-1
urn:lsid:ipni.org:names:77377657-1,Yurtseva,,,,,,745(1): 37,,,,,,288,,,I.A.Gubanov &amp; V.I.Grubov,,,12/03/2026 10:08,12/03/2026 10:08,"Gansu (China North-Central, China, Asia-Temperate);Inner Mongolia (China, Asia-Temperate);Mongolia (Mongolia, Asia-Temperate);",,Polygonaceae,Atraphaxis alashanica,Atraphaxis alashanica,Atraphaxis,,f,f,,,,,,,,,,,"Mongolia: The south of Ömnögovi aimag: Alashan Gobi, between Bordzon Gobi and Golbyn Gobi, 30 km to East of fortpost Budun-Modny.",,,,,,,,,,,,,,,,,,32426-1,Phytotaxa,urn:lsid:ipni.org:publications:20011462-1,2026,2026 [12 Mar 2026],[12 Mar 2026],Yurtseva,spec.,Phytotaxa 745(1): 37. 2026 [12 Mar 2026] ,,doi:10.11646/phytotaxa.745.1.1,,,11,alashanica,,,f,t,,holotype MW MW0175436,,,,,Yurtseva@37300-1@1@aut,,,tax. nov.,,1.1,f,atraphaxis~alashanica,polygonaceaeatraphaxis~alashanica~,167,wfo-1000089048,,species,,,,,Phytotaxa 745(1): 37 (2026),https://www.ipni.org/n/77377657-1,IPNI record: 77377657-1
urn:lsid:ipni.org:names:77377658-1,Yurtseva,,,,,,745(1): 38,,5,,8,,368,1989,,I.A.Gubanov,,,12/03/2026 10:28,12/03/2026 10:28,"Mongolia (Mongolia, Asia-Temperate)",,Polygonaceae,Atraphaxis gubanovii,Atraphaxis gubanovii,Atraphaxis,,f,f,,,,,,,,,,,"SW of Dornogovi aimag: Ridge Horgo-Ula, 40–50 km to SW of Sulan-Here, ca. 1000 m",,,,,,,,,,,,,,,,,,32426-1,Phytotaxa,urn:lsid:ipni.org:publications:20011462-1,2026,2026 [12 Mar 2026],[12 Mar 2026],Yurtseva,spec.,Phytotaxa 745(1): 38. 2026 [12 Mar 2026] ,,"doi:10.11646/phytotaxa.745.1.1 Etymology: the specific epithet is named in honour of botanist Ivan A.Gubanov (1933-2005), the author of the 'Conspectus of flora of Outer Mongolia' and collector of the type specimen.",,,11,gubanovii,,,f,t,,holotype MW MW0175457(368);isotype MW MW0175458(368a);isotype LE (368),,,,,Yurtseva@37300-1@1@aut,,,tax. nov.,,1.1,f,atraphaxis~gubanovii,polygonaceaeatraphaxis~gubanovii~,168,wfo-1000089049,,species,,,,,Phytotaxa 745(1): 38 (2026),https://www.ipni.org/n/77377658-1,IPNI record: 77377658-1
urn:lsid:ipni.org:names:77377659-1,Yurtseva,,,,,,745(1): 39,,7,,7,,5532,1982,,I.A.Gubanov,,,12/03/2026 10:37,12/03/2026 10:37,"Mongolia (Mongolia, Asia-Temperate)",,Polygonaceae,Atraphaxis mongolensis,Atraphaxis mongolensis,Atraphaxis,,f,f,,,,,,,,,,,Dornogovi aimag: 35 km to S of Dzũũn-Bayan. Dry slopes of Takhyat-Ula Mt. 300 m,,,,,,,,,,,,,,,,,,32426-1,Phytotaxa,urn:lsid:ipni.org:publications:20011462-1,2026,2026 [12 Mar 2026],[12 Mar 2026],Yurtseva,spec.,Phytotaxa 745(1): 39. 2026 [12 Mar 2026] ,,doi:10.11646/phytotaxa.745.1.1,,,11,mongolensis,,,f,t,,holotype MW MW0175464,,,,,Yurtseva@37300-1@1@aut,,,tax. nov.,,1.1,f,atraphaxis~mongolensis,polygonaceaeatraphaxis~mongolensis~,169,wfo-1000089050,,species,,,,,Phytotaxa 745(1): 39 (2026),https://www.ipni.org/n/77377659-1,IPNI record: 77377659-1
urn:lsid:ipni.org:names:77377660-1,"L.A.Rodas, J.Ocampo & Mont.-Rubio",,,,,,271: 286,,4,,7,,87,2012,,"L.Álvarez, J.M.Duque, J.Baquero &amp; L.Cifuentes",,,12/03/2026 11:50,13/03/2026 10:10,"Colombia (Western South America, Southern America)",W,Passifloraceae,Passiflora agudeloi,Passiflora agudeloi,Passiflora,,f,f,,,,,,,,4,28,18,"Tolima: Cajamarca, Vereda La Luisa, límites con Quindío, 3200 m",75,29,39,,,,,,N,,,,,,,,,328300-2,PhytoKeys,urn:lsid:ipni.org:publications:20011997-1,2026,2026 [13 Mar 2026],[13 Mar 2026],"L.A.Rodas, J.Ocampo & Mont.-Rubio",spec.,PhytoKeys 271: 286. 2026 [13 Mar 2026] ,,doi:10.3897/phytokeys.271.175046 [english] Etymology: 'The species is named in honour of Colombian botanist Carlos Alberto Agudelo Henao'.,,,11,agudeloi,,,f,t,,holotype HUQ;isotype FAUC,,,,,Mont.-Rubio@20096919-1@3@aut$J.Ocampo@20057739-1@2@aut$L.A.Rodas@20028325-1@1@aut,,,tax. nov.,,1.3,f,passiflora~agudeloi,passifloraceaepassiflora~agudeloi~,170,wfo-1000089051,,species,,,,,PhytoKeys 271: 286 (2026),https://www.ipni.org/n/77377660-1,IPNI record: 77377660-1
urn:lsid:ipni.org:names:77377661-1,Vejv. & Kobrlová,,,,,,311(6)-41: 16,,8,,5,,,2023,,L.Ekrt,,,12/03/2026 14:48,12/03/2026 15:17,"Czech Republic (Czechoslovakia, Middle Europe, Europe)",E,Boraginaceae,Pulmonaria × superflua,Pulmonaria × superflua,Pulmonaria,,t,f,"120402-1,120400-1",(Pulmonaria officinalis L. × Pulmonaria obscura Dumort.),,,,,,49,5,55,"Jindřichův Hradec, Dačice, 470 m",15,26,27,,,,,,N,,,,,,,,,4771-1,Pl. Syst. Evol.,urn:lsid:ipni.org:publications:2733-2,2025,2025 [26 Oct 2025],[26 Oct 2025],Vejv. & Kobrlová,spec.,Pl. Syst. Evol. 311(6)-41: 16. 2025 [26 Oct 2025] ,,doi:10.1007/s00606-025-01968-9 Etymology: 'The specific epithet indicates that it is often difficult to identify members of the P. officinalis agg.'.,,,10,superflua,,,f,t,,holotype CBFS CBFS10625,,,,,Vejv.@20096909-1@1@aut$Kobrlová@20023538-1@2@aut,,,tax. nov.,,1.2,f,pulmonaria~superflua,boraginaceaepulmonaria~superflua~,171,wfo-1000089052,,species,,,,,Pl. Syst. Evol. 311(6)-41: 16 (2025),https://www.ipni.org/n/77377661-1,IPNI record: 77377661-1
urn:lsid:ipni.org:names:77377662-1,"Duchoslav, Vojtěch. & Kobrlová",,,,,,312(1)-9: 18,,17,,6,,,2022,,M.Duchoslav &amp; K.Vojtěchová,,,12/03/2026 15:15,12/03/2026 15:15,"Bulgaria (Southeastern Europe, Europe);Macedonia (Yugoslavia, Southeastern Europe, Europe);Romania (Southeastern Europe, Europe);Serbia (Yugoslavia, Southeastern Europe, Europe);",E,Alliaceae,Allium nebulosum,Allium nebulosum,Allium,,f,f,,,,,,,,43,8,52,"Bulgaria: Provadia, 36 m",27,27,24,,,,,,N,,,,,,,,,30000901-2,Pl. Syst. Evol.,urn:lsid:ipni.org:publications:2733-2,2026,2026 [29 Jan 2026],[29 Jan 2026],"Duchoslav, Vojtěch. & Kobrlová",spec.,Pl. Syst. Evol. 312(1)-9: 18. 2026 [29 Jan 2026] ,,"doi:10.1007/s00606-025-01979-6 Etymology: 'The epithet 'nebulosum' refers to the previously unclear or obscure assignment of specimens to other taxa (literally 'full of clouds or mist'), as well as the overall greyish, waxy surface of the plants, having the overhanging peduncles and loosing, relaxed habit impressing gloomy, dim look'.",,,10,nebulosum,,,f,t,,holotype OL 55051,,Cultivated.,,,Kobrlová@20023538-1@3@aut$Vojtěch.@20096910-1@2@aut$Duchoslav@20032137-1@1@aut,,,tax. nov.,,1.1,f,allium~nebulosum,alliaceaeallium~nebulosum~,172,wfo-1000089053,,species,,,,,Pl. Syst. Evol. 312(1)-9: 18 (2026),https://www.ipni.org/n/77377662-1,IPNI record: 77377662-1
urn:lsid:ipni.org:names:77377664-1,Hamzaoğlu,,,,,,9(2): 136,,27,,6,,7862,2021,,E.Hamzaoğlu,,,12/03/2026 17:22,12/03/2026 17:22,"Turkey (Western Asia, Asia-Temperate)",,Poaceae,Festuca ankarica,Festuca ankarica,Festuca,,f,f,,,,,,,,,,,"Ankara: Ayaş, between Gökler and Erkeksu Neighborhoods, 1120 m",,,,,,,,,,,,,,,,,,328907-2,Anatol. J. Bot.,urn:lsid:ipni.org:publications:20028868-1,2025,2025 [26 Aug 2025],[26 Aug 2025],Hamzaoğlu,spec.,Anatol. J. Bot. 9(2): 136. 2025 [26 Aug 2025] ,,"doi:10.30616/ajb.1670187 Etymology: the specific epithet is named for the Turkish capital of Ankara, where the type specimen was collected.",,,11,ankarica,,,f,t,,holotype GAZI;isotype GAZI;isotype ANK;isotype HUB,,,,,Hamzaoğlu@39500-1@1@aut,,,tax. nov.,,1.1,f,festuca~ankarica,poaceaefestuca~ankarica~,173,wfo-1000089054,,species,,,,,Anatol. J. Bot. 9(2): 136 (2025),https://www.ipni.org/n/77377664-1,IPNI record: 77377664-1
urn:lsid:ipni.org:names:77377666-1,Makino,,,,,,17: 39,,,,,,,,,,,,12/03/2026 18:17,12/03/2026 18:17,,,Ranunculaceae,Anemone patens subvar. taraoi,Anemone patens subvar. taraoi,Anemone,,f,f,,,,,taraoi,,,,,,,,,,,,,,,,,,,,,,,,306901-2,Bot. Mag. (Tokyo),urn:lsid:ipni.org:publications:555-2,1903,1903,,Makino,subvar.,Bot. Mag. (Tokyo) 17: 39. 1903 ,,,,,8,patens,L.,,f,t,,,,,,,Makino@6013-1@1@aut,L.@12653-1@1@aut,,tax. nov.,,1.1,f,anemone~patenstaraoi,ranunculaceaeanemone~patenstaraoi,174,wfo-1200117727,,subvariety,,,,,Bot. Mag. (Tokyo) 17: 39 (1903),https://www.ipni.org/n/77377666-1,IPNI record: 77377666-1
urn:lsid:ipni.org:names:77377667-1,"Rujich., H.A.Pedersen & Suddee",,,,,,747(1): 82,,,,,,5571D,,,Suddee,,,13/03/2026 13:15,13/03/2026 13:15,"Thailand (Indo-China, Asia-Tropical)",,Orchidaceae,Dendrobium nakhonsiense,Dendrobium nakhonsiense,Dendrobium,,f,f,,,,,,,,,,,Nakhon Si Thammarat Province: Namtok Yong National Park,,,,,,,,,,,,,,,,,,325886-2,Phytotaxa,urn:lsid:ipni.org:publications:20011462-1,2026,2026 [13 Mar 2026],[13 Mar 2026],"Rujich., H.A.Pedersen & Suddee",spec.,Phytotaxa 747(1): 82. 2026 [13 Mar 2026] ,,"doi:10.11646/phytotaxa.747.1.5 Etymology: the specific epithet is named for the origin location of the species, Nakhon Si Thammarat, Thailand.",,,11,nakhonsiense,,,f,t,,holotype BKF [Spirit collection];isotype BKF [dried specimen],,"Field collection date unknown, holotype from plant flowering in cultivation 13 Jan 2020.",,,Rujich.@20096921-1@1@aut$Suddee@20001453-1@3@aut$H.A.Pedersen@36076-1@2@aut,,,tax. nov.,,1.1,f,dendrobium~nakhonsiense,orchidaceaedendrobium~nakhonsiense~,175,wfo-1000089055,,species,,,,,Phytotaxa 747(1): 82 (2026),https://www.ipni.org/n/77377667-1,IPNI record: 77377667-1
urn:lsid:ipni.org:names:77377668-1,Figueira,,,,,,747(1): 96,,8,,12,,2400,2024,,"M.Figueira, B.Schindler &amp; J.P.Amaral",,,13/03/2026 13:32,13/03/2026 13:32,"Acre (Brazil North, Brazil, Southern America);Amazonas (Brazil North, Brazil, Southern America);Bolivia (Western South America, Southern America);Mato Grosso (Brazil West-Central, Brazil, Southern America);Pará (Brazil North, Brazil, Southern America);Rondônia (Brazil North, Brazil, Southern America);Tocantins (Brazil North, Brazil, Southern America);",W,Rhamnaceae,Gouania neglecta,Gouania neglecta,Gouania,,f,f,,,,,,,,15,33,5,"Brazil: Mato Grosso: Barra do Garças, BR-158, em direção a Nova Xavantina, Ribeirão Ínsula, 305 m",52,12,18,,,,,,,,,,,,,,,30010171-2,Phytotaxa,urn:lsid:ipni.org:publications:20011462-1,2026,2026 [13 Mar 2026],[13 Mar 2026],Figueira,spec.,Phytotaxa 747(1): 96. 2026 [13 Mar 2026] ,,doi:10.11646/phytotaxa.747.1.6 Etymology: the specific epithet is a reference to the overlooked taxonomic nature of the species.,,,11,neglecta,,,f,t,,holotype CEN CEN00136334;isotype IAN;isotype INPA;isotype K;isotype MBM;isotype MG;isotype MO;isotype NY;isotype SPF;isotype R;isotype RB;isotype UB;isotype UFACPZ;isotype UFMT,,,,,Figueira@20047224-1@1@aut,,,tax. nov.,,1.1,f,gouania~neglecta,rhamnaceaegouania~neglecta~,176,wfo-1000089056,,species,,,,,Phytotaxa 747(1): 96 (2026),https://www.ipni.org/n/77377668-1,IPNI record: 77377668-1
urn:lsid:ipni.org:names:77377669-1,E.S.Leal & Antar,,,,,,747(1): 122,,4,,2,,8833,2006,,L.Kollmann &amp; S.G.Krause,,,13/03/2026 13:42,13/03/2026 13:42,"Espírito Santo (Brazil Southeast, Brazil, Southern America)",,Cyclanthaceae,Asplundia capixaba,Asplundia capixaba,Asplundia,,f,f,,,,,,,,,,,"Santa Teresa, Santo Antonio, terreno de J.Dalmaschio",,,,,,,,,,,,,,,,,,296565-2,Phytotaxa,urn:lsid:ipni.org:publications:20011462-1,2026,2026 [13 Mar 2026],[13 Mar 2026],E.S.Leal & Antar,spec.,Phytotaxa 747(1): 122. 2026 [13 Mar 2026] ,,doi:10.11646/phytotaxa.747.1.8 Etymology: the specific epithet is derived from the term used to refer to inhabitants of the Brazilian state of Espirito Santo.,,,11,capixaba,,,f,t,,holotype RB 00604454;isotype MBML MBML-025579,,,,,E.S.Leal@20019112-1@1@aut$Antar@20029314-1@2@aut,,,tax. nov.,,1.1,f,asplundia~capixaba,cyclanthaceaeasplundia~capixaba~,177,wfo-1000089057,,species,,,,,Phytotaxa 747(1): 122 (2026),https://www.ipni.org/n/77377669-1,IPNI record: 77377669-1
urn:lsid:ipni.org:names:77377670-1,Pedern.,,,,,,747(1): 132,,22,,5,,2553,1988,,W.Palacios et al.,,,13/03/2026 13:53,13/03/2026 13:53,"Ecuador (Western South America, Southern America)",,Moraceae,Ficus montalvoana,Ficus montalvoana,Ficus,,f,f,,,,,,,,,,,"Cotopaxi, 5 km al oeste de Pilalo, carretera a Quevedo, cerca de la comunidad Chaupicruz",,,,,,,,,,,,,,,,,,327905-2,Phytotaxa,urn:lsid:ipni.org:publications:20011462-1,2026,2026 [13 Mar 2026],[13 Mar 2026],Pedern.,spec.,Phytotaxa 747(1): 132. 2026 [13 Mar 2026] ,,"doi:10.11646/phytotaxa.747.1.9 Etymology: the specific epithet honours the Ecuadorian botanist Dr. Consuelo Genoveva Montalvo Ayala, curator of the Quito herbarium.",,,11,montalvoana,,,f,t,,holotype QCNE 58813;isotype MO 4248199,,,,,Pedern.@20012703-2@1@aut,,,tax. nov.,,1.1,f,ficus~montalvoana,moraceaeficus~montalvoana~,178,wfo-1000089058,,species,,,,,Phytotaxa 747(1): 132 (2026),https://www.ipni.org/n/77377670-1,IPNI record: 77377670-1
urn:lsid:ipni.org:names:77377671-1,J.Sm. ex Fée,,,,,,"74 (-75, t.37)",,,,,,,,,,,,13/03/2026 20:37,17/03/2026 15:16,,,Dryopteridaceae,Polybotrya articulata,Polybotrya articulata,Polybotrya,,f,f,,,,,,,,,,,,,,,,,,,,,,,,,,,,,30017614-2,"Mém. Foug., 2. Hist. Acrostich.",urn:lsid:ipni.org:publications:7209-2,1845,1845,,J.Sm. ex Fée,spec.,"Mém. Foug., 2. Hist. Acrostich. 74 (-75, t.37). 1845 ",,,,,8,articulata,,,f,t,,,,,,,Fée@18692-1@2@autEx$J.Sm.@9805-1@1@aut,,,tax. nov.,17180720-1,1.3,f,polybotrya~articulata,dryopteridaceaepolybotrya~articulata~,179,wfo-1200117784,,species,,,,,"Mém. Foug., 2. Hist. Acrostich. 74 (-75, t.37) (1845)",https://www.ipni.org/n/77377671-1,IPNI record: 77377671-1
urn:lsid:ipni.org:names:77377672-1,Fée,,,,,,100,,,,,,,,,,,,13/03/2026 20:40,17/03/2026 15:22,,,Dryopteridaceae,Polystichum aculeatum var. incisum,Polystichum aculeatum var. incisum,Polystichum,,f,f,,,,,incisum,,,,,,,,,,,,,,,,,,,,,,,,17413440-1,"Mém. Foug., 8. Ic. Esp. Nouv.",urn:lsid:ipni.org:publications:14708-2,1857,1857,,Fée,var.,"Mém. Foug., 8. Ic. Esp. Nouv. 100. 1857 ",,,,,8,aculeatum,(L.) Roth,,f,t,,,,,,,Fée@18692-1@1@aut,L.@12653-1@2@bas$Roth@8637-1@1@aut,,tax. nov.,,1.3,f,polystichum~aculeatumincisum,dryopteridaceaepolystichum~aculeatumincisum,180,wfo-1200117728,,variety,,,,,"Mém. Foug., 8. Ic. Esp. Nouv. 100 (1857)",https://www.ipni.org/n/77377672-1,IPNI record: 77377672-1
urn:lsid:ipni.org:names:77377673-1,Fée,,,,,,100,,,,,,,,,,,,13/03/2026 20:41,17/03/2026 15:23,,,Dryopteridaceae,Polystichum aculeatum var. gracile,Polystichum aculeatum var. gracile,Polystichum,,f,f,,,,,gracile,,,,,,,,,,,,,,,,,,,,,,,,17413440-1,"Mém. Foug., 8. Ic. Esp. Nouv.",urn:lsid:ipni.org:publications:14708-2,1857,1857,,Fée,var.,"Mém. Foug., 8. Ic. Esp. Nouv. 100. 1857 ",,,,,8,aculeatum,(L.) Roth,,f,t,,,,,,,Fée@18692-1@1@aut,Roth@8637-1@1@aut$L.@12653-1@2@bas,,tax. nov.,,1.3,f,polystichum~aculeatumgracile,dryopteridaceaepolystichum~aculeatumgracile,181,wfo-1200117729,,variety,,,,,"Mém. Foug., 8. Ic. Esp. Nouv. 100 (1857)",https://www.ipni.org/n/77377673-1,IPNI record: 77377673-1
urn:lsid:ipni.org:names:77377674-1,Fée,,,,,,100 (-101),,,,,,,,,,,,13/03/2026 20:42,17/03/2026 15:24,,,Dryopteridaceae,Polystichum aculeatum var. distans,Polystichum aculeatum var. distans,Polystichum,,f,f,,,,,distans,,,,,,,,,,,,,,,,,,,,,,,,17413440-1,"Mém. Foug., 8. Ic. Esp. Nouv.",urn:lsid:ipni.org:publications:14708-2,1857,1857,,Fée,var.,"Mém. Foug., 8. Ic. Esp. Nouv. 100 (-101). 1857 ",,,,,8,aculeatum,(L.) Roth,,f,t,,,,,,,Fée@18692-1@1@aut,L.@12653-1@2@bas$Roth@8637-1@1@aut,,tax. nov.,,1.3,f,polystichum~aculeatumdistans,dryopteridaceaepolystichum~aculeatumdistans,182,wfo-1200117730,,variety,,,,,"Mém. Foug., 8. Ic. Esp. Nouv. 100 (-101) (1857)",https://www.ipni.org/n/77377674-1,IPNI record: 77377674-1
urn:lsid:ipni.org:names:77377675-1,(Kaulf.) Fée,Vittariaceae Vittaria graminifolia Kaulf.,(Kaulf.),266216-2,,,"18 (t.3, f.8)",,,,,,,,,,,,13/03/2026 20:52,17/03/2026 15:29,,,Vittariaceae,Vittaria lineata var. graminifolia,Vittaria lineata var. graminifolia,Vittaria,,f,f,,,,,graminifolia,,,,,,,,,,,,,,,,,,,,,,,null:,17234040-1,"Mém. Foug., 3. Hist. Vittar.",urn:lsid:ipni.org:publications:7210-2,1852,1852,,Fée,var.,"Mém. Foug., 3. Hist. Vittar. 18 (t.3, f.8). 1852 ",,,,,11,lineata,(L.) Sm.,,f,t,,,,,,,Kaulf.@4673-1@2@bas$Fée@18692-1@1@aut,L.@12653-1@2@bas$Sm.@9802-1@1@aut,,comb. et stat. nov.,,1.3,f,vittaria~lineatagraminifolia,vittariaceaevittaria~lineatagraminifolia,183,wfo-1200117785,,variety,,,,,"Mém. Foug., 3. Hist. Vittar. 18 (t.3, f.8) (1852)",https://www.ipni.org/n/77377675-1,IPNI record: 77377675-1
urn:lsid:ipni.org:names:77377676-1,Santoso & Felayati,,,,,,63: 38,,21,,1,,1353,2025,,Heri Santoso,,,14/03/2026 01:44,16/03/2026 09:35,"Jawa (Malesia, Asia-Tropical)",E,Malvaceae,Sida conduplicata,Sida conduplicata,Sida,,f,f,,,,,,,,7,36,1,"Indonesia, East Java Province, Mojokerto Regency, Pacet District, Kuripansari Village, 226 m",112,32,59,,,,,,S,,,,,,,,,327150-2,Ann. Bot. Fenn.,urn:lsid:ipni.org:publications:516-2,2026,2026 [epub dated 13 Mar 2026],[epub dated 13 Mar 2026],Santoso & Felayati,spec.,Ann. Bot. Fenn. 63: 38. 2026 [epub dated 13 Mar 2026] ,,"[english] Etymology: 'The specific epithet conduplicata refers to the leaves, which are folded up along the midrib'.",,,11,conduplicata,,,f,t,,holotype GEN 1160;isotype UIDEP,,,,,Felayati@20077407-1@2@aut$Santoso@20097067-1@1@aut,,,tax. nov.,,1.2,f,sida~conduplicata,malvaceaesida~conduplicata~,184,wfo-1000089059,,species,,,,,Ann. Bot. Fenn. 63: 38 (2026),https://www.ipni.org/n/77377676-1,IPNI record: 77377676-1
urn:lsid:ipni.org:names:77377677-1,Lam.,,,,,,1(Méthode analytique): 32,,,,,,,,,,,,14/03/2026 03:05,17/03/2026 15:34,,,Lycopodiaceae,Lycopodium palustre,Lycopodium palustre,Lycopodium,,f,f,,,,,,,,,,,,,,,nom. illeg. nom. superfl.,,nom. illeg.,,,,,,,,,,,,30000138-2,Fl. Franç. (Lamarck),urn:lsid:ipni.org:publications:7220-2,1779,1779,,Lam.,spec.,Fl. Franç. (Lamarck) 1(Méthode analytique): 32. 1779 ,,,,,9,palustre,,310554-2,f,t,,,,,,,Lam.@5227-1@1@aut,,,tax. nov.,,1.3,f,lycopodium~palustre,lycopodiaceaelycopodium~palustre~,185,wfo-1000069032,,species,superflu,,,,Fl. Franç. (Lamarck) 1(Méthode analytique): 32 (1779),https://www.ipni.org/n/77377677-1,IPNI record: 77377677-1
urn:lsid:ipni.org:names:77377681-1,Fern.Fern. & G.Heiden,,,,,,15(5): 3,,16,,12,,983,2009,,M.Grings &amp; R.Paniz,,,15/03/2026 18:12,16/03/2026 09:05,"Rio Grande do Sul (Brazil South, Brazil, Southern America)",W,Asteraceae,Grindelia mutabilis,Grindelia mutabilis,Grindelia,,f,f,,,,,,,,30,11,23,"Barra do Quaraí, Parque Estadual do Espinilho, 51 m",57,29,47,,,,,,S,,,,,,,,,30001264-2,Plants,urn:lsid:ipni.org:publications:4133-2,2026,2026 [1 Mar 2026],[1 Mar 2026],Fern.Fern. & G.Heiden,spec.,Plants 15(5): 3. 2026 [1 Mar 2026] ,,doi:10.3390/plants15050760 [english] Etymology: 'The specific epithet mutabilis (Latin for 'changeable' or 'variable') refers to the ligules of the ray florets that change from light yellow to pastel salmon along the maturity'.,,,11,mutabilis,,,f,t,,holotype ICN 163240;isotype PACA 109075,,,,,G.Heiden@20014398-1@2@aut$Fern.Fern.@20092959-1@1@aut,,,tax. nov.,,1.3,f,grindelia~mutabilis,asteraceaegrindelia~mutabilis~,186,wfo-1000089060,,species,,,,,Plants 15(5): 3 (2026),https://www.ipni.org/n/77377681-1,IPNI record: 77377681-1
urn:lsid:ipni.org:names:77377783-1,Z.Zheng Zhang & G.X.Zhang,,,,,,271: 303,,30,,3,,ZZZ-LSG-001,2025,,Z.Z.Zhang,,,16/03/2026 07:33,16/03/2026 16:27,"Shaanxi (China North-Central, China, Asia-Temperate)",E,Iridaceae,Iris cariciformis,Iris cariciformis,Iris,,f,f,,,,,,,,33,40,10,"Shaanxi Province, Zhashui County, Liushugou, 326 m",109,10,50,,,,,,N,,,,,,,,,326330-2,PhytoKeys,urn:lsid:ipni.org:publications:20011997-1,2026,2026 [16 Mar 2026],[16 Mar 2026],Z.Zheng Zhang & G.X.Zhang,spec.,PhytoKeys 271: 303. 2026 [16 Mar 2026] ,,"doi:10.3897/phytokeys.271.176663 [english] Etymology: 'The new species grows in clusters and has slender leaves, resembling plants of the Carex L. that inhabit the same environment, hence the specific epithet 'cariciformis' was chosen'.",,,11,cariciformis,,,f,t,,holotype CSH;isotype NAS;isotype CSH,,,,,G.X.Zhang@20097094-1@2@aut$Z.Zheng Zhang@20097093-1@1@aut,,,tax. nov.,,1.4,f,iris~cariciformis,iridaceaeiris~cariciformis~,187,wfo-1000089061,,species,,,,,PhytoKeys 271: 303 (2026),https://www.ipni.org/n/77377783-1,IPNI record: 77377783-1
urn:lsid:ipni.org:names:77377784-1,"Sun.Singh, U.Sharma, Namr.Sharma, Anant Kumar & S.Thakur",,,,,,64(1)-e70033: 3,,4,,4,,791,2024,,Sunit Singh,,,16/03/2026 09:56,16/03/2026 14:56,"Jammu-Kashmir (West Himalaya, Indian Subcontinent, Asia-Tropical)",E,Alliaceae,Allium jammuense,Allium jammuense,Allium,,f,f,,,,,,,,33,7,29,"Jammu, Trikuta Hills, Naliyana Ponsli, 1350 m",74,50,50,,,,,,N,,,,,,,,,30000901-2,New Zealand J. Bot.,urn:lsid:ipni.org:publications:2614-2,2026,2026 [31 Jan 2026],[31 Jan 2026],"Sun.Singh, U.Sharma, Namr.Sharma, Anant Kumar & S.Thakur",spec.,New Zealand J. Bot. 64(1)-e70033: 3. 2026 [31 Jan 2026] ,,doi:10.1002/nzb2.70033 [english] Etymology: 'The new species epithet 'jammuense' is given after the type locality i.e Jammu province'.,,,11,jammuense,,,f,t,,holotype HBJU 18141;isotype HBJU 18142,,,,,Anant Kumar@20024004-1@4@aut$U.Sharma@20097091-1@2@aut$S.Thakur@20045271-1@5@aut$Sun.Singh@20065723-1@1@aut$Namr.Sharma@20097092-1@3@aut,,,tax. nov.,,1.3,f,allium~jammuense,alliaceaeallium~jammuense~,188,wfo-1000089062,,species,,,,,New Zealand J. Bot. 64(1)-e70033: 3 (2026),https://www.ipni.org/n/77377784-1,IPNI record: 77377784-1
urn:lsid:ipni.org:names:77377785-1,(Airy Shaw) D.Q.Huang & X.J.He,Alliaceae Allium hookeri Thwaites var. muliense Airy Shaw,(Airy Shaw),77189405-1,,,42(1): 18,,,,,,,,,,,,16/03/2026 10:39,16/03/2026 10:39,,,Alliaceae,Allium muliense,Allium muliense,Allium,,f,f,,,,,,,,,,,,,,,,,,,,,,,,,,,,,30000901-2,Cladistics,urn:lsid:ipni.org:publications:20002039-1,2025,2025 [8 Oct 2025],[8 Oct 2025],D.Q.Huang & X.J.He,spec.,Cladistics 42(1): 18. 2025 [8 Oct 2025] ,,doi:10.1111/cla.70012,,,11,muliense,,,f,t,,,,,,,X.J.He@36324-1@2@aut$Airy Shaw@107-1@3@bas$D.Q.Huang@20026329-1@1@aut,,,stat. nov.,,1.1,f,allium~muliense,alliaceaeallium~muliense~,189,wfo-1000089063,,species,,,,,Cladistics 42(1): 18 (2025),https://www.ipni.org/n/77377785-1,IPNI record: 77377785-1
urn:lsid:ipni.org:names:77377786-1,D.F.Xie & X.J.He,,,,,,42(1): 19,,20,,8,,WY20230820,2023,,,,,16/03/2026 10:46,16/03/2026 10:46,"Yunnan (China South-Central, China, Asia-Temperate)",E,Alliaceae,Allium xui,Allium xui,Allium,,f,f,,,,,,,,27,20,59,"Lijiang City, Yulong snow mountains, 3267 m",100,12,31,,,,,,N,,,,,,,,,30000901-2,Cladistics,urn:lsid:ipni.org:publications:20002039-1,2025,2025 [8 Oct 2025],[8 Oct 2025],D.F.Xie & X.J.He,spec.,Cladistics 42(1): 19. 2025 [8 Oct 2025] ,,doi:10.1111/cla.70012 Etymology: the specific epithet is named in honour of Chinese botanist Mr Xu Jiemei (J.M.Xu) in recognition of his contribution to Allium taxonomy in China.,,,11,xui,,,f,t,,holotype SZ;isotype SZ,,,,,X.J.He@36324-1@2@aut$D.F.Xie@20044104-1@1@aut,,,tax. nov.,,1.1,f,allium~xui,alliaceaeallium~xui~,190,wfo-1000089064,,species,,,,,Cladistics 42(1): 19 (2025),https://www.ipni.org/n/77377786-1,IPNI record: 77377786-1
urn:lsid:ipni.org:names:77377787-1,A.R.Bean,,,,,,113: 2,,19,,6,,CHA545,1998,,E.J.Thompson &amp; G.P.Turpin,,,16/03/2026 11:09,16/03/2026 11:09,"Queensland (Queensland, Australia, Australasia)",,Acanthaceae,Justicia aprica,Justicia aprica,Justicia,,f,f,,,,,,,,,,,About 8km E of Lake Dalrymple,,,,,,,,,,,,,,,,,,326849-2,Austral. J. Taxon.,urn:lsid:ipni.org:publications:20039834-1,2026,2026 [21 Jan 2026],[21 Jan 2026],A.R.Bean,spec.,Austral. J. Taxon. 113: 2. 2026 [21 Jan 2026] ,,"doi:10.54102/ajt.j3por Etymology: the specific epithet is derived from Latin 'apricus' meaning 'lying open, uncovered, exposed to the sun'. This name is given due to the sunny woodland habitat this species inhabits.",,,11,aprica,,,f,t,,holotype BRI;isotype MEL,,,,,A.R.Bean@35385-1@1@aut,,,tax. nov.,,1.1,f,justicia~aprica,acanthaceaejusticia~aprica~,191,wfo-1000089065,,species,,,,,Austral. J. Taxon. 113: 2 (2026),https://www.ipni.org/n/77377787-1,IPNI record: 77377787-1
urn:lsid:ipni.org:names:77377788-1,A.R.Bean,,,,,,113: 4,,16,,5,,28860,2009,,A.R.Bean &amp; R.Jensen,,,16/03/2026 11:13,16/03/2026 11:13,"Queensland (Queensland, Australia, Australasia)",,Acanthaceae,Justicia densipila,Justicia densipila,Justicia,,f,f,,,,,,,,,,,"Near lookout, Return Creek Falls, Tar avale, NW of Townsville",,,,,,,,,,,,,,,,,,326849-2,Austral. J. Taxon.,urn:lsid:ipni.org:publications:20039834-1,2026,2026 [21 Jan 2026],[21 Jan 2026],A.R.Bean,spec.,Austral. J. Taxon. 113: 4. 2026 [21 Jan 2026] ,,doi:10.54102/ajt.j3por Etymology: the specific epithet is a reference to the dense soft hairs on the stems and leaves of this species.,,,11,densipila,,,f,t,,holotype BRI,,,,,A.R.Bean@35385-1@1@aut,,,tax. nov.,,1.1,f,justicia~densipila,acanthaceaejusticia~densipila~,192,wfo-1000089066,,species,,,,,Austral. J. Taxon. 113: 4 (2026),https://www.ipni.org/n/77377788-1,IPNI record: 77377788-1
urn:lsid:ipni.org:names:77377789-1,"Mustaqim, A.S.D.Irsyam & M.R.Hariri",,,,,,71(2): 209,,13,,1,,4107,2026,,W.A.Mustaqim et al.,,,16/03/2026 12:07,16/03/2026 14:30,"Sumatera (Malesia, Asia-Tropical)",,Araceae,Homalomena bungamerah,Homalomena bungamerah,Homalomena,,f,f,,,,,,,,,,,"Sumatra Utara Province, Langkat Regency, location withheld for conservation purposes",,,,,,,,,,,,,,,,,,30057762-2,Taiwania,urn:lsid:ipni.org:publications:2979-2,2026,2026 [16 Mar 2026],[16 Mar 2026],"Mustaqim, A.S.D.Irsyam & M.R.Hariri",spec.,Taiwania 71(2): 209. 2026 [16 Mar 2026] ,,"doi:10.6165/tai.2026.71.209 [english] Etymology: 'The specific epithet 'bunga merah' is derived from the Malay language, reflecting the inflorescence ('bunga') with red ('merah') peduncle and spathe. Malay is the indigenous language in Langkat Regency, where the type material was collected.",,,11,bungamerah,,,f,t,,holotype FIPIA;isotype BO;isotype UIDEP,,,,,M.R.Hariri@20072206-1@3@aut$Mustaqim@20043161-1@1@aut$A.S.D.Irsyam@20072205-1@2@aut,,,tax. nov.,,1.3,f,homalomena~bungamerah,araceaehomalomena~bungamerah~,193,wfo-1000089067,,species,,,,,Taiwania 71(2): 209 (2026),https://www.ipni.org/n/77377789-1,IPNI record: 77377789-1
urn:lsid:ipni.org:names:77377790-1,"(S.S.Chien) Z.Zheng Zhang, H.Tian Li & T.Y.Zuo",Iridaceae Iris pseudorossii S.S.Chien var. valida S.S.Chien,(S.S.Chien),50918371-1,,,271: 307,,,,,,,,,,,,16/03/2026 15:22,16/03/2026 15:22,,,Iridaceae,Iris valida,Iris valida,Iris,,f,f,,,,,,,,,,,,,,,,,,,,,,,,,,,,,326330-2,PhytoKeys,urn:lsid:ipni.org:publications:20011997-1,2026,2026 [16 Mar 2026],[16 Mar 2026],"Z.Zheng Zhang, H.Tian Li & T.Y.Zuo",spec.,PhytoKeys 271: 307. 2026 [16 Mar 2026] ,,doi:10.3897/phytokeys.271.176663,,,11,valida,,,f,t,,,,,,,H.Tian Li@20097095-1@2@aut$T.Y.Zuo@20097096-1@3@aut$Z.Zheng Zhang@20097093-1@1@aut$S.S.Chien@1595-1@4@bas,,,comb. et stat. nov.,,1.1,f,iris~valida,iridaceaeiris~valida~,194,wfo-1000089068,,species,,,,,PhytoKeys 271: 307 (2026),https://www.ipni.org/n/77377790-1,IPNI record: 77377790-1
urn:lsid:ipni.org:names:77377791-1,Proença & L.Conc.,,,,,,19(b)-e918080: 3,,,,,,,,,,,,16/03/2026 15:23,16/03/2026 16:25,,,Myrtaceae,Psidium eustachyum,Psidium eustachyum,Psidium,,f,f,,,,,,,,,,,,,,,,,,,,,,,,,,,,null:,27723-1,Heringeriana,urn:lsid:ipni.org:publications:20019736-2,2026,2026 [13 Mar 2026],[13 Mar 2026],Proença & L.Conc.,spec.,"Heringeriana 19(b)-e918080: 3. 2026 [13 Mar 2026] , Special Issue",", Special Issue","doi:10.70782/heringeriana.v19ib.918080 Etymology: 'The epithet commemorates Jair Eustáquio Quintino de Faria, Myrtaceae specialist and prolific collector'.",77374207-1,,9,eustachyum,,,f,t,,,,,,,Proença@37443-1@1@aut$L.Conc.@20097097-1@2@aut,,,nom. et stat. nov.,,1.4,f,psidium~eustachyum,myrtaceaepsidium~eustachyum~,195,wfo-1000089069,,species,,,,,Heringeriana 19(b)-e918080: 3 (2026),https://www.ipni.org/n/77377791-1,IPNI record: 77377791-1
urn:lsid:ipni.org:names:77377792-1,X.X.Su,,,,,,271: 306,,4,,5,,SXX0077,2022,,X.X.Su,,,16/03/2026 15:35,16/03/2026 15:35,"Fujian (China Southeast, China, Asia-Temperate)",E,Iridaceae,Iris fujianensis,Iris fujianensis,Iris,,f,f,,,,,,,,26,52,8,"Jian'ou City, Yushan, 326 m",118,16,42,,,,,,N,,,,,,,,,326330-2,PhytoKeys,urn:lsid:ipni.org:publications:20011997-1,2026,2026 [16 Mar 2026],[16 Mar 2026],X.X.Su,spec.,PhytoKeys 271: 306. 2026 [16 Mar 2026] ,,"Notes (p. 306): 'Iris fujianensis X.X.Su in J. Fujian For. Sci. Technol. 51 (3): 101–103. 2024 — invalid name (Art. 8.2, 40.1 of ICN); holotype not indicated; 2 gatherings included'.",,,11,fujianensis,,,f,t,,holotype CSH,,,,,X.X.Su@20042212-1@1@aut,,,tax. nov.,,1.1,f,iris~fujianensis,iridaceaeiris~fujianensis~,196,wfo-1000089070,,species,,,,,PhytoKeys 271: 306 (2026),https://www.ipni.org/n/77377792-1,IPNI record: 77377792-1
urn:lsid:ipni.org:names:77377793-1,R.Rojas & Vásquez,,,,,,14(1): 67,,8,,6,,11383,2025,,R.Rojas et.al.,,,16/03/2026 18:01,17/03/2026 12:18,"Peru (Western South America, Southern America)",W,Gesneriaceae,Drymonia crassolobulata,Drymonia crassolobulata,Drymonia,,f,f,,,,,,,,10,24,43,"Pasco. Prov. Oxapampa. Distr. Palcazú. Parque Nacional Yanachaga Chemillén. Parcela Permanente de Monitoreo (PNY-29), 1112 m",75,20,9,,,,,,S,,,,,,,,,30002291-2,Darwiniana,urn:lsid:ipni.org:publications:900-2,2026,2026 [9 Jan 2026],[9 Jan 2026],R.Rojas & Vásquez,spec.,Darwiniana 14(1): 67. 2026 [9 Jan 2026] ,,"doi:10.14522/darwiniana.2026.141.1318 Etymology: 'The specific epithet 'crassolobulata' refers to the corolla lobes, which are notably thick and irregular in appearance, forming tiny abaxially protuberances, mainly on the dorsal and lateral lobes.'",,,11,crassolobulata,,,f,t,,holotype HOXA 094630;isotype USM;isotype MO,,Isotypes to be distributed,,,R.Rojas@20012370-2@1@aut$Vásquez@36418-1@2@aut,,,tax. nov.,,1.2,f,drymonia~crassolobulata,gesneriaceaedrymonia~crassolobulata~,197,wfo-1000089071,,species,,,,,Darwiniana 14(1): 67 (2026),https://www.ipni.org/n/77377793-1,IPNI record: 77377793-1
urn:lsid:ipni.org:names:77377794-1,Daly & S.H.N.Monteiro,,,,,,[early view]: [2 of 6],,7,,12,,9112,1989,,"R.Callejas, J.Betancur &amp; O.Escobar",,,16/03/2026 20:12,24/03/2026 12:31,"Colombia (Western South America, Southern America)",W,Burseraceae,Protium rostratum,Protium rostratum,Protium,,f,f,,,,,,,,6,56,,"Antioquia, Mpio. Amalfi, 8–27 km NE de Amalfi, en la via Vetilla-Fraguas, sitios Salazar y Marengo, 1450-1150 m [sic]",75,4,,,,,,,N,,,,,,,,,331880-2,Brittonia,urn:lsid:ipni.org:publications:561-2,2026,2026 [16 Mar 2026],[16 Mar 2026],Daly & S.H.N.Monteiro,spec.,Brittonia [early view]: [2 of 6]. 2026 [16 Mar 2026] ,,doi:10.1007/s12228-025-09868-5 [english] Etymology: 'The specific epithet refers to the beaked apex of the fruit'.,,,11,rostratum,,,f,t,,holotype NY 5133999,,,,,Daly@13395-1@1@aut$S.H.N.Monteiro@20002100-2@2@aut,,,tax. nov.,,1.2,f,protium~rostratum,burseraceaeprotium~rostratum~,198,wfo-1000089072,,species,,,,,Brittonia [early view]: [2 of 6] (2026),https://www.ipni.org/n/77377794-1,IPNI record: 77377794-1
urn:lsid:ipni.org:names:77377796-1,Lapo-Gonzalez & M.M.Jiménez,,,,,,14(e76579): 4,,11,,3,,N.Lapo 74,2023,,N.Lapo,,,17/03/2026 06:33,17/03/2026 16:10,"Ecuador (Western South America, Southern America)",,Orchidaceae,Scaphosepalum lesterlapoi,Scaphosepalum lesterlapoi,Scaphosepalum,,f,f,,,,,,,,,,,"Morona Santiago, Valle del Quimi, 1157 m",,,,,,,,,,,,,,,,,,30003541-2,Biodivers. Data J.,urn:lsid:ipni.org:publications:20019082-1,2026,2026 [17 Mar 2026],[17 Mar 2026],Lapo-Gonzalez & M.M.Jiménez,spec.,Biodivers. Data J. 14(e76579): 4. 2026 [17 Mar 2026] ,,"doi:10.3897/BDJ.14.e176579 [english] Etymology: name honours Lester Lapo, an outstanding orchid grower from El Pangui, Zamora-Chinchipe Province, southern Ecuador and who first discovered this species.",,,11,lesterlapoi,,,f,t,,holotype LOJA 42884,,,,,M.M.Jiménez@20019184-2@2@aut$Lapo-Gonzalez@20074157-1@1@aut,,,tax. nov.,,1.3,f,scaphosepalum~lesterlapoi,orchidaceaescaphosepalum~lesterlapoi~,199,wfo-1000089073,,species,,,,,Biodivers. Data J. 14(e76579): 4 (2026),https://www.ipni.org/n/77377796-1,IPNI record: 77377796-1
urn:lsid:ipni.org:names:77377797-1,J.E.Bat.,,,,,,747(2): 168,,17,,9,,1814,2017,,J.Batista,,,17/03/2026 09:33,17/03/2026 09:36,"Panama (Central America, Southern America)",W,Lecythidaceae,Scottmoria santafeensis,Scottmoria santafeensis,Scottmoria,,f,f,,,,,,,,8,31,57,"Provincia de Veraguas. Distrito de Santa Fe, Loma Grande, carretera hacia Calovébora antes de la estación de Miambiente, 779 m",81,8,49,,,,,,N,,,,,,,,,77345009-1,Phytotaxa,urn:lsid:ipni.org:publications:20011462-1,2026,2026 [17 Mar 2026],[17 Mar 2026],J.E.Bat.,spec.,Phytotaxa 747(2): 168. 2026 [17 Mar 2026] ,,"doi:10.11646/phytotaxa.747.2.2 Etymology: 'The specific epithet of this species is dedicated to the Santa Fe district in Veraguas, Panama, a region with the Santa Fe National Park and one of the biologically most diverse in the country.'",,,11,santafeensis,,,f,t,,holotype PMA PMA-145612;isotype SCZ SCZ-20312,,,,,J.E.Bat.@20031383-1@1@aut,,,tax. nov.,,1.2,f,scottmoria~santafeensis,lecythidaceaescottmoria~santafeensis~,200,wfo-1000089074,,species,,,,,Phytotaxa 747(2): 168 (2026),https://www.ipni.org/n/77377797-1,IPNI record: 77377797-1
urn:lsid:ipni.org:names:77377798-1,J.E.Bat.,,,,,,747(2): 171,,21,,4,,1600,2016,,"J.Batista, I.Cisneros, A.Batista &amp; E.Crípulo",,,17/03/2026 10:07,17/03/2026 10:07,"Panama (Central America, Southern America)",W,Lecythidaceae,Scottmoria ilianacisneroae,Scottmoria ilianacisneroae,Scottmoria,,f,f,,,,,,,,7,58,31,"Provincia de Darién. Distrito de Pinogana, Parque Nacional Darién, Cerro Pirre, filo de la montaña entre Rancho Plástico y Rancho Carajo, bosque nuboso, 1141 m",77,42,29,,,,,,N,,,,,,,,,77345009-1,Phytotaxa,urn:lsid:ipni.org:publications:20011462-1,2026,2026 [17 Mar 2026],[17 Mar 2026],J.E.Bat.,spec.,"Phytotaxa 747(2): 171. 2026 [17 Mar 2026] , as 'ilianacisneroi'. Termination of specific epithet amended as per Art. 60.8. ICN (2025).",", as 'ilianacisneroi'. Termination of specific epithet amended as per Art. 60.8. ICN (2025).","doi:10.11646/phytotaxa.747.2.2 Etymology: the specific epithet is named in honour of zoologist Iliana Ibeth Cisneros Hidalgo, who discovered the species and provided assistance on fieldtrips in the region.",,,11,ilianacisneroae,,,f,t,,holotype PMA PMA128037;isotype NY NY-03220757,,,,,J.E.Bat.@20031383-1@1@aut,,,tax. nov.,,1.1,f,scottmoria~ilianacisneroae,lecythidaceaescottmoria~ilianacisneroae~,201,wfo-1000089075,,species,,,,,Phytotaxa 747(2): 171 (2026),https://www.ipni.org/n/77377798-1,IPNI record: 77377798-1
urn:lsid:ipni.org:names:77377799-1,(Blume) J.J.Sm.,Orchidaceae Diphyes sect. Desmosanthes Blume,(Blume),77221174-1,,,"sér. 2, 13: 34",,,,,,,,,,,,17/03/2026 10:09,17/03/2026 10:09,,,Orchidaceae,Bulbophyllum sect. Desmosanthes,Bulbophyllum sect. Desmosanthes,Bulbophyllum,,f,f,,,,desmosanthes,,,,,,,,,,,,,,,,,,,,,,,,,325894-2,Bull. Jard. Bot. Buitenzorg,urn:lsid:ipni.org:publications:875-2,1914,1914,,J.J.Sm.,sect.,"Bull. Jard. Bot. Buitenzorg sér. 2, 13: 34. 1914 ",,,,,11,,,,f,t,,,,,,,Blume@16230-1@2@bas$J.J.Sm.@9804-1@1@aut,,,comb. nov.,,1.1,f,bulbophyllumdesmosanthes,orchidaceaebulbophyllumdesmosanthes~~,202,wfo-1000089076,,section,,,,,"Bull. Jard. Bot. Buitenzorg sér. 2, 13: 34 (1914)",https://www.ipni.org/n/77377799-1,IPNI record: 77377799-1
urn:lsid:ipni.org:names:77377800-1,J.E.Bat. & Prance,,,,,,747(2): 175,,20,,9,,1149,2014,,"J.Batista, O.Quintana (Torrijos) and A.Quintana",,,17/03/2026 10:16,17/03/2026 10:16,"Panama (Central America, Southern America)",W,Lecythidaceae,Scottmoria gracie,Scottmoria gracie,Scottmoria,,f,f,,,,,,,,7,58,34,"Provincia de Darién. Distrito de Chepigana, corregimiento de Garachiné, Parque Nacional Darién, Cerro Sapo, 1066 m",78,21,38,,,,,,N,,,,,,,,,77345009-1,Phytotaxa,urn:lsid:ipni.org:publications:20011462-1,2026,2026 [17 Mar 2026],[17 Mar 2026],J.E.Bat. & Prance,spec.,Phytotaxa 747(2): 175. 2026 [17 Mar 2026] ,,doi:10.11646/phytotaxa.747.2.2 Etymology: the specific epithet is named in honour and memoriam of American botanist Carol Gracie for her influential work at NYBG and in the Neotropics.,,,11,gracie,,,f,t,,holotype PMA PMA-102799;isotype MO MO-2884485;isotype NY NY-02269474,,,,,J.E.Bat.@20031383-1@1@aut$Prance@12747-1@2@aut,,,tax. nov.,,1.1,f,scottmoria~gracie,lecythidaceaescottmoria~gracie~,203,wfo-1000089077,,species,,,,,Phytotaxa 747(2): 175 (2026),https://www.ipni.org/n/77377800-1,IPNI record: 77377800-1
urn:lsid:ipni.org:names:77377801-1,H.Z.Feng & Q.B.Gong,,,,,,747(2): 184,,1,,4,,4002,2024,,H.Z.Feng &amp; X.J.Zhao,,,17/03/2026 10:22,17/03/2026 10:22,"Yunnan (China South-Central, China, Asia-Temperate)",,Convallariaceae,Peliosanthes lihengiae,Peliosanthes lihengiae,Peliosanthes,,f,f,,,,,,,,,,,"Dehong Dai and Jingpo Autonomous Prefecture, Mangshi City, Mengga Town, Mengwang",,,,,,,,,,,,,,,,,,19480-1,Phytotaxa,urn:lsid:ipni.org:publications:20011462-1,2026,2026 [17 Mar 2026],[17 Mar 2026],H.Z.Feng & Q.B.Gong,spec.,Phytotaxa 747(2): 184. 2026 [17 Mar 2026] ,,"doi:10.11646/phytotaxa.747.2.3 Etymology: the specific epithet honours the late Professor Heng Li, a Chinese botanist renowned for her numerous monographs on monocot families and contributions to florisitc works such as Flora of China and Flora Yunnanica.",,,11,lihengiae,,,f,t,,holotype SYS,,,,,Q.B.Gong@20033890-1@2@aut$H.Z.Feng@20047184-1@1@aut,,,tax. nov.,,1.1,f,peliosanthes~lihengiae,convallariaceaepeliosanthes~lihengiae~,204,wfo-1000089078,,species,,,,,Phytotaxa 747(2): 184 (2026),https://www.ipni.org/n/77377801-1,IPNI record: 77377801-1
urn:lsid:ipni.org:names:77377802-1,R.P.P.Ahmad & Karton.,,,,,,747(2): 216,,,,,,40,,,R.P.P.Ahmad,,,17/03/2026 10:42,17/03/2026 10:42,"Sulawesi (Malesia, Asia-Tropical)",E,Gesneriaceae,Cyrtandra intermedia,Cyrtandra intermedia,Cyrtandra,,f,f,,,,,,,,1,4,28,"Central Sulawesi Province: Toli-Toli Regency, Malangga, 600 m",120,51,19,,,,,,N,,,,,,,,,16981-1,Phytotaxa,urn:lsid:ipni.org:publications:20011462-1,2026,2026 [17 Mar 2026],[17 Mar 2026],R.P.P.Ahmad & Karton.,spec.,Phytotaxa 747(2): 216. 2026 [17 Mar 2026] ,,doi:10.11646/phytotaxa.747.2.7 Etymology: 'The specific epithet 'intermedia' refers to the intermediate morphology and biogeographic position of this species between Sundaland and Wallacea.',,,11,intermedia,,,f,t,,holotype BO;isotype CEB,,,,,R.P.P.Ahmad@20047123-1@1@aut$Karton.@20019735-1@2@aut,,,tax. nov.,,1.1,f,cyrtandra~intermedia,gesneriaceaecyrtandra~intermedia~,205,wfo-1000089079,,species,,,,,Phytotaxa 747(2): 216 (2026),https://www.ipni.org/n/77377802-1,IPNI record: 77377802-1
urn:lsid:ipni.org:names:77377803-1,"Akash, K.Manik. & A.Rajesh",,,,,,747(2): 223,,19,,2,,639,2025,,"S.Akash, K.Manikandan &amp; A.Rajesh",,,17/03/2026 11:08,20/03/2026 18:19,"Tamil Nadu (India, Indian Subcontinent, Asia-Tropical)",E,Vitaceae,Cyphostemma annamalaii,Cyphostemma annamalaii,Cyphostemma,,f,f,,,,,,,,12,5,25,"Viluppuram District, Panamalai Pettai, Southern Eastern Ghats, Sanjeevi hill, 86 m",79,22,5,,,,,,N,,,,,,,,,1701-1,Phytotaxa,urn:lsid:ipni.org:publications:20011462-1,2026,2026 [17 Mar 2026],[17 Mar 2026],"Akash, K.Manik. & A.Rajesh",spec.,Phytotaxa 747(2): 223. 2026 [17 Mar 2026] ,,doi:10.11646/phytotaxa.747.2.8 Etymology: the specific epithet is named in honour of Rajah Sir S.RM.M. Annamalai Chettiar.,,,11,annamalaii,,,f,t,,holotype RHT;isotype MH,,,,,Akash@20097099-1@1@aut$A.Rajesh@20097102-1@3@aut$K.Manik.@20097100-1@2@aut,,,tax. nov.,,1.2,f,cyphostemma~annamalaii,vitaceaecyphostemma~annamalaii~,206,wfo-1000089080,,species,,,,,Phytotaxa 747(2): 223 (2026),https://www.ipni.org/n/77377803-1,IPNI record: 77377803-1
urn:lsid:ipni.org:names:77377804-1,Y.M.Yuan & P.C.Fu,,,,,,272: 3,,23,,7,,Fu2025075,2025,,P.C.Fu &amp; S.S.Sun,,,17/03/2026 11:23,18/03/2026 15:13,"Sichuan (China South-Central, China, Asia-Temperate)",,Gentianaceae,Gentiana daofuensis,Gentiana daofuensis,Gentiana,,f,f,,,,,,,,,,,"Daofu County, near Geka Village, 3810 m",,,,,,,,,,,,,,,,,,30001281-2,PhytoKeys,urn:lsid:ipni.org:publications:20011997-1,2026,2026 [18 Mar 2026],[18 Mar 2026],Y.M.Yuan & P.C.Fu,spec.,PhytoKeys 272: 3. 2026 [18 Mar 2026] ,,"doi:10.3897/phytokeys.272.183828 [english] Etymology: name derived from the type locality of the new species, Daofu County, and the Latin suffix -ensis, indicating the place of origin or growth. Et nom. nud. in Gentians of the World, Y.M.Yuan (2024)",,,11,daofuensis,,,f,t,,holotype HNWP HNWP392646;isotype PE,,,,,P.C.Fu@20086673-1@2@aut$Y.M.Yuan@37546-1@1@aut,,,tax. nov.,,1.3,f,gentiana~daofuensis,gentianaceaegentiana~daofuensis~,207,wfo-1000089081,,species,,,,,PhytoKeys 272: 3 (2026),https://www.ipni.org/n/77377804-1,IPNI record: 77377804-1
urn:lsid:ipni.org:names:77377805-1,Parra-Lizc. & Solano-C.,,,,,,14(1): 27,,25,,8,,624,2025,,N.Parra-Lizcano &amp; Florencio Advíncula,,,17/03/2026 11:59,17/03/2026 11:59,"Colombia (Western South America, Southern America)",W,Gesneriaceae,Columnea magentotricha,Columnea magentotricha,Columnea,,f,f,,,,,,,,3,56,29,"Valle del Cauca: Municipio de Buenaventura. Bajo Calima, Comunidad de Bajo Calima, cerca al vivero comunitario, 55 m",76,59,10,,,,,,N,,,,,,,,,30002865-2,Darwiniana,urn:lsid:ipni.org:publications:900-2,2026,2026 [9 Jan 2026],[9 Jan 2026],Parra-Lizc. & Solano-C.,spec.,Darwiniana 14(1): 27. 2026 [9 Jan 2026] ,,doi:10.14522/darwiniana.2026.141.1323 Etymology: the specific epithet is a reference to the magenta hairs that cover the plant.,,,11,magentotricha,,,f,t,,holotype TOLI 32813;isotype COL;isotype JBB,,,,,Parra-Lizc.@20075278-1@1@aut$Solano-C.@20087064-1@2@aut,,,tax. nov.,,1.1,f,columnea~magentotricha,gesneriaceaecolumnea~magentotricha~,208,wfo-1000089082,,species,,,,,Darwiniana 14(1): 27 (2026),https://www.ipni.org/n/77377805-1,IPNI record: 77377805-1
urn:lsid:ipni.org:names:77377806-1,I.Jiménez & M.Zárate,,,,,,14(1): 15,,,,,,9738,,,I.Jiménez &amp; M.Zarate,,,17/03/2026 12:08,17/03/2026 12:08,"Bolivia (Western South America, Southern America)",W,Poaceae,Chusquea bicentenaria,Chusquea bicentenaria,Chusquea,,f,f,,,,,,,,17,50,46,"Cochabamba, Prov. Mizque, camino Cochabamba-Mizque, localidad Kuri, puente El Paso de los Libertadores, 2700 m",65,27,19,,,,,,S,,,,,,,,,17754-1,Darwiniana,urn:lsid:ipni.org:publications:900-2,2026,2026 [9 Jan 2026],[9 Jan 2026],I.Jiménez & M.Zárate,spec.,Darwiniana 14(1): 15. 2026 [9 Jan 2026] ,,doi:10.14522/darwiniana.2026.141.1314 Etymology: the specific epithet is named to commemorate the 200th anniversary of the founding of Bolivia.,,,11,bicentenaria,,,f,t,,holotype BOLV,,,,,I.Jiménez@20020666-1@1@aut$M.Zárate@20030467-1@2@aut,,,tax. nov.,,1.1,f,chusquea~bicentenaria,poaceaechusquea~bicentenaria~,209,wfo-1000089083,,species,,,,,Darwiniana 14(1): 15 (2026),https://www.ipni.org/n/77377806-1,IPNI record: 77377806-1
urn:lsid:ipni.org:names:77377807-1,T.F.Lü & Yin Z.Wang,,,,,,58(2): 155,,16,,8,,20140619F,2015,,Y.Dong,,,17/03/2026 12:17,17/03/2026 12:19,"Yunnan (China South-Central, China, Asia-Temperate)",E,Gesneriaceae,Petrocosmea shilinensis var. changhuensis,Petrocosmea shilinensis var. changhuensis,Petrocosmea,,f,f,,,,,changhuensis,,,24,42,44,"Shilin County, Changhu Town, Changhu Scenic Area, c. 1920 m",103,25,3,,,,,,N,,,,,,,,,77107739-1,J. Syst. Evol.,urn:lsid:ipni.org:publications:20009150-1,2019,2019 [2020 publ. 4 Sep 2019],[2020 publ. 4 Sep 2019],T.F.Lü & Yin Z.Wang,var.,J. Syst. Evol. 58(2): 155. 2019 [2020 publ. 4 Sep 2019] ,,doi:10.1111/jse.12541 Etymology: For Changhu Town.,,,11,shilinensis,Y.M.Shui & H.T.Zhao,,f,t,,holotype PE,,,,,T.F.Lü@20097103-1@1@aut$Yin Z.Wang@37141-1@2@aut,Y.M.Shui@0-0@1@aut$H.T.Zhao@0-0@2@aut,,tax. nov.,,1.2,f,petrocosmea~shilinensischanghuensis,gesneriaceaepetrocosmea~shilinensischanghuensis,210,wfo-1200074592,,variety,,,,,J. Syst. Evol. 58(2): 155 (2019),https://www.ipni.org/n/77377807-1,IPNI record: 77377807-1
urn:lsid:ipni.org:names:77377808-1,Y.Dong & Yin Z.Wang,,,,,,58(2): 155,,13,,6,,0140613C,2014,,Y.Dong,,,17/03/2026 12:31,17/03/2026 12:31,"Yunnan (China South-Central, China, Asia-Temperate)",E,Gesneriaceae,Petrocosmea purpureoglandulosa,Petrocosmea purpureoglandulosa,Petrocosmea,,f,f,,,,,,,,24,40,28,"Kunming City, Shilin County, Banqiao Town, Dadieshui Scenic Area, c. 1448 m",103,11,48,,,,,,N,,,,,,,,,17161-1,J. Syst. Evol.,,2019,2019 [2020 publ. 4 Sep 2019],[2020 publ. 4 Sep 2019],Y.Dong & Yin Z.Wang,spec.,J. Syst. Evol. 58(2): 155. 2019 [2020 publ. 4 Sep 2019] ,,doi:10.1111/jse.12541 Etymology: 'derived from its character of ﬁlaments densely purple glandular'.,,,9,purpureoglandulosa,,,f,t,,holotype PE,,,,,Yin Z.Wang@37141-1@2@aut$Y.Dong@20017921-1@1@aut,,,tax. nov.,,1.1,f,petrocosmea~purpureoglandulosa,gesneriaceaepetrocosmea~purpureoglandulosa~,211,wfo-1200074590,,species,,,,,J. Syst. Evol. 58(2): 155 (2019),https://www.ipni.org/n/77377808-1,IPNI record: 77377808-1
urn:lsid:ipni.org:names:77377809-1,M.Q.Han & Yan Liu,,,,,,58(2): 156,,15,,4,,HMQ988,2016,,"M.Q.Han, Y.Dong &amp; T.F.Lü",,,17/03/2026 12:39,20/03/2026 09:33,"Guizhou (China South-Central, China, Asia-Temperate)",E,Gesneriaceae,Petrocosmea longituba,Petrocosmea longituba,Petrocosmea,,f,f,,,,,,,,26,19,7,"Duyun City, Heilongzhai village, c. 840 m",107,29,32,,,,,,N,,,,,,,,,17161-1,J. Syst. Evol.,urn:lsid:ipni.org:publications:20009150-1,2019,2019 [2020 publ. 4 Sep 2019],[2020 publ. 4 Sep 2019],M.Q.Han & Yan Liu,spec.,J. Syst. Evol. 58(2): 156. 2019 [2020 publ. 4 Sep 2019] ,,doi:10.1111/jse.12541 Etymology: 'derived from its character of long corolla tube'.,,,11,longituba,,,f,t,,holotype IBK;isotype PE,,,,,Yan Liu@20000076-2@2@aut$M.Q.Han@20023056-1@1@aut,,,tax. nov.,,1.3,f,petrocosmea~longituba,gesneriaceaepetrocosmea~longituba~,212,wfo-1200074589,,species,,,,,J. Syst. Evol. 58(2): 156 (2019),https://www.ipni.org/n/77377809-1,IPNI record: 77377809-1
urn:lsid:ipni.org:names:77377810-1,T.Krueger & A.Fleischm.,,,,,,44: 24,,21,,5,,6961,1996,,I.Cowie,,,17/03/2026 12:43,17/03/2026 12:43,"Northern Territory (Australia, Australasia)",,Droseraceae,Drosera bracteosa,Drosera bracteosa,Drosera,,f,f,,,,,,,,,,,"Dalywoi [Daliwuy] Bay, ca. 10km. SSE of Yirrkala",,,,,,,,,,,,,,,,,,30001036-2,Muelleria,urn:lsid:ipni.org:publications:1554-2,2025,2025 [21 Oct 2025],[21 Oct 2025],T.Krueger & A.Fleischm.,spec.,Muelleria 44: 24. 2025 [21 Oct 2025] ,,Etymology: 'The specific epithet 'bracteosa' refers to the exceptionally large floral bracts of this species that are among the largest observed in the genus.',,,11,bracteosa,,,f,t,,holotype DNA D0127235;isotype MEL MEL0295393A,,,,,A.Fleischm.@20010034-1@2@aut$T.Krueger@20046986-1@1@aut,,,tax. nov.,,1.1,f,drosera~bracteosa,droseraceaedrosera~bracteosa~,213,wfo-1000089084,,species,,,,,Muelleria 44: 24 (2025),https://www.ipni.org/n/77377810-1,IPNI record: 77377810-1
urn:lsid:ipni.org:names:77377811-1,C.Q.Li & Yin Z.Wang,,,,,,58(2): 156,,16,,5,,2015051611,2015,,Chaoqun Li,,,17/03/2026 12:45,17/03/2026 12:45,"Sichuan (China South-Central, China, Asia-Temperate)",E,Gesneriaceae,Petrocosmea qionglaiensis,Petrocosmea qionglaiensis,Petrocosmea,,f,f,,,,,,,,30,20,24,"Qionglai City, Pingle Town, c. 1920 m",103,18,29,,,,,,N,,,,,,,,,17161-1,J. Syst. Evol.,urn:lsid:ipni.org:publications:20009150-1,2019,2019 [2020 publ. 4 Sep 2019],[2020 publ. 4 Sep 2019],C.Q.Li & Yin Z.Wang,spec.,J. Syst. Evol. 58(2): 156. 2019 [2020 publ. 4 Sep 2019] ,,"doi:10.1111/jse.12541 Etymology: 'derived from its locality, that is, Qionglai City'.",,,11,qionglaiensis,,,f,t,,holotype PE,,,,,Yin Z.Wang@37141-1@2@aut$C.Q.Li@20096918-1@1@aut,,,tax. nov.,,1.1,f,petrocosmea~qionglaiensis,gesneriaceaepetrocosmea~qionglaiensis~,214,wfo-1200074591,,species,,,,,J. Syst. Evol. 58(2): 156 (2019),https://www.ipni.org/n/77377811-1,IPNI record: 77377811-1
urn:lsid:ipni.org:names:77377812-1,"C.Xiong, J.X.Fu & F.Wen",,,,,,272: 12,,18,,8,,XC240818-01,2025,,Chi Xiong et al.,,,17/03/2026 13:20,18/03/2026 15:20,"Guangxi (China Southeast, China, Asia-Temperate)",E,Gesneriaceae,Primulina acutiloba,Primulina acutiloba,Primulina,,f,f,,,,,,,,23,41,,"Baise city, Tianyang district, Dongjing town, Wanlao village, c. 480 m",106,38,,,,,,,N,,,,,,,,,17172-1,PhytoKeys,urn:lsid:ipni.org:publications:20011997-1,2026,2026 [18 Mar 2026],[18 Mar 2026],"C.Xiong, J.X.Fu & F.Wen",spec.,PhytoKeys 272: 12. 2026 [18 Mar 2026] ,,"doi:10.3897/phytokeys.272.178656 [english] Etymology: name derived from the Latin acutus (meaning 'acute') and lobus (meaning 'lobe'), referring to the characteristically acute apices of the corolla lobes.",,,11,acutiloba,,,f,t,,holotype IBK IBK00471733;isotype IBK IBK00471734; 00471735,,Cultivated in Guilin Botanical Garden,,,C.Xiong@20049165-1@1@aut$F.Wen@20013722-1@3@aut$J.X.Fu@20088576-1@2@aut,,,tax. nov.,,1.3,f,primulina~acutiloba,gesneriaceaeprimulina~acutiloba~,215,wfo-1000089085,,species,,,,,PhytoKeys 272: 12 (2026),https://www.ipni.org/n/77377812-1,IPNI record: 77377812-1
urn:lsid:ipni.org:names:77377813-1,Mateo & Gómiz,,,,,,91: 131,,5,,6,,,2016,,G.Mateo,,,17/03/2026 14:42,17/03/2026 14:42,"Spain (Spain, Southwestern Europe, Europe)",,Asteraceae,Hieracium × altomijarense,Hieracium × altomijarense,Hieracium,,t,f,"214716-1,327414-2",(Hieracium amplexicaule L. × Hieracium lachenalii Suter),,,,,,,,,"Teruel: Cedrillas, hacia la Quebrada, 1340 m",,,,,,,,,,,,,,,,,,330082-2,Fl. Montiber.,urn:lsid:ipni.org:publications:20000001-1,2025,2025 [Apr 2025],[Apr 2025],Mateo & Gómiz,spec.,Fl. Montiber. 91: 131. 2025 [Apr 2025] ,,,,,10,altomijarense,,,f,t,,holotype VAL 230864,,,,,Mateo@23021-1@1@aut$Gómiz@36704-1@2@aut,,,tax. nov.,,1.1,f,hieracium~altomijarense,asteraceaehieracium~altomijarense~,216,wfo-1000089086,,species,,,,,Fl. Montiber. 91: 131 (2025),https://www.ipni.org/n/77377813-1,IPNI record: 77377813-1
urn:lsid:ipni.org:names:77377814-1,Mateo & Gómiz,,,,,,91: 132,,31,,7,,,2006,,G.Mateo,,,17/03/2026 14:49,17/03/2026 14:49,"Spain (Spain, Southwestern Europe, Europe)",,Asteraceae,Hieracium × aranense,Hieracium × aranense,Hieracium,,t,f,"221711-1,221375-1",(Hieracium prenanthoides Vill. × Hieracium planchonianum Timb.-Lagr. & Loret),,,,,,,,,"Lérida: Valle de Arán pr. Tredós, 2000 m",,,,,,,,,,,,,,,,,,330082-2,Fl. Montiber.,urn:lsid:ipni.org:publications:20000001-1,2025,2025 [Apr 2025],[Apr 2025],Mateo & Gómiz,spec.,Fl. Montiber. 91: 132. 2025 [Apr 2025] ,,,,,10,aranense,,,f,t,,holotype VAL 178376,,,,,Mateo@23021-1@1@aut$Gómiz@36704-1@2@aut,,,tax. nov.,,1.1,f,hieracium~aranense,asteraceaehieracium~aranense~,217,wfo-1000089087,,species,,,,,Fl. Montiber. 91: 132 (2025),https://www.ipni.org/n/77377814-1,IPNI record: 77377814-1
urn:lsid:ipni.org:names:77377815-1,Mateo & Gómiz,,,,,,91: 132,,21,,7,,,2017,,L.Villar &amp; G.Mateo,,,17/03/2026 15:00,17/03/2026 15:00,"Spain (Spain, Southwestern Europe, Europe)",,Asteraceae,Hieracium × canfranicum,Hieracium × canfranicum,Hieracium,,t,f,"219214-1,221375-1",(Hieracium lawsonii Vill. × Hieracium planchonianum Timb.-Lagr. & Loret),,,,,,,,,"Huesca: Canfranc, valle de Izas, 1650 m",,,,,,,,,,,,,,,,,,330082-2,Fl. Montiber.,urn:lsid:ipni.org:publications:20000001-1,2025,2025 [Apr 2025],[Apr 2025],Mateo & Gómiz,spec.,Fl. Montiber. 91: 132. 2025 [Apr 2025] ,,,,,10,canfranicum,,,f,t,,holotype VAL 233926,,,,,Gómiz@36704-1@2@aut$Mateo@23021-1@1@aut,,,tax. nov.,,1.1,f,hieracium~canfranicum,asteraceaehieracium~canfranicum~,218,wfo-1000089088,,species,,,,,Fl. Montiber. 91: 132 (2025),https://www.ipni.org/n/77377815-1,IPNI record: 77377815-1
urn:lsid:ipni.org:names:77377816-1,(Griseb.) Mateo & Gómiz,Asteraceae Hieracium ramondii Griseb.,(Griseb.),222275-1,,,91: 132,,,,,,,,,,,,17/03/2026 15:03,17/03/2026 15:03,,,Asteraceae,Hieracium cerinthoides subsp. ramondii,Hieracium cerinthoides subsp. ramondii,Hieracium,,f,f,,,,,ramondii,,,,,,,,,,,,,,,,,,,,,,,,215957-1,Fl. Montiber.,urn:lsid:ipni.org:publications:20000001-1,2025,2025 [Apr 2025],[Apr 2025],Mateo & Gómiz,subsp.,Fl. Montiber. 91: 132. 2025 [Apr 2025] ,,,,,11,cerinthoides,L.,,f,t,,,,,,,Gómiz@36704-1@2@aut$Mateo@23021-1@1@aut$Griseb.@3397-1@3@bas,L.@12653-1@1@aut,,comb. et stat. nov.,,1.1,f,hieracium~cerinthoidesramondii,asteraceaehieracium~cerinthoidesramondii,219,wfo-1200117731,,subspecies,,,,,Fl. Montiber. 91: 132 (2025),https://www.ipni.org/n/77377816-1,IPNI record: 77377816-1
urn:lsid:ipni.org:names:77377817-1,Mateo & Gómiz,,,,,,91: 132,,17,,7,,,2023,,F.Gomiz,,,17/03/2026 15:10,17/03/2026 15:10,"Spain (Spain, Southwestern Europe, Europe)",,Asteraceae,Hieracium × estosense,Hieracium × estosense,Hieracium,,t,f,"215957-1,77301963-1","(Hieracium cerinthoides L. × Hieracium paleoscense Mateo, Egido & Gómiz)",,,,,,,,,"Huesca: Benasque, Vereda de Estós, 1475 m",,,,,,,,,,,,,,,,,,330082-2,Fl. Montiber.,urn:lsid:ipni.org:publications:20000001-1,2025,2025 [Apr 2025],[Apr 2025],Mateo & Gómiz,spec.,Fl. Montiber. 91: 132. 2025 [Apr 2025] ,,,,,10,estosense,,,f,t,,holotype Herb. Gomiz 12241;isotype Herb. Gomiz 12240,,,,,Gómiz@36704-1@2@aut$Mateo@23021-1@1@aut,,,tax. nov.,,1.1,f,hieracium~estosense,asteraceaehieracium~estosense~,220,wfo-1000089089,,species,,,,,Fl. Montiber. 91: 132 (2025),https://www.ipni.org/n/77377817-1,IPNI record: 77377817-1
urn:lsid:ipni.org:names:77377818-1,"(Mateo, Egido & Gómiz) Mateo & Gómiz","Asteraceae Hieracium lusitanicum Arv.-Touv. var. guemesii Mateo, Egido & Gómiz","(Mateo, Egido & Gómiz)",77318023-1,,,91: 132,,,,,,,,,,,,17/03/2026 15:14,17/03/2026 15:14,,,Asteraceae,Hieracium glorioanum var. guemesii,Hieracium glorioanum var. guemesii,Hieracium,,t,f,,,,,guemesii,,,,,,,,,,,,,,,,,,,,,,,,77301959-1,Fl. Montiber.,urn:lsid:ipni.org:publications:20000001-1,2025,2025 [Apr 2025],[Apr 2025],Mateo & Gómiz,var.,Fl. Montiber. 91: 132. 2025 [Apr 2025] ,,,,,11,glorioanum,"Mateo, Egido & Gómiz",,f,t,,,,,,,Egido@20012659-1@4@bas$Mateo@23021-1@3@bas$Gómiz@36704-1@5@bas$Gómiz@36704-1@2@aut$Mateo@23021-1@1@aut,Mateo@23021-1@1@aut$Egido@20012659-1@2@aut$Gómiz@36704-1@3@aut,,comb. nov.,,1.1,f,hieracium~glorioanumguemesii,asteraceaehieracium~glorioanumguemesii,221,wfo-1200117732,,variety,,,,,Fl. Montiber. 91: 132 (2025),https://www.ipni.org/n/77377818-1,IPNI record: 77377818-1
urn:lsid:ipni.org:names:77377819-1,Belyakov & Lapirov,,,,,,201-103919: 5,,10,,8,,,2018,,E.A.Belyakov,,,17/03/2026 17:00,17/03/2026 17:00,"Northwest European Russia (Eastern Europe, Europe)",,Typhaceae,Sparganium × papczenkovii,Sparganium × papczenkovii,Sparganium,,t,f,"836773-1,836755-1",(Sparganium microcarpum Čelak. × Sparganium emersum Rehmann),,,,,,57,32,28,"Yaroslavl Region, Uglichsky District, near Masalskoye Village, shallow water of the Korozhechna River",38,2,10,,,,,,N,,,,,,,,,39598-1,Aquatic Bot.,urn:lsid:ipni.org:publications:1763-2,2025,2025 [26 Jun 2025],[26 Jun 2025],Belyakov & Lapirov,spec.,Aquatic Bot. 201-103919: 5. 2025 [26 Jun 2025] ,,doi:10.1016/j.aquabot.2025.103919 Etymology: the hybrid epithet is named in honour of Professor V.G.Papchenkov.,,,10,papczenkovii,,,f,t,,holotype IBIW 76371;isotype IBIW 58716; 58897; 60351; 60353,,,,,Belyakov@20069466-1@1@aut$Lapirov@20097106-1@2@aut,,,tax. nov.,,1.1,f,sparganium~papczenkovii,typhaceaesparganium~papczenkovii~,222,wfo-1000089090,,species,,,,,Aquatic Bot. 201-103919: 5 (2025),https://www.ipni.org/n/77377819-1,IPNI record: 77377819-1
urn:lsid:ipni.org:names:77377820-1,"Lumare, Medagli, De Giorgi & Ricchiuto",,,,,,47: 53,,18,,4,,ORCH 2023041821,2023,,Salvatore De Giorgi,,,17/03/2026 17:31,18/03/2026 09:30,"Italy (Italy, Southeastern Europe, Europe)",,Orchidaceae,Ophrys × vernolensis,Ophrys × vernolensis,Ophrys,,t,f,"647978-1,647748-1",(Ophrys lutea Cav. × Ophrys apulica (O.Danesch & E.Danesch) O.Danesch & E.Danesch),,,,,,,,,"Apulia, Province of Lecce, Municipality of Vernole, hamlet of Acquarica di Lecce",,,,,,,,,,,,,,,,,,30162-1,Thalassia Salentina,urn:lsid:ipni.org:publications:20013994-2,2025,2025 [1 Dec 2025],[1 Dec 2025],"Lumare, Medagli, De Giorgi & Ricchiuto",spec.,Thalassia Salentina 47: 53. 2025 [1 Dec 2025] ,,"doi:DOI 10.1285/i15910725v47p45 [english] 10.1285/i15910725v47p45  Etymology: name from the town of Vernole, in whose municipal territory the hamlet of Acquarica di Lecce resides, where the specimen was found.",,,9,vernolensis,,,f,t,,holotype LEC ORCH2023041821,,,,,Lumare@20028213-1@1@aut$Medagli@34888-1@2@aut$De Giorgi@0-0@3@aut$Ricchiuto@0-0@4@aut,,,tax. nov.,,1.3,f,ophrys~vernolensis,orchidaceaeophrys~vernolensis~,223,wfo-1000089091,,species,,,,,Thalassia Salentina 47: 53 (2025),https://www.ipni.org/n/77377820-1,IPNI record: 77377820-1
urn:lsid:ipni.org:names:77377821-1,"Archila, Tribouill. & A.Vázquez",,,,,,44(2): 50,,4,,6,,MG-118,2023,,"Fredy Archila, Javier Archila, Daniel Barillas, Stefania Archila, Claudia  de  Archila,  Oscar  Archila  y  Otto  Alvarado",,,17/03/2026 20:10,18/03/2026 11:02,"Guatemala (Central America, Southern America)",W,Magnoliaceae,Magnolia alfredo-mironii,Magnolia alfredo-mironii,Magnolia,,f,f,,,,,,,,15,22,23,"Alta Verapaz, Rubel Chaim, 1400 m",90,21,6,,,,,,N,,,,,,,,,30000709-2,Revista Ecuat. Med. Ci. Biol.,urn:lsid:ipni.org:publications:20063361-1,2023,2023 [27 Nov 2023],[27 Nov 2023],"Archila, Tribouill. & A.Vázquez",spec.,Revista Ecuat. Med. Ci. Biol. 44(2): 50. 2023 [27 Nov 2023] ,,"doi:10.26807/remcb.v44i2.971 [english] Etymology: dedicada en honor al Sr. Alfredo Mirón, como un reconocimiento a su labor y esfuerzo por el desarrollo del país.",,,11,alfredo-mironii,,,f,t,,holotype BIGU IGU-85630;isotype BIGU;isotype IBUG,,,,,Tribouill.@20021392-1@2@aut$Archila@20005919-1@1@aut$A.Vázquez@35439-1@3@aut,,,tax. nov.,,1.1.1.2,f,magnolia~alfredo-mironii,magnoliaceaemagnolia~alfredo-mironii~,224,wfo-1000089092,,species,,,,,Revista Ecuat. Med. Ci. Biol. 44(2): 50 (2023),https://www.ipni.org/n/77377821-1,IPNI record: 77377821-1
urn:lsid:ipni.org:names:77377822-1,Balf.f.,,,,,,12: 403,,,,,,,,,,,,17/03/2026 22:00,18/03/2026 09:34,,,Caryophyllaceae,Gypsophila montana var. viscida,Gypsophila montana var. viscida,Gypsophila,,f,f,,,,,viscida,,,,,,,,,,,,,,,,,,,,,,,,154536-1,Proc. Roy. Soc. Edinburgh,urn:lsid:ipni.org:publications:3665-2,1884,1884,,Balf.f.,var.,Proc. Roy. Soc. Edinburgh 12: 403. 1884 ,,,,,8,montana,Balf.f.,,f,t,,,,,,,Balf.f.@423-1@1@aut,Balf.f.@0-0@1@aut,,tax. nov.,,1.3,f,gypsophila~montanaviscida,caryophyllaceaegypsophila~montanaviscida,225,wfo-1200117733,,variety,,,,,Proc. Roy. Soc. Edinburgh 12: 403 (1884),https://www.ipni.org/n/77377822-1,IPNI record: 77377822-1
urn:lsid:ipni.org:names:77377823-1,Balf.f.,,,,,,31: 20,,,,,,,,,,,,17/03/2026 22:05,18/03/2026 09:35,,,Caryophyllaceae,Gypsophila montana var. diffusa,Gypsophila montana var. diffusa,Gypsophila,,f,f,,,,,diffusa,,,,,,,,,,,,,,,,,,,,,,,,154536-1,Trans. Roy. Soc. Edinburgh,urn:lsid:ipni.org:publications:819-2,1888,1888,,Balf.f.,var.,Trans. Roy. Soc. Edinburgh 31: 20. 1888 ,,,,,8,montana,Balf.f.,,f,t,,,,,,,Balf.f.@423-1@1@aut,Balf.f.@0-0@1@aut,,tax. nov.,,1.3,f,gypsophila~montanadiffusa,caryophyllaceaegypsophila~montanadiffusa,226,wfo-1200117734,,variety,,,,,Trans. Roy. Soc. Edinburgh 31: 20 (1888),https://www.ipni.org/n/77377823-1,IPNI record: 77377823-1
urn:lsid:ipni.org:names:77377824-1,J.Mattos & Nadruz,,,,,,6(1)-11: 2,,15,,11,,990,2021,,J.R.Mattos,,,17/03/2026 22:48,18/03/2026 15:27,"Rio de Janeiro (Brazil Southeast, Brazil, Southern America)",W,Araceae,Philodendron baumgratzii,Philodendron baumgratzii,Philodendron,,f,f,,,,,,,,21,57,31,"Santa Maria Madalena, Road to Santo Antônio do Imbé, 144 m",41,51,15,,,,,,S,,,,,,,,,326132-2,Taxonomy,urn:lsid:ipni.org:publications:20028289-1,2026,2026 [15 Jan 2026],[15 Jan 2026],J.Mattos & Nadruz,spec.,Taxonomy 6(1)-11: 2. 2026 [15 Jan 2026] ,,"doi:10.3390/taxonomy6010011 [english] Etymology: name honours the researcher and professor Dr. José Fernando Andrade Baumgratz, a prominent scholar of the flora of Rio de Janeiro State.",,,11,baumgratzii,,,f,t,,holotype RB 821289,,,,,Nadruz@38531-1@2@aut$J.Mattos@20068570-1@1@aut,,,tax. nov.,,1.3,f,philodendron~baumgratzii,araceaephilodendron~baumgratzii~,227,wfo-1000089093,,species,,,,,Taxonomy 6(1)-11: 2 (2026),https://www.ipni.org/n/77377824-1,IPNI record: 77377824-1
urn:lsid:ipni.org:names:77377825-1,Aragón-Par. & P.Carrillo,,,,,,104(2): 2,,2,,8,,1632,2021,,J.Aragón-Parada &amp; M.Sosa-Sosa,,,17/03/2026 22:56,20/03/2026 18:26,"Oaxaca (Mexico Southwest, Mexico, Northern America)",W,Crassulaceae,Echeveria zoquitlanensis,Echeveria zoquitlanensis,Echeveria,,f,f,,,,,,,,16,35,30,"Municipality of Santa María Zoquitlán, Cerro Guilache, 2.8 km al NO de La Trampa, 1952 m",96,17,59,,,,,,N,,,,,,,,,30004414-2,Bot. Sci.,urn:lsid:ipni.org:publications:20014266-1,2026,2026 [13 Mar 2026],[13 Mar 2026],Aragón-Par. & P.Carrillo,spec.,Bot. Sci. 104(2): 2. 2026 [13 Mar 2026] ,,"doi:10.17129/botsci.3802 [english] Etymology: name refers to the municipality of Santa María Zoquitlán, Oaxaca, Mexico, where it was collected.",,,11,zoquitlanensis,,,f,t,,holotype IBUG;isotype MEXU;isotype OAX,,,,,P.Carrillo@20000110-1@2@aut$Aragón-Par.@20097111-1@1@aut,,,tax. nov.,,1.4,f,echeveria~zoquitlanensis,crassulaceaeecheveria~zoquitlanensis~,228,wfo-1000089094,,species,,,,,Bot. Sci. 104(2): 2 (2026),https://www.ipni.org/n/77377825-1,IPNI record: 77377825-1
urn:lsid:ipni.org:names:77377826-1,"Hern.-Cárdenas, Espejo & López-Ferr.",,,,,,2026(x)-e05137: 2,,16,,8,,3002,2024,,R.Hernández-Cárdenas &amp; S.Lara-Godínez,,,17/03/2026 23:04,18/03/2026 11:46,"Oaxaca (Mexico Southwest, Mexico, Northern America)",W,Bromeliaceae,Hechtia mixtecana,Hechtia mixtecana,Hechtia,,f,f,,,,,,,,17,57,57,"Distrito de Huajuapan, municipio de Santiago Miltepec, carretera federal (125) que va de Huajuapan de León a Tehuacán, entre los poblados de Santiago Miltepec y Asunción Cuyotepeji, 1817 m",97,40,46,,,,,,N,,,,,,,,,30009638-2,Nordic J. Bot.,urn:lsid:ipni.org:publications:2633-2,2026,2026 [2 Feb 2026],[2 Feb 2026],"Hern.-Cárdenas, Espejo & López-Ferr.",spec.,Nordic J. Bot. 2026(x)-e05137: 2. [2 Feb 2026] ,,doi:10.1002/njb.05137 [english] Etymology: refers to and honours the Mixtec culture from Mexico.,,,11,mixtecana,,,f,t,,holotype XAL;isotype UAMIZ,,,,,Espejo@18561-1@2@aut$López-Ferr.@36004-1@3@aut$Hern.-Cárdenas@20027249-1@1@aut,,,tax. nov.,,1.3,f,hechtia~mixtecana,bromeliaceaehechtia~mixtecana~,229,wfo-1000089095,,species,,,,,Nordic J. Bot. 2026(x)-e05137: 2 (2026),https://www.ipni.org/n/77377826-1,IPNI record: 77377826-1
urn:lsid:ipni.org:names:77377827-1,Moffett,,,,,,191: 78,,11,,5,,1239,1979,,Buitendag,,,17/03/2026 23:18,18/03/2026 15:02,"Mpumalanga (Northern Provinces, Southern Africa, Africa)",,Anacardiaceae,Searsia eliseae,Searsia eliseae,Searsia,,f,f,,,,,,,,,,,"Lowveld Botanic Garden, Mbombela (Nelspruit), Lydenburg (2530 BD)",,,,,,,,,,,,,,,,,,1911-1,S. African J. Bot.,urn:lsid:ipni.org:publications:3410-2,2026,2026 [11 Feb 2026],[11 Feb 2026],Moffett,spec.,"S. African J. Bot. 191: 78. 2026 [11 Feb 2026] , as 'elisae'",", as 'elisae'","doi:10.1016/j.sajb.2026.02.009 Etymology: name honours Elise Buitendag, of Mbombela, botanist and botanical artist, and author of Genesis of a Garden, the story of the Lowveld Botanic Garden (2019). There does not appear to be a well-established latinisation of 'Elise' that would allow the epithet 'elisae'.",,,11,eliseae,,,f,t,,holotype NBG NBG1520686–0;isotype GLOW GLOW–LN2557;isotype PRE 719428,,,,,Moffett@14363-1@1@aut,,,tax. nov.,,1.4,f,searsia~eliseae,anacardiaceaesearsia~eliseae~,230,wfo-1000089096,,species,,,,,S. African J. Bot. 191: 78 (2026),https://www.ipni.org/n/77377827-1,IPNI record: 77377827-1
urn:lsid:ipni.org:names:77377829-1,"C.A.Ferreira-Junior, R.Ramos & Andr.Cabral",,,,,,747(3): 278,,8,,10,,1174,2023,,Ramos et al.,,,18/03/2026 09:52,18/03/2026 09:52,"Minas Gerais (Brazil Southeast, Brazil, Southern America)",W,Velloziaceae,Barbacenia rupestris,Barbacenia rupestris,Barbacenia,,f,f,,,,,,,,15,5,4,"Santo Antônio do Retiro, Serra do Pau D’Arco, sítio arqueológico, 967 m",42,39,47,,,,,,S,,,,,,,,,30022916-2,Phytotaxa,urn:lsid:ipni.org:publications:20011462-1,2026,2026 [18 Mar 2026],[18 Mar 2026],"C.A.Ferreira-Junior, R.Ramos & Andr.Cabral",spec.,Phytotaxa 747(3): 278. 2026 [18 Mar 2026] ,,doi:10.11646/phytotaxa.747.3.4 Etymology: the specific epithet is a reference to the rocky habitat of this species.,,,11,rupestris,,,f,t,,holotype BHZB;isotype BHZB;isotype MEXU,,,,,R.Ramos@20094055-1@2@aut$Andr.Cabral@20046939-1@3@aut$C.A.Ferreira-Junior@20066066-1@1@aut,,,tax. nov.,,1.1,f,barbacenia~rupestris,velloziaceaebarbacenia~rupestris~,231,wfo-1000089097,,species,,,,,Phytotaxa 747(3): 278 (2026),https://www.ipni.org/n/77377829-1,IPNI record: 77377829-1
urn:lsid:ipni.org:names:77377830-1,"H.Z.Feng, Xin Ding, Y.J.Sun & Q.Fan",,,,,,747(3): 290,,28,,8,,YKS-2026,2021,,"J.Y.Xu, J.R.Chen &amp; J.W.Pan et al.",,,18/03/2026 10:07,18/03/2026 10:07,"Guangdong (China Southeast, China, Asia-Temperate)",,Convallariaceae,Peliosanthes dawulingensis,Peliosanthes dawulingensis,Peliosanthes,,f,f,,,,,,,,,,,"Maoming City, Xinyi, Dawuling Provincial Nature Reserve",,,,,,,,,,,,,,,,,,19480-1,Phytotaxa,urn:lsid:ipni.org:publications:20011462-1,2026,2026 [18 Mar 2026],[18 Mar 2026],"H.Z.Feng, Xin Ding, Y.J.Sun & Q.Fan",spec.,Phytotaxa 747(3): 290. 2026 [18 Mar 2026] ,,doi:10.11646/phytotaxa.747.3.5 Etymology: the specific epithet is derived from the type locality.,,,9,dawulingensis,,,f,t,,holotype SYS,,,,,Y.J.Sun@20097109-1@3@aut$H.Z.Feng@20047184-1@1@aut$Q.Fan@20013205-1@4@aut$Xin Ding@0-0@2@aut,,,tax. nov.,,1.1,f,peliosanthes~dawulingensis,convallariaceaepeliosanthes~dawulingensis~,232,wfo-1000089098,,species,,,,,Phytotaxa 747(3): 290 (2026),https://www.ipni.org/n/77377830-1,IPNI record: 77377830-1
urn:lsid:ipni.org:names:77377831-1,Lumare & Medagli,,,,,,47: 36,,25,,3,,,2023,,Febo Lumare,,,18/03/2026 10:17,18/03/2026 10:18,"Italy (Italy, Southeastern Europe, Europe)",,Orchidaceae,Serapias × romanoi,Serapias × romanoi,Serapias,,t,f,"77310714-1,657735-1","(Serapias neretina (Lumare & Medagli) Biagioli, Kreutz, Lumare, Medagli & De Simoni × Serapias vomeracea (Burm.f.) Briq.)",,,,,,,,,"Apulia, province of Lecce, municipality of Nardò",,,,,,,,,,,,,,,,,,331286-2,Thalassia Salentina,urn:lsid:ipni.org:publications:20013994-2,2025,2025,,Lumare & Medagli,spec.,Thalassia Salentina 47: 36. 2025 ,,"doi:10.1285/i15910725v47p11 [english] Etymology: name dedicated to Vito Antonio Romano of the University of Potenza (Basilicata), orchid expert, whose world he describes also by images due to his profound experience in macro photography techniques.",,,10,romanoi,,,f,t,,holotype LEC ORCH 2023032503,,,,,Medagli@34888-1@2@aut$Lumare@20028213-1@1@aut,,,tax. nov.,,1.2,f,serapias~romanoi,orchidaceaeserapias~romanoi~,233,wfo-1000089099,,species,,,,,Thalassia Salentina 47: 36 (2025),https://www.ipni.org/n/77377831-1,IPNI record: 77377831-1
urn:lsid:ipni.org:names:77377832-1,Lumare & Medagli,,,,,,47: 38,,4,,4,,,2024,,Febo Lumare,,,18/03/2026 10:23,18/03/2026 10:23,"Italy (Italy, Southeastern Europe, Europe)",,Orchidaceae,Serapias × natalizioi,Serapias × natalizioi,Serapias,,t,f,"77310714-1,77077453-1","(Serapias neretina (Lumare & Medagli) Biagioli, Kreutz, Lumare, Medagli & De Simoni × Serapias vomeracea (Burm.f.) Briq. var. longipetala (Ten.) Kreutz)",,,,,,,,,"Apulia, province of Lecce, municipality of Nardò, Porto Selvaggio locality",,,,,,,,,,,,,,,,,,331286-2,Thalassia Salentina,urn:lsid:ipni.org:publications:20013994-2,2025,2025,,Lumare & Medagli,spec.,Thalassia Salentina 47: 38. 2025 ,,doi:10.1285/i15910725v47p11 [english] Etymology: name dedicated to Mino (Cosimo) Natalizio from Nardò for his tireless and concrete activity aimed at protecting and enhancing the Porto Selvaggio natural park.,,,10,natalizioi,,,f,t,,holotype LEC ORCH2024040412,,,,,Medagli@34888-1@2@aut$Lumare@20028213-1@1@aut,,,tax. nov.,,1.1,f,serapias~natalizioi,orchidaceaeserapias~natalizioi~,234,wfo-1000089100,,species,,,,,Thalassia Salentina 47: 38 (2025),https://www.ipni.org/n/77377832-1,IPNI record: 77377832-1
urn:lsid:ipni.org:names:77377833-1,"Lumare, Turco & Medagli",,,,,,47: 39,,29,,3,,,2024,,"Febo Lumare, Piero Medagli and Alessio Turco",,,18/03/2026 10:31,18/03/2026 10:31,"Italy (Italy, Southeastern Europe, Europe)",,Orchidaceae,× Serapicamptis nohae,× Serapicamptis nohae,Serapicamptis,,t,t,"998302-1,77310714-1","(Anacamptis papilionacea (L.) R.M.Bateman, Pridgeon & M.W.Chase × Serapias neretina (Lumare & Medagli) Biagioli, Kreutz, Lumare, Medagli & De Simoni)",,,,,,,,,"Apulia, province of Lecce, hamlet of Galatina, municipality of Noha",,,,,,,,,,,,,,,,,,30664-1,Thalassia Salentina,urn:lsid:ipni.org:publications:20013994-2,2025,2025,,"Lumare, Turco & Medagli",spec.,Thalassia Salentina 47: 39. 2025 ,,"doi:10.1285/i15910725v47p11 [english] Etymology: name dedicated to the town of Noha, a hamlet of Galatina (LE) in whose peripheral areas it was found for the first time.",,,10,nohae,,,f,t,,holotype LEC ORCH2024032915,,,,,Medagli@34888-1@3@aut$Lumare@20028213-1@1@aut$Turco@20017601-1@2@aut,,,tax. nov.,,1.1,f,serapicamptis~nohae,orchidaceaeserapicamptis~nohae~,235,wfo-1000089101,,species,,,,,Thalassia Salentina 47: 39 (2025),https://www.ipni.org/n/77377833-1,IPNI record: 77377833-1
urn:lsid:ipni.org:names:77377834-1,"Archila, Tribouill. & A.Vázquez",,,,,,44(2): 51,,6,,5,,10735,1971,,Elías Contreras,,,18/03/2026 11:10,18/03/2026 11:10,"Guatemala (Central America, Southern America)",,Magnoliaceae,Magnolia izabalensis,Magnolia izabalensis,Magnolia,,f,f,,,,,,,,,,,"Departamento de Izabal, Municipio de Quiriguá, Corozal entre Cienaga y Seja, en el camino que conduce a ciudad de Guatemala",,,,,,,,,,,,,,,,,,30000709-2,Revista Ecuat. Med. Ci. Biol.,urn:lsid:ipni.org:publications:20063361-1,2023,2023 [27 Nov 2023],[27 Nov 2023],"Archila, Tribouill. & A.Vázquez",spec.,Revista Ecuat. Med. Ci. Biol. 44(2): 51. 2023 [27 Nov 2023] ,,"doi:10.26807/remcb.v44i2.971 [english] Etymology: name refers to the region where the holotype was collected, the Department of Izabal, located in the northeast of the country.",,,11,izabalensis,,,f,t,,holotype US US-2795131,,,,,A.Vázquez@35439-1@3@aut$Archila@20005919-1@1@aut$Tribouill.@20021392-1@2@aut,,,tax. nov.,,1.1,f,magnolia~izabalensis,magnoliaceaemagnolia~izabalensis~,236,wfo-1000089102,,species,,,,,Revista Ecuat. Med. Ci. Biol. 44(2): 51 (2023),https://www.ipni.org/n/77377834-1,IPNI record: 77377834-1
urn:lsid:ipni.org:names:77377835-1,(DC.) C.C.Walker,Asteraceae Kleinia breviscapa DC.,(DC.),227361-1,,,44(1): 72,,,,,,,,,,,,18/03/2026 11:17,18/03/2026 11:17,,,Asteraceae,Curio breviscapus,Curio breviscapus,Curio,,f,f,,,,,,,,,,,,,,,,,,,,,,,,,,,,,997618-1,CactusWorld,urn:lsid:ipni.org:publications:20006652-1,2026,2026 [Mar 2026],[Mar 2026],C.C.Walker,spec.,CactusWorld 44(1): 72. 2026 [Mar 2026] ,,Etymology: 'Named from the Latin 'brevis' meaning 'short' and 'scapus' meaning 'scape' for the short inflorescence.',,,11,breviscapus,,,f,t,,,,,,,DC.@16855-1@2@bas$C.C.Walker@28504-1@1@aut,,,comb. nov.,,1.1,f,curio~breviscapus,asteraceaecurio~breviscapus~,237,wfo-1000089103,,species,,,,,CactusWorld 44(1): 72 (2026),https://www.ipni.org/n/77377835-1,IPNI record: 77377835-1
urn:lsid:ipni.org:names:77377836-1,"Archila, Á.J.Pérez & A.Vázquez",,,,,,44(2): 52,,20,,5,,MG-120,2023,,"Fredy Archila, Claudia de Archila, Oscar Archila, Javier Archila",,,18/03/2026 11:28,18/03/2026 11:28,"Guatemala (Central America, Southern America)",,Magnoliaceae,Magnolia stefaniana,Magnolia stefaniana,Magnolia,,f,f,,,,,,,,,,,"Departamento de Alta Verapaz, Carchá, a la orilla del río, 1350 m",,,,,,,,,,,,,,,,,,30000709-2,Revista Ecuat. Med. Ci. Biol.,urn:lsid:ipni.org:publications:20063361-1,2023,2023 [27 Nov 2023],[27 Nov 2023],"Archila, Á.J.Pérez & A.Vázquez",spec.,Revista Ecuat. Med. Ci. Biol. 44(2): 52. 2023 [27 Nov 2023] ,,"doi:10.26807/remcb.v44i2.971 [english] Etymology: named in honour of Stefania Archila Morales, companion in several floristic explorations and co-collector of the holotype.",,,11,stefaniana,,,f,t,,holotype BIGU BIGU-85629!;isotype BIGU;isotype IBUG,,,,,A.Vázquez@35439-1@3@aut$Á.J.Pérez@20017923-1@2@aut$Archila@20005919-1@1@aut,,,tax. nov.,,1.1,f,magnolia~stefaniana,magnoliaceaemagnolia~stefaniana~,238,wfo-1000089104,,species,,,,,Revista Ecuat. Med. Ci. Biol. 44(2): 52 (2023),https://www.ipni.org/n/77377836-1,IPNI record: 77377836-1
urn:lsid:ipni.org:names:77377837-1,L.Hrom. & W.Till,,,,,,2025(1/2): 6,,20,,7,,HR 5082,1979,,H.Hromadnik &amp; L.Hromadnik,,,18/03/2026 11:33,18/03/2026 11:33,"Jujuy (Argentina Northwest, Southern South America, Southern America);Bolivia (Western South America, Southern America);",,Bromeliaceae,Tillandsia potosina,Tillandsia potosina,Tillandsia,,f,f,,,,,,,,,,,"Bolivia: Dpto. Potosi: Prov. Nor Cinti, south of the Rio Tumusla, 2500 m",,,,,,,,,,,,,,,,,,328340-2,Bromelie,urn:lsid:ipni.org:publications:16760-2,2026,2026 [11 Mar 2026],[11 Mar 2026],L.Hrom. & W.Till,spec.,Bromelie 2025(1/2): 6. 2026 [11 Mar 2026] ,,Etymology: the specific epithet is named for the type locality.,,,11,potosina,,,f,t,,holotype WU 0008281,,,,,W.Till@27734-1@2@aut$L.Hrom.@20544-1@1@aut,,,tax. nov.,,1.1,f,tillandsia~potosina,bromeliaceaetillandsia~potosina~,239,wfo-1000089105,,species,,,,,Bromelie 2025(1/2): 6 (2026),https://www.ipni.org/n/77377837-1,IPNI record: 77377837-1
urn:lsid:ipni.org:names:77377838-1,"P.J.Braun, Larocca, Z.J.G.Miranda & Seringer",,,,,,2025(1/2): 22,,4,,5,,7057,2023,,P.J.Braun (Bohle &amp; Heimen),,,18/03/2026 11:41,18/03/2026 11:41,"Tocantins (Brazil North, Brazil, Southern America)",,Bromeliaceae,Dyckia dichroma,Dyckia dichroma,Dyckia,,f,f,,,,,,,,,,,"In the south of the state of Tocantins, c.35 km north of Parana, 360 m",,,,,,,,,,,,,,,,,,30003259-2,Bromelie,urn:lsid:ipni.org:publications:16760-2,2026,2026 [11 Mar 2026],[11 Mar 2026],"P.J.Braun, Larocca, Z.J.G.Miranda & Seringer",spec.,Bromelie 2025(1/2): 22. 2026 [11 Mar 2026] ,,Etymology: the specific epithet refers to the colour variation of the leaves (red and green) and the bi-coloured flowers.,,,11,dichroma,,,f,t,,holotype HAS 100.006,,,,,P.J.Braun@16482-1@1@aut$Seringer@20067282-1@4@aut$Z.J.G.Miranda@20006908-2@3@aut$Larocca@40132-1@2@aut,,,tax. nov.,,1.1,f,dyckia~dichroma,bromeliaceaedyckia~dichroma~,240,wfo-1000089106,,species,,,,,Bromelie 2025(1/2): 22 (2026),https://www.ipni.org/n/77377838-1,IPNI record: 77377838-1
urn:lsid:ipni.org:names:77377839-1,P.J.Braun,,,,,,2025(1/2): 32,,,,,,836,,,P.J.Braun,,,18/03/2026 11:49,18/03/2026 11:49,"Minas Gerais (Brazil Southeast, Brazil, Southern America)",,Bromeliaceae,Dyckia emdeana,Dyckia emdeana,Dyckia,,f,f,,,,,,,,,,,"Northern Serra do Espinhaco, Pau d'Oleo, Campo Cerrado",,,,,,,,,,,,,,,,,,30003259-2,Bromelie,urn:lsid:ipni.org:publications:16760-2,2026,2026 [11 Mar 2026],[11 Mar 2026],P.J.Braun,spec.,Bromelie 2025(1/2): 32. 2026 [11 Mar 2026] ,,"Etymology: the specific epithet is named in honour of Birgit Emde, a botanical horticulturist at the Bonn University Botanical Garden who is responsible for caring for succulent and bromeliad collections.",,,11,emdeana,,,f,t,,holotype W 0276180;isotype WU 0017109,,"Holotype material from cultivated specimens grown at Bonn University Botanical Garden, 10 Oct 2024.",,,P.J.Braun@16482-1@1@aut,,,tax. nov.,,1.1,f,dyckia~emdeana,bromeliaceaedyckia~emdeana~,241,wfo-1000089107,,species,,,,,Bromelie 2025(1/2): 32 (2026),https://www.ipni.org/n/77377839-1,IPNI record: 77377839-1
urn:lsid:ipni.org:names:77377840-1,DC.,,,,,,1: 281,,,,,,,,,,,,18/03/2026 13:41,18/03/2026 13:41,,,Ranunculaceae,Ranunculus lanuginosus var. constantinopolitanus,Ranunculus lanuginosus var. constantinopolitanus,Ranunculus,,f,f,,,,,constantinopolitanus,,,,,,,,,,,,,,,,,,,,,,,,713050-1,Syst. Nat.,urn:lsid:ipni.org:publications:8273-2,1817,1817,,DC.,var.,Syst. Nat. 1: 281. 1817 ,,,,,8,lanuginosus,L.,,f,t,,,,,,,DC.@16855-1@1@aut,L.@12653-1@1@aut,,tax. nov.,,1.1,f,ranunculus~lanuginosusconstantinopolitanus,ranunculaceaeranunculus~lanuginosusconstantinopolitanus,242,wfo-0000735246,,variety,,,,,Syst. Nat. 1: 281 (1817),https://www.ipni.org/n/77377840-1,IPNI record: 77377840-1
urn:lsid:ipni.org:names:77377841-1,"Z.H.Chen, Yue L.Xu & P.Li",,,,,,71(1): 6,,19,,11,,Xu2734,2021,,"Zheng-Hai Chen, Gen-you Li &amp; Yue-Liang Xu, et al.",,,18/03/2026 16:47,18/03/2026 16:47,"Zhejiang (China Southeast, China, Asia-Temperate)",E,Alliaceae,Allium littoricola,Allium littoricola,Allium,,f,f,,,,,,,,29,3,26,"Ningbo city, Xiangshan county, Hepu Town, Nantian Island, Yangliukeng Village, Bainiuwai, 20 m",121,55,59,,,,,,N,,,,,,,,,30000901-2,Taiwania,urn:lsid:ipni.org:publications:2979-2,2026,2026 [1 Jan 2026],[1 Jan 2026],"Z.H.Chen, Yue L.Xu & P.Li",spec.,Taiwania 71(1): 6. 2026 [1 Jan 2026] ,,doi:10.6165/tai.2026.71.1 Etymology: the specific epithet is a reference to the habitat preference of this species.,,,11,littoricola,,,f,t,,holotype ZM ZMNH0067407;isotype ZM;isotype HZU,,,,,P.Li@20018391-1@3@aut$Yue L.Xu@20061109-1@2@aut$Z.H.Chen@15155-1@1@aut,,,tax. nov.,,1.1,f,allium~littoricola,alliaceaeallium~littoricola~,243,wfo-1000089108,,species,,,,,Taiwania 71(1): 6 (2026),https://www.ipni.org/n/77377841-1,IPNI record: 77377841-1
urn:lsid:ipni.org:names:77377842-1,T.P.Lin & Y.I Lee,,,,,,71(1): 37,,24,,6,,s.n.,2025,,Shi-Dong Luo,,,18/03/2026 16:55,19/03/2026 14:00,"Taiwan (Eastern Asia, Asia-Temperate)",,Orchidaceae,Neottia trigona,Neottia trigona,Neottia,,f,f,,,,,,,,,,,"Chiayi County, Alishan Township, Yushan, c. 2800 m",,,,,,,,,,,,,,,,,,325857-2,Taiwania,urn:lsid:ipni.org:publications:2979-2,2026,2026 [5 Jan 2026],[5 Jan 2026],T.P.Lin & Y.I Lee,spec.,Taiwania 71(1): 37. 2026 [5 Jan 2026] ,,doi:10.6165/tai.2026.71.37 Etymology: 'The specific epithet 'trigona' refers to the shape of lip.',,,11,trigona,,,f,t,,holotype TAI TAI289948,,,,,T.P.Lin@35562-1@1@aut$Y.I Lee@20027066-1@2@aut,,,tax. nov.,,1.3,f,neottia~trigona,orchidaceaeneottia~trigona~,244,wfo-1000089109,,species,,,,,Taiwania 71(1): 37 (2026),https://www.ipni.org/n/77377842-1,IPNI record: 77377842-1
urn:lsid:ipni.org:names:77377843-1,"Bucay, Tandang & M.A.Reyes",,,,,,71(1): 43,,,,4,,266,2023,,"M.A.C.Bucay, D.N.Tandang and M.A.G.Reyes",,,18/03/2026 17:10,18/03/2026 17:10,"Philippines (Malesia, Asia-Tropical)",,Begoniaceae,Begonia ilinensis,Begonia ilinensis,Begonia,,f,f,,,,,,,,,,,"Ilin Island, Municipality of San Jose, Province of Occidental Mindoro, 10 m",,,,,,,,,,,,,,,,,,327437-2,Taiwania,urn:lsid:ipni.org:publications:2979-2,2026,2026 [6 Jan 2026],[6 Jan 2026],"Bucay, Tandang & M.A.Reyes",spec.,Taiwania 71(1): 43. 2026 [6 Jan 2026] ,,"doi:10.6165/tai.2026.71.42 Etymology: the specific epithet is derived from the type locality, Ilin Island.",,,11,ilinensis,,,f,t,,holotype PNH;isotype HAST,,,,,M.A.Reyes@20097112-1@3@aut$Tandang@20007038-2@2@aut$Bucay@20072204-1@1@aut,,,tax. nov.,,1.1,f,begonia~ilinensis,begoniaceaebegonia~ilinensis~,245,wfo-1000089110,,species,,,,,Taiwania 71(1): 43 (2026),https://www.ipni.org/n/77377843-1,IPNI record: 77377843-1
urn:lsid:ipni.org:names:77377844-1,Utteridge & Arifiani,,,,,,71(1): 50,,26,,2,,59,2013,,"Bahar Fabanyo, Tjut Jul Fatisa Bangun, Samsul Lasut &amp; Ahmad Yani",,,18/03/2026 17:21,19/03/2026 14:05,"Maluku (Malesia, Asia-Tropical)",E,Icacinaceae,Ryticaryum kaorahai,Ryticaryum kaorahai,Ryticaryum,,f,f,,,,,,,,,41,54,"North Maluku Province, Halmahera, East Halmahera Regency, Weda Bay, Kao Rahai, 693 m",128,1,2,,,,,,N,,,,,,,,,19908-1,Taiwania,urn:lsid:ipni.org:publications:2979-2,2026,2026 [7 Jan 2026],[7 Jan 2026],Utteridge & Arifiani,spec.,Taiwania 71(1): 50. 2026 [7 Jan 2026] ,,"doi:10.6165/tai.2026.71.49 Etymology: the specific epithet refers to the Kao Rahai area in East Halmahera, the only known locality of this species.",,,11,kaorahai,,,f,t,,holotype BO BO-1933900;isotype MO Mo-4014867,,,,,Utteridge@39298-1@1@aut$Arifiani@39562-1@2@aut,,,tax. nov.,,1.2,f,ryticaryum~kaorahai,icacinaceaeryticaryum~kaorahai~,246,wfo-1000089111,,species,,,,,Taiwania 71(1): 50 (2026),https://www.ipni.org/n/77377844-1,IPNI record: 77377844-1
urn:lsid:ipni.org:names:77377845-1,"K.S.Nguyen, V.T.Bui & C.W.Lin",,,,,,71(1): 55,,15,,4,,TVN-LC 012,2025,,Trieu Van Nhat,,,18/03/2026 17:32,19/03/2026 14:07,"Vietnam (Indo-China, Asia-Tropical)",E,Begoniaceae,Begonia dinhtuana,Begonia dinhtuana,Begonia,,f,f,,,,,,,,22,11,39,"Northwestern Vietnam, Lao Cai Province: Bao Yen Commune (former Bao Yen District, Cam Con Commune), Bong 2 Village, 300-400 m",104,16,54,,,,,,N,,,,,,,,,327437-2,Taiwania,urn:lsid:ipni.org:publications:2979-2,2026,2026 [8 Jan 2026],[8 Jan 2026],"K.S.Nguyen, V.T.Bui & C.W.Lin",spec.,Taiwania 71(1): 55. 2026 [8 Jan 2026] ,,"doi:10.6165/tai.2026.71.55 Etymology: the specific epithet is named in honour of Mr Trieu Dinh Tu, son of the collector.",,,11,dinhtuana,,,f,t,,holotype HN;isotype HN,,,,,K.S.Nguyen@20027207-1@1@aut$V.T.Bui@20016920-1@2@aut$C.W.Lin@20027529-1@3@aut,,,tax. nov.,,1.2,f,begonia~dinhtuana,begoniaceaebegonia~dinhtuana~,247,wfo-1000089112,,species,,,,,Taiwania 71(1): 55 (2026),https://www.ipni.org/n/77377845-1,IPNI record: 77377845-1
urn:lsid:ipni.org:names:77377846-1,"K.S.Nguyen, V.T.Bui & C.W.Lin",,,,,,71(1): 59,,16,,4,,TVN-LC 013,2025,,Trieu Van Nhat,,,18/03/2026 17:40,19/03/2026 14:09,"Vietnam (Indo-China, Asia-Tropical)",E,Begoniaceae,Begonia caelata,Begonia caelata,Begonia,,f,f,,,,,,,,22,4,36,"Northwestern Vietnam, Lao Cai Province: Van Ban Commune (former Van Ban District, Hoa Mac Commune), Mac Village, 300-400 m",104,10,7,,,,,,N,,,,,,,,,327437-2,Taiwania,urn:lsid:ipni.org:publications:2979-2,2026,2026 [8 Jan 2026],[8 Jan 2026],"K.S.Nguyen, V.T.Bui & C.W.Lin",spec.,Taiwania 71(1): 59. 2026 [8 Jan 2026] ,,"doi:10.6165/tai.2026.71.55 Etymology: 'The specific epithet 'caelata' refers to the wrinkled, relief-like texture of the leaf surface, reminiscent of carved or engraved patterns.'",,,11,caelata,,,f,t,,holotype HN;isotype HN,,,,,V.T.Bui@20016920-1@2@aut$C.W.Lin@20027529-1@3@aut$K.S.Nguyen@20027207-1@1@aut,,,tax. nov.,,1.2,f,begonia~caelata,begoniaceaebegonia~caelata~,248,wfo-1000089113,,species,,,,,Taiwania 71(1): 59 (2026),https://www.ipni.org/n/77377846-1,IPNI record: 77377846-1
urn:lsid:ipni.org:names:77377847-1,Sarojin. & Raja Kullayisw.,,,,,,71(1): 68,,3,,3,,DNA 899,2025,,N.Sarojinidevi &amp; K.Raja Kullayiswamy,,,18/03/2026 17:48,18/03/2026 17:48,"Andhra Pradesh (India, Indian Subcontinent, Asia-Tropical)",E,Euphorbiaceae,Euphorbia ellipticaulis,Euphorbia ellipticaulis,Euphorbia,,f,f,,,,,,,,14,18,14,"Kadapa District, Rachakuntapalli village, 442 m",78,17,45,,,,,,N,,,,,,,,,327729-2,Taiwania,urn:lsid:ipni.org:publications:2979-2,2026,2026 [10 Jan 2026],[10 Jan 2026],Sarojin. & Raja Kullayisw.,spec.,Taiwania 71(1): 68. 2026 [10 Jan 2026] ,,doi:10.6165/tai.2026.71.67 Etymology: 'The specific epithet 'ellipticaulis' is based on the key character of the elliptic shape of the branch segments or internodes.',,,11,ellipticaulis,,,f,t,,holotype BSID;isotype SKU;isotype CAL;isotype MH,,,,,Raja Kullayisw.@20012935-2@2@aut$Sarojin.@20027234-1@1@aut,,,tax. nov.,,1.1,f,euphorbia~ellipticaulis,euphorbiaceaeeuphorbia~ellipticaulis~,249,wfo-1000089114,,species,,,,,Taiwania 71(1): 68 (2026),https://www.ipni.org/n/77377847-1,IPNI record: 77377847-1
urn:lsid:ipni.org:names:77377851-1,(Lecomte) Jongkind,Loranthaceae Loranthus parvibracteatus Lecomte,(Lecomte),549948-1,,,80: 173,,,,,,,,,,,,18/03/2026 21:12,19/03/2026 10:14,,,Loranthaceae,Bakerella parvibracteata,Bakerella parvibracteata,Bakerella,,f,f,,,,,,,,,,,,,,,,,,,,,,,,,,,,null:,25161-1,J. Pl. Taxon. & Geogr. (Webbia),urn:lsid:ipni.org:publications:20030053-1,2025,2025 [17 Nov 2025],[17 Nov 2025],Jongkind,spec.,J. Pl. Taxon. & Geogr. (Webbia) 80: 173. 2025 [17 Nov 2025] ,,doi:10.36253/jopt-19151,,,11,parvibracteata,,,f,t,,,,,,,Jongkind@35765-1@1@aut$Lecomte@5388-1@2@bas,,,comb. nov.,,1.4,f,bakerella~parvibracteata,loranthaceaebakerella~parvibracteata~,250,wfo-1000089115,,species,,,,,J. Pl. Taxon. & Geogr. (Webbia) 80: 173 (2025),https://www.ipni.org/n/77377851-1,IPNI record: 77377851-1
urn:lsid:ipni.org:names:77377852-1,(Franch.) Barkoudah,Caryophyllaceae Gypsophila somalensis Franch.,(Franch.),154634-1,,,9: 184,,,,,,,,,,,,18/03/2026 22:04,20/03/2026 10:54,,,Caryophyllaceae,Saponaria montana subsp. somalensis,Saponaria montana subsp. somalensis,Saponaria,,f,f,,,,,somalensis,,,,,,,,,,,,,,,,,,,,,,,null:,156619-1,Wentia,urn:lsid:ipni.org:publications:11010-2,1962,1962,,Barkoudah,subsp.,Wentia 9: 184. 1962 ,,,,,11,montana,(Balf.f.) Barkoudah,,f,t,,,,,,,Franch.@2869-1@2@bas$Barkoudah@481-1@1@aut,Balf.f.@423-1@2@bas$Barkoudah@481-1@1@aut,,comb. et stat. nov.,,1.3,f,saponaria~montanasomalensis,caryophyllaceaesaponaria~montanasomalensis,251,wfo-1200117735,,subspecies,,,,,Wentia 9: 184 (1962),https://www.ipni.org/n/77377852-1,IPNI record: 77377852-1
urn:lsid:ipni.org:names:77377853-1,(Balf.f.) Barkoudah,Caryophyllaceae Gypsophila montana Balf.f. var. diffusa Balf.f.,(Balf.f.),77377823-1,,,9: 183,,,,,,,,,,,,19/03/2026 04:40,27/03/2026 10:05,,,Caryophyllaceae,Saponaria montana var. diffusa,Saponaria montana var. diffusa,Saponaria,,f,f,,,,,diffusa,,,,,,,,,,,,,,,,,,,,,,,null:,156619-1,Wentia,urn:lsid:ipni.org:publications:11010-2,1962,1962,,Barkoudah,var.,Wentia 9: 183. 1962 ,,,,,11,montana,(Balf.f.) Barkoudah,,f,t,,,,,,,Balf.f.@423-1@2@bas$Barkoudah@481-1@1@aut,Barkoudah@481-1@1@aut$Balf.f.@423-1@2@bas,,comb. nov.,,1.4,f,saponaria~montanadiffusa,caryophyllaceaesaponaria~montanadiffusa,252,wfo-1200117736,,variety,,,,,Wentia 9: 183 (1962),https://www.ipni.org/n/77377853-1,IPNI record: 77377853-1
urn:lsid:ipni.org:names:77377854-1,(Balle) Jongkind,Loranthaceae Bakerella poissonii (Lecomte) Balle var. alata Balle,(Balle),77377855-1,,,"80(2, Suppl.): 170",,,,,,,,,,,,19/03/2026 09:17,26/03/2026 15:28,,,Loranthaceae,Bakerella alata,Bakerella alata,Bakerella,,f,f,,,,,,,,,,,,,,,,,,,,,,,,,,,,,25161-1,J. Pl. Taxon. & Geogr. (Webbia),urn:lsid:ipni.org:publications:20030053-1,2025,2025 [17 Nov 2025],[17 Nov 2025],Jongkind,spec.,"J. Pl. Taxon. & Geogr. (Webbia) 80(2, Suppl.): 170. 2025 [17 Nov 2025] ",,doi:10.36253/jopt-19151,,,11,alata,,,f,t,,,,,,,Jongkind@35765-1@1@aut$Balle@431-1@2@bas,,,comb. nov.,,1.3,f,bakerella~alata,loranthaceaebakerella~alata~,253,wfo-1000089116,,species,,,,,"J. Pl. Taxon. & Geogr. (Webbia) 80(2, Suppl.): 170 (2025)",https://www.ipni.org/n/77377854-1,IPNI record: 77377854-1
urn:lsid:ipni.org:names:77377855-1,Balle,,,,,,"n.s., 4: 116",,,,,,,,,,,,19/03/2026 09:19,19/03/2026 09:19,,,Loranthaceae,Bakerella poissonii var. alata,Bakerella poissonii var. alata,Bakerella,,f,f,,,,,alata,,,,,,,,,,,,,,,,,,,,,,,,547986-1,Adansonia,urn:lsid:ipni.org:publications:833-2,1964,1964,,Balle,var.,"Adansonia n.s., 4: 116. 1964 ",,,,,8,poissonii,(Lecomte) Balle,,f,t,,,,,,,Balle@431-1@1@aut,Lecomte@5388-1@2@bas$Balle@431-1@1@aut,,tax. nov.,,1.1,f,bakerella~poissoniialata,loranthaceaebakerella~poissoniialata,254,wfo-0000740789,,variety,,,,,"Adansonia n.s., 4: 116 (1964)",https://www.ipni.org/n/77377855-1,IPNI record: 77377855-1
urn:lsid:ipni.org:names:77377856-1,(Danser) Jongkind,Loranthaceae Taxillus amplifolius Danser,(Danser),552119-1,,,"80(2, Suppl.): 171",,,,,,,,,,,,19/03/2026 10:11,26/03/2026 15:33,,,Loranthaceae,Bakerella amplifolia,Bakerella amplifolia,Bakerella,,f,f,,,,,,,,,,,,,,,,,,,,,,,,,,,,,25161-1,J. Pl. Taxon. & Geogr. (Webbia),urn:lsid:ipni.org:publications:20030053-1,2025,2025 [17 Nov 2025],[17 Nov 2025],Jongkind,spec.,"J. Pl. Taxon. & Geogr. (Webbia) 80(2, Suppl.): 171. 2025 [17 Nov 2025] ",,"doi:10.36253/jopt-19151 Cited Bakerella clavata var. amplifolia as basionym, also cited replaced syn L. amplifolius Lecomte. T. amplifolius Danser provides the epithet.",,,11,amplifolia,,,f,t,,,,,,,Jongkind@35765-1@1@aut$Danser@1992-1@2@bas,,,comb. nov.,,1.2,f,bakerella~amplifolia,loranthaceaebakerella~amplifolia~,255,wfo-1000089117,,species,,,,,"J. Pl. Taxon. & Geogr. (Webbia) 80(2, Suppl.): 171 (2025)",https://www.ipni.org/n/77377856-1,IPNI record: 77377856-1
urn:lsid:ipni.org:names:77377857-1,Balle,,,,,,"n.s., 4: 117",,,,,,,,,,,,19/03/2026 10:13,19/03/2026 10:13,,,Loranthaceae,Bakerella viguieri var. marojejensis,Bakerella viguieri var. marojejensis,Bakerella,,f,f,,,,,marojejensis,,,,,,,,,,,,,,,,,,,,,,,,547989-1,Adansonia,urn:lsid:ipni.org:publications:833-2,1964,1964,,Balle,var.,"Adansonia n.s., 4: 117. 1964 ",,,,,8,viguieri,(Lecomte) Balle,,f,t,,,,,,,Balle@431-1@1@aut,Balle@431-1@1@aut$Lecomte@5388-1@2@bas,,tax. nov.,,1.1,f,bakerella~viguierimarojejensis,loranthaceaebakerella~viguierimarojejensis,256,wfo-0000740790,,variety,,,,,"Adansonia n.s., 4: 117 (1964)",https://www.ipni.org/n/77377857-1,IPNI record: 77377857-1
urn:lsid:ipni.org:names:77377858-1,(Balle) Jongkind,Loranthaceae Bakerella viguieri (Lecomte) Balle var. marojejensis Balle,(Balle),77377857-1,,,80: 172,,,,,,,,,,,,19/03/2026 10:14,19/03/2026 10:14,,,Loranthaceae,Bakerella marojejensis,Bakerella marojejensis,Bakerella,,f,f,,,,,,,,,,,,,,,,,,,,,,,,,,,,,25161-1,J. Pl. Taxon. & Geogr. (Webbia),urn:lsid:ipni.org:publications:20030053-1,2025,2025 [17 Nov 2025],[17 Nov 2025],Jongkind,spec.,J. Pl. Taxon. & Geogr. (Webbia) 80: 172. 2025 [17 Nov 2025] ,,doi:10.36253/jopt-19151,,,11,marojejensis,,,f,t,,,,,,,Jongkind@35765-1@1@aut$Balle@431-1@2@bas,,,comb. nov.,,1.1,f,bakerella~marojejensis,loranthaceaebakerella~marojejensis~,257,wfo-1000089118,,species,,,,,J. Pl. Taxon. & Geogr. (Webbia) 80: 172 (2025),https://www.ipni.org/n/77377858-1,IPNI record: 77377858-1
urn:lsid:ipni.org:names:77377859-1,Feburier,,,,,,1817: 391,,,,,,,,,,,,19/03/2026 10:18,19/03/2026 10:47,,,Ranunculaceae,Ranunculus africanus,Ranunculus africanus,Ranunculus,,f,f,,,,,,,,,,,,,,,,,,,,,,,,,,,,,30002060-2,Bon Jard.,urn:lsid:ipni.org:publications:9014-2,1817,1817,,Feburier,spec.,Bon Jard. 1817: 391. ,,,,,8,africanus,,,f,t,,,,,,,Feburier@20097101-1@1@aut,,,tax. nov.,,1.2,f,ranunculus~africanus,ranunculaceaeranunculus~africanus~,258,wfo-1200117786,,species,,,,,Bon Jard. 1817: 391 (1817),https://www.ipni.org/n/77377859-1,IPNI record: 77377859-1
urn:lsid:ipni.org:names:77377860-1,"Feburier, Vilm. & Nois.",,,,,,1817: 843,,,,,,,,,,,,19/03/2026 10:34,19/03/2026 10:48,,,Cupressaceae,Thuja australasia,Thuja australasia,Thuja,,f,f,,,,,,,,,,,,,,,,,,,,,,,,,,,,,30076319-2,Bon Jard.,urn:lsid:ipni.org:publications:9014-2,1817,1817,,"Feburier, Vilm. & Nois.",spec.,"Bon Jard. 1817: 843. , as 'thuya austratasia'",", as 'thuya austratasia'",Minimal description: 'bel arbre qui a la forme du cyprès pyramidal'.,,,8,australasia,,,f,t,,,,,,,Feburier@20097101-1@1@aut$Vilm.@11201-1@2@aut$Nois.@7017-1@3@aut,,,tax. nov.,,1.3,f,thuja~australasia,cupressaceaethuja~australasia~,259,wfo-1000089119,,species,,,,,Bon Jard. 1817: 843 (1817),https://www.ipni.org/n/77377860-1,IPNI record: 77377860-1
urn:lsid:ipni.org:names:77377861-1,(Klatt) J.Calvo,Asteraceae Pluchea domingensis Klatt,(Klatt),238816-1,,,77(4): 406,,,,,,,,,,,,19/03/2026 10:36,19/03/2026 10:36,,,Asteraceae,Elekmania domingensis,Elekmania domingensis,Elekmania,,f,f,,,,,,,,,,,,,,,,,,,,,,,,,,,,,60442035-2,Brittonia,urn:lsid:ipni.org:publications:561-2,2025,2025 [5 Sep 2025],[5 Sep 2025],J.Calvo,spec.,Brittonia 77(4): 406. 2025 [5 Sep 2025] ,,doi:10.1007/s12228-025-09848-9,,,11,domingensis,,,f,t,,,,,,,J.Calvo@20012675-2@1@aut$Klatt@4831-1@2@bas,,,comb. nov.,,1.1,f,elekmania~domingensis,asteraceaeelekmania~domingensis~,260,wfo-1000089120,,species,,,,,Brittonia 77(4): 406 (2025),https://www.ipni.org/n/77377861-1,IPNI record: 77377861-1
urn:lsid:ipni.org:names:77377862-1,Sv. & Cheek,,,,,,"80(2, Suppl.): 124",,11,,1,,428,1995,,"Sidwell K. with Cheek, Gosline, Okah, Etuge, Oyugi",,,19/03/2026 10:44,26/03/2026 15:37,"Cameroon (West-Central Tropical Africa, Africa)",,Melastomataceae,Heterotis kupensis,Heterotis kupensis,Heterotis,,f,f,,,,,,,,,,,"S.W. Province, NE side of Mt Kupe, Peak No. 2, 1900 m",,,,,,,,,,,,,,,,,,26376-1,J. Pl. Taxon. & Geogr. (Webbia),urn:lsid:ipni.org:publications:20030053-1,2025,2025 [17 Nov 2025],[17 Nov 2025],Sv. & Cheek,spec.,"J. Pl. Taxon. & Geogr. (Webbia) 80(2, Suppl.): 124. 2025 [17 Nov 2025] ",,doi:10.36253/jopt-19149 [english] Etymology: named for Cameroon's Mt Kupe where it appears to be endemic.,,,11,kupensis,,,f,t,,holotype K;isotype BR;isotype CAS;isotype K;isotype SCA;isotype YA,,,,,Sv.@20079115-1@1@aut$Cheek@12442-1@2@aut,,,tax. nov.,,1.2,f,heterotis~kupensis,melastomataceaeheterotis~kupensis~,261,wfo-1000089121,,species,,,,,"J. Pl. Taxon. & Geogr. (Webbia) 80(2, Suppl.): 124 (2025)",https://www.ipni.org/n/77377862-1,IPNI record: 77377862-1
urn:lsid:ipni.org:names:77377863-1,(Cogn.) Sv. & Cheek,Melastomataceae Osbeckia welwitschii Cogn.,(Cogn.),574214-1,,,"80(2, Suppl.): 127",,,,,,,,,,,,19/03/2026 10:45,26/03/2026 15:38,,,Melastomataceae,Heterotis welwitschii,Heterotis welwitschii,Heterotis,,f,f,,,,,,,,,,,,,,,,,,,,,,,,,,,,,26376-1,J. Pl. Taxon. & Geogr. (Webbia),urn:lsid:ipni.org:publications:20030053-1,2025,2025 [17 Nov 2025],[17 Nov 2025],Sv. & Cheek,spec.,"J. Pl. Taxon. & Geogr. (Webbia) 80(2, Suppl.): 127. 2025 [17 Nov 2025] ",,doi:10.36253/jopt-19149,,,11,welwitschii,,,f,t,,,,,,,Cogn.@1722-1@3@bas$Sv.@20079115-1@1@aut$Cheek@12442-1@2@aut,,,comb. nov.,,1.2,f,heterotis~welwitschii,melastomataceaeheterotis~welwitschii~,262,wfo-1000089122,,species,,,,,"J. Pl. Taxon. & Geogr. (Webbia) 80(2, Suppl.): 127 (2025)",https://www.ipni.org/n/77377863-1,IPNI record: 77377863-1
urn:lsid:ipni.org:names:77377864-1,D.Sanín & Testo,,,,,,77(4): 412,,23,,6,,9368,2024,,"D.Sanín, A.Martínez &amp; L.Rincón",,,19/03/2026 10:46,19/03/2026 10:46,"Colombia (Western South America, Southern America)",W,Polypodiaceae,Serpocaulon biauriculatum,Serpocaulon biauriculatum,Serpocaulon,,f,f,,,,,,,,6,44,18,"Santander, San Vicente de Chucurí, vereda Pamplona, sector San Calletano, Bosque Paraguay, 1616 m",73,25,41,,,,,,N,,,,,,,,,77075081-1,Brittonia,urn:lsid:ipni.org:publications:561-2,2025,2025 [7 Oct 2025],[7 Oct 2025],D.Sanín & Testo,spec.,Brittonia 77(4): 412. 2025 [7 Oct 2025] ,,doi:10.1007/s12228-025-09847-w  Etymology: the specific epithet alludes to the basal auricles of the pinnae that characterize this species.,,,11,biauriculatum,,,f,t,,holotype UIS;isotype BRIT;isotype COL;isotype E;isotype HECASA;isotype HYUA;isotype JAUM;isotype VT,,,,,D.Sanín@20025135-1@1@aut$Testo@20028701-1@2@aut,,,tax. nov.,,1.1,f,serpocaulon~biauriculatum,polypodiaceaeserpocaulon~biauriculatum~,263,wfo-1000089123,,species,,,,,Brittonia 77(4): 412 (2025),https://www.ipni.org/n/77377864-1,IPNI record: 77377864-1
urn:lsid:ipni.org:names:77377865-1,"Feburier, Vilm. & Nois.",,,,,,1818: 534,,,,,,,,,,,,19/03/2026 10:46,19/03/2026 10:46,,,Asteraceae,Gaillardia perennis,Gaillardia perennis,Gaillardia,,f,f,,,,,,,,,,,,,,,,,,,,,,,,,,,,,329192-2,Bon Jard.,urn:lsid:ipni.org:publications:9014-2,1818,1818,,"Feburier, Vilm. & Nois.",spec.,Bon Jard. 1818: 534. ,,,,,8,perennis,,,f,t,,,,,,,Vilm.@11201-1@2@aut$Feburier@20097101-1@1@aut$Nois.@7017-1@3@aut,,,tax. nov.,,1.1,f,gaillardia~perennis,asteraceaegaillardia~perennis~,264,wfo-1200117787,,species,,,,,Bon Jard. 1818: 534 (1818),https://www.ipni.org/n/77377865-1,IPNI record: 77377865-1
urn:lsid:ipni.org:names:77377866-1,Cheek,,,,,,"80(2, Suppl.): 142",,,,,,,,,,,,19/03/2026 10:58,26/03/2026 15:41,,,Myrsinaceae,Ardisia subgen. Kamardisia,Ardisia subgen. Kamardisia,Ardisia,,f,f,,,,kamardisia,,,,,,,,,,,,,,,,,,,,,,,,,327477-2,J. Pl. Taxon. & Geogr. (Webbia),urn:lsid:ipni.org:publications:20030053-1,2025,2025 [17 Nov 2025],[17 Nov 2025],Cheek,subgen.,"J. Pl. Taxon. & Geogr. (Webbia) 80(2, Suppl.): 142. 2025 [17 Nov 2025] ",,doi:10.36253/jopt-19150 [english],,,8,,,,f,t,,,Ardisia ebo Cheek,,,,Cheek@12442-1@1@aut,,,tax. nov.,,1.2,f,ardisiakamardisia,myrsinaceaeardisiakamardisia~~,265,wfo-1000089124,,subgenus,,,,,"J. Pl. Taxon. & Geogr. (Webbia) 80(2, Suppl.): 142 (2025)",https://www.ipni.org/n/77377866-1,IPNI record: 77377866-1
urn:lsid:ipni.org:names:77377867-1,P.Peng & Cheek,,,,,,"80(2, Suppl.): 144",,26,,11,,915,1983,,"A.M. Louis, F.J.  Breteler  &amp; J. de Bruijn",,,19/03/2026 11:02,26/03/2026 15:43,"Gabon (West-Central Tropical Africa, Africa)",E,Myrsinaceae,Ardisia chaillu,Ardisia chaillu,Ardisia,,f,f,,,,,,,,1,39,,"Ngounié. Massif of Chaillu. Near Mouyanama, about 27 km. E. of Mimongo; c. 800 m",11,46,,,,,,,S,,,,,,,,,327477-2,J. Pl. Taxon. & Geogr. (Webbia),urn:lsid:ipni.org:publications:20030053-1,2025,2025 [17 Nov 2025],[17 Nov 2025],P.Peng & Cheek,spec.,"J. Pl. Taxon. & Geogr. (Webbia) 80(2, Suppl.): 144. 2025 [17 Nov 2025] ",,doi:10.36253/jopt-19150 [english] Etymology: named as a noun in apposition for the Chaillu Mountains in southern Gabon from where the type specimen originates.,,,11,chaillu,,,f,t,,holotype WAG WAG1113120,,,,,Cheek@12442-1@2@aut$P.Peng@20097114-1@1@aut,,,tax. nov.,,1.3,f,ardisia~chaillu,myrsinaceaeardisia~chaillu~,266,wfo-1000089125,,species,,,,,"J. Pl. Taxon. & Geogr. (Webbia) 80(2, Suppl.): 144 (2025)",https://www.ipni.org/n/77377867-1,IPNI record: 77377867-1
urn:lsid:ipni.org:names:77377868-1,Junhao Chen & M.F.Liu,,,,,,272: 24,,7,,11,,1511,1991,,C.Hansen,,,19/03/2026 11:06,20/03/2026 10:21,"Brunei (Borneo, Malesia, Asia-Tropical);Kalimantan (Borneo, Malesia, Asia-Tropical);Sumatera (Malesia, Asia-Tropical);Sarawak (Borneo, Malesia, Asia-Tropical);Peninsular Malaysia (Malaya, Malesia, Asia-Tropical);",E,Annonaceae,Meiogyne saundersii,Meiogyne saundersii,Meiogyne,,f,f,,,,,,,,4,33,,"Brunei. Temburong District: Kuala Belalong, Batu Apoi Forest Reserve, at the Kuala Belalong Fields Studies Centre, at the Sungai Belalong River upstream along path starting behind the houses",115,9,,,,,,,N,,,,,,,,,2068-1,PhytoKeys,urn:lsid:ipni.org:publications:20011997-1,2026,2026 [20 Mar 2026],[20 Mar 2026],Junhao Chen & M.F.Liu,spec.,PhytoKeys 272: 24. 2026 [20 Mar 2026] ,,"doi:10.3897/phytokeys.272.175385 [english] Etymology: the specific epithet honours Professor Richard Mark Kingsley Saunders, former professor at the University of Hong Kong, for his contribution to Annonaceae systematics, phylogeny, and pollination ecology.",,,11,saundersii,,,f,t,,holotype BRUN B004935;isotype K K003311883;isotype L L0047321,,,,,M.F.Liu@20032705-1@2@aut$Junhao Chen@20027233-1@1@aut,,,tax. nov.,,1.4,f,meiogyne~saundersii,annonaceaemeiogyne~saundersii~,267,wfo-1000089126,,species,,,,,PhytoKeys 272: 24 (2026),https://www.ipni.org/n/77377868-1,IPNI record: 77377868-1
urn:lsid:ipni.org:names:77377869-1,M.F.Liu & Munzinger,,,,,,272: 29,,6,,11,,6945,2012,,"J.Munzinger, J.-F.Molino, K.Molem &amp; J.-C.Pintaud",,,19/03/2026 11:08,20/03/2026 10:25,"Papua New Guinea (New Guinea, Papuasia, Asia-Tropical)",E,Annonaceae,Meiogyne stenophylla,Meiogyne stenophylla,Meiogyne,,f,f,,,,,,,,5,43,52,"Madang Province: Bismarck Range, Mt. Wilhelm, Base Camp, 1200 m",145,16,25,,,,,,S,,,,,,,,,2068-1,PhytoKeys,urn:lsid:ipni.org:publications:20011997-1,2026,2026 [20 Mar 2026],[20 Mar 2026],M.F.Liu & Munzinger,spec.,PhytoKeys 272: 29. 2026 [20 Mar 2026] ,,doi:10.3897/phytokeys.272.175385 [english] Etymology: the specific epithet alludes to the narrow leaves of this species.,,,11,stenophylla,,,f,t,,holotype P P02275660;isotype LAE;isotype P P02433813,,,,,Munzinger@39459-1@2@aut$M.F.Liu@20032705-1@1@aut,,,tax. nov.,,1.3,f,meiogyne~stenophylla,annonaceaemeiogyne~stenophylla~,268,wfo-1000089127,,species,,,,,PhytoKeys 272: 29 (2026),https://www.ipni.org/n/77377869-1,IPNI record: 77377869-1
urn:lsid:ipni.org:names:77377870-1,(Guillaumin) M.F.Liu & Munzinger,Annonaceae Oncodostigma wilsonii Guillaumin,(Guillaumin),74189-1,,,272: 30,,,,,,,,,,,,19/03/2026 11:09,20/03/2026 10:26,,,Annonaceae,Meiogyne wilsonii,Meiogyne wilsonii,Meiogyne,,f,f,,,,,,,,,,,,,,,,,,,,,,,,,,,,null:,2068-1,PhytoKeys,urn:lsid:ipni.org:publications:20011997-1,2026,2026 [20 Mar 2026],[20 Mar 2026],M.F.Liu & Munzinger,spec.,PhytoKeys 272: 30. 2026 [20 Mar 2026] ,,doi:10.3897/phytokeys.272.175385,,,11,wilsonii,,,f,t,,,,,,,Munzinger@39459-1@2@aut$M.F.Liu@20032705-1@1@aut$Guillaumin@3465-1@3@bas,,,comb. nov.,,1.3,f,meiogyne~wilsonii,annonaceaemeiogyne~wilsonii~,269,wfo-1000089128,,species,,,,,PhytoKeys 272: 30 (2026),https://www.ipni.org/n/77377870-1,IPNI record: 77377870-1
urn:lsid:ipni.org:names:77377871-1,(I.M.Turner & Utteridge) M.F.Liu & Junhao Chen,Annonaceae Meiogyne papuana I.M.Turner & Utteridge,(I.M.Turner & Utteridge),77146123-1,,,272: 33,,,,,,,,,,,,19/03/2026 11:09,20/03/2026 10:42,,,Annonaceae,Monoon papuanum,Monoon papuanum,Monoon,,f,f,,,,,,,,,,,,,,,,,,,,,,,,,,,,null:,2082-1,PhytoKeys,urn:lsid:ipni.org:publications:20011997-1,2026,2026 [20 Mar 2026],[20 Mar 2026],M.F.Liu & Junhao Chen,spec.,PhytoKeys 272: 33. 2026 [20 Mar 2026] ,,doi:10.3897/phytokeys.272.175385,,,11,papuanum,,,f,t,,,,,,,M.F.Liu@20032705-1@1@aut$I.M.Turner@37099-1@3@bas$Utteridge@39298-1@4@bas$Junhao Chen@20027233-1@2@aut,,,comb. nov.,,1.3,f,monoon~papuanum,annonaceaemonoon~papuanum~,270,wfo-1000089129,,species,,,,,PhytoKeys 272: 33 (2026),https://www.ipni.org/n/77377871-1,IPNI record: 77377871-1
urn:lsid:ipni.org:names:77377872-1,"Desf. ex Feburier, Vilm. & Nois.",,,,,,1818: 589,,,,,,,,,,,,19/03/2026 11:30,19/03/2026 11:30,,,Paeoniaceae,Paeonia villosa,Paeonia villosa,Paeonia,,f,f,,,,,,,,,,,,,,,,,,,,,,,,,,,,,329475-2,Bon Jard.,urn:lsid:ipni.org:publications:9014-2,1818,1818,,"Desf. ex Feburier, Vilm. & Nois.",spec.,Bon Jard. 1818: 589. ,,,,,8,villosa,,,f,t,,,,,,,Nois.@7017-1@4@autEx$Vilm.@11201-1@3@autEx$Feburier@20097101-1@2@autEx$Desf.@17958-1@1@aut,,,tax. nov.,,1.1,f,paeonia~villosa,paeoniaceaepaeonia~villosa~,271,wfo-1200117788,,species,,,,,Bon Jard. 1818: 589 (1818),https://www.ipni.org/n/77377872-1,IPNI record: 77377872-1
urn:lsid:ipni.org:names:77377873-1,M.C.Pace,,,,,,77(4): 420,,8,,8,,92.2236,1992,,M.Véliz,,,19/03/2026 11:33,19/03/2026 11:33,"Guatemala (Central America, Southern America)",,Orchidaceae,Goodyera ixcanula,Goodyera ixcanula,Goodyera,,f,f,,,,,,,,,,,"Chimaltenango, Volcán de Acatenango, 2800 m",,,,,,,,,,,,,,,,,,325758-2,Brittonia,urn:lsid:ipni.org:publications:561-2,2025,2025 [15 Aug 2025],[15 Aug 2025],M.C.Pace,spec.,Brittonia 77(4): 420. 2025 [15 Aug 2025] ,,"doi:10.1007/s12228-025-09846-x  Etymology: Ixcanul is the Indigenous word for volcano in Kaqchikel (of the Maya languages family), referencing the apparent endemism of this species to the Volcán de Acatenango.",,,11,ixcanula,,,f,t,,holotype MEXU;isotype BIGU,,,,,M.C.Pace@20032917-1@1@aut,,,tax. nov.,,1.1,f,goodyera~ixcanula,orchidaceaegoodyera~ixcanula~,272,wfo-1000089130,,species,,,,,Brittonia 77(4): 420 (2025),https://www.ipni.org/n/77377873-1,IPNI record: 77377873-1
urn:lsid:ipni.org:names:77377874-1,"hort. ex Feburier, Vilm. & Nois.",,,,,,1818: 719,,,,,,,,,,,,19/03/2026 11:35,19/03/2026 11:35,,,Rutaceae,Diosma fumosa,Diosma fumosa,Diosma,,f,f,,,,,,,,,,,,,,,,,,,,,,,,,,,,,35684-1,Bon Jard.,urn:lsid:ipni.org:publications:9014-2,1818,1818,,"hort. ex Feburier, Vilm. & Nois.",spec.,Bon Jard. 1818: 719. ,,,,,8,fumosa,,,f,t,,,,,,,hort.@35691-1@1@aut$Nois.@7017-1@4@autEx$Vilm.@11201-1@3@autEx$Feburier@20097101-1@2@autEx,,,tax. nov.,,1.1,f,diosma~fumosa,rutaceaediosma~fumosa~,273,wfo-1000089131,,species,,,,,Bon Jard. 1818: 719 (1818),https://www.ipni.org/n/77377874-1,IPNI record: 77377874-1
urn:lsid:ipni.org:names:77377875-1,M.C.Pace,,,,,,77(4): 420,,27,,9,,2195,2007,,A.Sánchez Martínez,,,19/03/2026 11:36,19/03/2026 11:36,"Oaxaca (Mexico Southwest, Mexico, Northern America);Chiapas (Mexico Southeast, Mexico, Northern America);Hidalgo (Mexico Northeast, Mexico, Northern America);Veracruz (Mexico Gulf, Mexico, Northern America);",,Orchidaceae,Goodyera mexitesselata,Goodyera mexitesselata,Goodyera,,f,f,,,,,,,,,,,"Oaxaca, Ixtlán, San Juan Evangelista Analco, Inicio de Rancho Quemado, 2500 m",,,,,,,,,,,,,,,,,,325758-2,Brittonia,urn:lsid:ipni.org:publications:561-2,2025,2025 [15 Aug 2025],[15 Aug 2025],M.C.Pace,spec.,Brittonia 77(4): 420. 2025 [15 Aug 2025] ,,"doi:10.1007/s12228-025-09846-x  Etymology: the epithet is a combination of the Latin roots mexicana (of Mexico) and tessellatus, referring to the marked leaves that bear green blades with thin but prominent and regular silver-white veining.",,,11,mexitesselata,,,f,t,,holotype MEXU,,,,,M.C.Pace@20032917-1@1@aut,,,tax. nov.,,1.1,f,goodyera~mexitesselata,orchidaceaegoodyera~mexitesselata~,274,wfo-1000089132,,species,,,,,Brittonia 77(4): 420 (2025),https://www.ipni.org/n/77377875-1,IPNI record: 77377875-1
urn:lsid:ipni.org:names:77377876-1,"Feburier, Vilm. & Nois.",,,,,,1818: 757,,,,,,,,,,,,19/03/2026 11:37,19/03/2026 11:37,,,Oleaceae,Jasminum triumphans,Jasminum triumphans,Jasminum,,f,f,,,,,,,,,,,,,,,,,,,,,,,,,,,,,328128-2,Bon Jard.,urn:lsid:ipni.org:publications:9014-2,1818,1818,,"Feburier, Vilm. & Nois.",spec.,Bon Jard. 1818: 757. ,,,,,8,triumphans,,,f,t,,,,,,,Nois.@7017-1@3@aut$Vilm.@11201-1@2@aut$Feburier@20097101-1@1@aut,,,tax. nov.,,1.1,f,jasminum~triumphans,oleaceaejasminum~triumphans~,275,wfo-1200117789,,species,,,,,Bon Jard. 1818: 757 (1818),https://www.ipni.org/n/77377876-1,IPNI record: 77377876-1
urn:lsid:ipni.org:names:77377877-1,Vilm.,,,,,,1819: 221,,,,,,,,,,,,19/03/2026 11:42,19/03/2026 11:42,,,Poaceae,Avena trisperma,Avena trisperma,Avena,,f,f,,,,,,,,,,,,,,,,,,,,,,,,,,,,,30013149-2,Bon Jard.,urn:lsid:ipni.org:publications:9014-2,1819,1819,,Vilm.,spec.,Bon Jard. 1819: 221. ,,,,,8,trisperma,,,f,t,,,,,,,Vilm.@11201-1@1@aut,,,tax. nov.,,1.1,f,avena~trisperma,poaceaeavena~trisperma~,276,wfo-1200117790,,species,,,,,Bon Jard. 1819: 221 (1819),https://www.ipni.org/n/77377877-1,IPNI record: 77377877-1
urn:lsid:ipni.org:names:77377878-1,"Loisel., Vilm., Nois. & Deville",,,,,,1819: 420,,,,,,,,,,,,19/03/2026 11:44,19/03/2026 11:44,,,Asteraceae,Achillea elegans,Achillea elegans,Achillea,,f,f,,,,,,,,,,,,,,,,,,,,,,,,,,,,,60436826-2,Bon Jard.,urn:lsid:ipni.org:publications:9014-2,1819,1819,,"Loisel., Vilm., Nois. & Deville",spec.,Bon Jard. 1819: 420. ,,,,,8,elegans,,,f,t,,,,,,,Deville@2169-1@4@aut$Loisel.@12663-1@1@aut$Nois.@7017-1@3@aut$Vilm.@11201-1@2@aut,,,tax. nov.,,1.1,f,achillea~elegans,asteraceaeachillea~elegans~,277,wfo-1200117791,,species,,,,,Bon Jard. 1819: 420 (1819),https://www.ipni.org/n/77377878-1,IPNI record: 77377878-1
urn:lsid:ipni.org:names:77377879-1,"Moura Carvalho, Martinelli & Forzza",,,,,,77(4): 428,,29,,8,,22363,2023,,"G.Martinelli, M.Abdo, T.G.Duarte, A.B.N.Marques, R.Copetti &amp; O.Graeff",,,19/03/2026 11:48,19/03/2026 11:48,"Mato Grosso (Brazil West-Central, Brazil, Southern America)",W,Bromeliaceae,Puya orlandoi,Puya orlandoi,Puya,,f,f,,,,,,,,14,56,19,"Vila Bela de Santíssima, Parque Estadual Serra de Ricardo Franco, próximo da Cachoeira dos Namorados, 345 m",60,1,33,,,,,,S,,,,,,,,,330470-2,Brittonia,urn:lsid:ipni.org:publications:561-2,2025,2025 [17 Nov 2025],[17 Nov 2025],"Moura Carvalho, Martinelli & Forzza",spec.,Brittonia 77(4): 428. 2025 [17 Nov 2025] ,,"doi:10.1007/s12228-025-09858-7  Etymology: the specific epithet honours Orlando Graeff, a Brazilian agronomist, naturalist, and phytogeographer who traveled extensively throughout the state of Mato Grosso documenting the drastic transformations of the landscape in recent decades.",,,11,orlandoi,,,f,t,,holotype RB RB01502320;isotype UFMT;isotype US,,,,,Martinelli@22964-1@2@aut$Forzza@38526-1@3@aut$Moura Carvalho@20057631-1@1@aut,,,tax. nov.,,1.1,f,puya~orlandoi,bromeliaceaepuya~orlandoi~,278,wfo-1000089133,,species,,,,,Brittonia 77(4): 428 (2025),https://www.ipni.org/n/77377879-1,IPNI record: 77377879-1
urn:lsid:ipni.org:names:77377880-1,"Loisel., Vilm., Nois. & Deville",,,,,,1819: 664,,,,,,,,,,,,19/03/2026 11:53,19/03/2026 11:53,,,Taxodiaceae,Cunninghamia sinensis,Cunninghamia sinensis,Cunninghamia,,f,f,,,,,,,,,,,,,,,nom. illeg. nom. superfl.,,nom. illeg.,,,,,,,,,,,,331121-2,Bon Jard.,urn:lsid:ipni.org:publications:9014-2,1819,1819,,"Loisel., Vilm., Nois. & Deville",spec.,Bon Jard. 1819: 664. ,,,263041-1,,10,sinensis,,263041-1,f,t,,,,,,,Nois.@7017-1@3@aut$Loisel.@12663-1@1@aut$Vilm.@11201-1@2@aut$Deville@2169-1@4@aut,,,nom. nov.,,1.1,f,cunninghamia~sinensis,taxodiaceaecunninghamia~sinensis~,279,wfo-1200117792,,species,superflu,,,,Bon Jard. 1819: 664 (1819),https://www.ipni.org/n/77377880-1,IPNI record: 77377880-1
urn:lsid:ipni.org:names:77377881-1,"Loisel., Vilm., Nois. & Deville",,,,,,1819: 724,,,,,,,,,,,,19/03/2026 11:55,19/03/2026 11:55,,,Leguminosae,Liparia lanceolata,Liparia lanceolata,Liparia,,f,f,,,,,,,,,,,,,,,,,,,,,,,,,,,,,22796-1,Bon Jard.,urn:lsid:ipni.org:publications:9014-2,1819,1819,,"Loisel., Vilm., Nois. & Deville",spec.,Bon Jard. 1819: 724. ,,,,,8,lanceolata,,,f,t,,,,,,,Nois.@7017-1@3@aut$Deville@2169-1@4@aut$Vilm.@11201-1@2@aut$Loisel.@12663-1@1@aut,,,tax. nov.,,1.1,f,liparia~lanceolata,leguminosaeliparia~lanceolata~,280,wfo-1200117793,,species,,,,,Bon Jard. 1819: 724 (1819),https://www.ipni.org/n/77377881-1,IPNI record: 77377881-1
urn:lsid:ipni.org:names:77377882-1,Naive,,,,,,77(4): 435,,27,,3,,PPI7815,1993,,Reynoso et al.,,,19/03/2026 11:59,19/03/2026 11:59,"Philippines (Malesia, Asia-Tropical)",E,Begoniaceae,Begonia boholensis,Begonia boholensis,Begonia,,f,f,,,,,,,,9,42,30,"Central Visayas, Bohol Island, Bilar, Logarita",124,6,24,,,,,,N,,,,,,,,,327437-2,Brittonia,urn:lsid:ipni.org:publications:561-2,2025,2025 [17 Nov 2025],[17 Nov 2025],Naive,spec.,Brittonia 77(4): 435. 2025 [17 Nov 2025] ,,"doi:10.1007/s12228-025-09860-z  Etymology: the specific epithet is named after Bohol Island, where it has been collected.",,,11,boholensis,,,f,t,,holotype K K004753240;isotype BRIT 16600;isotype L L.3738021,,,,,Naive@20018612-2@1@aut,,,tax. nov.,,1.1,f,begonia~boholensis,begoniaceaebegonia~boholensis~,281,wfo-1000089134,,species,,,,,Brittonia 77(4): 435 (2025),https://www.ipni.org/n/77377882-1,IPNI record: 77377882-1
urn:lsid:ipni.org:names:77377883-1,Vilm.,,,,,,1821: 214,,,,,,,,,,,,19/03/2026 11:59,19/03/2026 11:59,,,Poaceae,Panicum altissimum,Panicum altissimum,Panicum,,f,f,,,,,,,,,,,,,,,nom. illeg. nom. superfl.,,nom. illeg.,,,,,,,,,,,,1194715-2,Bon Jard.,urn:lsid:ipni.org:publications:9014-2,1821,1821,,Vilm.,spec.,Bon Jard. 1821: 214. ,,non DC. ex Hornem. 1813.,411932-1,,10,altissimum,,411932-1,f,t,,,,,,,Vilm.@11201-1@1@aut,,,nom. nov.,,1.1,f,panicum~altissimum,poaceaepanicum~altissimum~,282,wfo-1200117794,,species,superflu,,,,Bon Jard. 1821: 214 (1821),https://www.ipni.org/n/77377883-1,IPNI record: 77377883-1
urn:lsid:ipni.org:names:77377884-1,Naive,,,,,,77(4): 438,,25,,1,,190,2024,,A.Duhaylungsod with M.A.K.Naive &amp; D.J.Ancheta,,,19/03/2026 12:04,19/03/2026 12:04,"Philippines (Malesia, Asia-Tropical)",E,Begoniaceae,Begonia naiveorum,Begonia naiveorum,Begonia,,f,f,,,,,,,,6,35,14,"Western Mindanao, Basilan Island, Lamitan City, Brgy. Arco, 300 m",122,5,14,,,,,,N,,,,,,,,,327437-2,Brittonia,urn:lsid:ipni.org:publications:561-2,2025,2025 [17 Nov 2025],[17 Nov 2025],Naive,spec.,Brittonia 77(4): 438. 2025 [17 Nov 2025] ,,"doi:10.1007/s12228-025-09860-z Etymology: the specific epithet honours the first author's parents, Mr. Ronald G. Naive Sr. and Mrs. Yolanda K. Naive, as a recognition of their unwavering support for all his research endeavors.",,,11,naiveorum,,,f,t,,holotype HNUL;isotype CLP,,,,,Naive@20018612-2@1@aut,,,tax. nov.,,1.1,f,begonia~naiveorum,begoniaceaebegonia~naiveorum~,283,wfo-1000089135,,species,,,,,Brittonia 77(4): 438 (2025),https://www.ipni.org/n/77377884-1,IPNI record: 77377884-1
urn:lsid:ipni.org:names:77377885-1,P.Peng & Cheek,,,,,,"80(2, Suppl.): 147",,4,,10,,7605B,1974,,J.J.F.E  de  Wilde,,,19/03/2026 12:05,19/03/2026 12:05,"Cameroon (West-Central Tropical Africa, Africa);Gabon (West-Central Tropical Africa, Africa);",E,Myrsinaceae,Ardisia hansii,Ardisia hansii,Ardisia,,f,f,,,,,,,,2,49,,Cameroon. South Region. 4 km. on the road from N'Koemvone to 'Akoakas rock',11,10,,,,,,,N,,,,,,,,,327477-2,J. Pl. Taxon. & Geogr. (Webbia),urn:lsid:ipni.org:publications:20030053-1,2025,2025 [17 Nov 2025],[17 Nov 2025],P.Peng & Cheek,spec.,"J. Pl. Taxon. & Geogr. (Webbia) 80(2, Suppl.): 147. 2025 [17 Nov 2025] ",,"doi:10.36253/jopt-19150 [english] Etymology: name commemorates  the  collector  of  the  type  specimen, Dr. Hans (J.F.F.E.) de Wilde of the excellent former Herbarium Vadense at Wageningen, Netherlands.",,,11,hansii,,,f,t,,holotype K K000678894;isotype WAG WAG1113076,,,,,Cheek@12442-1@2@aut$P.Peng@20097114-1@1@aut,,,tax. nov.,,1.1,f,ardisia~hansii,myrsinaceaeardisia~hansii~,284,wfo-1000089136,,species,,,,,"J. Pl. Taxon. & Geogr. (Webbia) 80(2, Suppl.): 147 (2025)",https://www.ipni.org/n/77377885-1,IPNI record: 77377885-1
urn:lsid:ipni.org:names:77377886-1,B.S.Amorim & T.Fern.,,,,,,77(4): 446,,24,,3,,1310,1955,,E.Pereira,,,19/03/2026 12:10,19/03/2026 12:10,"Rio de Janeiro (Brazil Southeast, Brazil, Southern America)",,Myrtaceae,Myrcia fluminensis,Myrcia fluminensis,Myrcia,,f,f,,,,,,,,,,,"Mun. Santa Maria Madalena, Rifa",,,,,,,,,,,,,,,,,,30001220-2,Brittonia,urn:lsid:ipni.org:publications:561-2,2025,2025 [10 Nov 2025],[10 Nov 2025],B.S.Amorim & T.Fern.,spec.,Brittonia 77(4): 446. 2025 [10 Nov 2025] ,,"doi:10.1007/s12228-025-09852-z  Etymology: the specific epithet means 'from the river', a reference to the state of Rio de Janeiro, where the type was collected.",,,11,fluminensis,,,f,t,,holotype RB RB00311200;isotype K K000275927,,,,,B.S.Amorim@20022705-1@1@aut$T.Fern.@20040984-1@2@aut,,,tax. nov.,,1.1,f,myrcia~fluminensis,myrtaceaemyrcia~fluminensis~,285,wfo-1000089137,,species,,,,,Brittonia 77(4): 446 (2025),https://www.ipni.org/n/77377886-1,IPNI record: 77377886-1
urn:lsid:ipni.org:names:77377887-1,J.S.Murillo & Michelang.,,,,,,77(4): 450,,10,,8,,3249,2019,,J.A.Perez-Zabala &amp; estudiantes del curso de Sistemática Vegetal,,,19/03/2026 12:15,19/03/2026 12:15,"Colombia (Western South America, Southern America)",W,Melastomataceae,Quipuanthus calcaratus,Quipuanthus calcaratus,Quipuanthus,,f,f,,,,,,,,7,1,,"Antioquia, Municipio de Anorí, Reserva La Forzoza, 1530 m",75,8,54,,,,,,N,,,,,,,,,77143079-1,Brittonia,urn:lsid:ipni.org:publications:561-2,2025,2025 [2 Sep 2025],[2 Sep 2025],J.S.Murillo & Michelang.,spec.,Brittonia 77(4): 450. 2025 [2 Sep 2025] ,,"doi:10.1007/s12228-025-09845-y  Etymology: the specific epithet is a Latin adjective that means spurred or having a spur, and reflects the anthers that have a prolonged dorsal connective appendage.",,,11,calcaratus,,,f,t,,holotype MEDEL 69532;isotype HUA 236697,,,,,Michelang.@20006687-2@2@aut$J.S.Murillo@20045447-1@1@aut,,,tax. nov.,,1.1,f,quipuanthus~calcaratus,melastomataceaequipuanthus~calcaratus~,286,wfo-1000089138,,species,,,,,Brittonia 77(4): 450 (2025),https://www.ipni.org/n/77377887-1,IPNI record: 77377887-1
urn:lsid:ipni.org:names:77377888-1,"Rodrigues-Vaz, Lowry & G.M.Plunkett",,,,,,77(4): 470,,12,,1,,3502,1999,,Vargas &amp; Narváez,,,19/03/2026 12:30,19/03/2026 12:30,"Ecuador (Western South America, Southern America)",W,Araliaceae,Sciodaphyllum antisanense,Sciodaphyllum antisanense,Sciodaphyllum,,f,f,,,,,,,,,38,,"Napo, Cantón Quijos, Reserva Ecológica Antisana, cordillera de los Guacamayos, sector oriental, cruce del oleoducto de la compañía ARCO, entre El Mirador y camino de La Virgen, vegetación primaria, suelo colinado bien drenado, 2300 m",77,51,,,,,,,S,,,,,,,,,3101-1,Brittonia,urn:lsid:ipni.org:publications:561-2,2025,2025 [8 Sep 2025],[8 Sep 2025],"Rodrigues-Vaz, Lowry & G.M.Plunkett",spec.,Brittonia 77(4): 470. 2025 [8 Sep 2025] ,,doi:10.1007/s12228-025-09844-z  Etymology: the specific epithet was chosen because the species occurs in and around the Antisana Ecological Reserve.,,,11,antisanense,,,f,t,,holotype NY 02533576;isotype AAU;isotype MO MO-2075899; MO-2075901;isotype QCNE 148184,,,,,G.M.Plunkett@20001699-1@3@aut$Rodrigues-Vaz@20047440-1@1@aut$Lowry@13675-1@2@aut,,,tax. nov.,,1.1,f,sciodaphyllum~antisanense,araliaceaesciodaphyllum~antisanense~,287,wfo-1000089139,,species,,,,,Brittonia 77(4): 470 (2025),https://www.ipni.org/n/77377888-1,IPNI record: 77377888-1
urn:lsid:ipni.org:names:77377889-1,"Rodrigues-Vaz, Lowry & G.M.Plunkett",,,,,,77(4): 473,,21,,10,,164,2016,,Rodrigues-Vaz &amp; Rosillo,,,19/03/2026 12:35,19/03/2026 12:35,"Ecuador (Western South America, Southern America)",W,Araliaceae,Sciodaphyllum bassianum,Sciodaphyllum bassianum,Sciodaphyllum,,f,f,,,,,,,,,52,28,"Carchi, Cantón Tulcán, on dirt road from Gualchán (Parroquia El Goaltal) to El Chical, growing on an isolated tree in a heavily deforested property, 2003 m",78,13,47,,,,,,N,,,,,,,,,3101-1,Brittonia,urn:lsid:ipni.org:publications:561-2,2025,2025 [8 Sep 2025],[8 Sep 2025],"Rodrigues-Vaz, Lowry & G.M.Plunkett",spec.,Brittonia 77(4): 473. 2025 [8 Sep 2025] ,,"doi:10.1007/s12228-025-09844-z  Etymology: the specific epithet honours Edward P. Bass, who has dedicated much of his life to supporting plant science and conservation, including at the New York Botanical Garden.",,,11,bassianum,,,f,t,,holotype ECUAMZ 00245; 00246;isotype QCA;isotype MO MO-3585206; MO-3585207;isotype NY 03227778; 03227779,,,,,G.M.Plunkett@20001699-1@3@aut$Rodrigues-Vaz@20047440-1@1@aut$Lowry@13675-1@2@aut,,,tax. nov.,,1.1,f,sciodaphyllum~bassianum,araliaceaesciodaphyllum~bassianum~,288,wfo-1000089140,,species,,,,,Brittonia 77(4): 473 (2025),https://www.ipni.org/n/77377889-1,IPNI record: 77377889-1
urn:lsid:ipni.org:names:77377890-1,"Rodrigues-Vaz, Lowry & G.M.Plunkett",,,,,,77(4): 476,,26,,1,,3649,1989,,Palacios &amp; van der Werff,,,19/03/2026 12:39,19/03/2026 12:39,"Ecuador (Western South America, Southern America)",W,Araliaceae,Sciodaphyllum fimbriocalyx,Sciodaphyllum fimbriocalyx,Sciodaphyllum,,f,f,,,,,,,,,29,41,"Napo, Cantón Archidona, vía Baeza-Cosanga, 1850 m",77,52,31,,,,,,S,,,,,,,,,3101-1,Brittonia,urn:lsid:ipni.org:publications:561-2,2025,2025 [8 Sep 2025],[8 Sep 2025],"Rodrigues-Vaz, Lowry & G.M.Plunkett",spec.,Brittonia 77(4): 476. 2025 [8 Sep 2025] ,,doi:10.1007/s12228-025-09844-z  Etymology: the specific epithet reflects the fact that it possesses a calyx with evident fimbriae on its margin.,,,11,fimbriocalyx,,,f,t,,holotype MO MO-2897945; MO-2897946; MO-2897946;isotype QCNE 20030,,,,,Lowry@13675-1@2@aut$Rodrigues-Vaz@20047440-1@1@aut$G.M.Plunkett@20001699-1@3@aut,,,tax. nov.,,1.1,f,sciodaphyllum~fimbriocalyx,araliaceaesciodaphyllum~fimbriocalyx~,289,wfo-1000089141,,species,,,,,Brittonia 77(4): 476 (2025),https://www.ipni.org/n/77377890-1,IPNI record: 77377890-1
urn:lsid:ipni.org:names:77377891-1,"Rodrigues-Vaz, Lowry & G.M.Plunkett",,,,,,77(4): 479,,10,,10,,18199,2016,,"Neill, Lowry, &amp; Plunkett",,,19/03/2026 12:43,19/03/2026 12:43,"Ecuador (Western South America, Southern America)",W,Araliaceae,Sciodaphyllum guacamayosense,Sciodaphyllum guacamayosense,Sciodaphyllum,,f,f,,,,,,,,,37,56,"Napo, Cantón Archidona, Cordillera de Guacamayos, along road between Archidona and Baeza, south of and below the crest of the cordillera, boundary between Sumaco National Park and Antisana Ecological Reserve, 2020 m",77,48,35,,,,,,S,,,,,,,,,3101-1,Brittonia,urn:lsid:ipni.org:publications:561-2,2025,2025 [8 Sep 2025],[8 Sep 2025],"Rodrigues-Vaz, Lowry & G.M.Plunkett",spec.,Brittonia 77(4): 479. 2025 [8 Sep 2025] ,,doi:10.1007/s12228-025-09844-z  Etymology: the specific epithet reflects the fact that it primarily occurs in the Guacamayos mountain range.,,,11,guacamayosense,,,f,t,,holotype ECUAMZ 00422; 00423;isotype QCA;isotype QCNE;isotype MO MO-3585246; MO-3585247;isotype NY,,,,,Lowry@13675-1@2@aut$G.M.Plunkett@20001699-1@3@aut$Rodrigues-Vaz@20047440-1@1@aut,,,tax. nov.,,1.1,f,sciodaphyllum~guacamayosense,araliaceaesciodaphyllum~guacamayosense~,290,wfo-1000089142,,species,,,,,Brittonia 77(4): 479 (2025),https://www.ipni.org/n/77377891-1,IPNI record: 77377891-1
urn:lsid:ipni.org:names:77377892-1,"G.L.Xu, S.C.Zeng & Z.L.Li",,,,,,71(1): 78,,16,,5,,ZengSC3050,2025,,Guo-Liang Xu &amp; Sang-Chun Zeng,,,19/03/2026 14:21,19/03/2026 14:21,"Jiangxi (China Southeast, China, Asia-Temperate)",E,Gesneriaceae,Palmatiboea curvituba,Palmatiboea curvituba,Palmatiboea,,f,f,,,,,,,,23,10,51,"Ganzhou City, Ganxian District, Nantang Town, Zaijiu'ao Scenic Spot, 216.6 m",113,21,8,,,,,,N,,,,,,,,,77349518-1,Taiwania,urn:lsid:ipni.org:publications:2979-2,2026,2026 [11 Jan 2026],[11 Jan 2026],"G.L.Xu, S.C.Zeng & Z.L.Li",spec.,Taiwania 71(1): 78. 2026 [11 Jan 2026] ,,"doi:10.6165/tai.2026.71.73  Etymology: the specific epithet refers to the corolla tube of this species, which is curved-funnelform-tubular.",,,9,curvituba,,,f,t,,holotype LBG LBG20230073;isotype SYS,,,,,G.L.Xu@20049628-1@1@aut$S.C.Zeng@0-0@2@aut$Z.L.Li@20048340-1@3@aut,,,tax. nov.,,1.1,f,palmatiboea~curvituba,gesneriaceaepalmatiboea~curvituba~,291,wfo-1000089143,,species,,,,,Taiwania 71(1): 78 (2026),https://www.ipni.org/n/77377892-1,IPNI record: 77377892-1
urn:lsid:ipni.org:names:77377893-1,"G.L.Xu, H.W.Zhang & Z.L.Li",,,,,,71(1): 79,,13,,5,,ZHWXGL20250513,2025,,Guo-Liang Xu &amp; Hong-Wei Zhang,,,19/03/2026 14:25,19/03/2026 14:25,"Zhejiang (China Southeast, China, Asia-Temperate)",E,Gesneriaceae,Palmatiboea recurva,Palmatiboea recurva,Palmatiboea,,f,f,,,,,,,,30,9,58,"Hangzhou City, Ling'an District, Longgang Town, 129.9 m",119,11,37,,,,,,N,,,,,,,,,77349518-1,Taiwania,urn:lsid:ipni.org:publications:2979-2,2026,2026 [11 Jan 2026],[11 Jan 2026],"G.L.Xu, H.W.Zhang & Z.L.Li",spec.,Taiwania 71(1): 79. 2026 [11 Jan 2026] ,,"doi:10.6165/tai.2026.71.73  Etymology: the specific epithet refers to the upper half part of the corolla tube, which is slightly upward-curving.",,,11,recurva,,,f,t,,holotype LBG LBG20230061;isotype IBK,,,,,Z.L.Li@20048340-1@3@aut$G.L.Xu@20049628-1@1@aut$H.W.Zhang@20013864-1@2@aut,,,tax. nov.,,1.1,f,palmatiboea~recurva,gesneriaceaepalmatiboea~recurva~,292,wfo-1000089144,,species,,,,,Taiwania 71(1): 79 (2026),https://www.ipni.org/n/77377893-1,IPNI record: 77377893-1
urn:lsid:ipni.org:names:77377894-1,P.R.Luo & J.D.Ya,,,,,,71(1): 137,,11,,8,,24CS25948,2024,,J.D.Ya &amp; Y.R.Ding,,,19/03/2026 14:35,19/03/2026 14:35,"Yunnan (China South-Central, China, Asia-Temperate)",E,Asclepiadaceae,Ceropegia semifusca,Ceropegia semifusca,Ceropegia,,f,f,,,,,,,,25,19,,"Panlong District, Aziying Township, 2142 m",102,48,,,,,,,N,,,,,,,,,328162-2,Taiwania,urn:lsid:ipni.org:publications:2979-2,2026,2026 [27 Jan 2026],[27 Jan 2026],P.R.Luo & J.D.Ya,spec.,Taiwania 71(1): 137. 2026 [27 Jan 2026] ,,"doi:10.6165/tai.2026.71.135  Etymology: the specific epithet is named for the corolla lobes being half dark-coloured (semi = half, fuscus = dark), with the distal halves dark brown.",,,11,semifusca,,,f,t,,holotype KUN;isotype CSH,,,,,P.R.Luo@20065954-1@1@aut$J.D.Ya@20042727-1@2@aut,,,tax. nov.,,1.1,f,ceropegia~semifusca,asclepiadaceaeceropegia~semifusca~,293,wfo-1000089145,,species,,,,,Taiwania 71(1): 137 (2026),https://www.ipni.org/n/77377894-1,IPNI record: 77377894-1
urn:lsid:ipni.org:names:77377895-1,X.D.Ma & J.Y.Shen,,,,,,71(1): 154,,2,,9,,4263,2024,,Xing-da Ma &amp; Yi-qiang Yin,,,19/03/2026 14:47,19/03/2026 14:47,"Yunnan (China South-Central, China, Asia-Temperate)",E,Asclepiadaceae,Ceropegia polytricha,Ceropegia polytricha,Ceropegia,,f,f,,,,,,,,24,31,,"Yimen County, Luzhi Town, Zhela Village, twining around branches in the thickets, 2318 m",101,58,,,,,,,N,,,,,,,,,328162-2,Taiwania,urn:lsid:ipni.org:publications:2979-2,2026,2026 [30 Jan 2026],[30 Jan 2026],X.D.Ma & J.Y.Shen,spec.,Taiwania 71(1): 154. 2026 [30 Jan 2026] ,,"doi:10.6165/tai.2026.71.154  Etymology: the specific epithet is derived from Greek poly- (many) and -tricha (hairy), meaning 'densely hairy', referring to the stems, leaves, peduncles, corolla lobes, and interstaminal corona lobes of the species, which are densely pilose.",,,11,polytricha,,,f,t,,holotype HITBC HITBC0135779,,,,,X.D.Ma@20042599-1@1@aut$J.Y.Shen@20033889-1@2@aut,,,tax. nov.,,1.1,f,ceropegia~polytricha,asclepiadaceaeceropegia~polytricha~,294,wfo-1000089146,,species,,,,,Taiwania 71(1): 154 (2026),https://www.ipni.org/n/77377895-1,IPNI record: 77377895-1
urn:lsid:ipni.org:names:77377896-1,(Kalen.) Woronow,Apiaceae Pimpinella tripartita Kalen.,(Kalen.),847097-1,,,12,,,,,,,,,,,,19/03/2026 16:49,23/03/2026 09:09,,,Apiaceae,Scaligeria tripartita,Scaligeria tripartita,Scaligeria,,f,f,,,,,,,,,,,,,,,,,,,,,,,,,,,,,331935-2,"Index Seminum (TBI, Tiflisiensis)",urn:lsid:ipni.org:publications:6553-2,1929,1929,,Woronow,spec.,"Index Seminum (TBI, Tiflisiensis) 12. 1929 ",,,,,11,tripartita,,,f,t,,,,,,,Woronow@11870-1@1@aut$Kalen.@4618-1@2@bas,,,comb. nov.,,1.3,f,scaligeria~tripartita,apiaceaescaligeria~tripartita~,295,wfo-1200117795,,species,,,,,"Index Seminum (TBI, Tiflisiensis) 12 (1929)",https://www.ipni.org/n/77377896-1,IPNI record: 77377896-1
urn:lsid:ipni.org:names:77377897-1,Stschegl.,,,,,,24(II): 474,,,,,,,,,,,,19/03/2026 17:00,19/03/2026 17:00,,,Lamiaceae,Stachys inflata var. caucasica,Stachys inflata var. caucasica,Stachys,,f,f,,,,,caucasica,,,,,,,,,,,,,,,,,,,,,,,,459634-1,Bull. Soc. Imp. Naturalistes Moscou,urn:lsid:ipni.org:publications:880-2,1851,1851,,Stschegl.,var.,Bull. Soc. Imp. Naturalistes Moscou 24(II): 474. 1851 ,,,,,8,inflata,Benth.,,f,t,,,,,,,Stschegl.@14156-1@1@aut,Benth.@15956-1@1@aut,,tax. nov.,,1.1,f,stachys~inflatacaucasica,lamiaceaestachys~inflatacaucasica,296,wfo-0000314127,,variety,,,,,Bull. Soc. Imp. Naturalistes Moscou 24(II): 474 (1851),https://www.ipni.org/n/77377897-1,IPNI record: 77377897-1
urn:lsid:ipni.org:names:77377898-1,Sosn.,,,,,,8,,,,,,,,,,,,19/03/2026 17:00,19/03/2026 17:00,,,Lamiaceae,Stachys stschegleewii,Stachys stschegleewii,Stachys,,f,f,,,,,,,,,,,,,,,,,,,,,,,,,,,,,325931-2,"Index Seminum (TBI, Tiflisiensis)",urn:lsid:ipni.org:publications:6553-2,1929,1929,,Sosn.,spec.,"Index Seminum (TBI, Tiflisiensis) 8. 1929 , as 'Stschegleewiii'",", as 'Stschegleewiii'",,77377897-1,,9,stschegleewii,,,f,t,,,,,,,Sosn.@9910-1@1@aut,,,nom. nov.,,1.1,f,stachys~stschegleewii,lamiaceaestachys~stschegleewii~,297,wfo-0001069962,,species,,,,,"Index Seminum (TBI, Tiflisiensis) 8 (1929)",https://www.ipni.org/n/77377898-1,IPNI record: 77377898-1
urn:lsid:ipni.org:names:77377899-1,Theófilo & Magno,,,,,,728(2): 222,,9,,10,,26,2023,,A.Magno &amp; J.E.Santos,,,19/03/2026 23:09,20/03/2026 10:49,"Bahia (Brazil Northeast, Brazil, Southern America)",W,Araceae,Anthurium guaratinguense,Anthurium guaratinguense,Anthurium,,f,f,,,,,,,,16,40,54,"Guaratinga, 233 m",39,47,52,,,,,,S,,,,,,,,,329747-2,Phytotaxa,urn:lsid:ipni.org:publications:20011462-1,2026,2026 [20 Mar 2026],[20 Mar 2026],Theófilo & Magno,spec.,Phytotaxa 728(2): 222. 2026 [20 Mar 2026] ,,"doi:10.11646/phytotaxa.748.2.6 [english] Etymology: the specific epithet refers to Guaratinga, the type locality of the species.",,,11,guaratinguense,,,f,t,,holotype VIES,,,,,Theófilo@20026912-1@1@aut$Magno@20076492-1@2@aut,,,tax. nov.,,1.3,f,anthurium~guaratinguense,araceaeanthurium~guaratinguense~,298,wfo-1000089147,,species,,,,,Phytotaxa 728(2): 222 (2026),https://www.ipni.org/n/77377899-1,IPNI record: 77377899-1
urn:lsid:ipni.org:names:77377901-1,Cout.,,,,,,218,,,,,,,,,,,,20/03/2026 04:23,20/03/2026 10:59,,,Caryophyllaceae,Silene fuscata var. elatior,Silene fuscata var. elatior,Silene,,f,f,,,,,elatior,,,,,,,,,,,,,,,,,,,,,,,,157383-1,Fl. Portugal,urn:lsid:ipni.org:publications:15235-2,1913,1913,,Cout.,var.,Fl. Portugal 218. 1913 ,,,,,8,fuscata,Link ex Brot.,,f,t,,,,,,,Cout.@17478-1@1@aut,Link@0-0@1@aut$Brot.@0-0@2@autEx,,tax. nov.,,1.3,f,silene~fuscataelatior,caryophyllaceaesilene~fuscataelatior,299,wfo-1200117737,,variety,,,,,Fl. Portugal 218 (1913),https://www.ipni.org/n/77377901-1,IPNI record: 77377901-1
urn:lsid:ipni.org:names:77377902-1,Gren. & Godr.,,,,,,1(1): 206,,,,,,,,,,,,20/03/2026 04:31,25/03/2026 09:31,,,Caryophyllaceae,Silene nocturna var. genuina,Silene nocturna var. genuina,Silene,,f,f,,,,,genuina,,,,,,,,,,nom. inval.    Contrary to Art. 24.3. ICN (2025). Final epithet as 'genuina'.,,nom. inval.,,,,,,,,,,,,157913-1,Fl. France Corse,urn:lsid:ipni.org:publications:16788-2,1847,1847 [Nov 1847],[Nov 1847],Gren. & Godr.,var.,Fl. France Corse 1(1): 206. 1847 [Nov 1847] ,,,,,9,nocturna,L.,,f,t,,,,,,,Godr.@3218-1@2@aut$Gren.@3375-1@1@aut,L.@0-0@1@aut,,tax. nov.,,1.4,f,silene~nocturnagenuina,caryophyllaceaesilene~nocturnagenuina,300,wfo-1200117738,,variety,invalid,,,,Fl. France Corse 1(1): 206 (1847),https://www.ipni.org/n/77377902-1,IPNI record: 77377902-1
urn:lsid:ipni.org:names:77377903-1,"F.Wen, W.B.Xu & K.S.Nguyen",,,,,,272: 42,,23,,10,,14229,2020,,W.B.Xu,,,20/03/2026 09:54,23/03/2026 14:10,"Guizhou (China South-Central, China, Asia-Temperate)",,Gesneriaceae,Lysionotus purpureopunctatus,Lysionotus purpureopunctatus,Lysionotus,,f,f,,,,,,,,,,,"Libo County, Yaoshan Township,",,,,,,,,,,,,,,,,,,17109-1,PhytoKeys,urn:lsid:ipni.org:publications:20011997-1,2026,2026 [23 Mar 2026],[23 Mar 2026],"F.Wen, W.B.Xu & K.S.Nguyen",spec.,PhytoKeys 272: 42. 2026 [23 Mar 2026] ,,doi:10.3897/phytokeys.272.165184 [english] Etymology: 'The species epithet refers to the corolla with purple spots inside'.,,,11,purpureopunctatus,,,f,t,,holotype IBK;isotype IBK,,Herbarium type specimen prepared from a plant cultivated at Guilin Botanical Garden and introduced from the type locality.,,,F.Wen@20013722-1@1@aut$W.B.Xu@20013833-1@2@aut$K.S.Nguyen@20027207-1@3@aut,,,tax. nov.,,1.3,f,lysionotus~purpureopunctatus,gesneriaceaelysionotus~purpureopunctatus~,301,wfo-1000089148,,species,,,,,PhytoKeys 272: 42 (2026),https://www.ipni.org/n/77377903-1,IPNI record: 77377903-1
urn:lsid:ipni.org:names:77377904-1,"Lei Cai, W.B.Xu & Jie Huang bis",,,,,,272: 44,,2,,9,,2020136,2020,,L.Cai et al.,,,20/03/2026 09:56,23/03/2026 14:31,"Yunnan (China South-Central, China, Asia-Temperate)",E,Gesneriaceae,Lysionotus guiliangii,Lysionotus guiliangii,Lysionotus,,f,f,,,,,,,,22,56,57,"Pingbian Miao Autonomous County, Yuping Township, near Qigongli, 1798 m",103,41,12,,,,,,N,,,,,,,,,17109-1,PhytoKeys,urn:lsid:ipni.org:publications:20011997-1,2026,2026 [23 Mar 2026],[23 Mar 2026],"Lei Cai, W.B.Xu & Jie Huang bis",spec.,PhytoKeys 272: 44. 2026 [23 Mar 2026] ,,doi:10.3897/phytokeys.272.165184 [english] Etymology: 'The species epithet honors Mr. Gui-Liang Zhang'.,,,11,guiliangii,,,f,t,,holotype IBK;isotype IBK;isotype KUN,,,,,Jie Huang bis@20094318-1@3@aut$W.B.Xu@20013833-1@2@aut$Lei Cai@20030108-1@1@aut,,,tax. nov.,,1.2,f,lysionotus~guiliangii,gesneriaceaelysionotus~guiliangii~,302,wfo-1000089149,,species,,,,,PhytoKeys 272: 44 (2026),https://www.ipni.org/n/77377904-1,IPNI record: 77377904-1
urn:lsid:ipni.org:names:77377905-1,(Boiss.) Majorov,Asteraceae Artemisia fragrans Willd. var. phyllostachys Boiss.,(Boiss.),50972575-1,,,5,,,,,,,,,,,,20/03/2026 10:57,20/03/2026 10:57,,,Asteraceae,Artemisia phyllostachys,Artemisia phyllostachys,Artemisia,,f,f,,,,,,,,,,,,,,,,,,,,,,,,,,,,,30001021-2,"Index Seminum (TBI, Tiflisiensis)",urn:lsid:ipni.org:publications:6553-2,1929,1929,,Majorov,spec.,"Index Seminum (TBI, Tiflisiensis) 5. 1929 ",,Author as 'Majorow'.,,,11,phyllostachys,,,f,t,,,,,,,Majorov@6006-1@1@aut$Boiss.@16284-1@2@bas,,,comb. et stat. nov.,,1.1,f,artemisia~phyllostachys,asteraceaeartemisia~phyllostachys~,303,wfo-1000089150,,species,,,,,"Index Seminum (TBI, Tiflisiensis) 5 (1929)",https://www.ipni.org/n/77377905-1,IPNI record: 77377905-1
urn:lsid:ipni.org:names:77377906-1,F.S.Mey.,,,,,,748(1): 3,,24,,2,,1545,2013,,F.S.Meyer &amp; F.Schmitz,,,20/03/2026 11:28,20/03/2026 11:28,"Santa Catarina (Brazil South, Brazil, Southern America);Paraná (Brazil South, Brazil, Southern America);",W,Melastomataceae,Chaetogastra adpressa,Chaetogastra adpressa,Chaetogastra,,f,f,,,,,,,,26,19,20,"Santa Catarina, São Bento do Sul, APA do Rio Vermelho/Humboldt, arredores do Centro de Estudos e Pesquisas Ambientais Rugendas",49,18,36,,,,,,S,,,,,,,,,26250-1,Phytotaxa,urn:lsid:ipni.org:publications:20011462-1,2026,2026 [19 Mar 2026],[19 Mar 2026],F.S.Mey.,spec.,Phytotaxa 748(1): 3. 2026 [19 Mar 2026] ,,"doi:10.11646/phytotaxa.748.1.1 Etymology: the specific epithet is from the Latin adjective adpressus (pressed against), referring to the appressed strigose indumentum of the young branches.",,,11,adpressa,,,f,t,,holotype NY;isotype FLOR;isotype MBM;isotype UEC;isotype UPCB,,,,,F.S.Mey.@20016556-1@1@aut,,,tax. nov.,,1.1,f,chaetogastra~adpressa,melastomataceaechaetogastra~adpressa~,304,wfo-1000089151,,species,,,,,Phytotaxa 748(1): 3 (2026),https://www.ipni.org/n/77377906-1,IPNI record: 77377906-1
urn:lsid:ipni.org:names:77377907-1,F.S.Mey.,,,,,,748(1): 8,,27,,1,,2846,2025,,F.S.Meyer,,,20/03/2026 11:33,20/03/2026 11:33,"Santa Catarina (Brazil South, Brazil, Southern America);Paraná (Brazil South, Brazil, Southern America);",W,Melastomataceae,Chaetogastra foliosa,Chaetogastra foliosa,Chaetogastra,,f,f,,,,,,,,26,18,8,"Santa Catarina, São Bento do Sul, APA Municipal do Rio Vermelho/Humboldt, orla da ferrovia, Rumo Logística Malha Sul",49,19,7,,,,,,S,,,,,,,,,26250-1,Phytotaxa,urn:lsid:ipni.org:publications:20011462-1,2026,2026 [19 Mar 2026],[19 Mar 2026],F.S.Mey.,spec.,Phytotaxa 748(1): 8. 2026 [19 Mar 2026] ,,"doi:10.11646/phytotaxa.748.1.1 Etymology: the specific epithet is from the Latin adjective foliosus (leafy or abounding in leaves). The epithet refers to the broad, foliaceous bracts of this species.",,,11,foliosa,,,f,t,,holotype UPCB;isotype FLOR;isotype FURB;isotype MBM;isotype RB,,,,,F.S.Mey.@20016556-1@1@aut,,,tax. nov.,,1.1,f,chaetogastra~foliosa,melastomataceaechaetogastra~foliosa~,305,wfo-1000089152,,species,,,,,Phytotaxa 748(1): 8 (2026),https://www.ipni.org/n/77377907-1,IPNI record: 77377907-1
urn:lsid:ipni.org:names:77377908-1,F.S.Mey.,,,,,,748(1): 12,,6,,1,,2152,2016,,F.S.Meyer &amp; M.Reginato,,,20/03/2026 11:37,20/03/2026 11:37,"Santa Catarina (Brazil South, Brazil, Southern America);Rio Grande do Sul (Brazil South, Brazil, Southern America);",W,Melastomataceae,Chaetogastra macrosepala,Chaetogastra macrosepala,Chaetogastra,,f,f,,,,,,,,28,23,19,"Santa Catarina, Bom Jardim da Serra, Estrada de Bom Jardim da Serra para São José dos Ausentes",49,38,47,,,,,,S,,,,,,,,,26250-1,Phytotaxa,urn:lsid:ipni.org:publications:20011462-1,2026,2026 [19 Mar 2026],[19 Mar 2026],F.S.Mey.,spec.,Phytotaxa 748(1): 12. 2026 [19 Mar 2026] ,,"doi:10.11646/phytotaxa.748.1.1  Etymology: the specific epithet is from the Greek elements makros (large) and sepalon (sepal), referring to the conspicuously long sepals (5.5–6.5 mm long) that distinguish this species from its congeners.",,,11,macrosepala,,,f,t,,holotype UPCB;isotype FLOR;isotype ICN;isotype RB,,,,,F.S.Mey.@20016556-1@1@aut,,,tax. nov.,,1.1,f,chaetogastra~macrosepala,melastomataceaechaetogastra~macrosepala~,306,wfo-1000089153,,species,,,,,Phytotaxa 748(1): 12 (2026),https://www.ipni.org/n/77377908-1,IPNI record: 77377908-1
urn:lsid:ipni.org:names:77377909-1,Schübl.,,,,,,8,,,,,,,,,,,,20/03/2026 11:41,20/03/2026 11:41,,,Poaceae,Avena trisperma,Avena trisperma,Avena,,f,f,,,,,,,,,,,,,,,,,,,,,,,,,,,,,30013149-2,Descr. Pl. Nov. (Tubingae),urn:lsid:ipni.org:publications:20063362-1,1825,1825,,Schübl.,spec.,Descr. Pl. Nov. (Tubingae) 8. 1825 ,,,,,8,trisperma,,,f,t,,,,,,,Schübl.@12849-1@1@aut,,,tax. nov.,,1.1,f,avena~trisperma,poaceaeavena~trisperma~,307,wfo-0000852423,,species,,,,,Descr. Pl. Nov. (Tubingae) 8 (1825),https://www.ipni.org/n/77377909-1,IPNI record: 77377909-1
urn:lsid:ipni.org:names:77377910-1,F.S.Mey. & R.Goldenb.,,,,,,748(1): 16,,4,,1,,2135,2016,,F.S.Meyer &amp; M.Reginato,,,20/03/2026 11:41,20/03/2026 11:51,"Paraná (Brazil South, Brazil, Southern America);Rio Grande do Sul (Brazil South, Brazil, Southern America);Santa Catarina (Brazil South, Brazil, Southern America);",W,Melastomataceae,Chaetogastra nana,Chaetogastra nana,Chaetogastra,,f,f,,,,,,,,25,39,27,"Paraná, Contenda, BR-476, sentido Lapa, na lateral da Rodovia",49,29,3,,,,,,S,,,,,,,,,26250-1,Phytotaxa,urn:lsid:ipni.org:publications:20011462-1,2026,2026 [19 Mar 2026],[19 Mar 2026],F.S.Mey. & R.Goldenb.,spec.,Phytotaxa 748(1): 16. 2026 [19 Mar 2026] ,,"doi:10.11646/phytotaxa.748.1.1  Etymology: the specific epithet is from the Latin adjective nanus, meaning dwarf, in reference to the small hypanthium, petals, stamens, and style of the species.",,,11,nana,,,f,t,,holotype UPCB;isotype MBM;isotype RB,,,,,F.S.Mey.@20016556-1@1@aut$R.Goldenb.@38527-1@2@aut,,,tax. nov.,,1.3,f,chaetogastra~nana,melastomataceaechaetogastra~nana~,308,wfo-1000089154,,species,,,,,Phytotaxa 748(1): 16 (2026),https://www.ipni.org/n/77377910-1,IPNI record: 77377910-1
urn:lsid:ipni.org:names:77377911-1,F.S.Mey.,,,,,,748(1): 19,,5,,1,,2809,2025,,F.S.Meyer,,,20/03/2026 11:45,20/03/2026 11:51,"Santa Catarina (Brazil South, Brazil, Southern America);Paraná (Brazil South, Brazil, Southern America);",W,Melastomataceae,Chaetogastra odilioana,Chaetogastra odilioana,Chaetogastra,,f,f,,,,,,,,26,17,55,"Santa Catarina, São Bento do Sul, APA Municipal do Rio Vermelho/Humboldt, orla da ferrovia, Rumo Logística Malha Sul",49,19,17,,,,,,S,,,,,,,,,26250-1,Phytotaxa,urn:lsid:ipni.org:publications:20011462-1,2026,2026 [19 Mar 2026],[19 Mar 2026],F.S.Mey.,spec.,Phytotaxa 748(1): 19. 2026 [19 Mar 2026] ,,"doi:10.11646/phytotaxa.748.1.1  Etymology: the specific epithet honours Odílio Gomes Meyer (†), father of the first author, for his unwavering support and encouragement, both motivationally and financially, in his botanical career.",,,11,odilioana,,,f,t,,holotype UPCB;isotype FLOR;isotype FURB;isotype MBM;isotype RB,,,,,F.S.Mey.@20016556-1@1@aut,,,tax. nov.,,1.2,f,chaetogastra~odilioana,melastomataceaechaetogastra~odilioana~,309,wfo-1000089155,,species,,,,,Phytotaxa 748(1): 19 (2026),https://www.ipni.org/n/77377911-1,IPNI record: 77377911-1
urn:lsid:ipni.org:names:77377912-1,F.S.Mey. & R.Goldenb.,,,,,,748(1): 24,,5,,1,,2144,2016,,F.S.Meyer &amp; M.Reginato,,,20/03/2026 11:49,20/03/2026 11:49,"Santa Catarina (Brazil South, Brazil, Southern America)",W,Melastomataceae,Chaetogastra urubiciensis,Chaetogastra urubiciensis,Chaetogastra,,f,f,,,,,,,,28,2,52,"Urubici, SC-370, próxima da entrada da Serra do Corvo Branco, parte alta da serra",49,23,9,,,,,,S,,,,,,,,,26250-1,Phytotaxa,urn:lsid:ipni.org:publications:20011462-1,2026,2026 [19 Mar 2026],[19 Mar 2026],F.S.Mey. & R.Goldenb.,spec.,Phytotaxa 748(1): 24. 2026 [19 Mar 2026] ,,"doi:10.11646/phytotaxa.748.1.1  Etymology: the specific epithet refers to the municipality of Urubici, Santa Catarina, Brazil, where the species is most frequently recorded.",,,11,urubiciensis,,,f,t,,holotype UPCB;isotype FLOR;isotype FURB;isotype ICN;isotype RB,,,,,R.Goldenb.@38527-1@2@aut$F.S.Mey.@20016556-1@1@aut,,,tax. nov.,,1.1,f,chaetogastra~urubiciensis,melastomataceaechaetogastra~urubiciensis~,310,wfo-1000089156,,species,,,,,Phytotaxa 748(1): 24 (2026),https://www.ipni.org/n/77377912-1,IPNI record: 77377912-1
urn:lsid:ipni.org:names:77377913-1,F.C.P.Costa,,,,,,748(1): 35,,16,,9,,1236,2008,,Chagas-Mota,,,20/03/2026 11:59,20/03/2026 11:59,"Alagoas (Brazil Northeast, Brazil, Southern America);Pernambuco (Brazil Northeast, Brazil, Southern America);",,Sterculiaceae,Melochia cristobaliae,Melochia cristobaliae,Melochia,,f,f,,,,,,,,,,,"Alagoas. Marechal Deodoro, Barra Nova",,,,,,,,,,,,,,,,,,30013869-2,Phytotaxa,urn:lsid:ipni.org:publications:20011462-1,2026,2026 [19 Mar 2026],[19 Mar 2026],F.C.P.Costa,spec.,Phytotaxa 748(1): 35. 2026 [19 Mar 2026] ,,"doi:10.11646/phytotaxa.748.1.2   Etymology: the specific epithet honours Dr. Carmen Lelia Cristóbal, a renowned Argentinian botanist at the Northeast Botanical Institute, internationally recognized for her expertise in the former Sterculiaceae family and her significant contributions to the knowledge of South American flora..",,,11,cristobaliae,,,f,t,,holotype MAC MAC0034066,,,,,F.C.P.Costa@20097116-1@1@aut,,,tax. nov.,,1.1,f,melochia~cristobaliae,sterculiaceaemelochia~cristobaliae~,311,wfo-1000089157,,species,,,,,Phytotaxa 748(1): 35 (2026),https://www.ipni.org/n/77377913-1,IPNI record: 77377913-1
urn:lsid:ipni.org:names:77377914-1,"Amjad Khan, A.Sultan & H.Ali",,,,,,748(1): 56,,10,,8,,6996,2007,,Haidar Ali,,,20/03/2026 12:11,20/03/2026 12:11,"Pakistan (Indian Subcontinent, Asia-Tropical)",,Leguminosae,Astragalus schachdarinus subsp. chitralensis,Astragalus schachdarinus subsp. chitralensis,Astragalus,,f,f,,,,,chitralensis,,,,,,"Khyber Pakhtunkhwa, Chitral-Lutkhoo, Agram Gol, Ghari Arkari, 2723 m",,,,,,,,,,,,,,,,,,479687-1,Phytotaxa,urn:lsid:ipni.org:publications:20011462-1,2026,2026 [19 Mar 2026],[19 Mar 2026],"Amjad Khan, A.Sultan & H.Ali",subsp.,Phytotaxa 748(1): 56. 2026 [19 Mar 2026] ,,"doi:10.11646/phytotaxa.748.1.3  Etymology: the infraspecific epithet refers to the Chitral district, Khyber Pakhtunkhwa province of Pakistan.",,,11,schachdarinus,Lipsky,,f,t,,holotype KUH,,,,,H.Ali@20036404-1@3@aut$A.Sultan@20046601-1@2@aut$Amjad Khan@20067291-1@1@aut,Lipsky@12656-1@1@aut,,tax. nov.,,1.1,f,astragalus~schachdarinuschitralensis,leguminosaeastragalus~schachdarinuschitralensis,312,wfo-1200117739,,subspecies,,,,,Phytotaxa 748(1): 56 (2026),https://www.ipni.org/n/77377914-1,IPNI record: 77377914-1
urn:lsid:ipni.org:names:77377915-1,S.M.Costa,,,,,,748(1): 108,,21,,9,,793,2010,,S.M.Costa et al.,,,20/03/2026 12:21,20/03/2026 12:21,"Roraima (Brazil North, Brazil, Southern America);Amazonas (Brazil North, Brazil, Southern America);Pará (Brazil North, Brazil, Southern America);Venezuela (Northern South America, Southern America);",W,Cyperaceae,Lagenocarpus vicentei,Lagenocarpus vicentei,Lagenocarpus,,f,f,,,,,,,,1,16,46,"Roraima, Caracaraí, PARNA [National Park] do Viruá, 'Estrada Perdida', 192 m",60,59,20,,,,,,N,,,,,,,,,13848-1,Phytotaxa,urn:lsid:ipni.org:publications:20011462-1,2026,2026 [19 Mar 2026],[19 Mar 2026],S.M.Costa,spec.,Phytotaxa 748(1): 108. 2026 [19 Mar 2026] ,,"doi:10.11646/phytotaxa.748.1.8  Etymology: the specific epithet honours the first author's son, Vicente Lucas.",,,11,vicentei,,,f,t,,holotype INPA 235617;isotype UEC 154208;isotype UFRR 5081,,,,,S.M.Costa@20033086-1@1@aut,,,tax. nov.,,1.1,f,lagenocarpus~vicentei,cyperaceaelagenocarpus~vicentei~,313,wfo-1000089158,,species,,,,,Phytotaxa 748(1): 108 (2026),https://www.ipni.org/n/77377915-1,IPNI record: 77377915-1
urn:lsid:ipni.org:names:77377916-1,Goulart,,,,,,748(1): 116,,29,,12,,4613,2004,,A.M.Amorim et al.,,,20/03/2026 12:30,20/03/2026 12:30,"Bahia (Brazil Northeast, Brazil, Southern America);Espírito Santo (Brazil Southeast, Brazil, Southern America);Minas Gerais (Brazil Southeast, Brazil, Southern America);",W,Thymelaeaceae,Daphnopsis flavicarpa,Daphnopsis flavicarpa,Daphnopsis,,f,f,,,,,,,,17,8,17,"Bahia: Itanhém, Estrada Itanhém a Batinga, ca. 16 km, ramal à direita, dando acesso à Fazenda Pedra Grande, de Propriedade de Etevaldo Rezende da Silva",40,25,34,,,,,,S,,,,,,,,,30016940-2,Phytotaxa,urn:lsid:ipni.org:publications:20011462-1,2026,2026 [19 Mar 2026],[19 Mar 2026],Goulart,spec.,Phytotaxa 748(1): 116. 2026 [19 Mar 2026] ,,doi:10.11646/phytotaxa.748.1.9  Etymology: the specific epithet is from the Latin 'flavus' and the Greek 'karpos' and refers to the yellow drupes of the species.,,,11,flavicarpa,,,f,t,,holotype CEPEC;isotype MBM;isotype NY,,,,,Goulart@20097117-1@1@aut,,,tax. nov.,,1.1,f,daphnopsis~flavicarpa,thymelaeaceaedaphnopsis~flavicarpa~,314,wfo-1000089159,,species,,,,,Phytotaxa 748(1): 116 (2026),https://www.ipni.org/n/77377916-1,IPNI record: 77377916-1
urn:lsid:ipni.org:names:77377917-1,"Qing L.Wang, X.E.Ye & L.X.Yuan",,,,,,748(1): 122,,30,,7,,20250730001,2025,,Q.L.Wang,,,20/03/2026 12:39,20/03/2026 12:39,"Tibet (China, Asia-Temperate)",E,Zingiberaceae,Amomum arunachalense var. allioides,Amomum arunachalense var. allioides,Amomum,,f,f,,,,,allioides,,,29,14,38,"Xizang Autonomous Region: Nyingchi City, Medog County, Beibeng Township, 1183 m",95,14,52,,,,,,N,,,,,,,,,77217179-1,Phytotaxa,urn:lsid:ipni.org:publications:20011462-1,2026,2026 [19 Mar 2026],[19 Mar 2026],"Qing L.Wang, X.E.Ye & L.X.Yuan",var.,Phytotaxa 748(1): 122. 2026 [19 Mar 2026] ,,"doi:10.11646/phytotaxa.748.1.10  Etymology: the infraspecific epithet is derived from the genus of Allium L. (the garlic genus, Amaryllidaceae) and the Greek suffix '-oides' (meaning 'resembling'), specifically referring to the garlic cloveshaped fruit, because the fruit of this new variety is fleshy, pale yellow tinged with green when ripe, and closely resembles the fleshy clove of common garlic Allium sativum L.",,,11,arunachalense,Hareesh & M.Sabu,,f,t,,holotype ATCH,,,,,L.X.Yuan@20040764-1@3@aut$X.E.Ye@20030115-1@2@aut$Qing L.Wang@20025495-1@1@aut,M.Sabu@25958-1@2@aut$Hareesh@20027949-1@1@aut,,tax. nov.,,1.1,f,amomum~arunachalenseallioides,zingiberaceaeamomum~arunachalenseallioides,315,wfo-1200117740,,variety,,,,,Phytotaxa 748(1): 122 (2026),https://www.ipni.org/n/77377917-1,IPNI record: 77377917-1
urn:lsid:ipni.org:names:77377918-1,"Lavandero, Santilli & R.H.Acuña",,,,,,748(2): 171,,19,,1,,NL-1530,2022,,N.Lavandero &amp; J.M.Bruna,,,20/03/2026 13:52,20/03/2026 13:52,"Coquimbo (Chile Central, Southern South America, Southern America);San Juan (Argentina Northwest, Southern South America, Southern America);",W,Loasaceae,Grausa lutea,Grausa lutea,Grausa,,f,f,,,,,,,,31,19,23,"Coquimbo. Prov. Limarí, Comuna de Combarbalá, Cordillera alta de Combarbalá, laderas rocosas con exposición NE, al NW de Laguna Pancho Tapia, 3561 m",70,47,59,,,,,,S,,,,,,,,,77164735-1,Phytotaxa,urn:lsid:ipni.org:publications:20011462-1,2026,2026 [20 Mar 2026],[20 Mar 2026],"Lavandero, Santilli & R.H.Acuña",spec.,Phytotaxa 748(2): 171. 2026 [20 Mar 2026] ,,"doi:10.11646/phytotaxa.748.2.2  Etymology: the specific epithet is derived from Latin, meaning 'bright yellow' in reference to the distinctive colour of the flowers.",,,11,lutea,,,f,t,,unknown SGO 172411,,,,,Santilli@20046671-1@2@aut$Lavandero@20045599-1@1@aut$R.H.Acuña@20012477-2@3@aut,,,tax. nov.,,1.1,f,grausa~lutea,loasaceaegrausa~lutea~,316,wfo-1000089160,,species,,,,,Phytotaxa 748(2): 171 (2026),https://www.ipni.org/n/77377918-1,IPNI record: 77377918-1
urn:lsid:ipni.org:names:77377919-1,"Penneys, Almeda & Urrea",,,,,,748(2): 212,,15,,2,,10350,2011,,"Frank Almeda, Marcela Alvear, Darin Penneys, Gilberto Ocampo, Humberto Mendoza &amp; Diego Alvear",,,20/03/2026 14:01,20/03/2026 14:01,"Colombia (Western South America, Southern America)",W,Melastomataceae,Blakea alatibracteata,Blakea alatibracteata,Blakea,,f,f,,,,,,,,4,49,59,"Chocó: Municipio of San José del Palmar, Corregimiento La Italia, Vereda San Antonio. Alto de Galápagos. Serranía de Los Paraguas. Cloud forest, 1570–1840 m",76,12,25,,,,,,N,,,,,,,,,30008867-2,Phytotaxa,urn:lsid:ipni.org:publications:20011462-1,2026,2026 [20 Mar 2026],[20 Mar 2026],"Penneys, Almeda & Urrea",spec.,Phytotaxa 748(2): 212. 2026 [20 Mar 2026] ,,"doi:10.11646/phytotaxa.748.2.5  Etymology: the specific epithet is derived from 'alata' meaning 'winged', plus 'bracteata' meaning 'bracted' in reference to the winged and long-decurrent outer floral bracts.",,,11,alatibracteata,,,f,t,,holotype COL;isotype CAS 1120633,,,,,Penneys@20002510-2@1@aut$Urrea@20066277-1@3@aut$Almeda@160-1@2@aut,,,tax. nov.,,1.1,f,blakea~alatibracteata,melastomataceaeblakea~alatibracteata~,317,wfo-1000089161,,species,,,,,Phytotaxa 748(2): 212 (2026),https://www.ipni.org/n/77377919-1,IPNI record: 77377919-1
urn:lsid:ipni.org:names:77377920-1,Cochrane,,,,,,[early view]: [2 of 12],,5,,1,,2978,1987,,"F.A.Silverstone-Sopkin, N.Paz, R.T.González, I.Cabrera, D.Garcés &amp; A.Henao",,,20/03/2026 15:29,24/03/2026 12:17,"Colombia (Western South America, Southern America)",W,Capparaceae,Podandrogyne filipes,Podandrogyne filipes,Podandrogyne,,f,f,,,,,,,,4,49,37,"Valle [del Cauca, Mun. El Cairo], frontera Valle-Chocó, Serranía de los Paraguas, Cerro del Inglés, carretera El Cairo-Río Blanco, a 1 hora en jeep de El Cairo, 2260 m",76,10,46,,,,,,N,,,,,,,,,290880-2,Brittonia,urn:lsid:ipni.org:publications:561-2,2026,2026 [19 Mar 2026],[19 Mar 2026],Cochrane,spec.,Brittonia [early view]: [2 of 12]. 2026 [19 Mar 2026] ,,"doi:10.1007/s12228-026-09875-0 Etymology: 'The specific epithet derives from the Latin fil(i), a thread, referring to the long, slender pedicels'.",,,11,filipes,,,f,t,,holotype WIS v0422019;isotype GB;isotype CUVC 14854-14857;isotype MO MO1607027;isotype WIS v0422020,,,,,Cochrane@1710-1@1@aut,,,tax. nov.,,1.2,f,podandrogyne~filipes,capparaceaepodandrogyne~filipes~,318,wfo-1000089162,,species,,,,,Brittonia [early view]: [2 of 12] (2026),https://www.ipni.org/n/77377920-1,IPNI record: 77377920-1
urn:lsid:ipni.org:names:77377921-1,C.K.Schneid.,,,,,,"sér. 2, 5: 457",,,,,,,,,,,,20/03/2026 15:38,20/03/2026 15:38,,,Berberidaceae,Berberis asiatica var. clarkeana,Berberis asiatica var. clarkeana,Berberis,,f,f,,,,,clarkeana,,,,,,,,,,,,,,,,,,,,,,,,106433-1,Bull. Herb. Boissier,urn:lsid:ipni.org:publications:573-2,1905,1905,,C.K.Schneid.,var.,"Bull. Herb. Boissier sér. 2, 5: 457. 1905 ",,,,,8,asiatica,Roxb. ex DC.,,f,t,,,,,,,C.K.Schneid.@9189-1@1@aut,DC.@16855-1@2@autEx$Roxb.@8682-1@1@aut,,tax. nov.,,1.1,f,berberis~asiaticaclarkeana,berberidaceaeberberis~asiaticaclarkeana,319,wfo-0000562805,,variety,,,,,"Bull. Herb. Boissier sér. 2, 5: 457 (1905)",https://www.ipni.org/n/77377921-1,IPNI record: 77377921-1
urn:lsid:ipni.org:names:77377922-1,Anjana & Ramas.,,,,,,18(4): 956,,25,,8,,484,2019,,R.Ramasubbu &amp; Anjana S.,,,20/03/2026 16:00,23/03/2026 11:06,"Tamil Nadu (India, Indian Subcontinent, Asia-Tropical)",E,Myrtaceae,Syzygium tirunelvelianum,Syzygium tirunelvelianum,Syzygium,,f,f,,,,,,,,8,31,59,"Tirunelveli District, Upper Kodayar, Kalakkad Mundanthurai Tiger Reserve, 1302 m",77,20,35,,,,,,N,,,,,,,,,327906-2,J. Asia-Pacific Biodivers.,urn:lsid:ipni.org:publications:20022371-1,2025,2025 [23 Sep 2025],[23 Sep 2025],Anjana & Ramas.,spec.,J. Asia-Pacific Biodivers. 18(4): 956. 2025 [23 Sep 2025] ,,"doi:10.1016/j.japb.2025.08.002 [english] Etymology: 'The specific epithet is named after its type locality, Tirunelveli district of Tamil Nadu, India'.",,,11,tirunelvelianum,,,f,t,,holotype MH;isotype GUD,,,,,Anjana@20046444-1@1@aut$Ramas.@20027955-1@2@aut,,,tax. nov.,,1.3,f,syzygium~tirunelvelianum,myrtaceaesyzygium~tirunelvelianum~,320,wfo-1000089163,,species,,,,,J. Asia-Pacific Biodivers. 18(4): 956 (2025),https://www.ipni.org/n/77377922-1,IPNI record: 77377922-1
urn:lsid:ipni.org:names:77377923-1,"Deepthikum., A.K.Sreekala, Usha & Ramas.",,,,,,13(1): 68,,26,,9,,82261,2015,,Deepthikumary,,,20/03/2026 16:11,23/03/2026 13:03,"Kerala (India, Indian Subcontinent, Asia-Tropical)",E,Melastomataceae,Sonerila periyarensis,Sonerila periyarensis,Sonerila,,f,f,,,,,,,,9,26,42,"Pathanamthitta Dist; Gavi, Periyar Tiger Reserve, 1190 m",77,9,28,,,,,,N,,,,,,,,,331970-2,Asian J. Biol. Life Sci.,urn:lsid:ipni.org:publications:20063465-1,2024,2024 [10 Apr 2024],[10 Apr 2024],"Deepthikum., A.K.Sreekala, Usha & Ramas.",spec.,Asian J. Biol. Life Sci. 13(1): 68. 2024 [10 Apr 2024] ,,doi:10.5530/ajbls.2023.13.9 [english] Etymology: Named for the type locality - Periyar Tiger reserve.,,,11,periyarensis,,,f,t,,holotype TBGT 82261;isotype TBGT 82261,,,,,Deepthikum.@20016240-2@1@aut$Ramas.@20027955-1@4@aut$Usha@20097222-1@3@aut$A.K.Sreekala@20041219-1@2@aut,,,tax. nov.,,1.3,f,sonerila~periyarensis,melastomataceaesonerila~periyarensis~,321,wfo-1000089164,,species,,,,,Asian J. Biol. Life Sci. 13(1): 68 (2024),https://www.ipni.org/n/77377923-1,IPNI record: 77377923-1
urn:lsid:ipni.org:names:77377924-1,Cham. & Schltdl.,,,,,,4: 193,,,,,,,,,,,,20/03/2026 16:31,20/03/2026 16:31,,,Rubiaceae,Axanthes philippensis,Axanthes philippensis,Axanthes,,f,f,,,,,,,,,,,,,,,,,,,,,,,,,,,,,34191-1,Linnaea,urn:lsid:ipni.org:publications:703-2,1829,1829,,Cham. & Schltdl.,spec.,Linnaea 4: 193. 1829 ,,,,,8,philippensis,,,f,t,,,,,,,Schltdl.@9114-1@2@aut$Cham.@1504-1@1@aut,,,tax. nov.,,1.1,f,axanthes~philippensis,rubiaceaeaxanthes~philippensis~,322,wfo-1000088538,,species,,,,,Linnaea 4: 193 (1829),https://www.ipni.org/n/77377924-1,IPNI record: 77377924-1
urn:lsid:ipni.org:names:77377925-1,(Freyn) Bornm.,Caryophyllaceae Silene heterophylla Freyn,(Freyn),157490-1,,,32(3): 364,,,,,,,,,,,,20/03/2026 23:56,23/03/2026 15:14,,,Caryophyllaceae,Silene commelinifolia var. heterophylla,Silene commelinifolia var. heterophylla,Silene,,f,f,,,,,heterophylla,,,,,,,,,,,,,,,,,,,,,,,null:,157113-1,"Beih. Bot. Centralbl., Abt. 2.",urn:lsid:ipni.org:publications:20012157-2,1914,1914,,Bornm.,var.,"Beih. Bot. Centralbl., Abt. 2. 32(3): 364. 1914 ",,,,,11,commelinifolia,Boiss.,,f,t,,,,,,,Bornm.@16356-1@1@aut$Freyn@2901-1@2@bas,Boiss.@0-0@1@aut,,comb. et stat. nov.,,1.3,f,silene~commelinifoliaheterophylla,caryophyllaceaesilene~commelinifoliaheterophylla,323,wfo-1200117741,,variety,,,,,"Beih. Bot. Centralbl., Abt. 2. 32(3): 364 (1914)",https://www.ipni.org/n/77377925-1,IPNI record: 77377925-1
urn:lsid:ipni.org:names:77377926-1,Hub.-Mor. & Reese,,,,,,52(1): 44,,,,,,,,,,,,21/03/2026 02:28,23/03/2026 15:26,,,Caryophyllaceae,Silene commelinifolia var. ruscifolia,Silene commelinifolia var. ruscifolia,Silene,,f,f,,,,,ruscifolia,,,,,,,,,,,,,,,,,,,,,,,,157113-1,Feddes Repert. Spec. Nov. Regni Veg.,urn:lsid:ipni.org:publications:915-2,1943,1943,,Hub.-Mor. & Reese,var.,Feddes Repert. Spec. Nov. Regni Veg. 52(1): 44. 1943 ,,,,,8,commelinifolia,Boiss.,,f,t,,,,,,,Reese@8232-1@2@aut$Hub.-Mor.@4197-1@1@aut,Boiss.@0-0@1@aut,,tax. nov.,,1.3,f,silene~commelinifoliaruscifolia,caryophyllaceaesilene~commelinifoliaruscifolia,324,wfo-1200117742,,variety,,,,,Feddes Repert. Spec. Nov. Regni Veg. 52(1): 44 (1943),https://www.ipni.org/n/77377926-1,IPNI record: 77377926-1
urn:lsid:ipni.org:names:77377928-1,Benth.,,,,,,101,,,,,,,,,,,,21/03/2026 19:36,23/03/2026 10:53,,,Lamiaceae,Hyptis subsect. Latibracteatae,Hyptis subsect. Latibracteatae,Hyptis,,f,f,,,,latibracteatae,,,,,,,,,,,,,,,,,,,,,,,,,328176-2,Labiat. Gen. Spec.,urn:lsid:ipni.org:publications:4750-2,1833,1833,,Benth.,subsect.,Labiat. Gen. Spec. 101. 1833 ,,,,,8,,,,f,t,,,Hyptis lantanifolia Poit. (1806),,,,Benth.@15956-1@1@aut,,,tax. nov.,,1.3,f,hyptislatibracteatae,lamiaceaehyptislatibracteatae~~,325,wfo-1000089165,,subsection,,,,,Labiat. Gen. Spec. 101 (1833),https://www.ipni.org/n/77377928-1,IPNI record: 77377928-1
urn:lsid:ipni.org:names:77377931-1,(Parl.) Marsilly,Iridaceae Romulea requienii Parl.,(Parl.),440825-1,,,144,,,,,,,,,,,,22/03/2026 08:27,23/03/2026 15:39,,,Iridaceae,Trichonema requienii,Trichonema requienii,Trichonema,,f,f,,,,,,,,,,,,,,,,,,,,,,,,,,,,null:,20520-1,Cat. Pl. Vasc. Corse,urn:lsid:ipni.org:publications:20063468-1,1872,1872,,Marsilly,spec.,Cat. Pl. Vasc. Corse 144. 1872 ,,,,,11,requienii,,,f,t,,,,,,,Parl.@7355-1@2@bas$Marsilly@6142-1@1@aut,,,comb. nov.,,1.3,f,trichonema~requienii,iridaceaetrichonema~requienii~,326,wfo-1000089166,,species,,,,,Cat. Pl. Vasc. Corse 144 (1872),https://www.ipni.org/n/77377931-1,IPNI record: 77377931-1
urn:lsid:ipni.org:names:77377932-1,Riina & Suntaxi,,,,,,312(2)-13: 9,,28,,6,,3133,2025,,"R.Riina, C.Quintana, M.Suntaxi &amp; P.Alvia",,,22/03/2026 20:01,23/03/2026 18:01,"Colombia (Western South America, Southern America);Ecuador (Western South America, Southern America);",W,Euphorbiaceae,Croton awaensis,Croton awaensis,Croton,,f,f,,,,,,,,1,1,57,"Ecuador: Esmeraldas, km después de Durango, en dirección Lita, 350 m",78,36,60,,,,,,N,,,,,,,,,327708-2,Pl. Syst. Evol.,urn:lsid:ipni.org:publications:2733-2,2026,2026 (8 Mar 2026),8 Mar 2026],Riina & Suntaxi,spec.,Pl. Syst. Evol. 312(2)-13: 9. 2026 8 Mar 2026] ,,"doi:10.1007/s00606-026-01984-3 [english] Etymology: 'The specific epithet is given in honor of the Awá indigenous people, who primarily inhabit the area of northern Ecuador and southern Colombia'.",,,11,awaensis,,,f,t,,holotype QCA;isotype HUPTL;isotype MA;isotype MO;isotype QCNE,,,,,Suntaxi@20097269-1@2@aut$Riina@40192-1@1@aut,,,tax. nov.,,1.3,f,croton~awaensis,euphorbiaceaecroton~awaensis~,327,wfo-1000089167,,species,,,,,Pl. Syst. Evol. 312(2)-13: 9 (2026),https://www.ipni.org/n/77377932-1,IPNI record: 77377932-1
urn:lsid:ipni.org:names:77377933-1,"N.K.T.Tram, Vuong, Aver. & V.C.Nguyen",,,,,,[early view]: e05025 [3 of 7],,15,,2,,AL 2456,2023,,Nguyen Van Canh,,,22/03/2026 21:31,24/03/2026 10:26,"Vietnam (Indo-China, Asia-Tropical)",,Euphorbiaceae,Breynia phuongiana,Breynia phuongiana,Breynia,,f,f,,,,,,,,,,,"Dak Lak (Đắk Lắk) Province, Ea H'leo District, c. 700 m",,,,,,,,,,,,,,,,,,327612-2,Nordic J. Bot.,urn:lsid:ipni.org:publications:2633-2,2026,2026 [21 Mar 2026],[21 Mar 2026],"N.K.T.Tram, Vuong, Aver. & V.C.Nguyen",spec.,Nordic J. Bot. [early view]: e05025 [3 of 7]. 2026 [21 Mar 2026] ,,"doi:10.1002/njb.05025 [english] Etymology: 'The species name honours Ms. Ha Thi Phuong (Hà Thị Phương), who first discovered the species'.",,,11,phuongiana,,,f,t,,holotype LE LE01253939,,,,,Vuong@20023999-1@2@aut$Aver.@14590-1@3@aut$V.C.Nguyen@20033599-1@4@aut$N.K.T.Tram@20097270-1@1@aut,,,tax. nov.,,1.2,f,breynia~phuongiana,euphorbiaceaebreynia~phuongiana~,328,wfo-1000089168,,species,,,,,Nordic J. Bot. [early view]: e05025 [3 of 7] (2026),https://www.ipni.org/n/77377933-1,IPNI record: 77377933-1
urn:lsid:ipni.org:names:77378035-1,Colenso,,,,,,16: 348,,,,,,,,,,,,23/03/2026 04:59,24/03/2026 11:01,,,Lycopodiaceae,Lycopodium consimile,Lycopodium consimile,Lycopodium,,f,f,,,,,,,,,,,,,,,,,,,,,,,,,,,,,30000138-2,Trans. & Proc. New Zealand Inst.,urn:lsid:ipni.org:publications:817-2,1884,1884 [1883 publ. May 1884],[1883 publ. May 1884],Colenso,spec.,"Trans. & Proc. New Zealand Inst. 16: 348. 1884 [1883 publ. May 1884] , as 'consimilis'",", as 'consimilis'",,,,8,consimile,,,f,t,,,,,,,Colenso@1736-1@1@aut,,,tax. nov.,,1.2,f,lycopodium~consimile,lycopodiaceaelycopodium~consimile~,329,wfo-1000068988,,species,,,,,Trans. & Proc. New Zealand Inst. 16: 348 (1884),https://www.ipni.org/n/77378035-1,IPNI record: 77378035-1
urn:lsid:ipni.org:names:77378036-1,(P.Beauv.) Sw.,Lycopodiaceae Lepidotis repens P.Beauv.,(P.Beauv.),60474740-2,,,180,,,,,,,,,,,,23/03/2026 05:11,23/03/2026 14:00,,,Lycopodiaceae,Lycopodium repens,Lycopodium repens,Lycopodium,,f,f,,,,,,,,,,,,,,,nom. illeg. nom. superfl.,,nom. illeg.,,,,,,,,,,,null:,30000138-2,Syn. Fil. (Kiliae),urn:lsid:ipni.org:publications:7153-2,1806,1806,,Sw.,spec.,Syn. Fil. (Kiliae) 180. 1806 ,,Includes the type of Lycopodium affine Bory.,,,12,repens,,77203921-1,f,t,,,,,,,P.Beauv.@7271-1@2@bas$Sw.@27408-1@1@aut,,,comb. nov.,,1.3,f,lycopodium~repens,lycopodiaceaelycopodium~repens~,330,wfo-1200117796,,species,superflu,,,,Syn. Fil. (Kiliae) 180 (1806),https://www.ipni.org/n/77378036-1,IPNI record: 77378036-1
urn:lsid:ipni.org:names:77378037-1,K.W.Jiang & Z.Q.Song,,,,,,26-500: 9,,,,,,,,,,,,23/03/2026 06:53,23/03/2026 14:40,,,Fabaceae,Petrodesmum,Petrodesmum,Petrodesmum,,f,f,,,,,,,,,,,,,,,,,,,,,,,,,,,,,30000147-2,BMC Pl. Biol.,urn:lsid:ipni.org:publications:20048410-1,2026,2026 [12 Mar 2026],[12 Mar 2026],K.W.Jiang & Z.Q.Song,gen.,BMC Pl. Biol. 26-500: 9. 2026 [12 Mar 2026] ,,"doi:10.1186/s12870-026-08552-4 [english] Etymology: 'The generic name derives from petros- (Gk: rock) and desmos (Gk: chain, referring to an abbreviated form of Desmodium).'.",,,9,,,,f,t,77378052-1,,Petrodesmum vidalii (H.Ohashi) K.W.Jiang & Z.Q.Song (basionym: Desmodium vidalii H.Ohashi).,,,,K.W.Jiang@20044343-1@1@aut$Z.Q.Song@20027710-1@2@aut,,,tax. nov.,,1.4,f,petrodesmum,fabaceaepetrodesmum~~~,331,wfo-4100006481,,genus,,,,,BMC Pl. Biol. 26-500: 9 (2026),https://www.ipni.org/n/77378037-1,IPNI record: 77378037-1
urn:lsid:ipni.org:names:77378038-1,Y.F.Deng,,,,,,48(3): 33,,,,,,,,,,,,23/03/2026 06:59,24/03/2026 15:45,,,Styracaceae,Chengiostyrax,Chengiostyrax,Chengiostyrax,,f,f,,,,,,,,,,,,,,,,,,,,,,,,,,,,,30000059-2,"J. Nanjing Forest Univ., Nat. Sci. Ed.",urn:lsid:ipni.org:publications:20007293-1,2024,2024 [May 2024],[May 2024],Y.F.Deng,gen.,"J. Nanjing Forest Univ., Nat. Sci. Ed. 48(3): 33. 2024 [May 2024] ",,"doi:10.12302/j.issn.1000-2006.202405011 [english] Etymology: 'his year marks the 120th anniversary of the birth of the renowned tree taxonomist Zheng Wanjun (June 24, 1904 – July 25, 1983). This title is dedicated to commemorating his outstanding contributions to the study of tree taxonomy'.",,,9,,,,f,t,77378053-1,,Chengiostyrax hispidus,,,,Y.F.Deng@39880-1@1@aut,,,tax. nov.,,1.4,f,chengiostyrax,styracaceaechengiostyrax~~~,332,wfo-4100006482,,genus,,,,,"J. Nanjing Forest Univ., Nat. Sci. Ed. 48(3): 33 (2024)",https://www.ipni.org/n/77378038-1,IPNI record: 77378038-1
urn:lsid:ipni.org:names:77378039-1,Hu,,,,,,1: 503,,,,,,,,,,,,23/03/2026 07:02,25/03/2026 12:01,,,Styracaceae,trib. Alniphylleae,trib. Alniphylleae,,,f,f,,,alniphylleae,,,,,,,,,,,,,,,,,,,,,,,,,,30000059-2,H.H.Hu Complete Works,urn:lsid:ipni.org:publications:20063470-1,2023,2023,,Hu,trib.,"H.H.Hu Complete Works 1: 503. 2023 , as 'Alniphyllaea'",", as 'Alniphyllaea'",Latin descr.,,,8,,,,f,t,,,Alniphyllum Matsum. (1901).,,,,Hu@4185-1@1@aut,,,tax. nov.,,1.3,f,styracaceaealniphylleae,styracaceae~~~~,333,wfo-1200117797,,tribe,,,,,H.H.Hu Complete Works 1: 503 (2023),https://www.ipni.org/n/77378039-1,IPNI record: 77378039-1
urn:lsid:ipni.org:names:77378040-1,A.Doucette & H.Medina,,,,,,2(1): 5,,,,,,,,,,,,23/03/2026 10:32,23/03/2026 10:32,"Ecuador (Western South America, Southern America)",W,Orchidaceae,Acianthera portillae,Acianthera portillae,Acianthera,,f,f,,,,,,,,,43,58,"Esmeraldas: cantón Eloy Alfaro, parroquia Colón Eloy del María, near the river Onzole, ca. 160 m",79,4,29,,,,,,S,,,,,,,,,30366692-2,Andreettana,urn:lsid:ipni.org:publications:20056319-1,2026,2026 [15 Jan 2026],[15 Jan 2026],A.Doucette & H.Medina,spec.,Andreettana 2(1): 5. 2026 [15 Jan 2026] ,,Etymology: the specific epithet is named in honour for José Portilla.,,,10,portillae,,,f,t,,holotype HA,,"Species flowered in cultivation at Ecuagenera, 2024.",,,H.Medina@20015276-1@2@aut$A.Doucette@20016748-1@1@aut,,,tax. nov.,,1.1,f,acianthera~portillae,orchidaceaeacianthera~portillae~,334,wfo-1000089169,,species,,,,,Andreettana 2(1): 5 (2026),https://www.ipni.org/n/77378040-1,IPNI record: 77378040-1
urn:lsid:ipni.org:names:77378041-1,"A.Doucette, H.Medina & J.Portilla",,,,,,2(1): 9,,,,,,EG-0432,,,Ecuagenera,,,23/03/2026 10:41,23/03/2026 10:41,"Ecuador (Western South America, Southern America)",W,Orchidaceae,Lepanthes iris,Lepanthes iris,Lepanthes,,f,f,,,,,,,,3,54,17,"Zamora Chinchipe: cantón El Pangui, parroquia el Zarza, Cordillera del Condor, ca. 1700 m",78,31,6,,,,,,S,,,,,,,,,30000786-2,Andreettana,urn:lsid:ipni.org:publications:20056319-1,2026,2026 [15 Jan 2026],[15 Jan 2026],"A.Doucette, H.Medina & J.Portilla",spec.,Andreettana 2(1): 9. 2026 [15 Jan 2026] ,,"Etymology: the specific epithet is named for the Greek deity Iris, goddess of rainbows and divine messenger of the Olympian gods. The specific epithet also alludes to the mulitcoloured floral parts.",,,11,iris,,,f,t,,holotype HA,,"Flowered in cultivation at Ecuagenera, 2024",,,A.Doucette@20016748-1@1@aut$H.Medina@20015276-1@2@aut$J.Portilla@36972-1@3@aut,,,tax. nov.,,1.1,f,lepanthes~iris,orchidaceaelepanthes~iris~,335,wfo-1000089170,,species,,,,,Andreettana 2(1): 9 (2026),https://www.ipni.org/n/77378041-1,IPNI record: 77378041-1
urn:lsid:ipni.org:names:77378042-1,"A.Doucette, H.Medina & J.Portilla",,,,,,2(1): 13,,,,,,EG-0713,,,Ecuagenera,,,23/03/2026 10:57,23/03/2026 10:57,"Ecuador (Western South America, Southern America)",W,Orchidaceae,Pleurothallis dasylabia,Pleurothallis dasylabia,Pleurothallis,,f,f,,,,,,,,1,26,14,"Tungurahua: Baños de Agua Santa Canton, along the road that leads from the town of Río Negro via Las Estancias, 1600 m",78,14,2,,,,,,S,,,,,,,,,325966-2,Andreettana,urn:lsid:ipni.org:publications:20056319-1,2026,2026 [15 Jan 2026],[15 Jan 2026],"A.Doucette, H.Medina & J.Portilla",spec.,Andreettana 2(1): 13. 2026 [15 Jan 2026] ,,"Etymology: the specific epithet is derived from the Greek words 'dasys', meaning hairy, and 'labion', a diminutive of lip. It refers to the pubescent lip of the flower.",,,11,dasylabia,,,f,t,,holotype HA,,Cultivated in the Ecuagenera collection.,,,A.Doucette@20016748-1@1@aut$H.Medina@20015276-1@2@aut$J.Portilla@36972-1@3@aut,,,tax. nov.,,1.1,f,pleurothallis~dasylabia,orchidaceaepleurothallis~dasylabia~,336,wfo-1000089171,,species,,,,,Andreettana 2(1): 13 (2026),https://www.ipni.org/n/77378042-1,IPNI record: 77378042-1
urn:lsid:ipni.org:names:77378043-1,"A.Doucette, H.Medina & J.Portilla",,,,,,2(1): 17,,,,,,EG-0602,,,Ecuagenera,,,23/03/2026 11:07,23/03/2026 11:07,"Ecuador (Western South America, Southern America)",W,Orchidaceae,Platystele ingridiana,Platystele ingridiana,Platystele,,f,f,,,,,,,,,53,50,"Esmeraldas: cantón San Lorenzo, parroquia Alto Tambo, along the river Chuchuvi, ca. 550 m",78,30,53,,,,,,S,,,,,,,,,289436-2,Andreettana,urn:lsid:ipni.org:publications:20056319-1,2026,2026 [15 Jan 2026],[15 Jan 2026],"A.Doucette, H.Medina & J.Portilla",spec.,Andreettana 2(1): 17. 2026 [15 Jan 2026] ,,Etymology: the specific epithet honours Ingrid Portilla.,,,11,ingridiana,,,f,t,,holotype HA,,Flowered in cultivation at Ecuagenera.,,,A.Doucette@20016748-1@1@aut$J.Portilla@36972-1@3@aut$H.Medina@20015276-1@2@aut,,,tax. nov.,,1.1,f,platystele~ingridiana,orchidaceaeplatystele~ingridiana~,337,wfo-1000089172,,species,,,,,Andreettana 2(1): 17 (2026),https://www.ipni.org/n/77378043-1,IPNI record: 77378043-1
urn:lsid:ipni.org:names:77378044-1,"A.Doucette, H.Medina & J.Portilla",,,,,,2(1): 21,,,,,,EG-0612,,,Ecuagenera,,,23/03/2026 11:16,23/03/2026 11:16,"Ecuador (Western South America, Southern America)",W,Orchidaceae,Platystele latipetala,Platystele latipetala,Platystele,,f,f,,,,,,,,,43,58,"Esmeraldas: cantón Eloy Alfaro, parroquia Colón Eloy del María, near the river Onzole, ca. 160 m",79,4,29,,,,,,S,,,,,,,,,289436-2,Andreettana,urn:lsid:ipni.org:publications:20056319-1,2026,2026 [15 Jan 2026],[15 Jan 2026],"A.Doucette, H.Medina & J.Portilla",spec.,Andreettana 2(1): 21. 2026 [15 Jan 2026] ,,"Etymology: the specific epithet is derived from the Latin 'latus' meaning broad and 'petalum' meaning petal, referring to the petals that are unusually broad for the genus.",,,11,latipetala,,,f,t,,holotype HA,,"Flowered in cultivation in at Ecuagenera, 2024.",,,J.Portilla@36972-1@3@aut$H.Medina@20015276-1@2@aut$A.Doucette@20016748-1@1@aut,,,tax. nov.,,1.1,f,platystele~latipetala,orchidaceaeplatystele~latipetala~,338,wfo-1000089173,,species,,,,,Andreettana 2(1): 21 (2026),https://www.ipni.org/n/77378044-1,IPNI record: 77378044-1
urn:lsid:ipni.org:names:77378045-1,"H.Medina, J.Portilla & I.Portilla ex A.Doucette",,,,,,2(1): 25,,,,,,EG-0304,,,Ecuagenera,,,23/03/2026 11:22,23/03/2026 11:22,"Ecuador (Western South America, Southern America)",,Orchidaceae,Platystele cuencana,Platystele cuencana,Platystele,,f,f,,,,,,,,,,,"Azuay, Cuenca canton, El Chulco sector, Machangara River basin, 3200 m",,,,,,,,,,,,,,,,,,289436-2,Andreettana,urn:lsid:ipni.org:publications:20056319-1,2026,2026 [15 Jan 2026],[15 Jan 2026],"H.Medina, J.Portilla & I.Portilla ex A.Doucette",spec.,Andreettana 2(1): 25. 2026 [15 Jan 2026] ,,,,,11,cuencana,,,f,t,,holotype HA,,,,,A.Doucette@20016748-1@4@autEx$J.Portilla@36972-1@2@aut$H.Medina@20015276-1@1@aut$I.Portilla@20013203-1@3@aut,,,tax. nov.,77371620-1,1.1,f,platystele~cuencana,orchidaceaeplatystele~cuencana~,339,wfo-1200117798,,species,,,,,Andreettana 2(1): 25 (2026),https://www.ipni.org/n/77378045-1,IPNI record: 77378045-1
urn:lsid:ipni.org:names:77378046-1,Zhuk.,,,,,,6(Genet.): 10,,,,,,,,,,,,23/03/2026 11:24,23/03/2026 11:24,,,Poaceae,× Haynatricum,× Haynatricum,Haynatricum,,t,t,"30034910-2,18167-1",(Triticum L. × Haynaldia Schur),,,,,,,,,,,,,nom. inval.    Contrary to Art. H.6.2. ICN (2025). Incorrect condensed formula.,,nom. inval.,,,,,,,,,,,,30000032-2,Trudy Moskovsk. Sel'skokhoz. Akad.,urn:lsid:ipni.org:publications:20063464-1,1944,1944,,Zhuk.,gen.,Trudy Moskovsk. Sel'skokhoz. Akad. 6(Genet.): 10. 1944 ,,,,,9,,,,f,t,,,,,,,Zhuk.@12025-1@1@aut,,,tax. nov.,,1.1,f,haynatricum,poaceaehaynatricum~~~,340,wfo-4100006483,,genus,invalid,,,,Trudy Moskovsk. Sel'skokhoz. Akad. 6(Genet.): 10 (1944),https://www.ipni.org/n/77378046-1,IPNI record: 77378046-1
urn:lsid:ipni.org:names:77378047-1,"H.Medina, J.Portilla & I.Portilla ex A.Doucette",,,,,,2(1): 25,,,,,,EG-0414,,,Ecuagenera,,,23/03/2026 11:26,23/03/2026 11:26,"Ecuador (Western South America, Southern America)",,Orchidaceae,Platystele smaragdina,Platystele smaragdina,Platystele,,f,f,,,,,,,,,,,"Zamora-Chinchipe, Nangaritza canton, Zumi parish. Near Jua bridge, ca. 1000 m",,,,,,,,,,,,,,,,,,289436-2,Andreettana,urn:lsid:ipni.org:publications:20056319-1,2026,2026 [15 Jan 2026],[15 Jan 2026],"H.Medina, J.Portilla & I.Portilla ex A.Doucette",spec.,Andreettana 2(1): 25. 2026 [15 Jan 2026] ,,,,,11,smaragdina,,,f,t,,holotype HA,,,,,I.Portilla@20013203-1@3@aut$J.Portilla@36972-1@2@aut$A.Doucette@20016748-1@4@autEx$H.Medina@20015276-1@1@aut,,,tax. nov.,77371622-1,1.1,f,platystele~smaragdina,orchidaceaeplatystele~smaragdina~,341,wfo-1200117799,,species,,,,,Andreettana 2(1): 25 (2026),https://www.ipni.org/n/77378047-1,IPNI record: 77378047-1
urn:lsid:ipni.org:names:77378048-1,Zhuk.,,,,,,6(Genet.): 27,,,,,,,,,,,,23/03/2026 11:30,23/03/2026 11:30,,,Poaceae,Triticum sphaerococcum var. pusillum,Triticum sphaerococcum var. pusillum,Triticum,,f,f,,,,,pusillum,,,,,,,,,,,,,,,,,,,,,,,,425942-1,Trudy Moskovsk. Sel'skokhoz. Akad.,urn:lsid:ipni.org:publications:20063464-1,1944,1944,,Zhuk.,var.,Trudy Moskovsk. Sel'skokhoz. Akad. 6(Genet.): 27. 1944 ,,,,,8,sphaerococcum,Percival,,f,t,,,,,,,Zhuk.@12025-1@1@aut,Percival@7501-1@1@aut,,tax. nov.,,1.1,f,triticum~sphaerococcumpusillum,poaceaetriticum~sphaerococcumpusillum,342,wfo-1200117743,,variety,,,,,Trudy Moskovsk. Sel'skokhoz. Akad. 6(Genet.): 27 (1944),https://www.ipni.org/n/77378048-1,IPNI record: 77378048-1
urn:lsid:ipni.org:names:77378049-1,"A.Doucette, J.P.Martinez, H.Medina & J.Portilla",,,,,,2(1): 29,,,,,,EG-0719,,,Ecuagenera,,,23/03/2026 11:35,23/03/2026 11:35,"Ecuador (Western South America, Southern America)",,Ericaceae,Ceratostema gmoscoso,Ceratostema gmoscoso,Ceratostema,,f,f,,,,,,,,,,,"Zamora Chinchipe, Cantón Yantzaza, Parroquia Chicaña, ca. 1200 m",,,,,,,,,,,,,,,,,,30006961-2,Andreettana,urn:lsid:ipni.org:publications:20056319-1,2026,2026 [15 Jan 2026],[15 Jan 2026],"A.Doucette, J.P.Martinez, H.Medina & J.Portilla",spec.,Andreettana 2(1): 29. 2026 [15 Jan 2026] ,,Etymology: the specific epithet is used as a noun in apposition to honour the Ecuadorian fashion brand 'G.Moscoso' for their commitments to integrate nature into their fashion designs.,,,11,gmoscoso,,,f,t,,holotype HA,,Flowered in cultivation at Ecuagenera.,,,H.Medina@20015276-1@3@aut$J.Portilla@36972-1@4@aut$A.Doucette@20016748-1@1@aut$J.P.Martinez@20094180-1@2@aut,,,tax. nov.,,1.1,f,ceratostema~gmoscoso,ericaceaeceratostema~gmoscoso~,343,wfo-1000089174,,species,,,,,Andreettana 2(1): 29 (2026),https://www.ipni.org/n/77378049-1,IPNI record: 77378049-1
urn:lsid:ipni.org:names:77378050-1,Kim.-Yokoy. & Shutoh,,,,,,19(1): 113,,6,,8,,28929,1935,,S.Sugawara,,,23/03/2026 11:35,23/03/2026 11:35,"Sakhalin (Russian Far East, Asia-Temperate)",,Leguminosae,Astragalus sugawarae,Astragalus sugawarae,Astragalus,,f,f,,,,,,,,,,,"Siska Branch, the middle reaches of Asase River [Merkaya River]",,,,,,,,,,,,,,,,,,330028-2,J. Asia-Pacific Biodivers.,urn:lsid:ipni.org:publications:20022371-1,2025,2025 [12 Sep 2025],[12 Sep 2025],Kim.-Yokoy. & Shutoh,spec.,J. Asia-Pacific Biodivers. 19(1): 113. 2025 [12 Sep 2025] ,,"doi:10.1016/j.japb.2025.08.001 Etymology: ' in honor of Mr Shigezo Sugawara, the first collector of the species'.",,,11,sugawarae,,,f,t,,holotype SAPS SAPS079000,,,,,Shutoh@20097219-1@2@aut$Kim.-Yokoy.@20097220-1@1@aut,,,tax. nov.,,1.1,f,astragalus~sugawarae,leguminosaeastragalus~sugawarae~,344,wfo-1000089175,,species,,,,,J. Asia-Pacific Biodivers. 19(1): 113 (2025),https://www.ipni.org/n/77378050-1,IPNI record: 77378050-1
urn:lsid:ipni.org:names:77378051-1,P.Pemberton & McMaster,,,,,,30: 11,,10,,11,,73,2024,,P.J.Pemberton,,,23/03/2026 12:22,23/03/2026 12:22,"New South Wales (New South Wales, Australia, Australasia)",,Myrtaceae,Homoranthus wissmannii,Homoranthus wissmannii,Homoranthus,,f,f,,,,,,,,,,,"Northern Tablelands: Torrington State Conservation Area, 3 km S from Butlers Rd, along Butlermine Trail, 150 m W of trail",,,,,,,,,,,,,,,,,,27574-1,Telopea,urn:lsid:ipni.org:publications:2986-2,2026,2026 [24 Feb 2026],[24 Feb 2026],P.Pemberton & McMaster,spec.,Telopea 30: 11. 2026 [24 Feb 2026] ,,"doi:10.7751/telopea21740 Etymology: the specific epithet is named in honour of Hans Wissmann, a former botany technical officer at the university of New England.",,,11,wissmannii,,,f,t,,holotype NSW;isotype BRI;isotype CANB;isotype CNS;isotype K;isotype MEL;isotype MO;isotype NE;isotype P,,,,,McMaster@20086718-1@2@aut$P.Pemberton@20097221-1@1@aut,,,tax. nov.,,1.1,f,homoranthus~wissmannii,myrtaceaehomoranthus~wissmannii~,345,wfo-1000089176,,species,,,,,Telopea 30: 11 (2026),https://www.ipni.org/n/77378051-1,IPNI record: 77378051-1
urn:lsid:ipni.org:names:77378052-1,(H.Ohashi) K.W.Jiang & Z.Q.Song,Leguminosae Desmodium vidalii H.Ohashi,(H.Ohashi),968795-1,,,26-500: 9,,,,,,,,,,,,23/03/2026 14:40,23/03/2026 14:40,,,Fabaceae,Petrodesmum vidalii,Petrodesmum vidalii,Petrodesmum,,f,f,,,,,,,,,,,,,,,,,,,,,,,,,,,,,77378037-1,BMC Pl. Biol.,urn:lsid:ipni.org:publications:20048410-1,2026,2026 [12 Mar 2026],[12 Mar 2026],K.W.Jiang & Z.Q.Song,spec.,BMC Pl. Biol. 26-500: 9. 2026 [12 Mar 2026] ,,,,,11,vidalii,,,f,t,,,,,,,Z.Q.Song@20027710-1@2@aut$K.W.Jiang@20044343-1@1@aut$H.Ohashi@7103-1@3@bas,,,comb. nov.,,1.1,f,petrodesmum~vidalii,fabaceaepetrodesmum~vidalii~,346,wfo-1000089177,,species,,,,,BMC Pl. Biol. 26-500: 9 (2026),https://www.ipni.org/n/77378052-1,IPNI record: 77378052-1
urn:lsid:ipni.org:names:77378053-1,(Siebold & Zucc.) Y.F.Deng,Styracaceae Pterostyrax hispidus Siebold & Zucc.,(Siebold & Zucc.),826656-1,,,48(3): 33,,,,,,,,,,,,23/03/2026 15:02,23/03/2026 15:02,,,Styracaceae,Chengiostyrax hispidus,Chengiostyrax hispidus,Chengiostyrax,,f,f,,,,,,,,,,,,,,,,,,,,,,,,,,,,,77378038-1,"J. Nanjing Forest Univ., Nat. Sci. Ed.",urn:lsid:ipni.org:publications:20007293-1,2024,2024 [May 2024],[May 2024],Y.F.Deng,spec.,"J. Nanjing Forest Univ., Nat. Sci. Ed. 48(3): 33. 2024 [May 2024] ",,doi:10.12302/j.issn.1000-2006.202405011,,,11,hispidus,,,f,t,,,,,,,Zucc.@12069-1@3@bas$Y.F.Deng@39880-1@1@aut$Siebold@9616-1@2@bas,,,comb. nov.,,1.1,f,chengiostyrax~hispidus,styracaceaechengiostyrax~hispidus~,347,wfo-1000089178,,species,,,,,"J. Nanjing Forest Univ., Nat. Sci. Ed. 48(3): 33 (2024)",https://www.ipni.org/n/77378053-1,IPNI record: 77378053-1
urn:lsid:ipni.org:names:77378054-1,Sanchir,,,,,,1: 245,,3,,10,,593,1966,,C.Sanczir &amp; O.Czogni,,,23/03/2026 16:01,23/03/2026 16:04,"Mongolia (Mongolia, Asia-Temperate)",,Leguminosae,Hedysarum collinum,Hedysarum collinum,Hedysarum,,f,f,,,,,,,497604-1,,,,"'Ditio centralensis, locus Zharagalant dictus, 150 km ad occidentem borealem a Ulan-Bator'",,,,nom. illeg. later homonym,,nom. illeg.,,,,,,,,,,,,30007304-2,Trudy Inst. Bot. (Ulan Bator),urn:lsid:ipni.org:publications:20063467-1,1976,1976 [1975 publ. 1976],[1975 publ. 1976],Sanchir,spec.,Trudy Inst. Bot. (Ulan Bator) 1: 245. 1976 [1975 publ. 1976] ,,,,,13,collinum,,,f,t,,holotype UBA,,,,,Sanchir@8876-1@1@aut,,,tax. nov.,,1.2,f,hedysarum~collinum,leguminosaehedysarum~collinum~,348,wfo-0000209049,,species,illeg,,,,Trudy Inst. Bot. (Ulan Bator) 1: 245 (1976),https://www.ipni.org/n/77378054-1,IPNI record: 77378054-1
urn:lsid:ipni.org:names:77378055-1,V.T.Tran,,,,,,272: 74,,6,,10,,TVT-DLU 0465,2025,,Tran Van Tien,,,23/03/2026 16:22,25/03/2026 12:51,"Vietnam (Indo-China, Asia-Tropical)",E,Poaceae,Cochinchinochloa salta,Cochinchinochloa salta,Cochinchinochloa,,f,f,,,,,,,,12,32,38,"Phu Yen Province: Dong Hoa District, Hoa Tam commune, Mui Dien",109,16,16,,,,,,N,,,,,,,,,77132498-1,PhytoKeys,urn:lsid:ipni.org:publications:20011997-1,2026,2026 [24 Mar 2026],[24 Mar 2026],V.T.Tran,spec.,PhytoKeys 272: 74. 2026 [24 Mar 2026] ,,doi:10.3897/phytokeys.272.188481 Etymology: 'The specific epithet salta refers to bamboo that grows along the coast and is influenced by sea salt'.,,,11,salta,,,f,t,,holotype DLU;isotype VTN,,,,,V.T.Tran@20016941-1@1@aut,,,tax. nov.,,1.3,f,cochinchinochloa~salta,poaceaecochinchinochloa~salta~,349,wfo-1000089179,,species,,,,,PhytoKeys 272: 74 (2026),https://www.ipni.org/n/77378055-1,IPNI record: 77378055-1
urn:lsid:ipni.org:names:77378056-1,"Mart.Gord., J.G.González & Fragoso",,,,,,133-e2571: 3,,17,,1,,3646,2013,,J.Rojas et al.,,,23/03/2026 16:49,24/03/2026 10:56,"Guerrero (Mexico Southwest, Mexico, Northern America);México State (Mexico Central, Mexico, Northern America);",W,Lamiaceae,Hyptis taxcoana,Hyptis taxcoana,Hyptis,,f,f,,,,,,,,18,38,16,"Estado de México: municipio Zacualpan, 2.8 km de Mamatla hacia Puerto Oscuro, 2542 m",99,46,4,,,,,,N,,,,,,,,,328176-2,Acta Bot. Mex.,urn:lsid:ipni.org:publications:7662-2,2026,2026 [23 Mar 2026],[23 Mar 2026],"Mart.Gord., J.G.González & Fragoso",spec.,Acta Bot. Mex. 133-e2571: 3. 2026 [23 Mar 2026] ,,"doi:10.21829/abm133.2026.2571 [english] Etymology: 'se refiere a la Sierra de Taxco, de donde fue colectada la primera vez'.",,,11,taxcoana,,,f,t,,holotype FCME;isotype IEB;isotype MEXU;isotype XAL,,,,,J.G.González@20020694-1@2@aut$Mart.Gord.@36868-1@1@aut$Fragoso@20023188-1@3@aut,,,tax. nov.,,1.2,f,hyptis~taxcoana,lamiaceaehyptis~taxcoana~,350,wfo-1000089180,,species,,,,,Acta Bot. Mex. 133-e2571: 3 (2026),https://www.ipni.org/n/77378056-1,IPNI record: 77378056-1
urn:lsid:ipni.org:names:77378057-1,(Georgescu & Dobrescu) Vereecke,Fagaceae Quercus × barnova Georgescu & Dobrescu,(Georgescu & Dobrescu),359403-1,,,33: 53,,,,,,,,,,,,23/03/2026 17:31,23/03/2026 17:31,,,Fagaceae,Quercus × benkoei nothosubsp. barnova,Quercus × benkoei nothosubsp. barnova,Quercus,,t,f,,,,,barnova,,,,,,,,,,nom. superfl.,,,,,,,,,,,,,,359414-1,Int. Oaks,urn:lsid:ipni.org:publications:20000034-1,2022,2022,,Vereecke,nothosubsp.,Int. Oaks 33: 53. 2022 ,,Superfluous name: the accepted name for the hybrid species with the same parents as Quercus × benkoei Mátyás (1971) is Quercus × barnova Georgescu & Dobrescu (1966).,,,12,benkoei,Mátyás,,f,t,,,,,,,Dobrescu@2240-1@3@bas$Georgescu@3092-1@2@bas$Vereecke@20097268-1@1@aut,Mátyás@6250-1@1@aut,,comb. et stat. nov.,,1.1,f,quercus~benkoeibarnova,fagaceaequercus~benkoeibarnova,351,wfo-1200117744,,subspecies,superflu,,,,Int. Oaks 33: 53 (2022),https://www.ipni.org/n/77378057-1,IPNI record: 77378057-1
urn:lsid:ipni.org:names:77378058-1,Cochrane,,,,,,[early view]: [5 of 12],,15,,10,,5827,1989,,"O.Rangel, A.Gentry &amp; Curso de Postgrado en Sistemática",,,23/03/2026 17:46,24/03/2026 12:21,"Colombia (Western South America, Southern America)",W,Capparaceae,Podandrogyne virella,Podandrogyne virella,Podandrogyne,,f,f,,,,,,,,4,43,6,"Risaralda, El Cedral, trocha a El Silento, 20 km de Pereira, 2140 m",75,33,47,,,,,,N,,,,,,,,,290880-2,Brittonia,urn:lsid:ipni.org:publications:561-2,2026,2026 [19 Mar 2026],[19 Mar 2026],Cochrane,spec.,Brittonia [early view]: [5 of 12]. 2026 [19 Mar 2026] ,,"doi:10.1007/s12228-026-09875-0 Etymology: 'The specific epithet, meaning greenish or somewhat green, derives from the Latin viridis, green, and the diminutive formed by means of the suffix -ella, a little'.",,,11,virella,,,f,t,,holotype COL 000226331;isotype COL 000226332;isotype MO 4268607,,,,,Cochrane@1710-1@1@aut,,,tax. nov.,,1.2,f,podandrogyne~virella,capparaceaepodandrogyne~virella~,352,wfo-1000089181,,species,,,,,Brittonia [early view]: [5 of 12] (2026),https://www.ipni.org/n/77378058-1,IPNI record: 77378058-1
urn:lsid:ipni.org:names:77378059-1,"Sengthong, Soulad. & Tagane",,,,,,77(1): 28,,19,,3,,Z1198,2024,,S.Tagane et al.,,,23/03/2026 19:50,24/03/2026 10:12,"Laos (Indo-China, Asia-Tropical)",E,Sterculiaceae,Firmiana laotica,Firmiana laotica,Firmiana,,f,f,,,,,,,,18,10,37,"Khammouane Prov., Khounkham Distr., The Rock Viewpoint walkway, 435 m",104,29,3,,,,,,N,,,,,,,,,38699-1,Acta Phytotax. Geobot.,urn:lsid:ipni.org:publications:1097-2,2026,2026 [21 Mar 2026],[21 Mar 2026],"Sengthong, Soulad. & Tagane",spec.,Acta Phytotax. Geobot. 77(1): 28. 2026 [21 Mar 2026] ,,doi:10.18942/apg.202523 [english],,,11,laotica,,,f,t,,holotype FOF FOF0006303;isotype KAG 187598;isotype VNM VNM00070664,,,,,Tagane@20028567-1@3@aut$Sengthong@20091850-1@1@aut$Soulad.@20031888-1@2@aut,,,tax. nov.,,1.2,f,firmiana~laotica,sterculiaceaefirmiana~laotica~,353,wfo-1000089182,,species,,,,,Acta Phytotax. Geobot. 77(1): 28 (2026),https://www.ipni.org/n/77378059-1,IPNI record: 77378059-1
urn:lsid:ipni.org:names:77378060-1,Mora-López & Jara,,,,,,[early view]: [2 of 8],,4,,1,,3973,1962,,L.Uribe Uribe,,,23/03/2026 20:30,25/03/2026 10:13,"Colombia (Western South America, Southern America)",,Lecythidaceae,Gustavia stenoloba,Gustavia stenoloba,Gustavia,,f,f,,,,,,,,,,,"Santander, Bajo Magdalena, Barrancabermeja, 130 m",,,,,,,,,,,,,,,,,,27566-1,Brittonia,urn:lsid:ipni.org:publications:561-2,2026,2026 [23 Mar 2026],[23 Mar 2026],Mora-López & Jara,spec.,Brittonia [early view]: [2 of 8]. 2026 [23 Mar 2026] ,,"doi:10.1007/s12228-025-09867-6 [english] Etymology: 'The specific epithet is derived from the Greek stenos meaning narrow or slender, and from the Greek lobos meaning lobe, highlighting the comparatively narrow calyx lobes of this species'.",,,11,stenoloba,,,f,t,,"holotype COL 91635, COL000310428;isotype COL 91636, COL000310443; 91637, COL000310431",,,,,Jara@20014709-1@2@aut$Mora-López@20097273-1@1@aut,,,tax. nov.,,1.3,f,gustavia~stenoloba,lecythidaceaegustavia~stenoloba~,354,wfo-1000089183,,species,,,,,Brittonia [early view]: [2 of 8] (2026),https://www.ipni.org/n/77378060-1,IPNI record: 77378060-1
urn:lsid:ipni.org:names:77378061-1,Eisenman,,,,,,748(3): 244,,,,,,4750,,,John M.Fogg Jr.,,,24/03/2026 09:28,24/03/2026 09:28,"New Jersey (Northeastern U.S.A., Northern America)",,Liliaceae,Triantha × novacaesariensis,Triantha × novacaesariensis,Triantha,,t,f,"256643-2,542441-1",(Triantha racemosa Small × Triantha glutinosa (Michx.) Baker),,,,,,,,,New Jersey,,,,,,,,,,,,,,,,,,30322336-2,Phytotaxa,urn:lsid:ipni.org:publications:20011462-1,2026,2026 [24 Mar 2026],[24 Mar 2026],Eisenman,spec.,Phytotaxa 748(3): 244. 2026 [24 Mar 2026] ,,"doi:10.11646/phytotaxa.748.3.1 Etymology: the nothospecific epithet refers to the adjectival and historical name of New Jersey, Nova Caesarea, the sole locality for this taxon.",,,11,novacaesariensis,,,f,t,,holotype PH PH00587400;isotype PH PH00587399,,,,,Eisenman@20028808-1@1@aut,,,tax. nov.,,1.1,f,triantha~novacaesariensis,liliaceaetriantha~novacaesariensis~,355,wfo-1000089184,,species,,,,,Phytotaxa 748(3): 244 (2026),https://www.ipni.org/n/77378061-1,IPNI record: 77378061-1
urn:lsid:ipni.org:names:77378062-1,"Triboun, Sreesaeng & Nitmee",,,,,,16(2): 104,,21,,1,,7380,2020,,"P.Triboun, J.Sreesaeng, P.Nitmee, S.Praiprasertying, T.Pansomboon, T.Kaewkarn, T.Kaowthaisong, C.Senaphan &amp; P.Jampates",,,24/03/2026 11:21,24/03/2026 11:21,"Thailand (Indo-China, Asia-Tropical)",,Malvaceae,Abutilon leenae,Abutilon leenae,Abutilon,,f,f,,,,,,,,,,,"Mae Hong Son, Mueang Mae Hong Son, Huai Pu Ling, Ban Huai Hi, 1200 m",,,,,,,,,,,,,,,,,,30000557-2,Thai J. Bot.,urn:lsid:ipni.org:publications:20018519-2,2024,2024,,"Triboun, Sreesaeng & Nitmee",spec.,Thai J. Bot. 16(2): 104. 2024 ,,Etymology: the specific epithet honours Thai plant taxonomist Leena Phuphathanaphong for her work on the plant family Malvaceae in Thailand.,,,11,leenae,,,f,t,,holotype BBH;isotype BK;isotype BKF;isotype E,,,,,Sreesaeng@20097271-1@2@aut$Triboun@40506-1@1@aut$Nitmee@20097272-1@3@aut,,,tax. nov.,,1.1,f,abutilon~leenae,malvaceaeabutilon~leenae~,356,wfo-1000089185,,species,,,,,Thai J. Bot. 16(2): 104 (2024),https://www.ipni.org/n/77378062-1,IPNI record: 77378062-1
urn:lsid:ipni.org:names:77378063-1,"Triboun, Pansomb. & Bannajit",,,,,,17(1): 32,,1,,9,,8169,2022,,"P.Triboun, S.Khorngton, T.Kaowthaisong, T.Kaewkarn &amp; P.Jampates",,,24/03/2026 12:04,30/03/2026 12:15,"Thailand (Indo-China, Asia-Tropical)",,Gesneriaceae,Kaisupeea larsenii,Kaisupeea larsenii,Kaisupeea,,f,f,,,,,,,,,,,"Ranong, Mueang Ranong, Bang Non, Punyaban waterfall, 154 m",,,,,,,,,,,,,,,,,,20002450-1,Thai J. Bot.,urn:lsid:ipni.org:publications:20018519-2,2025,2025,,"Triboun, Pansomb. & Bannajit",spec.,Thai J. Bot. 17(1): 32. 2025 ,,Etymology: the specific epithet is named for the late Emeritus Professor Kai Larsen.,,,11,larsenii,,,f,t,,holotype BBH;isotype BKF,,,,,Triboun@40506-1@1@aut$Pansomb.@20097274-1@2@aut$Bannajit@20097275-1@3@aut,,,tax. nov.,,1.2,f,kaisupeea~larsenii,gesneriaceaekaisupeea~larsenii~,357,wfo-1000089186,,species,,,,,Thai J. Bot. 17(1): 32 (2025),https://www.ipni.org/n/77378063-1,IPNI record: 77378063-1
urn:lsid:ipni.org:names:77378064-1,A.DC.,,,,,,10: 64,,,,,,,,,,,,24/03/2026 15:20,24/03/2026 15:20,,,Boraginaceae,Onosma tinctoria var. flavicoma,Onosma tinctoria var. flavicoma,Onosma,,f,f,,,,,flavicoma,,,,,,,,,,,,,,,,,,,,,,,,119849-1,Prodr. [A. P. de Candolle],urn:lsid:ipni.org:publications:1051-2,1846,1846 [8 Apr 1846],[8 Apr 1846],A.DC.,var.,Prodr. [A. P. de Candolle] 10: 64. 1846 [8 Apr 1846] ,,,,,8,tinctoria,M.Bieb.,,f,t,,,,,,,A.DC.@2064-1@1@aut,M.Bieb.@6129-1@1@aut,,tax. nov.,,1.1,f,onosma~tinctoriaflavicoma,boraginaceaeonosma~tinctoriaflavicoma,358,wfo-1200117745,,variety,,,,,Prodr. [A. P. de Candolle] 10: 64 (1846),https://www.ipni.org/n/77378064-1,IPNI record: 77378064-1
urn:lsid:ipni.org:names:77378065-1,Sennen,,,,,,1928: n. 6654,,,,,,,,,,,,24/03/2026 16:28,25/03/2026 09:52,,,Fagaceae,Quercus viveri,Quercus viveri,Quercus,,f,f,,,,,,,,,,,,,,,,,,,,,,,,,,,,,325819-2,Exsicc. (Pl. Espagne),urn:lsid:ipni.org:publications:20000163-1,1929,1929,,Sennen,spec.,Exsicc. (Pl. Espagne) 1928: n. 6654. 1929 ,,"Considered to be named for: Marquis de Viver, mayor of Barcelone.",,,8,viveri,,,f,t,,,,,,,Sennen@9488-1@1@aut,,,tax. nov.,,1.2,f,quercus~viveri,fagaceaequercus~viveri~,359,wfo-0000293900,,species,,,,,Exsicc. (Pl. Espagne) 1928: n. 6654 (1929),https://www.ipni.org/n/77378065-1,IPNI record: 77378065-1
urn:lsid:ipni.org:names:77378066-1,(Sennen) Sennen,Fagaceae Quercus viveri Sennen,(Sennen),77378065-1,,,29,,,,,,,,,,,,24/03/2026 16:35,24/03/2026 16:35,,,Fagaceae,Quercus lanuginosa subsp. viveri,Quercus lanuginosa subsp. viveri,Quercus,,f,f,,,,,viveri,,,,,,,,,,,,,,,,,,,,,,,,296363-1,Diagn. Nouv.,urn:lsid:ipni.org:publications:1173-2,1936,1936,,Sennen,subsp.,Diagn. Nouv. 29. 1936 ,,No. 6654 cited.,,,11,lanuginosa,Thuill.,,f,t,,,,,,,Sennen@9488-1@1@aut$Sennen@9488-1@2@bas,Thuill.@10644-1@1@aut,,comb. et stat. nov.,,1.1,f,quercus~lanuginosaviveri,fagaceaequercus~lanuginosaviveri,360,wfo-1200117746,,subspecies,,,,,Diagn. Nouv. 29 (1936),https://www.ipni.org/n/77378066-1,IPNI record: 77378066-1
urn:lsid:ipni.org:names:77378069-1,"Parthiban, Rasingam & D.S.Deepika",,,,,,63(1): 6,,1,,7,,15943,2025,,Parthiban Arikrishnan,,,24/03/2026 18:13,25/03/2026 13:41,"Andaman Is. (Andaman Is., Indo-China, Asia-Tropical)",,Acanthaceae,Justicia balakrishnaniana,Justicia balakrishnaniana,Justicia,,f,f,,,,,,,,,,,"South Andaman Islands, Chidiyatapu, 41 m",,,,,,,,,,,,,,,,,,326849-2,Ann. Bot. Fenn.,urn:lsid:ipni.org:publications:516-2,2026,2026 [30 Jan 2026],[30 Jan 2026],"Parthiban, Rasingam & D.S.Deepika",spec.,Ann. Bot. Fenn. 63(1): 6. 2026 [30 Jan 2026] ,,"doi:10.5735/085.063.0102 [english] Etymology: 'The species is named in honour of Dr. N.P. Balakrishnan, former Regional Botanist of the Botanical Survey of India'.",,,11,balakrishnaniana,,,f,t,,holotype CAL;isotype BSID,,,,,Parthiban@20079895-1@1@aut$D.S.Deepika@20097324-1@3@aut$Rasingam@20013490-1@2@aut,,,tax. nov.,,1.3,f,justicia~balakrishnaniana,acanthaceaejusticia~balakrishnaniana~,361,wfo-1000089187,,species,,,,,Ann. Bot. Fenn. 63(1): 6 (2026),https://www.ipni.org/n/77378069-1,IPNI record: 77378069-1
urn:lsid:ipni.org:names:77378070-1,F.G.A.Oliveira & L.P.Queiroz,,,,,,749(1): 79,,19,,3,,145,2024,,F.G.Oliveira et al.,,,24/03/2026 22:32,25/03/2026 14:51,"Bahia (Brazil Northeast, Brazil, Southern America);Pernambuco (Brazil Northeast, Brazil, Southern America);",W,Leguminosae,Cenostigma lewisii,Cenostigma lewisii,Cenostigma,,f,f,,,,,,,,11,6,4,"Tucano, Povoado Pedra Grande, estrada para a Serra do Pai Miguel",38,46,30,,,,,,S,,,,,,,,,21965-1,Phytotaxa,urn:lsid:ipni.org:publications:20011462-1,2026,2026 [25 Mar 2026],[25 Mar 2026],F.G.A.Oliveira & L.P.Queiroz,spec.,Phytotaxa 749(1): 79. 2026 [25 Mar 2026] ,,"doi:10.11646/phytotaxa.749.1.5 Etymology: the specific epithet is named in honour of Dr. Gwilym Peter Lewis, a researcher at the Royal Botanic Gardens, Kew, who has contributed immensely to the global knowledge of Fabaceae.",,,11,lewisii,,,f,t,,holotype HUEFS 0285879,,Isotypes to be distributed,,,L.P.Queiroz@17837-1@2@aut$F.G.A.Oliveira@20072560-1@1@aut,,,tax. nov.,,1.3,f,cenostigma~lewisii,leguminosaecenostigma~lewisii~,362,wfo-1000089188,,species,,,,,Phytotaxa 749(1): 79 (2026),https://www.ipni.org/n/77378070-1,IPNI record: 77378070-1
urn:lsid:ipni.org:names:77378071-1,Hampe,,,,,,29,,,,,,,,,,,,25/03/2026 02:55,25/03/2026 14:36,,,Caryophyllaceae,Gypsophila repens var. adscendens,Gypsophila repens var. adscendens,Gypsophila,,f,f,,,,,adscendens,,,,,,,,,,,,,,,,,,,,,,,,154602-1,Prodr. Fl. Hercyn.,urn:lsid:ipni.org:publications:20063472-1,1836,1836 [Dec 1836],[Dec 1836],Hampe,var.,Prodr. Fl. Hercyn. 29. 1836 [Dec 1836] ,,,,,8,repens,L.,,f,t,,,,,,,Hampe@3604-1@1@aut,L.@12653-1@1@aut,,tax. nov.,,1.3,f,gypsophila~repensadscendens,caryophyllaceaegypsophila~repensadscendens,363,wfo-1200117747,,variety,,,,,Prodr. Fl. Hercyn. 29 (1836),https://www.ipni.org/n/77378071-1,IPNI record: 77378071-1
urn:lsid:ipni.org:names:77378072-1,Chiarugi,,,,,,36: 195,,,,,,,,,,,,25/03/2026 05:33,25/03/2026 14:19,"Italy (Italy, Southeastern Europe, Europe)",,Iridaceae,Romulea requienii var. etrusca,Romulea requienii var. etrusca,Romulea,,f,f,,,,,etrusca,,,,,,,,,,,,,,,,,,,,,,,,440825-1,Nuovo Giorn. Bot. Ital.,urn:lsid:ipni.org:publications:763-2,1929,1929,,Chiarugi,var.,Nuovo Giorn. Bot. Ital. 36: 195. 1929 ,,,,,9,requienii,Parl.,,f,t,,,,,,,Chiarugi@1593-1@1@aut,Parl.@0-0@1@aut,,tax. nov.,,1.4,f,romulea~requieniietrusca,iridaceaeromulea~requieniietrusca,364,wfo-1200117748,,variety,,,,,Nuovo Giorn. Bot. Ital. 36: 195 (1929),https://www.ipni.org/n/77378072-1,IPNI record: 77378072-1
urn:lsid:ipni.org:names:77378073-1,"Rasingam, Harikr., Parthiban & V.C.S.Rao",,,,,,[early view]: [5 of 6],,13,,12,,14209,2024,,L.Rasingam &amp; P.Harikrishna,,,25/03/2026 09:18,25/03/2026 14:10,"Andhra Pradesh (India, Indian Subcontinent, Asia-Tropical)",,Acanthaceae,Dicliptera pakhalica,Dicliptera pakhalica,Dicliptera,,f,f,,,,,,,,,,,"Telangana: Pakhal Wildlife Sanctuary, Mahabubabad Dist., Gangaram Range, Pandem East Beat, Seven Wells Waterfall",,,,,,,,,,,,,,,,,,331554-2,Brittonia,urn:lsid:ipni.org:publications:561-2,2026,2026 [29 Jan 2026],[29 Jan 2026],"Rasingam, Harikr., Parthiban & V.C.S.Rao",spec.,Brittonia [early view]: [5 of 6]. 2026 [29 Jan 2026] ,,doi:10.1007/s12228-025-09869-4 [english] Etymology: 'The specific epithet pakhalica refers to the type locality the Pakhal Lake'.,,,11,pakhalica,,,f,t,,holotype CAL;isotype BSID,,,,,V.C.S.Rao@20097326-1@4@aut$Harikr.@20097325-1@2@aut$Parthiban@20079895-1@3@aut$Rasingam@20013490-1@1@aut,,,tax. nov.,,1.3,f,dicliptera~pakhalica,acanthaceaedicliptera~pakhalica~,365,wfo-1000089189,,species,,,,,Brittonia [early view]: [5 of 6] (2026),https://www.ipni.org/n/77378073-1,IPNI record: 77378073-1
urn:lsid:ipni.org:names:77378074-1,(Blume) Zipp. ex K.Schum.,Asclepiadaceae Pterostelma albiflora Blume,(Blume),100748-1,,,4(2): 290,,,,,,,,,,,,25/03/2026 11:38,25/03/2026 11:38,,,Asclepiadaceae,Hoya albiflora,Hoya albiflora,Hoya,,f,f,,,,,,,,,,,,,,,,,,,,,,,,,,,,,60437256-2,Nat. Pflanzenfam. [Engler & Prantl],urn:lsid:ipni.org:publications:14495-2,1895,1895,,Zipp. ex K.Schum.,spec.,Nat. Pflanzenfam. [Engler & Prantl] 4(2): 290. 1895 ,,,,,11,albiflora,,,f,t,,,,,,,Blume@16230-1@3@bas$Zipp.@12048-1@1@aut$K.Schum.@9333-1@2@autEx,,,comb. nov.,,1.1,f,hoya~albiflora,asclepiadaceaehoya~albiflora~,366,wfo-0000725126,,species,,,,,Nat. Pflanzenfam. [Engler & Prantl] 4(2): 290 (1895),https://www.ipni.org/n/77378074-1,IPNI record: 77378074-1
urn:lsid:ipni.org:names:77378075-1,Tagane & Soulad.,,,,,,749(1): 2,,20,,9,,Z3281,2025,,"S.Tagane, P.Souladeth, V.S.Dang, T.Vongthavone, A.Sengthong, D.Kongxaisavath, K.Phengmala, Q.T.Pham, K.Takahashi, K.Yamazaki, A.Takeguchi",,,25/03/2026 12:09,25/03/2026 12:09,"Laos (Indo-China, Asia-Tropical)",E,Leguminosae,Saraca laotica,Saraca laotica,Saraca,,f,f,,,,,,,,18,54,59,"Vientiane Province, Vang Vieng District, Ban Phon Nguen, along trail to the Pha Nguen Silver Cliff View Point, on foot of limestone hill, 475 m",102,24,47,,,,,,N,,,,,,,,,23478-1,Phytotaxa,urn:lsid:ipni.org:publications:20011462-1,2026,2026 [25 Mar 2026],[25 Mar 2026],Tagane & Soulad.,spec.,Phytotaxa 749(1): 2. 2026 [25 Mar 2026] ,,doi:10.11646/phytotaxa.749.1.1 Etymology: the specific epithet refers to the country of Laos.,,,11,laotica,,,f,t,,holotype FOF FOF0008012;isotype KAG KAG202801; KAG202865;isotype VNM VNM00072313,,,,,Soulad.@20031888-1@2@aut$Tagane@20028567-1@1@aut,,,tax. nov.,,1.1,f,saraca~laotica,leguminosaesaraca~laotica~,367,wfo-1000089190,,species,,,,,Phytotaxa 749(1): 2 (2026),https://www.ipni.org/n/77378075-1,IPNI record: 77378075-1
urn:lsid:ipni.org:names:77378076-1,"Y.J.Yang bis, J.P.Shu & Y.H.Yan",,,,,,749(1): 73,,27,,5,,YYH16196,2021,,"Yue-Hong Yan, Zu-Xia He, Jiang-Ping Shu, Zuo-Ying Wei, Xin-Yi Wu",,,25/03/2026 12:25,25/03/2026 12:25,"Hainan (China, Asia-Temperate)",E,Lomariopsidaceae,Elaphoglossum hainanense,Elaphoglossum hainanense,Elaphoglossum,,f,f,,,,,,,,19,4,53,"Changjiang Li Autonomous County, Bawangling, National Park of Hainan Tropical Rainforest, 1290 m",109,12,49,,,,,,N,,,,,,,,,331110-2,Phytotaxa,urn:lsid:ipni.org:publications:20011462-1,2026,2026 [25 Mar 2026],[25 Mar 2026],"Y.J.Yang bis, J.P.Shu & Y.H.Yan",spec.,Phytotaxa 749(1): 73. 2026 [25 Mar 2026] ,,"doi:10.11646/phytotaxa.749.1.4 Etymology: the specific eputhet is named for Hainan province, China, where the type specimen was collected.",,,11,hainanense,,,f,t,,holotype NOCC,,,,,J.P.Shu@20047350-1@2@aut$Y.J.Yang bis@20097323-1@1@aut$Y.H.Yan@20003920-1@3@aut,,,tax. nov.,,1.1,f,elaphoglossum~hainanense,lomariopsidaceaeelaphoglossum~hainanense~,368,wfo-1000089191,,species,,,,,Phytotaxa 749(1): 73 (2026),https://www.ipni.org/n/77378076-1,IPNI record: 77378076-1
urn:lsid:ipni.org:names:77378077-1,Nägeli & Peter,,,,,,1: 312,,,,,,,,,,,,25/03/2026 14:26,25/03/2026 14:26,,,Asteraceae,Hieracium collinum subsp. stenocephalum,Hieracium collinum subsp. stenocephalum,Hieracium,,f,f,,,,,stenocephalum,,,,,,,,,,,,,,,,,,,,,,,,216251-1,Hierac. Mitt.-Eur.,urn:lsid:ipni.org:publications:16309-2,1885,1885,,Nägeli & Peter,subsp.,Hierac. Mitt.-Eur. 1: 312. 1885 ,,Protologue not seen by the IPNI editors. If you have access to the protologue please email a copy to us via the 'contact us' link at the top of the page.,,,8,collinum,Gochnat,,f,t,,,,,,,Nägeli@12703-1@1@aut$Peter@7563-1@2@aut,Gochnat@3210-1@1@aut,,tax. nov.,,1.1,f,hieracium~collinumstenocephalum,asteraceaehieracium~collinumstenocephalum,369,wfo-1200117749,,subspecies,,,,,Hierac. Mitt.-Eur. 1: 312 (1885),https://www.ipni.org/n/77378077-1,IPNI record: 77378077-1
urn:lsid:ipni.org:names:77378078-1,(Nägeli & Peter) Gottschl.,Asteraceae Hieracium collinum Gochnat subsp. stenocephalum Nägeli & Peter,(Nägeli & Peter),77378077-1,,,24: 3,,,,,,,,,,,,25/03/2026 14:27,25/03/2026 14:27,,,Asteraceae,Hieracium caespitosum subsp. stenocephalum,Hieracium caespitosum subsp. stenocephalum,Hieracium,,f,f,,,,,stenocephalum,,,,,,,,,,,,,,,,,,,,,,,,215703-1,Froelichia,urn:lsid:ipni.org:publications:20063471-1,2026,2026,,Gottschl.,subsp.,Froelichia 24: 3. 2026 ,,,,,11,caespitosum,Dumort.,,f,t,,,,,,,Nägeli@12703-1@2@bas$Gottschl.@35891-1@1@aut$Peter@7563-1@3@bas,Dumort.@18271-1@1@aut,,comb. nov.,,1.1,f,hieracium~caespitosumstenocephalum,asteraceaehieracium~caespitosumstenocephalum,370,wfo-1200117750,,subspecies,,,,,Froelichia 24: 3 (2026),https://www.ipni.org/n/77378078-1,IPNI record: 77378078-1
urn:lsid:ipni.org:names:77378079-1,(Drenckh. & Gottschl.) Gottschl.,Asteraceae Pilosella macranthela (Nägeli & Peter) Soják subsp. silvae-pici Drenckh. & Gottschl.,(Drenckh. & Gottschl.),77343498-1,,,24: 4,,,,,,,,,,,,25/03/2026 14:33,25/03/2026 14:33,,,Asteraceae,Hieracium macranthelum subsp. silvae-pici,Hieracium macranthelum subsp. silvae-pici,Hieracium,,f,f,,,,,silvae-pici,,,,,,,,,,,,,,,,,,,,,,,,219690-1,Froelichia,urn:lsid:ipni.org:publications:20063471-1,2026,2026,,Gottschl.,subsp.,Froelichia 24: 4. 2026 ,,,,,11,macranthelum,Nägeli & Peter,,f,t,,,,,,,Drenckh.@20008005-1@2@bas$Gottschl.@35891-1@1@aut$Gottschl.@35891-1@3@bas,Nägeli@12703-1@1@aut$Peter@7563-1@2@aut,,comb. nov.,,1.1,f,hieracium~macranthelumsilvae-pici,asteraceaehieracium~macranthelumsilvae-pici,371,wfo-1200117751,,subspecies,,,,,Froelichia 24: 4 (2026),https://www.ipni.org/n/77378079-1,IPNI record: 77378079-1
urn:lsid:ipni.org:names:77378080-1,"López-Flor., Zuluaga & D.Sanín",,,,,,749(1): 88,,11,,3,,8825a,2023,,D.Sanín et al.,,,25/03/2026 15:08,25/03/2026 15:08,"Colombia (Western South America, Southern America)",,Araceae,Anthurium comuneros,Anthurium comuneros,Anthurium,,f,f,,,,,,,,,,,"Santander, municipio de Piedecuesta, Veredas Cristales, Corregimiento Sevilla, Parque Natural Regional Bosques Húmedos Andinos El Rasgón, 2319 m",,,,,,,,,,,,,,,,,,329747-2,Phytotaxa,urn:lsid:ipni.org:publications:20011462-1,2026,2026 [25 Mar 2026],[25 Mar 2026],"López-Flor., Zuluaga & D.Sanín",spec.,Phytotaxa 749(1): 88. 2026 [25 Mar 2026] ,,"doi:10.11646/phytotaxa.749.1.6 Etymology: the specific epithet 'comuneros' is used as a noun in apposition, and honours the Rebelion de los comuneros, a movement that took place in 1781 in support of Colombia's struggle for freedom against Spanish rule.",,,11,comuneros,,,f,t,,holotype UIS;isotype CUVC;isotype HUAZ,,,,,D.Sanín@20025135-1@3@aut$Zuluaga@20028828-1@2@aut$López-Flor.@20055026-1@1@aut,,,tax. nov.,,1.1,f,anthurium~comuneros,araceaeanthurium~comuneros~,372,wfo-1000089192,,species,,,,,Phytotaxa 749(1): 88 (2026),https://www.ipni.org/n/77378080-1,IPNI record: 77378080-1
urn:lsid:ipni.org:names:77378081-1,"Etter, Kristen, A.Vázquez & Rosales",,,,,,98(1): 58,,19,,12,,4780,2020,,J.Etter &amp; M.Kristen,,,25/03/2026 15:09,25/03/2026 15:09,"Michoacán (Mexico Southwest, Mexico, Northern America)",,Crassulaceae,Thompsonella reyesiana,Thompsonella reyesiana,Thompsonella,,f,f,,,,,,,,,,,"Municipality of Tuzantla, Barranca Los Bonetes, 588 m",,,,,,,,,,,,,,,,,,289309-2,Cact. Succ. J. (Los Angeles),urn:lsid:ipni.org:publications:1964-2,2026,2026,,"Etter, Kristen, A.Vázquez & Rosales",spec.,Cact. Succ. J. (Los Angeles) 98(1): 58. 2026 ,,"doi:10.2985/015.098.0109 Etymology: 'The specific epithet of this species honors Jerónimo Reyes Santiago, curator of the botanical gardens of the Institute of Biology at the UNAM in Mexico City'.",,,11,reyesiana,,,f,t,,holotype IBUG;isotype MEXU,,,,,Kristen@20008120-2@2@aut$A.Vázquez@35439-1@3@aut$Etter@20008121-2@1@aut$Rosales@20048307-1@4@aut,,,tax. nov.,,1.1,f,thompsonella~reyesiana,crassulaceaethompsonella~reyesiana~,373,wfo-1000089193,,species,,,,,Cact. Succ. J. (Los Angeles) 98(1): 58 (2026),https://www.ipni.org/n/77378081-1,IPNI record: 77378081-1
urn:lsid:ipni.org:names:77378082-1,"Etter, Kristen & Rosales",,,,,,98(1): 61,,13,,2,,5212,2024,,J.Etter &amp; M.Kristen,,,25/03/2026 15:13,25/03/2026 15:13,"Michoacán (Mexico Southwest, Mexico, Northern America)",,Crassulaceae,Thompsonella pacifica,Thompsonella pacifica,Thompsonella,,f,f,,,,,,,,,,,"Municipality of Aquila, 1.5 km NW of El Ahijadero, 575 m",,,,,,,,,,,,,,,,,,289309-2,Cact. Succ. J. (Los Angeles),urn:lsid:ipni.org:publications:1964-2,2026,2026,,"Etter, Kristen & Rosales",spec.,Cact. Succ. J. (Los Angeles) 98(1): 61. 2026 ,,doi:10.2985/015.098.0109 Etymology: 'The specific epithet refers to the fact that the plants grow near the Pacific Ocean'.,,,11,pacifica,,,f,t,,holotype IBUG;isotype MEXU,,,,,Etter@20008121-2@1@aut$Kristen@20008120-2@2@aut$Rosales@20048307-1@3@aut,,,tax. nov.,,1.1,f,thompsonella~pacifica,crassulaceaethompsonella~pacifica~,374,wfo-1000089194,,species,,,,,Cact. Succ. J. (Los Angeles) 98(1): 61 (2026),https://www.ipni.org/n/77378082-1,IPNI record: 77378082-1
urn:lsid:ipni.org:names:77378083-1,J.M.H.Shaw,,,,,,95(3): 212,,,,,,,,,,,,25/03/2026 15:31,25/03/2026 15:31,,,Orchidaceae,× Meshara,× Meshara,Meshara,,t,t,"29925-1,30552-1,30003682-2,29566-1,331250-2",(Macradenia R.Br. × Rodriguezia Ruiz & Pav. × Leochilus Knowles & Westc. × Gomesa R.Br. × Oncidium Sw.),,,,,,,,,,,,,,,,,,,,,,,,,,,30000046-2,Orchids (West Palm Beach),urn:lsid:ipni.org:publications:18642-2,2026,2026 [25 Feb 2026],[25 Feb 2026],J.M.H.Shaw,gen.,Orchids (West Palm Beach) 95(3): 212. 2026 [25 Feb 2026] ,,"Etymology: 'named for Mesha Yeh of Chian-Tzy Orchids, Taiwan'.",,,8,,,,f,t,,,,,,,J.M.H.Shaw@37303-1@1@aut,,,tax. nov.,,1.1,f,meshara,orchidaceaemeshara~~~,375,wfo-4100006484,,genus,,,,,Orchids (West Palm Beach) 95(3): 212 (2026),https://www.ipni.org/n/77378083-1,IPNI record: 77378083-1
urn:lsid:ipni.org:names:77378084-1,"Naive, Ancheta & B.B.Alaman",,,,,,749(1): 96,,22,,10,,MU-2022-10,2022,,B.B.Alaman,,,25/03/2026 15:32,25/03/2026 15:32,"Philippines (Malesia, Asia-Tropical)",E,Begoniaceae,Begonia occidentalis,Begonia occidentalis,Begonia,,f,f,,,,,,,,8,16,6,"Mindanao Island, Misamis Occidental, Don Victoriano, Brgy. Napangan, Sitio Piduan, 1200 m",123,35,35,,,,,,N,,,,,,,,,327437-2,Phytotaxa,urn:lsid:ipni.org:publications:20011462-1,2026,2026 [25 Mar 2026],[25 Mar 2026],"Naive, Ancheta & B.B.Alaman",spec.,Phytotaxa 749(1): 96. 2026 [25 Mar 2026] ,,"doi:10.11646/phytotaxa.749.1.7 Etymology: the specific epithet is derived from Latin 'Occidentalis', meaning 'West' in reference to the geographic region in which this species was discovered (western Mindanao).",,,11,occidentalis,,,f,t,,holotype PNH 271538;isotype HNUL HNUL0021424;isotype CLP,,,,,Ancheta@20097327-1@2@aut$B.B.Alaman@20097328-1@3@aut$Naive@20018612-2@1@aut,,,tax. nov.,,1.1,f,begonia~occidentalis,begoniaceaebegonia~occidentalis~,376,wfo-1000089195,,species,,,,,Phytotaxa 749(1): 96 (2026),https://www.ipni.org/n/77378084-1,IPNI record: 77378084-1
urn:lsid:ipni.org:names:77378085-1,Muhl.,,,,,,45,,,,,,,,,,,,26/03/2026 01:56,26/03/2026 10:55,,,Caryophyllaceae,Silene alba,Silene alba,Silene,,f,f,,,,,,,,,,,,,,,,,,,,,,,,,,,,,331962-2,Cat. Pl. Amer. Sept.,urn:lsid:ipni.org:publications:1373-2,1813,1813,,Muhl.,spec.,Cat. Pl. Amer. Sept. 45. 1813 ,,Descr.: '5 dent. 5 pet. caps. cylindr. 1–3 loc. alba white-flowering Pens. fl. Jun'.,,,8,alba,,,f,t,,,,,,,Muhl.@6756-1@1@aut,,,tax. nov.,,1.4,f,silene~alba,caryophyllaceaesilene~alba~,377,wfo-1200117800,,species,,,,,Cat. Pl. Amer. Sept. 45 (1813),https://www.ipni.org/n/77378085-1,IPNI record: 77378085-1
urn:lsid:ipni.org:names:77378086-1,G.Q.Gou & P.S.Wang,,,,,,749(1): 111,,20,,7,,J-112,2003,,G. Q. Gou,,,26/03/2026 09:32,07/04/2026 15:09,"Guizhou (China South-Central, China, Asia-Temperate)",,Selaginellaceae,Selaginella spinulosovena,Selaginella spinulosovena,Selaginella,,f,f,,,,,,,,,,,"Ziyun County, Tugehe, c. 1050 m",,,,"nom. inval.    , not accepted by authors",,nom. inval.,,,,,,,,,,,,30003748-2,Phytotaxa,urn:lsid:ipni.org:publications:20011462-1,2026,2026 [25 Mar 2026],[25 Mar 2026],G.Q.Gou & P.S.Wang,spec.,Phytotaxa 749(1): 111. 2026 [25 Mar 2026] ,,"doi:10.11646/phytotaxa.749.1.9 Zhang and Zhou, authors of the publication, attempt to validate the name by designation of a single type; a full and direct reference to original description is given. However, they then state that they do not accept it in Selaginella and provide a combination in Hypopterygiopsis. This is a somewhat complicated situation, as Art. 33.1 (ICN 2025) does not explicitly state who must accept the name, which might allow for it to be 'accepted' by the original authors G.Q.Gou and P.S.Wang. However, John Wiersema reacts to this: 'surely it must be the author(s) of the publication where it is being validly published'. Additionally, there is no evidence in the paper that Gou & Wang still accept the name 21 years later. This conclusion was shared with Nicholas Turland, John Wiersema, Julia Gravendyck, and Kanchi Gandi, who agree S. spinulosovena was not validly published here.",,,12,spinulosovena,,,f,t,,holotype PYU PYU-01003534;isotype GACP,,,,,P.S.Wang@14980-1@2@aut$G.Q.Gou@20005100-1@1@aut,,,tax. nov.,77066616-1,1.3,f,selaginella~spinulosovena,selaginellaceaeselaginella~spinulosovena~,378,wfo-0001276387,,species,invalid,,,,Phytotaxa 749(1): 111 (2026),https://www.ipni.org/n/77378086-1,IPNI record: 77378086-1
urn:lsid:ipni.org:names:77378087-1,"Y.T.Ma, Tao Zhou & Yang Xiao",,,,,,272: 111,,16,,4,,HS25041601,2025,,Yang Xiao &amp; Chi Zhang,,,26/03/2026 10:06,27/03/2026 11:20,"Sichuan (China South-Central, China, Asia-Temperate)",E,Ranunculaceae,Coptis wawushanensis,Coptis wawushanensis,Coptis,,f,f,,,,,,,,29,28,,"Hongya County, Heishan Village, 1655 m",103,9,,,,,,,N,,,,,,,,,33110-1,PhytoKeys,urn:lsid:ipni.org:publications:20011997-1,2026,2026 [27 Mar 2026],[27 Mar 2026],"Y.T.Ma, Tao Zhou & Yang Xiao",spec.,PhytoKeys 272: 111. 2026 [27 Mar 2026] ,,"doi:10.3897/phytokeys.272.162961 [english] Etymology: 'The specific epithet is derived from the type locality, Wawu Mountain, Sichuan'.",,,11,wawushanensis,,,f,t,,holotype CDCM,,,,,Tao Zhou@20097389-1@2@aut$Y.T.Ma@20097387-1@1@aut$Yang Xiao@20097388-1@3@aut,,,tax. nov.,,1.3,f,coptis~wawushanensis,ranunculaceaecoptis~wawushanensis~,379,wfo-1000089196,,species,,,,,PhytoKeys 272: 111 (2026),https://www.ipni.org/n/77378087-1,IPNI record: 77378087-1
urn:lsid:ipni.org:names:77378088-1,Sanchir,,,,,,10: 53,,,,,,,,,,,,26/03/2026 10:25,30/03/2026 10:01,,,Caryophyllaceae,Stellaria sect. Coronulata,Stellaria sect. Coronulata,Stellaria,,f,f,,,,coronulata,,,,,,,,,,,,,,,,,,,,,,,,,30001456-2,Trudy Inst. Bot. (Ulan Bator),urn:lsid:ipni.org:publications:20063467-1,1984,1984,,Sanchir,sect.,Trudy Inst. Bot. (Ulan Bator) 10: 53. 1984 ,,"Note: translation of the type citation is 'The central species of this section is S. pulvinata Grub. (around it also: S. petraea, S. dicranoides), recorded again from the same mountains, where the type was found: Bain-Ulgiysky aymak, Tolbonor somon, Tsambagarav town.'",,,8,,,,f,t,,,Stellaria pulvinata Grubov,,,,Sanchir@8876-1@1@aut,,,tax. nov.,,1.2,f,stellariacoronulata,caryophyllaceaestellariacoronulata~~,380,wfo-1000089197,,section,,,,,Trudy Inst. Bot. (Ulan Bator) 10: 53 (1984),https://www.ipni.org/n/77378088-1,IPNI record: 77378088-1
urn:lsid:ipni.org:names:77378089-1,Li Bing Zhang & X.M.Zhou,,,,,,749(1): 111,,,,,,,,,,,,26/03/2026 10:46,26/03/2026 10:46,,,Selaginellaceae,Hypopterygiopsis spinulosovena,Hypopterygiopsis spinulosovena,Hypopterygiopsis,,f,f,,,,,,,,,,,,,,,,,,,,,,,,,,,,,17441160-1,Phytotaxa,urn:lsid:ipni.org:publications:20011462-1,2026,2026 [25 Mar 2026],[25 Mar 2026],Li Bing Zhang & X.M.Zhou,spec.,Phytotaxa 749(1): 111. 2026 [25 Mar 2026] ,,"doi:10.11646/phytotaxa.749.1.9 Published as a comb. nov., but basionym not validly published, all required elements provided in the authors' attempt to validate Selaginella spinulosovena G.Q.Gou & P.S.Wang. Type indicated, description by full and direct reference to Selaginella spinulosovena G.Q.Gou & P.S.Wang.",,,8,spinulosovena,,,f,t,,,,,,,Li Bing Zhang@36529-1@1@aut$X.M.Zhou@20021778-1@2@aut,,,tax. nov.,77341036-1,1.1,f,hypopterygiopsis~spinulosovena,selaginellaceaehypopterygiopsis~spinulosovena~,381,wfo-1200117801,,species,,,,,Phytotaxa 749(1): 111 (2026),https://www.ipni.org/n/77378089-1,IPNI record: 77378089-1
urn:lsid:ipni.org:names:77378090-1,P.Peng & Cheek,,,,,,"80(2, Suppl.): 150",,18,,9,,707,1978,,F.J.  Breteler  &amp; J.J.F.E. de Wilde,,,26/03/2026 15:51,26/03/2026 15:51,"Gabon (West-Central Tropical Africa, Africa)",,Myrsinaceae,Ardisia massaha,Ardisia massaha,Ardisia,,f,f,,,,,,,,,,,"Ogooué-Ivindo,  about  14  km.  along  the  SOMIFER-road  from  Bélinga to Makokou. 'Grotte de Massaha' Cave, c. 900-950 m",,,,,,,,,,,,,,,,,,327477-2,J. Pl. Taxon. & Geogr. (Webbia),urn:lsid:ipni.org:publications:20030053-1,2025,2025 [17 Nov 2025],[17 Nov 2025],P.Peng & Cheek,spec.,"J. Pl. Taxon. & Geogr. (Webbia) 80(2, Suppl.): 150. 2025 [17 Nov 2025] ",,"doi:10.36253/jopt-19150 [english] Etymology: named  as  a  noun  in  apposition  for  the  place  called 'Grotte de Massaha' [Massaha  cave], from where the type specimen originates.",,,11,massaha,,,f,t,,holotype WAG WAG1112951,,,,,Cheek@12442-1@2@aut$P.Peng@20097114-1@1@aut,,,tax. nov.,,1.1,f,ardisia~massaha,myrsinaceaeardisia~massaha~,382,wfo-1000089198,,species,,,,,"J. Pl. Taxon. & Geogr. (Webbia) 80(2, Suppl.): 150 (2025)",https://www.ipni.org/n/77378090-1,IPNI record: 77378090-1
urn:lsid:ipni.org:names:77378091-1,P.Peng & Cheek,,,,,,"80(2, Suppl.): 152",,8,,3,,1460,1984,,A.M. Louis,,,26/03/2026 15:54,26/03/2026 15:54,"Gabon (West-Central Tropical Africa, Africa)",,Myrsinaceae,Ardisia minuta,Ardisia minuta,Ardisia,,f,f,,,,,,,,,,,"Ngounié. Mouyanama, slope of Mount Ngondo",,,,,,,,,,,,,,,,,,327477-2,J. Pl. Taxon. & Geogr. (Webbia),urn:lsid:ipni.org:publications:20030053-1,2025,2025 [17 Nov 2025],[17 Nov 2025],P.Peng & Cheek,spec.,"J. Pl. Taxon. & Geogr. (Webbia) 80(2, Suppl.): 152. 2025 [17 Nov 2025] ",,"doi:10.36253/jopt-19150 [english] Etymology: name derived from the Latin 'minuta', small, treated as an adjective in apposition, referring to the small leaves, stems and upright stems.",,,11,minuta,,,f,t,,holotype WAG WAG1113081;isotype LBV,,,,,P.Peng@20097114-1@1@aut$Cheek@12442-1@2@aut,,,tax. nov.,,1.1,f,ardisia~minuta,myrsinaceaeardisia~minuta~,383,wfo-1000089199,,species,,,,,"J. Pl. Taxon. & Geogr. (Webbia) 80(2, Suppl.): 152 (2025)",https://www.ipni.org/n/77378091-1,IPNI record: 77378091-1
urn:lsid:ipni.org:names:77378092-1,P.O.Rosa & Proença,,,,,,19(b)-e918071: 2,,1,,9,,4108,2014,,Faria et al.,,,26/03/2026 16:01,27/03/2026 15:16,"Tocantins (Brazil North, Brazil, Southern America)",W,Myrtaceae,Myrcia fariarum,Myrcia fariarum,Myrcia,,f,f,,,,,,,,12,25,6,"Conceição do Tocantins, Margemdireita do Rio Palmas na ponte sobre a TO-050, 336 m",47,11,51,Termination of specific epithet amended as per Art. 60.8. ICN (2025).,,,,,S,,,,,,,,,30001220-2,Heringeriana,urn:lsid:ipni.org:publications:20019736-2,2026,2026 [23 Mar 2026],[23 Mar 2026],P.O.Rosa & Proença,spec.,"Heringeriana 19(b)-e918071: 2. 2026 [23 Mar 2026] , as 'fariae'",", as 'fariae'",doi:10.70782/heringeriana.v19ib Etymology: 'Myrcia fariae is a tribute to the profuse collector and botanical expert Jair Eustáquio Quintino de Faria Júnior and his family'.,,,12,fariarum,,,f,t,,holotype HEPH;isotype UB,,,,,P.O.Rosa@20041338-1@1@aut$Proença@37443-1@2@aut,,,tax. nov.,,1.5,f,myrcia~fariarum,myrtaceaemyrcia~fariarum~,384,wfo-1000089200,,species,,,,,Heringeriana 19(b)-e918071: 2 (2026),https://www.ipni.org/n/77378092-1,IPNI record: 77378092-1
urn:lsid:ipni.org:names:77378093-1,(C.Marquand) Pax & K.Hoffm.,Caryophyllaceae Lychnis atsaensis C.Marquand,(C.Marquand),155032-1,,,16c: 343,,,,,,,,,,,,26/03/2026 21:20,27/03/2026 14:12,,,Caryophyllaceae,Melandrium atsaense,Melandrium atsaense,Melandrium,,f,f,,,,,,,,,,,,,,,,,,,,,,,,,,,,null:,6350-1,"Nat. Pflanzenfam., ed. 2 [Engler & Prantl]",urn:lsid:ipni.org:publications:14496-2,1934,1934,,Pax & K.Hoffm.,spec.,"Nat. Pflanzenfam., ed. 2 [Engler & Prantl] 16c: 343. 1934 ",,Name added via registration. Protologue not seen by the IPNI editors. If you have access to the protologue please email a copy to us via the 'contact us' link at the top of the page.,,,11,atsaense,,,f,t,,,,,,,Pax@7425-1@1@aut$C.Marquand@6122-1@3@bas$K.Hoffm.@4016-1@2@aut,,,comb. nov.,,1.3,f,melandrium~atsaense,caryophyllaceaemelandrium~atsaense~,385,wfo-0001238387,,species,,,,,"Nat. Pflanzenfam., ed. 2 [Engler & Prantl] 16c: 343 (1934)",https://www.ipni.org/n/77378093-1,IPNI record: 77378093-1
urn:lsid:ipni.org:names:77378094-1,(Morariu) Vereecke,Fagaceae Quercus × getica Morariu,(Morariu),359660-1,,,33: 54,,,,,,,,,,,,27/03/2026 01:30,30/03/2026 16:23,,,Fagaceae,Quercus haynaldiana nothosubsp. getica,Quercus haynaldiana nothosubsp. getica,Quercus,,t,f,60459295-2,(Quercus robur L. subsp. pedunculiflora (K.Koch) Menitsky),,,getica,,,,,,,,,,,,,,,,,,,,,,,null:,296241-1,Int. Oaks,urn:lsid:ipni.org:publications:20000034-1,2022,2022 [May 2022],[May 2022],Vereecke,nothosubsp.,Int. Oaks 33: 54. 2022 [May 2022] ,,,,,11,haynaldiana,Simonk.,,f,t,,,,,,,Morariu@6629-1@2@bas$Vereecke@20097268-1@1@aut,Simonk.@9674-1@1@aut,,comb. et stat. nov.,,1.5,f,quercus~haynaldianagetica,fagaceaequercus~haynaldianagetica,386,wfo-1200117752,,subspecies,,,,,Int. Oaks 33: 54 (2022),https://www.ipni.org/n/77378094-1,IPNI record: 77378094-1
urn:lsid:ipni.org:names:77378095-1,Georgescu & Ciobanu,,,,,,17(3): 245,,,,,,,,,,,,27/03/2026 01:43,30/03/2026 16:23,,,Fagaceae,Quercus haynaldiana nothof. heuffelii,Quercus haynaldiana nothof. heuffelii,Quercus,,t,f,"927594-1,304293-2",(Quercus frainetto Ten. × Quercus robur L.),,,heuffelii,,,,,,,,,,nom. inval.    Contrary to Art. 39.1. ICN (2025). No Latin description; Contrary to Art. 40.1. ICN (2025). Type not indicated.,,nom. inval.,,,,,,,,,,,,296241-1,"Stud. Cercet. Biol. (Bucharest), Ser. Bot.",urn:lsid:ipni.org:publications:20028246-1,1965,1965,,Georgescu & Ciobanu,nothof.,"Stud. Cercet. Biol. (Bucharest), Ser. Bot. 17(3): 245. 1965 ",,Etymology: Honours Johann A. Heuffel (1800-1857). Note: No full and direct reference to potential basionym: Quercus × heuffelii Simonk. (1883).,,,9,haynaldiana,Simonk.,,f,t,,,,,,,Ciobanu@1651-1@2@aut$Georgescu@3092-1@1@aut,Simonk.@9674-1@1@aut,,tax. nov.,,1.6,f,quercus~haynaldianaheuffelii,fagaceaequercus~haynaldianaheuffelii,387,wfo-1200117802,,form,invalid,,,,"Stud. Cercet. Biol. (Bucharest), Ser. Bot. 17(3): 245 (1965)",https://www.ipni.org/n/77378095-1,IPNI record: 77378095-1
urn:lsid:ipni.org:names:77378096-1,Coss. ex Pit.,,,,,,14,,,,,,,,,,,,27/03/2026 03:41,27/03/2026 14:36,,,Caryophyllaceae,Silene mogadorensis,Silene mogadorensis,Silene,,f,f,,,,,,,,,,,,,,,nom. inval. nom. nud.,,nom. inval.,,,,,,,,,,,,331962-2,"Explor. Sci. Maroc, Bot.",urn:lsid:ipni.org:publications:20063474-1,1913,1913,,Coss. ex Pit.,spec.,"Explor. Sci. Maroc, Bot. 14. 1913 ",,,,,9,mogadorensis,,,f,t,,,,,,,Coss.@17452-1@1@aut$Pit.@24898-1@2@autEx,,,tax. nov.,,1.3,f,silene~mogadorensis,caryophyllaceaesilene~mogadorensis~,388,wfo-1200117803,,species,invalid,,,,"Explor. Sci. Maroc, Bot. 14 (1913)",https://www.ipni.org/n/77378096-1,IPNI record: 77378096-1
urn:lsid:ipni.org:names:77378097-1,Coss. & Balansa,,,,,,"1(4): 126, t. 80, t. 81",,,,,,,,,,,,27/03/2026 04:19,31/03/2026 10:01,,,Caryophyllaceae,Silene mogadorensis,Silene mogadorensis,Silene,,f,f,,,,,,,,,,,,,,,,,,,,,,,,,,,,,331962-2,Ill. Fl. Atlant.,urn:lsid:ipni.org:publications:9057-2,1891,1891 [1890 publ. 10 Jan 1891],[1890 publ. 10 Jan 1891],Coss. & Balansa,spec.,"Ill. Fl. Atlant. 1(4): 126, t. 80, t. 81. 1891 [1890 publ. 10 Jan 1891] ",,Protologue available online at Biblioteca Digital del Real Jardín Botánico de Madrid: https://bibdigital.rjb.csic.es/viewer/12917/#page=128&viewer=picture&o=bookmark&n=0&q=,,,8,mogadorensis,,,f,t,,,,,,,Coss.@17452-1@1@aut$Balansa@416-1@2@aut,,,tax. nov.,,1.4,f,silene~mogadorensis,caryophyllaceaesilene~mogadorensis~,389,wfo-0000440730,,species,,,,,"Ill. Fl. Atlant. 1(4): 126, t. 80, t. 81 (1891)",https://www.ipni.org/n/77378097-1,IPNI record: 77378097-1
urn:lsid:ipni.org:names:77378098-1,A.S.D.Irsyam & M.R.Hariri,,,,,,30: 36,,26,,4,,1001,2025,,M.R.Hariri,,,27/03/2026 08:29,27/03/2026 13:58,"Sumatera (Malesia, Asia-Tropical)",,Araceae,Homalomena pachyderma,Homalomena pachyderma,Homalomena,,f,f,,,,,,,,,,,"North Sumatra, Central Tapanuli, Aek Nabobar",,,,,,,,,,,,,,,,,,30057762-2,Telopea,urn:lsid:ipni.org:publications:2986-2,2026,2026 [27 Mar 2026],[27 Mar 2026],A.S.D.Irsyam & M.R.Hariri,spec.,Telopea 30: 36. 2026 [27 Mar 2026] ,,"doi:10.7751/telopea21461 [english] Etymology: 'The specific epithet pachyderma is derived f rom the Greek words pachys (thick) and derma (skin), referring to the thick, leathery texture of the leaf blades'.",,,11,pachyderma,,,f,t,,holotype FIPIA;isotype BO,,Original collection on 7 Feb 2021 by Mudin Siregar. Cultivated in a private nursery in Bogor (INDONESIA: WEST JAVA PROVINCE).,,,M.R.Hariri@20072206-1@2@aut$A.S.D.Irsyam@20072205-1@1@aut,,,tax. nov.,,1.3,f,homalomena~pachyderma,araceaehomalomena~pachyderma~,390,wfo-1000089201,,species,,,,,Telopea 30: 36 (2026),https://www.ipni.org/n/77378098-1,IPNI record: 77378098-1
urn:lsid:ipni.org:names:77378099-1,A.S.D.Irsyam & M.R.Hariri,,,,,,30: 38,,31,,5,,1002,2025,,M.R.Hariri,,,27/03/2026 08:33,27/03/2026 14:02,"Sumatera (Malesia, Asia-Tropical)",,Araceae,Homalomena pulopadangensis,Homalomena pulopadangensis,Homalomena,,f,f,,,,,,,,,,,"North Sumatra, Mandailing Natal Regency, Lingga Bayu, Pulo Padang KM. 5",,,,,,,,,,,,,,,,,,30057762-2,Telopea,urn:lsid:ipni.org:publications:2986-2,2026,2026 [27 Mar 2026],[27 Mar 2026],A.S.D.Irsyam & M.R.Hariri,spec.,Telopea 30: 38. 2026 [27 Mar 2026] ,,doi:10.7751/telopea21461 [english] Etymology: 'The specific epithet pulopadangensis refers to its type locality'.,,,11,pulopadangensis,,,f,t,,holotype FIPIA;isotype BO,,Cultivated in a private nursery in Bogor (INDONESIA: WEST JAVA PROVINCE).,,,A.S.D.Irsyam@20072205-1@1@aut$M.R.Hariri@20072206-1@2@aut,,,tax. nov.,,1.3,f,homalomena~pulopadangensis,araceaehomalomena~pulopadangensis~,391,wfo-1000089202,,species,,,,,Telopea 30: 38 (2026),https://www.ipni.org/n/77378099-1,IPNI record: 77378099-1
urn:lsid:ipni.org:names:77378100-1,A.S.D.Irsyam & M.R.Hariri,,,,,,30: 40,,26,,4,,1000,2025,,M.R.Hariri,,,27/03/2026 08:37,27/03/2026 14:05,"Sumatera (Malesia, Asia-Tropical)",,Araceae,Homalomena uncinata,Homalomena uncinata,Homalomena,,f,f,,,,,,,,,,,North Sumatra: South Tapanuli,,,,,,,,,,,,,,,,,,30057762-2,Telopea,urn:lsid:ipni.org:publications:2986-2,2025,2025 [27 Mar 2025],[27 Mar 2025],A.S.D.Irsyam & M.R.Hariri,spec.,Telopea 30: 40. 2025 [27 Mar 2025] ,,doi:10.7751/telopea21461 [english] Etymology: 'The specific epithet uncinata refers to the presence of hooked hairs on the adaxial leaf surface'.,,,11,uncinata,,,f,t,,holotype FIPIA;isotype BO,,Cultivated in a private nursery in Bogor (INDONESIA: WEST JAVA PROVINCE).,,,A.S.D.Irsyam@20072205-1@1@aut$M.R.Hariri@20072206-1@2@aut,,,tax. nov.,,1.3,f,homalomena~uncinata,araceaehomalomena~uncinata~,392,wfo-1000089203,,species,,,,,Telopea 30: 40 (2025),https://www.ipni.org/n/77378100-1,IPNI record: 77378100-1
urn:lsid:ipni.org:names:77378101-1,Harv.,,,,,,2: 594,,,,,,,,,,,,27/03/2026 09:45,27/03/2026 09:45,,,Leguminosae,Argyrolobium speciosum var. glaberrimum,Argyrolobium speciosum var. glaberrimum,Argyrolobium,,f,f,,,,,glaberrimum,,,,,,,,,,,,,,,,,,,,,,,,475254-1,Fl. Cap. (Harvey),urn:lsid:ipni.org:publications:954-2,1862,1862 [15-31 Oct 1862],[15-31 Oct 1862],Harv.,var.,Fl. Cap. (Harvey) 2: 594. 1862 [15-31 Oct 1862] ,,,,,8,speciosum,Eckl. & Zeyh.,,f,t,,,,,,,Harv.@3705-1@1@aut,Eckl.@2457-1@1@aut$Zeyh.@13042-1@2@aut,,tax. nov.,,1.1,f,argyrolobium~speciosumglaberrimum,leguminosaeargyrolobium~speciosumglaberrimum,393,wfo-0001440239,,variety,,,,,Fl. Cap. (Harvey) 2: 594 (1862),https://www.ipni.org/n/77378101-1,IPNI record: 77378101-1
urn:lsid:ipni.org:names:77378103-1,(O.Berg) Tuler & Proença,Myrtaceae Psidium [infragen.unranked] Albotomentosa O.Berg,(O.Berg),77312129-1,,,19(b)-e918061: 1,,,,,,,,,,,,27/03/2026 15:09,27/03/2026 15:09,,,Myrtaceae,Psidium sect. Albotomentosa,Psidium sect. Albotomentosa,Psidium,,f,f,,,,albotomentosa,,,,,,,,,,,,,,,,,,,,,,,,,30004423-2,Heringeriana,urn:lsid:ipni.org:publications:20019736-2,2025,2025 [18 Jun 2025],[18 Jun 2025],Tuler & Proença,sect.,Heringeriana 19(b)-e918061: 1. 2025 [18 Jun 2025] ,,doi:10.70782/heringeriana.v19ib.918061,,,11,,,,f,t,,,,,,,Tuler@20031207-1@1@aut$Proença@37443-1@2@aut$O.Berg@677-1@3@bas,,,stat. nov.,,1.1,f,psidiumalbotomentosa,myrtaceaepsidiumalbotomentosa~~,394,wfo-1200117804,,section,,,,,Heringeriana 19(b)-e918061: 1 (2025),https://www.ipni.org/n/77378103-1,IPNI record: 77378103-1
urn:lsid:ipni.org:names:77378104-1,(Gardner) Proença,Myrtaceae Eugenia virgata Gardner,(Gardner),596343-1,,,19(b)-e918061: 1,,,,,,,,,,,,27/03/2026 15:20,27/03/2026 15:23,,,Myrtaceae,Myrceugenia alpigena var. virgata,Myrceugenia alpigena var. virgata,Myrceugenia,,f,f,,,,,virgata,,,,,,,,,,,,,,,,,,,,,,,,598493-1,Heringeriana,urn:lsid:ipni.org:publications:20019736-2,2025,2025 [18 Jun 2025],[18 Jun 2025],Proença,var.,Heringeriana 19(b)-e918061: 1. 2025 [18 Jun 2025] ,,doi:10.70782/heringeriana.v19ib.918061,,,11,alpigena,(DC.) Landrum,,f,t,,,,,,,Proença@37443-1@1@aut$Gardner@3026-1@2@bas,Landrum@12191-1@1@aut$DC.@16855-1@2@bas,,comb. et stat. nov.,20008035-1,1.2,f,myrceugenia~alpigenavirgata,myrtaceaemyrceugenia~alpigenavirgata,395,wfo-0000336596,,variety,,,,,Heringeriana 19(b)-e918061: 1 (2025),https://www.ipni.org/n/77378104-1,IPNI record: 77378104-1
urn:lsid:ipni.org:names:77378105-1,Dum.-Tǎt.,,,,,,6(3): 449,,,,,,,,,,,,27/03/2026 16:42,31/03/2026 14:52,"Romania (Southeastern Europe, Europe)",,Fagaceae,Quercus × venusta,Quercus × venusta,Quercus,,t,f,"296575-1,296037-1",(Quercus pedunculiflora K.Koch × Quercus dalechampii Ten.),,,,,,,,,,,,,,,,,,,,,,,,,,,325819-2,Comun. Acad. Republ. Populare Romîne,urn:lsid:ipni.org:publications:20063475-1,1956,1956,,Dum.-Tǎt.,spec.,Comun. Acad. Republ. Populare Romîne 6(3): 449. 1956 ,,"'Reg. Galați: Hanu Conache (Raion Lieşti)...Typus in herb. ICES, Bucurestiensi. Revid. Prof. O. Schwar",,,9,venusta,,,f,t,,,,,,,Dum.-Tǎt.@13477-1@1@aut,,,tax. nov.,,1.2,f,quercus~venusta,fagaceaequercus~venusta~,396,wfo-1000089204,,species,,,,,Comun. Acad. Republ. Populare Romîne 6(3): 449 (1956),https://www.ipni.org/n/77378105-1,IPNI record: 77378105-1
urn:lsid:ipni.org:names:77378106-1,(Dum.-Tǎt.) Vereecke,Fagaceae Quercus × venusta Dum.-Tǎt.,(Dum.-Tǎt.),77378105-1,,,33: 55,,,,,,,,,,,,27/03/2026 16:43,27/03/2026 16:43,,,Fagaceae,Quercus × pseudodalechampii nothosubsp. venusta,Quercus × pseudodalechampii nothosubsp. venusta,Quercus,,f,f,"77326616-1,60459295-2",(Quercus aurea Wierzb. × Quercus robur L. subsp. pedunculiflora (K.Koch) Menitsky),,,venusta,,,,,,,,,,,,,,,,,,,,,,,,360004-1,Int. Oaks,urn:lsid:ipni.org:publications:20000034-1,2022,2022,,Vereecke,nothosubsp.,Int. Oaks 33: 55. 2022 ,,,,,11,pseudodalechampii,Cretz.,,f,t,,,,,,,Dum.-Tǎt.@13477-1@2@bas$Vereecke@20097268-1@1@aut,Cretz.@17513-1@1@aut,,comb. et stat. nov.,,1.1,f,quercus~pseudodalechampiivenusta,fagaceaequercus~pseudodalechampiivenusta,397,wfo-1200117753,,subspecies,,,,,Int. Oaks 33: 55 (2022),https://www.ipni.org/n/77378106-1,IPNI record: 77378106-1
urn:lsid:ipni.org:names:77378107-1,Sennen,,,,,,50,,,,,,,,,,,,27/03/2026 22:11,30/03/2026 11:18,,,Caryophyllaceae,Silene gallica var. chermezonis,Silene gallica var. chermezonis,Silene,,f,f,,,,,chermezonis,,,,,,,,,,,,,,,,,,,,,,,,332106-2,Diagn. Nouv.,urn:lsid:ipni.org:publications:1173-2,1936,1936 [Jul 1936],[Jul 1936],Sennen,var.,Diagn. Nouv. 50. 1936 [Jul 1936] ,,"Published simultaneously with Silene gallica subsp. chermezonis as alternative names (which, prior to 1953, are considered to be validly published (Art. 36.3. ICN (2025)).",,,8,gallica,L.,,f,t,,,,,,,Sennen@9488-1@1@aut,L.@0-0@0@aut,,tax. nov.,,1.3,f,silene~gallicachermezonis,caryophyllaceaesilene~gallicachermezonis,398,wfo-1200117754,,variety,,,,,Diagn. Nouv. 50 (1936),https://www.ipni.org/n/77378107-1,IPNI record: 77378107-1
urn:lsid:ipni.org:names:77378108-1,Sennen,,,,,,50,,,,,,,,,,,,27/03/2026 22:14,30/03/2026 11:17,,,Caryophyllaceae,Silene gallica subsp. chermezonis,Silene gallica subsp. chermezonis,Silene,,f,f,,,,,chermezonis,,,,,,,,,,,,,,,,,,,,,,,,332106-2,Diagn. Nouv.,urn:lsid:ipni.org:publications:1173-2,1936,1936 [Jul 1936],[Jul 1936],Sennen,subsp.,Diagn. Nouv. 50. 1936 [Jul 1936] ,,"Published simultaneously with Silene gallica var. chermezonis as alternative names (which, prior to 1953, are considered to be validly published (Art. 36.3. ICN (2025)).",,,8,gallica,L.,,f,t,,,,,,,Sennen@9488-1@1@aut,L.@0-0@0@aut,,tax. nov.,,1.3,f,silene~gallicachermezonis,caryophyllaceaesilene~gallicachermezonis,399,wfo-1200117806,,subspecies,,,,,Diagn. Nouv. 50 (1936),https://www.ipni.org/n/77378108-1,IPNI record: 77378108-1
urn:lsid:ipni.org:names:77378109-1,Maire,,,,,,10: 268,,,,,,,,,,,,28/03/2026 06:11,09/04/2026 15:55,,,Caryophyllaceae,Silene mollissima var. oranensis,Silene mollissima var. oranensis,Silene,,f,f,,,,,oranensis,,,,,,,,,,"nom. inval.    Contrary to Art. 39.1. ICN (2025). No Latin description. In addition, there is no type indicated, only a locality (see Art. 40.3, Note 2).",,nom. inval.,,,,,,,,,,,,157837-1,Fl. Afrique N.,urn:lsid:ipni.org:publications:1114-2,1963,1963,,Maire,var.,Fl. Afrique N. 10: 268. 1963 ,,,,,9,mollissima,Pers.,,f,t,,,,,,,Maire@6001-1@1@aut,L.@12653-1@2@bas$Pers.@24750-1@1@aut,,tax. nov.,,1.5,f,silene~mollissimaoranensis,caryophyllaceaesilene~mollissimaoranensis,400,wfo-1200117755,,variety,invalid,,,,Fl. Afrique N. 10: 268 (1963),https://www.ipni.org/n/77378109-1,IPNI record: 77378109-1
urn:lsid:ipni.org:names:77378110-1,(Pomel) Pau,Caryophyllaceae Silene auriculifolia Pomel,(Pomel),156875-1,,,12: 290,,,,,,,,,,,,28/03/2026 06:17,30/03/2026 12:52,,,Caryophyllaceae,Silene tomentosa var. auriculifolia,Silene tomentosa var. auriculifolia,Silene,,f,f,,,,,auriculifolia,,,,,,,,,,,,,,,,,,,,,,,null:,158541-1,Mem. Real Soc. Esp. Hist. Nat.,urn:lsid:ipni.org:publications:8260-2,1921,1921,,Pau,var.,Mem. Real Soc. Esp. Hist. Nat. 12: 290. 1921 ,,,,,11,tomentosa,Otth,,f,t,,,,,,,Pau@7401-1@1@aut$Pomel@7823-1@2@bas,Otth@0-0@1@aut,,comb. et stat. nov.,,1.3,f,silene~tomentosaauriculifolia,caryophyllaceaesilene~tomentosaauriculifolia,401,wfo-1200117756,,variety,,,,,Mem. Real Soc. Esp. Hist. Nat. 12: 290 (1921),https://www.ipni.org/n/77378110-1,IPNI record: 77378110-1
urn:lsid:ipni.org:names:77378111-1,(Pomel) Maire,Caryophyllaceae Silene auriculifolia Pomel,(Pomel),156875-1,,,28: 343,,,,,,,,,,,,28/03/2026 06:19,30/03/2026 12:57,,,Caryophyllaceae,Silene mollissima subsp. auriculifolia,Silene mollissima subsp. auriculifolia,Silene,,f,f,,,,,auriculifolia,,,,,,,,,,,,,,,,,,,,,,,null:,157837-1,Bull. Soc. Hist. Nat. Afrique N.,urn:lsid:ipni.org:publications:582-2,1937,1937 [May 1937],[May 1937],Maire,subsp.,Bull. Soc. Hist. Nat. Afrique N. 28: 343. 1937 [May 1937] ,,,,,11,mollissima,Pers.,,f,t,,,,,,,Pomel@7823-1@2@bas$Maire@6001-1@1@aut,Pers.@24750-1@1@aut$L.@12653-1@2@bas,,comb. et stat. nov.,,1.3,f,silene~mollissimaauriculifolia,caryophyllaceaesilene~mollissimaauriculifolia,402,wfo-1200117757,,subspecies,,,,,Bull. Soc. Hist. Nat. Afrique N. 28: 343 (1937),https://www.ipni.org/n/77378111-1,IPNI record: 77378111-1
urn:lsid:ipni.org:names:77378112-1,"R.P.P.Ahmad, Yudistira & Mustaqim",,,,,,30: 82,,3,,7,,YRY-054-BR,2024,,Yudistira et al.,,,29/03/2026 07:32,30/03/2026 10:32,"Kalimantan (Borneo, Malesia, Asia-Tropical)",E,Asclepiadaceae,Hoya bukitrayaensis,Hoya bukitrayaensis,Hoya,,f,f,,,,,,,,,38,45,"West Kalimantan Province, Serawai, Rantau Malam, Linang camp, 1400 m",112,39,23,,,,,,S,,,,,,,,,60437256-2,Telopea,urn:lsid:ipni.org:publications:2986-2,2026,2026 [27 Mar 2026],[27 Mar 2026],"R.P.P.Ahmad, Yudistira & Mustaqim",spec.,Telopea 30: 82. 2026 [27 Mar 2026] ,,"doi:10.7751/telopea21636 [english] Etymology: the specific epithet refers to the collection locality of the type material, Bukit Raya in West Kalimantan, Indonesia.",,,11,bukitrayaensis,,,f,t,,holotype WAN,,,,,Mustaqim@20043161-1@3@aut$R.P.P.Ahmad@20047123-1@1@aut$Yudistira@20045086-1@2@aut,,,tax. nov.,,1.3,f,hoya~bukitrayaensis,asclepiadaceaehoya~bukitrayaensis~,403,wfo-1000089205,,species,,,,,Telopea 30: 82 (2026),https://www.ipni.org/n/77378112-1,IPNI record: 77378112-1
urn:lsid:ipni.org:names:77378219-1,Lapeyr.,,,,,,Suppl.: 9,,,,,,,,,,,,30/03/2026 06:06,30/03/2026 14:26,,,Iridaceae,Ixia bulbocodium var. caulescens,Ixia bulbocodium var. caulescens,Ixia,,f,f,,,,,caulescens,,,,,,,,,,,,,,,,,,,,,,,,439329-1,Hist. Pl. Pyrenées,urn:lsid:ipni.org:publications:8871-2,1818,1818,,Lapeyr.,var.,Hist. Pl. Pyrenées Suppl.: 9. 1818 ,,Protologue available onine at: https://bibdigital.rjb.csic.es/viewer/9479/?offset=#page=21&viewer=picture&o=bookmark&n=0&q=,,,8,bulbocodium,(L.) L.,,f,t,,,,,,,Lapeyr.@5279-1@1@aut,L.@12653-1@2@bas$L.@12653-1@1@aut,,tax. nov.,,1.3,f,ixia~bulbocodiumcaulescens,iridaceaeixia~bulbocodiumcaulescens,404,wfo-1200117758,,variety,,,,,Hist. Pl. Pyrenées Suppl.: 9 (1818),https://www.ipni.org/n/77378219-1,IPNI record: 77378219-1
urn:lsid:ipni.org:names:77378220-1,Soca,,,,,,286: 6,,14,,5,,RS.2014.505,2014,,R.Soca,,,30/03/2026 07:31,30/03/2026 11:01,"Italy (Italy, Southeastern Europe, Europe)",,Orchidaceae,Ophrys × ramonii,Ophrys × ramonii,Ophrys,,t,f,"60437428-2,77377205-1",(Ophrys dinarica Kranjčev & P.Delforge × Ophrys incerulae Soca),,,,,,,,,"Lazio, Rieti, Borgorose, Torano, 769 m",,,,,,,,,,,,,,,,,,30162-1,Carnets Bot.,urn:lsid:ipni.org:publications:20027545-1,2026,2026 [11 Jan 2026],[11 Jan 2026],Soca,spec.,Carnets Bot. 286: 6. 2026 [11 Jan 2026] ,,"doi:10.34971/S773-2D74  Etymology: the epithet is dedicated to the author's friend Carlo Ramoni, scientific researcher at the National Institute of Health in Rome.",,,11,ramonii,,,f,t,,holotype FI,,,,,Soca@37067-1@1@aut,,,tax. nov.,,1.4,f,ophrys~ramonii,orchidaceaeophrys~ramonii~,405,wfo-1000089206,,species,,,,,Carnets Bot. 286: 6 (2026),https://www.ipni.org/n/77378220-1,IPNI record: 77378220-1
urn:lsid:ipni.org:names:77378221-1,Boiss.,,,,,,1: 589,,,,,,,,,,,,30/03/2026 08:28,30/03/2026 14:30,,,Caryophyllaceae,Silene racemosa var. rubriflora,Silene racemosa var. rubriflora,Silene,,f,f,,,,,rubriflora,,,,,,,,,,,,,,,,,,,,,,,,158189-1,Fl. Orient. [Boissier],urn:lsid:ipni.org:publications:945-2,1867,1867 [Apr-Jun 1867],[Apr-Jun 1867],Boiss.,var.,Fl. Orient. [Boissier] 1: 589. 1867 [Apr-Jun 1867] ,,,,,8,racemosa,Otth,,f,t,,,,,,,Boiss.@16284-1@1@aut,Otth@0-0@1@aut,,tax. nov.,,1.3,f,silene~racemosarubriflora,caryophyllaceaesilene~racemosarubriflora,406,wfo-1200117759,,variety,,,,,Fl. Orient. [Boissier] 1: 589 (1867),https://www.ipni.org/n/77378221-1,IPNI record: 77378221-1
urn:lsid:ipni.org:names:77378222-1,X.X.Bai & K.Tan,,,,,,749(2): 178,,18,,4,,TRDXG20210418,2021,,Xin-Xiang Bai et al.,,,30/03/2026 09:51,30/03/2026 09:51,"Guizhou (China South-Central, China, Asia-Temperate)",E,Gesneriaceae,Petrocodon dealbatus var. minimus,Petrocodon dealbatus var. minimus,Petrocodon,,f,f,,,,,minimus,,,27,53,12,"Tongren City, Songtao County, Tongren Grand Canyon, 472 m",109,14,42,,,,,,N,,,,,,,,,382281-1,Phytotaxa,urn:lsid:ipni.org:publications:20011462-1,2026,2026 [26 Mar 2026],[26 Mar 2026],X.X.Bai & K.Tan,var.,Phytotaxa 749(2): 178. 2026 [26 Mar 2026] ,,doi:10.11646/phytotaxa.749.2.5 Etymology: the varietal epithet is a reference to the small size of this variety.,,,11,dealbatus,Hance,,f,t,,holotype GZAC;isotype IBK,,,,,K.Tan@20043543-1@2@aut$X.X.Bai@20047390-1@1@aut,Hance@3609-1@1@aut,,tax. nov.,,1.1,f,petrocodon~dealbatusminimus,gesneriaceaepetrocodon~dealbatusminimus,407,wfo-1200117760,,variety,,,,,Phytotaxa 749(2): 178 (2026),https://www.ipni.org/n/77378222-1,IPNI record: 77378222-1
urn:lsid:ipni.org:names:77378223-1,T.V.Do,,,,,,749(2): 187,,8,,1,,ĐVT 1184,2026,,Do Van Truong,,,30/03/2026 09:57,30/03/2026 09:57,"Vietnam (Indo-China, Asia-Tropical)",,Gesneriaceae,Raphiocarpus tonkinensis,Raphiocarpus tonkinensis,Raphiocarpus,,f,f,,,,,,,,,,,"Thanh Hoa Province, Pu Luong Nature Reserve",,,,,,,,,,,,,,,,,,17180-1,Phytotaxa,urn:lsid:ipni.org:publications:20011462-1,2026,2026 [26 Mar 2026],[26 Mar 2026],T.V.Do,spec.,Phytotaxa 749(2): 187. 2026 [26 Mar 2026] ,,"doi:10.11646/phytotaxa.749.2.6 Etymology: the specific epithet refers to the former name of Northern Vietnam, where this species was first collected.",,,11,tonkinensis,,,f,t,,holotype VNMN;isotype VNMN;isotype IBK,,,,,T.V.Do@20024831-1@1@aut,,,tax. nov.,,1.1,f,raphiocarpus~tonkinensis,gesneriaceaeraphiocarpus~tonkinensis~,408,wfo-1000089207,,species,,,,,Phytotaxa 749(2): 187 (2026),https://www.ipni.org/n/77378223-1,IPNI record: 77378223-1
urn:lsid:ipni.org:names:77378224-1,"Sindhu Arya, Vineeth, Salvy, Lekshmi & Rogimon",,,,,,749(2): 194,,5,,8,,,2024,,"Arya, Vineeth, Salvy &amp; Rogimon",,,30/03/2026 10:18,30/03/2026 10:18,"Kerala (India, Indian Subcontinent, Asia-Tropical)",,Caryophyllaceae,Polycarpaea apetala,Polycarpaea apetala,Polycarpaea,,f,f,,,,,,,,,,,Thiruvananthapuram district Kottur 180 m,,,,,,,,,,,,,,,,,,331871-2,Phytotaxa,urn:lsid:ipni.org:publications:20011462-1,2026,2026 [26 Mar 2026],[26 Mar 2026],"Sindhu Arya, Vineeth, Salvy, Lekshmi & Rogimon",spec.,Phytotaxa 749(2): 194. 2026 [26 Mar 2026] ,,doi:10.11646/phytotaxa.749.2.7,,,10,apetala,,,f,t,,holotype CMS;isotype RHK,,,,,Rogimon@20031435-1@5@aut$Salvy@20097492-1@3@aut$Vineeth@20097491-1@2@aut$Sindhu Arya@20041229-1@1@aut$Lekshmi@20097493-1@4@aut,,,tax. nov.,,1.1,f,polycarpaea~apetala,caryophyllaceaepolycarpaea~apetala~,409,wfo-1000089208,,species,,,,,Phytotaxa 749(2): 194 (2026),https://www.ipni.org/n/77378224-1,IPNI record: 77378224-1
urn:lsid:ipni.org:names:77378225-1,Behçet,,,,,,749(2): 201,,31,,3,,21485,2025,,Behçet,,,30/03/2026 10:25,30/03/2026 10:25,"Turkey (Western Asia, Asia-Temperate)",,Liliaceae,Gagea baskilensis,Gagea baskilensis,Gagea,,f,f,,,,,,,,,,,"Elazığ Province: Baskil Disrict, Tavşanuşağı, ca. 1500 m",,,,,,,,,,,,,,,,,,24276-1,Phytotaxa,urn:lsid:ipni.org:publications:20011462-1,2026,2026 [26 Mar 2026],[26 Mar 2026],Behçet,spec.,Phytotaxa 749(2): 201. 2026 [26 Mar 2026] ,,"doi:10.11646/phytotaxa.749.2.8 Etymology: the specific epithet refers to Baskil District, Turkey, where this species was first collected.",,,11,baskilensis,,,f,t,,holotype BIN;isotype BIN;isotype ANK,,,,,Behçet@39529-1@1@aut,,,tax. nov.,,1.1,f,gagea~baskilensis,liliaceaegagea~baskilensis~,410,wfo-1000089209,,species,,,,,Phytotaxa 749(2): 201 (2026),https://www.ipni.org/n/77378225-1,IPNI record: 77378225-1
urn:lsid:ipni.org:names:77378226-1,Szeląg,,,,,,749(2): 209,,16,,7,,,2025,,Z.Szeląg,,,30/03/2026 10:34,30/03/2026 10:34,"Poland (Middle Europe, Europe)",,Asteraceae,Hieracium bronae,Hieracium bronae,Hieracium,,f,f,,,,,,,,,,,"Western Carpathians, Mt. Babia Góra massif, northern slope below the Brona pass, along a tourist path, 1380 m",,,,,,,,,,,,,,,,,,330082-2,Phytotaxa,urn:lsid:ipni.org:publications:20011462-1,2026,2026 [26 Mar 2026],[26 Mar 2026],Szeląg,spec.,Phytotaxa 749(2): 209. 2026 [26 Mar 2026] ,,doi:10.11646/phytotaxa.749.2.9,,,10,bronae,,,f,t,,holotype KRAM;isotype Herb. Hierac. Z.Szeląg,,,,,Szeląg@39474-1@1@aut,,,tax. nov.,,1.1,f,hieracium~bronae,asteraceaehieracium~bronae~,411,wfo-1000088936,,species,,,,,Phytotaxa 749(2): 209 (2026),https://www.ipni.org/n/77378226-1,IPNI record: 77378226-1
urn:lsid:ipni.org:names:77378227-1,Szeląg,,,,,,749(2): 211,,17,,7,,,2020,,Z.Szeląg,,,30/03/2026 10:48,30/03/2026 10:48,"Poland (Middle Europe, Europe)",,Asteraceae,Hieracium rohacsensiforme,Hieracium rohacsensiforme,Hieracium,,f,f,,,,,,,,,,,"Western Carpathians, Mt. Babia Góra massif, N-W slope of Mt. diablak, on the rocks along a tourist path well-known as the Academics Path, 1520 m",,,,,,,,,,,,,,,,,,330082-2,Phytotaxa,urn:lsid:ipni.org:publications:20011462-1,2026,2026 [26 Mar 2026],[26 Mar 2026],Szeląg,spec.,Phytotaxa 749(2): 211. 2026 [26 Mar 2026] ,,doi:10.11646/phytotaxa.749.2.9,,,10,rohacsensiforme,,,f,t,,holotype KRAM;isotype Herb. Hierac. Z.Szeląg,,,,,Szeląg@39474-1@1@aut,,,tax. nov.,,1.1,f,hieracium~rohacsensiforme,asteraceaehieracium~rohacsensiforme~,412,wfo-1000088937,,species,,,,,Phytotaxa 749(2): 211 (2026),https://www.ipni.org/n/77378227-1,IPNI record: 77378227-1
urn:lsid:ipni.org:names:77378228-1,Chrtek f. & Szeląg,,,,,,749(2): 215,,13,,7,,,2005,,J.Chrtek,,,30/03/2026 11:02,30/03/2026 11:02,"Slovakia (Czechoslovakia, Middle Europe, Europe)",E,Asteraceae,Hieracium scituliforme,Hieracium scituliforme,Hieracium,,f,f,,,,,,,,48,55,24,"Nízke Tatry Mts, central part, ca. 100 m WSW of Mt. Panská hoľa (summit), 1633 m",19,41,20,,,,,,N,,,,,,,,,330082-2,Phytotaxa,urn:lsid:ipni.org:publications:20011462-1,2026,2026 [26 Mar 2026],[26 Mar 2026],Chrtek f. & Szeląg,spec.,Phytotaxa 749(2): 215. 2026 [26 Mar 2026] ,,doi:10.11646/phytotaxa.749.2.10,,,10,scituliforme,,,f,t,,holotype PRA;isotype PRC;isotype Herb. Hierac. Z.Szelag,,,,,Chrtek f.@37232-1@1@aut$Szeląg@39474-1@2@aut,,,tax. nov.,,1.1,f,hieracium~scituliforme,asteraceaehieracium~scituliforme~,413,wfo-1000088938,,species,,,,,Phytotaxa 749(2): 215 (2026),https://www.ipni.org/n/77378228-1,IPNI record: 77378228-1
urn:lsid:ipni.org:names:77378229-1,"Malpure, P.S.Raut, Sardesai & B.De Jong",,,,,,749(3): 257,,18,,2,,53,2018,,N.V.Malpure,,,30/03/2026 11:56,01/04/2026 21:58,"Daman (India, Indian Subcontinent, Asia-Tropical);Diu (India, Indian Subcontinent, Asia-Tropical);Goa (India, Indian Subcontinent, Asia-Tropical);Gujarat (India, Indian Subcontinent, Asia-Tropical);Madhya Pradesh (India, Indian Subcontinent, Asia-Tropical);Maharashtra (India, Indian Subcontinent, Asia-Tropical);",E,Euphorbiaceae,Euphorbia paschimia,Euphorbia paschimia,Euphorbia,,f,f,,,,,,77378274-1,,19,26,26,"Ahmednagar district, Chandanapuri Ghat, 727 m",74,12,4,isonym,,isonym,,,N,,,,,,,,,327729-2,Phytotaxa,urn:lsid:ipni.org:publications:20011462-1,2026,2026 [27 Mar 2026],[27 Mar 2026],"Malpure, P.S.Raut, Sardesai & B.De Jong",spec.,Phytotaxa 749(3): 257. 2026 [27 Mar 2026] ,,doi:10.11646/phytotaxa.749.3.2 Etymology: the specific epithet is derived from the Hindi word 'Paschim' meaning 'west' and refers to the western distribution of this species within India.,,,13,paschimia,,,f,t,,holotype CAL;isotype BSI;isotype SUK,,,,,Malpure@20005025-2@1@aut$P.S.Raut@20048386-1@2@aut$B.De Jong@20043150-1@4@aut$Sardesai@38647-1@3@aut,,,tax. nov.,,1.2,f,euphorbia~paschimia,euphorbiaceaeeuphorbia~paschimia~,414,wfo-1000089210,,species,illeg,,,,Phytotaxa 749(3): 257 (2026),https://www.ipni.org/n/77378229-1,IPNI record: 77378229-1
urn:lsid:ipni.org:names:77378230-1,"Malpure, P.S.Raut, Sardesai & B.De Jong",,,,,,749(3): 259,,29,,4,,46,2018,,N.V.Malpure,,,30/03/2026 14:02,01/04/2026 21:57,"Gujarat (India, Indian Subcontinent, Asia-Tropical);Haryana (India, Indian Subcontinent, Asia-Tropical);Karnataka (India, Indian Subcontinent, Asia-Tropical);Madhya Pradesh (India, Indian Subcontinent, Asia-Tropical);Maharashtra (India, Indian Subcontinent, Asia-Tropical);Rajasthan (India, Indian Subcontinent, Asia-Tropical);",E,Euphorbiaceae,Euphorbia yadavii,Euphorbia yadavii,Euphorbia,,f,f,,,,,,77378273-1,,19,43,10,"Maharashtra: Ahmednagar district, Rampurwadi, 513 m",74,35,6,isonym,,isonym,,,N,,,,,,,,,327729-2,Phytotaxa,urn:lsid:ipni.org:publications:20011462-1,2026,2026 [27 Mar 2026],[27 Mar 2026],"Malpure, P.S.Raut, Sardesai & B.De Jong",spec.,Phytotaxa 749(3): 259. 2026 [27 Mar 2026] ,,doi:10.11646/phytotaxa.749.3.2 Etymology: the specific epithet is named in honour of Indian botanist Prof. S.R.Yadav.,,,13,yadavii,,,f,t,,holotype CAL;isotype BSI;isotype SUK,,,,,B.De Jong@20043150-1@4@aut$P.S.Raut@20048386-1@2@aut$Sardesai@38647-1@3@aut$Malpure@20005025-2@1@aut,,,tax. nov.,,1.2,f,euphorbia~yadavii,euphorbiaceaeeuphorbia~yadavii~,415,wfo-1000089211,,species,illeg,,,,Phytotaxa 749(3): 259 (2026),https://www.ipni.org/n/77378230-1,IPNI record: 77378230-1
urn:lsid:ipni.org:names:77378231-1,(Greene) S.C.Nepom. & Buril,Convolvulaceae Convolvulus aridus Greene,(Greene),64489-2,,,209(4): 375,,,,,,,,,,,,30/03/2026 14:25,30/03/2026 14:25,,,Convolvulaceae,Convolvulus macrostegius subsp. aridus,Convolvulus macrostegius subsp. aridus,Convolvulus,,f,f,,,,,aridus,,,,,,,,,,nom. inval.    Contrary to Art. 41.5. ICN (2025). No full and direct reference to basionym was given (incorrect basionym cited),,nom. inval.,,,,,,,,,,,,266520-1,Bot. J. Linn. Soc.,urn:lsid:ipni.org:publications:1172-2,2025,2025 [21 Apr 2025],[21 Apr 2025],S.C.Nepom. & Buril,subsp.,Bot. J. Linn. Soc. 209(4): 375. 2025 [21 Apr 2025] ,,"Basionym cited as: 'Calystegia macrostegia subsp. arida (Greene) Brummitt, Ann. Missouri Bot. Gard. 52: 215. 1965'.",,,12,macrostegius,Greene,,f,t,,,,,,,Greene@3366-1@3@bas$S.C.Nepom.@20057962-1@1@aut$Buril@20012620-2@2@aut,Greene@3366-1@1@aut,,comb. et stat. nov.,,1.1,f,convolvulus~macrostegiusaridus,convolvulaceaeconvolvulus~macrostegiusaridus,416,wfo-1200117761,,subspecies,invalid,,,,Bot. J. Linn. Soc. 209(4): 375 (2025),https://www.ipni.org/n/77378231-1,IPNI record: 77378231-1
urn:lsid:ipni.org:names:77378232-1,(House) S.C.Nepom. & Buril,Convolvulaceae Convolvulus cyclostegius House,(House),64523-2,,,209(4): 375,,,,,,,,,,,,30/03/2026 14:28,30/03/2026 14:28,,,Convolvulaceae,Convolvulus macrostegius subsp. cyclostegius,Convolvulus macrostegius subsp. cyclostegius,Convolvulus,,f,f,,,,,cyclostegius,,,,,,,,,,nom. inval.    Contrary to Art. 41.5. ICN (2025). No full and direct reference to basionym was given (incorrect basionym cited),,nom. inval.,,,,,,,,,,,,266520-1,Bot. J. Linn. Soc.,urn:lsid:ipni.org:publications:1172-2,2025,2025 [21 Apr 2025],[21 Apr 2025],S.C.Nepom. & Buril,subsp.,Bot. J. Linn. Soc. 209(4): 375. 2025 [21 Apr 2025] ,,"Basionym cited as: 'Calystegia macrostegia subsp. cyclostegia (House) Brummitt, Ann. Missouri Bot. Gard. 52: 214. 1965'.",,,12,macrostegius,Greene,,f,t,,,,,,,S.C.Nepom.@20057962-1@1@aut$House@4143-1@3@bas$Buril@20012620-2@2@aut,Greene@3366-1@1@aut,,comb. et stat. nov.,,1.1,f,convolvulus~macrostegiuscyclostegius,convolvulaceaeconvolvulus~macrostegiuscyclostegius,417,wfo-1200117762,,subspecies,invalid,,,,Bot. J. Linn. Soc. 209(4): 375 (2025),https://www.ipni.org/n/77378232-1,IPNI record: 77378232-1
urn:lsid:ipni.org:names:77378233-1,(Abrams) S.C.Nepom. & Buril,Convolvulaceae Convolvulus aridus Greene subsp. intermedius Abrams,(Abrams),64490-2,,,209(4): 375,,,,,,,,,,,,30/03/2026 14:31,30/03/2026 14:31,,,Convolvulaceae,Convolvulus macrostegius subsp. intermedius,Convolvulus macrostegius subsp. intermedius,Convolvulus,,f,f,,,,,intermedius,,,,,,,,,,nom. inval.    Contrary to Art. 41.5. ICN (2025). No full and direct reference to basionym was given (incorrect basionym cited),,nom. inval.,,,,,,,,,,,,266520-1,Bot. J. Linn. Soc.,urn:lsid:ipni.org:publications:1172-2,2025,2025 [21 Apr 2025],[21 Apr 2025],S.C.Nepom. & Buril,subsp.,Bot. J. Linn. Soc. 209(4): 375. 2025 [21 Apr 2025] ,,"Basionym cited as: 'Calystegia macrostegia subsp. intermedia (Abrams) Brummitt, Ann. Missouri Bot. Gard. 52: 214. 1965'.",,,12,macrostegius,Greene,,f,t,,,,,,,Abrams@46-1@3@bas$S.C.Nepom.@20057962-1@1@aut$Buril@20012620-2@2@aut,Greene@3366-1@1@aut,,comb. nov.,,1.1,f,convolvulus~macrostegiusintermedius,convolvulaceaeconvolvulus~macrostegiusintermedius,418,wfo-1200117763,,subspecies,invalid,,,,Bot. J. Linn. Soc. 209(4): 375 (2025),https://www.ipni.org/n/77378233-1,IPNI record: 77378233-1
urn:lsid:ipni.org:names:77378234-1,Marcon & Bruniera,,,,,,749(3): 269,,6,,10,,342,2023,,J.M.C.Covre,,,30/03/2026 14:32,30/03/2026 14:32,"Rio de Janeiro (Brazil Southeast, Brazil, Southern America)",W,Rubiaceae,Rudgea bauensis,Rudgea bauensis,Rudgea,,f,f,,,,,,,,21,20,49,"Mun. Campos dos Goytacazes, Distr. Morro do Coco, Pedra do Baú, 730 m",41,22,31,,,,,,S,,,,,,,,,330786-2,Phytotaxa,urn:lsid:ipni.org:publications:20011462-1,2026,2026 [27 Mar 2026],[27 Mar 2026],Marcon & Bruniera,spec.,Phytotaxa 749(3): 269. 2026 [27 Mar 2026] ,,"doi:10.11646/phytotaxa.749.3.3 Etymology: the specific epithet is named for the type locality, Pedra do Baú, in the municipality of Campos dos Goytacazes, Rio de Janeiro.",,,11,bauensis,,,f,t,,holotype HUFSP 002961;isotype HUENF 13959,,Further isotype material to be distributed to RB and SPF.,,,Bruniera@20018978-1@2@aut$Marcon@20097494-1@1@aut,,,tax. nov.,,1.1,f,rudgea~bauensis,rubiaceaerudgea~bauensis~,419,wfo-1000089212,,species,,,,,Phytotaxa 749(3): 269 (2026),https://www.ipni.org/n/77378234-1,IPNI record: 77378234-1
urn:lsid:ipni.org:names:77378235-1,(Abrams) S.C.Nepom. & Buril,Convolvulaceae Convolvulus aridus Greene subsp. tenuifolius Abrams,(Abrams),64492-2,,,209(4): 375,,,,,,,,,,,,30/03/2026 14:36,30/03/2026 14:36,,,Convolvulaceae,Convolvulus macrostegius subsp. tenuifolius,Convolvulus macrostegius subsp. tenuifolius,Convolvulus,,f,f,,,,,tenuifolius,,,,,,,,,,nom. inval.    Contrary to Art. 41.5. ICN (2025). No full and direct reference to basionym was given (incorrect basionym cited),,nom. inval.,,,,,,,,,,,,266520-1,Bot. J. Linn. Soc.,urn:lsid:ipni.org:publications:1172-2,2025,2025 [21 Apr 2025],[21 Apr 2025],S.C.Nepom. & Buril,subsp.,Bot. J. Linn. Soc. 209(4): 375. 2025 [21 Apr 2025] ,,"Basionym cited as: 'Calystegia macrostegia subsp. tenuifolia (Abrams) Brummitt, Ann. Missouri Bot. Gard. 52: 215. 1965'.",,,12,macrostegius,Greene,,f,t,,,,,,,S.C.Nepom.@20057962-1@1@aut$Abrams@46-1@3@bas$Buril@20012620-2@2@aut,Greene@3366-1@1@aut,,comb. nov.,,1.1,f,convolvulus~macrostegiustenuifolius,convolvulaceaeconvolvulus~macrostegiustenuifolius,420,wfo-1200117764,,subspecies,invalid,,,,Bot. J. Linn. Soc. 209(4): 375 (2025),https://www.ipni.org/n/77378235-1,IPNI record: 77378235-1
urn:lsid:ipni.org:names:77378237-1,Marcon & Bruniera,,,,,,749(3): 271,,16,,11,,62,2023,,"S.F.Marcon, C.P.Bruniera &amp; T.Fernandes",,,30/03/2026 15:07,30/03/2026 15:07,"Rio de Janeiro (Brazil Southeast, Brazil, Southern America)",,Rubiaceae,Rudgea mendax,Rudgea mendax,Rudgea,,f,f,,,,,,,,,,,"Mun. Niterói, Serra da Tiririca, Trilha da Pedra do Elefante, 250 m",,,,,,,,,,,,,,,,,,330786-2,Phytotaxa,urn:lsid:ipni.org:publications:20011462-1,2026,2026 [27 Mar 2026],[27 Mar 2026],Marcon & Bruniera,spec.,Phytotaxa 749(3): 271. 2026 [27 Mar 2026] ,,doi:10.11646/phytotaxa.749.3.3 Etymology: the specific epithet is derived from Latin and means 'deceitful' and refers to the difficulties in identifying this species.,,,11,mendax,,,f,t,,holotype HUFSP 002960,,Isotypes to be distributed to RB and SPF.,,,Bruniera@20018978-1@2@aut$Marcon@20097494-1@1@aut,,,tax. nov.,,1.1,f,rudgea~mendax,rubiaceaerudgea~mendax~,421,wfo-1000089213,,species,,,,,Phytotaxa 749(3): 271 (2026),https://www.ipni.org/n/77378237-1,IPNI record: 77378237-1
urn:lsid:ipni.org:names:77378238-1,Nied.,,,,,,3(7): 82,,,,,,,,,,,,30/03/2026 15:25,02/04/2026 14:32,,,Myrtaceae,Eugenia sect. Phyllocalyx,Eugenia sect. Phyllocalyx,Eugenia,,f,f,,,,phyllocalyx,,,,,,,,,,,,,,,,,,,,,,,,,326088-2,Nat. Pflanzenfam. [Engler & Prantl],urn:lsid:ipni.org:publications:14495-2,1893,1893 [Apr 1893],[Apr 1893],Nied.,sect.,Nat. Pflanzenfam. [Engler & Prantl] 3(7): 82. 1893 [Apr 1893] ,,,27695-1,,9,,,,f,t,,,,,,,Nied.@6973-1@1@aut,,16782164,nom. nov.,,1.2,f,eugeniaphyllocalyx,myrtaceaeeugeniaphyllocalyx~~,422,wfo-1200117805,,section,,,,,Nat. Pflanzenfam. [Engler & Prantl] 3(7): 82 (1893),https://www.ipni.org/n/77378238-1,IPNI record: 77378238-1
urn:lsid:ipni.org:names:77378239-1,M.Gomes & Bruniera,,,,,,749(3): 273,,9,,6,,231,1992,,"B.C.Kurtz, A.Costa &amp; J.C.Caruso",,,30/03/2026 15:30,30/03/2026 15:30,"Rio de Janeiro (Brazil Southeast, Brazil, Southern America)",,Rubiaceae,Rudgea pachyramea,Rudgea pachyramea,Rudgea,,f,f,,,,,,,,,,,"Cachoeiras de Macacu, Estação Ecológica Estadual de Paraíso, ca. 200 m",,,,,,,,,,,,,,,,,,330786-2,Phytotaxa,urn:lsid:ipni.org:publications:20011462-1,2026,2026 [27 Mar 2026],[27 Mar 2026],M.Gomes & Bruniera,spec.,Phytotaxa 749(3): 273. 2026 [27 Mar 2026] ,,doi:10.11646/phytotaxa.749.3.3 Etymology: the specific epithet is derived from Latin 'Pachy' meaning 'thick' or 'crass' and is a reference to the succulent texture of the branches.,,,11,pachyramea,,,f,t,,holotype RB RB00359181;isotype K K000579004;isotype K K001203347;isotype SPFR 13883,,,,,Bruniera@20018978-1@2@aut$M.Gomes@37624-1@1@aut,,,tax. nov.,,1.1,f,rudgea~pachyramea,rubiaceaerudgea~pachyramea~,423,wfo-1000089214,,species,,,,,Phytotaxa 749(3): 273 (2026),https://www.ipni.org/n/77378239-1,IPNI record: 77378239-1
urn:lsid:ipni.org:names:77378240-1,"Bovini, H.A.Keller & Krapov.",,,,,,749(3): 293,,17,,4,,32018,1977,,A.Krapovickas &amp; A.Schinini,,,30/03/2026 16:01,30/03/2026 16:01,"Bolivia (Western South America, Southern America)",W,Malvaceae,Wissadula sidoides,Wissadula sidoides,Wissadula,,f,f,,,,,,,,19,20,,"Santa Cruz, prov. Cordillera, 22 Km N de Gutierrez,",63,30,,,,,,,S,,,,,,,,,323647-2,Phytotaxa,urn:lsid:ipni.org:publications:20011462-1,2026,2026 [27 Mar 2026],[27 Mar 2026],"Bovini, H.A.Keller & Krapov.",spec.,Phytotaxa 749(3): 293. 2026 [27 Mar 2026] ,,doi:10.11646/phytotaxa.749.3.5 Etymology: the specific epithet refers to the appearance of this plant with species in the genus Sida.,,,11,sidoides,,,f,t,,holotype CTES,,,,,Krapov.@5025-1@3@aut$Bovini@36571-1@1@aut$H.A.Keller@20028932-1@2@aut,,,tax. nov.,,1.1,f,wissadula~sidoides,malvaceaewissadula~sidoides~,424,wfo-1000089215,,species,,,,,Phytotaxa 749(3): 293 (2026),https://www.ipni.org/n/77378240-1,IPNI record: 77378240-1
urn:lsid:ipni.org:names:77378241-1,"M.L.Mo, Chen Feng & Z.C.Lu",,,,,,272: 127,,13,,7,,16041,2023,,Xu et al.,,,30/03/2026 16:40,31/03/2026 14:30,"Guangxi (China Southeast, China, Asia-Temperate)",E,Gesneriaceae,Petrocodon dahuaensis,Petrocodon dahuaensis,Petrocodon,,f,f,,,,,,,,24,3,36,"Hechi City, Dahua County, Qibainong Township, Nongteng Village, 480 m",107,40,48,,,,,,N,,,,,,,,,17160-1,PhytoKeys,urn:lsid:ipni.org:publications:20011997-1,2026,2026 [31 Mar 2026],[31 Mar 2026],"M.L.Mo, Chen Feng & Z.C.Lu",spec.,PhytoKeys 272: 127. 2026 [31 Mar 2026] ,,doi:10.3897/phytokeys.272.181552 [english] Etymology: The specific epithet refers to the type locality of this new species.,,,9,dahuaensis,,,f,t,,holotype IBK;isotype IBSC;isotype PE,,,,,Chen Feng@0-0@2@aut$M.L.Mo@20089731-1@1@aut$Z.C.Lu@20044672-1@3@aut,,,tax. nov.,,1.3,f,petrocodon~dahuaensis,gesneriaceaepetrocodon~dahuaensis~,425,wfo-1000089216,,species,,,,,PhytoKeys 272: 127 (2026),https://www.ipni.org/n/77378241-1,IPNI record: 77378241-1
urn:lsid:ipni.org:names:77378242-1,"Hodel, J.B.Dobbs & Burtscher",,,,,,2026(3): 9,,,,,,,,,,,,30/03/2026 16:53,30/03/2026 16:53,,,Arecaceae,× Wodyetchia,× Wodyetchia,Wodyetchia,,t,t,"893340-1,331304-2",(Wodyetia A.K.Irvine × Veitchia H.Wendl.),,,,,,,,,,,,,,,,,,,,,,,,,,,30000211-2,PalmArbor,urn:lsid:ipni.org:publications:20048102-1,2026,2026 [25 Mar 2026],[25 Mar 2026],"Hodel, J.B.Dobbs & Burtscher",gen.,PalmArbor 2026(3): 9. [25 Mar 2026] ,,,,,8,,,,f,t,,,,,,,Hodel@20376-1@1@aut$Burtscher@20093890-1@3@aut$J.B.Dobbs@20093889-1@2@aut,,,tax. nov.,,1.1,f,wodyetchia,arecaceaewodyetchia~~~,426,wfo-4100006485,,genus,,,,,PalmArbor 2026(3): 9 (2026),https://www.ipni.org/n/77378242-1,IPNI record: 77378242-1
urn:lsid:ipni.org:names:77378243-1,"Hodel, J.B.Dobbs & Burtscher",,,,,,2026(3): 10,,14,,2,,4084,2026,,D.R.Hodel and R.H.Burtscher,,,30/03/2026 17:02,30/03/2026 17:02,"California (Southwestern U.S.A., Northern America)",,Arecaceae,× Wodyetchia bifurcina,× Wodyetchia bifurcina,Wodyetchia,,t,t,"903383-1,670207-1",(Wodyetia bifurcata A.K.Irvine × Veitchia arecina Becc.),,,,,,,,,"Orange County: Fullerton, garden of Robert and Judy Burtscher",,,,,,,,,,,,,,,,,,77378242-1,PalmArbor,urn:lsid:ipni.org:publications:20048102-1,2026,2026 [25 Mar 2026],[25 Mar 2026],"Hodel, J.B.Dobbs & Burtscher",spec.,PalmArbor 2026(3): 10. [25 Mar 2026] ,,"Etymology: 'Because the pistillate or seed parent is typically listed first and the staminate or pollen parent second in a hybrid name, we have combined the first two syllables of the seed parent genus name Wodyetia and the last two of the staminate parent genus name Veitchia to form the hybrid genus name ×Wodyetchia, which is the traditional convention for naming hybrids. Similarly, we have combined the first two syllables of the seed parent epithet bifurcata and the last two of the staminate parent epithet arecina to form the hybrid species epithet bifurcina.'",,,11,bifurcina,,,f,t,,holotype LASCA;isotype BH,,Holotype from cultivated specimen in garden of Robert and Judy Burtscher.,,,Hodel@20376-1@1@aut$J.B.Dobbs@20093889-1@2@aut$Burtscher@20093890-1@3@aut,,,tax. nov.,,1.1,f,wodyetchia~bifurcina,arecaceaewodyetchia~bifurcina~,427,wfo-1000089217,,species,,,,,PalmArbor 2026(3): 10 (2026),https://www.ipni.org/n/77378243-1,IPNI record: 77378243-1
urn:lsid:ipni.org:names:77378244-1,(Maxim.) Momiy.,Lauraceae Lindera membranacea Maxim.,(Maxim.),465401-1,,,440,,,,,,,,,,,,30/03/2026 20:17,31/03/2026 12:29,,,Lauraceae,Lindera umbellata var. membranacea,Lindera umbellata var. membranacea,Lindera,,f,f,,,,,membranacea,,,,,,,,,,,,,,,,,,,,,,,null:,465469-1,Sci. Res. Ozegahara Moor,urn:lsid:ipni.org:publications:20023288-1,1954,1954,,Momiy.,var.,Sci. Res. Ozegahara Moor 440. 1954 ,,,,,11,umbellata,Thunb.,,f,t,,,,,,,Momiy.@6583-1@1@aut$Maxim.@23089-1@2@bas,Thunb.@0-0@1@aut,,comb. et stat. nov.,,1.4,f,lindera~umbellatamembranacea,lauraceaelindera~umbellatamembranacea,428,wfo-1200026774,,variety,,,,,Sci. Res. Ozegahara Moor 440 (1954),https://www.ipni.org/n/77378244-1,IPNI record: 77378244-1
urn:lsid:ipni.org:names:77378245-1,Bluff & Fingerh.,,,,,,1: 553,,,,,,,,,,,,30/03/2026 23:34,31/03/2026 12:17,,,Caryophyllaceae,Silene armeria var. alba,Silene armeria var. alba,Silene,,f,f,,,,,alba,,,,,,,,,,,,,,,,,,,,,,,,156849-1,Comp. Fl. German. [Bluff],urn:lsid:ipni.org:publications:7523-2,1825,1825 [May 1825],[May 1825],Bluff & Fingerh.,var.,Comp. Fl. German. [Bluff] 1: 553. 1825 [May 1825] ,,,,,8,armeria,L.,,f,t,,,,,,,Bluff@16228-1@1@aut$Fingerh.@2735-1@2@aut,L.@12653-1@1@aut,,tax. nov.,,1.3,f,silene~armeriaalba,caryophyllaceaesilene~armeriaalba,429,wfo-1200117765,,variety,,,,,Comp. Fl. German. [Bluff] 1: 553 (1825),https://www.ipni.org/n/77378245-1,IPNI record: 77378245-1
urn:lsid:ipni.org:names:77378247-1,"Z.P.Yang, S.W.Zeng & P.Li",,,,,,272: 135,,11,,7,,YZP001513,2024,,"Zhaoping Yang, Siwei Zeng et al.",,,31/03/2026 08:20,01/04/2026 13:03,"Xinjiang (China, Asia-Temperate)",E,Leguminosae,Astragalus wuqiaensis,Astragalus wuqiaensis,Astragalus,,f,f,,,,,,,,40,2,13,"Wuqia County, Ulugqat Township, 2757 m",74,35,6,,,,,,N,,,,,,,,,330028-2,PhytoKeys,urn:lsid:ipni.org:publications:20011997-1,2026,2026 [1 Apr 2026],[1 Apr 2026],"Z.P.Yang, S.W.Zeng & P.Li",spec.,PhytoKeys 272: 135. 2026 [1 Apr 2026] ,,doi:10.3897/phytokeys.272.186990 [english] Etymology: the specific epithet derives from the type locality of the new species.,,,9,wuqiaensis,,,f,t,,holotype PE PE02648625,,,,,P.Li@20018391-1@3@aut$Z.P.Yang@0-0@1@aut$S.W.Zeng@0-0@2@aut,,,tax. nov.,,1.3,f,astragalus~wuqiaensis,leguminosaeastragalus~wuqiaensis~,430,wfo-1000089218,,species,,,,,PhytoKeys 272: 135 (2026),https://www.ipni.org/n/77378247-1,IPNI record: 77378247-1
urn:lsid:ipni.org:names:77378248-1,"(Bocquet) Anant Kumar, Sun.Singh & Iamonico",Caryophyllaceae Silene nigrescens (Edgew.) Majumdar subsp. latifolia Bocquet,(Bocquet),77250164-1,,,750(1): 26,,,,,,,,,,,,31/03/2026 09:11,31/03/2026 09:11,,,Caryophyllaceae,Silene nigrescens var. latifolia,Silene nigrescens var. latifolia,Silene,,f,f,,,,,latifolia,,,,,,,,,,,,,,,,,,,,,,,,157904-1,Phytotaxa,urn:lsid:ipni.org:publications:20011462-1,2026,2026 [31 Mar 2026],[31 Mar 2026],"Anant Kumar, Sun.Singh & Iamonico",var.,Phytotaxa 750(1): 26. 2026 [31 Mar 2026] ,,doi:10.11646/phytotaxa.750.1.2,,,11,nigrescens,(Edgew.) Majumdar,,f,t,,,,,,,Sun.Singh@20065723-1@2@aut$Bocquet@885-1@4@bas$Anant Kumar@20024004-1@1@aut$Iamonico@20016962-1@3@aut,Majumdar@6009-1@1@aut$Edgew.@2463-1@2@bas,,stat. nov.,,1.1,f,silene~nigrescenslatifolia,caryophyllaceaesilene~nigrescenslatifolia,431,wfo-1200117766,,variety,,,,,Phytotaxa 750(1): 26 (2026),https://www.ipni.org/n/77378248-1,IPNI record: 77378248-1
urn:lsid:ipni.org:names:77378249-1,Szeląg,,,,,,750(1): 43,,14,,7,,,2025,,Z.Szeląg,,,31/03/2026 09:18,31/03/2026 09:18,"Poland (Middle Europe, Europe)",,Asteraceae,Hieracium hugoi,Hieracium hugoi,Hieracium,,f,f,,,,,,,,,,,"Western Carpathians, Mt. Babia Góra massif, NE slope of the Kościółek Zachodni ridge tall-herb vegetation on sandstone slope above the Kamienna dolinka valley, ca. 1550 m",,,,,,,,,,,,,,,,,,330082-2,Phytotaxa,urn:lsid:ipni.org:publications:20011462-1,2026,2026 [31 Mar 2026],[31 Mar 2026],Szeląg,spec.,Phytotaxa 750(1): 43. 2026 [31 Mar 2026] ,,"doi:10.11646/phytotaxa.750.1.4 Etymology: the specific epithet is named in honour of Polish botanist Dr. Hugo Zapałowicz (1852-1917), an authoritative expert on the Carpathian flora.",,,10,hugoi,,,f,t,,holotype KRAM;isotype Herb. Hierac. Z.Szeląg,,,,,Szeląg@39474-1@1@aut,,,tax. nov.,,1.1,f,hieracium~hugoi,asteraceaehieracium~hugoi~,432,wfo-1000089219,,species,,,,,Phytotaxa 750(1): 43 (2026),https://www.ipni.org/n/77378249-1,IPNI record: 77378249-1
urn:lsid:ipni.org:names:77378250-1,Szeląg,,,,,,750(1): 45,,17,,7,,,2024,,Z.Szeląg,,,31/03/2026 09:27,31/03/2026 09:27,"Poland (Middle Europe, Europe)",,Asteraceae,Hieracium ladislai,Hieracium ladislai,Hieracium,,f,f,,,,,,,,,,,"Western Carpathians, Mt. Babia Góra massif, NE slope of the Kościółek Zachodni ridge, tall-herb vegetation on sandstone slope above the Kamienna dolinka valley, ca. 1550 m",,,,,,,,,,,,,,,,,,330082-2,Phytotaxa,urn:lsid:ipni.org:publications:20011462-1,2026,2026 [31 Mar 2026],[31 Mar 2026],Szeląg,spec.,Phytotaxa 750(1): 45. 2026 [31 Mar 2026] ,,"doi:10.11646/phytotaxa.750.1.4 Etymology: the specific epithet is named in honour of Polish botanist Władysław Szafer (1886-1970), who played a key role in the creation of Babia Góra National Park.",,,10,ladislai,,,f,t,,holotype KRAM;isotype Herb. Hierac. Z.Szelag,,,,,Szeląg@39474-1@1@aut,,,tax. nov.,,1.1,f,hieracium~ladislai,asteraceaehieracium~ladislai~,433,wfo-1000089220,,species,,,,,Phytotaxa 750(1): 45 (2026),https://www.ipni.org/n/77378250-1,IPNI record: 77378250-1
urn:lsid:ipni.org:names:77378251-1,"V.D.Nguyen, Đinh & Hett.",,,,,,750(1): 52,,,,7,,s.n.,2024,,Dinh Quang Diep,,,31/03/2026 09:57,31/03/2026 09:57,"Vietnam (Indo-China, Asia-Tropical)",E,Araceae,Amorphophallus khanhhoaensis,Amorphophallus khanhhoaensis,Amorphophallus,,f,f,,,,,,,,12,19,52,"Khanh Hoa: Diên Khanh, Diên Xuân, near by Dong Moc lake to north",108,59,47,,,,,,N,,,,,,,,,331135-2,Phytotaxa,urn:lsid:ipni.org:publications:20011462-1,2026,2026 [31 Mar 2026],[31 Mar 2026],"V.D.Nguyen, Đinh & Hett.",spec.,Phytotaxa 750(1): 52. 2026 [31 Mar 2026] ,,doi:10.11646/phytotaxa.750.1.5,,,11,khanhhoaensis,,,f,t,,holotype HN,,,,,Hett.@20260-1@3@aut$Đinh@20026342-1@2@aut$V.D.Nguyen@36914-1@1@aut,,,tax. nov.,,1.1,f,amorphophallus~khanhhoaensis,araceaeamorphophallus~khanhhoaensis~,434,wfo-1000089221,,species,,,,,Phytotaxa 750(1): 52 (2026),https://www.ipni.org/n/77378251-1,IPNI record: 77378251-1
urn:lsid:ipni.org:names:77378252-1,Y.K.Wei & J.Q.Qin,,,,,,750(1): 59,,27,,8,,LP2014–4–0643,2017,,Ping Li,,,31/03/2026 10:10,31/03/2026 10:10,"Guizhou (China South-Central, China, Asia-Temperate)",E,Gesneriaceae,Aeschynanthus micranthus var. liae,Aeschynanthus micranthus var. liae,Aeschynanthus,,f,f,,,,,liae,,,25,15,1,"Libo Buyi and Miao Autonomous Prefecture, ca. 427 m",107,44,33,,,,,,N,,,,,,,,,377792-1,Phytotaxa,urn:lsid:ipni.org:publications:20011462-1,2026,2026 [31 Mar 2026],[31 Mar 2026],Y.K.Wei & J.Q.Qin,var.,Phytotaxa 750(1): 59. 2026 [31 Mar 2026] ,,"doi:10.11646/phytotaxa.750.1.6 Etymology: the varietal epithet is named in honour of Ms. Ping Li, who first discovered this variety.",,,11,micranthus,C.B.Clarke,,f,t,,holotype SG SG054703;isotype SG SG054706;isotype SG SG054711;isotype IBK IBK00473089;isotype IBK IBK00473088,,,,,J.Q.Qin@20058824-1@2@aut$Y.K.Wei@20043305-1@1@aut,C.B.Clarke@1669-1@1@aut,,tax. nov.,,1.1,f,aeschynanthus~micranthusliae,gesneriaceaeaeschynanthus~micranthusliae,435,wfo-1200117767,,variety,,,,,Phytotaxa 750(1): 59 (2026),https://www.ipni.org/n/77378252-1,IPNI record: 77378252-1
urn:lsid:ipni.org:names:77378253-1,Coss.,,,,,,1(4): 127,,,,,,,,,,,,31/03/2026 10:15,31/03/2026 10:15,,,Caryophyllaceae,Silene mogadorensis var. macrosperma,Silene mogadorensis var. macrosperma,Silene,,f,f,,,,,macrosperma,,,,,,,,,,,,,,,,,,,,,,,,77378097-1,Ill. Fl. Atlant.,urn:lsid:ipni.org:publications:9057-2,1891,1891 [1890 publ. 10 Jan 1891],[1890 publ. 10 Jan 1891],Coss.,var.,Ill. Fl. Atlant. 1(4): 127. 1891 [1890 publ. 10 Jan 1891] ,,Protologue available online at Biblioteca Digital del Real Jardín Botánico de Madrid: https://bibdigital.rjb.csic.es/viewer/12917/#page=129&viewer=picture&o=bookmark&n=0&q=,,,8,mogadorensis,Coss. & Balansa,,f,t,,,,,,,Coss.@17452-1@1@aut,Coss.@17452-1@1@aut$Balansa@416-1@2@aut,,tax. nov.,,1.1,f,silene~mogadorensismacrosperma,caryophyllaceaesilene~mogadorensismacrosperma,436,wfo-1200117768,,variety,,,,,Ill. Fl. Atlant. 1(4): 127 (1891),https://www.ipni.org/n/77378253-1,IPNI record: 77378253-1
urn:lsid:ipni.org:names:77378254-1,Coss.,,,,,,1(4): 127,,,,,,,,,,,,31/03/2026 10:16,31/03/2026 10:16,,,Caryophyllaceae,Silene mogadorensis var. obtusifolia,Silene mogadorensis var. obtusifolia,Silene,,f,f,,,,,obtusifolia,,,,,,,,,,,,,,,,,,,,,,,,77378097-1,Ill. Fl. Atlant.,urn:lsid:ipni.org:publications:9057-2,1891,1891 [1890 publ. 10 Jan 1891],[1890 publ. 10 Jan 1891],Coss.,var.,Ill. Fl. Atlant. 1(4): 127. 1891 [1890 publ. 10 Jan 1891] ,,Protologue available online at Biblioteca Digital del Real Jardín Botánico de Madrid: https://bibdigital.rjb.csic.es/viewer/12917/#page=129&viewer=picture&o=bookmark&n=0&q=,,,8,mogadorensis,Coss. & Balansa,,f,t,,,,,,,Coss.@17452-1@1@aut,Balansa@416-1@2@aut$Coss.@17452-1@1@aut,,tax. nov.,,1.1,f,silene~mogadorensisobtusifolia,caryophyllaceaesilene~mogadorensisobtusifolia,437,wfo-1200117769,,variety,,,,,Ill. Fl. Atlant. 1(4): 127 (1891),https://www.ipni.org/n/77378254-1,IPNI record: 77378254-1
urn:lsid:ipni.org:names:77378255-1,Szeląg,,,,,,750(1): 65,,22,,7,,,2019,,Z. Szeląg,,,31/03/2026 10:24,31/03/2026 10:24,"Romania (Southeastern Europe, Europe)",,Asteraceae,Hieracium napaeiforme,Hieracium napaeiforme,Hieracium,,f,f,,,,,,,,,,,"Southern Carpathians, Retezat Mts., Bucura valley, rocky slope along a tourist path, 1720 m",,,,,,,,,,,,,,,,,,330082-2,Phytotaxa,urn:lsid:ipni.org:publications:20011462-1,2026,2026 [31 Mar 2026],[31 Mar 2026],Szeląg,spec.,Phytotaxa 750(1): 65. 2026 [31 Mar 2026] ,,doi:10.11646/phytotaxa.750.1.7,,,10,napaeiforme,,,f,t,,holotype KRAM;isotype Herb. Hierac. Z.Szeląg,,"Type specimens from plants cultivated by author Z.Szelag, 31 May 2025.",,,Szeląg@39474-1@1@aut,,,tax. nov.,,1.1,f,hieracium~napaeiforme,asteraceaehieracium~napaeiforme~,438,wfo-1000089222,,species,,,,,Phytotaxa 750(1): 65 (2026),https://www.ipni.org/n/77378255-1,IPNI record: 77378255-1
urn:lsid:ipni.org:names:77378256-1,Szeląg,,,,,,750(1): 68,,20,,7,,,2019,,Z.Szeląg,,,31/03/2026 10:28,31/03/2026 10:28,"Romania (Southeastern Europe, Europe)",,Asteraceae,Hieracium pseudorohacsense,Hieracium pseudorohacsense,Hieracium,,f,f,,,,,,,,,,,"Southern Carpathians, Retezat Mts., Mt. Zlata, rocky grasslands on southern silicate slope, 2100 m",,,,,,,,,,,,,,,,,,330082-2,Phytotaxa,urn:lsid:ipni.org:publications:20011462-1,2026,2026 [31 Mar 2026],[31 Mar 2026],Szeląg,spec.,Phytotaxa 750(1): 68. 2026 [31 Mar 2026] ,,doi:10.11646/phytotaxa.750.1.7,,,10,pseudorohacsense,,,f,t,,holotype KRAM;isotype Herb. Hierac. Z.Szelag,,"Type specimens from plants cultivated by author Z.Szelag, 31 May 2025.",,,Szeląg@39474-1@1@aut,,,tax. nov.,,1.1,f,hieracium~pseudorohacsense,asteraceaehieracium~pseudorohacsense~,439,wfo-1000089223,,species,,,,,Phytotaxa 750(1): 68 (2026),https://www.ipni.org/n/77378256-1,IPNI record: 77378256-1
urn:lsid:ipni.org:names:77349660-1,"Ngima, Kathambi & A.R.Simões",,,,,,81(1): [7 of 22],,,,,,,,,,,,04/10/2024 10:31,25/02/2026 13:36,,,Convolvulaceae,Muigaia,Muigaia,Muigaia,,f,f,,,,,,,,,,,,,,,,,,,,,,,,,,,,,30000547-2,Kew Bull.,urn:lsid:ipni.org:publications:987-2,2026,2026 [18 Feb 2026],[18 Feb 2026],"Ngima, Kathambi & A.R.Simões",gen.,Kew Bull. 81(1): [7 of 22]. 2026 [18 Feb 2026] ,,"doi:10.1007/s12225-025-10366-w Etymology: name dedicated to Prof. Dr. Anne W. Thairu Muigai of Kenya, an inspiring scientist and mentor.",,,7,,,,f,t,77349799-1,,"Muigaia coptica (L.) Ngima, Kathambi & A.R.Simões",,,,Ngima@0-0@1@aut$Kathambi@0-0@2@aut$A.R.Simões@20017668-1@3@aut,,,tax. nov.,,1.3,f,muigaia,convolvulaceaemuigaia~~~,1,wfo-4100006486,,genus,valid,,,,Kew Bull. 81(1): [7 of 22] (2026),https://www.ipni.org/n/77349660-1,IPNI record: 77349660-1
urn:lsid:ipni.org:names:77349796-1,"Ngima, Kathambi & A.R.Simões",,,,,,81(1): [13 of 22],,22,,3,,387,2005,,A.Fraser,,,07/10/2024 08:54,25/02/2026 13:26,"Queensland (Queensland, Australia, Australasia);Western Australia (Western Australia, Australia, Australasia);New South Wales (New South Wales, Australia, Australasia);Northern Territory (Australia, Australasia);",E,Convolvulaceae,Muigaia australiana,Muigaia australiana,Muigaia,,f,f,,,,,,,,20,49,22,"Queensland, Burke District, Mica Creek, ca 300 m W of Dajarra Road, 11.2  km SSW of Mt Isa (by air)",139,27,27,,,,,,S,,,,,,,,,77349660-1,Kew Bull.,urn:lsid:ipni.org:publications:987-2,2026,2026 [18 Feb 2026],[18 Feb 2026],"Ngima, Kathambi & A.R.Simões",spec.,Kew Bull. 81(1): [13 of 22]. 2026 [18 Feb 2026] ,,doi:10.1007/s12225-025-10366-w [english],,,11,australiana,,,f,t,,holotype CANB 783575.1; 783575.2;isotype L L.4421725,,,,,Kathambi@20096307-1@2@aut$Ngima@20096308-1@1@aut$A.R.Simões@20017668-1@3@aut,,,tax. nov.,,1.4,f,muigaia~australiana,convolvulaceaemuigaia~australiana~,2,wfo-1000089226,,species,valid,,,,Kew Bull. 81(1): [13 of 22] (2026),https://www.ipni.org/n/77349796-1,IPNI record: 77349796-1
urn:lsid:ipni.org:names:77349797-1,"(Verdc.) Ngima, Kathambi & Kagame",Convolvulaceae Ipomoea ticcopa Verdc.,(Verdc.),269946-1,,,81(1): [9 of 22],,,,,,,,,,,,07/10/2024 09:10,25/02/2026 12:15,,,Convolvulaceae,Muigaia ticcopa,Muigaia ticcopa,Muigaia,,f,f,,,,,,,,,,,,,,,,,,,,,,,,,,,,null:,77349660-1,Kew Bull.,urn:lsid:ipni.org:publications:987-2,2026,2026 [18 Feb 2026],[18 Feb 2026],"Ngima, Kathambi & Kagame",spec.,Kew Bull. 81(1): [9 of 22]. 2026 [18 Feb 2026] ,,doi:10.1007/s12225-025-10366-w,,,9,ticcopa,,,f,t,,,,,,,Kagame@0-0@3@aut$Verdc.@11132-1@4@bas$Ngima@0-0@1@aut$Kathambi@0-0@2@aut,,,comb. nov.,,1.3,f,muigaia~ticcopa,convolvulaceaemuigaia~ticcopa~,3,wfo-1000089227,,species,valid,,,,Kew Bull. 81(1): [9 of 22] (2026),https://www.ipni.org/n/77349797-1,IPNI record: 77349797-1
urn:lsid:ipni.org:names:77349798-1,(Bojer ex Choisy) Ngima & Kathambi,Convolvulaceae Ipomoea palmatisecta Bojer ex Choisy,(Bojer ex Choisy),269451-1,,,81(1): [9 of 22],,,,,,,,,,,,07/10/2024 09:12,25/02/2026 12:17,,,Convolvulaceae,Muigaia palmatisecta,Muigaia palmatisecta,Muigaia,,f,f,,,,,,,,,,,,,,,,,,,,,,,,,,,,null:,77349660-1,Kew Bull.,urn:lsid:ipni.org:publications:987-2,2026,2026 [18 Feb 2026],[18 Feb 2026],Ngima & Kathambi,spec.,Kew Bull. 81(1): [9 of 22]. 2026 [18 Feb 2026] ,,doi:10.1007/s12225-025-10366-w,,,9,palmatisecta,,,f,t,,,,,,,Choisy@12379-1@4@basEx$Kathambi@0-0@2@aut$Bojer@921-1@3@bas$Ngima@0-0@1@aut,,,comb. nov.,,1.3,f,muigaia~palmatisecta,convolvulaceaemuigaia~palmatisecta~,4,wfo-1000089228,,species,valid,,,,Kew Bull. 81(1): [9 of 22] (2026),https://www.ipni.org/n/77349798-1,IPNI record: 77349798-1
urn:lsid:ipni.org:names:77349799-1,"(L.) Ngima, Kathambi & A.R.Simões",Convolvulaceae Convolvulus copticus L.,(L.),266067-1,,,81(1): 10 of 22,,,,,,,,,,,,07/10/2024 09:14,25/02/2026 12:18,,,Convolvulaceae,Muigaia coptica,Muigaia coptica,Muigaia,,f,f,,,,,,,,,,,,,,,,,,,,,,,,,,,,null:,77349660-1,Kew Bull.,urn:lsid:ipni.org:publications:987-2,2026,2026 [18 Feb 2026],[18 Feb 2026],"Ngima, Kathambi & A.R.Simões",spec.,Kew Bull. 81(1): 10 of 22. 2026 [18 Feb 2026] ,,doi:10.1007/s12225-025-10366-w,,,9,coptica,,,f,t,,,,,,,Kathambi@0-0@2@aut$L.@12653-1@4@bas$Ngima@0-0@1@aut$A.R.Simões@20017668-1@3@aut,,,comb. nov.,,1.3,f,muigaia~coptica,convolvulaceaemuigaia~coptica~,5,wfo-1000089229,,species,valid,,,,Kew Bull. 81(1): 10 of 22 (2026),https://www.ipni.org/n/77349799-1,IPNI record: 77349799-1
urn:lsid:ipni.org:names:77349800-1,A.R.Simões,,,,,,81(1): [13 of 22],,,,,,,,,,,,07/10/2024 09:17,25/02/2026 13:29,,,Convolvulaceae,Muigaia shimpalei,Muigaia shimpalei,Muigaia,,f,f,,,,,,,,,,,,,,,,,,,,,,,,,,,,null:,77349660-1,Kew Bull.,urn:lsid:ipni.org:publications:987-2,2026,2026 [18 Feb 2026],[18 Feb 2026],A.R.Simões,spec.,Kew Bull. 81(1): [13 of 22]. 2026 [18 Feb 2026] ,,doi:10.1007/s12225-025-10366-w,269872-1,,9,shimpalei,,,f,t,,,,,,,A.R.Simões@20017668-1@1@aut,,,nom. nov.,,1.3,f,muigaia~shimpalei,convolvulaceaemuigaia~shimpalei~,6,wfo-1000089230,,species,valid,,,,Kew Bull. 81(1): [13 of 22] (2026),https://www.ipni.org/n/77349800-1,IPNI record: 77349800-1
urn:lsid:ipni.org:names:77349801-1,(Dalzell) A.R.Simões,Convolvulaceae Pharbitis laciniata Dalzell,(Dalzell),270869-1,,,81(1): [16 of 22],,,,,,,,,,,,07/10/2024 09:18,25/02/2026 13:30,,,Convolvulaceae,Muigaia laciniata,Muigaia laciniata,Muigaia,,f,f,,,,,,,,,,,,,,,,,,,,,,,,,,,,null:,77349660-1,Kew Bull.,urn:lsid:ipni.org:publications:987-2,2026,2026 [18 Feb 2026],[18 Feb 2026],A.R.Simões,spec.,Kew Bull. 81(1): [16 of 22]. 2026 [18 Feb 2026] ,,doi:10.1007/s12225-025-10366-w,,,11,laciniata,,,f,t,,,,,,,A.R.Simões@20017668-1@1@aut$Dalzell@1968-1@2@bas,,,comb. nov.,,1.3,f,muigaia~laciniata,convolvulaceaemuigaia~laciniata~,7,wfo-1000089231,,species,valid,,,,Kew Bull. 81(1): [16 of 22] (2026),https://www.ipni.org/n/77349801-1,IPNI record: 77349801-1
urn:lsid:ipni.org:names:77349803-1,"(R.Br.) Ngima, Kathambi & Kagame",Convolvulaceae Ipomoea diversifolia R.Br.,(R.Br.),268794-1,,,81(1): [17 of 22],,,,,,,,,,,,07/10/2024 09:19,25/02/2026 13:31,,,Convolvulaceae,Muigaia diversifolia,Muigaia diversifolia,Muigaia,,f,f,,,,,,,,,,,,,,,,,,,,,,,,,,,,null:,77349660-1,Kew Bull.,urn:lsid:ipni.org:publications:987-2,2026,2026 [18 Feb 2026],[18 Feb 2026],"Ngima, Kathambi & Kagame",spec.,Kew Bull. 81(1): [17 of 22]. 2026 [18 Feb 2026] ,,doi:10.1007/s12225-025-10366-w,,,9,diversifolia,,,f,t,,,,,,,Ngima@0-0@1@aut$R.Br.@1192-1@4@bas$Kagame@0-0@3@aut$Kathambi@0-0@2@aut,,,comb. nov.,,1.3,f,muigaia~diversifolia,convolvulaceaemuigaia~diversifolia~,8,wfo-1000089232,,species,valid,,,,Kew Bull. 81(1): [17 of 22] (2026),https://www.ipni.org/n/77349803-1,IPNI record: 77349803-1
urn:lsid:ipni.org:names:77364901-1,Breteler & Burgt,,,,,,80(4): 851,,10,,10,,13201,1994,,F.J.Breteler,,,02/07/2025 14:55,17/02/2026 10:28,"Gabon (West-Central Tropical Africa, Africa)",,Leguminosae,Tessmannia bambidiensis,Tessmannia bambidiensis,Tessmannia,,f,f,,,,,,,,,,,"Ogooué-Lolo, near Bambidie, c. 30 km E of Lastoursville",,,,,,,,,,,,,,,,,,23679-1,Kew Bull.,urn:lsid:ipni.org:publications:987-2,2026,2026 [6 Jan 2026],[6 Jan 2026],Breteler & Burgt,spec.,Kew Bull. 80(4): 851. 2026 [6 Jan 2026] [epublished],[epublished],"doi:10.1007/s12225-025-10326-4 [english] Etymology: the specific epithet is named after the village Bambidié, a logging industry village near the area where the tree species is endemic.",,,11,bambidiensis,,,f,t,,holotype WAG WAG0101122;isotype WAG WAG0101123; WAG0192355,,,,,Breteler@1125-1@1@aut$Burgt@20008025-1@2@aut,,,tax. nov.,,1.4,f,tessmannia~bambidiensis,leguminosaetessmannia~bambidiensis~,9,wfo-0001032962,,species,valid,,,,Kew Bull. 80(4): 851 (2026),https://www.ipni.org/n/77364901-1,IPNI record: 77364901-1
urn:lsid:ipni.org:names:77364902-1,Burgt,,,,,,80(4): 861,,17,,6,,14105,1948,,Gossweiler,,,02/07/2025 17:24,17/02/2026 10:29,"Angola (South Tropical Africa, Africa);Zaïre (West-Central Tropical Africa, Africa);",,Leguminosae,Tessmannia grandifoliola,Tessmannia grandifoliola,Tessmannia,,f,f,,,,,,,,,,,"Angola. Lunda Norte, Chicapa R. at Marhura",,,,,,,,,,,,,,,,,,23679-1,Kew Bull.,urn:lsid:ipni.org:publications:987-2,2026,2026 [6 Jan 2026],[6 Jan 2026],Burgt,spec.,Kew Bull. 80(4): 861. 2026 [6 Jan 2026] [epublished],[epublished],"doi:10.1007/s12225-025-10326-4 [english] Etymology: the specific epithet is named after its large leaflets. Several species of Tessmannia have even larger leaflets, but these occur in rain forest.",,,11,grandifoliola,,,f,t,,holotype K K001091916;isotype BM;isotype B B100003074; B100003075;isotype BR BR018703030;isotype BRLU BRLU0032169;isotype COI COI00000942; COI00067272;isotype K K001091917; K000508628;isotype LISC LISC010526; LISC010527; LISC010528; LISC010529;isotype P P03481105;isotype US US00764962; US00764963,,,,,Burgt@20008025-1@1@aut,,,tax. nov.,,1.4,f,tessmannia~grandifoliola,leguminosaetessmannia~grandifoliola~,10,wfo-1000089233,,species,valid,,,,Kew Bull. 80(4): 861 (2026),https://www.ipni.org/n/77364902-1,IPNI record: 77364902-1
urn:lsid:ipni.org:names:77364903-1,Breteler & Burgt,,,,,,80(4): 865,,9,,11,,14618,1998,,F.J.Breteler,,,02/07/2025 17:53,17/02/2026 10:31,"Gabon (West-Central Tropical Africa, Africa);Cameroon (West-Central Tropical Africa, Africa);Equatorial Guinea (West-Central Tropical Africa, Africa);Congo (West-Central Tropical Africa, Africa);Zaïre (West-Central Tropical Africa, Africa);",,Leguminosae,Tessmannia macrantha,Tessmannia macrantha,Tessmannia,,f,f,,,,,,,,,,,"Gabon. Ogooué-Maritime, Gamba area, near Vembo",,,,,,,,,,,,,,,,,,23679-1,Kew Bull.,urn:lsid:ipni.org:publications:987-2,2026,2026 [6 Jan 2026],[6 Jan 2026],Breteler & Burgt,spec.,Kew Bull. 80(4): 865. 2026 [6 Jan 2026] [epublished],[epublished],doi:10.1007/s12225-025-10326-4 [english] Etymology: the specific epithet translates to large-flowered,,,11,macrantha,,,f,t,,holotype WAG WAG0090448;isotype BM;isotype BR;isotype BRLU;isotype C;isotype E;isotype G;isotype K K000745735;isotype LBV LBV0038921;isotype MA;isotype MO MO6732823;isotype NY;isotype PR;isotype S;isotype US US001234565;isotype WAG WAG0090446; WAG0090447; WAG0090449; WAG0090450,,,,,Burgt@20008025-1@2@aut$Breteler@1125-1@1@aut,,,tax. nov.,,1.4,f,tessmannia~macrantha,leguminosaetessmannia~macrantha~,11,wfo-1000089234,,species,valid,,,,Kew Bull. 80(4): 865 (2026),https://www.ipni.org/n/77364903-1,IPNI record: 77364903-1
urn:lsid:ipni.org:names:77364904-1,Breteler & Burgt,,,,,,80(4): 869,,10,,11,,14632,1998,,F.J.Breteler,,,02/07/2025 18:52,17/02/2026 10:32,"Gabon (West-Central Tropical Africa, Africa)",,Leguminosae,Tessmannia media,Tessmannia media,Tessmannia,,f,f,,,,,,,,,,,"Ogooué-Maritime, near Gamba, road from Yenzi to Vembo",,,,,,,,,,,,,,,,,,23679-1,Kew Bull.,urn:lsid:ipni.org:publications:987-2,2026,2026 [6 Jan 2026],[6 Jan 2026],Breteler & Burgt,spec.,Kew Bull. 80(4): 869. 2026 [6 Jan 2026] [epublished],[epublished],"doi:10.1007/s12225-025-10326-4 [english] Etymology: the specific epithet is so named because morphologically it is positioned in the middle between T. lescrauwaetii and T. dawei. In addition, the species is of medium height, while most other species in the genus Tessmannia are large trees",,,11,media,,,f,t,,holotype WAG WAG0192357;isotype BM;isotype BRLU;isotype C;isotype BR BR015741356;isotype E;isotype G;isotype K K000745734;isotype LBV;isotype MA;isotype MO MO6700143;isotype NY;isotype P P00905069;isotype PR;isotype S;isotype US US01234564;isotype WAG WAG0266495; WAG0266496,,,,,Burgt@20008025-1@2@aut$Breteler@1125-1@1@aut,,,tax. nov.,,1.4,f,tessmannia~media,leguminosaetessmannia~media~,12,wfo-1000089235,,species,valid,,,,Kew Bull. 80(4): 869 (2026),https://www.ipni.org/n/77364904-1,IPNI record: 77364904-1
urn:lsid:ipni.org:names:77364905-1,Burgt,,,,,,80(4): 871,,11,,11,,14638,1998,,F.J.Breteler,,,02/07/2025 19:04,17/02/2026 10:33,"Gabon (West-Central Tropical Africa, Africa);Equatorial Guinea (West-Central Tropical Africa, Africa);Zaïre (West-Central Tropical Africa, Africa);",,Leguminosae,Tessmannia microphylla,Tessmannia microphylla,Tessmannia,,f,f,,,,,,,,,,,"Gabon. Ogooué-Maritime. Gamba area, near Vembo",,,,,,,,,,,,,,,,,,23679-1,Kew Bull.,urn:lsid:ipni.org:publications:987-2,2026,2026 [6 Jan 2026],[6 Jan 2026],Burgt,spec.,Kew Bull. 80(4): 871. 2026 [6 Jan 2026] [epublished],[epublished],doi:10.1007/s12225-025-10326-4 [english] Etymology: the specific epithet is named after its small leaves.,,,11,microphylla,,,f,t,,holotype WAG WAG0192353;isotype B;isotype BM;isotype BRLU;isotype BR BR015740991;isotype C;isotype E;isotype G;isotype K K000745733;isotype LBV LBV0038928;isotype MA MA879668;isotype MO;isotype MPU;isotype NY;isotype P P00905064;isotype PR;isotype S;isotype US US01234563;isotype W;isotype WAG WAG0266515;isotype Z,,,,,Burgt@20008025-1@1@aut,,,tax. nov.,,1.4,f,tessmannia~microphylla,leguminosaetessmannia~microphylla~,13,wfo-1000089236,,species,valid,,,,Kew Bull. 80(4): 871 (2026),https://www.ipni.org/n/77364905-1,IPNI record: 77364905-1
urn:lsid:ipni.org:names:77364906-1,Burgt,,,,,,80(4): 872,,29,,5,,90,1981,,Hart,,,02/07/2025 19:18,17/02/2026 10:33,"Zaïre (West-Central Tropical Africa, Africa);Burundi (West-Central Tropical Africa, Africa);",,Leguminosae,Tessmannia minutiflora,Tessmannia minutiflora,Tessmannia,,f,f,,,,,,,,,,,"Congo (Kinshasa). Orientale, Zone de Mambasa, Ituri, Epulu",,,,,,,,,,,,,,,,,,23679-1,Kew Bull.,urn:lsid:ipni.org:publications:987-2,2026,2026 [6 Jan 2026],[6 Jan 2026],Burgt,spec.,Kew Bull. 80(4): 872. 2026 [6 Jan 2026] [epublished],[epublished],"doi:10.1007/s12225-025-10326-4 [english] Etymology: the specific epithet is named after its small flowers. Several other Tessmannia species have equally small flowers, but these species have smaller leaflets than T. minutiflora.",,,11,minutiflora,,,f,t,,holotype K K001381117;isotype BR BR0846283;isotype EPU EPU124812810,,,,,Burgt@20008025-1@1@aut,,,tax. nov.,,1.5,f,tessmannia~minutiflora,leguminosaetessmannia~minutiflora~,14,wfo-1000089237,,species,valid,,,,Kew Bull. 80(4): 872 (2026),https://www.ipni.org/n/77364906-1,IPNI record: 77364906-1
urn:lsid:ipni.org:names:77364907-1,Breteler & Burgt,,,,,,80(4): 874,,9,,12,,7753,1929,,Le Testu,,,02/07/2025 19:29,17/02/2026 10:34,"Gabon (West-Central Tropical Africa, Africa);Cameroon (West-Central Tropical Africa, Africa);Zaïre (West-Central Tropical Africa, Africa);Congo (West-Central Tropical Africa, Africa);",,Leguminosae,Tessmannia neglecta,Tessmannia neglecta,Tessmannia,,f,f,,,,,,,,,,,"Gabon. Lastoursville region, Sacamicanda",,,,,,,,,,,,,,,,,,23679-1,Kew Bull.,urn:lsid:ipni.org:publications:987-2,2026,2026 [6 Jan 2026],[6 Jan 2026],Breteler & Burgt,spec.,Kew Bull. 80(4): 874. 2026 [6 Jan 2026] [epublished],[epublished],doi:10.1007/s12225-025-10326-4 [english] Etymology: the specific epithet is so named because the species has been overlooked and neglected for a long time. The type of T. neglecta was collected in 1929.,,,11,neglecta,,,f,t,,holotype BR BR015740403;isotype BM;isotype B B100003012;isotype BR BR015740397;isotype HBG HBG527169;isotype K K001381363;isotype MO MO2215660;isotype P P03495911; P03495927;isotype WAG WAG0100247,,,,,Breteler@1125-1@1@aut$Burgt@20008025-1@2@aut,,,tax. nov.,,1.5,f,tessmannia~neglecta,leguminosaetessmannia~neglecta~,15,wfo-1000089238,,species,valid,,,,Kew Bull. 80(4): 874 (2026),https://www.ipni.org/n/77364907-1,IPNI record: 77364907-1
urn:lsid:ipni.org:names:77364908-1,Breteler & Burgt,,,,,,80(4): 877,,17,,11,,3224,1994,,J.J.Wieringa,,,02/07/2025 19:43,17/02/2026 10:35,"Gabon (West-Central Tropical Africa, Africa)",,Leguminosae,Tessmannia nervosa,Tessmannia nervosa,Tessmannia,,f,f,,,,,,,,,,,"Ogooué-Lolo. 29 km ENE of Lastoursville, 3 km on CEB road",,,,,,,,,,,,,,,,,,23679-1,Kew Bull.,urn:lsid:ipni.org:publications:987-2,2026,2026 [6 Jan 2026],[6 Jan 2026],Breteler & Burgt,spec.,Kew Bull. 80(4): 877. 2026 [6 Jan 2026] [epublished],[epublished],doi:10.1007/s12225-025-10326-4 [english] Etymology: the specific epithet is so named because the leaflets have fewer secondary veins than the other species of Tessmannia with large leaflets,,,11,nervosa,,,f,t,,holotype WAG WAG0090394;isotype A;isotype B;isotype BP;isotype BR BR15741554;isotype BRLU;isotype C;isotype EA;isotype FR;isotype IAGB;isotype K K000745603;isotype LBV;isotype LUA;isotype M M0215203;isotype MA MA866987;isotype MO MO6731816;isotype MPU;isotype NY;isotype POZG;isotype PRE;isotype RSA;isotype SEV;isotype STR;isotype TI;isotype UC;isotype US US01187690;isotype W;isotype WAG WAG0090393; WAG0090395; WAG0090396;isotype WRSL;isotype YA,,,,,Breteler@1125-1@1@aut$Burgt@20008025-1@2@aut,,,tax. nov.,,1.4,f,tessmannia~nervosa,leguminosaetessmannia~nervosa~,16,wfo-1000089239,,species,valid,,,,Kew Bull. 80(4): 877 (2026),https://www.ipni.org/n/77364908-1,IPNI record: 77364908-1
urn:lsid:ipni.org:names:77364910-1,(J.Léonard) Burgt,Leguminosae Tessmannia martiniana Harms var. pauloi J.Léonard,(J.Léonard),77364909-1,,,80(4): 879,,,,,,,,,,,,02/07/2025 20:15,17/02/2026 10:37,,,Leguminosae,Tessmannia pauloi,Tessmannia pauloi,Tessmannia,,f,f,,,,,,,,,,,,,,,,,,,,,,,,,,,,null:,23679-1,Kew Bull.,urn:lsid:ipni.org:publications:987-2,2026,2026 [6 Jan 2026],[6 Jan 2026],Burgt,spec.,Kew Bull. 80(4): 879. 2026 [6 Jan 2026] [epublished],[epublished],doi:10.1007/s12225-025-10326-4,,,11,pauloi,,,f,t,,,,,,,J.Léonard@5482-1@2@bas$Burgt@20008025-1@1@aut,,,comb. et stat. nov.,,1.4,f,tessmannia~pauloi,leguminosaetessmannia~pauloi~,17,wfo-1000089240,,species,valid,,,,Kew Bull. 80(4): 879 (2026),https://www.ipni.org/n/77364910-1,IPNI record: 77364910-1
urn:lsid:ipni.org:names:77364911-1,Burgt,,,,,,80(4): 881,,,,5,6,1896,1892,1892,Sacleux,,,02/07/2025 20:36,17/02/2026 10:37,"Tanzania (East Tropical Africa, Africa)",,Leguminosae,Tessmannia tanzaniensis,Tessmannia tanzaniensis,Tessmannia,,f,f,,,,,,,,,,,Mandera,,,,,,,,,,,,,,,,,,23679-1,Kew Bull.,urn:lsid:ipni.org:publications:987-2,2026,2026 [6 Jan 2026],[6 Jan 2026],Burgt,spec.,Kew Bull. 80(4): 881. 2026 [6 Jan 2026] [epublished],[epublished],"doi:10.1007/s12225-025-10326-4 [english] Etymology: the specific epithet is named after Tanzania, the country where it is endemic.",,,11,tanzaniensis,,,f,t,,holotype P P03481102;isotype P P03481103; P03495920;isotype WAG WAG0192356,,,,,Burgt@20008025-1@1@aut,,,tax. nov.,,1.4,f,tessmannia~tanzaniensis,leguminosaetessmannia~tanzaniensis~,18,wfo-1000089241,,species,valid,,,,Kew Bull. 80(4): 881 (2026),https://www.ipni.org/n/77364911-1,IPNI record: 77364911-1
urn:lsid:ipni.org:names:77367037-1,Nuanlaong,,,,,,81(1): [2 of 9],,8,,4,,WBG01514,2017,,Yodthammarat,,,08/08/2025 14:14,02/03/2026 17:44,"Thailand (Indo-China, Asia-Tropical)",E,Nepenthaceae,Nepenthes siamensis,Nepenthes siamensis,Nepenthes,,f,f,,,,,,,,8,46,,"Surat Thani Province, Phanom Distr., Khlong Phanom National Park, Mt. Khao Cho Mak Phu, 435-440 m",98,40,,,,,,,N,,,,,,,,,327014-2,Kew Bull.,urn:lsid:ipni.org:publications:987-2,2026,2026 [27 Feb 2026],[27 Feb 2026],Nuanlaong,spec.,Kew Bull. 81(1): [2 of 9]. 2026 [27 Feb 2026] ,,"doi:10.1007/s12225-025-10336-2 [english] Etymology: 'The specific epithet 'siamensis' refers to Siam, the old name of Thailand where this species was collected'.",,,11,siamensis,,,f,t,,"holotype Walailak University Herbarium, Thailand;isotype QBG;isotype PSU",,,,,Nuanlaong@20031263-1@1@aut,,,tax. nov.,,1.3,f,nepenthes~siamensis,nepenthaceaenepenthes~siamensis~,19,wfo-1000089242,,species,valid,,,,Kew Bull. 81(1): [2 of 9] (2026),https://www.ipni.org/n/77367037-1,IPNI record: 77367037-1
urn:lsid:ipni.org:names:77367181-1,"C.L.Ribeiro, Snak & L.P.Queiroz",,,,,,81(1): [2 of 8],,20,,5,,280,2005,,C.L.Ribeiro,,,11/08/2025 12:27,05/03/2026 12:38,"Bahia (Brazil Northeast, Brazil, Southern America);Maranhão (Brazil Northeast, Brazil, Southern America);Tocantins (Brazil North, Brazil, Southern America);",W,Leguminosae,Macroptilium coradinii,Macroptilium coradinii,Macroptilium,,f,f,,,,,,,,12,9,49,"Bahia: Barreiras, BR 242, c. 12 km de Barreiras, km 774, 690 m",44,51,55,,,,,,S,,,,,,,,,30016192-2,Kew Bull.,urn:lsid:ipni.org:publications:987-2,2026,2026 [4 Mar 2026],[4 Mar 2026],"C.L.Ribeiro, Snak & L.P.Queiroz",spec.,Kew Bull. 81(1): [2 of 8]. 2026 [4 Mar 2026] ,,"doi:10.1007/s12225-025-10313-9 [english] Etymology: 'The specific epithet honours the Brazilian legume researcher Lídio Coradin, the first known collector of the new species in 1987'.",,,11,coradinii,,,f,t,,holotype HUEFS HUEFS000100287513;isotype K;isotype MEXU;isotype RB;isotype HUEFS HUEFS000245317,,,,,C.L.Ribeiro@20058598-1@1@aut$Snak@20026752-1@2@aut$L.P.Queiroz@17837-1@3@aut,,,tax. nov.,,1.3,f,macroptilium~coradinii,leguminosaemacroptilium~coradinii~,20,wfo-1000089243,,species,valid,,,,Kew Bull. 81(1): [2 of 8] (2026),https://www.ipni.org/n/77367181-1,IPNI record: 77367181-1
urn:lsid:ipni.org:names:77368916-1,Rapini & Giul.,,,,,,81(1): [3 of 13],,19,,2,,57032,2014,,R.Harley &amp; A.M.Giulietti,,,08/09/2025 14:22,12/02/2026 18:10,"Bahia (Brazil Northeast, Brazil, Southern America)",W,Asclepiadaceae,Ditassa scholaris,Ditassa scholaris,Ditassa,,f,f,,,,,,,,10,27,22,"Umburanas, c. 4 km do rio Murim, após o Poço d’Água, na estrada para Minas do Mimoso",41,21,34,,,,,,S,,,,,,,,,3334-1,Kew Bull.,urn:lsid:ipni.org:publications:987-2,2026,2026 [5 Feb 2026],[5 Feb 2026],Rapini & Giul.,spec.,Kew Bull. 81(1): [3 of 13]. 2026 [5 Feb 2026] ,,"doi:10.1007/s12225-025-10276-x [english] Etymology: 'The epithet 'scholaris' honours Prof. Jorge Fontella Pereira, who passed away on 26 August 2024'.",,,11,scholaris,,,f,t,,holotype HUEFS;isotype K,,,,,Giul.@12152-1@2@aut$Rapini@39541-1@1@aut,,,tax. nov.,,1.3,f,ditassa~scholaris,asclepiadaceaeditassa~scholaris~,21,wfo-1000089244,,species,valid,,,,Kew Bull. 81(1): [3 of 13] (2026),https://www.ipni.org/n/77368916-1,IPNI record: 77368916-1
urn:lsid:ipni.org:names:77369846-1,Lazkov & Zubov,,,,,,80(4): 923,,18,,3,,s.n.,2024,,Lazkov,,,29/09/2025 14:31,17/02/2026 10:58,"Kirgizstan (Middle Asia, Asia-Temperate)",,Colchicaceae,Colchicum talassicum,Colchicum talassicum,Colchicum,,f,f,,,,,,,,,,,"Kyrgyzstan, Talas Region, northern macroslope of the Talas Ala-Too Range, Besh-Tash River basin, vicinity of Kozuchak village, c. 1500 m; precise locality withheld for protection purposes",,,,,,,,,,,,,,,,,,24150-1,Kew Bull.,urn:lsid:ipni.org:publications:987-2,2026,2026 [7 Jan 2026],[7 Jan 2026],Lazkov & Zubov,spec.,Kew Bull. 80(4): 923. 2026 [7 Jan 2026] [epublished],[epublished],"doi:10.1007/s12225-025-10312-W [english] Etymology: named after the Talas Ala-Too Range & Talas Valley in NW Kyrgyzstan, where it was found by Sergey Zenin in 2019.",,,11,talassicum,,,f,t,,holotype FRU FRU1803241;isotype LWKS;isotype TASH;isotype LE,,,,,Zubov@20019321-1@2@aut$Lazkov@36817-1@1@aut,,,tax. nov.,,1.5,f,colchicum~talassicum,colchicaceaecolchicum~talassicum~,22,wfo-1000089245,,species,valid,,,,Kew Bull. 80(4): 923 (2026),https://www.ipni.org/n/77369846-1,IPNI record: 77369846-1
urn:lsid:ipni.org:names:77371260-1,Swenson,,,,,,81(1): [3 of 13],,11,,4,,FRI 41348,1994,,"Soepadmo, Khalkausar, Georg, Chung &amp; Dewol",,,28/10/2025 12:37,13/02/2026 10:09,"Sabah (Borneo, Malesia, Asia-Tropical)",,Sapotaceae,Planchonella cerebrifructa,Planchonella cerebrifructa,Planchonella,,f,f,,,,,,,,,,,"Sandakan, Telupid, Bkt. Tawai Forest Reserve, Sg. Meliau, 150 m",,,,,,,,,,,,,,,,,,331860-2,Kew Bull.,urn:lsid:ipni.org:publications:987-2,2026,2026 [6 Feb 2026],[6 Feb 2026],Swenson,spec.,Kew Bull. 81(1): [3 of 13]. 2026 [6 Feb 2026] ,,"doi:10.1007/s12225-025-10310-y [english] Etymology: 'The species epithet cerebrifructa is derived from cerebrum (brain) and fructus (fruit), to describe the young fruits which, at least when dry, are wrinkled into ridges and folds very similar to a small brain'.",,,11,cerebrifructa,,,f,t,,holotype SING 0370318;isotype BRUN 014125;isotype E E00330823;isotype K K001326615;isotype L L.2649234,,,,,Swenson@37087-1@1@aut,,,tax. nov.,,1.4,f,planchonella~cerebrifructa,sapotaceaeplanchonella~cerebrifructa~,23,wfo-1000089246,,species,valid,,,,Kew Bull. 81(1): [3 of 13] (2026),https://www.ipni.org/n/77371260-1,IPNI record: 77371260-1
urn:lsid:ipni.org:names:77371261-1,Swenson,,,,,,81(1): [5 of 13],,6,,2,,25495,2010,,"Takeuchi, Ama &amp; Gambia",,,28/10/2025 12:39,13/02/2026 10:07,"Papua New Guinea (New Guinea, Papuasia, Asia-Tropical)",E,Sapotaceae,Planchonella hispida,Planchonella hispida,Planchonella,,f,f,,,,,,,,4,38,57,"West Sepik Province, upper Sepik drainage, Frieda River, Malia, 330 m",141,47,46,,,,,,S,,,,,,,,,331860-2,Kew Bull.,urn:lsid:ipni.org:publications:987-2,2026,2026 [6 Feb 2026],[6 Feb 2026],Swenson,spec.,Kew Bull. 81(1): [5 of 13]. 2026 [6 Feb 2026] ,,"doi:10.1007/s12225-025-10310-y [english] Etymology: 'Planchonella hispida is named after the characteristic hispid Y-shaped trichomes, especially occurring on tertiary and quaternary leaf veins'.",,,11,hispida,,,f,t,,holotype S S24-21861;isotype A A02502716;isotype CANB CANB1003730;isotype G G00393879;isotype MO 3099152/A6702266;isotype P P00851989,,,,,Swenson@37087-1@1@aut,,,tax. nov.,,1.3,f,planchonella~hispida,sapotaceaeplanchonella~hispida~,24,wfo-1000089247,,species,valid,,,,Kew Bull. 81(1): [5 of 13] (2026),https://www.ipni.org/n/77371261-1,IPNI record: 77371261-1
urn:lsid:ipni.org:names:77371262-1,Swenson,,,,,,81(1): [6 of 13],,22,,2,,17408,1964,,Havel &amp; School,,,28/10/2025 12:44,13/02/2026 10:21,"Papua New Guinea (New Guinea, Papuasia, Asia-Tropical)",E,Sapotaceae,Planchonella surculiflora,Planchonella surculiflora,Planchonella,,f,f,,,,,,,,9,15,,"Central Province, near Hohora plantation area, 61 m",147,20,,,,,,,S,,,,,,,,,331860-2,Kew Bull.,urn:lsid:ipni.org:publications:987-2,2026,2026 [6 Feb 2026],[6 Feb 2026],Swenson,spec.,Kew Bull. 81(1): [6 of 13]. 2026 [6 Feb 2026] ,,"doi:10.1007/s12225-025-10310-y [english] Etymology: 'The species epithet surculiflora stems from surculus, meaning shoot, and flora, meaning flowers, and together they refer to flowers that are borne on short shoots from the main axis'.",,,11,surculiflora,,,f,t,,"holotype CBG CBG8312745;isotype BRI AQ35422;isotype E E00290077, E00290078;isotype K K001326605;isotype SING SING0261356",,,,,Swenson@37087-1@1@aut,,,tax. nov.,,1.4,f,planchonella~surculiflora,sapotaceaeplanchonella~surculiflora~,25,wfo-1000089248,,species,valid,,,,Kew Bull. 81(1): [6 of 13] (2026),https://www.ipni.org/n/77371262-1,IPNI record: 77371262-1
urn:lsid:ipni.org:names:77371263-1,Swenson,,,,,,81(1): [8 of 13],,,,4,,21216,2005,,"Takeuchi, Jisaka, Towati &amp; Ama",,,28/10/2025 12:50,13/02/2026 10:19,"Papua New Guinea (New Guinea, Papuasia, Asia-Tropical)",E,Sapotaceae,Planchonella takeuchii,Planchonella takeuchii,Planchonella,,f,f,,,,,,,,7,17,41,"Morobe Province, Kamiali Wildlife Management Area: ridge to Blue Mt, vicinity of the Nembebah plot above the bivouac, 700 m",147,5,24,,,,,,S,,,,,,,,,331860-2,Kew Bull.,urn:lsid:ipni.org:publications:987-2,2026,2026 [6 Feb 2026],[6 Feb 2026],Swenson,spec.,Kew Bull. 81(1): [8 of 13]. 2026 [6 Feb 2026] ,,"doi:10.1007/s12225-025-10310-y [english] Etymology: 'Planchonella takeuchii is dedicated to Wayne Takeuchi (1952 –), an important plant collector, especially affiliated to Harvard University (A)'.",,,11,takeuchii,,,f,t,,holotype S S10-16492;isotype A A02264248;isotype MEL MEL2524592;isotype MO 6906980/A6906980,,,,,Swenson@37087-1@1@aut,,,tax. nov.,,1.3,f,planchonella~takeuchii,sapotaceaeplanchonella~takeuchii~,26,wfo-1000089249,,species,valid,,,,Kew Bull. 81(1): [8 of 13] (2026),https://www.ipni.org/n/77371263-1,IPNI record: 77371263-1
urn:lsid:ipni.org:names:77371852-1,"Ze Wei, Li J.Liu & Bing Liu",,,,,,271: 154,,29,,3,,60,2021,,"Xuan Jing, Xie Gan, Wei Ze &amp; Ouyang Wenxiang",,,10/11/2025 06:30,02/03/2026 11:45,"Hunan (China Southeast, China, Asia-Temperate)",,Ericaceae,Monotropa callistoma,Monotropa callistoma,Monotropa,,f,f,,,,,,,,,,,"Shaoyang City, Xinning County, Shunhuang Mountain, 1560 m",,,,,,,,,,,,,,,,,,329943-2,PhytoKeys,urn:lsid:ipni.org:publications:20011997-1,2026,2026 [27 Feb 2026],[27 Feb 2026],"Ze Wei, Li J.Liu & Bing Liu",spec.,PhytoKeys 271: 154. 2026 [27 Feb 2026] ,,"doi:10.3897/phytokeys.271.177609 [english] Etymology: 'The specific epithet callistoma is derived from the Greek calli- (beautiful) and -stoma (mouth), alluding to the aesthetically pleasing form and coloration of the corolla orifice'.",,,11,callistoma,,,f,t,,holotype PE PE02432010,,,,,Bing Liu@20015508-1@3@aut$Ze Wei@20096415-1@1@aut$Li J.Liu@20096416-1@2@aut,,,tax. nov.,,1.4,f,monotropa~callistoma,ericaceaemonotropa~callistoma~,27,wfo-1000089250,,species,valid,,,,PhytoKeys 271: 154 (2026),https://www.ipni.org/n/77371852-1,IPNI record: 77371852-1
urn:lsid:ipni.org:names:77371915-1,F.Wen & Yu Q.Chen,,,,,,81(1): 2 of 8,,22,,7,,WF240722-01,2024,,"Fang Wen, Xiao-Mao Qian, Yu-Qiang Chen et al.",,,11/11/2025 16:45,25/02/2026 12:02,"Guangdong (China Southeast, China, Asia-Temperate)",,Gesneriaceae,Primulina taishanensis,Primulina taishanensis,Primulina,,f,f,,,,,,,,22,13,62,"Taishan County, Jiangmen City, Duhu Town, 240-280 m",112,95,38,,,,,,,,,,,,,,,17172-1,Kew Bull.,urn:lsid:ipni.org:publications:987-2,2026,2026 [23 Feb 2026],[23 Feb 2026],F.Wen & Yu Q.Chen,spec.,Kew Bull. 81(1): 2 of 8. 2026 [23 Feb 2026] ,,"doi:10.1007/s12225-025-10358-w [english] Etymology: name Latinised from the pinyin and the suffix '-ensis' to convey 'from the City of Taishan', where the species was found.",,,11,taishanensis,,,f,t,,holotype IBK;isotype KUN,,"Cultivated material in the Gesneriad Conservation Center of China, cultivated on 22 July 2021, wild-collected from Duhu Town, Taishan County.",,,Yu Q.Chen@20045736-1@2@aut$F.Wen@20013722-1@1@aut,,,tax. nov.,,1.3,f,primulina~taishanensis,gesneriaceaeprimulina~taishanensis~,28,wfo-1000089251,,species,valid,,,,Kew Bull. 81(1): 2 of 8 (2026),https://www.ipni.org/n/77371915-1,IPNI record: 77371915-1
urn:lsid:ipni.org:names:77371969-1,"(C.H.Rahaman & Swarn.Mondal) Seema, Umapathy & V.Bhatia",Euphorbiaceae Jatropha nana Dalzell & A.Gibson var. bengalensis C.H.Rahaman & Swarn.Mondal,(C.H.Rahaman & Swarn.Mondal),77126065-1,,,2026(3)-e05048: 4,,,,,,,,,,,,15/11/2025 15:10,09/03/2026 11:01,,,Euphorbiaceae,Jatropha benghalensis,Jatropha benghalensis,Jatropha,,f,f,,,,,,,,,,,,,,,,,,,,,,,,,,,,,325951-2,Nordic J. Bot.,urn:lsid:ipni.org:publications:2633-2,2026,2026 [14 Jan 2026],[14 Jan 2026],"Seema, Umapathy & V.Bhatia",spec.,Nordic J. Bot. 2026(3)-e05048: 4. [14 Jan 2026] ,,"doi:10.1002/njb.05048 [english] Etymology: Version of Record given online as 14 Jan 2026, in pdf as 10 Jan 2026.",,,11,benghalensis,,,f,t,,,,,,,C.H.Rahaman@20021550-1@4@bas$Umapathy@20095628-1@2@aut$V.Bhatia@20095629-1@3@aut$Seema@20095627-1@1@aut$Swarn.Mondal@20021551-1@5@bas,,,comb. et stat. nov.,,1.5,f,jatropha~benghalensis,euphorbiaceaejatropha~benghalensis~,29,wfo-1000089252,,species,valid,,,,Nordic J. Bot. 2026(3)-e05048: 4 (2026),https://www.ipni.org/n/77371969-1,IPNI record: 77371969-1
urn:lsid:ipni.org:names:77372517-1,V.R.Bueno & G.Heiden,,,,,,1039: 147,,26,,2,,9553a,1910,,P.K.H.Dusén,,,26/11/2025 13:07,06/02/2026 08:37,"Paraná (Brazil South, Brazil, Southern America)",,Asteraceae,Calea × malmeana,Calea × malmeana,Calea,,t,f,"41925-2,187708-1",(Calea marginata S.F.Blake × Calea parvifolia Baker),,,,,,,,,"Ponta Grossa, Fortaleza, in subpaludosis",,,,,,,,,,,,,,,,,,30005173-2,Eur. J. Taxon.,urn:lsid:ipni.org:publications:20016745-1,2026,2026 [6 Feb 2026],[6 Feb 2026],V.R.Bueno & G.Heiden,spec.,Eur. J. Taxon. 1039: 147. 2026 [6 Feb 2026] ,,"doi:10.5852/ejt.2026.1039.3183 [english] Etymology: name honours Gustaf Oskar Andersson Malme (1864–1937), a Swedish botanist.",,,11,malmeana,,,f,t,,holotype S 17-26715,,,,,V.R.Bueno@20042550-1@1@aut$G.Heiden@20014398-1@2@aut,,,tax. nov.,,1.3,f,calea~malmeana,asteraceaecalea~malmeana~,30,wfo-1000089253,,species,valid,,,,Eur. J. Taxon. 1039: 147 (2026),https://www.ipni.org/n/77372517-1,IPNI record: 77372517-1
urn:lsid:ipni.org:names:77372728-1,I.Darbysh. & C.Rieder,,,,,,81(1): [2 of 10],,14,,11,,466,2022,,C.Rieder,,,01/12/2025 13:06,26/02/2026 06:02,"Guinea (West Tropical Africa, Africa)",W,Amaranthaceae,Cyathula guineensis,Cyathula guineensis,Cyathula,,f,f,,,,,,,,11,39,10,"Parc National du Moyen-Bafing, Faranah Region, Dinguiraye Prefecture, Gagnakaly Sub-Prefecture, Plaine de Lamikouré",10,58,54,,,,,,N,,,,,,,,,331535-2,Kew Bull.,urn:lsid:ipni.org:publications:987-2,2026,2026 [24 Feb 2026],[24 Feb 2026],I.Darbysh. & C.Rieder,spec.,Kew Bull. 81(1): [2 of 10]. 2026 [24 Feb 2026] ,,"doi:10.1007/s12225-025-10279-8 [english] Etymology: named after the Republic of Guinea, where it is currently believed to be endemic.",,,9,guineensis,,,f,t,,holotype HNG HNG0002885;isotype K K000010698,,,,,I.Darbysh.@20004449-2@1@aut$C.Rieder@0-0@2@aut,,,tax. nov.,,1.3,f,cyathula~guineensis,amaranthaceaecyathula~guineensis~,31,wfo-1000089254,,species,valid,,,,Kew Bull. 81(1): [2 of 10] (2026),https://www.ipni.org/n/77372728-1,IPNI record: 77372728-1
urn:lsid:ipni.org:names:77373167-1,Barn.Das & N.Nath,,,,,,747(1): 2,,1,,10,,BD055,2025,,Barnali Das,,,08/12/2025 12:01,13/03/2026 12:07,"Assam (Assam, Indian Subcontinent, Asia-Tropical)",E,Melastomataceae,Osbeckia zubeengargiana,Osbeckia zubeengargiana,Osbeckia,,f,f,,,,,,,,26,39,30,"Baksa District, Manas National Park, ca. 100 m",91,2,9,,,,,,N,,,,,,,,,26510-1,Phytotaxa,urn:lsid:ipni.org:publications:20011462-1,2026,2026 [13 Mar 2026],[13 Mar 2026],Barn.Das & N.Nath,spec.,Phytotaxa 747(1): 2. 2026 [13 Mar 2026] ,,"doi:10.11646/phytotaxa.747.1.1 Etymology: 'The species is named after the heart throb of Assam, late legendary singer, lyricist, film maker, actor, poet, nature lover Zubeen Garg, Hon.D.Litt., having outstanding contribution to the Assamese culture as well for the conservation of nature.'",,,11,zubeengargiana,,,f,t,,holotype GUBH GUBH020994;isotype GUBH GUBH020995,,,,,N.Nath@20083376-1@2@aut$Barn.Das@20096920-1@1@aut,,,tax. nov.,,1.2,f,osbeckia~zubeengargiana,melastomataceaeosbeckia~zubeengargiana~,32,wfo-1000089255,,species,valid,,,,Phytotaxa 747(1): 2 (2026),https://www.ipni.org/n/77373167-1,IPNI record: 77373167-1
urn:lsid:ipni.org:names:77373720-1,Trias-Blasi,,,,,,81(1): [1 of 4],,2,,11,,K10631,1995,,"Koyama, Tukirin, Yamada",,,15/12/2025 14:36,26/02/2026 06:06,"Kalimantan (Borneo, Malesia, Asia-Tropical)",W,Vitaceae,Pterisanthes dissecta,Pterisanthes dissecta,Pterisanthes,,f,f,,,,,,,,,43,,"Western Kalimantan, G. Berui 2.5km SSW Kota Serimbu, 50-100 m",110,6,,,,,,,N,,,,,,,,,1720-1,Kew Bull.,urn:lsid:ipni.org:publications:987-2,2026,2026 [13 Feb 2026],[13 Feb 2026],Trias-Blasi,spec.,Kew Bull. 81(1): [1 of 4]. 2026 [13 Feb 2026] ,,doi:10.1007/s12225-025-10365-x [english] Etymology: name refers to the dissected nature of the inflorescence.,,,11,dissecta,,,f,t,,holotype BO BO-1480044,,,,,Trias-Blasi@20016269-1@1@aut,,,tax. nov.,,1.3,f,pterisanthes~dissecta,vitaceaepterisanthes~dissecta~,33,wfo-1000089256,,species,valid,,,,Kew Bull. 81(1): [1 of 4] (2026),https://www.ipni.org/n/77373720-1,IPNI record: 77373720-1
urn:lsid:ipni.org:names:77375140-1,J.Mattos & Nadruz,,,,,,6(1)-11: 4,,18,,11,,3131,2021,,M.S.Wängler,,,17/01/2026 21:28,18/03/2026 15:43,"Rio de Janeiro (Brazil Southeast, Brazil, Southern America)",W,Araceae,Philodendron waenglerae,Philodendron waenglerae,Philodendron,,f,f,,,,,,,,21,59,36,"Santa Maria Madalena, Alto do Imbé, 520 m",41,58,45,,,,,,S,,,,,,,,,326132-2,Taxonomy,urn:lsid:ipni.org:publications:20028289-1,2026,2026 [15 Jan 2026],[15 Jan 2026],J.Mattos & Nadruz,spec.,Taxonomy 6(1)-11: 4. 2026 [15 Jan 2026] ,,"[english] Etymology: name honours the researcher Dra. Marília Suzy Wängler, who collected the type specimen and has contributed significantly to botanical research in the municipality of Santa Maria Madalena.",,,11,waenglerae,,,f,t,,holotype RB 821300,,,,,J.Mattos@20068570-1@1@aut$Nadruz@38531-1@2@aut,,,tax. nov.,,1.2,f,philodendron~waenglerae,araceaephilodendron~waenglerae~,34,wfo-1000089257,,species,valid,,,,Taxonomy 6(1)-11: 4 (2026),https://www.ipni.org/n/77375140-1,IPNI record: 77375140-1
urn:lsid:ipni.org:names:77375571-1,I.E.Méndez & Baró,,,,,,82(2)-e164: 3,,25,,1,,HPC 12372,2020,,I.E.Méndez &amp; A.Hernández,,,22/01/2026 22:49,12/03/2026 15:38,"Cuba (Caribbean, Southern America)",W,Lamiaceae,Callicarpa gonzalezgomezii,Callicarpa gonzalezgomezii,Callicarpa,,f,f,,,,,,,,21,6,3,"Holguín province, Rafael Freire municipality, around Bahía del Naranjo, Conuco de Mongo Viñas,",75,52,14,,,,,,N,,,,,,,,,30044566-2,Anales Jard. Bot. Madrid,urn:lsid:ipni.org:publications:1740-2,2026,2026 [22 Jan 2026],[22 Jan 2026],I.E.Méndez & Baró,spec.,Anales Jard. Bot. Madrid 82(2)-e164: 3. 2026 [22 Jan 2026] ,,doi:10.3989/ajbm.652 Etymology: specific epithet named for botanists Pedro A.González Gutiérrez and José L.Gómez Hechavarría.,,,11,gonzalezgomezii,,,f,t,,holotype HIPC;isotype HAJ;isotype ULV,,,,,Baró@36555-1@2@aut$I.E.Méndez@38740-1@1@aut,,,tax. nov.,,1.2,f,callicarpa~gonzalezgomezii,lamiaceaecallicarpa~gonzalezgomezii~,35,wfo-1000089258,,species,valid,,,,Anales Jard. Bot. Madrid 82(2)-e164: 3 (2026),https://www.ipni.org/n/77375571-1,IPNI record: 77375571-1
urn:lsid:ipni.org:names:77375572-1,Fern.Alonso & J.R.I.Wood,,,,,,82(2)-e166: 2,,10,,5,,1236,2015,,J.A.Vargas-Figueroa &amp; J.A.Orrego-Pineda,,,22/01/2026 22:52,12/03/2026 16:17,"Colombia (Western South America, Southern America)",,Lamiaceae,Salvia resupinata,Salvia resupinata,Salvia,,f,f,,,,,,,,,,,"Valle del Cauca, Municipio de El Cerrito, Corregimiento el Pomo, Vereda Cerrito Adentro, finca El Vesubio, Reserva Forestal Protectora Nacional Ríos Zabaletas y Cerrito, 2863 m",,,,,,,,,,,,,,,,,,30000096-2,Anales Jard. Bot. Madrid,urn:lsid:ipni.org:publications:1740-2,2026,2026 [22 Jan 2026],[22 Jan 2026],Fern.Alonso & J.R.I.Wood,spec.,Anales Jard. Bot. Madrid 82(2)-e166: 2. 2026 [22 Jan 2026] ,,doi:10.3989/ajbm.676 Etymology: The specific epithet is a reference to the resupinate flowers of this species.,,,11,resupinata,,,f,t,,holotype CUVC 056986,,,,,J.R.I.Wood@12313-1@2@aut$Fern.Alonso@18744-1@1@aut,,,tax. nov.,,1.2,f,salvia~resupinata,lamiaceaesalvia~resupinata~,36,wfo-1000089259,,species,valid,,,,Anales Jard. Bot. Madrid 82(2)-e166: 2 (2026),https://www.ipni.org/n/77375572-1,IPNI record: 77375572-1
urn:lsid:ipni.org:names:77375896-1,Verloove & Gonggrijp,,,,,,159(1): 97,,25,,8,,14585,2022,,F.Verloove,,,29/01/2026 09:01,19/02/2026 10:51,"Belgium (Belgium, Middle Europe, Europe)",E,Leguminosae,Medicago peregrina,Medicago peregrina,Medicago,,f,f,,,,,,,,50,33,53,"Province of Liège. Goffontaine (Pepinster), River Vesdre",5,45,40,,,,,,N,,,,,,,,,331761-2,Pl. Ecol. Evol.,urn:lsid:ipni.org:publications:20011731-1,2026,2026 [17 Feb 2026],[17 Feb 2026],Verloove & Gonggrijp,spec.,Pl. Ecol. Evol. 159(1): 97. 2026 [17 Feb 2026] ,,"doi:10.5091/plecevo.174072 [english] Etymology: the epithet peregrina (feminine, agreeing with Medicago) derives from the Latin peregrinus, 'foreigner'. It refers to the species' uncertain origin and presumed introduction, echoing its earlier use for so-called wool aliens.",,,11,peregrina,,,f,t,,holotype BR BR0000027058572V,,,,,Gonggrijp@20096155-1@2@aut$Verloove@20004433-2@1@aut,,,tax. nov.,,1.4,f,medicago~peregrina,leguminosaemedicago~peregrina~,37,wfo-1000089260,,species,valid,,,,Pl. Ecol. Evol. 159(1): 97 (2026),https://www.ipni.org/n/77375896-1,IPNI record: 77375896-1
urn:lsid:ipni.org:names:77376031-1,(Kreutz) Z.H.Feng,Orchidaceae Epipactis × soguksuensis Kreutz,(Kreutz),996621-1,,,14(1): 11,,,,,,,,,,,,30/01/2026 01:06,05/02/2026 08:16,,,Orchidaceae,Epipactis helleborine nothosubsp. soguksuensis,Epipactis helleborine nothosubsp. soguksuensis,Epipactis,,t,f,,,,,soguksuensis,,,,,,,,,,,,,,,,,,,,,,,null:,633228-1,Plant,urn:lsid:ipni.org:publications:20044785-1,2026,2026 [27 Jan 2026],[27 Jan 2026],Z.H.Feng,nothosubsp.,Plant 14(1): 11. 2026 [27 Jan 2026] ,,doi:10.11648/j.plant.20261401.11,,,11,helleborine,(L.) Crantz,,f,t,,,,,,,Z.H.Feng@20048642-1@1@aut$Kreutz@14781-1@2@bas,Crantz@0-0@1@aut$L.@0-0@2@bas,,comb. et stat. nov.,,1.3,f,epipactis~helleborinesoguksuensis,orchidaceaeepipactis~helleborinesoguksuensis,38,wfo-1200117807,,subspecies,valid,,,,Plant 14(1): 11 (2026),https://www.ipni.org/n/77376031-1,IPNI record: 77376031-1
urn:lsid:ipni.org:names:77376032-1,(J.Weigelt & Riech.) Z.H.Feng & J.M.H.Shaw,Orchidaceae Epipactis × gauckleri J.Weigelt & Riech.,(J.Weigelt & Riech.),20010354-1,,,14(1): 11,,,,,,,,,,,,30/01/2026 01:08,05/02/2026 08:19,,,Orchidaceae,Epipactis × schmalhausenii nothosubsp. gauckleri,Epipactis × schmalhausenii nothosubsp. gauckleri,Epipactis,,t,f,,,,,gauckleri,,,,,,,,,,,,,,,,,,,,,,,null:,633335-1,Plant,urn:lsid:ipni.org:publications:20044785-1,2026,2026 [27 Jan 2026],[27 Jan 2026],Z.H.Feng & J.M.H.Shaw,nothosubsp.,Plant 14(1): 11. 2026 [27 Jan 2026] ,,doi:10.11648/j.plant.20261401.11,,,9,schmalhausenii,Richt.,,f,t,,,,,,,Z.H.Feng@20048642-1@1@aut$J.M.H.Shaw@37303-1@2@aut$Riech.@37742-1@4@bas$J.Weigelt@0-0@3@bas,Richt.@0-0@1@aut,,comb. et stat. nov.,,1.3,f,epipactis~schmalhauseniigauckleri,orchidaceaeepipactis~schmalhauseniigauckleri,39,wfo-1200117808,,subspecies,valid,,,,Plant 14(1): 11 (2026),https://www.ipni.org/n/77376032-1,IPNI record: 77376032-1
urn:lsid:ipni.org:names:77376033-1,(Lachmair) Z.H.Feng & J.M.H.Shaw,Orchidaceae Epipactis × lachmanii Lachmair,(Lachmair),77233699-1,,,14(1): 11,,,,,,,,,,,,30/01/2026 01:10,05/02/2026 08:19,,,Orchidaceae,Epipactis × stephensonii nothosubsp. lachmanii,Epipactis × stephensonii nothosubsp. lachmanii,Epipactis,,t,f,,,,,lachmanii,,,,,,,,,,,,,,,,,,,,,,,null:,77176907-1,Plant,urn:lsid:ipni.org:publications:20044785-1,2026,2026 [27 Jan 2026],[27 Jan 2026],Z.H.Feng & J.M.H.Shaw,nothosubsp.,Plant 14(1): 11. 2026 [27 Jan 2026] ,,doi:10.11648/j.plant.20261401.11,,,11,stephensonii,Godfery,,f,t,,,,,,,Z.H.Feng@20048642-1@1@aut$Lachmair@20045043-1@3@bas$J.M.H.Shaw@37303-1@2@aut,Godfery@0-0@1@aut,,comb. et stat. nov.,,1.3,f,epipactis~stephensoniilachmanii,orchidaceaeepipactis~stephensoniilachmanii,40,wfo-1200117809,,subspecies,valid,,,,Plant 14(1): 11 (2026),https://www.ipni.org/n/77376033-1,IPNI record: 77376033-1
urn:lsid:ipni.org:names:77376034-1,(D'Alonzo) Z.H.Feng,Orchidaceae Ophrys × angiullii D'Alonzo,(D'Alonzo),77355253-1,,,14(1): 11,,,,,,,,,,,,30/01/2026 01:12,05/02/2026 08:21,,,Orchidaceae,Ophrys albertiana nothosubsp. angiullii,Ophrys albertiana nothosubsp. angiullii,Ophrys,,t,f,,,,,angiullii,,,,,,,,,,,,,,,,,,,,,,,null:,647732-1,Plant,urn:lsid:ipni.org:publications:20044785-1,2026,2026 [27 Jan 2026],[27 Jan 2026],Z.H.Feng,nothosubsp.,Plant 14(1): 11. 2026 [27 Jan 2026] ,,doi:10.11648/j.plant.20261401.11,,,11,albertiana,E.G.Camus,,f,t,,,,,,,D'Alonzo@20027056-1@2@bas$Z.H.Feng@20048642-1@1@aut,E.G.Camus@0-0@1@aut,,comb. et stat. nov.,,1.3,f,ophrys~albertianaangiullii,orchidaceaeophrys~albertianaangiullii,41,wfo-1200117810,,subspecies,valid,,,,Plant 14(1): 11 (2026),https://www.ipni.org/n/77376034-1,IPNI record: 77376034-1
urn:lsid:ipni.org:names:77376035-1,(Benito) Z.H.Feng,Orchidaceae Ophrys × alejandrei Benito,(Benito),77133342-1,,,14(1): 11,,,,,,,,,,,,30/01/2026 01:13,05/02/2026 08:21,,,Orchidaceae,Ophrys apicula nothosubsp. alejandrei,Ophrys apicula nothosubsp. alejandrei,Ophrys,,t,f,,,,,alejandrei,,,,,,,,,,,,,,,,,,,,,,,null:,647744-1,Plant,urn:lsid:ipni.org:publications:20044785-1,2026,2026 [27 Jan 2026],[27 Jan 2026],Z.H.Feng,nothosubsp.,Plant 14(1): 11. 2026 [27 Jan 2026] ,,doi:10.11648/j.plant.20261401.11,,,11,apicula,J.C.Schmidt ex Rchb.f.,,f,t,,,,,,,Z.H.Feng@20048642-1@1@aut$Benito@38628-1@2@bas,Rchb.f.@0-0@2@autEx$J.C.Schmidt@0-0@1@aut,,comb. et stat. nov.,,1.3,f,ophrys~apiculaalejandrei,orchidaceaeophrys~apiculaalejandrei,42,wfo-1200117811,,subspecies,valid,,,,Plant 14(1): 11 (2026),https://www.ipni.org/n/77376035-1,IPNI record: 77376035-1
urn:lsid:ipni.org:names:77376036-1,(Romolini & Soca) Z.H.Feng,Orchidaceae Ophrys × barbieriarum Romolini & Soca,(Romolini & Soca),77153417-1,,,14(1): 11,,,,,,,,,,,,30/01/2026 01:15,05/02/2026 08:22,,,Orchidaceae,Ophrys apicula nothosubsp. barbieriarum,Ophrys apicula nothosubsp. barbieriarum,Ophrys,,t,f,,,,,barbieriarum,,,,,,,,,,,,,,,,,,,,,,,null:,647744-1,Plant,urn:lsid:ipni.org:publications:20044785-1,2026,2026 [27 Jan 2026],[27 Jan 2026],Z.H.Feng,nothosubsp.,Plant 14(1): 11. 2026 [27 Jan 2026] ,,doi:10.11648/j.plant.20261401.11,,,11,apicula,J.C.Schmidt ex Rchb.f.,,f,t,,,,,,,Z.H.Feng@20048642-1@1@aut$Romolini@39542-1@2@bas$Soca@37067-1@3@bas,Rchb.f.@0-0@2@autEx$J.C.Schmidt@0-0@1@aut,,comb. et stat. nov.,,1.3,f,ophrys~apiculabarbieriarum,orchidaceaeophrys~apiculabarbieriarum,43,wfo-1200117812,,subspecies,valid,,,,Plant 14(1): 11 (2026),https://www.ipni.org/n/77376036-1,IPNI record: 77376036-1
urn:lsid:ipni.org:names:77376037-1,(Soca) Z.H.Feng,Orchidaceae Ophrys rasinii Soca,(Soca),77167048-1,,,14(1): 11,,,,,,,,,,,,30/01/2026 01:16,05/02/2026 08:23,,,Orchidaceae,Ophrys apicula nothosubsp. rasinii,Ophrys apicula nothosubsp. rasinii,Ophrys,,t,f,,,,,rasinii,,,,,,,,,,,,,,,,,,,,,,,null:,647744-1,Plant,urn:lsid:ipni.org:publications:20044785-1,2026,2026 [27 Jan 2026],[27 Jan 2026],Z.H.Feng,nothosubsp.,Plant 14(1): 11. 2026 [27 Jan 2026] ,,doi:10.11648/j.plant.20261401.11,,,11,apicula,J.C.Schmidt ex Rchb.f.,,f,t,,,,,,,Z.H.Feng@20048642-1@1@aut$Soca@37067-1@2@bas,Rchb.f.@0-0@2@autEx$J.C.Schmidt@0-0@1@aut,,comb. et stat. nov.,,1.3,f,ophrys~apicularasinii,orchidaceaeophrys~apicularasinii,44,wfo-1200117813,,subspecies,valid,,,,Plant 14(1): 11 (2026),https://www.ipni.org/n/77376037-1,IPNI record: 77376037-1
urn:lsid:ipni.org:names:77376038-1,(A.Camus) Z.H.Feng,Orchidaceae Ophrys broeckii A.Camus,(A.Camus),647811-1,,,14(1): 11,,,,,,,,,,,,30/01/2026 01:18,05/02/2026 08:24,,,Orchidaceae,Ophrys arachnitiformis nothosubsp. broeckii,Ophrys arachnitiformis nothosubsp. broeckii,Ophrys,,t,f,,,,,broeckii,,,,,,,,,,,,,,,,,,,,,,,null:,77334343-1,Plant,urn:lsid:ipni.org:publications:20044785-1,2026,2026 [27 Jan 2026],[27 Jan 2026],Z.H.Feng,nothosubsp.,Plant 14(1): 11. 2026 [27 Jan 2026] ,,doi:10.11648/j.plant.20261401.11,,,11,arachnitiformis,Gren. & M.Philippe,,f,t,,,,,,,A.Camus@1381-1@2@bas$Z.H.Feng@20048642-1@1@aut,Gren.@0-0@1@aut$M.Philippe@0-0@2@aut,,comb. et stat. nov.,,1.3,f,ophrys~arachnitiformisbroeckii,orchidaceaeophrys~arachnitiformisbroeckii,45,wfo-1200117814,,subspecies,valid,,,,Plant 14(1): 11 (2026),https://www.ipni.org/n/77376038-1,IPNI record: 77376038-1
urn:lsid:ipni.org:names:77376039-1,(Romolini & Soca) Z.H.Feng,Orchidaceae Ophrys × buffaloriae Romolini & Soca,(Romolini & Soca),77136868-1,,,14(1): 11,,,,,,,,,,,,30/01/2026 01:20,05/02/2026 08:25,,,Orchidaceae,Ophrys arachnitiformis nothosubsp. buffaloriae,Ophrys arachnitiformis nothosubsp. buffaloriae,Ophrys,,t,f,,,,,buffaloriae,,,,,,,,,,,,,,,,,,,,,,,null:,77334343-1,Plant,urn:lsid:ipni.org:publications:20044785-1,2026,2026 [27 Jan 2026],[27 Jan 2026],Z.H.Feng,nothosubsp.,Plant 14(1): 11. 2026 [27 Jan 2026] ,,doi:10.11648/j.plant.20261401.11,,,11,arachnitiformis,Gren. & M.Philippe,,f,t,,,,,,,Z.H.Feng@20048642-1@1@aut$Romolini@39542-1@2@bas$Soca@37067-1@3@bas,M.Philippe@0-0@2@aut$Gren.@0-0@1@aut,,comb. et stat. nov.,,1.3,f,ophrys~arachnitiformisbuffaloriae,orchidaceaeophrys~arachnitiformisbuffaloriae,46,wfo-1200117815,,subspecies,valid,,,,Plant 14(1): 11 (2026),https://www.ipni.org/n/77376039-1,IPNI record: 77376039-1
urn:lsid:ipni.org:names:77376040-1,(Galesi) Z.H.Feng,Orchidaceae Ophrys × carnazzae Galesi,(Galesi),1007119-1,,,14(1): 11,,,,,,,,,,,,30/01/2026 01:21,05/02/2026 08:26,,,Orchidaceae,Ophrys arachnitiformis nothosubsp. carnazzae,Ophrys arachnitiformis nothosubsp. carnazzae,Ophrys,,t,f,,,,,carnazzae,,,,,,,,,,,,,,,,,,,,,,,null:,77334343-1,Plant,urn:lsid:ipni.org:publications:20044785-1,2026,2026 [27 Jan 2026],[27 Jan 2026],Z.H.Feng,nothosubsp.,Plant 14(1): 11. 2026 [27 Jan 2026] ,,doi:10.11648/j.plant.20261401.11,,,11,arachnitiformis,Gren. & M.Philippe,,f,t,,,,,,,Z.H.Feng@20048642-1@1@aut$Galesi@36683-1@2@bas,M.Philippe@0-0@2@aut$Gren.@0-0@1@aut,,comb. et stat. nov.,,1.3,f,ophrys~arachnitiformiscarnazzae,orchidaceaeophrys~arachnitiformiscarnazzae,47,wfo-1200117816,,subspecies,valid,,,,Plant 14(1): 11 (2026),https://www.ipni.org/n/77376040-1,IPNI record: 77376040-1
urn:lsid:ipni.org:names:77376041-1,(D'Alonzo & Perilli) Z.H.Feng,Orchidaceae Ophrys × centomoi D'Alonzo & Perilli,(D'Alonzo & Perilli),77220830-1,,,14(1): 11,,,,,,,,,,,,30/01/2026 01:22,05/02/2026 08:27,,,Orchidaceae,Ophrys arachnitiformis nothosubsp. centomoi,Ophrys arachnitiformis nothosubsp. centomoi,Ophrys,,t,f,,,,,centomoi,,,,,,,,,,,,,,,,,,,,,,,null:,77334343-1,Plant,urn:lsid:ipni.org:publications:20044785-1,2026,2026 [27 Jan 2026],[27 Jan 2026],Z.H.Feng,nothosubsp.,Plant 14(1): 11. 2026 [27 Jan 2026] ,,doi:10.11648/j.plant.20261401.11,,,11,arachnitiformis,Gren. & M.Philippe,,f,t,,,,,,,Z.H.Feng@20048642-1@1@aut$Perilli@20029818-1@3@bas$D'Alonzo@20027056-1@2@bas,M.Philippe@0-0@2@aut$Gren.@0-0@1@aut,,comb. et stat. nov.,,1.3,f,ophrys~arachnitiformiscentomoi,orchidaceaeophrys~arachnitiformiscentomoi,48,wfo-1200117817,,subspecies,valid,,,,Plant 14(1): 11 (2026),https://www.ipni.org/n/77376041-1,IPNI record: 77376041-1
urn:lsid:ipni.org:names:77376042-1,(Romolini & Soca) Z.H.Feng,Orchidaceae Ophrys × coturii Romolini & Soca,(Romolini & Soca),77136867-1,,,14(1): 11,,,,,,,,,,,,30/01/2026 01:24,05/02/2026 08:27,,,Orchidaceae,Ophrys arachnitiformis nothosubsp. coturii,Ophrys arachnitiformis nothosubsp. coturii,Ophrys,,t,f,,,,,coturii,,,,,,,,,,,,,,,,,,,,,,,null:,77334343-1,Plant,urn:lsid:ipni.org:publications:20044785-1,2026,2026 [27 Jan 2026],[27 Jan 2026],Z.H.Feng,nothosubsp.,Plant 14(1): 11. 2026 [27 Jan 2026] ,,doi:10.11648/j.plant.20261401.11,,,11,arachnitiformis,Gren. & M.Philippe,,f,t,,,,,,,Romolini@39542-1@2@bas$Z.H.Feng@20048642-1@1@aut$Soca@37067-1@3@bas,M.Philippe@0-0@2@aut$Gren.@0-0@1@aut,,comb. et stat. nov.,,1.3,f,ophrys~arachnitiformiscoturii,orchidaceaeophrys~arachnitiformiscoturii,49,wfo-1200117818,,subspecies,valid,,,,Plant 14(1): 11 (2026),https://www.ipni.org/n/77376042-1,IPNI record: 77376042-1
urn:lsid:ipni.org:names:77376043-1,(Soca) Z.H.Feng,Orchidaceae Ophrys × coulotii Soca,(Soca),993355-1,,,14(1): 11,,,,,,,,,,,,30/01/2026 01:25,05/02/2026 08:28,,,Orchidaceae,Ophrys arachnitiformis nothosubsp. coulotii,Ophrys arachnitiformis nothosubsp. coulotii,Ophrys,,t,f,,,,,coulotii,,,,,,,,,,,,,,,,,,,,,,,null:,77334343-1,Plant,urn:lsid:ipni.org:publications:20044785-1,2026,2026 [27 Jan 2026],[27 Jan 2026],Z.H.Feng,nothosubsp.,Plant 14(1): 11. 2026 [27 Jan 2026] ,,doi:10.11648/j.plant.20261401.11,,,11,arachnitiformis,Gren. & M.Philippe,,f,t,,,,,,,Soca@37067-1@2@bas$Z.H.Feng@20048642-1@1@aut,Gren.@0-0@1@aut$M.Philippe@0-0@2@aut,,comb. et stat. nov.,,1.3,f,ophrys~arachnitiformiscoulotii,orchidaceaeophrys~arachnitiformiscoulotii,50,wfo-1200117819,,subspecies,valid,,,,Plant 14(1): 11 (2026),https://www.ipni.org/n/77376043-1,IPNI record: 77376043-1
urn:lsid:ipni.org:names:77376044-1,"(H.Baumann, Giotta, Künkele, R.Lorenz & Piccitto) Z.H.Feng","Orchidaceae Ophrys maladroxiensis  nothosubsp. daissiorum H.Baumann, Giotta, Künkele, R.Lorenz & Piccitto","(H.Baumann, Giotta, Künkele, R.Lorenz & Piccitto)",983634-1,,,14(1): 11,,,,,,,,,,,,30/01/2026 01:27,05/02/2026 08:29,,,Orchidaceae,Ophrys arachnitiformis nothosubsp. daissiorum,Ophrys arachnitiformis nothosubsp. daissiorum,Ophrys,,t,f,,,,,daissiorum,,,,,,,,,,,,,,,,,,,,,,,null:,77334343-1,Plant,urn:lsid:ipni.org:publications:20044785-1,2026,2026 [27 Jan 2026],[27 Jan 2026],Z.H.Feng,nothosubsp.,Plant 14(1): 11. 2026 [27 Jan 2026] ,,doi:10.11648/j.plant.20261401.11,,,11,arachnitiformis,Gren. & M.Philippe,,f,t,,,,,,,H.Baumann@14601-1@2@bas$Künkele@14783-1@4@bas$R.Lorenz@22538-1@5@bas$Piccitto@36963-1@6@bas$Z.H.Feng@20048642-1@1@aut$Giotta@36698-1@3@bas,M.Philippe@0-0@2@aut$Gren.@0-0@1@aut,,comb. nov.,,1.3,f,ophrys~arachnitiformisdaissiorum,orchidaceaeophrys~arachnitiformisdaissiorum,51,wfo-1200117820,,subspecies,valid,,,,Plant 14(1): 11 (2026),https://www.ipni.org/n/77376044-1,IPNI record: 77376044-1
urn:lsid:ipni.org:names:77376045-1,(D'Alonzo & Perilli) Z.H.Feng,Orchidaceae Ophrys × difonzoi D'Alonzo & Perilli,(D'Alonzo & Perilli),77159706-1,,,14(1): 11,,,,,,,,,,,,30/01/2026 01:29,05/02/2026 08:31,,,Orchidaceae,Ophrys arachnitiformis nothosubsp. difonzoi,Ophrys arachnitiformis nothosubsp. difonzoi,Ophrys,,t,f,,,,,difonzoi,,,,,,,,,,,,,,,,,,,,,,,null:,77334343-1,Plant,urn:lsid:ipni.org:publications:20044785-1,2026,2026 [27 Jan 2026],[27 Jan 2026],Z.H.Feng,nothosubsp.,Plant 14(1): 11. 2026 [27 Jan 2026] ,,doi:10.11648/j.plant.20261401.11,,,11,arachnitiformis,Gren. & M.Philippe,,f,t,,,,,,,Perilli@20029818-1@3@bas$D'Alonzo@20027056-1@2@bas$Z.H.Feng@20048642-1@1@aut,Gren.@0-0@1@aut$M.Philippe@0-0@2@aut,,comb. et stat. nov.,,1.3,f,ophrys~arachnitiformisdifonzoi,orchidaceaeophrys~arachnitiformisdifonzoi,52,wfo-1200117821,,subspecies,valid,,,,Plant 14(1): 11 (2026),https://www.ipni.org/n/77376045-1,IPNI record: 77376045-1
urn:lsid:ipni.org:names:77376046-1,"(Bianco, Medagli, D'Emerico & Ruggiero) Z.H.Feng","Orchidaceae Ophrys × franciniae Bianco, Medagli, D'Emerico & Ruggiero","(Bianco, Medagli, D'Emerico & Ruggiero)",936034-1,,,14(1): 11,,,,,,,,,,,,30/01/2026 01:30,05/02/2026 08:32,,,Orchidaceae,Ophrys arachnitiformis nothosubsp. franciniae,Ophrys arachnitiformis nothosubsp. franciniae,Ophrys,,t,f,,,,,franciniae,,,,,,,,,,,,,,,,,,,,,,,null:,77334343-1,Plant,urn:lsid:ipni.org:publications:20044785-1,2026,2026 [27 Jan 2026],[27 Jan 2026],Z.H.Feng,nothosubsp.,Plant 14(1): 11. 2026 [27 Jan 2026] ,,doi:10.11648/j.plant.20261401.11,,,11,arachnitiformis,Gren. & M.Philippe,,f,t,,,,,,,Ruggiero@34892-1@5@bas$Bianco@34861-1@2@bas$D'Emerico@34876-1@4@bas$Medagli@34888-1@3@bas$Z.H.Feng@20048642-1@1@aut,M.Philippe@0-0@2@aut$Gren.@0-0@1@aut,,comb. et stat. nov.,,1.3,f,ophrys~arachnitiformisfranciniae,orchidaceaeophrys~arachnitiformisfranciniae,53,wfo-1200117822,,subspecies,valid,,,,Plant 14(1): 11 (2026),https://www.ipni.org/n/77376046-1,IPNI record: 77376046-1
urn:lsid:ipni.org:names:77376047-1,(H.Baumann & Künkele) Z.H.Feng,Orchidaceae Ophrys × gelana H.Baumann & Künkele,(H.Baumann & Künkele),930207-1,,,14(1): 11,,,,,,,,,,,,30/01/2026 01:31,05/02/2026 08:32,,,Orchidaceae,Ophrys arachnitiformis nothosubsp. gelana,Ophrys arachnitiformis nothosubsp. gelana,Ophrys,,t,f,,,,,gelana,,,,,,,,,,,,,,,,,,,,,,,null:,77334343-1,Plant,urn:lsid:ipni.org:publications:20044785-1,2026,2026 [27 Jan 2026],[27 Jan 2026],Z.H.Feng,nothosubsp.,Plant 14(1): 11. 2026 [27 Jan 2026] ,,doi:10.11648/j.plant.20261401.11,,,11,arachnitiformis,Gren. & M.Philippe,,f,t,,,,,,,Z.H.Feng@20048642-1@1@aut$Künkele@14783-1@3@bas$H.Baumann@14601-1@2@bas,Gren.@0-0@1@aut$M.Philippe@0-0@2@aut,,comb. et stat. nov.,,1.3,f,ophrys~arachnitiformisgelana,orchidaceaeophrys~arachnitiformisgelana,54,wfo-1200117823,,subspecies,valid,,,,Plant 14(1): 11 (2026),https://www.ipni.org/n/77376047-1,IPNI record: 77376047-1
urn:lsid:ipni.org:names:77376048-1,(Soca) Z.H.Feng,Orchidaceae Ophrys × ingaranensis Soca,(Soca),1017197-1,,,14(1): 11,,,,,,,,,,,,30/01/2026 01:33,05/02/2026 08:34,,,Orchidaceae,Ophrys arachnitiformis nothosubsp. ingaranensis,Ophrys arachnitiformis nothosubsp. ingaranensis,Ophrys,,t,f,,,,,ingaranensis,,,,,,,,,,,,,,,,,,,,,,,null:,77334343-1,Plant,urn:lsid:ipni.org:publications:20044785-1,2026,2026 [27 Jan 2026],[27 Jan 2026],Z.H.Feng,nothosubsp.,Plant 14(1): 11. 2026 [27 Jan 2026] ,,doi:10.11648/j.plant.20261401.11,,,11,arachnitiformis,Gren. & M.Philippe,,f,t,,,,,,,Z.H.Feng@20048642-1@1@aut$Soca@37067-1@2@bas,Gren.@0-0@1@aut$M.Philippe@0-0@2@aut,,comb. et stat. nov.,,1.3,f,ophrys~arachnitiformisingaranensis,orchidaceaeophrys~arachnitiformisingaranensis,55,wfo-1200117824,,subspecies,valid,,,,Plant 14(1): 11 (2026),https://www.ipni.org/n/77376048-1,IPNI record: 77376048-1
urn:lsid:ipni.org:names:77376049-1,(Godfery) Z.H.Feng,Orchidaceae Ophrys kelleri Godfery,(Godfery),647956-1,,,14(1): 11,,,,,,,,,,,,30/01/2026 01:34,05/02/2026 08:35,,,Orchidaceae,Ophrys arachnitiformis nothosubsp. kelleri,Ophrys arachnitiformis nothosubsp. kelleri,Ophrys,,t,f,,,,,kelleri,,,,,,,,,,,,,,,,,,,,,,,null:,77334343-1,Plant,urn:lsid:ipni.org:publications:20044785-1,2026,2026 [27 Jan 2026],[27 Jan 2026],Z.H.Feng,nothosubsp.,Plant 14(1): 11. 2026 [27 Jan 2026] ,,doi:10.11648/j.plant.20261401.11,,,11,arachnitiformis,Gren. & M.Philippe,,f,t,,,,,,,Z.H.Feng@20048642-1@1@aut$Godfery@3215-1@2@bas,M.Philippe@0-0@2@aut$Gren.@0-0@1@aut,,comb. et stat. nov.,,1.3,f,ophrys~arachnitiformiskelleri,orchidaceaeophrys~arachnitiformiskelleri,56,wfo-1200117825,,subspecies,valid,,,,Plant 14(1): 11 (2026),https://www.ipni.org/n/77376049-1,IPNI record: 77376049-1
urn:lsid:ipni.org:names:77376050-1,"(Benigni, Barigelli & Petroselli) Z.H.Feng","Orchidaceae Ophrys × larissae Benigni, Barigelli & Petroselli","(Benigni, Barigelli & Petroselli)",77307646-1,,,14(1): 11,,,,,,,,,,,,30/01/2026 01:35,05/02/2026 08:35,,,Orchidaceae,Ophrys arachnitiformis nothosubsp. larissae,Ophrys arachnitiformis nothosubsp. larissae,Ophrys,,t,f,,,,,larissae,,,,,,,,,,,,,,,,,,,,,,,null:,77334343-1,Plant,urn:lsid:ipni.org:publications:20044785-1,2026,2026 [27 Jan 2026],[27 Jan 2026],Z.H.Feng,nothosubsp.,Plant 14(1): 11. 2026 [27 Jan 2026] ,,doi:10.11648/j.plant.20261401.11,,,11,arachnitiformis,Gren. & M.Philippe,,f,t,,,,,,,Petroselli@20043195-1@4@bas$Benigni@20043193-1@2@bas$Barigelli@20043194-1@3@bas$Z.H.Feng@20048642-1@1@aut,M.Philippe@0-0@2@aut$Gren.@0-0@1@aut,,comb. et stat. nov.,,1.3,f,ophrys~arachnitiformislarissae,orchidaceaeophrys~arachnitiformislarissae,57,wfo-1200117826,,subspecies,valid,,,,Plant 14(1): 11 (2026),https://www.ipni.org/n/77376050-1,IPNI record: 77376050-1
urn:lsid:ipni.org:names:77376051-1,(Cataldo & S.A.Giardina) Z.H.Feng,Orchidaceae Ophrys × mangiagessoi Cataldo & S.A.Giardina,(Cataldo & S.A.Giardina),77117643-1,,,14(1): 12,,,,,,,,,,,,30/01/2026 01:37,05/02/2026 08:36,,,Orchidaceae,Ophrys arachnitiformis nothosubsp. mangiagessoi,Ophrys arachnitiformis nothosubsp. mangiagessoi,Ophrys,,t,f,,,,,mangiagessoi,,,,,,,,,,,,,,,,,,,,,,,null:,77334343-1,Plant,urn:lsid:ipni.org:publications:20044785-1,2026,2026 [27 Jan 2026],[27 Jan 2026],Z.H.Feng,nothosubsp.,Plant 14(1): 12. 2026 [27 Jan 2026] ,,doi:10.11648/j.plant.20261401.11,,,11,arachnitiformis,Gren. & M.Philippe,,f,t,,,,,,,S.A.Giardina@20014003-1@3@bas$Z.H.Feng@20048642-1@1@aut$Cataldo@20019100-1@2@bas,Gren.@0-0@1@aut$M.Philippe@0-0@2@aut,,comb. et stat. nov.,,1.3,f,ophrys~arachnitiformismangiagessoi,orchidaceaeophrys~arachnitiformismangiagessoi,58,wfo-1200117827,,subspecies,valid,,,,Plant 14(1): 12 (2026),https://www.ipni.org/n/77376051-1,IPNI record: 77376051-1
urn:lsid:ipni.org:names:77376052-1,(Licheri & Napoli) Z.H.Feng,Orchidaceae Ophrys × marianoi Licheri & Napoli,(Licheri & Napoli),77363691-1,,,14(1): 12,,,,,,,,,,,,30/01/2026 01:38,05/02/2026 08:37,,,Orchidaceae,Ophrys arachnitiformis nothosubsp. marianoi,Ophrys arachnitiformis nothosubsp. marianoi,Ophrys,,t,f,,,,,marianoi,,,,,,,,,,,,,,,,,,,,,,,null:,77334343-1,Plant,urn:lsid:ipni.org:publications:20044785-1,2026,2026 [27 Jan 2026],[27 Jan 2026],Z.H.Feng,nothosubsp.,Plant 14(1): 12. 2026 [27 Jan 2026] ,,doi:10.11648/j.plant.20261401.11,,,11,arachnitiformis,Gren. & M.Philippe,,f,t,,,,,,,Napoli@20040753-1@3@bas$Licheri@20041202-1@2@bas$Z.H.Feng@20048642-1@1@aut,Gren.@0-0@1@aut$M.Philippe@0-0@2@aut,,comb. et stat. nov.,,1.3,f,ophrys~arachnitiformismarianoi,orchidaceaeophrys~arachnitiformismarianoi,59,wfo-1200117828,,subspecies,valid,,,,Plant 14(1): 12 (2026),https://www.ipni.org/n/77376052-1,IPNI record: 77376052-1
urn:lsid:ipni.org:names:77376053-1,(Galesi) Z.H.Feng,Orchidaceae Ophrys × martorinae Galesi,(Galesi),1007121-1,,,14(1): 12,,,,,,,,,,,,30/01/2026 01:40,05/02/2026 08:43,,,Orchidaceae,Ophrys arachnitiformis nothosubsp. martorinae,Ophrys arachnitiformis nothosubsp. martorinae,Ophrys,,t,f,,,,,martorinae,,,,,,,,,,,,,,,,,,,,,,,null:,77334343-1,Plant,urn:lsid:ipni.org:publications:20044785-1,2026,2026 [27 Jan 2026],[27 Jan 2026],Z.H.Feng,nothosubsp.,Plant 14(1): 12. 2026 [27 Jan 2026] ,,doi:10.11648/j.plant.20261401.11,,,11,arachnitiformis,Gren. & M.Philippe,,f,t,,,,,,,Galesi@36683-1@2@bas$Z.H.Feng@20048642-1@1@aut,M.Philippe@0-0@2@aut$Gren.@0-0@1@aut,,comb. et stat. nov.,,1.3,f,ophrys~arachnitiformismartorinae,orchidaceaeophrys~arachnitiformismartorinae,60,wfo-1200117829,,subspecies,valid,,,,Plant 14(1): 12 (2026),https://www.ipni.org/n/77376053-1,IPNI record: 77376053-1
urn:lsid:ipni.org:names:77376054-1,(Giotta & Piccitto) Z.H.Feng,Orchidaceae Ophrys × montis-lorae Giotta & Piccitto,(Giotta & Piccitto),77125220-1,,,14(1): 12,,,,,,,,,,,,30/01/2026 01:41,05/02/2026 08:44,,,Orchidaceae,Ophrys arachnitiformis nothosubsp. montis-lorae,Ophrys arachnitiformis nothosubsp. montis-lorae,Ophrys,,t,f,,,,,montis-lorae,,,,,,,,,,,,,,,,,,,,,,,null:,77334343-1,Plant,urn:lsid:ipni.org:publications:20044785-1,2026,2026 [27 Jan 2026],[27 Jan 2026],Z.H.Feng,nothosubsp.,Plant 14(1): 12. 2026 [27 Jan 2026] ,,doi:10.11648/j.plant.20261401.11,,,11,arachnitiformis,Gren. & M.Philippe,,f,t,,,,,,,Giotta@36698-1@2@bas$Piccitto@36963-1@3@bas$Z.H.Feng@20048642-1@1@aut,Gren.@0-0@1@aut$M.Philippe@0-0@2@aut,,comb. et stat. nov.,,1.3,f,ophrys~arachnitiformismontis-lorae,orchidaceaeophrys~arachnitiformismontis-lorae,61,wfo-1200117830,,subspecies,valid,,,,Plant 14(1): 12 (2026),https://www.ipni.org/n/77376054-1,IPNI record: 77376054-1
urn:lsid:ipni.org:names:77376055-1,"(Benigni, Mandozzi & Stortoni) Z.H.Feng","Orchidaceae Ophrys × aschersonii Nanteuil nothosubsp. pacis Benigni, Mandozzi & Stortoni","(Benigni, Mandozzi & Stortoni)",77203048-1,,,14(1): 12,,,,,,,,,,,,30/01/2026 01:43,05/02/2026 08:44,,,Orchidaceae,Ophrys arachnitiformis nothosubsp. pacis,Ophrys arachnitiformis nothosubsp. pacis,Ophrys,,t,f,,,,,pacis,,,,,,,,,,,,,,,,,,,,,,,null:,77334343-1,Plant,urn:lsid:ipni.org:publications:20044785-1,2026,2026 [27 Jan 2026],[27 Jan 2026],Z.H.Feng,nothosubsp.,Plant 14(1): 12. 2026 [27 Jan 2026] ,,doi:10.11648/j.plant.20261401.11,,,11,arachnitiformis,Gren. & M.Philippe,,f,t,,,,,,,Mandozzi@20043196-1@3@bas$Benigni@20043193-1@2@bas$Z.H.Feng@20048642-1@1@aut$Stortoni@20043197-1@4@bas,M.Philippe@0-0@2@aut$Gren.@0-0@1@aut,,comb. nov.,,1.3,f,ophrys~arachnitiformispacis,orchidaceaeophrys~arachnitiformispacis,62,wfo-1200117831,,subspecies,valid,,,,Plant 14(1): 12 (2026),https://www.ipni.org/n/77376055-1,IPNI record: 77376055-1
urn:lsid:ipni.org:names:77376056-1,(E.G.Camus) Z.H.Feng,Orchidaceae Ophrys × pulchra E.G.Camus,(E.G.Camus),648073-1,,,14(1): 12,,,,,,,,,,,,30/01/2026 01:44,05/02/2026 08:45,,,Orchidaceae,Ophrys arachnitiformis nothosubsp. pulchra,Ophrys arachnitiformis nothosubsp. pulchra,Ophrys,,t,f,,,,,pulchra,,,,,,,,,,,,,,,,,,,,,,,null:,77334343-1,Plant,urn:lsid:ipni.org:publications:20044785-1,2026,2026 [27 Jan 2026],[27 Jan 2026],Z.H.Feng,nothosubsp.,Plant 14(1): 12. 2026 [27 Jan 2026] ,,doi:10.11648/j.plant.20261401.11,,,11,arachnitiformis,Gren. & M.Philippe,,f,t,,,,,,,Z.H.Feng@20048642-1@1@aut$E.G.Camus@12373-1@2@bas,M.Philippe@0-0@2@aut$Gren.@0-0@1@aut,,comb. et stat. nov.,,1.3,f,ophrys~arachnitiformispulchra,orchidaceaeophrys~arachnitiformispulchra,63,wfo-1200117832,,subspecies,valid,,,,Plant 14(1): 12 (2026),https://www.ipni.org/n/77376056-1,IPNI record: 77376056-1
urn:lsid:ipni.org:names:77376057-1,(W.Rossi & F.Minutillo) Z.H.Feng,Orchidaceae Ophrys × rasettii W.Rossi & F.Minutillo,(W.Rossi & F.Minutillo),938557-1,,,14(1): 12,,,,,,,,,,,,30/01/2026 01:53,05/02/2026 08:46,,,Orchidaceae,Ophrys arachnitiformis nothosubsp. rasettii,Ophrys arachnitiformis nothosubsp. rasettii,Ophrys,,t,f,,,,,rasettii,,,,,,,,,,,,,,,,,,,,,,,null:,77334343-1,Plant,urn:lsid:ipni.org:publications:20044785-1,2026,2026 [27 Jan 2026],[27 Jan 2026],Z.H.Feng,nothosubsp.,Plant 14(1): 12. 2026 [27 Jan 2026] ,,doi:10.11648/j.plant.20261401.11,,,9,arachnitiformis,Gren. & M.Philippe,,f,t,,,,,,,Z.H.Feng@20048642-1@1@aut$W.Rossi@14505-1@2@bas$F.Minutillo@0-0@3@bas,M.Philippe@0-0@2@aut$Gren.@0-0@1@aut,,comb. et stat. nov.,,1.3,f,ophrys~arachnitiformisrasettii,orchidaceaeophrys~arachnitiformisrasettii,64,wfo-1200117833,,subspecies,valid,,,,Plant 14(1): 12 (2026),https://www.ipni.org/n/77376057-1,IPNI record: 77376057-1
urn:lsid:ipni.org:names:77376058-1,(H.Baumann & Künkele) Z.H.Feng,Orchidaceae Ophrys × reinhardiana H.Baumann & Künkele,(H.Baumann & Künkele),904783-1,,,14(1): 12,,,,,,,,,,,,30/01/2026 01:55,05/02/2026 08:47,,,Orchidaceae,Ophrys arachnitiformis nothosubsp. reinhardiana,Ophrys arachnitiformis nothosubsp. reinhardiana,Ophrys,,t,f,,,,,reinhardiana,,,,,,,,,,,,,,,,,,,,,,,null:,77334343-1,Plant,urn:lsid:ipni.org:publications:20044785-1,2026,2026 [27 Jan 2026],[27 Jan 2026],Z.H.Feng,nothosubsp.,Plant 14(1): 12. 2026 [27 Jan 2026] ,,doi:10.11648/j.plant.20261401.11,,,11,arachnitiformis,Gren. & M.Philippe,,f,t,,,,,,,Z.H.Feng@20048642-1@1@aut$H.Baumann@14601-1@2@bas$Künkele@14783-1@3@bas,M.Philippe@0-0@2@aut$Gren.@0-0@1@aut,,comb. et stat. nov.,,1.3,f,ophrys~arachnitiformisreinhardiana,orchidaceaeophrys~arachnitiformisreinhardiana,65,wfo-1200117834,,subspecies,valid,,,,Plant 14(1): 12 (2026),https://www.ipni.org/n/77376058-1,IPNI record: 77376058-1
urn:lsid:ipni.org:names:77376059-1,(Licheri) Z.H.Feng,Orchidaceae Ophrys × aschersonii Nanteuil nothosubsp. sardoa Licheri,(Licheri),77220763-1,,,14(1): 12,,,,,,,,,,,,30/01/2026 01:56,05/02/2026 08:48,,,Orchidaceae,Ophrys arachnitiformis nothosubsp. sardoa,Ophrys arachnitiformis nothosubsp. sardoa,Ophrys,,t,f,,,,,sardoa,,,,,,,,,,,,,,,,,,,,,,,null:,77334343-1,Plant,urn:lsid:ipni.org:publications:20044785-1,2026,2026 [27 Jan 2026],[27 Jan 2026],Z.H.Feng,nothosubsp.,Plant 14(1): 12. 2026 [27 Jan 2026] ,,doi:10.11648/j.plant.20261401.11,,,11,arachnitiformis,Gren. & M.Philippe,,f,t,,,,,,,Z.H.Feng@20048642-1@1@aut$Licheri@20041202-1@2@bas,M.Philippe@0-0@2@aut$Gren.@0-0@1@aut,,comb. nov.,,1.3,f,ophrys~arachnitiformissardoa,orchidaceaeophrys~arachnitiformissardoa,66,wfo-1200117835,,subspecies,valid,,,,Plant 14(1): 12 (2026),https://www.ipni.org/n/77376059-1,IPNI record: 77376059-1
urn:lsid:ipni.org:names:77376060-1,(Perilli) Z.H.Feng,Orchidaceae Ophrys × sanctimarci Perilli,(Perilli),77153407-1,,,14(1): 12,,,,,,,,,,,,30/01/2026 01:57,05/02/2026 08:48,,,Orchidaceae,Ophrys arachnitiformis nothosubsp. sanctimarci,Ophrys arachnitiformis nothosubsp. sanctimarci,Ophrys,,t,f,,,,,sanctimarci,,,,,,,,,,,,,,,,,,,,,,,null:,77334343-1,Plant,urn:lsid:ipni.org:publications:20044785-1,2026,2026 [27 Jan 2026],[27 Jan 2026],Z.H.Feng,nothosubsp.,Plant 14(1): 12. 2026 [27 Jan 2026] ,,doi:10.11648/j.plant.20261401.11,,,11,arachnitiformis,Gren. & M.Philippe,,f,t,,,,,,,Perilli@20029818-1@2@bas$Z.H.Feng@20048642-1@1@aut,M.Philippe@0-0@2@aut$Gren.@0-0@1@aut,,comb. et stat. nov.,,1.3,f,ophrys~arachnitiformissanctimarci,orchidaceaeophrys~arachnitiformissanctimarci,67,wfo-1200117836,,subspecies,valid,,,,Plant 14(1): 12 (2026),https://www.ipni.org/n/77376060-1,IPNI record: 77376060-1
urn:lsid:ipni.org:names:77376061-1,(Silletti & Medagli) Z.H.Feng,Orchidaceae Ophrys × turcoi Silletti & Medagli,(Silletti & Medagli),77327512-1,,,14(1): 12,,,,,,,,,,,,30/01/2026 01:58,05/02/2026 08:50,,,Orchidaceae,Ophrys arachnitiformis nothosubsp. turcoi,Ophrys arachnitiformis nothosubsp. turcoi,Ophrys,,t,f,,,,,turcoi,,,,,,,,,,,,,,,,,,,,,,,null:,77334343-1,Plant,urn:lsid:ipni.org:publications:20044785-1,2026,2026 [27 Jan 2026],[27 Jan 2026],Z.H.Feng,nothosubsp.,Plant 14(1): 12. 2026 [27 Jan 2026] ,,doi:10.11648/j.plant.20261401.11,,,11,arachnitiformis,Gren. & M.Philippe,,f,t,,,,,,,Silletti@20040611-1@2@bas$Medagli@34888-1@3@bas$Z.H.Feng@20048642-1@1@aut,Gren.@0-0@1@aut$M.Philippe@0-0@2@aut,,comb. et stat. nov.,,1.3,f,ophrys~arachnitiformisturcoi,orchidaceaeophrys~arachnitiformisturcoi,68,wfo-1200117837,,subspecies,valid,,,,Plant 14(1): 12 (2026),https://www.ipni.org/n/77376061-1,IPNI record: 77376061-1
urn:lsid:ipni.org:names:77376062-1,"(S.Serafino, Chetta & Mascia) Z.H.Feng","Orchidaceae Ophrys × turris-veneris S.Serafino, Chetta & Mascia","(S.Serafino, Chetta & Mascia)",77310695-1,,,14(1): 12,,,,,,,,,,,,30/01/2026 02:00,05/02/2026 08:51,,,Orchidaceae,Ophrys arachnitiformis nothosubsp. turris-veneris,Ophrys arachnitiformis nothosubsp. turris-veneris,Ophrys,,t,f,,,,,turris-veneris,,,,,,,,,,,,,,,,,,,,,,,null:,77334343-1,Plant,urn:lsid:ipni.org:publications:20044785-1,2026,2026 [27 Jan 2026],[27 Jan 2026],Z.H.Feng,nothosubsp.,Plant 14(1): 12. 2026 [27 Jan 2026] ,,doi:10.11648/j.plant.20261401.11,,,11,arachnitiformis,Gren. & M.Philippe,,f,t,,,,,,,Mascia@20056900-1@4@bas$Z.H.Feng@20048642-1@1@aut$S.Serafino@20040768-1@2@bas$Chetta@20031179-1@3@bas,Gren.@0-0@1@aut$M.Philippe@0-0@2@aut,,comb. et stat. nov.,,1.3,f,ophrys~arachnitiformisturris-veneris,orchidaceaeophrys~arachnitiformisturris-veneris,69,wfo-1200117838,,subspecies,valid,,,,Plant 14(1): 12 (2026),https://www.ipni.org/n/77376062-1,IPNI record: 77376062-1
urn:lsid:ipni.org:names:77376063-1,(Romolini & Soca) Z.H.Feng,Orchidaceae Ophrys × velathrii Romolini & Soca,(Romolini & Soca),77353838-1,,,14(1): 12,,,,,,,,,,,,30/01/2026 02:01,05/02/2026 08:57,,,Orchidaceae,Ophrys arachnitiformis nothosubsp. velathrii,Ophrys arachnitiformis nothosubsp. velathrii,Ophrys,,t,f,,,,,velathrii,,,,,,,,,,,,,,,,,,,,,,,null:,77334343-1,Plant,urn:lsid:ipni.org:publications:20044785-1,2026,2026 [27 Jan 2026],[27 Jan 2026],Z.H.Feng,nothosubsp.,Plant 14(1): 12. 2026 [27 Jan 2026] ,,doi:10.11648/j.plant.20261401.11,,,11,arachnitiformis,Gren. & M.Philippe,,f,t,,,,,,,Z.H.Feng@20048642-1@1@aut$Romolini@39542-1@2@bas$Soca@37067-1@3@bas,Gren.@0-0@1@aut$M.Philippe@0-0@2@aut,,comb. et stat. nov.,,1.3,f,ophrys~arachnitiformisvelathrii,orchidaceaeophrys~arachnitiformisvelathrii,70,wfo-1200117839,,subspecies,valid,,,,Plant 14(1): 12 (2026),https://www.ipni.org/n/77376063-1,IPNI record: 77376063-1
urn:lsid:ipni.org:names:77376064-1,(H.Baumann & Künkele) Z.H.Feng,Orchidaceae Ophrys × goelziana H.Baumann & Künkele,(H.Baumann & Künkele),904777-1,,,14(1): 12,,,,,,,,,,,,30/01/2026 05:29,05/02/2026 09:05,,,Orchidaceae,Ophrys benoitiana nothosubsp. goelziana,Ophrys benoitiana nothosubsp. goelziana,Ophrys,,t,f,,,,,goelziana,,,,,,,,,,,,,,,,,,,,,,,null:,647785-1,Plant,urn:lsid:ipni.org:publications:20044785-1,2026,2026 [27 Jan 2026],[27 Jan 2026],Z.H.Feng,nothosubsp.,Plant 14(1): 12. 2026 [27 Jan 2026] ,,doi:10.11648/j.plant.20261401.11,,,11,benoitiana,Tineo ex Lojac.,,f,t,,,,,,,Z.H.Feng@20048642-1@1@aut$H.Baumann@14601-1@2@bas$Künkele@14783-1@3@bas,Lojac.@0-0@2@autEx$Tineo@0-0@1@aut,,comb. et stat. nov.,,1.3,f,ophrys~benoitianagoelziana,orchidaceaeophrys~benoitianagoelziana,71,wfo-1200117840,,subspecies,valid,,,,Plant 14(1): 12 (2026),https://www.ipni.org/n/77376064-1,IPNI record: 77376064-1
urn:lsid:ipni.org:names:77376065-1,(H.Baumann & Künkele) Z.H.Feng,Orchidaceae Ophrys × trullana H.Baumann & Künkele,(H.Baumann & Künkele),930199-1,,,14(1): 12,,,,,,,,,,,,30/01/2026 05:31,05/02/2026 09:06,,,Orchidaceae,Ophrys benoitiana nothosubsp. trullana,Ophrys benoitiana nothosubsp. trullana,Ophrys,,t,f,,,,,trullana,,,,,,,,,,,,,,,,,,,,,,,null:,647785-1,Plant,urn:lsid:ipni.org:publications:20044785-1,2026,2026 [27 Jan 2026],[27 Jan 2026],Z.H.Feng,nothosubsp.,Plant 14(1): 12. 2026 [27 Jan 2026] ,,doi:10.11648/j.plant.20261401.11,,,11,benoitiana,Tineo ex Lojac.,,f,t,,,,,,,Künkele@14783-1@3@bas$Z.H.Feng@20048642-1@1@aut$H.Baumann@14601-1@2@bas,Lojac.@0-0@2@autEx$Tineo@0-0@1@aut,,comb. et stat. nov.,,1.3,f,ophrys~benoitianatrullana,orchidaceaeophrys~benoitianatrullana,72,wfo-1200117841,,subspecies,valid,,,,Plant 14(1): 12 (2026),https://www.ipni.org/n/77376065-1,IPNI record: 77376065-1
urn:lsid:ipni.org:names:77376066-1,(H.Baumann & Künkele) Z.H.Feng,Orchidaceae Ophrys × mulierum H.Baumann & Künkele,(H.Baumann & Künkele),930214-1,,,14(1): 12,,,,,,,,,,,,30/01/2026 05:32,05/02/2026 09:06,,,Orchidaceae,Ophrys × borgersiae nothosubsp. mulierum,Ophrys × borgersiae nothosubsp. mulierum,Ophrys,,t,f,,,,,mulierum,,,,,,,,,,,,,,,,,,,,,,,null:,902647-1,Plant,urn:lsid:ipni.org:publications:20044785-1,2026,2026 [27 Jan 2026],[27 Jan 2026],Z.H.Feng,nothosubsp.,Plant 14(1): 12. 2026 [27 Jan 2026] ,,doi:10.11648/j.plant.20261401.11,,,11,borgersiae,P.Delforge,,f,t,,,,,,,Z.H.Feng@20048642-1@1@aut$Künkele@14783-1@3@bas$H.Baumann@14601-1@2@bas,P.Delforge@0-0@1@aut,,comb. et stat. nov.,,1.3,f,ophrys~borgersiaemulierum,orchidaceaeophrys~borgersiaemulierum,73,wfo-1200117842,,subspecies,valid,,,,Plant 14(1): 12 (2026),https://www.ipni.org/n/77376066-1,IPNI record: 77376066-1
urn:lsid:ipni.org:names:77376067-1,(H.Baumann) Z.H.Feng,Orchidaceae Ophrys × bayeri H.Baumann,(H.Baumann),898315-1,,,14(1): 12,,,,,,,,,,,,30/01/2026 05:34,05/02/2026 09:07,,,Orchidaceae,Ophrys × brigittae nothosubsp. bayeri,Ophrys × brigittae nothosubsp. bayeri,Ophrys,,t,f,,,,,bayeri,,,,,,,,,,,,,,,,,,,,,,,null:,898316-1,Plant,urn:lsid:ipni.org:publications:20044785-1,2026,2026 [27 Jan 2026],[27 Jan 2026],Z.H.Feng,nothosubsp.,Plant 14(1): 12. 2026 [27 Jan 2026] ,,doi:10.11648/j.plant.20261401.11,,,11,brigittae,H.Baumann,,f,t,,,,,,,Z.H.Feng@20048642-1@1@aut$H.Baumann@14601-1@2@bas,H.Baumann@0-0@1@aut,,comb. et stat. nov.,,1.3,f,ophrys~brigittaebayeri,orchidaceaeophrys~brigittaebayeri,74,wfo-1200117843,,subspecies,valid,,,,Plant 14(1): 12 (2026),https://www.ipni.org/n/77376067-1,IPNI record: 77376067-1
urn:lsid:ipni.org:names:77376068-1,(H.Baumann) Z.H.Feng,Orchidaceae Ophrys × kurzeorum H.Baumann,(H.Baumann),898319-1,,,14(1): 12,,,,,,,,,,,,30/01/2026 05:35,05/02/2026 09:08,,,Orchidaceae,Ophrys × brigittae nothosubsp. kurzeorum,Ophrys × brigittae nothosubsp. kurzeorum,Ophrys,,t,f,,,,,kurzeorum,,,,,,,,,,,,,,,,,,,,,,,null:,898316-1,Plant,urn:lsid:ipni.org:publications:20044785-1,2026,2026 [27 Jan 2026],[27 Jan 2026],Z.H.Feng,nothosubsp.,Plant 14(1): 12. 2026 [27 Jan 2026] ,,doi:10.11648/j.plant.20261401.11,,,11,brigittae,H.Baumann,,f,t,,,,,,,H.Baumann@14601-1@2@bas$Z.H.Feng@20048642-1@1@aut,H.Baumann@0-0@1@aut,,comb. et stat. nov.,,1.3,f,ophrys~brigittaekurzeorum,orchidaceaeophrys~brigittaekurzeorum,75,wfo-1200117844,,subspecies,valid,,,,Plant 14(1): 12 (2026),https://www.ipni.org/n/77376068-1,IPNI record: 77376068-1
urn:lsid:ipni.org:names:77376069-1,(C.Alibertis & A.Alibertis) Z.H.Feng,Orchidaceae Ophrys × pauliana C.Alibertis & A.Alibertis,(C.Alibertis & A.Alibertis),936910-1,,,14(1): 12,,,,,,,,,,,,30/01/2026 05:37,05/02/2026 09:08,,,Orchidaceae,Ophrys × brigittae nothosubsp. pauliana,Ophrys × brigittae nothosubsp. pauliana,Ophrys,,t,f,,,,,pauliana,,,,,,,,,,,,,,,,,,,,,,,null:,898316-1,Plant,urn:lsid:ipni.org:publications:20044785-1,2026,2026 [27 Jan 2026],[27 Jan 2026],Z.H.Feng,nothosubsp.,Plant 14(1): 12. 2026 [27 Jan 2026] ,,doi:10.11648/j.plant.20261401.11,,,11,brigittae,H.Baumann,,f,t,,,,,,,C.Alibertis@36276-1@2@bas$A.Alibertis@36275-1@3@bas$Z.H.Feng@20048642-1@1@aut,H.Baumann@0-0@1@aut,,comb. et stat. nov.,,1.3,f,ophrys~brigittaepauliana,orchidaceaeophrys~brigittaepauliana,76,wfo-1200117845,,subspecies,valid,,,,Plant 14(1): 12 (2026),https://www.ipni.org/n/77376069-1,IPNI record: 77376069-1
urn:lsid:ipni.org:names:77376070-1,(O.Danesch & E.Danesch) Z.H.Feng,Orchidaceae Ophrys × lupiae O.Danesch & E.Danesch,(O.Danesch & E.Danesch),647976-1,,,14(1): 12,,,,,,,,,,,,30/01/2026 05:38,05/02/2026 09:26,,,Orchidaceae,Ophrys × campolati nothosubsp. lupiae,Ophrys × campolati nothosubsp. lupiae,Ophrys,,t,f,,,,,lupiae,,,,,,,,,,,,,,,,,,,,,,,null:,647817-1,Plant,urn:lsid:ipni.org:publications:20044785-1,2026,2026 [27 Jan 2026],[27 Jan 2026],Z.H.Feng,nothosubsp.,Plant 14(1): 12. 2026 [27 Jan 2026] ,,doi:10.11648/j.plant.20261401.11,,,11,campolati,O.Danesch & E.Danesch,,f,t,,,,,,,E.Danesch@1981-1@3@bas$Z.H.Feng@20048642-1@1@aut$O.Danesch@1982-1@2@bas,O.Danesch@0-0@1@aut$E.Danesch@0-0@2@aut,,comb. et stat. nov.,,1.3,f,ophrys~campolatilupiae,orchidaceaeophrys~campolatilupiae,77,wfo-1200117846,,subspecies,valid,,,,Plant 14(1): 12 (2026),https://www.ipni.org/n/77376070-1,IPNI record: 77376070-1
urn:lsid:ipni.org:names:77376071-1,"(Lumare, Medagli & Anelli) Z.H.Feng","Orchidaceae Ophrys × varolae Lumare, Medagli & Anelli","(Lumare, Medagli & Anelli)",77212566-1,,,14(1): 12,,,,,,,,,,,,30/01/2026 05:41,05/02/2026 09:27,,,Orchidaceae,Ophrys × campolati nothosubsp. varolae,Ophrys × campolati nothosubsp. varolae,Ophrys,,t,f,,,,,varolae,,,,,,,,,,,,,,,,,,,,,,,null:,647817-1,Plant,urn:lsid:ipni.org:publications:20044785-1,2026,2026 [27 Jan 2026],[27 Jan 2026],Z.H.Feng,nothosubsp.,Plant 14(1): 12. 2026 [27 Jan 2026] ,,doi:10.11648/j.plant.20261401.11,,,11,campolati,O.Danesch & E.Danesch,,f,t,,,,,,,Medagli@34888-1@3@bas$Z.H.Feng@20048642-1@1@aut$Lumare@20028213-1@2@bas$Anelli@20040756-1@4@bas,E.Danesch@0-0@2@aut$O.Danesch@0-0@1@aut,,comb. et stat. nov.,,1.3,f,ophrys~campolativarolae,orchidaceaeophrys~campolativarolae,78,wfo-1200117847,,subspecies,valid,,,,Plant 14(1): 12 (2026),https://www.ipni.org/n/77376071-1,IPNI record: 77376071-1
urn:lsid:ipni.org:names:77376073-1,(G.Kretzschmar & H.Kretzschmar) Z.H.Feng,Orchidaceae Ophrys × mirtiae G.Kretzschmar & H.Kretzschmar,(G.Kretzschmar & H.Kretzschmar),1001652-1,,,14(1): 13,,,,,,,,,,,,30/01/2026 05:45,05/02/2026 09:27,,,Orchidaceae,Ophrys × chobautii nothosubsp. mirtiae,Ophrys × chobautii nothosubsp. mirtiae,Ophrys,,t,f,,,,,mirtiae,,,,,,,,,,,,,,,,,,,,,,,null:,902648-1,Plant,urn:lsid:ipni.org:publications:20044785-1,2026,2026 [27 Jan 2026],[27 Jan 2026],Z.H.Feng,nothosubsp.,Plant 14(1): 13. 2026 [27 Jan 2026] ,,doi:10.11648/j.plant.20261401.11,,,11,chobautii,G.Keller ex B.Tyteca & D.Tyteca,,f,t,,,,,,,H.Kretzschmar@35964-1@3@bas$Z.H.Feng@20048642-1@1@aut$G.Kretzschmar@35963-1@2@bas,D.Tyteca@0-0@3@autEx$B.Tyteca@0-0@2@autEx$G.Keller@0-0@1@aut,,comb. et stat. nov.,,1.3,f,ophrys~chobautiimirtiae,orchidaceaeophrys~chobautiimirtiae,79,wfo-1200117848,,subspecies,valid,,,,Plant 14(1): 13 (2026),https://www.ipni.org/n/77376073-1,IPNI record: 77376073-1
urn:lsid:ipni.org:names:77376074-1,(Del Prete) Z.H.Feng,Orchidaceae Ophrys × domitia Del Prete,(Del Prete),77327359-1,,,14(1): 13,,,,,,,,,,,,30/01/2026 05:47,05/02/2026 09:28,,,Orchidaceae,Ophrys × clapensis nothosubsp. domitia,Ophrys × clapensis nothosubsp. domitia,Ophrys,,t,f,,,,,domitia,,,,,,,,,,,,,,,,,,,,,,,null:,938026-1,Plant,urn:lsid:ipni.org:publications:20044785-1,2026,2026 [27 Jan 2026],[27 Jan 2026],Z.H.Feng,nothosubsp.,Plant 14(1): 13. 2026 [27 Jan 2026] ,,doi:10.11648/j.plant.20261401.11,,,11,clapensis,Balayer,,f,t,,,,,,,Z.H.Feng@20048642-1@1@aut$Del Prete@14375-1@2@bas,Balayer@0-0@1@aut,,comb. et stat. nov.,,1.3,f,ophrys~clapensisdomitia,orchidaceaeophrys~clapensisdomitia,80,wfo-1200117849,,subspecies,valid,,,,Plant 14(1): 13 (2026),https://www.ipni.org/n/77376074-1,IPNI record: 77376074-1
urn:lsid:ipni.org:names:77376075-1,(Soca) Z.H.Feng,Orchidaceae Ophrys × lewinii Soca,(Soca),993353-1,,,14(1): 13,,,,,,,,,,,,30/01/2026 05:49,05/02/2026 09:29,,,Orchidaceae,Ophrys cranbrookeana nothosubsp. lewinii,Ophrys cranbrookeana nothosubsp. lewinii,Ophrys,,t,f,,,,,lewinii,,,,,,,,,,,,,,,,,,,,,,,null:,647855-1,Plant,urn:lsid:ipni.org:publications:20044785-1,2026,2026 [27 Jan 2026],[27 Jan 2026],Z.H.Feng,nothosubsp.,Plant 14(1): 13. 2026 [27 Jan 2026] ,,doi:10.11648/j.plant.20261401.11,,,11,cranbrookeana,Godfery,,f,t,,,,,,,Z.H.Feng@20048642-1@1@aut$Soca@37067-1@2@bas,Godfery@0-0@1@aut,,comb. et stat. nov.,,1.3,f,ophrys~cranbrookeanalewinii,orchidaceaeophrys~cranbrookeanalewinii,81,wfo-1200117850,,subspecies,valid,,,,Plant 14(1): 13 (2026),https://www.ipni.org/n/77376075-1,IPNI record: 77376075-1
urn:lsid:ipni.org:names:77376076-1,"(Robles, J.C.Huertas & M.Becerra) Z.H.Feng","Orchidaceae Ophrys × sutiliae Robles, J.C.Huertas & M.Becerra","(Robles, J.C.Huertas & M.Becerra)",77353662-1,,,14(1): 13,,,,,,,,,,,,30/01/2026 05:51,05/02/2026 09:30,,,Orchidaceae,Ophrys cranbrookeana nothosubsp. sutiliae,Ophrys cranbrookeana nothosubsp. sutiliae,Ophrys,,t,f,,,,,sutiliae,,,,,,,,,,,,,,,,,,,,,,,null:,647855-1,Plant,urn:lsid:ipni.org:publications:20044785-1,2026,2026 [27 Jan 2026],[27 Jan 2026],Z.H.Feng,nothosubsp.,Plant 14(1): 13. 2026 [27 Jan 2026] ,,doi:10.11648/j.plant.20261401.11,,,11,cranbrookeana,Godfery,,f,t,,,,,,,M.Becerra@20038055-1@4@bas$Robles@20038059-1@2@bas$J.C.Huertas@20045039-1@3@bas$Z.H.Feng@20048642-1@1@aut,Godfery@0-0@1@aut,,comb. et stat. nov.,,1.3,f,ophrys~cranbrookeanasutiliae,orchidaceaeophrys~cranbrookeanasutiliae,82,wfo-1200117851,,subspecies,valid,,,,Plant 14(1): 13 (2026),https://www.ipni.org/n/77376076-1,IPNI record: 77376076-1
urn:lsid:ipni.org:names:77376077-1,(Congedo) Z.H.Feng,Orchidaceae Ophrys × anxatina Congedo,(Congedo),77326790-1,,,14(1): 13,,,,,,,,,,,,30/01/2026 05:52,05/02/2026 09:31,,,Orchidaceae,Ophrys × cugniensis nothosubsp. anxatina,Ophrys × cugniensis nothosubsp. anxatina,Ophrys,,t,f,,,,,anxatina,,,,,,,,,,,,,,,,,,,,,,,null:,1017201-1,Plant,urn:lsid:ipni.org:publications:20044785-1,2026,2026 [27 Jan 2026],[27 Jan 2026],Z.H.Feng,nothosubsp.,Plant 14(1): 13. 2026 [27 Jan 2026] ,,doi:10.11648/j.plant.20261401.11,,,11,cugniensis,Soca,,f,t,,,,,,,Congedo@20065613-1@2@bas$Z.H.Feng@20048642-1@1@aut,Soca@0-0@1@aut,,comb. et stat. nov.,,1.3,f,ophrys~cugniensisanxatina,orchidaceaeophrys~cugniensisanxatina,83,wfo-1200117852,,subspecies,valid,,,,Plant 14(1): 13 (2026),https://www.ipni.org/n/77376077-1,IPNI record: 77376077-1
urn:lsid:ipni.org:names:77376078-1,(Menos) Z.H.Feng,Orchidaceae Ophrys × poisneliae Menos,(Menos),1016445-1,,,14(1): 13,,,,,,,,,,,,30/01/2026 06:19,05/02/2026 09:31,,,Orchidaceae,Ophrys × daneschiana nothosubsp. poisneliae,Ophrys × daneschiana nothosubsp. poisneliae,Ophrys,,t,f,,,,,poisneliae,,,,,,,,,,,,,,,,,,,,,,,null:,898317-1,Plant,urn:lsid:ipni.org:publications:20044785-1,2026,2026 [27 Jan 2026],[27 Jan 2026],Z.H.Feng,nothosubsp.,Plant 14(1): 13. 2026 [27 Jan 2026] ,,doi:10.11648/j.plant.20261401.11,,,11,daneschiana,W.J.Schrenk,,f,t,,,,,,,Z.H.Feng@20048642-1@1@aut$Menos@39362-1@2@bas,W.J.Schrenk@0-0@1@aut,,comb. et stat. nov.,,1.3,f,ophrys~daneschianapoisneliae,orchidaceaeophrys~daneschianapoisneliae,84,wfo-1200117853,,subspecies,valid,,,,Plant 14(1): 13 (2026),https://www.ipni.org/n/77376078-1,IPNI record: 77376078-1
urn:lsid:ipni.org:names:77376079-1,(M.P.Grasso & Liverani) Z.H.Feng,Orchidaceae Ophrys × sanctae-sofiae M.P.Grasso & Liverani,(M.P.Grasso & Liverani),975175-1,,,14(1): 13,,,,,,,,,,,,30/01/2026 06:21,06/02/2026 08:17,,,Orchidaceae,Ophrys eliasii nothosubsp. sanctae-sofiae,Ophrys eliasii nothosubsp. sanctae-sofiae,Ophrys,,t,f,,,,,sanctae-sofiae,,,,,,,,,,,,,,,,,,,,,,,null:,647878-1,Plant,urn:lsid:ipni.org:publications:20044785-1,2026,2026 [27 Jan 2026],[27 Jan 2026],Z.H.Feng,nothosubsp.,Plant 14(1): 13. 2026 [27 Jan 2026] ,,doi:10.11648/j.plant.20261401.11,,,11,eliasii,Sennen ex E.G.Camus & A.Camus,,f,t,,,,,,,Z.H.Feng@20048642-1@3@aut$Liverani@36401-1@2@bas$M.P.Grasso@19566-1@1@bas,,,comb. et stat. nov.,,1.4,f,ophrys~eliasiisanctae-sofiae,orchidaceaeophrys~eliasiisanctae-sofiae,85,wfo-1200117854,,subspecies,valid,,,,Plant 14(1): 13 (2026),https://www.ipni.org/n/77376079-1,IPNI record: 77376079-1
urn:lsid:ipni.org:names:77376080-1,(O.Danesch & E.Danesch) Z.H.Feng,Orchidaceae Ophrys × boscoquartensis O.Danesch & E.Danesch,(O.Danesch & E.Danesch),647804-1,,,14(1): 13,,,,,,,,,,,,30/01/2026 06:39,05/02/2026 09:34,,,Orchidaceae,Ophrys × epidavrensis nothosubsp. boscoquartensis,Ophrys × epidavrensis nothosubsp. boscoquartensis,Ophrys,,t,f,,,,,boscoquartensis,,,,,,,,,,,,,,,,,,,,,,,null:,647882-1,Plant,urn:lsid:ipni.org:publications:20044785-1,2026,2026 [27 Jan 2026],[27 Jan 2026],Z.H.Feng,nothosubsp.,Plant 14(1): 13. 2026 [27 Jan 2026] ,,doi:10.11648/j.plant.20261401.11,,,11,epidavrensis,G.Eberle,,f,t,,,,,,,E.Danesch@1981-1@3@bas$O.Danesch@1982-1@2@bas$Z.H.Feng@20048642-1@1@aut,G.Eberle@0-0@1@aut,,comb. et stat. nov.,,1.3,f,ophrys~epidavrensisboscoquartensis,orchidaceaeophrys~epidavrensisboscoquartensis,86,wfo-1200117855,,subspecies,valid,,,,Plant 14(1): 13 (2026),https://www.ipni.org/n/77376080-1,IPNI record: 77376080-1
urn:lsid:ipni.org:names:77376081-1,"(Benigni, Barigelli & Petroselli) Z.H.Feng","Orchidaceae Ophrys × castellettae Benigni, Barigelli & Petroselli","(Benigni, Barigelli & Petroselli)",77220735-1,,,14(1): 13,,,,,,,,,,,,30/01/2026 06:41,05/02/2026 09:35,,,Orchidaceae,Ophrys × epidavrensis nothosubsp. castellettae,Ophrys × epidavrensis nothosubsp. castellettae,Ophrys,,t,f,,,,,castellettae,,,,,,,,,,,,,,,,,,,,,,,null:,647882-1,Plant,urn:lsid:ipni.org:publications:20044785-1,2026,2026 [27 Jan 2026],[27 Jan 2026],Z.H.Feng,nothosubsp.,Plant 14(1): 13. 2026 [27 Jan 2026] ,,doi:10.11648/j.plant.20261401.11,,,11,epidavrensis,G.Eberle,,f,t,,,,,,,Petroselli@20043195-1@4@bas$Benigni@20043193-1@2@bas$Barigelli@20043194-1@3@bas$Z.H.Feng@20048642-1@1@aut,G.Eberle@0-0@1@aut,,comb. et stat. nov.,,1.3,f,ophrys~epidavrensiscastellettae,orchidaceaeophrys~epidavrensiscastellettae,87,wfo-1200117856,,subspecies,valid,,,,Plant 14(1): 13 (2026),https://www.ipni.org/n/77376081-1,IPNI record: 77376081-1
urn:lsid:ipni.org:names:77376082-1,(O.Danesch & E.Danesch) Z.H.Feng,Orchidaceae Ophrys × cornelli O.Danesch & E.Danesch,(O.Danesch & E.Danesch),647847-1,,,14(1): 13,,,,,,,,,,,,30/01/2026 06:43,05/02/2026 09:36,,,Orchidaceae,Ophrys × epidavrensis nothosubsp. cornelli,Ophrys × epidavrensis nothosubsp. cornelli,Ophrys,,t,f,,,,,cornelli,,,,,,,,,,,,,,,,,,,,,,,null:,647882-1,Plant,urn:lsid:ipni.org:publications:20044785-1,2026,2026 [27 Jan 2026],[27 Jan 2026],Z.H.Feng,nothosubsp.,Plant 14(1): 13. 2026 [27 Jan 2026] ,,doi:10.11648/j.plant.20261401.11,,,11,epidavrensis,G.Eberle,,f,t,,,,,,,Z.H.Feng@20048642-1@1@aut$O.Danesch@1982-1@2@bas$E.Danesch@1981-1@3@bas,G.Eberle@0-0@1@aut,,comb. et stat. nov.,,1.3,f,ophrys~epidavrensiscornelli,orchidaceaeophrys~epidavrensiscornelli,88,wfo-1200117857,,subspecies,valid,,,,Plant 14(1): 13 (2026),https://www.ipni.org/n/77376082-1,IPNI record: 77376082-1
urn:lsid:ipni.org:names:77376083-1,(Perilli) Z.H.Feng,Orchidaceae Ophrys × boscoquartensis O.Danesch & E.Danesch nothosubsp. difesae Perilli,(Perilli),77157058-1,,,14(1): 13,,,,,,,,,,,,30/01/2026 06:45,05/02/2026 09:37,,,Orchidaceae,Ophrys × epidavrensis nothosubsp. difesae,Ophrys × epidavrensis nothosubsp. difesae,Ophrys,,t,f,,,,,difesae,,,,,,,,,,,,,,,,,,,,,,,null:,647882-1,Plant,urn:lsid:ipni.org:publications:20044785-1,2026,2026 [27 Jan 2026],[27 Jan 2026],Z.H.Feng,nothosubsp.,Plant 14(1): 13. 2026 [27 Jan 2026] ,,doi:10.11648/j.plant.20261401.11,,,11,epidavrensis,G.Eberle,,f,t,,,,,,,Z.H.Feng@20048642-1@1@aut$Perilli@20029818-1@2@bas,G.Eberle@0-0@1@aut,,comb. nov.,,1.3,f,ophrys~epidavrensisdifesae,orchidaceaeophrys~epidavrensisdifesae,89,wfo-1200117858,,subspecies,valid,,,,Plant 14(1): 13 (2026),https://www.ipni.org/n/77376083-1,IPNI record: 77376083-1
urn:lsid:ipni.org:names:77376084-1,(Licheri & Pani) Z.H.Feng,"Orchidaceae Ophrys × giardinae Cristaudo, Galesi, R.Lorenz & Zelesny nothosubsp. floreannae Licheri & Pani",(Licheri & Pani),77203054-1,,,14(1): 13,,,,,,,,,,,,30/01/2026 06:47,05/02/2026 10:00,,,Orchidaceae,Ophrys × epidavrensis nothosubsp. floreannae,Ophrys × epidavrensis nothosubsp. floreannae,Ophrys,,t,f,,,,,floreannae,,,,,,,,,,,,,,,,,,,,,,,null:,647882-1,Plant,urn:lsid:ipni.org:publications:20044785-1,2026,2026 [27 Jan 2026],[27 Jan 2026],Z.H.Feng,nothosubsp.,Plant 14(1): 13. 2026 [27 Jan 2026] ,,doi:10.11648/j.plant.20261401.11,,,11,epidavrensis,G.Eberle,,f,t,,,,,,,Licheri@20041202-1@2@bas$Z.H.Feng@20048642-1@1@aut$Pani@20029833-1@3@bas,G.Eberle@0-0@1@aut,,comb. nov.,,1.3,f,ophrys~epidavrensisfloreannae,orchidaceaeophrys~epidavrensisfloreannae,90,wfo-1200117859,,subspecies,valid,,,,Plant 14(1): 13 (2026),https://www.ipni.org/n/77376084-1,IPNI record: 77376084-1
urn:lsid:ipni.org:names:77376085-1,(Licheri & A.S.Loi) Z.H.Feng,Orchidaceae Ophrys × nettii Silletti & Medagli nothosubsp. fluminensis Licheri & A.S.Loi,(Licheri & A.S.Loi),77203037-1,,,14(1): 13,,,,,,,,,,,,30/01/2026 06:49,05/02/2026 10:01,,,Orchidaceae,Ophrys × epidavrensis nothosubsp. fluminensis,Ophrys × epidavrensis nothosubsp. fluminensis,Ophrys,,t,f,,,,,fluminensis,,,,,,,,,,,,,,,,,,,,,,,null:,647882-1,Plant,urn:lsid:ipni.org:publications:20044785-1,2026,2026 [27 Jan 2026],[27 Jan 2026],Z.H.Feng,nothosubsp.,Plant 14(1): 13. 2026 [27 Jan 2026] ,,doi:10.11648/j.plant.20261401.11,,,11,epidavrensis,G.Eberle,,f,t,,,,,,,A.S.Loi@20043192-1@3@bas$Z.H.Feng@20048642-1@1@aut$Licheri@20041202-1@2@bas,G.Eberle@0-0@1@aut,,comb. nov.,,1.3,f,ophrys~epidavrensisfluminensis,orchidaceaeophrys~epidavrensisfluminensis,91,wfo-1200117860,,subspecies,valid,,,,Plant 14(1): 13 (2026),https://www.ipni.org/n/77376085-1,IPNI record: 77376085-1
urn:lsid:ipni.org:names:77376086-1,(Klaver & D.Rossi) Z.H.Feng,Orchidaceae Ophrys × kingsleyana Klaver & D.Rossi,(Klaver & D.Rossi),77220828-1,,,14(1): 13,,,,,,,,,,,,30/01/2026 06:50,06/02/2026 08:11,,,Orchidaceae,Ophrys × epidavrensis nothosubsp. kingsleyana,Ophrys × epidavrensis nothosubsp. kingsleyana,Ophrys,,t,f,,,,,kingsleyana,,,,,,,,,,,,,,,,,,,,,,,null:,647882-1,Plant,urn:lsid:ipni.org:publications:20044785-1,2026,2026 [27 Jan 2026],[27 Jan 2026],Z.H.Feng,nothosubsp.,Plant 14(1): 13. 2026 [27 Jan 2026] ,,doi:10.11648/j.plant.20261401.11,,,11,epidavrensis,G.Eberle,,f,t,,,,,,,Z.H.Feng@20048642-1@1@aut$D.Rossi@20047252-1@3@bas$Klaver@20016988-1@2@bas,G.Eberle@0-0@1@aut,,comb. et stat. nov.,,1.4,f,ophrys~epidavrensiskingsleyana,orchidaceaeophrys~epidavrensiskingsleyana,92,wfo-1200117861,,subspecies,valid,,,,Plant 14(1): 13 (2026),https://www.ipni.org/n/77376086-1,IPNI record: 77376086-1
urn:lsid:ipni.org:names:77376087-1,(O.Danesch & E.Danesch) Z.H.Feng,Orchidaceae Ophrys × peloponnesiaca O.Danesch & E.Danesch,(O.Danesch & E.Danesch),648047-1,,,14(1): 13,,,,,,,,,,,,30/01/2026 06:52,05/02/2026 10:03,,,Orchidaceae,Ophrys × epidavrensis nothosubsp. peloponnesiaca,Ophrys × epidavrensis nothosubsp. peloponnesiaca,Ophrys,,t,f,,,,,peloponnesiaca,,,,,,,,,,,,,,,,,,,,,,,null:,647882-1,Plant,urn:lsid:ipni.org:publications:20044785-1,2026,2026 [27 Jan 2026],[27 Jan 2026],Z.H.Feng,nothosubsp.,Plant 14(1): 13. 2026 [27 Jan 2026] ,,doi:10.11648/j.plant.20261401.11,,,11,epidavrensis,G.Eberle,,f,t,,,,,,,O.Danesch@1982-1@2@bas$Z.H.Feng@20048642-1@1@aut$E.Danesch@1981-1@3@bas,G.Eberle@0-0@1@aut,,comb. et stat. nov.,,1.3,f,ophrys~epidavrensispeloponnesiaca,orchidaceaeophrys~epidavrensispeloponnesiaca,93,wfo-1200117862,,subspecies,valid,,,,Plant 14(1): 13 (2026),https://www.ipni.org/n/77376087-1,IPNI record: 77376087-1
urn:lsid:ipni.org:names:77376088-1,(Soca) Z.H.Feng,Orchidaceae Ophrys × rabautei Soca,(Soca),981249-1,,,14(1): 13,,,,,,,,,,,,30/01/2026 06:53,05/02/2026 10:04,,,Orchidaceae,Ophrys × epidavrensis nothosubsp. rabautei,Ophrys × epidavrensis nothosubsp. rabautei,Ophrys,,t,f,,,,,rabautei,,,,,,,,,,,,,,,,,,,,,,,null:,647882-1,Plant,urn:lsid:ipni.org:publications:20044785-1,2026,2026 [27 Jan 2026],[27 Jan 2026],Z.H.Feng,nothosubsp.,Plant 14(1): 13. 2026 [27 Jan 2026] ,,doi:10.11648/j.plant.20261401.11,,,11,epidavrensis,G.Eberle,,f,t,,,,,,,Soca@37067-1@2@bas$Z.H.Feng@20048642-1@1@aut,G.Eberle@0-0@1@aut,,comb. et stat. nov.,,1.3,f,ophrys~epidavrensisrabautei,orchidaceaeophrys~epidavrensisrabautei,94,wfo-1200117863,,subspecies,valid,,,,Plant 14(1): 13 (2026),https://www.ipni.org/n/77376088-1,IPNI record: 77376088-1
urn:lsid:ipni.org:names:77376089-1,(O.Danesch & E.Danesch) Z.H.Feng,Orchidaceae Ophrys × sundermanniana O.Danesch & E.Danesch,(O.Danesch & E.Danesch),648138-1,,,14(1): 13,,,,,,,,,,,,30/01/2026 06:55,05/02/2026 10:05,,,Orchidaceae,Ophrys × epidavrensis nothosubsp. sundermanniana,Ophrys × epidavrensis nothosubsp. sundermanniana,Ophrys,,t,f,,,,,sundermanniana,,,,,,,,,,,,,,,,,,,,,,,null:,647882-1,Plant,urn:lsid:ipni.org:publications:20044785-1,2026,2026 [27 Jan 2026],[27 Jan 2026],Z.H.Feng,nothosubsp.,Plant 14(1): 13. 2026 [27 Jan 2026] ,,doi:10.11648/j.plant.20261401.11,,,11,epidavrensis,G.Eberle,,f,t,,,,,,,E.Danesch@1981-1@3@bas$O.Danesch@1982-1@2@bas$Z.H.Feng@20048642-1@1@aut,G.Eberle@0-0@1@aut,,comb. et stat. nov.,,1.3,f,ophrys~epidavrensissundermanniana,orchidaceaeophrys~epidavrensissundermanniana,95,wfo-1200117864,,subspecies,valid,,,,Plant 14(1): 13 (2026),https://www.ipni.org/n/77376089-1,IPNI record: 77376089-1
urn:lsid:ipni.org:names:77376090-1,(P.Delforge) Z.H.Feng,Orchidaceae Ophrys × walravensiorum P.Delforge,(P.Delforge),984101-1,,,14(1): 13,,,,,,,,,,,,30/01/2026 06:56,05/02/2026 10:13,,,Orchidaceae,Ophrys × feldwegiana nothosubsp. walravensiorum,Ophrys × feldwegiana nothosubsp. walravensiorum,Ophrys,,t,f,,,,,walravensiorum,,,,,,,,,,,,,,,,,,,,,,,null:,904776-1,Plant,urn:lsid:ipni.org:publications:20044785-1,2026,2026 [27 Jan 2026],[27 Jan 2026],Z.H.Feng,nothosubsp.,Plant 14(1): 13. 2026 [27 Jan 2026] ,,doi:10.11648/j.plant.20261401.11,,,11,feldwegiana,B.Baumann & H.Baumann,,f,t,,,,,,,P.Delforge@17903-1@2@bas$Z.H.Feng@20048642-1@1@aut,H.Baumann@0-0@2@aut$B.Baumann@0-0@1@aut,,comb. et stat. nov.,,1.3,f,ophrys~feldwegianawalravensiorum,orchidaceaeophrys~feldwegianawalravensiorum,96,wfo-1200117865,,subspecies,valid,,,,Plant 14(1): 13 (2026),https://www.ipni.org/n/77376090-1,IPNI record: 77376090-1
urn:lsid:ipni.org:names:77376091-1,(Galesi) Z.H.Feng,Orchidaceae Ophrys × marsianii Galesi,(Galesi),983637-1,,,14(1): 13,,,,,,,,,,,,30/01/2026 06:58,05/02/2026 10:14,,,Orchidaceae,Ophrys × ferruginea nothosubsp. marsianii,Ophrys × ferruginea nothosubsp. marsianii,Ophrys,,t,f,,,,,marsianii,,,,,,,,,,,,,,,,,,,,,,,null:,940768-1,Plant,urn:lsid:ipni.org:publications:20044785-1,2026,2026 [27 Jan 2026],[27 Jan 2026],Z.H.Feng,nothosubsp.,Plant 14(1): 13. 2026 [27 Jan 2026] ,,doi:10.11648/j.plant.20261401.11,,,11,ferruginea,W.Rossi & A.Liuti,,f,t,,,,,,,Z.H.Feng@20048642-1@1@aut$Galesi@36683-1@2@bas,A.Liuti@0-0@2@aut$W.Rossi@0-0@1@aut,,comb. et stat. nov.,,1.3,f,ophrys~ferrugineamarsianii,orchidaceaeophrys~ferrugineamarsianii,97,wfo-1200117866,,subspecies,valid,,,,Plant 14(1): 13 (2026),https://www.ipni.org/n/77376091-1,IPNI record: 77376091-1
urn:lsid:ipni.org:names:77376092-1,(H.Baumann & Künkele) Z.H.Feng,Orchidaceae Ophrys × alberobellensis H.Baumann & Künkele,(H.Baumann & Künkele),930209-1,,,14(1): 13,,,,,,,,,,,,30/01/2026 06:59,05/02/2026 10:29,,,Orchidaceae,Ophrys flavicans nothosubsp. alberobellensis,Ophrys flavicans nothosubsp. alberobellensis,Ophrys,,t,f,,,,,alberobellensis,,,,,,,,,,,,,,,,,,,,,,,null:,647895-1,Plant,urn:lsid:ipni.org:publications:20044785-1,2026,2026 [27 Jan 2026],[27 Jan 2026],Z.H.Feng,nothosubsp.,Plant 14(1): 13. 2026 [27 Jan 2026] ,,doi:10.11648/j.plant.20261401.11,,,11,flavicans,Vis.,,f,t,,,,,,,Künkele@14783-1@3@bas$H.Baumann@14601-1@2@bas$Z.H.Feng@20048642-1@1@aut,Vis.@0-0@1@aut,,comb. et stat. nov.,,1.3,f,ophrys~flavicansalberobellensis,orchidaceaeophrys~flavicansalberobellensis,98,wfo-1200117867,,subspecies,valid,,,,Plant 14(1): 13 (2026),https://www.ipni.org/n/77376092-1,IPNI record: 77376092-1
urn:lsid:ipni.org:names:77376093-1,(E.G.Camus) Z.H.Feng,Orchidaceae Ophrys × barlae E.G.Camus,(E.G.Camus),647781-1,,,14(1): 13 (-14),,,,,,,,,,,,30/01/2026 07:01,05/02/2026 10:34,,,Orchidaceae,Ophrys flavicans nothosubsp. barlae,Ophrys flavicans nothosubsp. barlae,Ophrys,,t,f,,,,,barlae,,,,,,,,,,,,,,,,,,,,,,,null:,647895-1,Plant,urn:lsid:ipni.org:publications:20044785-1,2026,2026 [27 Jan 2026],[27 Jan 2026],Z.H.Feng,nothosubsp.,Plant 14(1): 13 (-14). 2026 [27 Jan 2026] ,,doi:10.11648/j.plant.20261401.11,,,11,flavicans,Vis.,,f,t,,,,,,,Z.H.Feng@20048642-1@1@aut$E.G.Camus@12373-1@2@bas,Vis.@0-0@1@aut,,comb. et stat. nov.,,1.3,f,ophrys~flavicansbarlae,orchidaceaeophrys~flavicansbarlae,99,wfo-1200117868,,subspecies,valid,,,,Plant 14(1): 13 (-14) (2026),https://www.ipni.org/n/77376093-1,IPNI record: 77376093-1
urn:lsid:ipni.org:names:77376094-1,(Soca) Z.H.Feng,Orchidaceae Ophrys × cantalupoi Soca,(Soca),77154587-1,,,14(1): 14,,,,,,,,,,,,30/01/2026 07:03,05/02/2026 10:36,,,Orchidaceae,Ophrys flavicans nothosubsp. cantalupoi,Ophrys flavicans nothosubsp. cantalupoi,Ophrys,,t,f,,,,,cantalupoi,,,,,,,,,,,,,,,,,,,,,,,null:,647895-1,Plant,urn:lsid:ipni.org:publications:20044785-1,2026,2026 [27 Jan 2026],[27 Jan 2026],Z.H.Feng,nothosubsp.,Plant 14(1): 14. 2026 [27 Jan 2026] ,,doi:10.11648/j.plant.20261401.11,,,11,flavicans,Vis.,,f,t,,,,,,,Z.H.Feng@20048642-1@1@aut$Soca@37067-1@2@bas,Vis.@0-0@1@aut,,comb. et stat. nov.,,1.3,f,ophrys~flavicanscantalupoi,orchidaceaeophrys~flavicanscantalupoi,100,wfo-1200117869,,subspecies,valid,,,,Plant 14(1): 14 (2026),https://www.ipni.org/n/77376094-1,IPNI record: 77376094-1
urn:lsid:ipni.org:names:77376095-1,(P.Delforge & C.Delforge) Z.H.Feng,Orchidaceae Ophrys × grottagliensis P.Delforge & C.Delforge,(P.Delforge & C.Delforge),972999-1,,,14(1): 14,,,,,,,,,,,,30/01/2026 07:07,05/02/2026 10:37,,,Orchidaceae,Ophrys flavicans nothosubsp. grottagliensis,Ophrys flavicans nothosubsp. grottagliensis,Ophrys,,t,f,,,,,grottagliensis,,,,,,,,,,,,,,,,,,,,,,,null:,647895-1,Plant,urn:lsid:ipni.org:publications:20044785-1,2026,2026 [27 Jan 2026],[27 Jan 2026],Z.H.Feng,nothosubsp.,Plant 14(1): 14. 2026 [27 Jan 2026] ,,doi:10.11648/j.plant.20261401.11,,,11,flavicans,Vis.,,f,t,,,,,,,P.Delforge@17903-1@2@bas$Z.H.Feng@20048642-1@1@aut$C.Delforge@17902-1@3@bas,Vis.@0-0@1@aut,,comb. et stat. nov.,,1.3,f,ophrys~flavicansgrottagliensis,orchidaceaeophrys~flavicansgrottagliensis,101,wfo-1200117870,,subspecies,valid,,,,Plant 14(1): 14 (2026),https://www.ipni.org/n/77376095-1,IPNI record: 77376095-1
urn:lsid:ipni.org:names:77376096-1,(A.Camus) Z.H.Feng,Orchidaceae Ophrys neowalteri A.Camus,(A.Camus),648019-1,,,14(1): 14,,,,,,,,,,,,30/01/2026 07:45,05/02/2026 10:37,,,Orchidaceae,Ophrys flavicans nothosubsp. neowalteri,Ophrys flavicans nothosubsp. neowalteri,Ophrys,,t,f,,,,,neowalteri,,,,,,,,,,,,,,,,,,,,,,,null:,647895-1,Plant,urn:lsid:ipni.org:publications:20044785-1,2026,2026 [27 Jan 2026],[27 Jan 2026],Z.H.Feng,nothosubsp.,Plant 14(1): 14. 2026 [27 Jan 2026] ,,doi:10.11648/j.plant.20261401.11,,,11,flavicans,Vis.,,f,t,,,,,,,A.Camus@1381-1@2@bas$Z.H.Feng@20048642-1@1@aut,Vis.@0-0@1@aut,,comb. et stat. nov.,,1.3,f,ophrys~flavicansneowalteri,orchidaceaeophrys~flavicansneowalteri,102,wfo-1200117871,,subspecies,valid,,,,Plant 14(1): 14 (2026),https://www.ipni.org/n/77376096-1,IPNI record: 77376096-1
urn:lsid:ipni.org:names:77376097-1,(Gennaio & Medagli) Z.H.Feng,Orchidaceae Ophrys × pescolusae Gennaio & Medagli,(Gennaio & Medagli),77133094-1,,,14(1): 14,,,,,,,,,,,,30/01/2026 07:46,05/02/2026 10:39,,,Orchidaceae,Ophrys flavicans nothosubsp. pescolusae,Ophrys flavicans nothosubsp. pescolusae,Ophrys,,t,f,,,,,pescolusae,,,,,,,,,,,,,,,,,,,,,,,null:,647895-1,Plant,urn:lsid:ipni.org:publications:20044785-1,2026,2026 [27 Jan 2026],[27 Jan 2026],Z.H.Feng,nothosubsp.,Plant 14(1): 14. 2026 [27 Jan 2026] ,,doi:10.11648/j.plant.20261401.11,,,11,flavicans,Vis.,,f,t,,,,,,,Z.H.Feng@20048642-1@1@aut$Medagli@34888-1@3@bas$Gennaio@20015393-1@2@bas,Vis.@0-0@1@aut,,comb. et stat. nov.,,1.3,f,ophrys~flavicanspescolusae,orchidaceaeophrys~flavicanspescolusae,103,wfo-1200117872,,subspecies,valid,,,,Plant 14(1): 14 (2026),https://www.ipni.org/n/77376097-1,IPNI record: 77376097-1
urn:lsid:ipni.org:names:77376098-1,(P.Delforge) Z.H.Feng,Orchidaceae Ophrys × dessartiana P.Delforge,(P.Delforge),1003624-1,,,14(1): 14,,,,,,,,,,,,30/01/2026 07:48,05/02/2026 10:41,,,Orchidaceae,Ophrys fusca nothosubsp. dessartiana,Ophrys fusca nothosubsp. dessartiana,Ophrys,,t,f,,,,,dessartiana,,,,,,,,,,,,,,,,,,,,,,,null:,647906-1,Plant,urn:lsid:ipni.org:publications:20044785-1,2026,2026 [27 Jan 2026],[27 Jan 2026],Z.H.Feng,nothosubsp.,Plant 14(1): 14. 2026 [27 Jan 2026] ,,doi:10.11648/j.plant.20261401.11,,,11,fusca,Link,,f,t,,,,,,,P.Delforge@17903-1@2@bas$Z.H.Feng@20048642-1@1@aut,Link@0-0@1@aut,,comb. et stat. nov.,,1.3,f,ophrys~fuscadessartiana,orchidaceaeophrys~fuscadessartiana,104,wfo-1200117873,,subspecies,valid,,,,Plant 14(1): 14 (2026),https://www.ipni.org/n/77376098-1,IPNI record: 77376098-1
urn:lsid:ipni.org:names:77376099-1,(Maire) Z.H.Feng,Orchidaceae Ophrys joannae Maire,(Maire),647953-1,,,14(1): 14,,,,,,,,,,,,30/01/2026 07:49,05/02/2026 10:41,,,Orchidaceae,Ophrys fusca nothosubsp. joannae,Ophrys fusca nothosubsp. joannae,Ophrys,,t,f,,,,,joannae,,,,,,,,,,,,,,,,,,,,,,,null:,647906-1,Plant,urn:lsid:ipni.org:publications:20044785-1,2026,2026 [27 Jan 2026],[27 Jan 2026],Z.H.Feng,nothosubsp.,Plant 14(1): 14. 2026 [27 Jan 2026] ,,doi:10.11648/j.plant.20261401.11,,,11,fusca,Link,,f,t,,,,,,,Z.H.Feng@20048642-1@1@aut$Maire@6001-1@2@bas,Link@0-0@1@aut,,comb. et stat. nov.,,1.3,f,ophrys~fuscajoannae,orchidaceaeophrys~fuscajoannae,105,wfo-1200117874,,subspecies,valid,,,,Plant 14(1): 14 (2026),https://www.ipni.org/n/77376099-1,IPNI record: 77376099-1
urn:lsid:ipni.org:names:77376100-1,"(G.Foelsche, W.Foelsche, M.Gerbaud & O.Gerbaud) Z.H.Feng","Orchidaceae Ophrys peraiolae G.Foelsche, W.Foelsche, M.Gerbaud & O.Gerbaud","(G.Foelsche, W.Foelsche, M.Gerbaud & O.Gerbaud)",1018386-1,,,14(1): 14,,,,,,,,,,,,30/01/2026 07:53,05/02/2026 10:42,,,Orchidaceae,Ophrys fusca nothosubsp. peraiolae,Ophrys fusca nothosubsp. peraiolae,Ophrys,,t,f,,,,,peraiolae,,,,,,,,,,,,,,,,,,,,,,,null:,647906-1,Plant,urn:lsid:ipni.org:publications:20044785-1,2026,2026 [27 Jan 2026],[27 Jan 2026],Z.H.Feng,nothosubsp.,Plant 14(1): 14. 2026 [27 Jan 2026] ,,doi:10.11648/j.plant.20261401.11,,,11,fusca,Link,,f,t,,,,,,,G.Foelsche@38356-1@2@bas$Z.H.Feng@20048642-1@1@aut$M.Gerbaud@37361-1@4@bas$O.Gerbaud@37362-1@5@bas$W.Foelsche@36277-1@3@bas,Link@0-0@1@aut,,comb. et stat. nov.,,1.3,f,ophrys~fuscaperaiolae,orchidaceaeophrys~fuscaperaiolae,106,wfo-1200117875,,subspecies,valid,,,,Plant 14(1): 14 (2026),https://www.ipni.org/n/77376100-1,IPNI record: 77376100-1
urn:lsid:ipni.org:names:77376101-1,(Soca) Z.H.Feng,Orchidaceae Ophrys × rafinesquei Soca,(Soca),77184277-1,,,14(1): 14,,,,,,,,,,,,30/01/2026 07:54,05/02/2026 10:43,,,Orchidaceae,Ophrys fusca nothosubsp. rafinesquei,Ophrys fusca nothosubsp. rafinesquei,Ophrys,,t,f,,,,,rafinesquei,,,,,,,,,,,,,,,,,,,,,,,null:,647906-1,Plant,urn:lsid:ipni.org:publications:20044785-1,2026,2026 [27 Jan 2026],[27 Jan 2026],Z.H.Feng,nothosubsp.,Plant 14(1): 14. 2026 [27 Jan 2026] ,,doi:10.11648/j.plant.20261401.11,,,11,fusca,Link,,f,t,,,,,,,Z.H.Feng@20048642-1@1@aut$Soca@37067-1@2@bas,Link@0-0@1@aut,,comb. et stat. nov.,,1.3,f,ophrys~fuscarafinesquei,orchidaceaeophrys~fuscarafinesquei,107,wfo-1200117876,,subspecies,valid,,,,Plant 14(1): 14 (2026),https://www.ipni.org/n/77376101-1,IPNI record: 77376101-1
urn:lsid:ipni.org:names:77376102-1,"(Medagli, D'Emerico & Ruggiero) Z.H.Feng","Orchidaceae Ophrys × cesinensis Medagli, D'Emerico & Ruggiero","(Medagli, D'Emerico & Ruggiero)",936749-1,,,14(1): 14,,,,,,,,,,,,30/01/2026 07:56,05/02/2026 12:01,,,Orchidaceae,Ophrys gauthieri nothosubsp. cesinensis,Ophrys gauthieri nothosubsp. cesinensis,Ophrys,,t,f,,,,,cesinensis,,,,,,,,,,,,,,,,,,,,,,,null:,647911-1,Plant,urn:lsid:ipni.org:publications:20044785-1,2026,2026 [27 Jan 2026],[27 Jan 2026],Z.H.Feng,nothosubsp.,Plant 14(1): 14. 2026 [27 Jan 2026] ,,doi:10.11648/j.plant.20261401.11,,,11,gauthieri,Gauth.-Lièvre,,f,t,,,,,,,Ruggiero@34892-1@4@bas$Medagli@34888-1@2@bas$D'Emerico@34876-1@3@bas$Z.H.Feng@20048642-1@1@aut,Gauth.-Lièvre@0-0@1@aut,,comb. et stat. nov.,,1.3,f,ophrys~gauthiericesinensis,orchidaceaeophrys~gauthiericesinensis,108,wfo-1200117877,,subspecies,valid,,,,Plant 14(1): 14 (2026),https://www.ipni.org/n/77376102-1,IPNI record: 77376102-1
urn:lsid:ipni.org:names:77376103-1,"(Gavalas, Kreutz & Z.Antonop.) Z.H.Feng","Orchidaceae Ophrys heracleotica Gavalas, Kreutz & Z.Antonop.","(Gavalas, Kreutz & Z.Antonop.)",77110757-1,,,14(1): 14,,,,,,,,,,,,30/01/2026 07:57,05/02/2026 12:01,,,Orchidaceae,Ophrys gauthieri nothosubsp. heracleotica,Ophrys gauthieri nothosubsp. heracleotica,Ophrys,,t,f,,,,,heracleotica,,,,,,,,,,,,,,,,,,,,,,,null:,647911-1,Plant,urn:lsid:ipni.org:publications:20044785-1,2026,2026 [27 Jan 2026],[27 Jan 2026],Z.H.Feng,nothosubsp.,Plant 14(1): 14. 2026 [27 Jan 2026] ,,doi:10.11648/j.plant.20261401.11,,,11,gauthieri,Gauth.-Lièvre,,f,t,,,,,,,Z.Antonop.@20017624-1@4@bas$Gavalas@20017625-1@2@bas$Kreutz@14781-1@3@bas$Z.H.Feng@20048642-1@1@aut,Gauth.-Lièvre@0-0@1@aut,,comb. et stat. nov.,,1.3,f,ophrys~gauthieriheracleotica,orchidaceaeophrys~gauthieriheracleotica,109,wfo-1200117878,,subspecies,valid,,,,Plant 14(1): 14 (2026),https://www.ipni.org/n/77376103-1,IPNI record: 77376103-1
urn:lsid:ipni.org:names:77376104-1,(Licheri & Napoli) Z.H.Feng,Orchidaceae Ophrys × paringianensis Licheri & Napoli,(Licheri & Napoli),77321971-1,,,14(1): 14,,,,,,,,,,,,30/01/2026 07:59,05/02/2026 12:02,,,Orchidaceae,Ophrys gauthieri nothosubsp. paringianensis,Ophrys gauthieri nothosubsp. paringianensis,Ophrys,,t,f,,,,,paringianensis,,,,,,,,,,,,,,,,,,,,,,,null:,647911-1,Plant,urn:lsid:ipni.org:publications:20044785-1,2026,2026 [27 Jan 2026],[27 Jan 2026],Z.H.Feng,nothosubsp.,Plant 14(1): 14. 2026 [27 Jan 2026] ,,doi:10.11648/j.plant.20261401.11,,,11,gauthieri,Gauth.-Lièvre,,f,t,,,,,,,Napoli@20040753-1@3@bas$Z.H.Feng@20048642-1@1@aut$Licheri@20041202-1@2@bas,Gauth.-Lièvre@0-0@1@aut,,comb. et stat. nov.,,1.3,f,ophrys~gauthieriparingianensis,orchidaceaeophrys~gauthieriparingianensis,110,wfo-1200117879,,subspecies,valid,,,,Plant 14(1): 14 (2026),https://www.ipni.org/n/77376104-1,IPNI record: 77376104-1
urn:lsid:ipni.org:names:77376105-1,(C.E.Hermos.) Z.H.Feng,Orchidaceae Ophrys × caballeroi C.E.Hermos.,(C.E.Hermos.),20008021-1,,,14(1): 14,,,,,,,,,,,,30/01/2026 08:05,05/02/2026 12:51,,,Orchidaceae,Ophrys grampini nothosubsp. caballeroi,Ophrys grampini nothosubsp. caballeroi,Ophrys,,t,f,,,,,caballeroi,,,,,,,,,,,,,,,,,,,,,,,null:,647918-1,Plant,urn:lsid:ipni.org:publications:20044785-1,2026,2026 [27 Jan 2026],[27 Jan 2026],Z.H.Feng,nothosubsp.,Plant 14(1): 14. 2026 [27 Jan 2026] ,,doi:10.11648/j.plant.20261401.11,,,11,grampini,Cortesi,,f,t,,,,,,,C.E.Hermos.@38368-1@2@bas$Z.H.Feng@20048642-1@1@aut,Cortesi@0-0@1@aut,,comb. et stat. nov.,,1.3,f,ophrys~grampinicaballeroi,orchidaceaeophrys~grampinicaballeroi,111,wfo-1200117880,,subspecies,valid,,,,Plant 14(1): 14 (2026),https://www.ipni.org/n/77376105-1,IPNI record: 77376105-1
urn:lsid:ipni.org:names:77376106-1,(C.Alibertis & A.Alibertis) Z.H.Feng,Orchidaceae Ophrys × alibertiana C.Alibertis & A.Alibertis,(C.Alibertis & A.Alibertis),936912-1,,,14(1): 14,,,,,,,,,,,,30/01/2026 08:06,05/02/2026 12:03,,,Orchidaceae,Ophrys grampini nothosubsp. alibertiana,Ophrys grampini nothosubsp. alibertiana,Ophrys,,t,f,,,,,alibertiana,,,,,,,,,,,,,,,,,,,,,,,null:,647918-1,Plant,urn:lsid:ipni.org:publications:20044785-1,2026,2026 [27 Jan 2026],[27 Jan 2026],Z.H.Feng,nothosubsp.,Plant 14(1): 14. 2026 [27 Jan 2026] ,,doi:10.11648/j.plant.20261401.11,,,11,grampini,Cortesi,,f,t,,,,,,,A.Alibertis@36275-1@3@bas$C.Alibertis@36276-1@2@bas$Z.H.Feng@20048642-1@1@aut,Cortesi@0-0@1@aut,,comb. et stat. nov.,,1.3,f,ophrys~grampinialibertiana,orchidaceaeophrys~grampinialibertiana,112,wfo-1200117881,,subspecies,valid,,,,Plant 14(1): 14 (2026),https://www.ipni.org/n/77376106-1,IPNI record: 77376106-1
urn:lsid:ipni.org:names:77376107-1,(O.Danesch & E.Danesch) Z.H.Feng,Orchidaceae Ophrys × manfredoniae O.Danesch & E.Danesch,(O.Danesch & E.Danesch),647986-1,,,14(1): 14,,,,,,,,,,,,30/01/2026 08:07,05/02/2026 12:52,,,Orchidaceae,Ophrys grampini nothosubsp. manfredoniae,Ophrys grampini nothosubsp. manfredoniae,Ophrys,,t,f,,,,,manfredoniae,,,,,,,,,,,,,,,,,,,,,,,null:,647918-1,Plant,urn:lsid:ipni.org:publications:20044785-1,2026,2026 [27 Jan 2026],[27 Jan 2026],Z.H.Feng,nothosubsp.,Plant 14(1): 14. 2026 [27 Jan 2026] ,,doi:10.11648/j.plant.20261401.11,,,11,grampini,Cortesi,,f,t,,,,,,,E.Danesch@1981-1@3@bas$O.Danesch@1982-1@2@bas$Z.H.Feng@20048642-1@1@aut,Cortesi@0-0@1@aut,,comb. et stat. nov.,,1.3,f,ophrys~grampinimanfredoniae,orchidaceaeophrys~grampinimanfredoniae,113,wfo-1200117882,,subspecies,valid,,,,Plant 14(1): 14 (2026),https://www.ipni.org/n/77376107-1,IPNI record: 77376107-1
urn:lsid:ipni.org:names:77376108-1,(Benito) Z.H.Feng,Orchidaceae Ophrys × robatschii Benito,(Benito),77303275-1,,,14(1): 14,,,,,,,,,,,,30/01/2026 08:08,05/02/2026 12:53,,,Orchidaceae,Ophrys grampini nothosubsp. robatschii,Ophrys grampini nothosubsp. robatschii,Ophrys,,t,f,,,,,robatschii,,,,,,,,,,,,,,,,,,,,,,,null:,647918-1,Plant,urn:lsid:ipni.org:publications:20044785-1,2026,2026 [27 Jan 2026],[27 Jan 2026],Z.H.Feng,nothosubsp.,Plant 14(1): 14. 2026 [27 Jan 2026] ,,doi:10.11648/j.plant.20261401.11,,,11,grampini,Cortesi,,f,t,,,,,,,Z.H.Feng@20048642-1@1@aut$Benito@38628-1@2@bas,Cortesi@0-0@1@aut,,comb. et stat. nov.,,1.3,f,ophrys~grampinirobatschii,orchidaceaeophrys~grampinirobatschii,114,wfo-1200117883,,subspecies,valid,,,,Plant 14(1): 14 (2026),https://www.ipni.org/n/77376108-1,IPNI record: 77376108-1
urn:lsid:ipni.org:names:77376109-1,(O.Danesch & E.Danesch) Z.H.Feng,Orchidaceae Ophrys × surdi O.Danesch & E.Danesch,(O.Danesch & E.Danesch),648139-1,,,14(1): 14,,,,,,,,,,,,30/01/2026 08:10,05/02/2026 12:54,,,Orchidaceae,Ophrys grampini nothosubsp. surdi,Ophrys grampini nothosubsp. surdi,Ophrys,,t,f,,,,,surdi,,,,,,,,,,,,,,,,,,,,,,,null:,647918-1,Plant,urn:lsid:ipni.org:publications:20044785-1,2026,2026 [27 Jan 2026],[27 Jan 2026],Z.H.Feng,nothosubsp.,Plant 14(1): 14. 2026 [27 Jan 2026] ,,doi:10.11648/j.plant.20261401.11,,,11,grampini,Cortesi,,f,t,,,,,,,O.Danesch@1982-1@2@bas$E.Danesch@1981-1@3@bas$Z.H.Feng@20048642-1@1@aut,Cortesi@0-0@1@aut,,comb. et stat. nov.,,1.3,f,ophrys~grampinisurdi,orchidaceaeophrys~grampinisurdi,115,wfo-1200117884,,subspecies,valid,,,,Plant 14(1): 14 (2026),https://www.ipni.org/n/77376109-1,IPNI record: 77376109-1
urn:lsid:ipni.org:names:77376110-1,(Perilli & Biagioli) Z.H.Feng,Orchidaceae Ophrys × chettae Perilli & Biagioli,(Perilli & Biagioli),77220771-1,,,14(1): 14,,,,,,,,,,,,30/01/2026 08:12,05/02/2026 12:55,,,Orchidaceae,Ophrys × gumprechtii nothosubsp. chettae,Ophrys × gumprechtii nothosubsp. chettae,Ophrys,,t,f,,,,,chettae,,,,,,,,,,,,,,,,,,,,,,,null:,647923-1,Plant,urn:lsid:ipni.org:publications:20044785-1,2026,2026 [27 Jan 2026],[27 Jan 2026],Z.H.Feng,nothosubsp.,Plant 14(1): 14. 2026 [27 Jan 2026] ,,doi:10.11648/j.plant.20261401.11,,,11,gumprechtii,O.Danesch & E.Danesch,,f,t,,,,,,,Perilli@20029818-1@2@bas$Z.H.Feng@20048642-1@1@aut$Biagioli@20028212-1@3@bas,O.Danesch@0-0@1@aut$E.Danesch@0-0@2@aut,,comb. et stat. nov.,,1.3,f,ophrys~gumprechtiichettae,orchidaceaeophrys~gumprechtiichettae,116,wfo-1200117885,,subspecies,valid,,,,Plant 14(1): 14 (2026),https://www.ipni.org/n/77376110-1,IPNI record: 77376110-1
urn:lsid:ipni.org:names:77376111-1,(Bisceglia) Z.H.Feng,Orchidaceae Ophrys × lorenzoi Bisceglia,(Bisceglia),77333135-1,,,14(1): 14,,,,,,,,,,,,30/01/2026 08:13,05/02/2026 12:56,,,Orchidaceae,Ophrys × gumprechtii nothosubsp. lorenzoi,Ophrys × gumprechtii nothosubsp. lorenzoi,Ophrys,,t,f,,,,,lorenzoi,,,,,,,,,,,,,,,,,,,,,,,null:,647923-1,Plant,urn:lsid:ipni.org:publications:20044785-1,2026,2026 [27 Jan 2026],[27 Jan 2026],Z.H.Feng,nothosubsp.,Plant 14(1): 14. 2026 [27 Jan 2026] ,,doi:10.11648/j.plant.20261401.11,,,11,gumprechtii,O.Danesch & E.Danesch,,f,t,,,,,,,Z.H.Feng@20048642-1@1@aut$Bisceglia@20071431-1@2@bas,E.Danesch@0-0@2@aut$O.Danesch@0-0@1@aut,,comb. et stat. nov.,,1.3,f,ophrys~gumprechtiilorenzoi,orchidaceaeophrys~gumprechtiilorenzoi,117,wfo-1200117886,,subspecies,valid,,,,Plant 14(1): 14 (2026),https://www.ipni.org/n/77376111-1,IPNI record: 77376111-1
urn:lsid:ipni.org:names:77376112-1,"(Lumare, Medagli, Dura & Anelli) Z.H.Feng","Orchidaceae Ophrys × nardonei Lumare, Medagli, Dura & Anelli","(Lumare, Medagli, Dura & Anelli)",77203039-1,,,14(1): 14,,,,,,,,,,,,30/01/2026 08:15,05/02/2026 12:56,,,Orchidaceae,Ophrys × gumprechtii nothosubsp. nardonei,Ophrys × gumprechtii nothosubsp. nardonei,Ophrys,,t,f,,,,,nardonei,,,,,,,,,,,,,,,,,,,,,,,null:,647923-1,Plant,urn:lsid:ipni.org:publications:20044785-1,2026,2026 [27 Jan 2026],[27 Jan 2026],Z.H.Feng,nothosubsp.,Plant 14(1): 14. 2026 [27 Jan 2026] ,,doi:10.11648/j.plant.20261401.11,,,11,gumprechtii,O.Danesch & E.Danesch,,f,t,,,,,,,Anelli@20040756-1@5@bas$Medagli@34888-1@3@bas$Z.H.Feng@20048642-1@1@aut$Dura@20017600-1@4@bas$Lumare@20028213-1@2@bas,O.Danesch@0-0@1@aut$E.Danesch@0-0@2@aut,,comb. et stat. nov.,,1.3,f,ophrys~gumprechtiinardonei,orchidaceaeophrys~gumprechtiinardonei,118,wfo-1200117887,,subspecies,valid,,,,Plant 14(1): 14 (2026),https://www.ipni.org/n/77376112-1,IPNI record: 77376112-1
urn:lsid:ipni.org:names:77376113-1,(Silletti & Medagli) Z.H.Feng,Orchidaceae Ophrys × passalacquae Silletti & Medagli,(Silletti & Medagli),77327365-1,,,14(1): 14,,,,,,,,,,,,30/01/2026 08:16,05/02/2026 12:57,,,Orchidaceae,Ophrys × gumprechtii nothosubsp. passalacquae,Ophrys × gumprechtii nothosubsp. passalacquae,Ophrys,,t,f,,,,,passalacquae,,,,,,,,,,,,,,,,,,,,,,,null:,647923-1,Plant,urn:lsid:ipni.org:publications:20044785-1,2026,2026 [27 Jan 2026],[27 Jan 2026],Z.H.Feng,nothosubsp.,Plant 14(1): 14. 2026 [27 Jan 2026] ,,doi:10.11648/j.plant.20261401.11,,,11,gumprechtii,O.Danesch & E.Danesch,,f,t,,,,,,,Z.H.Feng@20048642-1@1@aut$Medagli@34888-1@3@bas$Silletti@20040611-1@2@bas,O.Danesch@0-0@1@aut$E.Danesch@0-0@2@aut,,comb. et stat. nov.,,1.3,f,ophrys~gumprechtiipassalacquae,orchidaceaeophrys~gumprechtiipassalacquae,119,wfo-1200117888,,subspecies,valid,,,,Plant 14(1): 14 (2026),https://www.ipni.org/n/77376113-1,IPNI record: 77376113-1
urn:lsid:ipni.org:names:77376114-1,"(Angradi, Simonc., Bocchini & Barch.) Z.H.Feng","Orchidaceae Ophrys × benignii Angradi, Simonc., Bocchini & Barch.","(Angradi, Simonc., Bocchini & Barch.)",77363720-1,,,14(1): 14,,,,,,,,,,,,30/01/2026 08:22,05/02/2026 13:15,,,Orchidaceae,Ophrys holosericea nothosubsp. benignii,Ophrys holosericea nothosubsp. benignii,Ophrys,,t,f,,,,,benignii,,,,,,,,,,,,,,,,,,,,,,,null:,647934-1,Plant,urn:lsid:ipni.org:publications:20044785-1,2026,2026 [27 Jan 2026],[27 Jan 2026],Z.H.Feng,nothosubsp.,Plant 14(1): 14. 2026 [27 Jan 2026] ,,doi:10.11648/j.plant.20261401.11,,,11,holosericea,(Burm.f.) Greuter,,f,t,,,,,,,Barch.@20088972-1@5@bas$Angradi@20088970-1@2@bas$Bocchini@20080329-1@4@bas$Z.H.Feng@20048642-1@1@aut$Simonc.@20088971-1@3@bas,Greuter@0-0@1@aut$Burm.f.@0-0@2@bas,,comb. et stat. nov.,,1.3,f,ophrys~holosericeabenignii,orchidaceaeophrys~holosericeabenignii,120,wfo-1200117889,,subspecies,valid,,,,Plant 14(1): 14 (2026),https://www.ipni.org/n/77376114-1,IPNI record: 77376114-1
urn:lsid:ipni.org:names:77376115-1,(Soca) Z.H.Feng,Orchidaceae Ophrys × bibbiensis Soca,(Soca),1017204-1,,,14(1): 15,,,,,,,,,,,,30/01/2026 08:23,05/02/2026 13:16,,,Orchidaceae,Ophrys holosericea nothosubsp. bibbiensis,Ophrys holosericea nothosubsp. bibbiensis,Ophrys,,t,f,,,,,bibbiensis,,,,,,,,,,,,,,,,,,,,,,,null:,647934-1,Plant,urn:lsid:ipni.org:publications:20044785-1,2026,2026 [27 Jan 2026],[27 Jan 2026],Z.H.Feng,nothosubsp.,Plant 14(1): 15. 2026 [27 Jan 2026] ,,doi:10.11648/j.plant.20261401.11,,,11,holosericea,(Burm.f.) Greuter,,f,t,,,,,,,Soca@37067-1@2@bas$Z.H.Feng@20048642-1@1@aut,Greuter@0-0@1@aut$Burm.f.@0-0@2@bas,,comb. et stat. nov.,,1.3,f,ophrys~holosericeabibbiensis,orchidaceaeophrys~holosericeabibbiensis,121,wfo-1200117890,,subspecies,valid,,,,Plant 14(1): 15 (2026),https://www.ipni.org/n/77376115-1,IPNI record: 77376115-1
urn:lsid:ipni.org:names:77376116-1,(O.Danesch & E.Danesch) Z.H.Feng,Orchidaceae Ophrys × caliandri O.Danesch & E.Danesch,(O.Danesch & E.Danesch),647815-1,,,14(1): 15,,,,,,,,,,,,30/01/2026 08:25,05/02/2026 13:32,,,Orchidaceae,Ophrys holosericea nothosubsp. caliandri,Ophrys holosericea nothosubsp. caliandri,Ophrys,,t,f,,,,,caliandri,,,,,,,,,,,,,,,,,,,,,,,null:,647934-1,Plant,urn:lsid:ipni.org:publications:20044785-1,2026,2026 [27 Jan 2026],[27 Jan 2026],Z.H.Feng,nothosubsp.,Plant 14(1): 15. 2026 [27 Jan 2026] ,,doi:10.11648/j.plant.20261401.11,,,11,holosericea,(Burm.f.) Greuter,,f,t,,,,,,,E.Danesch@1981-1@3@bas$Z.H.Feng@20048642-1@1@aut$O.Danesch@1982-1@2@bas,Burm.f.@0-0@2@bas$Greuter@0-0@1@aut,,comb. et stat. nov.,,1.3,f,ophrys~holosericeacaliandri,orchidaceaeophrys~holosericeacaliandri,122,wfo-1200117891,,subspecies,valid,,,,Plant 14(1): 15 (2026),https://www.ipni.org/n/77376116-1,IPNI record: 77376116-1
urn:lsid:ipni.org:names:77376117-1,(Soca) Z.H.Feng,Orchidaceae Ophrys × campoi Soca,(Soca),1018100-1,,,14(1): 15,,,,,,,,,,,,30/01/2026 08:29,05/02/2026 13:33,,,Orchidaceae,Ophrys holosericea nothosubsp. campoi,Ophrys holosericea nothosubsp. campoi,Ophrys,,t,f,,,,,campoi,,,,,,,,,,,,,,,,,,,,,,,null:,647934-1,Plant,urn:lsid:ipni.org:publications:20044785-1,2026,2026 [27 Jan 2026],[27 Jan 2026],Z.H.Feng,nothosubsp.,Plant 14(1): 15. 2026 [27 Jan 2026] ,,doi:10.11648/j.plant.20261401.11,,,11,holosericea,(Burm.f.) Greuter,,f,t,,,,,,,Soca@37067-1@2@bas$Z.H.Feng@20048642-1@1@aut,Greuter@0-0@1@aut$Burm.f.@0-0@2@bas,,comb. et stat. nov.,,1.3,f,ophrys~holosericeacampoi,orchidaceaeophrys~holosericeacampoi,123,wfo-1200117892,,subspecies,valid,,,,Plant 14(1): 15 (2026),https://www.ipni.org/n/77376117-1,IPNI record: 77376117-1
urn:lsid:ipni.org:names:77376118-1,(P.Delforge) Z.H.Feng,Orchidaceae Ophrys × delargeana P.Delforge,(P.Delforge),973003-1,,,14(1): 15,,,,,,,,,,,,30/01/2026 08:30,05/02/2026 13:36,,,Orchidaceae,Ophrys holosericea nothosubsp. delargeana,Ophrys holosericea nothosubsp. delargeana,Ophrys,,t,f,,,,,delargeana,,,,,,,,,,,,,,,,,,,,,,,null:,647934-1,Plant,urn:lsid:ipni.org:publications:20044785-1,2026,2026 [27 Jan 2026],[27 Jan 2026],Z.H.Feng,nothosubsp.,Plant 14(1): 15. 2026 [27 Jan 2026] ,,doi:10.11648/j.plant.20261401.11,,,11,holosericea,(Burm.f.) Greuter,,f,t,,,,,,,P.Delforge@17903-1@2@bas$Z.H.Feng@20048642-1@1@aut,Burm.f.@0-0@2@bas$Greuter@0-0@1@aut,,comb. et stat. nov.,,1.3,f,ophrys~holosericeadelargeana,orchidaceaeophrys~holosericeadelargeana,124,wfo-1200117893,,subspecies,valid,,,,Plant 14(1): 15 (2026),https://www.ipni.org/n/77376118-1,IPNI record: 77376118-1
urn:lsid:ipni.org:names:77376119-1,(Perilli) Z.H.Feng,Orchidaceae Ophrys × fajarama Perilli,(Perilli),77153415-1,,,14(1): 15,,,,,,,,,,,,30/01/2026 08:31,05/02/2026 13:37,,,Orchidaceae,Ophrys holosericea nothosubsp. fajarama,Ophrys holosericea nothosubsp. fajarama,Ophrys,,t,f,,,,,fajarama,,,,,,,,,,,,,,,,,,,,,,,null:,647934-1,Plant,urn:lsid:ipni.org:publications:20044785-1,2026,2026 [27 Jan 2026],[27 Jan 2026],Z.H.Feng,nothosubsp.,Plant 14(1): 15. 2026 [27 Jan 2026] ,,doi:10.11648/j.plant.20261401.11,,,11,holosericea,(Burm.f.) Greuter,,f,t,,,,,,,Z.H.Feng@20048642-1@1@aut$Perilli@20029818-1@2@bas,Burm.f.@0-0@2@bas$Greuter@0-0@1@aut,,comb. et stat. nov.,,1.3,f,ophrys~holosericeafajarama,orchidaceaeophrys~holosericeafajarama,125,wfo-1200117894,,subspecies,valid,,,,Plant 14(1): 15 (2026),https://www.ipni.org/n/77376119-1,IPNI record: 77376119-1
urn:lsid:ipni.org:names:77376120-1,"(Benigni, Barigelli, Petroselli & Bocchini) Z.H.Feng","Orchidaceae Ophrys × mandozzii Benigni, Barigelli, Petroselli & Bocchini","(Benigni, Barigelli, Petroselli & Bocchini)",77363719-1,,,14(1): 15,,,,,,,,,,,,30/01/2026 08:32,05/02/2026 13:37,,,Orchidaceae,Ophrys holosericea nothosubsp. mandozzii,Ophrys holosericea nothosubsp. mandozzii,Ophrys,,t,f,,,,,mandozzii,,,,,,,,,,,,,,,,,,,,,,,null:,647934-1,Plant,urn:lsid:ipni.org:publications:20044785-1,2026,2026 [27 Jan 2026],[27 Jan 2026],Z.H.Feng,nothosubsp.,Plant 14(1): 15. 2026 [27 Jan 2026] ,,doi:10.11648/j.plant.20261401.11,,,11,holosericea,(Burm.f.) Greuter,,f,t,,,,,,,Bocchini@20080329-1@5@bas$Barigelli@20043194-1@3@bas$Benigni@20043193-1@2@bas$Z.H.Feng@20048642-1@1@aut$Petroselli@20043195-1@4@bas,Burm.f.@0-0@2@bas$Greuter@0-0@1@aut,,comb. et stat. nov.,,1.3,f,ophrys~holosericeamandozzii,orchidaceaeophrys~holosericeamandozzii,126,wfo-1200117895,,subspecies,valid,,,,Plant 14(1): 15 (2026),https://www.ipni.org/n/77376120-1,IPNI record: 77376120-1
urn:lsid:ipni.org:names:77376121-1,(H.Baumann & Künkele) Z.H.Feng,Orchidaceae Ophrys × necropolitana H.Baumann & Künkele,(H.Baumann & Künkele),930191-1,,,14(1): 15,,,,,,,,,,,,30/01/2026 08:34,05/02/2026 13:38,,,Orchidaceae,Ophrys holosericea nothosubsp. necropolitana,Ophrys holosericea nothosubsp. necropolitana,Ophrys,,t,f,,,,,necropolitana,,,,,,,,,,,,,,,,,,,,,,,null:,647934-1,Plant,urn:lsid:ipni.org:publications:20044785-1,2026,2026 [27 Jan 2026],[27 Jan 2026],Z.H.Feng,nothosubsp.,Plant 14(1): 15. 2026 [27 Jan 2026] ,,doi:10.11648/j.plant.20261401.11,,,11,holosericea,(Burm.f.) Greuter,,f,t,,,,,,,H.Baumann@14601-1@2@bas$Z.H.Feng@20048642-1@1@aut$Künkele@14783-1@3@bas,Burm.f.@0-0@2@bas$Greuter@0-0@1@aut,,comb. et stat. nov.,,1.3,f,ophrys~holosericeanecropolitana,orchidaceaeophrys~holosericeanecropolitana,127,wfo-1200117896,,subspecies,valid,,,,Plant 14(1): 15 (2026),https://www.ipni.org/n/77376121-1,IPNI record: 77376121-1
urn:lsid:ipni.org:names:77376122-1,(H.Baumann & Künkele) Z.H.Feng,Orchidaceae Ophrys cosentiana  nothosubsp. nociana H.Baumann & Künkele,(H.Baumann & Künkele),949206-1,,,14(1): 15,,,,,,,,,,,,30/01/2026 08:35,05/02/2026 13:39,,,Orchidaceae,Ophrys holosericea nothosubsp. nociana,Ophrys holosericea nothosubsp. nociana,Ophrys,,t,f,,,,,nociana,,,,,,,,,,,,,,,,,,,,,,,null:,647934-1,Plant,urn:lsid:ipni.org:publications:20044785-1,2026,2026 [27 Jan 2026],[27 Jan 2026],Z.H.Feng,nothosubsp.,Plant 14(1): 15. 2026 [27 Jan 2026] ,,doi:10.11648/j.plant.20261401.11,,,11,holosericea,(Burm.f.) Greuter,,f,t,,,,,,,H.Baumann@14601-1@2@bas$Z.H.Feng@20048642-1@1@aut$Künkele@14783-1@3@bas,Greuter@0-0@1@aut$Burm.f.@0-0@2@bas,,comb. nov.,,1.3,f,ophrys~holosericeanociana,orchidaceaeophrys~holosericeanociana,128,wfo-1200117897,,subspecies,valid,,,,Plant 14(1): 15 (2026),https://www.ipni.org/n/77376122-1,IPNI record: 77376122-1
urn:lsid:ipni.org:names:77376123-1,(Soca) Z.H.Feng,Orchidaceae Ophrys × pescocanalei Soca,(Soca),77144700-1,,,14(1): 15,,,,,,,,,,,,30/01/2026 08:37,05/02/2026 13:39,,,Orchidaceae,Ophrys holosericea nothosubsp. pescocanalei,Ophrys holosericea nothosubsp. pescocanalei,Ophrys,,t,f,,,,,pescocanalei,,,,,,,,,,,,,,,,,,,,,,,null:,647934-1,Plant,urn:lsid:ipni.org:publications:20044785-1,2026,2026 [27 Jan 2026],[27 Jan 2026],Z.H.Feng,nothosubsp.,Plant 14(1): 15. 2026 [27 Jan 2026] ,,doi:10.11648/j.plant.20261401.11,,,11,holosericea,(Burm.f.) Greuter,,f,t,,,,,,,Soca@37067-1@2@bas$Z.H.Feng@20048642-1@1@aut,Greuter@0-0@1@aut$Burm.f.@0-0@2@bas,,comb. et stat. nov.,,1.3,f,ophrys~holosericeapescocanalei,orchidaceaeophrys~holosericeapescocanalei,129,wfo-1200117898,,subspecies,valid,,,,Plant 14(1): 15 (2026),https://www.ipni.org/n/77376123-1,IPNI record: 77376123-1
urn:lsid:ipni.org:names:77376124-1,(H.Baumann & Künkele) Z.H.Feng,Orchidaceae Ophrys × pugliana H.Baumann & Künkele,(H.Baumann & Künkele),930203-1,,,14(1): 15,,,,,,,,,,,,30/01/2026 08:38,05/02/2026 13:40,,,Orchidaceae,Ophrys holosericea nothosubsp. pugliana,Ophrys holosericea nothosubsp. pugliana,Ophrys,,t,f,,,,,pugliana,,,,,,,,,,,,,,,,,,,,,,,null:,647934-1,Plant,urn:lsid:ipni.org:publications:20044785-1,2026,2026 [27 Jan 2026],[27 Jan 2026],Z.H.Feng,nothosubsp.,Plant 14(1): 15. 2026 [27 Jan 2026] ,,doi:10.11648/j.plant.20261401.11,,,11,holosericea,(Burm.f.) Greuter,,f,t,,,,,,,H.Baumann@14601-1@2@bas$Künkele@14783-1@3@bas$Z.H.Feng@20048642-1@1@aut,Burm.f.@0-0@2@bas$Greuter@0-0@1@aut,,comb. et stat. nov.,,1.3,f,ophrys~holosericeapugliana,orchidaceaeophrys~holosericeapugliana,130,wfo-1200117899,,subspecies,valid,,,,Plant 14(1): 15 (2026),https://www.ipni.org/n/77376124-1,IPNI record: 77376124-1
urn:lsid:ipni.org:names:77376125-1,"(Gennaio, M.Gargiulo, Medagli & Chetta) Z.H.Feng","Orchidaceae Ophrys × sivana H.Baumann & Künkele nothosubsp. renatafonteae Gennaio, M.Gargiulo, Medagli & Chetta","(Gennaio, M.Gargiulo, Medagli & Chetta)",77159499-1,,,14(1): 15,,,,,,,,,,,,30/01/2026 08:40,05/02/2026 13:41,,,Orchidaceae,Ophrys holosericea nothosubsp. renatafonteae,Ophrys holosericea nothosubsp. renatafonteae,Ophrys,,t,f,,,,,renatafonteae,,,,,,,,,,,,,,,,,,,,,,,null:,647934-1,Plant,urn:lsid:ipni.org:publications:20044785-1,2026,2026 [27 Jan 2026],[27 Jan 2026],Z.H.Feng,nothosubsp.,Plant 14(1): 15. 2026 [27 Jan 2026] ,,doi:10.11648/j.plant.20261401.11,,,11,holosericea,(Burm.f.) Greuter,,f,t,,,,,,,Chetta@20031179-1@5@bas$Gennaio@20015393-1@2@bas$Z.H.Feng@20048642-1@1@aut$M.Gargiulo@20033572-1@3@bas$Medagli@34888-1@4@bas,Burm.f.@0-0@2@bas$Greuter@0-0@1@aut,,comb. nov.,,1.3,f,ophrys~holosericearenatafonteae,orchidaceaeophrys~holosericearenatafonteae,131,wfo-1200117900,,subspecies,valid,,,,Plant 14(1): 15 (2026),https://www.ipni.org/n/77376125-1,IPNI record: 77376125-1
urn:lsid:ipni.org:names:77376126-1,(H.Baumann & Künkele) Z.H.Feng,Orchidaceae Ophrys × sivana H.Baumann & Künkele,(H.Baumann & Künkele),77243602-1,,,14(1): 15,,,,,,,,,,,,30/01/2026 08:41,05/02/2026 13:42,,,Orchidaceae,Ophrys holosericea nothosubsp. sivana,Ophrys holosericea nothosubsp. sivana,Ophrys,,t,f,,,,,sivana,,,,,,,,,,,,,,,,fam. orchidaceae gen. ophrys spec. sivana,,,,,,,null:,647934-1,Plant,urn:lsid:ipni.org:publications:20044785-1,2026,2026 [27 Jan 2026],[27 Jan 2026],Z.H.Feng,nothosubsp.,Plant 14(1): 15. 2026 [27 Jan 2026] ,,doi:10.11648/j.plant.20261401.11,,,11,holosericea,(Burm.f.) Greuter,,f,t,,,,,,,Künkele@14783-1@3@bas$Z.H.Feng@20048642-1@1@aut$H.Baumann@14601-1@2@bas,Burm.f.@0-0@2@bas$Greuter@0-0@1@aut,,comb. et stat. nov.,,1.3,f,ophrys~holosericeasivana,orchidaceaeophrys~holosericeasivana,132,wfo-1200117901,,subspecies,valid,,,,Plant 14(1): 15 (2026),https://www.ipni.org/n/77376126-1,IPNI record: 77376126-1
urn:lsid:ipni.org:names:77376127-1,(D'Alonzo & Perilli) Z.H.Feng,Orchidaceae Ophrys × delargeana P.Delforge nothosubsp. staraleana D'Alonzo & Perilli,(D'Alonzo & Perilli),77157053-1,,,14(1): 15,,,,,,,,,,,,30/01/2026 08:42,05/02/2026 13:42,,,Orchidaceae,Ophrys holosericea nothosubsp. staraleana,Ophrys holosericea nothosubsp. staraleana,Ophrys,,t,f,,,,,staraleana,,,,,,,,,,,,,,,,,,,,,,,null:,647934-1,Plant,urn:lsid:ipni.org:publications:20044785-1,2026,2026 [27 Jan 2026],[27 Jan 2026],Z.H.Feng,nothosubsp.,Plant 14(1): 15. 2026 [27 Jan 2026] ,,doi:10.11648/j.plant.20261401.11,,,11,holosericea,(Burm.f.) Greuter,,f,t,,,,,,,D'Alonzo@20027056-1@2@bas$Z.H.Feng@20048642-1@1@aut$Perilli@20029818-1@3@bas,Greuter@0-0@1@aut$Burm.f.@0-0@2@bas,,comb. nov.,,1.3,f,ophrys~holosericeastaraleana,orchidaceaeophrys~holosericeastaraleana,133,wfo-1200117902,,subspecies,valid,,,,Plant 14(1): 15 (2026),https://www.ipni.org/n/77376127-1,IPNI record: 77376127-1
urn:lsid:ipni.org:names:77376128-1,(O.Danesch & E.Danesch) Z.H.Feng,Orchidaceae Ophrys × valdevariabilis O.Danesch & E.Danesch,(O.Danesch & E.Danesch),648165-1,,,14(1): 15,,,,,,,,,,,,30/01/2026 08:44,05/02/2026 13:43,,,Orchidaceae,Ophrys holosericea nothosubsp. valdevariabilis,Ophrys holosericea nothosubsp. valdevariabilis,Ophrys,,t,f,,,,,valdevariabilis,,,,,,,,,,,,,,,,,,,,,,,null:,647934-1,Plant,urn:lsid:ipni.org:publications:20044785-1,2026,2026 [27 Jan 2026],[27 Jan 2026],Z.H.Feng,nothosubsp.,Plant 14(1): 15. 2026 [27 Jan 2026] ,,doi:10.11648/j.plant.20261401.11,,,11,holosericea,(Burm.f.) Greuter,,f,t,,,,,,,O.Danesch@1982-1@2@bas$Z.H.Feng@20048642-1@1@aut$E.Danesch@1981-1@3@bas,Greuter@0-0@1@aut$Burm.f.@0-0@2@bas,,comb. et stat. nov.,,1.3,f,ophrys~holosericeavaldevariabilis,orchidaceaeophrys~holosericeavaldevariabilis,134,wfo-1200117903,,subspecies,valid,,,,Plant 14(1): 15 (2026),https://www.ipni.org/n/77376128-1,IPNI record: 77376128-1
urn:lsid:ipni.org:names:77376129-1,"(Angradi, Simonc. & Benigni) Z.H.Feng","Orchidaceae Ophrys × vilanensis Angradi, Simonc. & Benigni","(Angradi, Simonc. & Benigni)",77363722-1,,,14(1): 15,,,,,,,,,,,,30/01/2026 08:45,05/02/2026 13:44,,,Orchidaceae,Ophrys holosericea nothosubsp. vilanensis,Ophrys holosericea nothosubsp. vilanensis,Ophrys,,t,f,,,,,vilanensis,,,,,,,,,,,,,,,,,,,,,,,null:,647934-1,Plant,urn:lsid:ipni.org:publications:20044785-1,2026,2026 [27 Jan 2026],[27 Jan 2026],Z.H.Feng,nothosubsp.,Plant 14(1): 15. 2026 [27 Jan 2026] ,,doi:10.11648/j.plant.20261401.11,,,11,holosericea,(Burm.f.) Greuter,,f,t,,,,,,,Simonc.@20088971-1@3@bas$Benigni@20043193-1@4@bas$Angradi@20088970-1@2@bas$Z.H.Feng@20048642-1@1@aut,Greuter@0-0@1@aut$Burm.f.@0-0@2@bas,,comb. et stat. nov.,,1.3,f,ophrys~holosericeavilanensis,orchidaceaeophrys~holosericeavilanensis,135,wfo-1200117904,,subspecies,valid,,,,Plant 14(1): 15 (2026),https://www.ipni.org/n/77376129-1,IPNI record: 77376129-1
urn:lsid:ipni.org:names:77376130-1,(P.Delforge) Z.H.Feng,Orchidaceae Ophrys × deheyniana P.Delforge,(P.Delforge),1003623-1,,,14(1): 15,,,,,,,,,,,,30/01/2026 08:49,05/02/2026 13:45,,,Orchidaceae,Ophrys × inceburumensis nothosubsp. deheyniana,Ophrys × inceburumensis nothosubsp. deheyniana,Ophrys,,t,f,,,,,deheyniana,,,,,,,,,,,,,,,,,,,,,,,null:,961082-1,Plant,urn:lsid:ipni.org:publications:20044785-1,2026,2026 [27 Jan 2026],[27 Jan 2026],Z.H.Feng,nothosubsp.,Plant 14(1): 15. 2026 [27 Jan 2026] ,,doi:10.11648/j.plant.20261401.11,,,11,inceburumensis,Kreutz,,f,t,,,,,,,P.Delforge@17903-1@2@bas$Z.H.Feng@20048642-1@1@aut,Kreutz@0-0@1@aut,,comb. et stat. nov.,,1.3,f,ophrys~inceburumensisdeheyniana,orchidaceaeophrys~inceburumensisdeheyniana,136,wfo-1200117905,,subspecies,valid,,,,Plant 14(1): 15 (2026),https://www.ipni.org/n/77376130-1,IPNI record: 77376130-1
urn:lsid:ipni.org:names:77376131-1,(S.Serafino) Z.H.Feng,Orchidaceae Ophrys × alariensis S.Serafino,(S.Serafino),77355260-1,,,14(1): 15,,,,,,,,,,,,30/01/2026 08:50,05/02/2026 14:04,,,Orchidaceae,Ophrys × laconensis nothosubsp. alariensis,Ophrys × laconensis nothosubsp. alariensis,Ophrys,,t,f,,,,,alariensis,,,,,,,,,,,,,,,,,,,,,,,null:,904780-1,Plant,urn:lsid:ipni.org:publications:20044785-1,2026,2026 [27 Jan 2026],[27 Jan 2026],Z.H.Feng,nothosubsp.,Plant 14(1): 15. 2026 [27 Jan 2026] ,,doi:10.11648/j.plant.20261401.11,,,11,laconensis,Scrugli & M.P.Grasso,,f,t,,,,,,,Z.H.Feng@20048642-1@1@aut$S.Serafino@20040768-1@2@bas,M.P.Grasso@0-0@2@aut$Scrugli@0-0@1@aut,,comb. et stat. nov.,,1.3,f,ophrys~laconensisalariensis,orchidaceaeophrys~laconensisalariensis,137,wfo-1200117906,,subspecies,valid,,,,Plant 14(1): 15 (2026),https://www.ipni.org/n/77376131-1,IPNI record: 77376131-1
urn:lsid:ipni.org:names:77376132-1,"(Lumare, Medagli & Anelli) Z.H.Feng","Orchidaceae Ophrys × lattanziae Lumare, Medagli & Anelli","(Lumare, Medagli & Anelli)",77212564-1,,,14(1): 15,,,,,,,,,,,,30/01/2026 08:52,05/02/2026 14:05,,,Orchidaceae,Ophrys × laconensis nothosubsp. lattanziae,Ophrys × laconensis nothosubsp. lattanziae,Ophrys,,t,f,,,,,lattanziae,,,,,,,,,,,,,,,,,,,,,,,null:,904780-1,Plant,urn:lsid:ipni.org:publications:20044785-1,2026,2026 [27 Jan 2026],[27 Jan 2026],Z.H.Feng,nothosubsp.,Plant 14(1): 15. 2026 [27 Jan 2026] ,,doi:10.11648/j.plant.20261401.11,,,11,laconensis,Scrugli & M.P.Grasso,,f,t,,,,,,,Z.H.Feng@20048642-1@1@aut$Anelli@20040756-1@4@bas$Lumare@20028213-1@2@bas$Medagli@34888-1@3@bas,Scrugli@0-0@1@aut$M.P.Grasso@0-0@2@aut,,comb. et stat. nov.,,1.3,f,ophrys~laconensislattanziae,orchidaceaeophrys~laconensislattanziae,138,wfo-1200117907,,subspecies,valid,,,,Plant 14(1): 15 (2026),https://www.ipni.org/n/77376132-1,IPNI record: 77376132-1
urn:lsid:ipni.org:names:77376133-1,(S.Serafino) Z.H.Feng,Orchidaceae Ophrys × sancti-ligorii S.Serafino,(S.Serafino),77310694-1,,,14(1): 15,,,,,,,,,,,,30/01/2026 08:53,05/02/2026 14:05,,,Orchidaceae,Ophrys × laconensis nothosubsp. sancti-ligorii,Ophrys × laconensis nothosubsp. sancti-ligorii,Ophrys,,t,f,,,,,sancti-ligorii,,,,,,,,,,,,,,,,,,,,,,,null:,904780-1,Plant,urn:lsid:ipni.org:publications:20044785-1,2026,2026 [27 Jan 2026],[27 Jan 2026],Z.H.Feng,nothosubsp.,Plant 14(1): 15. 2026 [27 Jan 2026] ,,doi:10.11648/j.plant.20261401.11,,,11,laconensis,Scrugli & M.P.Grasso,,f,t,,,,,,,S.Serafino@20040768-1@2@bas$Z.H.Feng@20048642-1@1@aut,M.P.Grasso@0-0@2@aut$Scrugli@0-0@1@aut,,comb. et stat. nov.,,1.3,f,ophrys~laconensissancti-ligorii,orchidaceaeophrys~laconensissancti-ligorii,139,wfo-1200117908,,subspecies,valid,,,,Plant 14(1): 15 (2026),https://www.ipni.org/n/77376133-1,IPNI record: 77376133-1
urn:lsid:ipni.org:names:77376134-1,(J.-M.Lewin) Z.H.Feng,Orchidaceae Ophrys × corvey-bironii J.-M.Lewin,(J.-M.Lewin),1012821-1,,,14(1): 15,,,,,,,,,,,,30/01/2026 09:03,05/02/2026 14:06,,,Orchidaceae,Ophrys luizetii nothosubsp. corvey-bironii,Ophrys luizetii nothosubsp. corvey-bironii,Ophrys,,t,f,,,,,corvey-bironii,,,,,,,,,,,,,,,,,,,,,,,null:,647974-1,Plant,urn:lsid:ipni.org:publications:20044785-1,2026,2026 [27 Jan 2026],[27 Jan 2026],Z.H.Feng,nothosubsp.,Plant 14(1): 15. 2026 [27 Jan 2026] ,,doi:10.11648/j.plant.20261401.11,,,11,luizetii,E.G.Camus,,f,t,,,,,,,J.-M.Lewin@38658-1@2@bas$Z.H.Feng@20048642-1@1@aut,E.G.Camus@0-0@1@aut,,comb. et stat. nov.,,1.3,f,ophrys~luizetiicorvey-bironii,orchidaceaeophrys~luizetiicorvey-bironii,140,wfo-1200117909,,subspecies,valid,,,,Plant 14(1): 15 (2026),https://www.ipni.org/n/77376134-1,IPNI record: 77376134-1
urn:lsid:ipni.org:names:77376135-1,(Sardu) Z.H.Feng,Orchidaceae Ophrys × sandrae Sardu,(Sardu),77196001-1,,,14(1): 16,,,,,,,,,,,,30/01/2026 09:11,05/02/2026 14:07,,,Orchidaceae,Ophrys luizetii nothosubsp. sandrae,Ophrys luizetii nothosubsp. sandrae,Ophrys,,t,f,,,,,sandrae,,,,,,,,,,,,,,,,,,,,,,,null:,647974-1,Plant,urn:lsid:ipni.org:publications:20044785-1,2026,2026 [27 Jan 2026],[27 Jan 2026],Z.H.Feng,nothosubsp.,Plant 14(1): 16. 2026 [27 Jan 2026] ,,doi:10.11648/j.plant.20261401.11,,,9,luizetii,E.G.Camus,,f,t,,,,,,,Z.H.Feng@20048642-1@1@aut$Sardu@0-0@2@bas,E.G.Camus@0-0@1@aut,,comb. et stat. nov.,,1.3,f,ophrys~luizetiisandrae,orchidaceaeophrys~luizetiisandrae,141,wfo-1200117910,,subspecies,valid,,,,Plant 14(1): 16 (2026),https://www.ipni.org/n/77376135-1,IPNI record: 77376135-1
urn:lsid:ipni.org:names:77376136-1,"(Ferrández, Benito & C.E.Hermos.) Z.H.Feng","Orchidaceae Ophrys × armentariae Ferrández, Benito & C.E.Hermos.","(Ferrández, Benito & C.E.Hermos.)",77198398-1,,,14(1): 16,,,,,,,,,,,,30/01/2026 09:13,05/02/2026 14:54,,,Orchidaceae,Ophrys macchiatii nothosubsp. armentariae,Ophrys macchiatii nothosubsp. armentariae,Ophrys,,t,f,,,,,armentariae,,,,,,,,,,,,,,,,,,,,,,,null:,647982-1,Plant,urn:lsid:ipni.org:publications:20044785-1,2026,2026 [27 Jan 2026],[27 Jan 2026],Z.H.Feng,nothosubsp.,Plant 14(1): 16. 2026 [27 Jan 2026] ,,doi:10.11648/j.plant.20261401.11,,,11,macchiatii,E.G.Camus,,f,t,,,,,,,Z.H.Feng@20048642-1@1@aut$Benito@38628-1@3@bas$Ferrández@38162-1@2@bas$C.E.Hermos.@38368-1@4@bas,E.G.Camus@0-0@1@aut,,comb. et stat. nov.,,1.3,f,ophrys~macchiatiiarmentariae,orchidaceaeophrys~macchiatiiarmentariae,142,wfo-1200117911,,subspecies,valid,,,,Plant 14(1): 16 (2026),https://www.ipni.org/n/77376136-1,IPNI record: 77376136-1
urn:lsid:ipni.org:names:77376137-1,(Romolini & Soca) Z.H.Feng,Orchidaceae Ophrys × barsellae Romolini & Soca,(Romolini & Soca),77353864-1,,,14(1): 16,,,,,,,,,,,,30/01/2026 09:14,05/02/2026 14:54,,,Orchidaceae,Ophrys macchiatii nothosubsp. barsellae,Ophrys macchiatii nothosubsp. barsellae,Ophrys,,t,f,,,,,barsellae,,,,,,,,,,,,,,,,,,,,,,,null:,647982-1,Plant,urn:lsid:ipni.org:publications:20044785-1,2026,2026 [27 Jan 2026],[27 Jan 2026],Z.H.Feng,nothosubsp.,Plant 14(1): 16. 2026 [27 Jan 2026] ,,doi:10.11648/j.plant.20261401.11,,,11,macchiatii,E.G.Camus,,f,t,,,,,,,Z.H.Feng@20048642-1@1@aut$Romolini@39542-1@2@bas$Soca@37067-1@3@bas,E.G.Camus@0-0@1@aut,,comb. et stat. nov.,,1.3,f,ophrys~macchiatiibarsellae,orchidaceaeophrys~macchiatiibarsellae,143,wfo-1200117912,,subspecies,valid,,,,Plant 14(1): 16 (2026),https://www.ipni.org/n/77376137-1,IPNI record: 77376137-1
urn:lsid:ipni.org:names:77376138-1,(P.Delforge) Z.H.Feng,Orchidaceae Ophrys × garnierae P.Delforge,(P.Delforge),902651-1,,,14(1): 16,,,,,,,,,,,,30/01/2026 09:15,05/02/2026 14:55,,,Orchidaceae,Ophrys macchiatii nothosubsp. garnierae,Ophrys macchiatii nothosubsp. garnierae,Ophrys,,t,f,,,,,garnierae,,,,,,,,,,,,,,,,,,,,,,,null:,647982-1,Plant,urn:lsid:ipni.org:publications:20044785-1,2026,2026 [27 Jan 2026],[27 Jan 2026],Z.H.Feng,nothosubsp.,Plant 14(1): 16. 2026 [27 Jan 2026] ,,doi:10.11648/j.plant.20261401.11,,,11,macchiatii,E.G.Camus,,f,t,,,,,,,Z.H.Feng@20048642-1@1@aut$P.Delforge@17903-1@2@bas,E.G.Camus@0-0@1@aut,,comb. et stat. nov.,,1.3,f,ophrys~macchiatiigarnierae,orchidaceaeophrys~macchiatiigarnierae,144,wfo-1200117913,,subspecies,valid,,,,Plant 14(1): 16 (2026),https://www.ipni.org/n/77376138-1,IPNI record: 77376138-1
urn:lsid:ipni.org:names:77376139-1,(H.Baumann & Künkele) Z.H.Feng,Orchidaceae Ophrys × lydia H.Baumann & Künkele,(H.Baumann & Künkele),930215-1,,,14(1): 16,,,,,,,,,,,,30/01/2026 09:17,05/02/2026 14:56,,,Orchidaceae,Ophrys macchiatii nothosubsp. lydia,Ophrys macchiatii nothosubsp. lydia,Ophrys,,t,f,,,,,lydia,,,,,,,,,,,,,,,,,,,,,,,null:,647982-1,Plant,urn:lsid:ipni.org:publications:20044785-1,2026,2026 [27 Jan 2026],[27 Jan 2026],Z.H.Feng,nothosubsp.,Plant 14(1): 16. 2026 [27 Jan 2026] ,,doi:10.11648/j.plant.20261401.11,,,11,macchiatii,E.G.Camus,,f,t,,,,,,,Künkele@14783-1@3@bas$H.Baumann@14601-1@2@bas$Z.H.Feng@20048642-1@1@aut,E.G.Camus@0-0@1@aut,,comb. et stat. nov.,,1.3,f,ophrys~macchiatiilydia,orchidaceaeophrys~macchiatiilydia,145,wfo-1200117914,,subspecies,valid,,,,Plant 14(1): 16 (2026),https://www.ipni.org/n/77376139-1,IPNI record: 77376139-1
urn:lsid:ipni.org:names:77376140-1,(Bartolo & Pulv.) Z.H.Feng,Orchidaceae Ophrys × arciensis Bartolo & Pulv.,(Bartolo & Pulv.),1004139-1,,,14(1): 16,,,,,,,,,,,,30/01/2026 09:18,05/02/2026 14:56,,,Orchidaceae,Ophrys × maremmae nothosubsp. arciensis,Ophrys × maremmae nothosubsp. arciensis,Ophrys,,t,f,,,,,arciensis,,,,,,,,,,,,,,,,,,,,,,,null:,647988-1,Plant,urn:lsid:ipni.org:publications:20044785-1,2026,2026 [27 Jan 2026],[27 Jan 2026],Z.H.Feng,nothosubsp.,Plant 14(1): 16. 2026 [27 Jan 2026] ,,doi:10.11648/j.plant.20261401.11,,,11,maremmae,O.Danesch & E.Danesch,,f,t,,,,,,,Pulv.@36098-1@3@bas$Z.H.Feng@20048642-1@1@aut$Bartolo@13178-1@2@bas,E.Danesch@0-0@2@aut$O.Danesch@0-0@1@aut,,comb. et stat. nov.,,1.3,f,ophrys~maremmaearciensis,orchidaceaeophrys~maremmaearciensis,146,wfo-1200117915,,subspecies,valid,,,,Plant 14(1): 16 (2026),https://www.ipni.org/n/77376140-1,IPNI record: 77376140-1
urn:lsid:ipni.org:names:77376141-1,(O.Danesch & E.Danesch) Z.H.Feng,Orchidaceae Ophrys × hydruntensis O.Danesch & E.Danesch,(O.Danesch & E.Danesch),647938-1,,,14(1): 16,,,,,,,,,,,,30/01/2026 09:20,05/02/2026 14:58,,,Orchidaceae,Ophrys × maremmae nothosubsp. hydruntensis,Ophrys × maremmae nothosubsp. hydruntensis,Ophrys,,t,f,,,,,hydruntensis,,,,,,,,,,,,,,,,,,,,,,,null:,647988-1,Plant,urn:lsid:ipni.org:publications:20044785-1,2026,2026 [27 Jan 2026],[27 Jan 2026],Z.H.Feng,nothosubsp.,Plant 14(1): 16. 2026 [27 Jan 2026] ,,doi:10.11648/j.plant.20261401.11,,,11,maremmae,O.Danesch & E.Danesch,,f,t,,,,,,,E.Danesch@1981-1@3@bas$Z.H.Feng@20048642-1@1@aut$O.Danesch@1982-1@2@bas,O.Danesch@0-0@1@aut$E.Danesch@0-0@2@aut,,comb. et stat. nov.,,1.3,f,ophrys~maremmaehydruntensis,orchidaceaeophrys~maremmaehydruntensis,147,wfo-1200117916,,subspecies,valid,,,,Plant 14(1): 16 (2026),https://www.ipni.org/n/77376141-1,IPNI record: 77376141-1
urn:lsid:ipni.org:names:77376142-1,(D'Alonzo & Perilli) Z.H.Feng,Orchidaceae Ophrys × romanoi D'Alonzo & Perilli,(D'Alonzo & Perilli),77203033-1,,,14(1): 16,,,,,,,,,,,,30/01/2026 09:21,05/02/2026 14:58,,,Orchidaceae,Ophrys × maremmae nothosubsp. romanoi,Ophrys × maremmae nothosubsp. romanoi,Ophrys,,t,f,,,,,romanoi,,,,,,,,,,,,,,,,,,,,,,,null:,647988-1,Plant,urn:lsid:ipni.org:publications:20044785-1,2026,2026 [27 Jan 2026],[27 Jan 2026],Z.H.Feng,nothosubsp.,Plant 14(1): 16. 2026 [27 Jan 2026] ,,doi:10.11648/j.plant.20261401.11,,,11,maremmae,O.Danesch & E.Danesch,,f,t,,,,,,,Perilli@20029818-1@3@bas$D'Alonzo@20027056-1@2@bas$Z.H.Feng@20048642-1@1@aut,O.Danesch@0-0@1@aut$E.Danesch@0-0@2@aut,,comb. et stat. nov.,,1.3,f,ophrys~maremmaeromanoi,orchidaceaeophrys~maremmaeromanoi,148,wfo-1200117917,,subspecies,valid,,,,Plant 14(1): 16 (2026),https://www.ipni.org/n/77376142-1,IPNI record: 77376142-1
urn:lsid:ipni.org:names:77376143-1,(O.Danesch & E.Danesch) Z.H.Feng,Orchidaceae Ophrys × salentina O.Danesch & E.Danesch,(O.Danesch & E.Danesch),648095-1,,,14(1): 16,,,,,,,,,,,,30/01/2026 09:24,05/02/2026 15:00,,,Orchidaceae,Ophrys × maremmae nothosubsp. salentina,Ophrys × maremmae nothosubsp. salentina,Ophrys,,t,f,,,,,salentina,,,,,,,,,,,,,,,,,,,,,,,null:,647988-1,Plant,urn:lsid:ipni.org:publications:20044785-1,2026,2026 [27 Jan 2026],[27 Jan 2026],Z.H.Feng,nothosubsp.,Plant 14(1): 16. 2026 [27 Jan 2026] ,,doi:10.11648/j.plant.20261401.11,,,11,maremmae,O.Danesch & E.Danesch,,f,t,,,,,,,O.Danesch@1982-1@2@bas$E.Danesch@1981-1@3@bas$Z.H.Feng@20048642-1@1@aut,E.Danesch@0-0@2@aut$O.Danesch@0-0@1@aut,,comb. et stat. nov.,,1.3,f,ophrys~maremmaesalentina,orchidaceaeophrys~maremmaesalentina,149,wfo-1200117918,,subspecies,valid,,,,Plant 14(1): 16 (2026),https://www.ipni.org/n/77376143-1,IPNI record: 77376143-1
urn:lsid:ipni.org:names:77376144-1,(Kohlmüller) Z.H.Feng,Orchidaceae Ophrys × liebischiana Kohlmüller,(Kohlmüller),958436-1,,,14(1): 16,,,,,,,,,,,,30/01/2026 09:26,05/02/2026 15:02,,,Orchidaceae,Ophrys × marmarensis nothosubsp. liebischiana,Ophrys × marmarensis nothosubsp. liebischiana,Ophrys,,t,f,,,,,liebischiana,,,,,,,,,,,,,,,,,,,,,,,null:,930205-1,Plant,urn:lsid:ipni.org:publications:20044785-1,2026,2026 [27 Jan 2026],[27 Jan 2026],Z.H.Feng,nothosubsp.,Plant 14(1): 16. 2026 [27 Jan 2026] ,,doi:10.11648/j.plant.20261401.11,,,11,marmarensis,H.Baumann & Künkele,,f,t,,,,,,,Z.H.Feng@20048642-1@1@aut$Kohlmüller@21589-1@2@bas,H.Baumann@0-0@1@aut$Künkele@0-0@2@aut,,comb. et stat. nov.,,1.3,f,ophrys~marmarensisliebischiana,orchidaceaeophrys~marmarensisliebischiana,150,wfo-1200117919,,subspecies,valid,,,,Plant 14(1): 16 (2026),https://www.ipni.org/n/77376144-1,IPNI record: 77376144-1
urn:lsid:ipni.org:names:77376145-1,(H.Baumann & Künkele) Z.H.Feng,Orchidaceae Ophrys × willingiorum H.Baumann & Künkele,(H.Baumann & Künkele),930211-1,,,14(1): 16,,,,,,,,,,,,30/01/2026 09:27,05/02/2026 15:02,,,Orchidaceae,Ophrys × marmarensis nothosubsp. willingiorum,Ophrys × marmarensis nothosubsp. willingiorum,Ophrys,,t,f,,,,,willingiorum,,,,,,,,,,,,,,,,,,,,,,,null:,930205-1,Plant,urn:lsid:ipni.org:publications:20044785-1,2026,2026 [27 Jan 2026],[27 Jan 2026],Z.H.Feng,nothosubsp.,Plant 14(1): 16. 2026 [27 Jan 2026] ,,doi:10.11648/j.plant.20261401.11,,,11,marmarensis,H.Baumann & Künkele,,f,t,,,,,,,Z.H.Feng@20048642-1@1@aut$Künkele@14783-1@3@bas$H.Baumann@14601-1@2@bas,Künkele@0-0@2@aut$H.Baumann@0-0@1@aut,,comb. et stat. nov.,,1.3,f,ophrys~marmarensiswillingiorum,orchidaceaeophrys~marmarensiswillingiorum,151,wfo-1200117920,,subspecies,valid,,,,Plant 14(1): 16 (2026),https://www.ipni.org/n/77376145-1,IPNI record: 77376145-1
urn:lsid:ipni.org:names:77376146-1,(C.Keitel & W.Remm) Z.H.Feng,Orchidaceae Ophrys × simica C.Keitel & W.Remm,(C.Keitel & W.Remm),958779-1,,,14(1): 16,,,,,,,,,,,,30/01/2026 09:29,05/02/2026 15:04,,,Orchidaceae,Ophrys × methonensis nothosubsp. simica,Ophrys × methonensis nothosubsp. simica,Ophrys,,t,f,,,,,simica,,,,,,,,,,,,,,,,,,,,,,,null:,930181-1,Plant,urn:lsid:ipni.org:publications:20044785-1,2026,2026 [27 Jan 2026],[27 Jan 2026],Z.H.Feng,nothosubsp.,Plant 14(1): 16. 2026 [27 Jan 2026] ,,doi:10.11648/j.plant.20261401.11,,,9,methonensis,H.Baumann & Künkele,,f,t,,,,,,,W.Remm@0-0@3@bas$C.Keitel@0-0@2@bas$Z.H.Feng@20048642-1@1@aut,H.Baumann@0-0@1@aut$Künkele@0-0@2@aut,,comb. et stat. nov.,,1.3,f,ophrys~methonensissimica,orchidaceaeophrys~methonensissimica,152,wfo-1200117921,,subspecies,valid,,,,Plant 14(1): 16 (2026),https://www.ipni.org/n/77376146-1,IPNI record: 77376146-1
urn:lsid:ipni.org:names:77376147-1,(H.Baumann & Künkele) Z.H.Feng,Orchidaceae Ophrys × tuscanica H.Baumann & Künkele,(H.Baumann & Künkele),930190-1,,,14(1): 16,,,,,,,,,,,,30/01/2026 09:31,05/02/2026 15:05,,,Orchidaceae,Ophrys × methonensis nothosubsp. tuscanica,Ophrys × methonensis nothosubsp. tuscanica,Ophrys,,t,f,,,,,tuscanica,,,,,,,,,,,,,,,,,,,,,,,null:,930181-1,Plant,urn:lsid:ipni.org:publications:20044785-1,2026,2026 [27 Jan 2026],[27 Jan 2026],Z.H.Feng,nothosubsp.,Plant 14(1): 16. 2026 [27 Jan 2026] ,,doi:10.11648/j.plant.20261401.11,,,11,methonensis,H.Baumann & Künkele,,f,t,,,,,,,Künkele@14783-1@3@bas$Z.H.Feng@20048642-1@1@aut$H.Baumann@14601-1@2@bas,H.Baumann@0-0@1@aut$Künkele@0-0@2@aut,,comb. et stat. nov.,,1.3,f,ophrys~methonensistuscanica,orchidaceaeophrys~methonensistuscanica,153,wfo-1200117922,,subspecies,valid,,,,Plant 14(1): 16 (2026),https://www.ipni.org/n/77376147-1,IPNI record: 77376147-1
urn:lsid:ipni.org:names:77376148-1,"(Robles, M.Becerra & A.Becerra) Z.H.Feng","Orchidaceae Ophrys × pompelonensis Robles, M.Becerra & A.Becerra","(Robles, M.Becerra & A.Becerra)",77220114-1,,,14(1): 16,,,,,,,,,,,,30/01/2026 09:32,05/02/2026 15:06,,,Orchidaceae,Ophrys × minuticauda nothosubsp. pompelonensis,Ophrys × minuticauda nothosubsp. pompelonensis,Ophrys,,t,f,,,,,pompelonensis,,,,,,,,,,,,,,,,,,,,,,,null:,647992-1,Plant,urn:lsid:ipni.org:publications:20044785-1,2026,2026 [27 Jan 2026],[27 Jan 2026],Z.H.Feng,nothosubsp.,Plant 14(1): 16. 2026 [27 Jan 2026] ,,doi:10.11648/j.plant.20261401.11,,,11,minuticauda,Duffort,,f,t,,,,,,,Z.H.Feng@20048642-1@1@aut$A.Becerra@20047213-1@4@bas$M.Becerra@20038055-1@3@bas$Robles@20038059-1@2@bas,Duffort@0-0@1@aut,,comb. et stat. nov.,,1.3,f,ophrys~minuticaudapompelonensis,orchidaceaeophrys~minuticaudapompelonensis,154,wfo-1200117923,,subspecies,valid,,,,Plant 14(1): 16 (2026),https://www.ipni.org/n/77376148-1,IPNI record: 77376148-1
urn:lsid:ipni.org:names:77376149-1,(Riech.) Z.H.Feng,Orchidaceae Ophrys × telchinensis Riech.,(Riech.),997021-1,,,14(1): 16,,,,,,,,,,,,30/01/2026 09:35,05/02/2026 15:06,,,Orchidaceae,Ophrys × moreana nothosubsp. telchinensis,Ophrys × moreana nothosubsp. telchinensis,Ophrys,,t,f,,,,,telchinensis,,,,,,,,,,,,,,,,,,,,,,,null:,930180-1,Plant,urn:lsid:ipni.org:publications:20044785-1,2026,2026 [27 Jan 2026],[27 Jan 2026],Z.H.Feng,nothosubsp.,Plant 14(1): 16. 2026 [27 Jan 2026] ,,doi:10.11648/j.plant.20261401.11,,,11,moreana,H.Baumann & Künkele,,f,t,,,,,,,Riech.@37742-1@2@bas$Z.H.Feng@20048642-1@1@aut,H.Baumann@0-0@1@aut$Künkele@0-0@2@aut,,comb. et stat. nov.,,1.3,f,ophrys~moreanatelchinensis,orchidaceaeophrys~moreanatelchinensis,155,wfo-1200117924,,subspecies,valid,,,,Plant 14(1): 16 (2026),https://www.ipni.org/n/77376149-1,IPNI record: 77376149-1
urn:lsid:ipni.org:names:77376150-1,(Silletti & Medagli) Z.H.Feng,Orchidaceae Ophrys × santeramana Silletti & Medagli,(Silletti & Medagli),77327507-1,,,14(1): 16,,,,,,,,,,,,30/01/2026 09:38,05/02/2026 15:33,,,Orchidaceae,Ophrys neocamusii nothosubsp. santeramana,Ophrys neocamusii nothosubsp. santeramana,Ophrys,,t,f,,,,,santeramana,,,,,,,,,,,,,,,,,,,,,,,,648016-1,Plant,urn:lsid:ipni.org:publications:20044785-1,2026,2026 [27 Jan 2026],[27 Jan 2026],Z.H.Feng,nothosubsp.,Plant 14(1): 16. 2026 [27 Jan 2026] ,,doi:10.11648/j.plant.20261401.11,,,11,neocamusii,Godfery,,f,t,,,,,,,Z.H.Feng@20048642-1@1@aut$Silletti@20040611-1@2@bas$Medagli@34888-1@3@bas,Godfery@0-0@1@aut,,comb. et stat. nov.,,1.1.1.2,f,ophrys~neocamusiisanteramana,orchidaceaeophrys~neocamusiisanteramana,156,wfo-1200117925,,subspecies,valid,,,,Plant 14(1): 16 (2026),https://www.ipni.org/n/77376150-1,IPNI record: 77376150-1
urn:lsid:ipni.org:names:77376151-1,"(Cristaudo, Galesi, R.Lorenz & Zelesny) Z.H.Feng","Orchidaceae Ophrys × valparmensis J.J.Wood subsp. hilleri Cristaudo, Galesi, R.Lorenz & Zelesny","(Cristaudo, Galesi, R.Lorenz & Zelesny)",77104940-1,,,14(1): 16,,,,,,,,,,,,30/01/2026 09:40,05/02/2026 15:16,,,Orchidaceae,Ophrys neocamusii nothosubsp. hilleri,Ophrys neocamusii nothosubsp. hilleri,Ophrys,,t,f,,,,,hilleri,,,,,,,,,,,,,,,,,,,,,,,null:,648016-1,Plant,urn:lsid:ipni.org:publications:20044785-1,2026,2026 [27 Jan 2026],[27 Jan 2026],Z.H.Feng,nothosubsp.,Plant 14(1): 16. 2026 [27 Jan 2026] ,,doi:10.11648/j.plant.20261401.11,,,11,neocamusii,Godfery,,f,t,,,,,,,Z.H.Feng@20048642-1@1@aut$Cristaudo@35817-1@2@bas$R.Lorenz@22538-1@4@bas$Zelesny@20012530-1@5@bas$Galesi@36683-1@3@bas,Godfery@0-0@1@aut,,comb. nov.,,1.3,f,ophrys~neocamusiihilleri,orchidaceaeophrys~neocamusiihilleri,157,wfo-1200117926,,subspecies,valid,,,,Plant 14(1): 16 (2026),https://www.ipni.org/n/77376151-1,IPNI record: 77376151-1
urn:lsid:ipni.org:names:77376152-1,(J.Baláž & M.Baláž) Z.H.Feng,Orchidaceae Ophrys × littoralis J.Baláž & M.Baláž,(J.Baláž & M.Baláž),937114-1,,,14(1): 16,,,,,,,,,,,,30/01/2026 09:41,05/02/2026 15:17,,,Orchidaceae,Ophrys neoruppertii nothosubsp. littoralis,Ophrys neoruppertii nothosubsp. littoralis,Ophrys,,t,f,,,,,littoralis,,,,,,,,,,,,,,,,,,,,,,,null:,648017-1,Plant,urn:lsid:ipni.org:publications:20044785-1,2026,2026 [27 Jan 2026],[27 Jan 2026],Z.H.Feng,nothosubsp.,Plant 14(1): 16. 2026 [27 Jan 2026] ,,doi:10.11648/j.plant.20261401.11,,,11,neoruppertii,A.Camus in Ruppert,,f,t,,,,,,,J.Baláž@36552-1@2@bas$Z.H.Feng@20048642-1@1@aut$M.Baláž@36553-1@3@bas,Ruppert@0-0@2@autIn$A.Camus@0-0@1@aut,,comb. et stat. nov.,,1.3,f,ophrys~neoruppertiilittoralis,orchidaceaeophrys~neoruppertiilittoralis,158,wfo-1200117927,,subspecies,valid,,,,Plant 14(1): 16 (2026),https://www.ipni.org/n/77376152-1,IPNI record: 77376152-1
urn:lsid:ipni.org:names:77376153-1,(Renz) Z.H.Feng,Orchidaceae Ophrys × aghemanii Renz,(Renz),647729-1,,,14(1): 16,,,,,,,,,,,,30/01/2026 09:42,05/02/2026 15:18,,,Orchidaceae,Ophrys × nouletii nothosubsp. aghemanii,Ophrys × nouletii nothosubsp. aghemanii,Ophrys,,t,f,,,,,aghemanii,,,,,,,,,,,,,,,,,,,,,,,null:,648026-1,Plant,urn:lsid:ipni.org:publications:20044785-1,2026,2026 [27 Jan 2026],[27 Jan 2026],Z.H.Feng,nothosubsp.,Plant 14(1): 16. 2026 [27 Jan 2026] ,,doi:10.11648/j.plant.20261401.11,,,11,nouletii,E.G.Camus,,f,t,,,,,,,Z.H.Feng@20048642-1@1@aut$Renz@8297-1@2@bas,E.G.Camus@0-0@1@aut,,comb. et stat. nov.,,1.3,f,ophrys~nouletiiaghemanii,orchidaceaeophrys~nouletiiaghemanii,159,wfo-1200117928,,subspecies,valid,,,,Plant 14(1): 16 (2026),https://www.ipni.org/n/77376153-1,IPNI record: 77376153-1
urn:lsid:ipni.org:names:77376154-1,(O.Danesch & E.Danesch) Z.H.Feng,Orchidaceae Ophrys philippii  nm. calenae O.Danesch & E.Danesch,(O.Danesch & E.Danesch),887690-1,,,14(1): 16,,,,,,,,,,,,30/01/2026 09:44,05/02/2026 15:19,,,Orchidaceae,Ophrys × nouletii nothosubsp. calenae,Ophrys × nouletii nothosubsp. calenae,Ophrys,,t,f,,,,,calenae,,,,,,,,,,,,,,,,,,,,,,,null:,648026-1,Plant,urn:lsid:ipni.org:publications:20044785-1,2026,2026 [27 Jan 2026],[27 Jan 2026],Z.H.Feng,nothosubsp.,Plant 14(1): 16. 2026 [27 Jan 2026] ,,doi:10.11648/j.plant.20261401.11,,,11,nouletii,E.G.Camus,,f,t,,,,,,,Z.H.Feng@20048642-1@1@aut$E.Danesch@1981-1@3@bas$O.Danesch@1982-1@2@bas,E.G.Camus@0-0@1@aut,,comb. nov.,,1.3,f,ophrys~nouletiicalenae,orchidaceaeophrys~nouletiicalenae,160,wfo-1200117929,,subspecies,valid,,,,Plant 14(1): 16 (2026),https://www.ipni.org/n/77376154-1,IPNI record: 77376154-1
urn:lsid:ipni.org:names:77376155-1,(Looken) Z.H.Feng,Orchidaceae Ophrys × bernardii Looken,(Looken),931548-1,,,14(1): 16,,,,,,,,,,,,30/01/2026 09:45,05/02/2026 15:19,,,Orchidaceae,Ophrys × nouletii nothosubsp. bernardii,Ophrys × nouletii nothosubsp. bernardii,Ophrys,,t,f,,,,,bernardii,,,,,,,,,,,,,,,,,,,,,,,null:,648026-1,Plant,urn:lsid:ipni.org:publications:20044785-1,2026,2026 [27 Jan 2026],[27 Jan 2026],Z.H.Feng,nothosubsp.,Plant 14(1): 16. 2026 [27 Jan 2026] ,,doi:10.11648/j.plant.20261401.11,,,11,nouletii,E.G.Camus,,f,t,,,,,,,Looken@28209-1@2@bas$Z.H.Feng@20048642-1@1@aut,E.G.Camus@0-0@1@aut,,comb. et stat. nov.,,1.3,f,ophrys~nouletiibernardii,orchidaceaeophrys~nouletiibernardii,161,wfo-1200117930,,subspecies,valid,,,,Plant 14(1): 16 (2026),https://www.ipni.org/n/77376155-1,IPNI record: 77376155-1
urn:lsid:ipni.org:names:77376156-1,(D'Alonzo & Perilli) Z.H.Feng,Orchidaceae Ophrys × disabatoi D'Alonzo & Perilli,(D'Alonzo & Perilli),77165411-1,,,14(1): 17,,,,,,,,,,,,30/01/2026 11:20,11/02/2026 16:12,,,Orchidaceae,Ophrys × nouletii nothosubsp. disabatoi,Ophrys × nouletii nothosubsp. disabatoi,Ophrys,,t,f,,,,,disabatoi,,,,,,,,,,nom. inval.    Contrary to Art. 41.5. ICN (2025) Reference given is not to basionym and Art. 41.8 does not apply.,,nom. inval.,,,,,,,,,,,null:,648026-1,Plant,urn:lsid:ipni.org:publications:20044785-1,2026,2026 [27 Jan 2026],[27 Jan 2026],Z.H.Feng,nothosubsp.,Plant 14(1): 17. 2026 [27 Jan 2026] ,,doi:10.11648/j.plant.20261401.11 Isonym Ophrys × disabatoi D'Alonzo & Perilli (2018) cited as basionym and this cites the correct (2017) place of publication.,,,12,nouletii,E.G.Camus,,f,t,,,,,,,D'Alonzo@20027056-1@2@bas$Perilli@20029818-1@3@bas$Z.H.Feng@20048642-1@1@aut,E.G.Camus@0-0@1@aut,,comb. et stat. nov.,,1.5,f,ophrys~nouletiidisabatoi,orchidaceaeophrys~nouletiidisabatoi,162,wfo-1200117931,,subspecies,invalid,,,,Plant 14(1): 17 (2026),https://www.ipni.org/n/77376156-1,IPNI record: 77376156-1
urn:lsid:ipni.org:names:77376157-1,(B.Willing & E.Willing) Z.H.Feng,Orchidaceae Ophrys × dodonica B.Willing & E.Willing,(B.Willing & E.Willing),930017-1,,,14(1): 17,,,,,,,,,,,,30/01/2026 11:23,05/02/2026 15:20,,,Orchidaceae,Ophrys × nouletii nothosubsp. dodonica,Ophrys × nouletii nothosubsp. dodonica,Ophrys,,t,f,,,,,dodonica,,,,,,,,,,,,,,,,,,,,,,,null:,648026-1,Plant,urn:lsid:ipni.org:publications:20044785-1,2026,2026 [27 Jan 2026],[27 Jan 2026],Z.H.Feng,nothosubsp.,Plant 14(1): 17. 2026 [27 Jan 2026] ,,doi:10.11648/j.plant.20261401.11,,,11,nouletii,E.G.Camus,,f,t,,,,,,,E.Willing@11718-1@3@bas$Z.H.Feng@20048642-1@1@aut$B.Willing@11717-1@2@bas,E.G.Camus@0-0@1@aut,,comb. et stat. nov.,,1.3,f,ophrys~nouletiidodonica,orchidaceaeophrys~nouletiidodonica,163,wfo-1200117932,,subspecies,valid,,,,Plant 14(1): 17 (2026),https://www.ipni.org/n/77376157-1,IPNI record: 77376157-1
urn:lsid:ipni.org:names:77376158-1,(P.Delforge & C.Delforge) Z.H.Feng,Orchidaceae Ophrys × duvigneaudiana P.Delforge & C.Delforge,(P.Delforge & C.Delforge),932932-1,,,14(1): 17,,,,,,,,,,,,30/01/2026 11:24,05/02/2026 15:28,,,Orchidaceae,Ophrys × nouletii nothosubsp. duvigneaudiana,Ophrys × nouletii nothosubsp. duvigneaudiana,Ophrys,,t,f,,,,,duvigneaudiana,,,,,,,,,,,,,,,,,,,,,,,null:,648026-1,Plant,urn:lsid:ipni.org:publications:20044785-1,2026,2026 [27 Jan 2026],[27 Jan 2026],Z.H.Feng,nothosubsp.,Plant 14(1): 17. 2026 [27 Jan 2026] ,,doi:10.11648/j.plant.20261401.11,,,11,nouletii,E.G.Camus,,f,t,,,,,,,Z.H.Feng@20048642-1@1@aut$P.Delforge@17903-1@2@bas$C.Delforge@17902-1@3@bas,E.G.Camus@0-0@1@aut,,comb. et stat. nov.,,1.3,f,ophrys~nouletiiduvigneaudiana,orchidaceaeophrys~nouletiiduvigneaudiana,164,wfo-1200117933,,subspecies,valid,,,,Plant 14(1): 17 (2026),https://www.ipni.org/n/77376158-1,IPNI record: 77376158-1
urn:lsid:ipni.org:names:77376159-1,(B.Willing & E.Willing) Z.H.Feng,Orchidaceae Ophrys × kiparissensis B.Willing & E.Willing,(B.Willing & E.Willing),647957-1,,,14(1): 17,,,,,,,,,,,,30/01/2026 11:26,05/02/2026 15:29,,,Orchidaceae,Ophrys × nouletii nothosubsp. kiparissensis,Ophrys × nouletii nothosubsp. kiparissensis,Ophrys,,t,f,,,,,kiparissensis,,,,,,,,,,,,,,,,,,,,,,,null:,648026-1,Plant,urn:lsid:ipni.org:publications:20044785-1,2026,2026 [27 Jan 2026],[27 Jan 2026],Z.H.Feng,nothosubsp.,Plant 14(1): 17. 2026 [27 Jan 2026] ,,doi:10.11648/j.plant.20261401.11,,,11,nouletii,E.G.Camus,,f,t,,,,,,,E.Willing@11718-1@3@bas$B.Willing@11717-1@2@bas$Z.H.Feng@20048642-1@1@aut,E.G.Camus@0-0@1@aut,,comb. et stat. nov.,,1.3,f,ophrys~nouletiikiparissensis,orchidaceaeophrys~nouletiikiparissensis,165,wfo-1200117934,,subspecies,valid,,,,Plant 14(1): 17 (2026),https://www.ipni.org/n/77376159-1,IPNI record: 77376159-1
urn:lsid:ipni.org:names:77376160-1,(Sennen ex E.G.Camus) Z.H.Feng,Orchidaceae Ophrys × llenasii Sennen ex E.G.Camus,(Sennen ex E.G.Camus),77244176-1,,,14(1): 17,,,,,,,,,,,,30/01/2026 11:28,09/02/2026 10:42,,,Orchidaceae,Ophrys × nouletii nothosubsp. llenasii,Ophrys × nouletii nothosubsp. llenasii,Ophrys,,t,f,,,,,llenasii,,,,,,,,,,,,,,,,,,,,,,,null:,648026-1,Plant,urn:lsid:ipni.org:publications:20044785-1,2026,2026 [27 Jan 2026],[27 Jan 2026],Z.H.Feng,nothosubsp.,Plant 14(1): 17. 2026 [27 Jan 2026] ,,doi:10.11648/j.plant.20261401.11 Parentage as: 'Ophrys scolopax subsp. scolopax × Ophrys sphegodes subsp. atrata'.,,,11,nouletii,E.G.Camus,,f,t,,,,,,,E.G.Camus@12373-1@3@basEx$Sennen@9488-1@2@bas$Z.H.Feng@20048642-1@1@aut,E.G.Camus@0-0@1@aut,,comb. et stat. nov.,,1.4,f,ophrys~nouletiillenasii,orchidaceaeophrys~nouletiillenasii,166,wfo-1200117935,,subspecies,valid,,,,Plant 14(1): 17 (2026),https://www.ipni.org/n/77376160-1,IPNI record: 77376160-1
urn:lsid:ipni.org:names:77376161-1,M.T.An & Xu Wu,,,,,,270: 145,,26,,10,,GZAC-WX-2594,2024,,"Ming-tai An, Feng Liu, Xu Wu, Jiang-hong Yu",,,30/01/2026 11:30,04/02/2026 12:28,"Guizhou (China South-Central, China, Asia-Temperate)",E,Celastraceae,Euonymus maotaiensis,Euonymus maotaiensis,Euonymus,,f,f,,,,,,,,27,43,,"Renhuai City, Maotai, 500 m",106,13,,,,,,,N,,,,,,,,,331601-2,PhytoKeys,urn:lsid:ipni.org:publications:20011997-1,2026,2026 [2 Feb 2026],[2 Feb 2026],M.T.An & Xu Wu,spec.,PhytoKeys 270: 145. 2026 [2 Feb 2026] [epublished],[epublished],doi:10.3897/phytokeys.270.171340 [english] Etymology: name refers to the discovery site of this species.,,,11,maotaiensis,,,f,t,,holotype GZAC,,,,,M.T.An@20014374-1@1@aut$Xu Wu@20091326-1@2@aut,,,tax. nov.,,1.3,f,euonymus~maotaiensis,celastraceaeeuonymus~maotaiensis~,167,wfo-1000089261,,species,valid,,,,PhytoKeys 270: 145 (2026),https://www.ipni.org/n/77376161-1,IPNI record: 77376161-1
urn:lsid:ipni.org:names:77376162-1,(H.Fleischm.) Z.H.Feng,Orchidaceae Ophrys muellneri H.Fleischm.,(H.Fleischm.),648005-1,,,14(1): 17,,,,,,,,,,,,30/01/2026 11:30,05/02/2026 15:32,,,Orchidaceae,Ophrys × nouletii nothosubsp. muellneri,Ophrys × nouletii nothosubsp. muellneri,Ophrys,,t,f,,,,,muellneri,,,,,,,,,,,,,,,,,,,,,,,null:,648026-1,Plant,urn:lsid:ipni.org:publications:20044785-1,2026,2026 [27 Jan 2026],[27 Jan 2026],Z.H.Feng,nothosubsp.,Plant 14(1): 17. 2026 [27 Jan 2026] ,,doi:10.11648/j.plant.20261401.11,,,11,nouletii,E.G.Camus,,f,t,,,,,,,Z.H.Feng@20048642-1@1@aut$H.Fleischm.@2779-1@2@bas,E.G.Camus@0-0@1@aut,,comb. et stat. nov.,,1.3,f,ophrys~nouletiimuellneri,orchidaceaeophrys~nouletiimuellneri,168,wfo-1200117936,,subspecies,valid,,,,Plant 14(1): 17 (2026),https://www.ipni.org/n/77376162-1,IPNI record: 77376162-1
urn:lsid:ipni.org:names:77376163-1,Z.K.Wu & Ming Y.Sheng,,,,,,270: 156,,1,,8,,ZKWU 2024146,2024,,Zhikun Wu,,,30/01/2026 11:33,04/02/2026 12:10,"Yunnan (China South-Central, China, Asia-Temperate)",E,Primulaceae,Lysimachia yulongensis,Lysimachia yulongensis,Lysimachia,,f,f,,,,,,,,26,57,,"Lijiang, Yulong County, Baisha Town, Yulong Snow Mountain, 3100 m",102,13,,,,,,,N,,,,,,,,,30015375-2,PhytoKeys,urn:lsid:ipni.org:publications:20011997-1,2026,2026 [2 Feb 2026],[2 Feb 2026],Z.K.Wu & Ming Y.Sheng,spec.,PhytoKeys 270: 156. 2026 [2 Feb 2026] [epublished],[epublished],"doi:10.3897/phytokeys.270.177773 [english] Etymology: name taken from the Chinese Pinyin 'Yulong', the name of the mountain.",,,9,yulongensis,,,f,t,,holotype KUN;isotype KUN,,,,,Z.K.Wu@20017678-1@1@aut$Ming Y.Sheng@0-0@2@aut,,,tax. nov.,,1.3,f,lysimachia~yulongensis,primulaceaelysimachia~yulongensis~,169,wfo-1000089262,,species,valid,,,,PhytoKeys 270: 156 (2026),https://www.ipni.org/n/77376163-1,IPNI record: 77376163-1
urn:lsid:ipni.org:names:77376164-1,Li J.Jiang & Z.R.He,,,,,,270: 196,,26,,5,,JLJ-09-0359,2025,,L.J.Jiang &amp; J.P.Shi,,,30/01/2026 11:36,04/02/2026 11:30,"Yunnan (China South-Central, China, Asia-Temperate)",,Marattiaceae,Angiopteris weimingii,Angiopteris weimingii,Angiopteris,,f,f,,,,,,,,,,,"Lvchun County, Banpo Township",,,,,,,,,,,,,,,,,,331099-2,PhytoKeys,urn:lsid:ipni.org:publications:20011997-1,2026,2026 [2 Feb 2026],[2 Feb 2026],Li J.Jiang & Z.R.He,spec.,PhytoKeys 270: 196. 2026 [2 Feb 2026] [epublished],[epublished],"doi:10.3897/phytokeys.270.179399 [english] Etymology: named in honour of Prof. Wei-Ming Chu, an esteemed Chinese pteridologist, in recognition of his contributions to the genus Angiopteris.",,,11,weimingii,,,f,t,,holotype PYU JLJ-250526;isotype HITBC C090370,,,,,Z.R.He@38385-1@2@aut$Li J.Jiang@20095757-1@1@aut,,,tax. nov.,,1.3,f,angiopteris~weimingii,marattiaceaeangiopteris~weimingii~,170,wfo-1000089263,,species,valid,,,,PhytoKeys 270: 196 (2026),https://www.ipni.org/n/77376164-1,IPNI record: 77376164-1
urn:lsid:ipni.org:names:77376165-1,(Robles & M.Becerra) Z.H.Feng,Orchidaceae Ophrys × benaventei Robles & M.Becerra,(Robles & M.Becerra),77317985-1,,,14(1): 17,,,,,,,,,,,,30/01/2026 11:36,06/02/2026 05:28,,,Orchidaceae,Ophrys olbiensis nothosubsp. benaventei,Ophrys olbiensis nothosubsp. benaventei,Ophrys,,t,f,,,,,benaventei,,,,,,,,,,,,,,,,,,,,,,,null:,648031-1,Plant,urn:lsid:ipni.org:publications:20044785-1,2026,2026 [27 Jan 2026],[27 Jan 2026],Z.H.Feng,nothosubsp.,Plant 14(1): 17. 2026 [27 Jan 2026] ,,doi:10.11648/j.plant.20261401.11,,,11,olbiensis,E.G.Camus,,f,t,,,,,,,Z.H.Feng@20048642-1@1@aut$M.Becerra@20038055-1@3@bas$Robles@20038059-1@2@bas,E.G.Camus@12373-1@1@aut,,comb. et stat. nov.,,1.3,f,ophrys~olbiensisbenaventei,orchidaceaeophrys~olbiensisbenaventei,171,wfo-1200117937,,subspecies,valid,,,,Plant 14(1): 17 (2026),https://www.ipni.org/n/77376165-1,IPNI record: 77376165-1
urn:lsid:ipni.org:names:77376167-1,(P.Delforge) Z.H.Feng,Orchidaceae Ophrys × lefevreana P.Delforge,(P.Delforge),77078465-1,,,14(1): 17,,,,,,,,,,,,30/01/2026 11:42,06/02/2026 05:28,,,Orchidaceae,Ophrys olbiensis nothosubsp. lefevreana,Ophrys olbiensis nothosubsp. lefevreana,Ophrys,,t,f,,,,,lefevreana,,,,,,,,,,,,,,,,,,,,,,,null:,648031-1,Plant,urn:lsid:ipni.org:publications:20044785-1,2026,2026 [27 Jan 2026],[27 Jan 2026],Z.H.Feng,nothosubsp.,Plant 14(1): 17. 2026 [27 Jan 2026] ,,doi:10.11648/j.plant.20261401.11,,,11,olbiensis,E.G.Camus,,f,t,,,,,,,Z.H.Feng@20048642-1@1@aut$P.Delforge@17903-1@2@bas,E.G.Camus@12373-1@1@aut,,comb. et stat. nov.,,1.3,f,ophrys~olbiensislefevreana,orchidaceaeophrys~olbiensislefevreana,172,wfo-1200117938,,subspecies,valid,,,,Plant 14(1): 17 (2026),https://www.ipni.org/n/77376167-1,IPNI record: 77376167-1
urn:lsid:ipni.org:names:77376168-1,(C.Alibertis & A.Alibertis) Z.H.Feng,Orchidaceae Ophrys × asterusica C.Alibertis & A.Alibertis,(C.Alibertis & A.Alibertis),936909-1,,,14(1): 17,,,,,,,,,,,,30/01/2026 11:44,06/02/2026 05:32,,,Orchidaceae,Ophrys omegaifera nothosubsp. asterusica,Ophrys omegaifera nothosubsp. asterusica,Ophrys,,t,f,,,,,asterusica,,,,,,,,,,,,,,,,,,,,,,,null:,648034-1,Plant,urn:lsid:ipni.org:publications:20044785-1,2026,2026 [27 Jan 2026],[27 Jan 2026],Z.H.Feng,nothosubsp.,Plant 14(1): 17. 2026 [27 Jan 2026] ,,doi:10.11648/j.plant.20261401.11,,,11,omegaifera,H.Fleischm.,,f,t,,,,,,,Z.H.Feng@20048642-1@1@aut$A.Alibertis@36275-1@3@bas$C.Alibertis@36276-1@2@bas,H.Fleischm.@0-0@1@aut,,comb. et stat. nov.,,1.3,f,ophrys~omegaiferaasterusica,orchidaceaeophrys~omegaiferaasterusica,173,wfo-1200117939,,subspecies,valid,,,,Plant 14(1): 17 (2026),https://www.ipni.org/n/77376168-1,IPNI record: 77376168-1
urn:lsid:ipni.org:names:77376169-1,(Riech.) Z.H.Feng,Orchidaceae Ophrys × denglerensis Riech.,(Riech.),1001654-1,,,14(1): 17,,,,,,,,,,,,30/01/2026 11:46,06/02/2026 05:33,,,Orchidaceae,Ophrys × paphosiana nothosubsp. denglerensis,Ophrys × paphosiana nothosubsp. denglerensis,Ophrys,,t,f,,,,,denglerensis,,,,,,,,,,,,,,,,,,,,,,,null:,930210-1,Plant,urn:lsid:ipni.org:publications:20044785-1,2026,2026 [27 Jan 2026],[27 Jan 2026],Z.H.Feng,nothosubsp.,Plant 14(1): 17. 2026 [27 Jan 2026] ,,doi:10.11648/j.plant.20261401.11,,,11,paphosiana,H.Baumann & Künkele,,f,t,,,,,,,Riech.@37742-1@2@bas$Z.H.Feng@20048642-1@1@aut,Künkele@0-0@2@aut$H.Baumann@0-0@1@aut,,comb. et stat. nov.,,1.3,f,ophrys~paphosianadenglerensis,orchidaceaeophrys~paphosianadenglerensis,174,wfo-1200117940,,subspecies,valid,,,,Plant 14(1): 17 (2026),https://www.ipni.org/n/77376169-1,IPNI record: 77376169-1
urn:lsid:ipni.org:names:77376170-1,"(Robles, M.Becerra, Astete & P.Barrena) Z.H.Feng","Orchidaceae Ophrys × aranii Robles, M.Becerra, Astete & P.Barrena","(Robles, M.Becerra, Astete & P.Barrena)",77303274-1,,,14(1): 17,,,,,,,,,,,,30/01/2026 11:47,06/02/2026 05:34,,,Orchidaceae,Ophrys peltieri nothosubsp. aranii,Ophrys peltieri nothosubsp. aranii,Ophrys,,t,f,,,,,aranii,,,,,,,,,,,,,,,,,,,,,,,null:,648048-1,Plant,urn:lsid:ipni.org:publications:20044785-1,2026,2026 [27 Jan 2026],[27 Jan 2026],Z.H.Feng,nothosubsp.,Plant 14(1): 17. 2026 [27 Jan 2026] ,,doi:10.11648/j.plant.20261401.11,,,11,peltieri,Maire,,f,t,,,,,,,Astete@20051955-1@4@bas$Z.H.Feng@20048642-1@1@aut$M.Becerra@20038055-1@3@bas$P.Barrena@20051956-1@5@bas$Robles@20038059-1@2@bas,Maire@0-0@1@aut,,comb. et stat. nov.,,1.3,f,ophrys~peltieriaranii,orchidaceaeophrys~peltieriaranii,175,wfo-1200117941,,subspecies,valid,,,,Plant 14(1): 17 (2026),https://www.ipni.org/n/77376170-1,IPNI record: 77376170-1
urn:lsid:ipni.org:names:77376171-1,(P.Delforge) Z.H.Feng,Orchidaceae Ophrys × lioniana P.Delforge,(P.Delforge),77078470-1,,,14(1): 17,,,,,,,,,,,,30/01/2026 11:49,06/02/2026 05:35,,,Orchidaceae,Ophrys peltieri nothosubsp. lioniana,Ophrys peltieri nothosubsp. lioniana,Ophrys,,t,f,,,,,lioniana,,,,,,,,,,,,,,,,,,,,,,,null:,648048-1,Plant,urn:lsid:ipni.org:publications:20044785-1,2026,2026 [27 Jan 2026],[27 Jan 2026],Z.H.Feng,nothosubsp.,Plant 14(1): 17. 2026 [27 Jan 2026] ,,doi:10.11648/j.plant.20261401.11,,,11,peltieri,Maire,,f,t,,,,,,,P.Delforge@17903-1@2@bas$Z.H.Feng@20048642-1@1@aut,Maire@0-0@1@aut,,comb. et stat. nov.,,1.3,f,ophrys~peltierilioniana,orchidaceaeophrys~peltierilioniana,176,wfo-1200117942,,subspecies,valid,,,,Plant 14(1): 17 (2026),https://www.ipni.org/n/77376171-1,IPNI record: 77376171-1
urn:lsid:ipni.org:names:77376172-1,(H.Baumann & Künkele) Z.H.Feng,Orchidaceae Ophrys × messeniensis H.Baumann & Künkele,(H.Baumann & Künkele),930216-1,,,14(1): 17,,,,,,,,,,,,30/01/2026 11:51,06/02/2026 05:36,,,Orchidaceae,Ophrys peltieri nothosubsp. messeniensis,Ophrys peltieri nothosubsp. messeniensis,Ophrys,,t,f,,,,,messeniensis,,,,,,,,,,,,,,,,,,,,,,,null:,648048-1,Plant,urn:lsid:ipni.org:publications:20044785-1,2026,2026 [27 Jan 2026],[27 Jan 2026],Z.H.Feng,nothosubsp.,Plant 14(1): 17. 2026 [27 Jan 2026] ,,doi:10.11648/j.plant.20261401.11,,,11,peltieri,Maire,,f,t,,,,,,,Z.H.Feng@20048642-1@1@aut$Künkele@14783-1@3@bas$H.Baumann@14601-1@2@bas,Maire@0-0@1@aut,,comb. et stat. nov.,,1.3,f,ophrys~peltierimesseniensis,orchidaceaeophrys~peltierimesseniensis,177,wfo-1200117943,,subspecies,valid,,,,Plant 14(1): 17 (2026),https://www.ipni.org/n/77376172-1,IPNI record: 77376172-1
urn:lsid:ipni.org:names:77376173-1,(G.Kretzschmar & H.Kretzschmar) Z.H.Feng,Orchidaceae Ophrys × triadensis G.Kretzschmar & H.Kretzschmar,(G.Kretzschmar & H.Kretzschmar),1001651-1,,,14(1): 17,,,,,,,,,,,,30/01/2026 11:56,06/02/2026 05:36,,,Orchidaceae,Ophrys personei nothosubsp. triadensis,Ophrys personei nothosubsp. triadensis,Ophrys,,t,f,,,,,triadensis,,,,,,,,,,,,,,,,,,,,,,,null:,648052-1,Plant,urn:lsid:ipni.org:publications:20044785-1,2026,2026 [27 Jan 2026],[27 Jan 2026],Z.H.Feng,nothosubsp.,Plant 14(1): 17. 2026 [27 Jan 2026] ,,doi:10.11648/j.plant.20261401.11,,,11,personei,Cortesi,,f,t,,,,,,,G.Kretzschmar@35963-1@2@bas$H.Kretzschmar@35964-1@3@bas$Z.H.Feng@20048642-1@1@aut,Cortesi@0-0@1@aut,,comb. et stat. nov.,,1.3,f,ophrys~personeitriadensis,orchidaceaeophrys~personeitriadensis,178,wfo-1200117944,,subspecies,valid,,,,Plant 14(1): 17 (2026),https://www.ipni.org/n/77376173-1,IPNI record: 77376173-1
urn:lsid:ipni.org:names:77376174-1,(D'Alonzo & Perilli) Z.H.Feng,Orchidaceae Ophrys × friderici D'Alonzo & Perilli nothosubsp. boninii D'Alonzo & Perilli,(D'Alonzo & Perilli),77212559-1,,,14(1): 17,,,,,,,,,,,,30/01/2026 11:58,06/02/2026 05:41,,,Orchidaceae,Ophrys × pseudofusca nothosubsp. boninii,Ophrys × pseudofusca nothosubsp. boninii,Ophrys,,t,f,,,,,boninii,,,,,,,,,,,,,,,,,,,,,,,null:,648063-1,Plant,urn:lsid:ipni.org:publications:20044785-1,2026,2026 [27 Jan 2026],[27 Jan 2026],Z.H.Feng,nothosubsp.,Plant 14(1): 17. 2026 [27 Jan 2026] ,,doi:10.11648/j.plant.20261401.11,,,11,pseudofusca,Albert & E.G.Camus,,f,t,,,,,,,Z.H.Feng@20048642-1@1@aut$D'Alonzo@20027056-1@2@bas$Perilli@20029818-1@3@bas,E.G.Camus@0-0@2@aut$Albert@0-0@1@aut,,comb. nov.,,1.3,f,ophrys~pseudofuscaboninii,orchidaceaeophrys~pseudofuscaboninii,179,wfo-1200117945,,subspecies,valid,,,,Plant 14(1): 17 (2026),https://www.ipni.org/n/77376174-1,IPNI record: 77376174-1
urn:lsid:ipni.org:names:77376175-1,(P.Delforge & C.Delforge) Z.H.Feng,Orchidaceae Ophrys × borakisiana P.Delforge & C.Delforge,(P.Delforge & C.Delforge),904774-1,,,14(1): 17,,,,,,,,,,,,30/01/2026 12:00,06/02/2026 05:41,,,Orchidaceae,Ophrys × pseudofusca nothosubsp. borakisiana,Ophrys × pseudofusca nothosubsp. borakisiana,Ophrys,,t,f,,,,,borakisiana,,,,,,,,,,,,,,,,,,,,,,,null:,648063-1,Plant,urn:lsid:ipni.org:publications:20044785-1,2026,2026 [27 Jan 2026],[27 Jan 2026],Z.H.Feng,nothosubsp.,Plant 14(1): 17. 2026 [27 Jan 2026] ,,doi:10.11648/j.plant.20261401.11,,,11,pseudofusca,Albert & E.G.Camus,,f,t,,,,,,,Z.H.Feng@20048642-1@1@aut$C.Delforge@17902-1@3@bas$P.Delforge@17903-1@2@bas,Albert@0-0@1@aut$E.G.Camus@0-0@2@aut,,comb. et stat. nov.,,1.3,f,ophrys~pseudofuscaborakisiana,orchidaceaeophrys~pseudofuscaborakisiana,180,wfo-1200117946,,subspecies,valid,,,,Plant 14(1): 17 (2026),https://www.ipni.org/n/77376175-1,IPNI record: 77376175-1
urn:lsid:ipni.org:names:77376178-1,(Soó) Z.H.Feng,Orchidaceae Ophrys braun-blanquetiana Soó,(Soó),647809-1,,,14(1): 17,,,,,,,,,,,,30/01/2026 12:51,06/02/2026 05:42,,,Orchidaceae,Ophrys × pseudofusca nothosubsp. braun-blanquetiana,Ophrys × pseudofusca nothosubsp. braun-blanquetiana,Ophrys,,t,f,,,,,braun-blanquetiana,,,,,,,,,,,,,,,,,,,,,,,null:,648063-1,Plant,urn:lsid:ipni.org:publications:20044785-1,2026,2026 [27 Jan 2026],[27 Jan 2026],Z.H.Feng,nothosubsp.,Plant 14(1): 17. 2026 [27 Jan 2026] ,,doi:10.11648/j.plant.20261401.11,,,11,pseudofusca,Albert & E.G.Camus,,f,t,,,,,,,Z.H.Feng@20048642-1@1@aut$Soó@9897-1@2@bas,Albert@0-0@1@aut$E.G.Camus@0-0@2@aut,,comb. et stat. nov.,,1.3,f,ophrys~pseudofuscabraun-blanquetiana,orchidaceaeophrys~pseudofuscabraun-blanquetiana,181,wfo-1200117947,,subspecies,valid,,,,Plant 14(1): 17 (2026),https://www.ipni.org/n/77376178-1,IPNI record: 77376178-1
urn:lsid:ipni.org:names:77376179-1,(G.Kretzschmar & H.Kretzschmar) Z.H.Feng,Orchidaceae Ophrys × capellae-pacis G.Kretzschmar & H.Kretzschmar,(G.Kretzschmar & H.Kretzschmar),50426177-2,,,14(1): 17,,,,,,,,,,,,30/01/2026 12:53,06/02/2026 05:43,,,Orchidaceae,Ophrys × pseudofusca nothosubsp. capellae-pacis,Ophrys × pseudofusca nothosubsp. capellae-pacis,Ophrys,,t,f,,,,,capellae-pacis,,,,,,,,,,,,,,,,,,,,,,,null:,648063-1,Plant,urn:lsid:ipni.org:publications:20044785-1,2026,2026 [27 Jan 2026],[27 Jan 2026],Z.H.Feng,nothosubsp.,Plant 14(1): 17. 2026 [27 Jan 2026] ,,doi:10.11648/j.plant.20261401.11,,,11,pseudofusca,Albert & E.G.Camus,,f,t,,,,,,,Z.H.Feng@20048642-1@1@aut$H.Kretzschmar@35964-1@3@bas$G.Kretzschmar@35963-1@2@bas,E.G.Camus@0-0@2@aut$Albert@0-0@1@aut,,comb. et stat. nov.,,1.3,f,ophrys~pseudofuscacapellae-pacis,orchidaceaeophrys~pseudofuscacapellae-pacis,182,wfo-1200117948,,subspecies,valid,,,,Plant 14(1): 17 (2026),https://www.ipni.org/n/77376179-1,IPNI record: 77376179-1
urn:lsid:ipni.org:names:77376180-1,(Soó) Z.H.Feng,Orchidaceae Ophrys × gumprechtiana Soó,(Soó),647922-1,,,14(1): 17,,,,,,,,,,,,30/01/2026 12:54,06/02/2026 05:43,,,Orchidaceae,Ophrys × pseudofusca nothosubsp. gumprechtiana,Ophrys × pseudofusca nothosubsp. gumprechtiana,Ophrys,,t,f,,,,,gumprechtiana,,,,,,,,,,,,,,,,,,,,,,,null:,648063-1,Plant,urn:lsid:ipni.org:publications:20044785-1,2026,2026 [27 Jan 2026],[27 Jan 2026],Z.H.Feng,nothosubsp.,Plant 14(1): 17. 2026 [27 Jan 2026] ,,doi:10.11648/j.plant.20261401.11,,,11,pseudofusca,Albert & E.G.Camus,,f,t,,,,,,,Soó@9897-1@2@bas$Z.H.Feng@20048642-1@1@aut,E.G.Camus@0-0@2@aut$Albert@0-0@1@aut,,comb. et stat. nov.,,1.3,f,ophrys~pseudofuscagumprechtiana,orchidaceaeophrys~pseudofuscagumprechtiana,183,wfo-1200117949,,subspecies,valid,,,,Plant 14(1): 17 (2026),https://www.ipni.org/n/77376180-1,IPNI record: 77376180-1
urn:lsid:ipni.org:names:77376181-1,(Argiolas) Z.H.Feng,Orchidaceae Ophrys × norae Argiolas,(Argiolas),77196022-1,,,14(1): 18,,,,,,,,,,,,30/01/2026 12:58,06/02/2026 05:44,,,Orchidaceae,Ophrys × pseudofusca nothosubsp. norae,Ophrys × pseudofusca nothosubsp. norae,Ophrys,,t,f,,,,,norae,,,,,,,,,,,,,,,,,,,,,,,null:,648063-1,Plant,urn:lsid:ipni.org:publications:20044785-1,2026,2026 [27 Jan 2026],[27 Jan 2026],Z.H.Feng,nothosubsp.,Plant 14(1): 18. 2026 [27 Jan 2026] ,,doi:10.11648/j.plant.20261401.11,,,11,pseudofusca,Albert & E.G.Camus,,f,t,,,,,,,Argiolas@20040754-1@2@bas$Z.H.Feng@20048642-1@1@aut,Albert@0-0@1@aut$E.G.Camus@0-0@2@aut,,comb. et stat. nov.,,1.3,f,ophrys~pseudofuscanorae,orchidaceaeophrys~pseudofuscanorae,184,wfo-1200117950,,subspecies,valid,,,,Plant 14(1): 18 (2026),https://www.ipni.org/n/77376181-1,IPNI record: 77376181-1
urn:lsid:ipni.org:names:77376182-1,(Bourdon) Z.H.Feng,Orchidaceae Ophrys × pano-lefkaron Bourdon,(Bourdon),929642-1,,,14(1): 18,,,,,,,,,,,,30/01/2026 13:00,06/02/2026 08:17,,,Orchidaceae,Ophrys × pseudofusca nothosubsp. pano-lefkaron,Ophrys × pseudofusca nothosubsp. pano-lefkaron,Ophrys,,t,f,,,,,pano-lefkaron,,,,,,,,,,,,,,,,,,,,,,,null:,648063-1,Plant,urn:lsid:ipni.org:publications:20044785-1,2026,2026 [27 Jan 2026],[27 Jan 2026],Z.H.Feng,nothosubsp.,Plant 14(1): 18. 2026 [27 Jan 2026] ,,doi:10.11648/j.plant.20261401.11,,,11,pseudofusca,Albert & E.G.Camus,,f,t,,,,,,,Z.H.Feng@20048642-1@2@aut$Bourdon@16402-1@1@bas,,,comb. et stat. nov.,,1.4,f,ophrys~pseudofuscapano-lefkaron,orchidaceaeophrys~pseudofuscapano-lefkaron,185,wfo-1200117951,,subspecies,valid,,,,Plant 14(1): 18 (2026),https://www.ipni.org/n/77376182-1,IPNI record: 77376182-1
urn:lsid:ipni.org:names:77376183-1,(J.M.Mathé) Z.H.Feng,Orchidaceae Ophrys × pourteiniae J.M.Mathé,(J.M.Mathé),1012822-1,,,14(1): 18,,,,,,,,,,,,30/01/2026 13:01,06/02/2026 05:46,,,Orchidaceae,Ophrys × pseudofusca nothosubsp. pourteiniae,Ophrys × pseudofusca nothosubsp. pourteiniae,Ophrys,,t,f,,,,,pourteiniae,,,,,,,,,,,,,,,,,,,,,,,null:,648063-1,Plant,urn:lsid:ipni.org:publications:20044785-1,2026,2026 [27 Jan 2026],[27 Jan 2026],Z.H.Feng,nothosubsp.,Plant 14(1): 18. 2026 [27 Jan 2026] ,,doi:10.11648/j.plant.20261401.11,,,11,pseudofusca,Albert & E.G.Camus,,f,t,,,,,,,J.M.Mathé@36871-1@2@bas$Z.H.Feng@20048642-1@1@aut,E.G.Camus@0-0@2@aut$Albert@0-0@1@aut,,comb. et stat. nov.,,1.3,f,ophrys~pseudofuscapourteiniae,orchidaceaeophrys~pseudofuscapourteiniae,186,wfo-1200117952,,subspecies,valid,,,,Plant 14(1): 18 (2026),https://www.ipni.org/n/77376183-1,IPNI record: 77376183-1
urn:lsid:ipni.org:names:77376184-1,(Soca) Z.H.Feng,Orchidaceae Ophrys × souliei Soca,(Soca),77067829-1,,,14(1): 18,,,,,,,,,,,,30/01/2026 13:02,06/02/2026 05:46,,,Orchidaceae,Ophrys × pseudofusca nothosubsp. souliei,Ophrys × pseudofusca nothosubsp. souliei,Ophrys,,t,f,,,,,souliei,,,,,,,,,,,,,,,,,,,,,,,null:,648063-1,Plant,urn:lsid:ipni.org:publications:20044785-1,2026,2026 [27 Jan 2026],[27 Jan 2026],Z.H.Feng,nothosubsp.,Plant 14(1): 18. 2026 [27 Jan 2026] ,,doi:10.11648/j.plant.20261401.11,,,11,pseudofusca,Albert & E.G.Camus,,f,t,,,,,,,Soca@37067-1@2@bas$Z.H.Feng@20048642-1@1@aut,Albert@0-0@1@aut$E.G.Camus@0-0@2@aut,,comb. et stat. nov.,,1.3,f,ophrys~pseudofuscasouliei,orchidaceaeophrys~pseudofuscasouliei,187,wfo-1200117953,,subspecies,valid,,,,Plant 14(1): 18 (2026),https://www.ipni.org/n/77376184-1,IPNI record: 77376184-1
urn:lsid:ipni.org:names:77376185-1,(D'Alonzo & Perilli) Z.H.Feng,Orchidaceae Ophrys × ballerinii D'Alonzo & Perilli,(D'Alonzo & Perilli),77212558-1,,,14(1): 18,,,,,,,,,,,,30/01/2026 13:04,06/02/2026 05:47,,,Orchidaceae,Ophrys pseudoquadriloba nothosubsp. ballerinii,Ophrys pseudoquadriloba nothosubsp. ballerinii,Ophrys,,t,f,,,,,ballerinii,,,,,,,,,,,,,,,,,,,,,,,null:,648067-1,Plant,urn:lsid:ipni.org:publications:20044785-1,2026,2026 [27 Jan 2026],[27 Jan 2026],Z.H.Feng,nothosubsp.,Plant 14(1): 18. 2026 [27 Jan 2026] ,,doi:10.11648/j.plant.20261401.11,,,11,pseudoquadriloba,Renz,,f,t,,,,,,,D'Alonzo@20027056-1@2@bas$Perilli@20029818-1@3@bas$Z.H.Feng@20048642-1@1@aut,Renz@0-0@1@aut,,comb. et stat. nov.,,1.3,f,ophrys~pseudoquadrilobaballerinii,orchidaceaeophrys~pseudoquadrilobaballerinii,188,wfo-1200117954,,subspecies,valid,,,,Plant 14(1): 18 (2026),https://www.ipni.org/n/77376185-1,IPNI record: 77376185-1
urn:lsid:ipni.org:names:77376186-1,(D'Alonzo & Perilli) Z.H.Feng,Orchidaceae Ophrys × mirandana C.E.Hermos. & Ubieto nothosubsp. coletteae D'Alonzo & Perilli,(D'Alonzo & Perilli),77196010-1,,,14(1): 18,,,,,,,,,,,,30/01/2026 13:06,06/02/2026 05:48,,,Orchidaceae,Ophrys pseudoquadriloba nothosubsp. coletteae,Ophrys pseudoquadriloba nothosubsp. coletteae,Ophrys,,t,f,,,,,coletteae,,,,,,,,,,,,,,,,,,,,,,,null:,648067-1,Plant,urn:lsid:ipni.org:publications:20044785-1,2026,2026 [27 Jan 2026],[27 Jan 2026],Z.H.Feng,nothosubsp.,Plant 14(1): 18. 2026 [27 Jan 2026] ,,doi:10.11648/j.plant.20261401.11,,,11,pseudoquadriloba,Renz,,f,t,,,,,,,Perilli@20029818-1@3@bas$D'Alonzo@20027056-1@2@bas$Z.H.Feng@20048642-1@1@aut,Renz@0-0@1@aut,,comb. nov.,,1.3,f,ophrys~pseudoquadrilobacoletteae,orchidaceaeophrys~pseudoquadrilobacoletteae,189,wfo-1200117955,,subspecies,valid,,,,Plant 14(1): 18 (2026),https://www.ipni.org/n/77376186-1,IPNI record: 77376186-1
urn:lsid:ipni.org:names:77376187-1,(P.Delforge) Z.H.Feng,Orchidaceae Ophrys × demangeana P.Delforge,(P.Delforge),973585-1,,,14(1): 18,,,,,,,,,,,,30/01/2026 15:55,06/02/2026 05:49,,,Orchidaceae,Ophrys pseudoquadriloba nothosubsp. demangeana,Ophrys pseudoquadriloba nothosubsp. demangeana,Ophrys,,t,f,,,,,demangeana,,,,,,,,,,,,,,,,,,,,,,,null:,648067-1,Plant,urn:lsid:ipni.org:publications:20044785-1,2026,2026 [27 Jan 2026],[27 Jan 2026],Z.H.Feng,nothosubsp.,Plant 14(1): 18. 2026 [27 Jan 2026] ,,doi:10.11648/j.plant.20261401.11,,,11,pseudoquadriloba,Renz,,f,t,,,,,,,P.Delforge@17903-1@2@bas$Z.H.Feng@20048642-1@1@aut,Renz@0-0@1@aut,,comb. et stat. nov.,,1.3,f,ophrys~pseudoquadrilobademangeana,orchidaceaeophrys~pseudoquadrilobademangeana,190,wfo-1200117956,,subspecies,valid,,,,Plant 14(1): 18 (2026),https://www.ipni.org/n/77376187-1,IPNI record: 77376187-1
urn:lsid:ipni.org:names:77376188-1,(P.Delforge) Z.H.Feng,Orchidaceae Ophrys × leguerrierae P.Delforge,(P.Delforge),904781-1,,,14(1): 18,,,,,,,,,,,,30/01/2026 15:56,06/02/2026 05:50,,,Orchidaceae,Ophrys pseudoquadriloba nothosubsp. leguerrierae,Ophrys pseudoquadriloba nothosubsp. leguerrierae,Ophrys,,t,f,,,,,leguerrierae,,,,,,,,,,,,,,,,,,,,,,,null:,648067-1,Plant,urn:lsid:ipni.org:publications:20044785-1,2026,2026 [27 Jan 2026],[27 Jan 2026],Z.H.Feng,nothosubsp.,Plant 14(1): 18. 2026 [27 Jan 2026] ,,doi:10.11648/j.plant.20261401.11,,,11,pseudoquadriloba,Renz,,f,t,,,,,,,P.Delforge@17903-1@2@bas$Z.H.Feng@20048642-1@1@aut,Renz@0-0@1@aut,,comb. et stat. nov.,,1.3,f,ophrys~pseudoquadrilobaleguerrierae,orchidaceaeophrys~pseudoquadrilobaleguerrierae,191,wfo-1200117957,,subspecies,valid,,,,Plant 14(1): 18 (2026),https://www.ipni.org/n/77376188-1,IPNI record: 77376188-1
urn:lsid:ipni.org:names:77376189-1,(D'Alonzo & Perilli) Z.H.Feng,Orchidaceae Ophrys × mirandana C.E.Hermos. & Ubieto nothosubsp. maschioi D'Alonzo & Perilli,(D'Alonzo & Perilli),77220833-1,,,14(1): 18,,,,,,,,,,,,30/01/2026 15:57,06/02/2026 05:52,,,Orchidaceae,Ophrys pseudoquadriloba nothosubsp. maschioi,Ophrys pseudoquadriloba nothosubsp. maschioi,Ophrys,,t,f,,,,,maschioi,,,,,,,,,,,,,,,,,,,,,,,null:,648067-1,Plant,urn:lsid:ipni.org:publications:20044785-1,2026,2026 [27 Jan 2026],[27 Jan 2026],Z.H.Feng,nothosubsp.,Plant 14(1): 18. 2026 [27 Jan 2026] ,,doi:10.11648/j.plant.20261401.11,,,11,pseudoquadriloba,Renz,,f,t,,,,,,,Z.H.Feng@20048642-1@1@aut$D'Alonzo@20027056-1@2@bas$Perilli@20029818-1@3@bas,Renz@0-0@1@aut,,comb. nov.,,1.3,f,ophrys~pseudoquadrilobamaschioi,orchidaceaeophrys~pseudoquadrilobamaschioi,192,wfo-1200117958,,subspecies,valid,,,,Plant 14(1): 18 (2026),https://www.ipni.org/n/77376189-1,IPNI record: 77376189-1
urn:lsid:ipni.org:names:77376190-1,(Kohlmüller) Z.H.Feng,Orchidaceae Ophrys piscinica  nothosubsp. mattinatellae Kohlmüller,(Kohlmüller),971238-1,,,14(1): 18,,,,,,,,,,,,30/01/2026 15:59,06/02/2026 05:52,,,Orchidaceae,Ophrys pseudoquadriloba nothosubsp. mattinatellae,Ophrys pseudoquadriloba nothosubsp. mattinatellae,Ophrys,,t,f,,,,,mattinatellae,,,,,,,,,,,,,,,,,,,,,,,null:,648067-1,Plant,urn:lsid:ipni.org:publications:20044785-1,2026,2026 [27 Jan 2026],[27 Jan 2026],Z.H.Feng,nothosubsp.,Plant 14(1): 18. 2026 [27 Jan 2026] ,,doi:10.11648/j.plant.20261401.11,,,11,pseudoquadriloba,Renz,,f,t,,,,,,,Kohlmüller@21589-1@2@bas$Z.H.Feng@20048642-1@1@aut,Renz@0-0@1@aut,,comb. nov.,,1.3,f,ophrys~pseudoquadrilobamattinatellae,orchidaceaeophrys~pseudoquadrilobamattinatellae,193,wfo-1200117959,,subspecies,valid,,,,Plant 14(1): 18 (2026),https://www.ipni.org/n/77376190-1,IPNI record: 77376190-1
urn:lsid:ipni.org:names:77376191-1,(P.Delforge & C.Delforge) Z.H.Feng,Orchidaceae Ophrys × piscinica P.Delforge & C.Delforge,(P.Delforge & C.Delforge),972996-1,,,14(1): 18,,,,,,,,,,,,30/01/2026 16:01,06/02/2026 05:53,,,Orchidaceae,Ophrys pseudoquadriloba nothosubsp. piscinica,Ophrys pseudoquadriloba nothosubsp. piscinica,Ophrys,,t,f,,,,,piscinica,,,,,,,,,,,,,,,,,,,,,,,null:,648067-1,Plant,urn:lsid:ipni.org:publications:20044785-1,2026,2026 [27 Jan 2026],[27 Jan 2026],Z.H.Feng,nothosubsp.,Plant 14(1): 18. 2026 [27 Jan 2026] ,,doi:10.11648/j.plant.20261401.11,,,11,pseudoquadriloba,Renz,,f,t,,,,,,,C.Delforge@17902-1@3@bas$Z.H.Feng@20048642-1@1@aut$P.Delforge@17903-1@2@bas,Renz@0-0@1@aut,,comb. et stat. nov.,,1.3,f,ophrys~pseudoquadrilobapiscinica,orchidaceaeophrys~pseudoquadrilobapiscinica,194,wfo-1200117960,,subspecies,valid,,,,Plant 14(1): 18 (2026),https://www.ipni.org/n/77376191-1,IPNI record: 77376191-1
urn:lsid:ipni.org:names:77376193-1,(Antonj & Gransinigh) Z.H.Feng,Orchidaceae Ophrys × tuchulchae Antonj & Gransinigh,(Antonj & Gransinigh),77363689-1,,,14(1): 18,,,,,,,,,,,,30/01/2026 16:05,06/02/2026 05:54,,,Orchidaceae,Ophrys pseudoquadriloba nothosubsp. tuchulchae,Ophrys pseudoquadriloba nothosubsp. tuchulchae,Ophrys,,t,f,,,,,tuchulchae,,,,,,,,,,,,,,,,,,,,,,,null:,648067-1,Plant,urn:lsid:ipni.org:publications:20044785-1,2026,2026 [27 Jan 2026],[27 Jan 2026],Z.H.Feng,nothosubsp.,Plant 14(1): 18. 2026 [27 Jan 2026] ,,doi:10.11648/j.plant.20261401.11,,,11,pseudoquadriloba,Renz,,f,t,,,,,,,Antonj@20040130-1@2@bas$Z.H.Feng@20048642-1@1@aut$Gransinigh@20017879-1@3@bas,Renz@0-0@1@aut,,comb. et stat. nov.,,1.3,f,ophrys~pseudoquadrilobatuchulchae,orchidaceaeophrys~pseudoquadrilobatuchulchae,195,wfo-1200117961,,subspecies,valid,,,,Plant 14(1): 18 (2026),https://www.ipni.org/n/77376193-1,IPNI record: 77376193-1
urn:lsid:ipni.org:names:77376194-1,"(Robles, A.M.Díaz & Miguel Gómez) Z.H.Feng","Orchidaceae Ophrys × oretana Robles, A.M.Díaz & Miguel Gómez","(Robles, A.M.Díaz & Miguel Gómez)",77317984-1,,,14(1): 18,,,,,,,,,,,,30/01/2026 16:07,06/02/2026 05:55,,,Orchidaceae,Ophrys pseudospeculum nothosubsp. oretana,Ophrys pseudospeculum nothosubsp. oretana,Ophrys,,t,f,,,,,oretana,,,,,,,,,,,,,,,,,,,,,,,null:,648068-1,Plant,urn:lsid:ipni.org:publications:20044785-1,2026,2026 [27 Jan 2026],[27 Jan 2026],Z.H.Feng,nothosubsp.,Plant 14(1): 18. 2026 [27 Jan 2026] ,,doi:10.11648/j.plant.20261401.11,,,11,pseudospeculum,DC.,,f,t,,,,,,,Z.H.Feng@20048642-1@1@aut$Robles@20038059-1@2@bas$Miguel Gómez@20060671-1@4@bas$A.M.Díaz@20060672-1@3@bas,DC.@0-0@1@aut,,comb. et stat. nov.,,1.3,f,ophrys~pseudospeculumoretana,orchidaceaeophrys~pseudospeculumoretana,196,wfo-1200117962,,subspecies,valid,,,,Plant 14(1): 18 (2026),https://www.ipni.org/n/77376194-1,IPNI record: 77376194-1
urn:lsid:ipni.org:names:77376195-1,(H.Baumann & Künkele) Z.H.Feng,Orchidaceae Ophrys × daunia H.Baumann & Künkele,(H.Baumann & Künkele),930186-1,,,14(1): 18,,,,,,,,,,,,30/01/2026 16:08,06/02/2026 07:12,,,Orchidaceae,Ophrys × rainei nothosubsp. daunia,Ophrys × rainei nothosubsp. daunia,Ophrys,,t,f,,,,,daunia,,,,,,,,,,,,,,,,,,,,,,,null:,648079-1,Plant,urn:lsid:ipni.org:publications:20044785-1,2026,2026 [27 Jan 2026],[27 Jan 2026],Z.H.Feng,nothosubsp.,Plant 14(1): 18. 2026 [27 Jan 2026] ,,doi:10.11648/j.plant.20261401.11,,,11,rainei,Albert & Jahand.,,f,t,,,,,,,Z.H.Feng@20048642-1@1@aut$Künkele@14783-1@3@bas$H.Baumann@14601-1@2@bas,Jahand.@0-0@2@aut$Albert@0-0@1@aut,,comb. et stat. nov.,,1.3,f,ophrys~raineidaunia,orchidaceaeophrys~raineidaunia,197,wfo-1200117963,,subspecies,valid,,,,Plant 14(1): 18 (2026),https://www.ipni.org/n/77376195-1,IPNI record: 77376195-1
urn:lsid:ipni.org:names:77376196-1,(Romolini & Soca) Z.H.Feng,Orchidaceae Ophrys × stivii Romolini & Soca,(Romolini & Soca),77147094-1,,,14(1): 18,,,,,,,,,,,,30/01/2026 16:09,06/02/2026 07:13,,,Orchidaceae,Ophrys × rainei nothosubsp. stivii,Ophrys × rainei nothosubsp. stivii,Ophrys,,t,f,,,,,stivii,,,,,,,,,,,,,,,,,,,,,,,null:,648079-1,Plant,urn:lsid:ipni.org:publications:20044785-1,2026,2026 [27 Jan 2026],[27 Jan 2026],Z.H.Feng,nothosubsp.,Plant 14(1): 18. 2026 [27 Jan 2026] ,,doi:10.11648/j.plant.20261401.11,,,11,rainei,Albert & Jahand.,,f,t,,,,,,,Soca@37067-1@3@bas$Z.H.Feng@20048642-1@1@aut$Romolini@39542-1@2@bas,Jahand.@0-0@2@aut$Albert@0-0@1@aut,,comb. et stat. nov.,,1.3,f,ophrys~raineistivii,orchidaceaeophrys~raineistivii,198,wfo-1200117964,,subspecies,valid,,,,Plant 14(1): 18 (2026),https://www.ipni.org/n/77376196-1,IPNI record: 77376196-1
urn:lsid:ipni.org:names:77376197-1,"(Battagl., Romolini & Soca) Z.H.Feng","Orchidaceae Ophrys × subertana Battagl., Romolini & Soca","(Battagl., Romolini & Soca)",77343158-1,,,14(1): 18,,,,,,,,,,,,30/01/2026 16:11,06/02/2026 07:14,,,Orchidaceae,Ophrys × rasbachii nothosubsp. subertana,Ophrys × rasbachii nothosubsp. subertana,Ophrys,,t,f,,,,,subertana,,,,,,,,,,,,,,,,,,,,,,,null:,648080-1,Plant,urn:lsid:ipni.org:publications:20044785-1,2026,2026 [27 Jan 2026],[27 Jan 2026],Z.H.Feng,nothosubsp.,Plant 14(1): 18. 2026 [27 Jan 2026] ,,doi:10.11648/j.plant.20261401.11,,,11,rasbachii,G.Eberle,,f,t,,,,,,,Z.H.Feng@20048642-1@1@aut$Soca@37067-1@4@bas$Romolini@39542-1@3@bas$Battagl.@20074378-1@2@bas,G.Eberle@0-0@1@aut,,comb. et stat. nov.,,1.3,f,ophrys~rasbachiisubertana,orchidaceaeophrys~rasbachiisubertana,199,wfo-1200117965,,subspecies,valid,,,,Plant 14(1): 18 (2026),https://www.ipni.org/n/77376197-1,IPNI record: 77376197-1
urn:lsid:ipni.org:names:77376198-1,(Kreutz & Ruedi Peter) Z.H.Feng,Orchidaceae Ophrys konyana Kreutz & Ruedi Peter,(Kreutz & Ruedi Peter),77092856-1,,,14(1): 18,,,,,,,,,,,,30/01/2026 16:12,06/02/2026 07:14,,,Orchidaceae,Ophrys × raynaudii nothosubsp. konyana,Ophrys × raynaudii nothosubsp. konyana,Ophrys,,t,f,,,,,konyana,,,,,,,,,,,,,,,,,,,,,,,null:,976742-1,Plant,urn:lsid:ipni.org:publications:20044785-1,2026,2026 [27 Jan 2026],[27 Jan 2026],Z.H.Feng,nothosubsp.,Plant 14(1): 18. 2026 [27 Jan 2026] ,,doi:10.11648/j.plant.20261401.11,,,11,raynaudii,P.Delforge,,f,t,,,,,,,Kreutz@14781-1@2@bas$Ruedi Peter@36080-1@3@bas$Z.H.Feng@20048642-1@1@aut,P.Delforge@0-0@1@aut,,comb. et stat. nov.,,1.3,f,ophrys~raynaudiikonyana,orchidaceaeophrys~raynaudiikonyana,200,wfo-1200117966,,subspecies,valid,,,,Plant 14(1): 18 (2026),https://www.ipni.org/n/77376198-1,IPNI record: 77376198-1
urn:lsid:ipni.org:names:77376199-1,(B.Baumann & H.Baumann) Z.H.Feng,Orchidaceae Ophrys × demutiana B.Baumann & H.Baumann,(B.Baumann & H.Baumann),904775-1,,,14(1): 18,,,,,,,,,,,,30/01/2026 16:14,06/02/2026 07:15,,,Orchidaceae,Ophrys rechingeri nothosubsp. demutiana,Ophrys rechingeri nothosubsp. demutiana,Ophrys,,t,f,,,,,demutiana,,,,,,,,,,,,,,,,,,,,,,,null:,648081-1,Plant,urn:lsid:ipni.org:publications:20044785-1,2026,2026 [27 Jan 2026],[27 Jan 2026],Z.H.Feng,nothosubsp.,Plant 14(1): 18. 2026 [27 Jan 2026] ,,doi:10.11648/j.plant.20261401.11,,,11,rechingeri,Soó,,f,t,,,,,,,Z.H.Feng@20048642-1@1@aut$B.Baumann@15810-1@2@bas$H.Baumann@14601-1@3@bas,Soó@0-0@1@aut,,comb. et stat. nov.,,1.3,f,ophrys~rechingeridemutiana,orchidaceaeophrys~rechingeridemutiana,201,wfo-1200117967,,subspecies,valid,,,,Plant 14(1): 18 (2026),https://www.ipni.org/n/77376199-1,IPNI record: 77376199-1
urn:lsid:ipni.org:names:77376200-1,(B.Willing & E.Willing) Z.H.Feng,Orchidaceae Ophrys × fortosica B.Willing & E.Willing,(B.Willing & E.Willing),930018-1,,,14(1): 18,,,,,,,,,,,,30/01/2026 16:15,06/02/2026 07:17,,,Orchidaceae,Ophrys rechingeri nothosubsp. fortosica,Ophrys rechingeri nothosubsp. fortosica,Ophrys,,t,f,,,,,fortosica,,,,,,,,,,,,,,,,,,,,,,,null:,648081-1,Plant,urn:lsid:ipni.org:publications:20044785-1,2026,2026 [27 Jan 2026],[27 Jan 2026],Z.H.Feng,nothosubsp.,Plant 14(1): 18. 2026 [27 Jan 2026] ,,doi:10.11648/j.plant.20261401.11,,,11,rechingeri,Soó,,f,t,,,,,,,Z.H.Feng@20048642-1@1@aut$E.Willing@11718-1@3@bas$B.Willing@11717-1@2@bas,Soó@0-0@1@aut,,comb. et stat. nov.,,1.3,f,ophrys~rechingerifortosica,orchidaceaeophrys~rechingerifortosica,202,wfo-1200117968,,subspecies,valid,,,,Plant 14(1): 18 (2026),https://www.ipni.org/n/77376200-1,IPNI record: 77376200-1
urn:lsid:ipni.org:names:77376201-1,(P.Delforge) Z.H.Feng,Orchidaceae Ophrys × mastii P.Delforge,(P.Delforge),902654-1,,,14(1): 18,,,,,,,,,,,,30/01/2026 16:16,06/02/2026 07:18,,,Orchidaceae,Ophrys rechingeri nothosubsp. mastii,Ophrys rechingeri nothosubsp. mastii,Ophrys,,t,f,,,,,mastii,,,,,,,,,,,,,,,,,,,,,,,null:,648081-1,Plant,urn:lsid:ipni.org:publications:20044785-1,2026,2026 [27 Jan 2026],[27 Jan 2026],Z.H.Feng,nothosubsp.,Plant 14(1): 18. 2026 [27 Jan 2026] ,,doi:10.11648/j.plant.20261401.11,,,11,rechingeri,Soó,,f,t,,,,,,,P.Delforge@17903-1@2@bas$Z.H.Feng@20048642-1@1@aut,Soó@0-0@1@aut,,comb. et stat. nov.,,1.3,f,ophrys~rechingerimastii,orchidaceaeophrys~rechingerimastii,203,wfo-1200117969,,subspecies,valid,,,,Plant 14(1): 18 (2026),https://www.ipni.org/n/77376201-1,IPNI record: 77376201-1
urn:lsid:ipni.org:names:77376202-1,(Lumare & Medagli) Z.H.Feng,Orchidaceae Ophrys × biagiolii Lumare & Medagli,(Lumare & Medagli),77196002-1,,,14(1): 18,,,,,,,,,,,,30/01/2026 16:18,06/02/2026 07:18,,,Orchidaceae,Ophrys × resurrecta nothosubsp. biagiolii,Ophrys × resurrecta nothosubsp. biagiolii,Ophrys,,t,f,,,,,biagiolii,,,,,,,,,,,,,,,,,,,,,,,null:,648086-1,Plant,urn:lsid:ipni.org:publications:20044785-1,2026,2026 [27 Jan 2026],[27 Jan 2026],Z.H.Feng,nothosubsp.,Plant 14(1): 18. 2026 [27 Jan 2026] ,,doi:10.11648/j.plant.20261401.11,,,11,resurrecta,O.Danesch & E.Danesch,,f,t,,,,,,,Z.H.Feng@20048642-1@1@aut$Lumare@20028213-1@2@bas$Medagli@34888-1@3@bas,E.Danesch@0-0@2@aut$O.Danesch@0-0@1@aut,,comb. et stat. nov.,,1.3,f,ophrys~resurrectabiagiolii,orchidaceaeophrys~resurrectabiagiolii,204,wfo-1200117970,,subspecies,valid,,,,Plant 14(1): 18 (2026),https://www.ipni.org/n/77376202-1,IPNI record: 77376202-1
urn:lsid:ipni.org:names:77376203-1,(O.Danesch & E.Danesch) Z.H.Feng,Orchidaceae Ophrys × martini O.Danesch & E.Danesch,(O.Danesch & E.Danesch),647989-1,,,14(1): 19,,,,,,,,,,,,30/01/2026 16:27,06/02/2026 07:19,,,Orchidaceae,Ophrys × resurrecta nothosubsp. martini,Ophrys × resurrecta nothosubsp. martini,Ophrys,,t,f,,,,,martini,,,,,,,,,,,,,,,,,,,,,,,null:,648086-1,Plant,urn:lsid:ipni.org:publications:20044785-1,2026,2026 [27 Jan 2026],[27 Jan 2026],Z.H.Feng,nothosubsp.,Plant 14(1): 19. 2026 [27 Jan 2026] ,,doi:10.11648/j.plant.20261401.11,,,11,resurrecta,O.Danesch & E.Danesch,,f,t,,,,,,,E.Danesch@1981-1@3@bas$O.Danesch@1982-1@2@bas$Z.H.Feng@20048642-1@1@aut,O.Danesch@0-0@1@aut$E.Danesch@0-0@2@aut,,comb. et stat. nov.,,1.3,f,ophrys~resurrectamartini,orchidaceaeophrys~resurrectamartini,205,wfo-1200117971,,subspecies,valid,,,,Plant 14(1): 19 (2026),https://www.ipni.org/n/77376203-1,IPNI record: 77376203-1
urn:lsid:ipni.org:names:77376204-1,"(Turco, Ruggiero, Gennaio & D'Emerico) Z.H.Feng","Orchidaceae Ophrys × medaglii Turco, Ruggiero, Gennaio & D'Emerico","(Turco, Ruggiero, Gennaio & D'Emerico)",60459974-2,,,14(1): 19,,,,,,,,,,,,30/01/2026 16:29,06/02/2026 07:20,,,Orchidaceae,Ophrys × resurrecta nothosubsp. medaglii,Ophrys × resurrecta nothosubsp. medaglii,Ophrys,,t,f,,,,,medaglii,,,,,,,,,,,,,,,,,,,,,,,null:,648086-1,Plant,urn:lsid:ipni.org:publications:20044785-1,2026,2026 [27 Jan 2026],[27 Jan 2026],Z.H.Feng,nothosubsp.,Plant 14(1): 19. 2026 [27 Jan 2026] ,,doi:10.11648/j.plant.20261401.11,,,11,resurrecta,O.Danesch & E.Danesch,,f,t,,,,,,,Turco@20017601-1@2@bas$Gennaio@20015393-1@4@bas$Ruggiero@34892-1@3@bas$D'Emerico@34876-1@5@bas$Z.H.Feng@20048642-1@1@aut,O.Danesch@0-0@1@aut$E.Danesch@0-0@2@aut,,comb. et stat. nov.,,1.3,f,ophrys~resurrectamedaglii,orchidaceaeophrys~resurrectamedaglii,206,wfo-1200117972,,subspecies,valid,,,,Plant 14(1): 19 (2026),https://www.ipni.org/n/77376204-1,IPNI record: 77376204-1
urn:lsid:ipni.org:names:77376205-1,(Gennaio) Z.H.Feng,Orchidaceae Ophrys × ozantina Gennaio,(Gennaio),77098444-1,,,14(1): 19,,,,,,,,,,,,30/01/2026 16:30,06/02/2026 07:20,,,Orchidaceae,Ophrys × resurrecta nothosubsp. ozantina,Ophrys × resurrecta nothosubsp. ozantina,Ophrys,,t,f,,,,,ozantina,,,,,,,,,,,,,,,,,,,,,,,null:,648086-1,Plant,urn:lsid:ipni.org:publications:20044785-1,2026,2026 [27 Jan 2026],[27 Jan 2026],Z.H.Feng,nothosubsp.,Plant 14(1): 19. 2026 [27 Jan 2026] ,,doi:10.11648/j.plant.20261401.11,,,11,resurrecta,O.Danesch & E.Danesch,,f,t,,,,,,,Gennaio@20015393-1@2@bas$Z.H.Feng@20048642-1@1@aut,O.Danesch@0-0@1@aut$E.Danesch@0-0@2@aut,,comb. et stat. nov.,,1.3,f,ophrys~resurrectaozantina,orchidaceaeophrys~resurrectaozantina,207,wfo-1200117973,,subspecies,valid,,,,Plant 14(1): 19 (2026),https://www.ipni.org/n/77376205-1,IPNI record: 77376205-1
urn:lsid:ipni.org:names:77376207-1,"(Serafino, Gennaio, Chetta, M.Gargiulo & Medagli) Z.H.Feng","Orchidaceae Ophrys × salapiensis Serafino, Gennaio, Chetta, M.Gargiulo & Medagli","(Serafino, Gennaio, Chetta, M.Gargiulo & Medagli)",77175573-1,,,14(1): 19,,,,,,,,,,,,30/01/2026 16:32,06/02/2026 07:21,,,Orchidaceae,Ophrys × resurrecta nothosubsp. salapiensis,Ophrys × resurrecta nothosubsp. salapiensis,Ophrys,,t,f,,,,,salapiensis,,,,,,,,,,,,,,,,,,,,,,,null:,648086-1,Plant,urn:lsid:ipni.org:publications:20044785-1,2026,2026 [27 Jan 2026],[27 Jan 2026],Z.H.Feng,nothosubsp.,Plant 14(1): 19. 2026 [27 Jan 2026] ,,doi:10.11648/j.plant.20261401.11,,,11,resurrecta,O.Danesch & E.Danesch,,f,t,,,,,,,Z.H.Feng@20048642-1@1@aut$Medagli@34888-1@6@bas$Chetta@20031179-1@4@bas$M.Gargiulo@20033572-1@5@bas$Serafino@14518-1@2@bas$Gennaio@20015393-1@3@bas,O.Danesch@0-0@1@aut$E.Danesch@0-0@2@aut,,comb. et stat. nov.,,1.3,f,ophrys~resurrectasalapiensis,orchidaceaeophrys~resurrectasalapiensis,208,wfo-1200117974,,subspecies,valid,,,,Plant 14(1): 19 (2026),https://www.ipni.org/n/77376207-1,IPNI record: 77376207-1
urn:lsid:ipni.org:names:77376209-1,(P.Delforge) Z.H.Feng,Orchidaceae Ophrys × vereeckeniana P.Delforge,(P.Delforge),77078471-1,,,14(1): 19,,,,,,,,,,,,30/01/2026 16:47,06/02/2026 07:22,,,Orchidaceae,Ophrys scolopax nothosubsp. vereeckeniana,Ophrys scolopax nothosubsp. vereeckeniana,Ophrys,,t,f,,,,,vereeckeniana,,,,,,,,,,,,,,,,,,,,,,,null:,648106-1,Plant,urn:lsid:ipni.org:publications:20044785-1,2026,2026 [27 Jan 2026],[27 Jan 2026],Z.H.Feng,nothosubsp.,Plant 14(1): 19. 2026 [27 Jan 2026] ,,doi:10.11648/j.plant.20261401.11,,,11,scolopax,Cav.,,f,t,,,,,,,Z.H.Feng@20048642-1@1@aut$P.Delforge@17903-1@2@bas,Cav.@1465-1@1@aut,,comb. et stat. nov.,,1.3,f,ophrys~scolopaxvereeckeniana,orchidaceaeophrys~scolopaxvereeckeniana,209,wfo-1200117975,,subspecies,valid,,,,Plant 14(1): 19 (2026),https://www.ipni.org/n/77376209-1,IPNI record: 77376209-1
urn:lsid:ipni.org:names:77376210-1,(D.Tyteca & B.Tyteca) Z.H.Feng,Orchidaceae Ophrys × innominata D.Tyteca & B.Tyteca,(D.Tyteca & B.Tyteca),906772-1,,,14(1): 19,,,,,,,,,,,,30/01/2026 16:49,06/02/2026 07:24,,,Orchidaceae,Ophrys speculum nothosubsp. innominata,Ophrys speculum nothosubsp. innominata,Ophrys,,t,f,,,,,innominata,,,,,,,,,,,,,,,,,,,,,,,null:,648125-1,Plant,urn:lsid:ipni.org:publications:20044785-1,2026,2026 [27 Jan 2026],[27 Jan 2026],Z.H.Feng,nothosubsp.,Plant 14(1): 19. 2026 [27 Jan 2026] ,,doi:10.11648/j.plant.20261401.11,,,11,speculum,Link,,f,t,,,,,,,Z.H.Feng@20048642-1@1@aut$B.Tyteca@28014-1@3@bas$D.Tyteca@28015-1@2@bas,Link@22401-1@1@aut,,comb. et stat. nov.,,1.3,f,ophrys~speculuminnominata,orchidaceaeophrys~speculuminnominata,210,wfo-1200117976,,subspecies,valid,,,,Plant 14(1): 19 (2026),https://www.ipni.org/n/77376210-1,IPNI record: 77376210-1
urn:lsid:ipni.org:names:77376211-1,(C.E.Hermos.) Z.H.Feng,Orchidaceae Ophrys × acina C.E.Hermos.,(C.E.Hermos.),1011370-1,,,14(1): 19,,,,,,,,,,,,30/01/2026 16:51,06/02/2026 07:24,,,Orchidaceae,Ophrys sphegodes nothosubsp. acina,Ophrys sphegodes nothosubsp. acina,Ophrys,,t,f,,,,,acina,,,,,,,,,,,,,,,,,,,,,,,null:,648128-1,Plant,urn:lsid:ipni.org:publications:20044785-1,2026,2026 [27 Jan 2026],[27 Jan 2026],Z.H.Feng,nothosubsp.,Plant 14(1): 19. 2026 [27 Jan 2026] ,,doi:10.11648/j.plant.20261401.11,,,11,sphegodes,Mill.,,f,t,,,,,,,C.E.Hermos.@38368-1@2@bas$Z.H.Feng@20048642-1@1@aut,Mill.@0-0@1@aut,,comb. et stat. nov.,,1.3,f,ophrys~sphegodesacina,orchidaceaeophrys~sphegodesacina,211,wfo-1200117977,,subspecies,valid,,,,Plant 14(1): 19 (2026),https://www.ipni.org/n/77376211-1,IPNI record: 77376211-1
urn:lsid:ipni.org:names:77376212-1,"(Medagli, D'Emerico & Ruggiero) Z.H.Feng","Orchidaceae Ophrys × biancoae Medagli, D'Emerico & Ruggiero","(Medagli, D'Emerico & Ruggiero)",936748-1,,,14(1): 19,,,,,,,,,,,,30/01/2026 16:52,06/02/2026 07:25,,,Orchidaceae,Ophrys sphegodes nothosubsp. biancoae,Ophrys sphegodes nothosubsp. biancoae,Ophrys,,t,f,,,,,biancoae,,,,,,,,,,,,,,,,,,,,,,,null:,648128-1,Plant,urn:lsid:ipni.org:publications:20044785-1,2026,2026 [27 Jan 2026],[27 Jan 2026],Z.H.Feng,nothosubsp.,Plant 14(1): 19. 2026 [27 Jan 2026] ,,doi:10.11648/j.plant.20261401.11,,,11,sphegodes,Mill.,,f,t,,,,,,,Z.H.Feng@20048642-1@1@aut$Ruggiero@34892-1@4@bas$D'Emerico@34876-1@3@bas$Medagli@34888-1@2@bas,Mill.@0-0@1@aut,,comb. et stat. nov.,,1.3,f,ophrys~sphegodesbiancoae,orchidaceaeophrys~sphegodesbiancoae,212,wfo-1200117978,,subspecies,valid,,,,Plant 14(1): 19 (2026),https://www.ipni.org/n/77376212-1,IPNI record: 77376212-1
urn:lsid:ipni.org:names:77376213-1,(C.Alibertis & A.Alibertis) Z.H.Feng,Orchidaceae Ophrys × burneriana C.Alibertis & A.Alibertis,(C.Alibertis & A.Alibertis),936913-1,,,14(1): 19,,,,,,,,,,,,30/01/2026 16:53,06/02/2026 07:25,,,Orchidaceae,Ophrys sphegodes nothosubsp. burneriana,Ophrys sphegodes nothosubsp. burneriana,Ophrys,,t,f,,,,,burneriana,,,,,,,,,,,,,,,,,,,,,,,null:,648128-1,Plant,urn:lsid:ipni.org:publications:20044785-1,2026,2026 [27 Jan 2026],[27 Jan 2026],Z.H.Feng,nothosubsp.,Plant 14(1): 19. 2026 [27 Jan 2026] ,,doi:10.11648/j.plant.20261401.11,,,11,sphegodes,Mill.,,f,t,,,,,,,Z.H.Feng@20048642-1@1@aut$A.Alibertis@36275-1@3@bas$C.Alibertis@36276-1@2@bas,Mill.@0-0@1@aut,,comb. et stat. nov.,,1.3,f,ophrys~sphegodesburneriana,orchidaceaeophrys~sphegodesburneriana,213,wfo-1200117979,,subspecies,valid,,,,Plant 14(1): 19 (2026),https://www.ipni.org/n/77376213-1,IPNI record: 77376213-1
urn:lsid:ipni.org:names:77376214-1,(O.Danesch & E.Danesch) Z.H.Feng,Orchidaceae Ophrys × celani O.Danesch & E.Danesch,(O.Danesch & E.Danesch),647831-1,,,14(1): 19,,,,,,,,,,,,30/01/2026 16:55,06/02/2026 07:41,,,Orchidaceae,Ophrys sphegodes nothosubsp. celani,Ophrys sphegodes nothosubsp. celani,Ophrys,,t,f,,,,,celani,,,,,,,,,,,,,,,,,,,,,,,null:,648128-1,Plant,urn:lsid:ipni.org:publications:20044785-1,2026,2026 [27 Jan 2026],[27 Jan 2026],Z.H.Feng,nothosubsp.,Plant 14(1): 19. 2026 [27 Jan 2026] ,,doi:10.11648/j.plant.20261401.11,,,11,sphegodes,Mill.,,f,t,,,,,,,Z.H.Feng@20048642-1@1@aut$E.Danesch@1981-1@3@bas$O.Danesch@1982-1@2@bas,Mill.@0-0@1@aut,,comb. et stat. nov.,,1.3,f,ophrys~sphegodescelani,orchidaceaeophrys~sphegodescelani,214,wfo-1200117980,,subspecies,valid,,,,Plant 14(1): 19 (2026),https://www.ipni.org/n/77376214-1,IPNI record: 77376214-1
urn:lsid:ipni.org:names:77376215-1,(A.Camus) Z.H.Feng,Orchidaceae Ophrys cortesii A.Camus,(A.Camus),647852-1,,,14(1): 19,,,,,,,,,,,,30/01/2026 16:56,06/02/2026 07:42,,,Orchidaceae,Ophrys sphegodes nothosubsp. cortesii,Ophrys sphegodes nothosubsp. cortesii,Ophrys,,t,f,,,,,cortesii,,,,,,,,,,,,,,,,,,,,,,,null:,648128-1,Plant,urn:lsid:ipni.org:publications:20044785-1,2026,2026 [27 Jan 2026],[27 Jan 2026],Z.H.Feng,nothosubsp.,Plant 14(1): 19. 2026 [27 Jan 2026] ,,doi:10.11648/j.plant.20261401.11,,,11,sphegodes,Mill.,,f,t,,,,,,,Z.H.Feng@20048642-1@1@aut$A.Camus@1381-1@2@bas,Mill.@0-0@1@aut,,comb. et stat. nov.,,1.3,f,ophrys~sphegodescortesii,orchidaceaeophrys~sphegodescortesii,215,wfo-1200117981,,subspecies,valid,,,,Plant 14(1): 19 (2026),https://www.ipni.org/n/77376215-1,IPNI record: 77376215-1
urn:lsid:ipni.org:names:77376216-1,(Looken) Z.H.Feng,Orchidaceae Ophrys × costei Looken,(Looken),936914-1,,,14(1): 19,,,,,,,,,,,,30/01/2026 16:57,06/02/2026 07:42,,,Orchidaceae,Ophrys sphegodes nothosubsp. costei,Ophrys sphegodes nothosubsp. costei,Ophrys,,t,f,,,,,costei,,,,,,,,,,,,,,,,,,,,,,,null:,648128-1,Plant,urn:lsid:ipni.org:publications:20044785-1,2026,2026 [27 Jan 2026],[27 Jan 2026],Z.H.Feng,nothosubsp.,Plant 14(1): 19. 2026 [27 Jan 2026] ,,doi:10.11648/j.plant.20261401.11,,,11,sphegodes,Mill.,,f,t,,,,,,,Z.H.Feng@20048642-1@1@aut$Looken@28209-1@2@bas,Mill.@0-0@1@aut,,comb. et stat. nov.,,1.3,f,ophrys~sphegodescostei,orchidaceaeophrys~sphegodescostei,216,wfo-1200117982,,subspecies,valid,,,,Plant 14(1): 19 (2026),https://www.ipni.org/n/77376216-1,IPNI record: 77376216-1
urn:lsid:ipni.org:names:77376217-1,(P.Delforge) Z.H.Feng,Orchidaceae Ophrys × delvauxiorum P.Delforge,(P.Delforge),979718-1,,,14(1): 19,,,,,,,,,,,,30/01/2026 16:59,06/02/2026 07:43,,,Orchidaceae,Ophrys sphegodes nothosubsp. delvauxiorum,Ophrys sphegodes nothosubsp. delvauxiorum,Ophrys,,t,f,,,,,delvauxiorum,,,,,,,,,,,,,,,,,,,,,,,null:,648128-1,Plant,urn:lsid:ipni.org:publications:20044785-1,2026,2026 [27 Jan 2026],[27 Jan 2026],Z.H.Feng,nothosubsp.,Plant 14(1): 19. 2026 [27 Jan 2026] ,,doi:10.11648/j.plant.20261401.11,,,11,sphegodes,Mill.,,f,t,,,,,,,Z.H.Feng@20048642-1@1@aut$P.Delforge@17903-1@2@bas,Mill.@0-0@1@aut,,comb. et stat. nov.,,1.3,f,ophrys~sphegodesdelvauxiorum,orchidaceaeophrys~sphegodesdelvauxiorum,217,wfo-1200117983,,subspecies,valid,,,,Plant 14(1): 19 (2026),https://www.ipni.org/n/77376217-1,IPNI record: 77376217-1
urn:lsid:ipni.org:names:77376218-1,(Riech.) Z.H.Feng,Orchidaceae Ophrys × evvia Riech.,(Riech.),1016098-1,,,14(1): 19,,,,,,,,,,,,30/01/2026 17:00,06/02/2026 07:47,,,Orchidaceae,Ophrys sphegodes nothosubsp. evvia,Ophrys sphegodes nothosubsp. evvia,Ophrys,,t,f,,,,,evvia,,,,,,,,,,,,,,,,,,,,,,,,648128-1,Plant,urn:lsid:ipni.org:publications:20044785-1,2026,2026 [27 Jan 2026],[27 Jan 2026],Z.H.Feng,nothosubsp.,Plant 14(1): 19. 2026 [27 Jan 2026] ,,doi:10.11648/j.plant.20261401.11,,,11,sphegodes,Mill.,,f,t,,,,,,,Riech.@37742-1@2@bas$Z.H.Feng@20048642-1@1@aut,Mill.@0-0@1@aut,,comb. et stat. nov.,,1.1.1.2,f,ophrys~sphegodesevvia,orchidaceaeophrys~sphegodesevvia,218,wfo-1200117984,,subspecies,valid,,,,Plant 14(1): 19 (2026),https://www.ipni.org/n/77376218-1,IPNI record: 77376218-1
urn:lsid:ipni.org:names:77376219-1,(H.Baumann & Künkele) Z.H.Feng,Orchidaceae Ophrys baumanniana  nothosubsp. hierapetrae H.Baumann & Künkele,(H.Baumann & Künkele),949208-1,,,14(1): 19,,,,,,,,,,,,30/01/2026 17:01,06/02/2026 07:44,,,Orchidaceae,Ophrys sphegodes nothosubsp. hierapetrae,Ophrys sphegodes nothosubsp. hierapetrae,Ophrys,,t,f,,,,,hierapetrae,,,,,,,,,,,,,,,,,,,,,,,null:,648128-1,Plant,urn:lsid:ipni.org:publications:20044785-1,2026,2026 [27 Jan 2026],[27 Jan 2026],Z.H.Feng,nothosubsp.,Plant 14(1): 19. 2026 [27 Jan 2026] ,,doi:10.11648/j.plant.20261401.11,,,11,sphegodes,Mill.,,f,t,,,,,,,Künkele@14783-1@3@bas$H.Baumann@14601-1@2@bas$Z.H.Feng@20048642-1@1@aut,Mill.@0-0@1@aut,,comb. nov.,,1.3,f,ophrys~sphegodeshierapetrae,orchidaceaeophrys~sphegodeshierapetrae,219,wfo-1200117985,,subspecies,valid,,,,Plant 14(1): 19 (2026),https://www.ipni.org/n/77376219-1,IPNI record: 77376219-1
urn:lsid:ipni.org:names:77376220-1,(B.Willing & E.Willing) Z.H.Feng,Orchidaceae Ophrys × ioanninensis B.Willing & E.Willing,(B.Willing & E.Willing),930016-1,,,14(1): 19,,,,,,,,,,,,30/01/2026 17:03,06/02/2026 07:45,,,Orchidaceae,Ophrys sphegodes nothosubsp. ioanninensis,Ophrys sphegodes nothosubsp. ioanninensis,Ophrys,,t,f,,,,,ioanninensis,,,,,,,,,,,,,,,,,,,,,,,null:,648128-1,Plant,urn:lsid:ipni.org:publications:20044785-1,2026,2026 [27 Jan 2026],[27 Jan 2026],Z.H.Feng,nothosubsp.,Plant 14(1): 19. 2026 [27 Jan 2026] ,,doi:10.11648/j.plant.20261401.11,,,11,sphegodes,Mill.,,f,t,,,,,,,Z.H.Feng@20048642-1@1@aut$E.Willing@11718-1@3@bas$B.Willing@11717-1@2@bas,Mill.@0-0@1@aut,,comb. et stat. nov.,,1.3,f,ophrys~sphegodesioanninensis,orchidaceaeophrys~sphegodesioanninensis,220,wfo-1200117986,,subspecies,valid,,,,Plant 14(1): 19 (2026),https://www.ipni.org/n/77376220-1,IPNI record: 77376220-1
urn:lsid:ipni.org:names:77376221-1,(H.Baumann & Künkele) Z.H.Feng,Orchidaceae Ophrys × montana H.Baumann & Künkele,(H.Baumann & Künkele),930200-1,,,14(1): 19,,,,,,,,,,,,30/01/2026 17:04,06/02/2026 07:45,,,Orchidaceae,Ophrys sphegodes nothosubsp. montana,Ophrys sphegodes nothosubsp. montana,Ophrys,,t,f,,,,,montana,,,,,,,,,,,,,,,,,,,,,,,null:,648128-1,Plant,urn:lsid:ipni.org:publications:20044785-1,2026,2026 [27 Jan 2026],[27 Jan 2026],Z.H.Feng,nothosubsp.,Plant 14(1): 19. 2026 [27 Jan 2026] ,,doi:10.11648/j.plant.20261401.11,,,11,sphegodes,Mill.,,f,t,,,,,,,Künkele@14783-1@3@bas$H.Baumann@14601-1@2@bas$Z.H.Feng@20048642-1@1@aut,Mill.@0-0@1@aut,,comb. et stat. nov.,,1.3,f,ophrys~sphegodesmontana,orchidaceaeophrys~sphegodesmontana,221,wfo-1200117987,,subspecies,valid,,,,Plant 14(1): 19 (2026),https://www.ipni.org/n/77376221-1,IPNI record: 77376221-1
urn:lsid:ipni.org:names:77376222-1,(Soca) Z.H.Feng,Orchidaceae Ophrys × perrinii Soca,(Soca),1018102-1,,,14(1): 19,,,,,,,,,,,,30/01/2026 17:06,06/02/2026 07:46,,,Orchidaceae,Ophrys sphegodes nothosubsp. perrinii,Ophrys sphegodes nothosubsp. perrinii,Ophrys,,t,f,,,,,perrinii,,,,,,,,,,,,,,,,,,,,,,,null:,648128-1,Plant,urn:lsid:ipni.org:publications:20044785-1,2026,2026 [27 Jan 2026],[27 Jan 2026],Z.H.Feng,nothosubsp.,Plant 14(1): 19. 2026 [27 Jan 2026] ,,doi:10.11648/j.plant.20261401.11,,,11,sphegodes,Mill.,,f,t,,,,,,,Soca@37067-1@2@bas$Z.H.Feng@20048642-1@1@aut,Mill.@0-0@1@aut,,comb. et stat. nov.,,1.3,f,ophrys~sphegodesperrinii,orchidaceaeophrys~sphegodesperrinii,222,wfo-1200117988,,subspecies,valid,,,,Plant 14(1): 19 (2026),https://www.ipni.org/n/77376222-1,IPNI record: 77376222-1
urn:lsid:ipni.org:names:77376223-1,(Soó) Z.H.Feng,Orchidaceae Ophrys pseudospruneri Soó,(Soó),648064-1,,,14(1): 19,,,,,,,,,,,,30/01/2026 17:07,06/02/2026 07:47,,,Orchidaceae,Ophrys sphegodes nothosubsp. pseudospruneri,Ophrys sphegodes nothosubsp. pseudospruneri,Ophrys,,t,f,,,,,pseudospruneri,,,,,,,,,,,,,,,,,,,,,,,null:,648128-1,Plant,urn:lsid:ipni.org:publications:20044785-1,2026,2026 [27 Jan 2026],[27 Jan 2026],Z.H.Feng,nothosubsp.,Plant 14(1): 19. 2026 [27 Jan 2026] ,,doi:10.11648/j.plant.20261401.11,,,11,sphegodes,Mill.,,f,t,,,,,,,Z.H.Feng@20048642-1@1@aut$Soó@9897-1@2@bas,Mill.@0-0@1@aut,,comb. et stat. nov.,,1.3,f,ophrys~sphegodespseudospruneri,orchidaceaeophrys~sphegodespseudospruneri,223,wfo-1200117989,,subspecies,valid,,,,Plant 14(1): 19 (2026),https://www.ipni.org/n/77376223-1,IPNI record: 77376223-1
urn:lsid:ipni.org:names:77376224-1,(Romolini & Soca) Z.H.Feng,Orchidaceae Ophrys × sassettae Romolini & Soca,(Romolini & Soca),77093358-1,,,14(1): 19,,,,,,,,,,,,30/01/2026 17:08,06/02/2026 07:48,,,Orchidaceae,Ophrys sphegodes nothosubsp. sassettae,Ophrys sphegodes nothosubsp. sassettae,Ophrys,,t,f,,,,,sassettae,,,,,,,,,,,,,,,,,,,,,,,null:,648128-1,Plant,urn:lsid:ipni.org:publications:20044785-1,2026,2026 [27 Jan 2026],[27 Jan 2026],Z.H.Feng,nothosubsp.,Plant 14(1): 19. 2026 [27 Jan 2026] ,,doi:10.11648/j.plant.20261401.11,,,11,sphegodes,Mill.,,f,t,,,,,,,Romolini@39542-1@2@bas$Soca@37067-1@3@bas$Z.H.Feng@20048642-1@1@aut,Mill.@0-0@1@aut,,comb. et stat. nov.,,1.3,f,ophrys~sphegodessassettae,orchidaceaeophrys~sphegodessassettae,224,wfo-1200117990,,subspecies,valid,,,,Plant 14(1): 19 (2026),https://www.ipni.org/n/77376224-1,IPNI record: 77376224-1
urn:lsid:ipni.org:names:77376225-1,(H.Baumann & Künkele) Z.H.Feng,Orchidaceae Ophrys × sieberi H.Baumann & Künkele,(H.Baumann & Künkele),930192-1,,,14(1): 20,,,,,,,,,,,,30/01/2026 17:13,06/02/2026 07:48,,,Orchidaceae,Ophrys sphegodes nothosubsp. sieberi,Ophrys sphegodes nothosubsp. sieberi,Ophrys,,t,f,,,,,sieberi,,,,,,,,,,,,,,,,,,,,,,,null:,648128-1,Plant,urn:lsid:ipni.org:publications:20044785-1,2026,2026 [27 Jan 2026],[27 Jan 2026],Z.H.Feng,nothosubsp.,Plant 14(1): 20. 2026 [27 Jan 2026] ,,doi:10.11648/j.plant.20261401.11,,,11,sphegodes,Mill.,,f,t,,,,,,,H.Baumann@14601-1@2@bas$Z.H.Feng@20048642-1@1@aut$Künkele@14783-1@3@bas,Mill.@0-0@1@aut,,comb. et stat. nov.,,1.3,f,ophrys~sphegodessieberi,orchidaceaeophrys~sphegodessieberi,225,wfo-1200117991,,subspecies,valid,,,,Plant 14(1): 20 (2026),https://www.ipni.org/n/77376225-1,IPNI record: 77376225-1
urn:lsid:ipni.org:names:77376226-1,(Gransinigh & Buono) Z.H.Feng,Orchidaceae Ophrys × turchinae Gransinigh & Buono,(Gransinigh & Buono),77112590-1,,,14(1): 20,,,,,,,,,,,,30/01/2026 17:15,06/02/2026 07:50,,,Orchidaceae,Ophrys sphegodes nothosubsp. turchinae,Ophrys sphegodes nothosubsp. turchinae,Ophrys,,t,f,,,,,turchinae,,,,,,,,,,,,,,,,,,,,,,,null:,648128-1,Plant,urn:lsid:ipni.org:publications:20044785-1,2026,2026 [27 Jan 2026],[27 Jan 2026],Z.H.Feng,nothosubsp.,Plant 14(1): 20. 2026 [27 Jan 2026] ,,doi:10.11648/j.plant.20261401.11,,,11,sphegodes,Mill.,,f,t,,,,,,,Gransinigh@20017879-1@2@bas$Buono@20017880-1@3@bas$Z.H.Feng@20048642-1@1@aut,Mill.@0-0@1@aut,,comb. et stat. nov.,,1.3,f,ophrys~sphegodesturchinae,orchidaceaeophrys~sphegodesturchinae,226,wfo-1200117992,,subspecies,valid,,,,Plant 14(1): 20 (2026),https://www.ipni.org/n/77376226-1,IPNI record: 77376226-1
urn:lsid:ipni.org:names:77376227-1,(Macch.) Z.H.Feng,Orchidaceae Ophrys × todaroana Macch.,(Macch.),648148-1,,,14(1): 20,,,,,,,,,,,,30/01/2026 17:16,06/02/2026 07:49,,,Orchidaceae,Ophrys sphegodes nothosubsp. todaroana,Ophrys sphegodes nothosubsp. todaroana,Ophrys,,t,f,,,,,todaroana,,,,,,,,,,,,,,,,,,,,,,,null:,648128-1,Plant,urn:lsid:ipni.org:publications:20044785-1,2026,2026 [27 Jan 2026],[27 Jan 2026],Z.H.Feng,nothosubsp.,Plant 14(1): 20. 2026 [27 Jan 2026] ,,doi:10.11648/j.plant.20261401.11,,,9,sphegodes,Mill.,,f,t,,,,,,,Macch.@0-0@2@bas$Z.H.Feng@20048642-1@1@aut,Mill.@0-0@1@aut,,comb. et stat. nov.,,1.3,f,ophrys~sphegodestodaroana,orchidaceaeophrys~sphegodestodaroana,227,wfo-1200117993,,subspecies,valid,,,,Plant 14(1): 20 (2026),https://www.ipni.org/n/77376227-1,IPNI record: 77376227-1
urn:lsid:ipni.org:names:77376228-1,(Renz) Z.H.Feng,Orchidaceae Ophrys × anomala Renz,(Renz),647740-1,,,14(1): 20,,,,,,,,,,,,30/01/2026 17:18,06/02/2026 07:50,,,Orchidaceae,Ophrys × vicina nothosubsp. anomala,Ophrys × vicina nothosubsp. anomala,Ophrys,,t,f,,,,,anomala,,,,,,,,,,,,,,,,,,,,,,,null:,648171-1,Plant,urn:lsid:ipni.org:publications:20044785-1,2026,2026 [27 Jan 2026],[27 Jan 2026],Z.H.Feng,nothosubsp.,Plant 14(1): 20. 2026 [27 Jan 2026] ,,doi:10.11648/j.plant.20261401.11,,,11,vicina,Duffort,,f,t,,,,,,,Z.H.Feng@20048642-1@1@aut$Renz@8297-1@2@bas,Duffort@0-0@1@aut,,comb. et stat. nov.,,1.3,f,ophrys~vicinaanomala,orchidaceaeophrys~vicinaanomala,228,wfo-1200117994,,subspecies,valid,,,,Plant 14(1): 20 (2026),https://www.ipni.org/n/77376228-1,IPNI record: 77376228-1
urn:lsid:ipni.org:names:77376229-1,(D'Alonzo & Perilli) Z.H.Feng,Orchidaceae Ophrys × colonnae D'Alonzo & Perilli,(D'Alonzo & Perilli),77196864-1,,,14(1): 20,,,,,,,,,,,,30/01/2026 17:19,06/02/2026 07:51,,,Orchidaceae,Ophrys × vicina nothosubsp. colonnae,Ophrys × vicina nothosubsp. colonnae,Ophrys,,t,f,,,,,colonnae,,,,,,,,,,,,,,,,,,,,,,,null:,648171-1,Plant,urn:lsid:ipni.org:publications:20044785-1,2026,2026 [27 Jan 2026],[27 Jan 2026],Z.H.Feng,nothosubsp.,Plant 14(1): 20. 2026 [27 Jan 2026] ,,doi:10.11648/j.plant.20261401.11,,,11,vicina,Duffort,,f,t,,,,,,,Perilli@20029818-1@3@bas$Z.H.Feng@20048642-1@1@aut$D'Alonzo@20027056-1@2@bas,Duffort@0-0@1@aut,,comb. et stat. nov.,,1.3,f,ophrys~vicinacolonnae,orchidaceaeophrys~vicinacolonnae,229,wfo-1200117995,,subspecies,valid,,,,Plant 14(1): 20 (2026),https://www.ipni.org/n/77376229-1,IPNI record: 77376229-1
urn:lsid:ipni.org:names:77376230-1,(D'Alonzo & Perilli) Z.H.Feng,Orchidaceae Ophrys × deleoi D'Alonzo & Perilli,(D'Alonzo & Perilli),77220744-1,,,14(1): 20,,,,,,,,,,,,30/01/2026 17:21,06/02/2026 07:52,,,Orchidaceae,Ophrys × vicina nothosubsp. deleoi,Ophrys × vicina nothosubsp. deleoi,Ophrys,,t,f,,,,,deleoi,,,,,,,,,,,,,,,,,,,,,,,null:,648171-1,Plant,urn:lsid:ipni.org:publications:20044785-1,2026,2026 [27 Jan 2026],[27 Jan 2026],Z.H.Feng,nothosubsp.,Plant 14(1): 20. 2026 [27 Jan 2026] ,,doi:10.11648/j.plant.20261401.11,,,11,vicina,Duffort,,f,t,,,,,,,D'Alonzo@20027056-1@2@bas$Perilli@20029818-1@3@bas$Z.H.Feng@20048642-1@1@aut,Duffort@0-0@1@aut,,comb. et stat. nov.,,1.3,f,ophrys~vicinadeleoi,orchidaceaeophrys~vicinadeleoi,230,wfo-1200117996,,subspecies,valid,,,,Plant 14(1): 20 (2026),https://www.ipni.org/n/77376230-1,IPNI record: 77376230-1
urn:lsid:ipni.org:names:77376232-1,(D'Alonzo) Z.H.Feng,Orchidaceae Ophrys × difesagrandeana D'Alonzo,(D'Alonzo),77142861-1,,,14(1): 20,,,,,,,,,,,,30/01/2026 17:36,06/02/2026 07:52,,,Orchidaceae,Ophrys × vicina nothosubsp. difesagrandeana,Ophrys × vicina nothosubsp. difesagrandeana,Ophrys,,t,f,,,,,difesagrandeana,,,,,,,,,,,,,,,,,,,,,,,null:,648171-1,Plant,urn:lsid:ipni.org:publications:20044785-1,2026,2026 [27 Jan 2026],[27 Jan 2026],Z.H.Feng,nothosubsp.,Plant 14(1): 20. 2026 [27 Jan 2026] ,,doi:10.11648/j.plant.20261401.11,,,11,vicina,Duffort,,f,t,,,,,,,Z.H.Feng@20048642-1@1@aut$D'Alonzo@20027056-1@2@bas,Duffort@0-0@1@aut,,comb. et stat. nov.,,1.3,f,ophrys~vicinadifesagrandeana,orchidaceaeophrys~vicinadifesagrandeana,231,wfo-1200117997,,subspecies,valid,,,,Plant 14(1): 20 (2026),https://www.ipni.org/n/77376232-1,IPNI record: 77376232-1
urn:lsid:ipni.org:names:77376233-1,(P.Delforge) Z.H.Feng,Orchidaceae Ophrys × duchateauana P.Delforge,(P.Delforge),77115809-1,,,14(1): 20,,,,,,,,,,,,30/01/2026 17:38,06/02/2026 07:53,,,Orchidaceae,Ophrys × vicina nothosubsp. duchateauana,Ophrys × vicina nothosubsp. duchateauana,Ophrys,,t,f,,,,,duchateauana,,,,,,,,,,,,,,,,,,,,,,,null:,648171-1,Plant,urn:lsid:ipni.org:publications:20044785-1,2026,2026 [27 Jan 2026],[27 Jan 2026],Z.H.Feng,nothosubsp.,Plant 14(1): 20. 2026 [27 Jan 2026] ,,doi:10.11648/j.plant.20261401.11,,,11,vicina,Duffort,,f,t,,,,,,,P.Delforge@17903-1@2@bas$Z.H.Feng@20048642-1@1@aut,Duffort@0-0@1@aut,,comb. et stat. nov.,,1.3,f,ophrys~vicinaduchateauana,orchidaceaeophrys~vicinaduchateauana,232,wfo-1200117998,,subspecies,valid,,,,Plant 14(1): 20 (2026),https://www.ipni.org/n/77376233-1,IPNI record: 77376233-1
urn:lsid:ipni.org:names:77376234-1,(A.Camus) Z.H.Feng,Orchidaceae Ophrys neozimmermannii A.Camus,(A.Camus),648020-1,,,14(1): 20,,,,,,,,,,,,30/01/2026 17:39,06/02/2026 07:53,,,Orchidaceae,Ophrys × vicina nothosubsp. neozimmermannii,Ophrys × vicina nothosubsp. neozimmermannii,Ophrys,,t,f,,,,,neozimmermannii,,,,,,,,,,,,,,,,,,,,,,,null:,648171-1,Plant,urn:lsid:ipni.org:publications:20044785-1,2026,2026 [27 Jan 2026],[27 Jan 2026],Z.H.Feng,nothosubsp.,Plant 14(1): 20. 2026 [27 Jan 2026] ,,doi:10.11648/j.plant.20261401.11,,,11,vicina,Duffort,,f,t,,,,,,,Z.H.Feng@20048642-1@1@aut$A.Camus@1381-1@2@bas,Duffort@0-0@1@aut,,comb. et stat. nov.,,1.3,f,ophrys~vicinaneozimmermannii,orchidaceaeophrys~vicinaneozimmermannii,233,wfo-1200117999,,subspecies,valid,,,,Plant 14(1): 20 (2026),https://www.ipni.org/n/77376234-1,IPNI record: 77376234-1
urn:lsid:ipni.org:names:77376235-1,(Renz & Taubenheim) Z.H.Feng,Orchidaceae Ophrys × perspicua Renz & Taubenheim,(Renz & Taubenheim),902657-1,,,14(1): 20,,,,,,,,,,,,30/01/2026 17:41,06/02/2026 07:54,,,Orchidaceae,Ophrys × vicina nothosubsp. perspicua,Ophrys × vicina nothosubsp. perspicua,Ophrys,,t,f,,,,,perspicua,,,,,,,,,,,,,,,,,,,,,,,null:,648171-1,Plant,urn:lsid:ipni.org:publications:20044785-1,2026,2026 [27 Jan 2026],[27 Jan 2026],Z.H.Feng,nothosubsp.,Plant 14(1): 20. 2026 [27 Jan 2026] ,,doi:10.11648/j.plant.20261401.11,,,11,vicina,Duffort,,f,t,,,,,,,Renz@8297-1@2@bas$Taubenheim@10450-1@3@bas$Z.H.Feng@20048642-1@1@aut,Duffort@0-0@1@aut,,comb. et stat. nov.,,1.3,f,ophrys~vicinaperspicua,orchidaceaeophrys~vicinaperspicua,234,wfo-1200118000,,subspecies,valid,,,,Plant 14(1): 20 (2026),https://www.ipni.org/n/77376235-1,IPNI record: 77376235-1
urn:lsid:ipni.org:names:77376236-1,(Läpple) Z.H.Feng,Orchidaceae Ophrys marmarensis  nothosubsp. saskiana Läpple,(Läpple),969975-1,,,14(1): 20,,,,,,,,,,,,30/01/2026 17:42,06/02/2026 07:55,,,Orchidaceae,Ophrys × vicina nothosubsp. saskiana,Ophrys × vicina nothosubsp. saskiana,Ophrys,,t,f,,,,,saskiana,,,,,,,,,,,,,,,,,,,,,,,null:,648171-1,Plant,urn:lsid:ipni.org:publications:20044785-1,2026,2026 [27 Jan 2026],[27 Jan 2026],Z.H.Feng,nothosubsp.,Plant 14(1): 20. 2026 [27 Jan 2026] ,,doi:10.11648/j.plant.20261401.11,,,11,vicina,Duffort,,f,t,,,,,,,Läpple@35974-1@2@bas$Z.H.Feng@20048642-1@1@aut,Duffort@0-0@1@aut,,comb. nov.,,1.3,f,ophrys~vicinasaskiana,orchidaceaeophrys~vicinasaskiana,235,wfo-1200118001,,subspecies,valid,,,,Plant 14(1): 20 (2026),https://www.ipni.org/n/77376236-1,IPNI record: 77376236-1
urn:lsid:ipni.org:names:77376237-1,(R.Lorenz & Gembardt) Z.H.Feng,Orchidaceae Ophrys × turrica R.Lorenz & Gembardt,(R.Lorenz & Gembardt),932593-1,,,14(1): 20,,,,,,,,,,,,30/01/2026 17:43,06/02/2026 07:55,,,Orchidaceae,Ophrys × vicina nothosubsp. turrica,Ophrys × vicina nothosubsp. turrica,Ophrys,,t,f,,,,,turrica,,,,,,,,,,,,,,,,,,,,,,,null:,648171-1,Plant,urn:lsid:ipni.org:publications:20044785-1,2026,2026 [27 Jan 2026],[27 Jan 2026],Z.H.Feng,nothosubsp.,Plant 14(1): 20. 2026 [27 Jan 2026] ,,doi:10.11648/j.plant.20261401.11,,,11,vicina,Duffort,,f,t,,,,,,,Z.H.Feng@20048642-1@1@aut$R.Lorenz@22538-1@2@bas$Gembardt@19240-1@3@bas,Duffort@0-0@1@aut,,comb. et stat. nov.,,1.3,f,ophrys~vicinaturrica,orchidaceaeophrys~vicinaturrica,236,wfo-1200118002,,subspecies,valid,,,,Plant 14(1): 20 (2026),https://www.ipni.org/n/77376237-1,IPNI record: 77376237-1
urn:lsid:ipni.org:names:77376238-1,(H.Baumann & Künkele) Z.H.Feng,Orchidaceae Ophrys × warwarensis H.Baumann & Künkele,(H.Baumann & Künkele),930188-1,,,14(1): 20,,,,,,,,,,,,30/01/2026 17:45,06/02/2026 07:56,,,Orchidaceae,Ophrys × vicina nothosubsp. warwarensis,Ophrys × vicina nothosubsp. warwarensis,Ophrys,,t,f,,,,,warwarensis,,,,,,,,,,,,,,,,,,,,,,,null:,648171-1,Plant,urn:lsid:ipni.org:publications:20044785-1,2026,2026 [27 Jan 2026],[27 Jan 2026],Z.H.Feng,nothosubsp.,Plant 14(1): 20. 2026 [27 Jan 2026] ,,doi:10.11648/j.plant.20261401.11,,,11,vicina,Duffort,,f,t,,,,,,,Z.H.Feng@20048642-1@1@aut$H.Baumann@14601-1@2@bas$Künkele@14783-1@3@bas,Duffort@0-0@1@aut,,comb. et stat. nov.,,1.3,f,ophrys~vicinawarwarensis,orchidaceaeophrys~vicinawarwarensis,237,wfo-1200118003,,subspecies,valid,,,,Plant 14(1): 20 (2026),https://www.ipni.org/n/77376238-1,IPNI record: 77376238-1
urn:lsid:ipni.org:names:77376239-1,(Perko) Z.H.Feng & J.M.H.Shaw,Orchidaceae Serapias × pulae Perko,(Perko),1004708-1,,,14(1): 20,,,,,,,,,,,,30/01/2026 17:46,06/02/2026 07:57,,,Orchidaceae,Serapias × meridionalis nothosubsp. pulae,Serapias × meridionalis nothosubsp. pulae,Serapias,,t,f,,,,,pulae,,,,,,,,,,,,,,,,,,,,,,,null:,657660-1,Plant,urn:lsid:ipni.org:publications:20044785-1,2026,2026 [27 Jan 2026],[27 Jan 2026],Z.H.Feng & J.M.H.Shaw,nothosubsp.,Plant 14(1): 20. 2026 [27 Jan 2026] ,,doi:10.11648/j.plant.20261401.11,,,11,meridionalis,E.G.Camus,,f,t,,,,,,,J.M.H.Shaw@37303-1@2@aut$Z.H.Feng@20048642-1@1@aut$Perko@36957-1@3@bas,E.G.Camus@0-0@1@aut,,comb. et stat. nov.,,1.3,f,serapias~meridionalispulae,orchidaceaeserapias~meridionalispulae,238,wfo-1200118004,,subspecies,valid,,,,Plant 14(1): 20 (2026),https://www.ipni.org/n/77376239-1,IPNI record: 77376239-1
urn:lsid:ipni.org:names:77376240-1,(Frosch) Z.H.Feng,Orchidaceae Orchiserapias × rana Frosch,(Frosch),77103229-1,,,14(1): 20,,,,,,,,,,,,30/01/2026 17:48,06/02/2026 07:58,,,Orchidaceae,× Serapicamptis correvonii nothosubsp. rana,× Serapicamptis correvonii nothosubsp. rana,Serapicamptis,,t,t,,,,,rana,,,,,,,,,,,,,,,,,,,,,,,null:,77066960-1,Plant,urn:lsid:ipni.org:publications:20044785-1,2026,2026 [27 Jan 2026],[27 Jan 2026],Z.H.Feng,nothosubsp.,Plant 14(1): 20. 2026 [27 Jan 2026] ,,doi:10.11648/j.plant.20261401.11,,,11,correvonii,(E.G.Camus & A.Camus) J.M.H.Shaw,,f,t,,,,,,,Frosch@20016088-1@2@bas$Z.H.Feng@20048642-1@1@aut,J.M.H.Shaw@0-0@1@aut$E.G.Camus@0-0@2@bas$A.Camus@0-0@3@bas,,comb. et stat. nov.,,1.3,f,serapicamptis~correvoniirana,orchidaceaeserapicamptis~correvoniirana,239,wfo-1200118005,,subspecies,valid,,,,Plant 14(1): 20 (2026),https://www.ipni.org/n/77376240-1,IPNI record: 77376240-1
urn:lsid:ipni.org:names:77376241-1,(Timukhin & K.U.Aliev) Z.H.Feng,Paeoniaceae Paeonia × dmitrievae Timukhin & K.U.Aliev,(Timukhin & K.U.Aliev),77195333-1,,,14(1): 20,,,,,,,,,,,,30/01/2026 17:49,06/02/2026 07:59,,,Paeoniaceae,Paeonia daurica nothosubsp. dmitrievae,Paeonia daurica nothosubsp. dmitrievae,Paeonia,,t,f,,,,,dmitrievae,,,,,,,,,,,,,,,,,,,,,,,null:,711764-1,Plant,urn:lsid:ipni.org:publications:20044785-1,2026,2026 [27 Jan 2026],[27 Jan 2026],Z.H.Feng,nothosubsp.,Plant 14(1): 20. 2026 [27 Jan 2026] ,,doi:10.11648/j.plant.20261401.11,,,11,daurica,Andrews,,f,t,,,,,,,K.U.Aliev@20040488-1@3@bas$Z.H.Feng@20048642-1@1@aut$Timukhin@20018674-1@2@bas,Andrews@216-1@1@aut,,comb. et stat. nov.,,1.3,f,paeonia~dauricadmitrievae,paeoniaceaepaeonia~dauricadmitrievae,240,wfo-1200118006,,subspecies,valid,,,,Plant 14(1): 20 (2026),https://www.ipni.org/n/77376241-1,IPNI record: 77376241-1
urn:lsid:ipni.org:names:77376242-1,"(Mordak, Punina & Timukhin) Z.H.Feng","Paeoniaceae Paeonia × litvinskajae Mordak, Punina & Timukhin","(Mordak, Punina & Timukhin)",77115182-1,,,14(1): 20,,,,,,,,,,,,30/01/2026 17:51,06/02/2026 08:00,,,Paeoniaceae,Paeonia daurica nothosubsp. litvinskajae,Paeonia daurica nothosubsp. litvinskajae,Paeonia,,t,f,,,,,litvinskajae,,,,,,,,,,,,,,,,,,,,,,,null:,711764-1,Plant,urn:lsid:ipni.org:publications:20044785-1,2026,2026 [27 Jan 2026],[27 Jan 2026],Z.H.Feng,nothosubsp.,Plant 14(1): 20. 2026 [27 Jan 2026] ,,doi:10.11648/j.plant.20261401.11,,,9,daurica,Andrews,,f,t,,,,,,,Timukhin@0-0@4@bas$Mordak@6632-1@2@bas$Z.H.Feng@20048642-1@1@aut$Punina@20018673-1@3@bas,Andrews@216-1@1@aut,,comb. et stat. nov.,,1.3,f,paeonia~dauricalitvinskajae,paeoniaceaepaeonia~dauricalitvinskajae,241,wfo-1200118007,,subspecies,valid,,,,Plant 14(1): 20 (2026),https://www.ipni.org/n/77376242-1,IPNI record: 77376242-1
urn:lsid:ipni.org:names:77376243-1,(Fedde) Z.H.Feng,Papaveraceae Papaver pichlerianum Fedde,(Fedde),673656-1,,,14(1): 20,,,,,,,,,,,,30/01/2026 17:53,06/02/2026 08:01,,,Papaveraceae,Papaver pilosum nothosubsp. pichlerianum,Papaver pilosum nothosubsp. pichlerianum,Papaver,,t,f,,,,,pichlerianum,,,,,,,,,,,,,,,,,,,,,,,null:,673657-1,Plant,urn:lsid:ipni.org:publications:20044785-1,2026,2026 [27 Jan 2026],[27 Jan 2026],Z.H.Feng,nothosubsp.,Plant 14(1): 20. 2026 [27 Jan 2026] ,,doi:10.11648/j.plant.20261401.11,,,11,pilosum,Sm.,,f,t,,,,,,,Fedde@2662-1@2@bas$Z.H.Feng@20048642-1@1@aut,Sm.@0-0@1@aut,,comb. et stat. nov.,,1.3,f,papaver~pilosumpichlerianum,papaveraceaepapaver~pilosumpichlerianum,242,wfo-1200118008,,subspecies,valid,,,,Plant 14(1): 20 (2026),https://www.ipni.org/n/77376243-1,IPNI record: 77376243-1
urn:lsid:ipni.org:names:77376244-1,(Fedde) Z.H.Feng,Papaveraceae Papaver sieheanum Fedde,(Fedde),673720-1,,,14(1): 20,,,,,,,,,,,,30/01/2026 17:55,06/02/2026 08:02,,,Papaveraceae,Papaver pilosum nothosubsp. sieheanum,Papaver pilosum nothosubsp. sieheanum,Papaver,,t,f,,,,,sieheanum,,,,,,,,,,,,,,,,,,,,,,,null:,673657-1,Plant,urn:lsid:ipni.org:publications:20044785-1,2026,2026 [27 Jan 2026],[27 Jan 2026],Z.H.Feng,nothosubsp.,Plant 14(1): 20. 2026 [27 Jan 2026] ,,doi:10.11648/j.plant.20261401.11,,,11,pilosum,Sm.,,f,t,,,,,,,Fedde@2662-1@2@bas$Z.H.Feng@20048642-1@1@aut,Sm.@0-0@1@aut,,comb. et stat. nov.,,1.3,f,papaver~pilosumsieheanum,papaveraceaepapaver~pilosumsieheanum,243,wfo-1200118009,,subspecies,valid,,,,Plant 14(1): 20 (2026),https://www.ipni.org/n/77376244-1,IPNI record: 77376244-1
urn:lsid:ipni.org:names:77376245-1,(Bachteev) Z.H.Feng,Poaceae Hordeum spontaneum K.Koch var. lagunculciforme Bachteev,(Bachteev),77278560-1,,,14(1): 20,,,,,,,,,,,,30/01/2026 17:56,06/02/2026 08:02,,,Poaceae,Hordeum vulgare nothosubsp. lagunculciforme,Hordeum vulgare nothosubsp. lagunculciforme,Hordeum,,t,f,,,,,lagunculciforme,,,,,,,,,,,,,,,,,,,,,,,null:,405391-1,Plant,urn:lsid:ipni.org:publications:20044785-1,2026,2026 [27 Jan 2026],[27 Jan 2026],Z.H.Feng,nothosubsp.,Plant 14(1): 20. 2026 [27 Jan 2026] ,,doi:10.11648/j.plant.20261401.11,,,9,vulgare,L.,,f,t,,,,,,,Bachteev@0-0@2@bas$Z.H.Feng@20048642-1@1@aut,L.@0-0@1@aut,,comb. nov.,,1.3,f,hordeum~vulgarelagunculciforme,poaceaehordeum~vulgarelagunculciforme,244,wfo-1200118010,,subspecies,valid,,,,Plant 14(1): 20 (2026),https://www.ipni.org/n/77376245-1,IPNI record: 77376245-1
urn:lsid:ipni.org:names:77376246-1,(T.Moore) Z.H.Feng,Primulaceae Cyclamen × atkinsii T.Moore,(T.Moore),700696-1,,,14(1): 20,,,,,,,,,,,,30/01/2026 17:58,06/02/2026 08:03,,,Primulaceae,Cyclamen coum nothosubsp. atkinsii,Cyclamen coum nothosubsp. atkinsii,Cyclamen,,t,f,,,,,atkinsii,,,,,,,,,,,,,,,,,,,,,,,null:,700707-1,Plant,urn:lsid:ipni.org:publications:20044785-1,2026,2026 [27 Jan 2026],[27 Jan 2026],Z.H.Feng,nothosubsp.,Plant 14(1): 20. 2026 [27 Jan 2026] ,,doi:10.11648/j.plant.20261401.11,,,9,coum,Mill.,,f,t,,,,,,,Z.H.Feng@20048642-1@1@aut$T.Moore@0-0@2@bas,Mill.@0-0@1@aut,,comb. et stat. nov.,,1.3,f,cyclamen~coumatkinsii,primulaceaecyclamen~coumatkinsii,245,wfo-1200118011,,subspecies,valid,,,,Plant 14(1): 20 (2026),https://www.ipni.org/n/77376246-1,IPNI record: 77376246-1
urn:lsid:ipni.org:names:77376247-1,(Halda) Z.H.Feng,Primulaceae Cyclamen × marsii Halda,(Halda),700754-1,,,14(1): 21,,,,,,,,,,,,30/01/2026 17:59,06/02/2026 08:04,,,Primulaceae,Cyclamen purpurascens nothosubsp. marsii,Cyclamen purpurascens nothosubsp. marsii,Cyclamen,,t,f,,,,,marsii,,,,,,,,,,,,,,,,,,,,,,,null:,700772-1,Plant,urn:lsid:ipni.org:publications:20044785-1,2026,2026 [27 Jan 2026],[27 Jan 2026],Z.H.Feng,nothosubsp.,Plant 14(1): 21. 2026 [27 Jan 2026] ,,doi:10.11648/j.plant.20261401.11,,,11,purpurascens,Mill.,,f,t,,,,,,,Z.H.Feng@20048642-1@1@aut$Halda@3564-1@2@bas,Mill.@0-0@1@aut,,comb. et stat. nov.,,1.3,f,cyclamen~purpurascensmarsii,primulaceaecyclamen~purpurascensmarsii,246,wfo-1200118012,,subspecies,valid,,,,Plant 14(1): 21 (2026),https://www.ipni.org/n/77376247-1,IPNI record: 77376247-1
urn:lsid:ipni.org:names:77376248-1,(Pax) Z.H.Feng,Primulaceae Primula gaisbergensis Pax,(Pax),701955-1,,,14(1): 21,,,,,,,,,,,,30/01/2026 18:02,06/02/2026 08:05,,,Primulaceae,Primula austriaca nothosubsp. gaisbergensis,Primula austriaca nothosubsp. gaisbergensis,Primula,,t,f,,,,,gaisbergensis,,,,,,,,,,,,,,,,,,,,,,,null:,701586-1,Plant,urn:lsid:ipni.org:publications:20044785-1,2026,2026 [27 Jan 2026],[27 Jan 2026],Z.H.Feng,nothosubsp.,Plant 14(1): 21. 2026 [27 Jan 2026] ,,doi:10.11648/j.plant.20261401.11,,,11,austriaca,Wettst.,,f,t,,,,,,,Z.H.Feng@20048642-1@1@aut$Pax@7425-1@2@bas,Wettst.@0-0@1@aut,,comb. et stat. nov.,,1.3,f,primula~austriacagaisbergensis,primulaceaeprimula~austriacagaisbergensis,247,wfo-1200118013,,subspecies,valid,,,,Plant 14(1): 21 (2026),https://www.ipni.org/n/77376248-1,IPNI record: 77376248-1
urn:lsid:ipni.org:names:77376249-1,(Pax) Z.H.Feng,Primulaceae Primula tristis Pax,(Pax),702716-1,,,14(1): 21,,,,,,,,,,,,30/01/2026 18:03,06/02/2026 08:06,,,Primulaceae,Primula austriaca nothosubsp. tristis,Primula austriaca nothosubsp. tristis,Primula,,t,f,,,,,tristis,,,,,,,,,,,,,,,,,,,,,,,null:,701586-1,Plant,urn:lsid:ipni.org:publications:20044785-1,2026,2026 [27 Jan 2026],[27 Jan 2026],Z.H.Feng,nothosubsp.,Plant 14(1): 21. 2026 [27 Jan 2026] ,,doi:10.11648/j.plant.20261401.11,,,11,austriaca,Wettst.,,f,t,,,,,,,Pax@7425-1@2@bas$Z.H.Feng@20048642-1@1@aut,Wettst.@0-0@1@aut,,comb. et stat. nov.,,1.3,f,primula~austriacatristis,primulaceaeprimula~austriacatristis,248,wfo-1200118014,,subspecies,valid,,,,Plant 14(1): 21 (2026),https://www.ipni.org/n/77376249-1,IPNI record: 77376249-1
urn:lsid:ipni.org:names:77376250-1,(Terzioğlu & Coşkunç.) Z.H.Feng,Primulaceae Primula × uzungolensis Terzioğlu & Coşkunç.,(Terzioğlu & Coşkunç.),77118247-1,,,14(1): 21,,,,,,,,,,,,30/01/2026 18:05,06/02/2026 08:06,,,Primulaceae,Primula austriaca nothosubsp. uzungolensis,Primula austriaca nothosubsp. uzungolensis,Primula,,t,f,,,,,uzungolensis,,,,,,,,,,,,,,,,,,,,,,,null:,701586-1,Plant,urn:lsid:ipni.org:publications:20044785-1,2026,2026 [27 Jan 2026],[27 Jan 2026],Z.H.Feng,nothosubsp.,Plant 14(1): 21. 2026 [27 Jan 2026] ,,doi:10.11648/j.plant.20261401.11,,,11,austriaca,Wettst.,,f,t,,,,,,,Coşkunç.@39480-1@3@bas$Z.H.Feng@20048642-1@1@aut$Terzioğlu@40095-1@2@bas,Wettst.@0-0@1@aut,,comb. et stat. nov.,,1.3,f,primula~austriacauzungolensis,primulaceaeprimula~austriacauzungolensis,249,wfo-1200118015,,subspecies,valid,,,,Plant 14(1): 21 (2026),https://www.ipni.org/n/77376250-1,IPNI record: 77376250-1
urn:lsid:ipni.org:names:77376251-1,(Zhmylev) Z.H.Feng,Saxifragaceae Saxifraga × tolmatchevii Zhmylev,(Zhmylev),989043-1,,,14(1): 21,,,,,,,,,,,,30/01/2026 18:07,06/02/2026 08:08,,,Saxifragaceae,Micranthes nelsoniana nothovar. tolmatchevii,Micranthes nelsoniana nothovar. tolmatchevii,Micranthes,,t,f,,,,,tolmatchevii,,,,,,,,,,,,,,,,,,,,,,,null:,160053-2,Plant,urn:lsid:ipni.org:publications:20044785-1,2026,2026 [27 Jan 2026],[27 Jan 2026],Z.H.Feng,nothovar.,Plant 14(1): 21. 2026 [27 Jan 2026] ,,doi:10.11648/j.plant.20261401.11,,,11,nelsoniana,(D.Don) Small,,f,t,,,,,,,Zhmylev@29144-1@2@bas$Z.H.Feng@20048642-1@1@aut,Small@0-0@1@aut$D.Don@0-0@2@bas,,comb. et stat. nov.,,1.3,f,micranthes~nelsonianatolmatchevii,saxifragaceaemicranthes~nelsonianatolmatchevii,250,wfo-1200118016,,variety,valid,,,,Plant 14(1): 21 (2026),https://www.ipni.org/n/77376251-1,IPNI record: 77376251-1
urn:lsid:ipni.org:names:77376259-1,(Garay) Z.H.Feng & J.M.H.Shaw,Orchidaceae Zygosepalum marginatum Garay,(Garay),318196-2,,,14(1): 8,,,,,,,,,,,,31/01/2026 00:25,13/02/2026 12:12,,,Orchidaceae,× Galeosepalum marginatum,× Galeosepalum marginatum,Galeosepalum,,t,t,,,,,,,,,,,,,,,,,,,,,,,,,,,,null:,77376258-1,Plant,urn:lsid:ipni.org:publications:20044785-1,2026,2026 [27 Jan 2026],[27 Jan 2026],Z.H.Feng & J.M.H.Shaw,spec.,Plant 14(1): 8. 2026 [27 Jan 2026] ,,doi:10.11648/j.plant.20261401.11,,,11,marginatum,,,f,t,,,,,,,Garay@3013-1@3@bas$J.M.H.Shaw@37303-1@2@aut$Z.H.Feng@20048642-1@1@aut,,,comb. nov.,,1.5,f,galeosepalum~marginatum,orchidaceaegaleosepalum~marginatum~,251,wfo-1000089264,,species,valid,,,,Plant 14(1): 8 (2026),https://www.ipni.org/n/77376259-1,IPNI record: 77376259-1
urn:lsid:ipni.org:names:77376575-1,Jian Wang ter,,,,,,81(2): [1 of 6],,3,,11,,PIF47709,2021,,P.I.Forster &amp; G.Leiper,,,10/02/2026 18:49,09/03/2026 12:01,"Queensland (Queensland, Australia, Australasia)",,Lomandraceae,Lomandra crassa,Lomandra crassa,Lomandra,,f,f,,,,,,,,,,,"Darling Downs Distr.: Southern boundary of Durikai State Forest (SF444), c. 3.3 km W of Cameronian Corner, Herries Range",,,,,,,,,,,,,,,,,,20605-1,Kew Bull.,urn:lsid:ipni.org:publications:987-2,2026,2026 [6 Mar 2026],[6 Mar 2026],Jian Wang ter,spec.,Kew Bull. 81(2): [1 of 6]. 2026 [6 Mar 2026] ,,"doi:10.1007/s12225-025-10363-z [english] Etymology: the specific epithet is from the Latin crassus, in reference to the thick leaves. This feature distinguishes the species from all others of the genus in eastern Australia.",,,11,crassa,,,f,t,,holotype BRI BRI AQ1043355;isotype MEL,,,,,Jian Wang ter@20019185-2@1@aut,,,tax. nov.,,1.3,f,lomandra~crassa,lomandraceaelomandra~crassa~,252,wfo-1000089265,,species,valid,,,,Kew Bull. 81(2): [1 of 6] (2026),https://www.ipni.org/n/77376575-1,IPNI record: 77376575-1
urn:lsid:ipni.org:names:77377230-1,Mouzinho,,,,,,81(2): [2 of 8],,,,,,,,,,,,26/02/2026 22:49,30/03/2026 13:07,,,Clusiaceae,Garcinia annulata,Garcinia annulata,Garcinia,,f,f,,,,,,,,,,,,,,,,,,,,,,,,,,,,null:,19345-1,Kew Bull.,urn:lsid:ipni.org:publications:987-2,2026,2026 [28 Mar 2026],[28 Mar 2026],Mouzinho,spec.,Kew Bull. 81(2): [2 of 8]. 2026 [28 Mar 2026] ,,"doi:10.1007/s12225-025-10324-6 Etymology: the specific epithet refers to the annular disc in the fruits (from Latin, annulata = ring-shaped).",575098-1,,9,annulata,,,f,t,,,,,,,Mouzinho@20049289-1@1@aut,,,nom. nov.,,1.3,f,garcinia~annulata,clusiaceaegarcinia~annulata~,253,wfo-1000089266,,species,valid,,,,Kew Bull. 81(2): [2 of 8] (2026),https://www.ipni.org/n/77377230-1,IPNI record: 77377230-1
urn:lsid:ipni.org:names:77377264-1,(Craib) Sukd.Bera & Karthig.,Annonaceae Phaeanthus moulmeinensis Craib,(Craib),74445-1,,,81(2): [2 of 7],,,,,,,,,,,,28/02/2026 23:59,26/03/2026 09:39,,,Annonaceae,Polyalthia moulmeinensis,Polyalthia moulmeinensis,Polyalthia,,f,f,,,,,,,,,,,,,,,,,,,,,,,,,,,,null:,2110-1,Kew Bull.,urn:lsid:ipni.org:publications:987-2,2026,2026 [25 Mar 2026],[25 Mar 2026],Sukd.Bera & Karthig.,spec.,Kew Bull. 81(2): [2 of 7]. 2026 [25 Mar 2026] ,,doi:10.1007/s12225-025-10342-4,,,11,moulmeinensis,,,f,t,,,,,,,Karthig.@20000073-1@2@aut$Craib@1857-1@3@bas$Sukd.Bera@20092436-1@1@aut,,,comb. nov.,,1.3,f,polyalthia~moulmeinensis,annonaceaepolyalthia~moulmeinensis~,254,wfo-1000089267,,species,valid,,,,Kew Bull. 81(2): [2 of 7] (2026),https://www.ipni.org/n/77377264-1,IPNI record: 77377264-1
urn:lsid:ipni.org:names:77318365-1,Gerace,,,,,,712(2): 172,,,,,,,,,,,,25/04/2023 20:08,30/03/2026 10:22,,,Tiliaceae,Columbia ridleyi,Columbia ridleyi,Columbia,,f,f,,,,,,,,,,,,,,,nom. inval.    Contrary to Art. 36.1. ICN (2025). Not accepted by author.,,nom. inval.,,,,,,,,,,,null:,39402-1,Phytotaxa,urn:lsid:ipni.org:publications:20011462-1,2025,2025 [30 Jul 2025],[30 Jul 2025],Gerace,spec.,Phytotaxa 712(2): 172. 2025 [30 Jul 2025] [epublished],[epublished],doi:10.11646/phytotaxa.712.2.6 Etymology: named 'in honour of the original author of the species'. Note: The author states 'The accepted names are presented in bold-italics and the synonyms in italics' on p. 166.,833498-1,,10,ridleyi,,,f,t,,,,,,,Gerace@20071302-1@1@aut,,,nom. nov.,,1.6,f,columbia~ridleyi,tiliaceaecolumbia~ridleyi~,255,wfo-1000089268,,species,invalid,,,,Phytotaxa 712(2): 172 (2025),https://www.ipni.org/n/77318365-1,IPNI record: 77318365-1
urn:lsid:ipni.org:names:77352536-1,Melnikov,,,,,,2(1): 90,,,,,,,,,,,,25/11/2024 22:13,24/02/2026 10:33,,,Geraniaceae,Erodium sect. Botrys,Erodium sect. Botrys,Erodium,,f,f,,,,botrys,,,,,,,,,,,,,,,,,,,,,,,,,30013005-2,Konspekt Fl. Vost. Evr.,urn:lsid:ipni.org:publications:20017381-1,2025,2025 [30 Nov 2025],[30 Nov 2025],Melnikov,sect.,Konspekt Fl. Vost. Evr. 2(1): 90. 2025 [30 Nov 2025] ,,[english],,,8,,,,f,t,,,Erodium botrys (Cav.) Bertol.,,,,Melnikov@20025671-1@1@aut,,,tax. nov.,,1.2,f,erodiumbotrys,geraniaceaeerodiumbotrys~~,256,wfo-1000089269,,section,valid,,,,Konspekt Fl. Vost. Evr. 2(1): 90 (2025),https://www.ipni.org/n/77352536-1,IPNI record: 77352536-1
urn:lsid:ipni.org:names:77353297-1,"R.Goldenb., Rob.Fern. & Michelang.",,,,,,173(1): 128,,8,,11,,2384,2022,,"R.Fernandez-Hilario, L.Pillaca, R.Villanueva, C.Rojas &amp; I.Aguilar",,,10/12/2024 12:49,18/03/2026 15:40,"Peru (Western South America, Southern America)",W,Melastomataceae,Henriettea colanensis,Henriettea colanensis,Henriettea,,f,f,,,,,,,,5,26,54,"Amazonas, Bagua: Imaza, Reserva Comunal Chayu Nain, camino rumbo hacia el campamento Yumi Awai, 2010 m",78,18,50,,,,,,S,,,,,,,,,26367-1,Bot. Lett.,urn:lsid:ipni.org:publications:20021248-1,2025,2025 [3 Dec 2025],[3 Dec 2025],"R.Goldenb., Rob.Fern. & Michelang.",spec.,Bot. Lett. 173(1): 128. 2025 [3 Dec 2025] ,,"doi:10.1080/23818107.2025.2590712 Etymology: 'The epithet 'colanensis' refers to the 'Cordillera de Colan', the only area where this species has been collected.'",,,11,colanensis,,,f,t,,holotype MOLF MOLF000217;isotype ISV;isotype KUELAP;isotype HOXA HOXA82228;isotype NY NY05154348,,,,,R.Goldenb.@38527-1@1@aut$Rob.Fern.@20032161-1@2@aut$Michelang.@20006687-2@3@aut,,,tax. nov.,,1.3,f,henriettea~colanensis,melastomataceaehenriettea~colanensis~,257,wfo-1000089270,,species,valid,,,,Bot. Lett. 173(1): 128 (2025),https://www.ipni.org/n/77353297-1,IPNI record: 77353297-1
urn:lsid:ipni.org:names:77353299-1,"R.Goldenb., Rob.Fern. & Michelang.",,,,,,173(1): 134,,18,,4,,2967,2007,,J.Perea &amp; C.J.Mateo,,,10/12/2024 12:52,18/03/2026 15:39,"Peru (Western South America, Southern America)",W,Melastomataceae,Henriettea pedunculata,Henriettea pedunculata,Henriettea,,f,f,,,,,,,,5,3,37,"Cajamarca: San Ignacio, Huarango, Poblado Selva Andina, 1798 m",78,45,13,,,,,,S,,,,,,,,,26367-1,Bot. Lett.,urn:lsid:ipni.org:publications:20021248-1,2025,2025 [3 Dec 2025],[3 Dec 2025],"R.Goldenb., Rob.Fern. & Michelang.",spec.,Bot. Lett. 173(1): 134. 2025 [3 Dec 2025] ,,"doi:10.1080/23818107.2025.2590712 Etymology: 'The epithet refers to the pedunculate inflorescences, a unique feature found in H. pedunculata and H. collanensis when compared to the other species in Henriettea.'",,,11,pedunculata,,,f,t,,holotype HUT HUT65152;isotype MO MO4260670;isotype NY NY03697786,,,,,Rob.Fern.@20032161-1@2@aut$Michelang.@20006687-2@3@aut$R.Goldenb.@38527-1@1@aut,,,tax. nov.,,1.2,f,henriettea~pedunculata,melastomataceaehenriettea~pedunculata~,258,wfo-1000089271,,species,valid,,,,Bot. Lett. 173(1): 134 (2025),https://www.ipni.org/n/77353299-1,IPNI record: 77353299-1
urn:lsid:ipni.org:names:77359856-1,H.J.Wei & Z.Y.Zuo,,,,,,172(4): [514-522],,7,,9,,Zuo6999,2024,,"Zheng-Yu Zuo, She-Lang Jin",,,06/04/2025 07:33,24/03/2026 11:35,"Hunan (China Southeast, China, Asia-Temperate)",E,Dryopteridaceae,Dryopteris acutissima,Dryopteris acutissima,Dryopteris,,f,f,,,,,,,,29,26,15,"ZhangJiajie City, Wulingyuan District, Wulingyuan Scenic and Historic Interest Area, 544 m",110,20,36,,,,,,N,,,,,,,,,326002-2,Bot. Lett.,urn:lsid:ipni.org:publications:20021248-1,2025,2025 [18 Jul 2025],[18 Jul 2025],H.J.Wei & Z.Y.Zuo,spec.,Bot. Lett. 172(4): [514-522]. 2025 [18 Jul 2025] [epublished],[epublished],"doi:10.1080/23818107.2025.2529896 [english] Etymology: name from Latin acutus, 'sharp', and dens, 'tooth', refers to the sharply serrated leaf margins of the plant. Name added via registration. Protologue not seen by the IPNI editors. If you have access to the protologue please email a copy to us via the 'contact us' link at the top of the page.",,,11,acutissima,,,f,t,,holotype CSH;isotype CSH;isotype KUN,,,,,Z.Y.Zuo@20047353-1@2@aut$H.J.Wei@20033110-1@1@aut,,,tax. nov.,,1.3,f,dryopteris~acutissima,dryopteridaceaedryopteris~acutissima~,259,wfo-1000089272,,species,valid,,,,Bot. Lett. 172(4): [514-522] (2025),https://www.ipni.org/n/77359856-1,IPNI record: 77359856-1
urn:lsid:ipni.org:names:77369844-1,"Shahz., Bagheri & Lyskov",,,,,,173(1): 109,,,,,,,,,,,,29/09/2025 14:21,18/03/2026 12:42,,,Apiaceae,Anisotaenia centrozagrica,Anisotaenia centrozagrica,Anisotaenia,,f,f,,,,,,,,,,,,,,,,,,,,,,,,,,,,,77367223-1,Bot. Lett.,urn:lsid:ipni.org:publications:20021248-1,2025,2025 [9 Oct 2025],[9 Oct 2025],"Shahz., Bagheri & Lyskov",spec.,Bot. Lett. 173(1): 109. 2025 [9 Oct 2025] [epublished],[epublished],"doi:10.1080/23818107.2025.2568470 [english] Etymology: The specific epithet refers to the Central Zagros Mountains of western Iran, where the type locality is situated.",,,9,centrozagrica,,,f,t,,holotype HUI;isotype TARI,,,,,Bagheri@20016294-1@2@aut$Lyskov@20031110-1@3@aut$Shahz.@20095286-1@1@aut,,,tax. nov.,,1.4,f,anisotaenia~centrozagrica,apiaceaeanisotaenia~centrozagrica~,260,wfo-1000089273,,species,valid,,,,Bot. Lett. 173(1): 109 (2025),https://www.ipni.org/n/77369844-1,IPNI record: 77369844-1
urn:lsid:ipni.org:names:77375552-1,Lorea-Hern.,,,,,,96(2)-e965456: 2,,28,,3,,50394,1981,,D.E.Breedlove,,,22/01/2026 19:47,17/02/2026 17:00,"Chiapas (Mexico Southeast, Mexico, Northern America)",,Lauraceae,Licaria breedlovei,Licaria breedlovei,Licaria,,f,f,,,,,,,,,,,"Muncipality of Petalcingo, steep slope of Ahk'ulbal Nab above Petalcingo, 1700 m",,,,,,,,,,,,,,,,,,328264-2,Revista Mex. Biodivers.,urn:lsid:ipni.org:publications:20004390-1,2025,2025 [3 Aug 2025],[3 Aug 2025],Lorea-Hern.,spec.,Revista Mex. Biodivers. 96(2)-e965456: 2. 2025 [3 Aug 2025] ,,"doi:10.22201/ib.20078706e.2025.96.5456 Etymology: 'This species is dedicated to Dr. Dennis E. Breedlove, who spent so much effort in field work documenting the flora of Chiapas, pursuing the aim of elaborating a plant species compendium for that region of Mexico.'",,,11,breedlovei,,,f,t,,holotype CAS;isotype MO;isotype MO 6485834,,,,,Lorea-Hern.@22533-1@1@aut,,,tax. nov.,,1.2,f,licaria~breedlovei,lauraceaelicaria~breedlovei~,261,wfo-1000089274,,species,valid,,,,Revista Mex. Biodivers. 96(2)-e965456: 2 (2025),https://www.ipni.org/n/77375552-1,IPNI record: 77375552-1
urn:lsid:ipni.org:names:77375553-1,Lorea-Hern.,,,,,,96(2)-e965456: 3,,2,,5,,16790,1988,,B.Hammel et al.,,,22/01/2026 19:51,17/02/2026 17:06,"Costa Rica (Central America, Southern America)",W,Lauraceae,Licaria dolichopoda,Licaria dolichopoda,Licaria,,f,f,,,,,,,,8,44,,"Puntarenas: Reserva Forestal Golfo Dulce, Osa Peninsula, Rancho Quemado, ca. 200 m",83,36,,,,,,,N,,,,,,,,,328264-2,Revista Mex. Biodivers.,urn:lsid:ipni.org:publications:20004390-1,2025,2025 [3 Aug 2025],[3 Aug 2025],Lorea-Hern.,spec.,Revista Mex. Biodivers. 96(2)-e965456: 3. 2025 [3 Aug 2025] ,,doi:10.22201/ib.20078706e.2025.96.5456 Etymology: 'The name of this species alludes to the distinctive long pedicels that bear the flowers.',,,11,dolichopoda,,,f,t,,holotype MO;isotype MEXU;isotype TEX,,,,,Lorea-Hern.@22533-1@1@aut,,,tax. nov.,,1.2,f,licaria~dolichopoda,lauraceaelicaria~dolichopoda~,262,wfo-1000089275,,species,valid,,,,Revista Mex. Biodivers. 96(2)-e965456: 3 (2025),https://www.ipni.org/n/77375553-1,IPNI record: 77375553-1
urn:lsid:ipni.org:names:77375554-1,Lorea-Hern.,,,,,,96(2)-e965456: 6,,15,,4,,10830,1987,,G.McPherson,,,22/01/2026 19:53,17/02/2026 17:12,"Panama (Central America, Southern America)",W,Lauraceae,Licaria eurypaniculata,Licaria eurypaniculata,Licaria,,f,f,,,,,,,,8,45,,"Bocas del Toro: along road to Chiriquí Grande, c. 10 road miles from continental divide and about 2 miles along road east of highway, 300 m",82,15,,,,,,,N,,,,,,,,,328264-2,Revista Mex. Biodivers.,urn:lsid:ipni.org:publications:20004390-1,2025,2025 [3 Aug 2025],[3 Aug 2025],Lorea-Hern.,spec.,Revista Mex. Biodivers. 96(2)-e965456: 6. 2025 [3 Aug 2025] ,,"doi:10.22201/ib.20078706e.2025.96.5456 Etymology: 'The name of this species alludes to the very long basal secondary axes of the inflorescence, which give a broad triangular profile to the panicle.'",,,11,eurypaniculata,,,f,t,,holotype MO;isotype XAL 124596,,,,,Lorea-Hern.@22533-1@1@aut,,,tax. nov.,,1.2,f,licaria~eurypaniculata,lauraceaelicaria~eurypaniculata~,263,wfo-1000089276,,species,valid,,,,Revista Mex. Biodivers. 96(2)-e965456: 6 (2025),https://www.ipni.org/n/77375554-1,IPNI record: 77375554-1
urn:lsid:ipni.org:names:77375555-1,Lorea-Hern.,,,,,,96(2)-e965456: 7,,20,,2,,2427,1989,,G.Herrera &amp; A.Chacón,,,22/01/2026 19:55,17/02/2026 17:20,,W,Lauraceae,Licaria gibbitepala,Licaria gibbitepala,Licaria,,f,f,,,,,,,,9,39,,"Limón: Reserva Biológica Hitoy Cerere, 300 m aguas abajo de la confluencia del río Hitoy con el río Cerere, margen izquierda por la fila que lleva al cerro Bobócora, 200 m",83,2,45,,,,,,N,,,,,,,,,328264-2,Revista Mex. Biodivers.,urn:lsid:ipni.org:publications:20004390-1,2025,2025 [3 Aug 2025],[3 Aug 2025],Lorea-Hern.,spec.,Revista Mex. Biodivers. 96(2)-e965456: 7. 2025 [3 Aug 2025] ,,doi:10.22201/ib.20078706e.2025.96.5456 Etymology: 'The name is derived from the conspicuous swollen condition of the base of the tepals; the feature is distinctive.',,,10,gibbitepala,,,f,t,,holotype MO;isotype XAL 124445,,,,,Lorea-Hern.@22533-1@1@aut,,,tax. nov.,,1.2,f,licaria~gibbitepala,lauraceaelicaria~gibbitepala~,264,wfo-1000089277,,species,valid,,,,Revista Mex. Biodivers. 96(2)-e965456: 7 (2025),https://www.ipni.org/n/77375555-1,IPNI record: 77375555-1
urn:lsid:ipni.org:names:77375556-1,Lorea-Hern.,,,,,,96(2)-e965456: 9,,15,,5,,3912,2007,,J.E.Aranda et al.,,,22/01/2026 19:57,17/02/2026 17:25,"Panama (Central America, Southern America)",W,Lauraceae,Licaria gracilis,Licaria gracilis,Licaria,,f,f,,,,,,,,8,17,7,"Chiriquí: Punta Burica, El Chorogo, alrededores de la finca de Fernando Chavarría, adyacente al límite fronterizo, cabecera del río San Bartolo, 395 m",82,58,56,,,,,,N,,,,,,,,,328264-2,Revista Mex. Biodivers.,urn:lsid:ipni.org:publications:20004390-1,2025,2025 [3 Aug 2025],[3 Aug 2025],Lorea-Hern.,spec.,Revista Mex. Biodivers. 96(2)-e965456: 9. 2025 [3 Aug 2025] ,,doi:10.22201/ib.20078706e.2025.96.5456 Etymology: 'The name of the species is derived from the attractive view that the slender inflorescences give to the plant.',,,11,gracilis,,,f,t,,holotype MO 6456198,,,,,Lorea-Hern.@22533-1@1@aut,,,tax. nov.,,1.2,f,licaria~gracilis,lauraceaelicaria~gracilis~,265,wfo-1000089278,,species,valid,,,,Revista Mex. Biodivers. 96(2)-e965456: 9 (2025),https://www.ipni.org/n/77375556-1,IPNI record: 77375556-1
urn:lsid:ipni.org:names:77375557-1,Lorea-Hern.,,,,,,96(2)-e965456: 10,,,,2,,G.Herrera,1987,,500,,,22/01/2026 20:00,17/02/2026 17:31,"Costa Rica (Central America, Southern America)",W,Lauraceae,Licaria minutiflora,Licaria minutiflora,Licaria,,f,f,,,,,,,,10,12,53,"Alajuela: camino entre la estación de la Reserva Forestal de San Ramón y el camino a la colonia Palmareña, finca de don Bolívar Ruiz, margen derecha río San Lorencito",84,36,28,,,,,,N,,,,,,,,,328264-2,Revista Mex. Biodivers.,urn:lsid:ipni.org:publications:20004390-1,2025,2025 [3 Aug 2025],[3 Aug 2025],Lorea-Hern.,spec.,Revista Mex. Biodivers. 96(2)-e965456: 10. 2025 [3 Aug 2025] ,,"doi:10.22201/ib.20078706e.2025.96.5456 Etymology: 'The very small flowers, whose tepals are less than 1mm long, is the feature on which the species name is based.'",,,11,minutiflora,,,f,t,,holotype MO 3387621;isotype MEXU 638804;isotype TEX,,,,,Lorea-Hern.@22533-1@1@aut,,,tax. nov.,,1.2,f,licaria~minutiflora,lauraceaelicaria~minutiflora~,266,wfo-1000089279,,species,valid,,,,Revista Mex. Biodivers. 96(2)-e965456: 10 (2025),https://www.ipni.org/n/77375557-1,IPNI record: 77375557-1
urn:lsid:ipni.org:names:77375558-1,Lorea-Hern.,,,,,,96(2)-e965456: 14,,17,,7,,756,1978,,P.C.Vincelli,,,22/01/2026 20:01,18/02/2026 09:59,"Nicaragua (Central America, Southern America)",,Lauraceae,Licaria ochracea,Licaria ochracea,Licaria,,f,f,,,,,,,,,,,"Matagalpa, Hacienda Santa María del Ostuma, 10 km N of Matagalpa, 1300 m",,,,,,,,,,,,,,,,,,328264-2,Revista Mex. Biodivers.,urn:lsid:ipni.org:publications:20004390-1,2025,2025 [3 Aug 2025],[3 Aug 2025],Lorea-Hern.,spec.,Revista Mex. Biodivers. 96(2)-e965456: 14. 2025 [3 Aug 2025] ,,doi:10.22201/ib.20078706e.2025.96.5456 Etymology: 'The name refers to the conspicuous orange-brown pubescence of the species on young twigs and main axes of inflorescences.',,,11,ochracea,,,f,t,,holotype MO 2984723;isotype LL;isotype MEXU 691292,,,,,Lorea-Hern.@22533-1@1@aut,,,tax. nov.,,1.2,f,licaria~ochracea,lauraceaelicaria~ochracea~,267,wfo-1000089280,,species,valid,,,,Revista Mex. Biodivers. 96(2)-e965456: 14 (2025),https://www.ipni.org/n/77375558-1,IPNI record: 77375558-1
urn:lsid:ipni.org:names:77375559-1,Lorea-Hern.,,,,,,96(2)-e965456: 17,,7,,3,,4977,1975,,S.Mori &amp; J.Kallunki,,,22/01/2026 20:03,18/02/2026 10:10,"Panama (Central America, Southern America)",,Lauraceae,Licaria rufotricha,Licaria rufotricha,Licaria,,f,f,,,,,,,,,,,"5-10 km NE of Altos de Pacora, on trail at end of road, ca. 750 m",,,,,,,,,,,,,,,,,,328264-2,Revista Mex. Biodivers.,urn:lsid:ipni.org:publications:20004390-1,2025,2025 [3 Aug 2025],[3 Aug 2025],Lorea-Hern.,spec.,Revista Mex. Biodivers. 96(2)-e965456: 17. 2025 [3 Aug 2025] ,,"doi:10.22201/ib.20078706e.2025.96.5456 Etymology: 'The name given to this species refers to the dense red-brown pubescence in the interior of the flowers, covering the adaxial surface of tepals, stamen filaments, anthers, and hypanthium inside.'",,,11,rufotricha,,,f,t,,holotype MO 2992664,,,,,Lorea-Hern.@22533-1@1@aut,,,tax. nov.,,1.2,f,licaria~rufotricha,lauraceaelicaria~rufotricha~,268,wfo-1000089281,,species,valid,,,,Revista Mex. Biodivers. 96(2)-e965456: 17 (2025),https://www.ipni.org/n/77375559-1,IPNI record: 77375559-1
urn:lsid:ipni.org:names:77375560-1,Lorea-Hern.,,,,,,96(2)-e965456: 18,,27,,4,,5522,1993,,F.Lorea,,,22/01/2026 20:04,18/02/2026 10:18,"Chiapas (Mexico Southeast, Mexico, Northern America)",W,Lauraceae,Licaria sarukhanii,Licaria sarukhanii,Licaria,,f,f,,,,,,,,15,36,,"Municipio de Ángel Albino Corzo, Reserva de la Biosfera El Triunfo, aprox. 1.5 km al E de Campamento El Triunfo, sobre el Sendero Bandera, 1850 m",82,50,,,,,,,N,,,,,,,,,328264-2,Revista Mex. Biodivers.,urn:lsid:ipni.org:publications:20004390-1,2025,2025 [3 Aug 2025],[3 Aug 2025],Lorea-Hern.,spec.,Revista Mex. Biodivers. 96(2)-e965456: 18. 2025 [3 Aug 2025] ,,"doi:10.22201/ib.20078706e.2025.96.5456 Etymology: 'The species is dedicated to José Sarukhán, a Mexican plant ecologist who has played an important role in making a huge amount of information about Mexico’s biodiversity, ecosystem conservation, and sustainable development accessible to the public.'",,,11,sarukhanii,,,f,t,,holotype XAL 151063,,Isotypes to be distributed.,,,Lorea-Hern.@22533-1@1@aut,,,tax. nov.,,1.2,f,licaria~sarukhanii,lauraceaelicaria~sarukhanii~,269,wfo-1000089282,,species,valid,,,,Revista Mex. Biodivers. 96(2)-e965456: 18 (2025),https://www.ipni.org/n/77375560-1,IPNI record: 77375560-1
urn:lsid:ipni.org:names:77375561-1,Lorea-Hern.,,,,,,96(2)-e965456: 19,,11,,10,,2165,1988,,G.Herrera,,,22/01/2026 20:07,18/02/2026 10:27,"Costa Rica (Central America, Southern America)",,Lauraceae,Licaria tomentulosa,Licaria tomentulosa,Licaria,,f,f,,,,,,,,,,,"Limón: Cordillera de Talamanca, Matina, intersección de río Barbilla y quebrada Cañabral, por la fila al norte, ca. 100 m",,,,,,,,,,,,,,,,,,328264-2,Revista Mex. Biodivers.,urn:lsid:ipni.org:publications:20004390-1,2025,2025 [3 Aug 2025],[3 Aug 2025],Lorea-Hern.,spec.,Revista Mex. Biodivers. 96(2)-e965456: 19. 2025 [3 Aug 2025] ,,"doi:10.22201/ib.20078706e.2025.96.5456 Etymology: 'The name is for the abundant tomentulose pubescence that covers the axes of the inflorescence, as well as the abaxial surface of tepals and hypanthium.'",,,11,tomentulosa,,,f,t,,holotype MO 3693485;isotype TEX;isotype MEXU 529889; 529889; 717774; 718334,,"Latitude as '0°01’N, 83°24’ W'.",,,Lorea-Hern.@22533-1@1@aut,,,tax. nov.,,1.2,f,licaria~tomentulosa,lauraceaelicaria~tomentulosa~,270,wfo-1000089283,,species,valid,,,,Revista Mex. Biodivers. 96(2)-e965456: 19 (2025),https://www.ipni.org/n/77375561-1,IPNI record: 77375561-1
urn:lsid:ipni.org:names:77375562-1,Lorea-Hern.,,,,,,96(2)-e965456: 21,,26,,1,,13920,1975,,A.Gentry &amp; S.Mori,,,22/01/2026 20:09,18/02/2026 11:37,"Panama (Central America, Southern America)",,Lauraceae,Licaria vanderwerffii,Licaria vanderwerffii,Licaria,,f,f,,,,,,,,,,,"Darién: Cerro Tacarcuna S slope, ca. 1250m",,,,,,,,,,,,,,,,,,328264-2,Revista Mex. Biodivers.,urn:lsid:ipni.org:publications:20004390-1,2025,2025 [3 Aug 2025],[3 Aug 2025],Lorea-Hern.,spec.,Revista Mex. Biodivers. 96(2)-e965456: 21. 2025 [3 Aug 2025] ,,"doi:10.22201/ib.20078706e.2025.96.5456 Etymology: 'The species is named after Hendrik (Henk) Hessel van der Werff, a prolific scholar of the family Lauraceae in the Neotropics.'",,,11,vanderwerffii,,,f,t,,holotype MO 2300651;isotype F 1763407,,,,,Lorea-Hern.@22533-1@1@aut,,,tax. nov.,,1.2,f,licaria~vanderwerffii,lauraceaelicaria~vanderwerffii~,271,wfo-1000089284,,species,valid,,,,Revista Mex. Biodivers. 96(2)-e965456: 21 (2025),https://www.ipni.org/n/77375562-1,IPNI record: 77375562-1
