id,authors_t,basionym_s_lower,basionym_author_s_lower,lookup_basionym_id,bibliographic_reference_s_lower,bibliographic_type_info_s_lower,reference_collation_s_lower,collection_date_as_text_s_lower,collection_day_1_s_lower,collection_day_2_s_lower,collection_month_1_s_lower,collection_month_2_s_lower,collection_number_s_lower,collection_year_1_s_lower,collection_year_2_s_lower,collector_team_as_text_t,lookup_conserved_against_id,lookup_correction_of_id,date_created_date,date_last_modified_date,distribution_s_lower,east_or_west_s_lower,family_s_lower,taxon_scientific_name_s_lower,taxon_sci_name_suggestion,genus_s_lower,geographic_unit_as_text_s_lower,hybrid_b,hybrid_genus_b,lookup_hybrid_parent_id,hybrid_parents_s_lower,infra_family_s_lower,infra_genus_s_lower,infraspecies_s_lower,lookup_isonym_of_id,lookup_later_homonym_of_id,latitude_degrees_s_lower,latitude_minutes_s_lower,latitude_seconds_s_lower,locality_s_lower,longitude_degrees_s_lower,longitude_minutes_s_lower,longitude_seconds_s_lower,name_status_s_lower,name_status_bot_code_type_s_lower,name_status_editor_type_s_lower,nomenclatural_synonym_s_lower,lookup_nomenclatural_synonym_id,north_or_south_s_lower,original_basionym_s_lower,original_basionym_author_team_s_lower,original_hybrid_parentage_s_lower,original_remarks_s_lower,original_replaced_synonym_s_lower,original_taxon_distribution_s_lower,lookup_orthographic_variant_of_id,other_links_s_lower,lookup_parent_id,publication_s_lower,lookup_publication_id,publication_year_i,publication_year_full_s_lower,publication_year_note_s_lower,publishing_author_s_lower,rank_s_alphanum,reference_t,reference_remarks_s_lower,remarks_s_lower,lookup_replaced_synonym_id,lookup_same_citation_as_id,score_s_lower,species_s_lower,species_author_s_lower,lookup_superfluous_name_of_id,suppressed_b,top_copy_b,lookup_type_id,type_locations_s_lower,type_name_s_lower,type_remarks_s_lower,type_chosen_by_s_lower,type_note_s_lower,detail_author_team_ids,detail_species_author_team_ids,page_as_text_s_lower,citation_type_s_lower,lookup_validation_of_id,version_s_lower,powo_b,sortable,family_taxon_name_sortable,rhakhis_pk,rhakhis_wfo,rhakhis_skip,rhakhis_rank,rhakhis_status,rhakhis_parent,rhakhis_accepted,rhakhis_basionym,ipniurl,ipni_label,ipnimicro
urn:lsid:ipni.org:names:77376267-1,"(M.Bieb.) V.V.Byalt & L.V.Orlova","Crassulaceae Sedum involucratum M.Bieb.",(M.Bieb.),275557-1,,,196,,,,,,,,,,,,"01/02/2026 13:00","04/02/2026 16:00",,,Crassulaceae,"Phedimus involucratus","Phedimus involucratus",Phedimus,,f,f,,,,,,,,,,,,,,,,,,,,,,,,,,,,null:,12218-1,"Cat. Type Spec. Crassulaceae St. Petersburg",urn:lsid:ipni.org:publications:20062722-1,2025,2025,,"V.V.Byalt & L.V.Orlova",spec.,"Cat. Type Spec. Crassulaceae St. Petersburg 196. 2025 ",,,,,11,involucratus,,,f,t,,,,,,,M.Bieb.@6129-1@3@bas$V.V.Byalt@37225-1@1@aut$L.V.Orlova@39738-1@2@aut,,,"comb. nov.",,1.3,f,phedimus~involucratus,crassulaceaephedimus~involucratus~,1,wfo-1000088145,,species,,,,,https://www.ipni.org/n/77376267-1,"IPNI Record: 77376267-1","Cat. Type Spec. Crassulaceae St. Petersburg 196 (2025)"
urn:lsid:ipni.org:names:77376268-1,"(Haw.) V.V.Byalt","Crassulaceae Crassula obtusa Haw.",(Haw.),273343-1,,,72,,,,,,,,,,,,"01/02/2026 13:02","04/02/2026 15:45",,,Crassulaceae,"Rochea obtusa","Rochea obtusa",Rochea,,f,f,,,,,,,,,,,,,,,,,,,,,,,,,,,,null:,331915-2,"Cat. Type Spec. Crassulaceae St. Petersburg",urn:lsid:ipni.org:publications:20062722-1,2025,2025,,V.V.Byalt,spec.,"Cat. Type Spec. Crassulaceae St. Petersburg 72. 2025 ",,,,,11,obtusa,,,f,t,,,,,,,Haw.@3738-1@2@bas$V.V.Byalt@37225-1@1@aut,,,"comb. nov.",,1.3,f,rochea~obtusa,crassulaceaerochea~obtusa~,2,wfo-1000088146,,species,,,,,https://www.ipni.org/n/77376268-1,"IPNI Record: 77376268-1","Cat. Type Spec. Crassulaceae St. Petersburg 72 (2025)"
urn:lsid:ipni.org:names:77376270-1,"(Gower) Rolfe & Hurst","Orchidaceae Cypripedium × buchanianum Gower",(Gower),625627-1,,,140,,,,,,,,,,,,"02/02/2026 03:27","04/02/2026 08:35",,,Orchidaceae,"Paphiopedilum buchanianum","Paphiopedilum buchanianum",Paphiopedilum,,f,f,,,,,,,,,,,,,,,,,,,,,,,,,,,,null:,327473-2,"Orchid Stud-Book",urn:lsid:ipni.org:publications:20020063-1,1909,1909,,"Rolfe & Hurst",spec.,"Orchid Stud-Book 140. 1909 ",,,,,11,buchanianum,,,f,t,,,,,,,Hurst@4242-1@2@aut$Gower@14006-1@3@bas$Rolfe@8550-1@1@aut,,,"comb. nov.",,1.3,f,paphiopedilum~buchanianum,orchidaceaepaphiopedilum~buchanianum~,3,wfo-1000088147,,species,,,,,https://www.ipni.org/n/77376270-1,"IPNI Record: 77376270-1","Orchid Stud-Book 140 (1909)"
urn:lsid:ipni.org:names:77376271-1,"(J.R.Pitcher & Manda) Rolfe & Hurst","Orchidaceae Cypripedium × greyanum J.R.Pitcher & Manda","(J.R.Pitcher & Manda)",77376013-1,,,163,,,,,,,,,,,,"02/02/2026 03:29","04/02/2026 09:13",,,Orchidaceae,"Paphiopedilum × greyanum","Paphiopedilum × greyanum",Paphiopedilum,,t,f,,,,,,,,,,,,,,,,,,,,,,,,,,,,null:,327473-2,"Orchid Stud-Book",urn:lsid:ipni.org:publications:20020063-1,1909,1909,,"Rolfe & Hurst",spec.,"Orchid Stud-Book 163. 1909 ",,,,,11,greyanum,,,f,t,,,,,,,Hurst@4242-1@2@aut$Rolfe@8550-1@1@aut$J.R.Pitcher@20028245-1@3@bas$Manda@14073-1@4@bas,,,"comb. nov.",,1.3,f,paphiopedilum~greyanum,orchidaceaepaphiopedilum~greyanum~,4,wfo-1000088441,,species,,,,,https://www.ipni.org/n/77376271-1,"IPNI Record: 77376271-1","Orchid Stud-Book 163 (1909)"
urn:lsid:ipni.org:names:77376272-1,"(Rchb.f.) Rolfe & Hurst","Orchidaceae Cypripedium × harrisianum Rchb.f.",(Rchb.f.),625765-1,,,164,,,,,,,,,,,,"02/02/2026 03:30","04/02/2026 09:14",,,Orchidaceae,"Paphiopedilum × harrisianum","Paphiopedilum × harrisianum",Paphiopedilum,,t,f,,,,,,,,,,,,,,,,,,,,,,,,,,,,null:,327473-2,"Orchid Stud-Book",urn:lsid:ipni.org:publications:20020063-1,1909,1909,,"Rolfe & Hurst",spec.,"Orchid Stud-Book 164. 1909 ",,,,,11,harrisianum,,,f,t,,,,,,,Hurst@4242-1@2@aut$Rolfe@8550-1@1@aut$Rchb.f.@8254-1@3@bas,,,"comb. nov.",,1.3,f,paphiopedilum~harrisianum,orchidaceaepaphiopedilum~harrisianum~,5,wfo-1000088442,,species,,,,,https://www.ipni.org/n/77376272-1,"IPNI Record: 77376272-1","Orchid Stud-Book 164 (1909)"
urn:lsid:ipni.org:names:77376274-1,"(N.E.Br.) Rolfe & Hurst","Orchidaceae Cypripedium × pallas N.E.Br.",(N.E.Br.),625885-1,,,192,,,,,,,,,,,,"02/02/2026 03:35","04/02/2026 09:16",,,Orchidaceae,"Paphiopedilum × pallas","Paphiopedilum × pallas",Paphiopedilum,,t,f,,,,,,,,,,,,,,,,,,,,,,,,,,,,null:,327473-2,"Orchid Stud-Book",urn:lsid:ipni.org:publications:20020063-1,1909,1909,,"Rolfe & Hurst",spec.,"Orchid Stud-Book 192. 1909 ",,,,,11,pallas,,,f,t,,,,,,,Rolfe@8550-1@1@aut$Hurst@4242-1@2@aut$N.E.Br.@1191-1@3@bas,,,"comb. nov.",,1.3,f,paphiopedilum~pallas,orchidaceaepaphiopedilum~pallas~,6,wfo-1000088443,,species,,,,,https://www.ipni.org/n/77376274-1,"IPNI Record: 77376274-1","Orchid Stud-Book 192 (1909)"
urn:lsid:ipni.org:names:77376275-1,"(J.R.Pitcher & Manda) Rolfe & Hurst","Orchidaceae Cypripedium × pallens J.R.Pitcher & Manda","(J.R.Pitcher & Manda)",77375973-1,,,192,,,,,,,,,,,,"02/02/2026 03:37","09/02/2026 14:39",,,Orchidaceae,"Paphiopedilum × pallens","Paphiopedilum × pallens",Paphiopedilum,,t,f,,,,,,,,,,,,,,,,,,,,,,,,,,,,null:,327473-2,"Orchid Stud-Book",urn:lsid:ipni.org:publications:20020063-1,1909,1909,,"Rolfe & Hurst",spec.,"Orchid Stud-Book 192. 1909 ",,,,,11,pallens,,,f,t,,,,,,,Rolfe@8550-1@1@aut$Hurst@4242-1@2@aut$Manda@14073-1@4@bas$J.R.Pitcher@20028245-1@3@bas,,,"comb. nov.",,1.3.1.1,f,paphiopedilum~pallens,orchidaceaepaphiopedilum~pallens~,7,wfo-1000088444,,species,,,,,https://www.ipni.org/n/77376275-1,"IPNI Record: 77376275-1","Orchid Stud-Book 192 (1909)"
urn:lsid:ipni.org:names:77376276-1,"(Veitch) Rolfe & Hurst","Orchidaceae Cypripedium × selligerum Veitch",(Veitch),77240010-1,,,205,,,,,,,,,,,,"02/02/2026 03:42","09/02/2026 14:02",,,Orchidaceae,"Paphiopedilum × selligerum","Paphiopedilum × selligerum",Paphiopedilum,,t,f,,,,,,,,,,,,,,,,,,,,,,,,,,,,null:,327473-2,"Orchid Stud-Book",urn:lsid:ipni.org:publications:20020063-1,1909,1909,,"Rolfe & Hurst",spec.,"Orchid Stud-Book 205. 1909 ",,,,,11,selligerum,,,f,t,,,,,,,Rolfe@8550-1@1@aut$Hurst@4242-1@2@aut$Veitch@11109-1@3@bas,,,"comb. nov.",,1.4,f,paphiopedilum~selligerum,orchidaceaepaphiopedilum~selligerum~,8,wfo-1000088445,,species,,,,,https://www.ipni.org/n/77376276-1,"IPNI Record: 77376276-1","Orchid Stud-Book 205 (1909)"
urn:lsid:ipni.org:names:77376277-1,"(Rchb.f.) Rolfe & Hurst","Orchidaceae Cypripedium × pavoninum Rchb.f.",(Rchb.f.),625900-1,,,192,,,,,,,,,,,,"02/02/2026 03:45","04/02/2026 09:47",,,Orchidaceae,"Paphiopedilum × pavoninum","Paphiopedilum × pavoninum",Paphiopedilum,,t,f,,,,,,,,,,,,,,,,,,,,,,,,,,,,null:,327473-2,"Orchid Stud-Book",urn:lsid:ipni.org:publications:20020063-1,1909,1909,,"Rolfe & Hurst",spec.,"Orchid Stud-Book 192. 1909 ",,,,,11,pavoninum,,,f,t,,,,,,,Hurst@4242-1@2@aut$Rolfe@8550-1@1@aut$Rchb.f.@8254-1@3@bas,,,"comb. nov.",,1.3,f,paphiopedilum~pavoninum,orchidaceaepaphiopedilum~pavoninum~,9,wfo-1000088446,,species,,,,,https://www.ipni.org/n/77376277-1,"IPNI Record: 77376277-1","Orchid Stud-Book 192 (1909)"
urn:lsid:ipni.org:names:77376278-1,"(Rchb.f.) Rolfe & Hurst","Orchidaceae Cypripedium × pleistochlorum Rchb.f.",(Rchb.f.),625915-1,,,193,,,,,,,,,,,,"02/02/2026 03:47","04/02/2026 09:48",,,Orchidaceae,"Paphiopedilum × pleistochlorum","Paphiopedilum × pleistochlorum",Paphiopedilum,,t,f,,,,,,,,,,,,,,,,,,,,,,,,,,,,null:,327473-2,"Orchid Stud-Book",urn:lsid:ipni.org:publications:20020063-1,1909,1909,,"Rolfe & Hurst",spec.,"Orchid Stud-Book 193. 1909 ",,,,,11,pleistochlorum,,,f,t,,,,,,,Rolfe@8550-1@1@aut$Hurst@4242-1@2@aut$Rchb.f.@8254-1@3@bas,,,"comb. nov.",,1.3,f,paphiopedilum~pleistochlorum,orchidaceaepaphiopedilum~pleistochlorum~,10,wfo-1000088447,,species,,,,,https://www.ipni.org/n/77376278-1,"IPNI Record: 77376278-1","Orchid Stud-Book 193 (1909)"
urn:lsid:ipni.org:names:77376279-1,"(Jekyll & E.T.Cook) Rolfe & Hurst","Orchidaceae Cypripedium × rolfei Jekyll & E.T.Cook","(Jekyll & E.T.Cook)",77375987-1,,,200,,,,,,,,,,,,"02/02/2026 03:49","04/02/2026 10:10",,,Orchidaceae,"Paphiopedilum × rolfei","Paphiopedilum × rolfei",Paphiopedilum,,t,f,,,,,,,,,,,,,,,,,,,,,,,,,,,,null:,327473-2,"Orchid Stud-Book",urn:lsid:ipni.org:publications:20020063-1,1909,1909,,"Rolfe & Hurst",spec.,"Orchid Stud-Book 200. 1909 ",,,,,11,rolfei,,,f,t,,,,,,,Hurst@4242-1@2@aut$Jekyll@4460-1@3@bas$E.T.Cook@20047478-1@4@bas$Rolfe@8550-1@1@aut,,,"comb. nov.",,1.3,f,paphiopedilum~rolfei,orchidaceaepaphiopedilum~rolfei~,11,wfo-1000088448,,species,,,,,https://www.ipni.org/n/77376279-1,"IPNI Record: 77376279-1","Orchid Stud-Book 200 (1909)"
urn:lsid:ipni.org:names:77376280-1,"(Sander) Rolfe & Hurst","Orchidaceae Cypripedium × thayerianum Sander",(Sander),625565-1,,,210,,,,,,,,,,,,"02/02/2026 03:51","09/02/2026 14:07",,,Orchidaceae,"Paphiopedilum × thayerianum","Paphiopedilum × thayerianum",Paphiopedilum,,t,f,,,,,,,,,,,,,,,,,,,,,,,,,,,,null:,327473-2,"Orchid Stud-Book",urn:lsid:ipni.org:publications:20020063-1,1909,1909,,"Rolfe & Hurst",spec.,"Orchid Stud-Book 210. 1909 ",,,,,11,thayerianum,,,f,t,,,,,,,Rolfe@8550-1@1@aut$Sander@8884-1@3@bas$Hurst@4242-1@2@aut,,,"comb. nov.",,1.4,f,paphiopedilum~thayerianum,orchidaceaepaphiopedilum~thayerianum~,12,wfo-1000088449,,species,,,,,https://www.ipni.org/n/77376280-1,"IPNI Record: 77376280-1","Orchid Stud-Book 210 (1909)"
urn:lsid:ipni.org:names:77376281-1,"(O'Brien) Rolfe & Hurst","Orchidaceae Cypripedium × triumphans O'Brien",(O'Brien),625995-1,,,212,,,,,,,,,,,,"02/02/2026 03:53","04/02/2026 10:21",,,Orchidaceae,"Paphiopedilum × triumphans","Paphiopedilum × triumphans",Paphiopedilum,,t,f,,,,,,,,,,,,,,,,,,,,,,,,,,,,null:,327473-2,"Orchid Stud-Book",urn:lsid:ipni.org:publications:20020063-1,1909,1909,,"Rolfe & Hurst",spec.,"Orchid Stud-Book 212. 1909 ",,,,,11,triumphans,,,f,t,,,,,,,Hurst@4242-1@2@aut$Rolfe@8550-1@1@aut$O'Brien@7076-1@3@bas,,,"comb. nov.",,1.3,f,paphiopedilum~triumphans,orchidaceaepaphiopedilum~triumphans~,13,wfo-1000088450,,species,,,,,https://www.ipni.org/n/77376281-1,"IPNI Record: 77376281-1","Orchid Stud-Book 212 (1909)"
urn:lsid:ipni.org:names:77376282-1,"(Rchb.f.) Rolfe & Hurst","Orchidaceae Cypripedium × vernixium Rchb.f.",(Rchb.f.),626006-1,,,215,,,,,,,,,,,,"02/02/2026 03:55","04/02/2026 10:22",,,Orchidaceae,"Paphiopedilum × vernixium","Paphiopedilum × vernixium",Paphiopedilum,,t,f,,,,,,,,,,,,,,,,,,,,,,,,,,,,null:,327473-2,"Orchid Stud-Book",urn:lsid:ipni.org:publications:20020063-1,1909,1909,,"Rolfe & Hurst",spec.,"Orchid Stud-Book 215. 1909 ",,,,,11,vernixium,,,f,t,,,,,,,Hurst@4242-1@2@aut$Rchb.f.@8254-1@3@bas$Rolfe@8550-1@1@aut,,,"comb. nov.",,1.3,f,paphiopedilum~vernixium,orchidaceaepaphiopedilum~vernixium~,14,wfo-1000088451,,species,,,,,https://www.ipni.org/n/77376282-1,"IPNI Record: 77376282-1","Orchid Stud-Book 215 (1909)"
urn:lsid:ipni.org:names:77376384-1,Lipsky,,,,,,"11(2): 16",,,,,,,,,,,,"02/02/2026 04:22","06/02/2026 08:23",,,Boraginaceae,"Arnebia cornuta var. angustata","Arnebia cornuta var. angustata",Arnebia,,f,f,,,,,angustata,,,,,,,,,,,,,,,,,,,,,,,,113449-1,"Zap. Kievsk. Obshch. Estestvoisp.",urn:lsid:ipni.org:publications:2134-2,1891,1891,,Lipsky,var.,"Zap. Kievsk. Obshch. Estestvoisp. 11(2): 16. 1891 ",,,,,8,cornuta,"Fisch. & C.A.Mey.",,f,t,,,,,,,Lipsky@12656-1@1@aut,C.A.Mey.@0-0@2@aut$Fisch.@0-0@1@aut,,"tax. nov.",,1.3,f,arnebia~cornutaangustata,boraginaceaearnebia~cornutaangustata,15,wfo-1200116995,,variety,,,,,https://www.ipni.org/n/77376384-1,"IPNI Record: 77376384-1","Zap. Kievsk. Obshch. Estestvoisp. 11(2): 16 (1891)"
urn:lsid:ipni.org:names:77376385-1,Lipsky,,,,,,"11(2): 16",,,,,,,,,,,,"02/02/2026 04:30","06/02/2026 08:25",,,Scrophulariaceae,"Phelypaea trivalvis var. lanuginosa","Phelypaea trivalvis var. lanuginosa",Phelypaea,,f,f,,,,,lanuginosa,,,,,,,,,,,,,,,,,,,,,,,,662974-1,"Zap. Kievsk. Obshch. Estestvoisp.",urn:lsid:ipni.org:publications:2134-2,1891,1891,,Lipsky,var.,"Zap. Kievsk. Obshch. Estestvoisp. 11(2): 16. 1891 , as 'Phelipaea trivalvis β. lanuginosa'",", as 'Phelipaea trivalvis β. lanuginosa'",,,,8,trivalvis,Trautv.,,f,t,,,,,,,Lipsky@12656-1@1@aut,Trautv.@0-0@1@aut,,"tax. nov.",,1.3,f,phelypaea~trivalvislanuginosa,scrophulariaceaephelypaea~trivalvislanuginosa,16,wfo-1200038634,,variety,,,,,https://www.ipni.org/n/77376385-1,"IPNI Record: 77376385-1","Zap. Kievsk. Obshch. Estestvoisp. 11(2): 16 (1891)"
urn:lsid:ipni.org:names:77376386-1,Lipsky,,,,,,"11(2): 17",,,,,,,,,,,,"02/02/2026 04:34","06/02/2026 08:26",,,Chenopodiaceae,"Suaeda maritima var. abunda","Suaeda maritima var. abunda",Suaeda,,f,f,,,,,abunda,,,,,,,,,,,,,,,,,,,,,,,,1071140-2,"Zap. Kievsk. Obshch. Estestvoisp.",urn:lsid:ipni.org:publications:2134-2,1891,1891,,Lipsky,var.,"Zap. Kievsk. Obshch. Estestvoisp. 11(2): 17. 1891 ",,,,,8,maritima,"(L.) Dumort.",,f,t,,,,,,,Lipsky@12656-1@1@aut,L.@0-0@1@bas$Dumort.@0-0@0@aut,,"tax. nov.",,1.3,f,suaeda~maritimaabunda,chenopodiaceaesuaeda~maritimaabunda,17,wfo-1200116996,,variety,,,,,https://www.ipni.org/n/77376386-1,"IPNI Record: 77376386-1","Zap. Kievsk. Obshch. Estestvoisp. 11(2): 17 (1891)"
urn:lsid:ipni.org:names:77376387-1,Lipsky,,,,,,"11(2): 41",,,,,,,,,,,,"02/02/2026 04:59","06/02/2026 08:28",,,Caryophyllaceae,"Gypsophila paniculata var. sublandulosa","Gypsophila paniculata var. sublandulosa",Gypsophila,,f,f,,,,,sublandulosa,,,,,,,,,,,,,,,,,,,,,,,,154563-1,"Zap. Kievsk. Obshch. Estestvoisp.",urn:lsid:ipni.org:publications:2134-2,1891,1891,,Lipsky,var.,"Zap. Kievsk. Obshch. Estestvoisp. 11(2): 41. 1891 ",,,,,8,paniculata,L.,,f,t,,,,,,,Lipsky@12656-1@1@aut,L.@0-0@1@aut,,"tax. nov.",,1.3,f,gypsophila~paniculatasublandulosa,caryophyllaceaegypsophila~paniculatasublandulosa,18,wfo-1200116997,,variety,,,,,https://www.ipni.org/n/77376387-1,"IPNI Record: 77376387-1","Zap. Kievsk. Obshch. Estestvoisp. 11(2): 41 (1891)"
urn:lsid:ipni.org:names:77376388-1,Lipsky,,,,,,"11(2): 44",,,,,,,,,,,,"02/02/2026 05:10","06/02/2026 08:30",,,Fabaceae,"Melilotus officinalis var. incisus","Melilotus officinalis var. incisus",Melilotus,,f,f,,,,,incisus,,,,,,,,,,,,,,,,,,,,,,,,1174681-2,"Zap. Kievsk. Obshch. Estestvoisp.",urn:lsid:ipni.org:publications:2134-2,1891,1891,,Lipsky,var.,"Zap. Kievsk. Obshch. Estestvoisp. 11(2): 44. 1891 , as 'incisa'",", as 'incisa'",,,,8,officinalis,"(L.) Lam.",,f,t,,,,,,,Lipsky@12656-1@1@aut,L.@12653-1@2@bas$Lam.@5227-1@1@aut,,"tax. nov.",,1.3,f,melilotus~officinalisincisus,fabaceaemelilotus~officinalisincisus,19,wfo-1200116998,,variety,,,,,https://www.ipni.org/n/77376388-1,"IPNI Record: 77376388-1","Zap. Kievsk. Obshch. Estestvoisp. 11(2): 44 (1891)"
urn:lsid:ipni.org:names:77376389-1,Lipsky,,,,,,"11(2): 45",,,,,,,,,,,,"02/02/2026 05:15","06/02/2026 08:31",,,Leguminosae,"Astragalus xiphidium var. distans","Astragalus xiphidium var. distans",Astragalus,,f,f,,,,,distans,,,,,,,,,,,,,,,,,,,,,,,,480575-1,"Zap. Kievsk. Obshch. Estestvoisp.",urn:lsid:ipni.org:publications:2134-2,1891,1891,,Lipsky,var.,"Zap. Kievsk. Obshch. Estestvoisp. 11(2): 45. 1891 ",,,,,8,xiphidium,Bunge,,f,t,,,,,,,Lipsky@12656-1@1@aut,Bunge@0-0@1@aut,,"tax. nov.",,1.3,f,astragalus~xiphidiumdistans,leguminosaeastragalus~xiphidiumdistans,20,wfo-0001445002,,variety,,,,,https://www.ipni.org/n/77376389-1,"IPNI Record: 77376389-1","Zap. Kievsk. Obshch. Estestvoisp. 11(2): 45 (1891)"
urn:lsid:ipni.org:names:77376390-1,"(C.Presl) Cif. & Giacom.","Polygonaceae Rumex aetnensis C.Presl",(C.Presl),696845-1,,,"2: 239",,,,,,,,,,,,"02/02/2026 10:43","06/02/2026 08:42",,,Polygonaceae,"Rumex scutatus subsp. aetnensis","Rumex scutatus subsp. aetnensis",Rumex,,f,f,,,,,aetnensis,,,,,,,,,,,,,,,,,,,,,,,null:,697494-1,"Nomenclator Fl. Ital.",urn:lsid:ipni.org:publications:17895-2,1954,1954,,"Cif. & Giacom.",subsp.,"Nomenclator Fl. Ital. 2: 239. 1954 ",,"Name added via registration. Protologue not seen by the IPNI editors. If you have access to the protologue please email a copy to us via the 'contact us' link at the top of the page.",,,11,scutatus,L.,,f,t,,,,,,,Giacom.@3126-1@2@aut$C.Presl@25074-1@3@bas$Cif.@17265-1@1@aut,L.@0-0@0@aut,,"comb. et stat. nov.",,1.3,f,rumex~scutatusaetnensis,polygonaceaerumex~scutatusaetnensis,21,wfo-1200116999,,subspecies,,,,,https://www.ipni.org/n/77376390-1,"IPNI Record: 77376390-1","Nomenclator Fl. Ital. 2: 239 (1954)"
urn:lsid:ipni.org:names:77376391-1,Torr.,,,,,,89,,,,,,,,,,,,"02/02/2026 11:30","02/02/2026 11:30","New York (Northeastern U.S.A., Northern America)",,Cyperaceae,"Cyperus caespitosus","Cyperus caespitosus",Cyperus,,f,f,,,,,,,304016-1,,,,,,,,"nom. illeg. later homonym",,"nom. illeg.",,,,,,,,,,,,330001-2,"Cat. Pl. New York",urn:lsid:ipni.org:publications:1494-2,1819,"1819 [after 11 Mar 1819]","[after 11 Mar 1819]",Torr.,spec.,"Cat. Pl. New York 89. 1819 [after 11 Mar 1819] ",,"Latin descr.",,,11,caespitosus,,,f,t,,,,,,,Torr.@10754-1@1@aut,,,"tax. nov.",,1.1,f,cyperus~caespitosus,cyperaceaecyperus~caespitosus~,22,wfo-1000088452,,species,,,,,https://www.ipni.org/n/77376391-1,"IPNI Record: 77376391-1","Cat. Pl. New York 89 (1819)"
urn:lsid:ipni.org:names:77376393-1,"(Blume) Nees","Lauraceae Litsea amara Blume",(Blume),465499-1,,,"3(11): 30",,,,,,,,,,,,"02/02/2026 12:18","03/02/2026 15:19",,,Lauraceae,"Tetranthera amara","Tetranthera amara",Tetranthera,,f,f,,,,,,,,,,,,,,,,,,,,,,,,,,,,null:,21520-1,"Pl. Asiat. Rar.",urn:lsid:ipni.org:publications:3468-2,1832,"1832 [15 Jun 1832]","[15 Jun 1832]",Nees,spec.,"Pl. Asiat. Rar. 3(11): 30. 1832 [15 Jun 1832] ",,,,,11,amara,,,f,t,,,,,,,Nees@6888-1@1@aut$Blume@16230-1@2@bas,,,"comb. nov.",,1.3,f,tetranthera~amara,lauraceaetetranthera~amara~,23,wfo-1000088142,,species,,,,,https://www.ipni.org/n/77376393-1,"IPNI Record: 77376393-1","Pl. Asiat. Rar. 3(11): 30 (1832)"
urn:lsid:ipni.org:names:77376394-1,Pacz.,,,,,,80,,,,,,,,,,,,"02/02/2026 12:28","03/02/2026 15:50",,,Alliaceae,"Allium decipiens var. longepedicellatum","Allium decipiens var. longepedicellatum",Allium,,f,f,,,,,longepedicellatum,,,,,,,,,,,,,,,,,,,,,,,,527918-1,"Otchet Trudy Odessk. Otd. Rossijsk. Imp. Obshch. Sadov.",urn:lsid:ipni.org:publications:20012728-1,1891,1891,,Pacz.,var.,"Otchet Trudy Odessk. Otd. Rossijsk. Imp. Obshch. Sadov. 80. 1891 ",,"Protologue available online: https://www.google.com/books/edition/Материалы_для_флоры_с/c_ntZ_-R21cC?hl=en&dq=longepedicellatum&pg=PA80&gbpv=1",,,8,decipiens,"Fisch. ex Schult. & Schult.f.",,f,t,,,,,,,Pacz.@7239-1@1@aut,Schult.@9288-1@2@autEx$Fisch.@2744-1@1@aut$Schult.f.@9289-1@3@autEx,,"tax. nov.",,1.3,f,allium~decipienslongepedicellatum,alliaceaeallium~decipienslongepedicellatum,24,wfo-1200117000,,variety,,,,,https://www.ipni.org/n/77376394-1,"IPNI Record: 77376394-1","Otchet Trudy Odessk. Otd. Rossijsk. Imp. Obshch. Sadov. 80 (1891)"
urn:lsid:ipni.org:names:77376395-1,"W.B.Ju, Bo Xu & J.Ru",,,,,,"270: 225",,30,,3,,J01397,2025,,W.B.Ju,,,"02/02/2026 15:15","03/02/2026 15:28","Yunnan (China South-Central, China, Asia-Temperate)",E,Primulaceae,"Primula daguanensis","Primula daguanensis",Primula,,f,f,,,,,,,,27,43,49,"Daguan County, c. 1136 m",103,53,1,,,,,,N,,,,,,,,,30005261-2,PhytoKeys,urn:lsid:ipni.org:publications:20011997-1,2026,"2026 [3 Feb 2026]","[3 Feb 2026]","W.B.Ju, Bo Xu & J.Ru",spec.,"PhytoKeys 270: 225. 2026 [3 Feb 2026] [epublished]",[epublished],"doi:10.3897/phytokeys.270.171019 [english] Etymology: the specific epithet refers to Daguan County, Yunnan Province, where the new species was discovered and collected.",,,11,daguanensis,,,f,t,,"holotype CDBI CDBI0298288;isotype PE;isotype KUN",,,,,"W.B.Ju@20029311-1@1@aut$Bo Xu@20011382-2@2@aut$J.Ru@20070522-1@3@aut",,,"tax. nov.",,1.3,f,primula~daguanensis,primulaceaeprimula~daguanensis~,25,wfo-1000088148,,species,,,,,https://www.ipni.org/n/77376395-1,"IPNI Record: 77376395-1","PhytoKeys 270: 225 (2026)"
urn:lsid:ipni.org:names:77376396-1,"Perrie & D.J.Ohlsen",,,,,,"63(5): 1513",,22,,9,,1510,2023,,"Ohlsen et al.",,,"03/02/2026 07:55","03/02/2026 15:05","Lord Howe I. (Norfolk Is., Australia, Australasia)",,Psilotaceae,"Tmesipteris eucampta","Tmesipteris eucampta",Tmesipteris,,f,f,,,,,,,,,,,"on the south side of the spur that the Goathouse is on",,,,,,,,,,,,,,,,,,70027891-1,"New Zealand J. Bot.",urn:lsid:ipni.org:publications:2614-2,2025,"2025 [5 Jun 2025]","[5 Jun 2025]","Perrie & D.J.Ohlsen",spec.,"New Zealand J. Bot. 63(5): 1513. 2025 [5 Jun 2025] [epublished]",[epublished],"doi:10.1080/0028825X.2025.2511005 [english] Etymology: the species epithet eucampta (based on the Greek εύκαμπτος) refers to the pliable, somewhat rubbery texture of the stems and leaves of this species compared with congeners.",,,11,eucampta,,,f,t,,"holotype MEL 2532407;isotype CANB;isotype WELT P032981/A-B",,,,,D.J.Ohlsen@20016740-1@2@aut$Perrie@20000127-1@1@aut,,,"tax. nov.",,1.3,f,tmesipteris~eucampta,psilotaceaetmesipteris~eucampta~,26,wfo-1000088149,,species,,,,,https://www.ipni.org/n/77376396-1,"IPNI Record: 77376396-1","New Zealand J. Bot. 63(5): 1513 (2025)"
urn:lsid:ipni.org:names:77376397-1,Hack.,,,,,,"47: 75",,,,,,,,,,,,"03/02/2026 09:22","03/02/2026 14:53",,,Poaceae,"Panicum sect. Bifaria","Panicum sect. Bifaria",Panicum,,f,f,,,,bifaria,,,,,,,,,,,,,,,,,,,,,,,,,1194715-2,"Oesterr. Bot. Z.",urn:lsid:ipni.org:publications:768-2,1897,"1897 [Mar 1897]","[Mar 1897]",Hack.,sect.,"Oesterr. Bot. Z. 47: 75. 1897 [Mar 1897] ",,,,,8,,,,f,t,,,"Panicum bifarium",,,,Hack.@3523-1@1@aut,,,"tax. nov.",,1.3,f,panicumbifaria,poaceaepanicumbifaria~~,27,wfo-1000088150,,section,,,,,https://www.ipni.org/n/77376397-1,"IPNI Record: 77376397-1","Oesterr. Bot. Z. 47: 75 (1897)"
urn:lsid:ipni.org:names:77376398-1,"Álvarez-Corr. & Tuberq.",,,,,,"740(1): 34",,9,,9,,52,2023,,C.Álvarez-Correa,,,"03/02/2026 13:51","03/02/2026 13:51","Colombia (Western South America, Southern America)",W,Cyclanthaceae,"Dicranopygium elongatum","Dicranopygium elongatum",Dicranopygium,,f,f,,,,,,,,6,27,24,"Antioquia: Puerto Berrío, vereda Brasil, finca Manaos, 499 m",74,36,31,,,,,,N,,,,,,,,,296742-2,Phytotaxa,urn:lsid:ipni.org:publications:20011462-1,2026,"2026 [3 Feb 2026]","[3 Feb 2026]","Álvarez-Corr. & Tuberq.",spec.,"Phytotaxa 740(1): 34. 2026 [3 Feb 2026] [epublished]",[epublished],"doi:10.11646/phytotaxa.740.1.3 [english] Etymology: 'The specific epithet 'elongatum' refers to the long staminodes that stand out in proportion to the other floral structures.'",,,11,elongatum,,,f,t,,"holotype CBUCES 4234;isotype JAUM;isotype HUA",,,,,Álvarez-Corr.@20095921-1@1@aut$Tuberq.@37688-1@2@aut,,,"tax. nov.",,1.1,f,dicranopygium~elongatum,cyclanthaceaedicranopygium~elongatum~,28,wfo-1000088151,,species,,,,,https://www.ipni.org/n/77376398-1,"IPNI Record: 77376398-1","Phytotaxa 740(1): 34 (2026)"
urn:lsid:ipni.org:names:77376399-1,"Tuberq. & D.Sanín",,,,,,"740(1): 38",,18,,1,,4946,1976,,"J.L.Luteyn et al.",,,"03/02/2026 13:55","03/02/2026 13:55","Colombia (Western South America, Southern America)",,Cyclanthaceae,"Dicranopygium piedemontanum","Dicranopygium piedemontanum",Dicranopygium,,f,f,,,,,,,,,,,"Caquetá: Florencia: 21 km of Florencia towards Altamira",,,,,,,,,,,,,,,,,,296742-2,Phytotaxa,urn:lsid:ipni.org:publications:20011462-1,2026,"2026 [3 Feb 2026]","[3 Feb 2026]","Tuberq. & D.Sanín",spec.,"Phytotaxa 740(1): 38. 2026 [3 Feb 2026] [epublished]",[epublished],"doi:10.11646/phytotaxa.740.1.3 [english] Etymology:'The specific epithet honours the Florencia municipality, where the Caraño river is located.'",,,11,piedemontanum,,,f,t,,"holotype COL 184158;isotype NY",,,,,D.Sanín@20025135-1@2@aut$Tuberq.@37688-1@1@aut,,,"tax. nov.",,1.1,f,dicranopygium~piedemontanum,cyclanthaceaedicranopygium~piedemontanum~,29,wfo-1000088152,,species,,,,,https://www.ipni.org/n/77376399-1,"IPNI Record: 77376399-1","Phytotaxa 740(1): 38 (2026)"
urn:lsid:ipni.org:names:77376400-1,"Álvarez-Corr. & Tuberq.",,,,,,"740(1): 42",,,,,,58,,,C.Álvarez-Correa,,,"03/02/2026 14:04","03/02/2026 14:04","Colombia (Western South America, Southern America)",W,Cyclanthaceae,"Dicranopygium rio-clarense","Dicranopygium rio-clarense",Dicranopygium,,f,f,,,,,,,,5,41,48,"Antioquia: San Francisco, vereda La Hinojosa, reserva Agroecologica 'Los Monos', 349 m",74,52,20,,,,,,N,,,,,,,,,296742-2,Phytotaxa,urn:lsid:ipni.org:publications:20011462-1,2026,"2026 [3 Feb 2026]","[3 Feb 2026]","Álvarez-Corr. & Tuberq.",spec.,"Phytotaxa 740(1): 42. 2026 [3 Feb 2026] [epublished]",[epublished],"doi:10.11646/phytotaxa.740.1.3 [english] Etymology: the specific epithet refers to the type locality.",,,11,rio-clarense,,,f,t,,"holotype CBUCES 4357;isotype JAUM",,,,,Álvarez-Corr.@20095921-1@1@aut$Tuberq.@37688-1@2@aut,,,"tax. nov.",,1.1,f,dicranopygium~rio-clarense,cyclanthaceaedicranopygium~rio-clarense~,30,wfo-1000088153,,species,,,,,https://www.ipni.org/n/77376400-1,"IPNI Record: 77376400-1","Phytotaxa 740(1): 42 (2026)"
urn:lsid:ipni.org:names:77376401-1,"Akhavan & Maassoumi",,,,,,"740(1): 99",,15,,7,,18899,2022,,Akhavan,,,"03/02/2026 14:28","03/02/2026 14:28","Iran (Western Asia, Asia-Temperate)",E,Leguminosae,"Astragalus montis-hashtadi","Astragalus montis-hashtadi",Astragalus,,f,f,,,,,,,,33,1,38,"Isfahan Province: Fereydunshahr, Hashtad Mountain, 2970 m",49,57,49,,,,,,N,,,,,,,,,330028-2,Phytotaxa,urn:lsid:ipni.org:publications:20011462-1,2026,"2026 [3 Feb 2026]","[3 Feb 2026]","Akhavan & Maassoumi",spec.,"Phytotaxa 740(1): 99. 2026 [3 Feb 2026] [epublished]",[epublished],"doi:10.11646/phytotaxa.740.1.8 [english] Etymology: 'The epithet 'montis-hashtadi' refers to Hashtad Mountain in the western part of Isfahan Province, where the type material was collected.'",,,11,montis-hashtadi,,,f,t,,"holotype SFAHAN;isotype SFAHAN;isotype TARI",,,,,Maassoumi@14808-1@2@aut$Akhavan@20026491-1@1@aut,,,"tax. nov.",,1.1,f,astragalus~montis-hashtadi,leguminosaeastragalus~montis-hashtadi~,31,wfo-1000088154,,species,,,,,https://www.ipni.org/n/77376401-1,"IPNI Record: 77376401-1","Phytotaxa 740(1): 99 (2026)"
urn:lsid:ipni.org:names:77376402-1,"Trigas & Polymenakos",,,,,,"740(1): 115",,10,,5,,6890,2025,,"P.Trigas &amp; A.Ntzouropanou",,,"03/02/2026 14:37","03/02/2026 14:37","Greece (Southeastern Europe, Europe)",E,Crassulaceae,"Sedum confertiflorum subsp. euboicum","Sedum confertiflorum subsp. euboicum",Sedum,,f,f,,,,,euboicum,,,38,3,14,"West Aegean Islands, Evvia Island, Mt.Ochi in southern Evvia, rocky plateau west of Profitis Ilias summit, 1170 m",24,27,36,,,,,,N,,,,,,,,,275248-1,Phytotaxa,urn:lsid:ipni.org:publications:20011462-1,2026,"2026 [3 Feb 2026]","[3 Feb 2026]","Trigas & Polymenakos",subsp.,"Phytotaxa 740(1): 115. 2026 [3 Feb 2026] [epublished]",[epublished],"doi:10.11646/phytotaxa.740.1.10 [english] Etymology: 'The subspecific epithet 'euboicum' refers to Evvia (Euboea) Island, where the new subspecies was found.'",,,11,confertiflorum,Boiss.,,f,t,,"holotype ACA;isotype ATHU",,,,,Polymenakos@20031157-1@2@aut$Trigas@39164-1@1@aut,Boiss.@16284-1@1@aut,,"tax. nov.",,1.1,f,sedum~confertiflorumeuboicum,crassulaceaesedum~confertiflorumeuboicum,32,wfo-1200117001,,subspecies,,,,,https://www.ipni.org/n/77376402-1,"IPNI Record: 77376402-1","Phytotaxa 740(1): 115 (2026)"
urn:lsid:ipni.org:names:77376403-1,"Bisceglia, Perilli, Soca & Benigni",,,,,,"68(2): 275",,27,,4,,,2025,,F.Bisceglia,,,"03/02/2026 15:19","03/02/2026 15:19","Italy (Italy, Southeastern Europe, Europe)",,Orchidaceae,"Ophrys × montis-sacri","Ophrys × montis-sacri",Ophrys,,t,f,"931424-1,77123543-1","(Ophrys archipelagi Gölz & H.R.Reinhard × Ophrys mattinatae Medagli, A.Rossini, Quitadamo, D'Emerico & Turco)",,,,,,,,,"Apulia, in Gargano (Foveana Provincia), ad Sacrum Montem supra Matinatam, 411 m",,,,,,,,,,,,,,,,,,30162-1,"GIROS Orch. Spont. Eur.",urn:lsid:ipni.org:publications:20020275-1,2025,"2025 [Nov 2025]","[Nov 2025]","Bisceglia, Perilli, Soca & Benigni",spec.,"GIROS Orch. Spont. Eur. 68(2): 275. 2025 [Nov 2025] [epublished]",[epublished],"Etymology: hybrid named for the 'Sacred Mountain' where this hybrid taxon was discovered.",,,10,montis-sacri,,,f,t,,"holotype RO RO-HGN_324",,,,,Perilli@20029818-1@2@aut$Bisceglia@20071431-1@1@aut$Benigni@20043193-1@4@aut$Soca@37067-1@3@aut,,,"tax. nov.",,1.1,f,ophrys~montis-sacri,orchidaceaeophrys~montis-sacri~,33,wfo-1000088155,,species,,,,,https://www.ipni.org/n/77376403-1,"IPNI Record: 77376403-1","GIROS Orch. Spont. Eur. 68(2): 275 (2025)"
urn:lsid:ipni.org:names:77376404-1,"Bisceglia & Benigni",,,,,,"68(2): 256",,24,,3,,,2025,,F.Bisceglia,,,"03/02/2026 15:46","03/02/2026 15:46","Italy (Italy, Southeastern Europe, Europe)",,Orchidaceae,"Ophrys × montis-saraceni","Ophrys × montis-saraceni",Ophrys,,t,f,"1017144-1,1003634-1","(Ophrys classica Devillers-Tersch. & Devillers × Ophrys lupercalis Devillers-Tersch. & Devillers)",,,,,,,,,"Apulia, in Gargano (Foveana provincia), ad Matinatam, 103 m",,,,,,,,,,,,,,,,,,30162-1,"GIROS Orch. Spont. Eur.",urn:lsid:ipni.org:publications:20020275-1,2025,"2025 [Nov 2025]","[Nov 2025]","Bisceglia & Benigni",spec.,"GIROS Orch. Spont. Eur. 68(2): 256. 2025 [Nov 2025] ",,"Etymology: the hybrid epithet is named for the Saracen mountain, where this hybrid taxon was first discovered.",,,10,montis-saraceni,,,f,t,,"holotype RO RO-HGN_127",,,,,Benigni@20043193-1@2@aut$Bisceglia@20071431-1@1@aut,,,"tax. nov.",,1.1,f,ophrys~montis-saraceni,orchidaceaeophrys~montis-saraceni~,34,wfo-1000088156,,species,,,,,https://www.ipni.org/n/77376404-1,"IPNI Record: 77376404-1","GIROS Orch. Spont. Eur. 68(2): 256 (2025)"
urn:lsid:ipni.org:names:77376405-1,Licheri,,,,,,"68(2): 326",,30,,3,,,2025,,,,,"03/02/2026 15:56","03/02/2026 15:56","Sardegna (Southwestern Europe, Europe)",,Orchidaceae,"Ophrys × napolii","Ophrys × napolii",Ophrys,,t,f,,,,,,,,,,,"Sardinia meridiana provincia, ad Portoscusum, 1 m",,,,,,,,,,,,,,,,,,30162-1,"GIROS Orch. Spont. Eur.",urn:lsid:ipni.org:publications:20020275-1,2025,"2025 [Nov 2025]","[Nov 2025]",Licheri,spec.,"GIROS Orch. Spont. Eur. 68(2): 326. 2025 [Nov 2025] ",,"Etymology: the hybrid epithet is dedicated to Pier Andrea Napoli, discoverer of this hybrid taxon.",,,10,napolii,,,f,t,,"holotype CAG H25/10",,,,,Licheri@20041202-1@1@aut,,,"tax. nov.",,1.1,f,ophrys~napolii,orchidaceaeophrys~napolii~,35,wfo-1000088157,,species,,,,,https://www.ipni.org/n/77376405-1,"IPNI Record: 77376405-1","GIROS Orch. Spont. Eur. 68(2): 326 (2025)"
urn:lsid:ipni.org:names:77376406-1,Licheri,,,,,,"68(2): 322",,16,,3,,,2025,,Licheri,,,"03/02/2026 16:12","03/02/2026 16:12","Sardegna (Southwestern Europe, Europe)",,Orchidaceae,"Ophrys × obnixa","Ophrys × obnixa",Ophrys,,t,f,"902655-1,973558-1","(Ophrys × normanii J.J.Wood × Ophrys eleonorae Devillers-Tersch. & Devillers)",,,,,,,,,"Sardinia meridiana provincia, ad Buggerrum, 100 m",,,,,,,,,,,,,,,,,,30162-1,"GIROS Orch. Spont. Eur.",urn:lsid:ipni.org:publications:20020275-1,2025,"2025 [Nov 2025]","[Nov 2025]",Licheri,spec.,"GIROS Orch. Spont. Eur. 68(2): 322. 2025 [Nov 2025] ",,"Etymology: 'the hybrid epithet is a reference to its ability to resist in unfavourable habitats.'",,,10,obnixa,,,f,t,,"holotype CAG H25/11",,,,,Licheri@20041202-1@1@aut,,,"tax. nov.",,1.1,f,ophrys~obnixa,orchidaceaeophrys~obnixa~,36,wfo-1000088158,,species,,,,,https://www.ipni.org/n/77376406-1,"IPNI Record: 77376406-1","GIROS Orch. Spont. Eur. 68(2): 322 (2025)"
urn:lsid:ipni.org:names:77376407-1,L.,,,,,,"2: 1231",,,,,,,,,,,,"03/02/2026 16:23","03/02/2026 16:23",,,Caryophyllaceae,"Cucubalus giganteus","Cucubalus giganteus",Cucubalus,,f,f,,,,,,,,,,,,,,,,,,,,,,,,,,,,,30096318-2,"Sp. Pl.",urn:lsid:ipni.org:publications:1071-2,1753,"1753 [1 May 1753]","[1 May 1753]",L.,spec.,"Sp. Pl. 2: 1231. 1753 [1 May 1753] ",,"'418. §. 10. SILENE gigantea ~ - CUCUBALUS giganteus ad genus itaque antecedens amandetur.'",,,8,giganteus,,,f,t,,,,,,,L.@12653-1@1@aut,,,"tax. nov.",,1.1,f,cucubalus~giganteus,caryophyllaceaecucubalus~giganteus~,37,wfo-1000088159,,species,,,,,https://www.ipni.org/n/77376407-1,"IPNI Record: 77376407-1","Sp. Pl. 2: 1231 (1753)"
urn:lsid:ipni.org:names:77376408-1,"(L.) L.","Caryophyllaceae Cucubalus giganteus L.",(L.),77376407-1,,,"2: 1031",,,,,,,,,,,,"03/02/2026 16:25","03/02/2026 16:25",,,Caryophyllaceae,"Silene gigantea","Silene gigantea",Silene,,f,f,,,,,,,,,,,,,,,,,,,,,,,,,,,,,331962-2,"Syst. Nat., ed. 10.",urn:lsid:ipni.org:publications:14210-2,1759,"1759 [7 Jun 1759]","[7 Jun 1759]",L.,spec.,"Syst. Nat., ed. 10. 2: 1031. 1759 [7 Jun 1759] ",,,,,11,gigantea,,,f,t,,,,,,,L.@12653-1@1@aut$L.@12653-1@2@bas,,,"comb. nov.",,1.1,f,silene~gigantea,caryophyllaceaesilene~gigantea~,38,wfo-1000088453,,species,,,,,https://www.ipni.org/n/77376408-1,"IPNI Record: 77376408-1","Syst. Nat., ed. 10. 2: 1031 (1759)"
urn:lsid:ipni.org:names:77376409-1,"Toli & Benigni",,,,,,"68(2): 241",,11,,5,,,2025,,"Toli &amp; Benigni",,,"03/02/2026 16:32","03/02/2026 16:32","Italy (Italy, Southeastern Europe, Europe)",,Orchidaceae,"Ophrys × ratinii","Ophrys × ratinii",Ophrys,,t,f,"647746-1,1017144-1","(Ophrys apifera Huds. × Ophrys classica Devillers-Tersch. & Devillers)",,,,,,,,,"Umbria regio, ad Vallem Topinam, 600 m",,,,,,,,,,,,,,,,,,30162-1,"GIROS Orch. Spont. Eur.",urn:lsid:ipni.org:publications:20020275-1,2025,"2025 [Nov 2025]","[Nov 2025]","Toli & Benigni",spec.,"GIROS Orch. Spont. Eur. 68(2): 241. 2025 [Nov 2025] ",,"Etymology: the hybrid epithet is named in honour of Giuseppe Ratini",,,10,ratinii,,,f,t,,"holotype CAME 29350",,,,,Toli@20082388-1@1@aut$Benigni@20043193-1@2@aut,,,"tax. nov.",,1.1,f,ophrys~ratinii,orchidaceaeophrys~ratinii~,39,wfo-1000088160,,species,,,,,https://www.ipni.org/n/77376409-1,"IPNI Record: 77376409-1","GIROS Orch. Spont. Eur. 68(2): 241 (2025)"
urn:lsid:ipni.org:names:77376410-1,Licheri,,,,,,"68(2): 317",,3,,3,,,2025,,Licheri,,,"03/02/2026 16:43","03/02/2026 16:43","Sardegna (Southwestern Europe, Europe)",,Orchidaceae,"Ophrys × renati","Ophrys × renati",Ophrys,,t,f,"648125-1,1003634-1","(Ophrys speculum Link × Ophrys lupercalis Devillers-Tersch. & Devillers)",,,,,,,,,"Sardinia meridiana provincia, ad Buggerrum, 100 m",,,,,,,,,,,,,,,,,,30162-1,"GIROS Orch. Spont. Eur.",urn:lsid:ipni.org:publications:20020275-1,2025,"2025 [Nov 2025]","[Nov 2025]",Licheri,spec.,"GIROS Orch. Spont. Eur. 68(2): 317. 2025 [Nov 2025] ",,"Etymology: the hybrid epithet is named in honour of Renato Riola.",,,10,renati,,,f,t,,"holotype CAG 25/12",,,,,Licheri@20041202-1@1@aut,,,"tax. nov.",,1.1,f,ophrys~renati,orchidaceaeophrys~renati~,40,wfo-1000088161,,species,,,,,https://www.ipni.org/n/77376410-1,"IPNI Record: 77376410-1","GIROS Orch. Spont. Eur. 68(2): 317 (2025)"
urn:lsid:ipni.org:names:77376411-1,"Manunza & Doneddu",,,,,,"68(2): 292",,7,,4,,,2025,,"B.Manunza &amp; M.Doneddu",,,"03/02/2026 16:54","03/02/2026 16:54","Sardegna (Southwestern Europe, Europe)",E,Orchidaceae,"Ophrys × rossellae","Ophrys × rossellae",Ophrys,,t,f,"979723-1,648125-1","(Ophrys annae Devillers-Tersch. & Devillers × Ophrys speculum Link)",,,,,,40,48,,"Sardinia septentrionalis, Sassarensis provincia, agro turritano, ad Portum Turrem, 77 m",8,27,,,,,,,N,,,,,,,,,30162-1,"GIROS Orch. Spont. Eur.",urn:lsid:ipni.org:publications:20020275-1,2025,"2025 [Nov 2025]","[Nov 2025]","Manunza & Doneddu",spec.,"GIROS Orch. Spont. Eur. 68(2): 292. 2025 [Nov 2025] ",,"Etymology: the hybrid epithet is dedicated to Rossella Arcadu.",,,10,rossellae,,,f,t,,"holotype SS 2000/012025",,,,,Manunza@20095048-1@1@aut$Doneddu@20065399-1@2@aut,,,"tax. nov.",,1.1,f,ophrys~rossellae,orchidaceaeophrys~rossellae~,41,wfo-1000088162,,species,,,,,https://www.ipni.org/n/77376411-1,"IPNI Record: 77376411-1","GIROS Orch. Spont. Eur. 68(2): 292 (2025)"
urn:lsid:ipni.org:names:77376412-1,"Lumare & Medagli",,,,,,"68(2): 371",,17,,5,,,2024,,"Febo Lumare",,,"03/02/2026 17:04","04/02/2026 09:29","Italy (Italy, Southeastern Europe, Europe)",E,Orchidaceae,"Serapias × lorenzonii","Serapias × lorenzonii",Serapias,,t,f,"77310715-1,657590-1","(Serapias sallentina (Lumare & Medagli) Biagioli, Kreutz, Lumare, Medagli & De Simoni × Serapias cordigera L.)",,,,,,40,24,34,"Puglia, Salento, provincia e territorio comunale di Lecce nel S.I.C. Bosco La Lizze e Macchia del Pagliarone, 15 m",18,14,33,,,,,,N,,,,,,,,,331286-2,"GIROS Orch. Spont. Eur.",urn:lsid:ipni.org:publications:20020275-1,2025,"2025 [Nov 2025]","[Nov 2025]","Lumare & Medagli",spec.,"GIROS Orch. Spont. Eur. 68(2): 371. 2025 [Nov 2025] ",,"Etymology: the hybrid epithet is dedicated to Giovanni Giorgio Lorenzoni.",,,10,lorenzonii,,,f,t,,"holotype LEC 2024051001",,,,,Medagli@34888-1@2@aut$Lumare@20028213-1@1@aut,,,"tax. nov.",,1.2,f,serapias~lorenzonii,orchidaceaeserapias~lorenzonii~,42,wfo-1000088163,,species,,,,,https://www.ipni.org/n/77376412-1,"IPNI Record: 77376412-1","GIROS Orch. Spont. Eur. 68(2): 371 (2025)"
urn:lsid:ipni.org:names:77376413-1,"Biagioli & Sotgiu",,,,,,"68(2): 224",,12,,4,,,2025,,"M.Biagioli &amp; F.Sotgui",,,"03/02/2026 17:15","03/02/2026 17:15","Sardegna (Southwestern Europe, Europe)",,Orchidaceae,"Orchis × elineae","Orchis × elineae",Orchis,,t,f,,,,,,,,,,,"Sardegna orientale, Ogliastra, Baunei, 650 m",,,,,,,,,,,,,,,,,,30021702-2,"GIROS Orch. Spont. Eur.",urn:lsid:ipni.org:publications:20020275-1,2025,"2025 [Nov 2025]","[Nov 2025]","Biagioli & Sotgiu",spec.,"GIROS Orch. Spont. Eur. 68(2): 224. 2025 [Nov 2025] ",,"Etymology: the hybrid epithet is dedicated to Eline Vandeputte.",,,10,elineae,,,f,t,,"holotype CAG 25/4",,,,,Biagioli@20028212-1@1@aut$Sotgiu@20082390-1@2@aut,,,"tax. nov.",77363714-1,1.1,f,orchis~elineae,orchidaceaeorchis~elineae~,43,wfo-1000088143,,species,,,,,https://www.ipni.org/n/77376413-1,"IPNI Record: 77376413-1","GIROS Orch. Spont. Eur. 68(2): 224 (2025)"
urn:lsid:ipni.org:names:77376414-1,Endl.,,,,,,141,,,,,,,,,,,,"03/02/2026 20:23","03/02/2026 20:23",,,Liliaceae,"Lilium [infragen.unranked] Cardiocrinum","Lilium [infragen.unranked] Cardiocrinum",Lilium,,f,f,,,,cardiocrinum,,,,,,,,,,,,,,,,,,,,,,,,,30009317-2,"Gen. Pl. [Endlicher]",urn:lsid:ipni.org:publications:11039-2,1836,"1836 [Dec 1836]","[Dec 1836]",Endl.,[infragen.unranked],"Gen. Pl. [Endlicher] 141. 1836 [Dec 1836] ",,,,,8,,,,f,t,,,,,,,Endl.@18490-1@1@aut,,,"tax. nov.",,1.1,f,liliumcardiocrinum,liliaceaeliliumcardiocrinum~~,44,wfo-1200117002,,unranked,,,,,https://www.ipni.org/n/77376414-1,"IPNI Record: 77376414-1","Gen. Pl. [Endlicher] 141 (1836)"
urn:lsid:ipni.org:names:77376415-1,"(Endl.) Makino","Liliaceae Lilium [infragen.unranked] Cardiocrinum Endl.",(Endl.),77376414-1,,,"27(no. 318): 124",,,,,,,,,,,,"03/02/2026 20:26","03/02/2026 20:26",,,Liliaceae,Cardiocrinum,Cardiocrinum,Cardiocrinum,,f,f,,,,,,925333-1,,,,,,,,,isonym,,isonym,,,,,,,,,,,,30000259-2,"Bot. Mag. (Tokyo)",urn:lsid:ipni.org:publications:555-2,1913,"1913 [Jun 1913]","[Jun 1913]",Makino,gen.,"Bot. Mag. (Tokyo) 27(no. 318): 124. 1913 [Jun 1913] ",,,,,13,,,,f,t,,,,,,,Endl.@18490-1@2@bas$Makino@6013-1@1@aut,,,"stat. nov.",,1.1,f,cardiocrinum,liliaceaecardiocrinum~~~,45,wfo-4100006465,,genus,,,,,https://www.ipni.org/n/77376415-1,"IPNI Record: 77376415-1","Bot. Mag. (Tokyo) 27(no. 318): 124 (1913)"
urn:lsid:ipni.org:names:77376416-1,B.Bock,,,,,,"56: 86",,,,,,,,,,,,"04/02/2026 12:07","26/02/2026 14:12",,,Rosaceae,"× Arilundia","× Arilundia",Arilundia,,t,t,"77164890-1,33661-1","(Hedlundia Sennikov & Kurtto × Aria (Pers.) Host)",,,,,,,,,,,,,,,,,,,,,,,,,,,30000200-2,"Bull. Soc. Bot. Centre-Ouest",urn:lsid:ipni.org:publications:1943-2,2026,"2026 [2025 publ. Jan 2026]","[2025 publ. Jan 2026]",B.Bock,gen.,"Bull. Soc. Bot. Centre-Ouest 56: 86. 2026 [2025 publ. Jan 2026] ",,,,,8,,,,f,t,,,,,,,B.Bock@20019297-1@1@aut,,,"tax. nov.",,1.2,f,arilundia,rosaceaearilundia~~~,46,wfo-4100006437,,genus,,,,,https://www.ipni.org/n/77376416-1,"IPNI Record: 77376416-1","Bull. Soc. Bot. Centre-Ouest 56: 86 (2026)"
urn:lsid:ipni.org:names:77376417-1,"van Jaarsv.",,,,,,"43(1): 47",,13,,2,,31123,2024,,"Van Jaarsveld, Forbes-Harding &amp; Woodley",,,"04/02/2026 12:17","04/02/2026 12:17","Eastern Cape Province (Cape Provinces, Southern Africa, Africa)",,Araliaceae,"Cussonia woodleyorum","Cussonia woodleyorum",Cussonia,,f,f,,,,,,,,,,,"Pondoland, Luputana region",,,,,,,,,,,,,,,,,,2994-1,Avonia,urn:lsid:ipni.org:publications:18753-2,2025,2025,,"van Jaarsv.",spec.,"Avonia 43(1): 47. 2025 , as 'woodleyi'",", as 'woodleyi'","[english] Etymology: the specific epithet is named for Simon and Audrey Woodley from Indigiflora Nursery near Port Edward. Epithet is correctable under Art. 60.8.(a), ICN (2025).",,,11,woodleyorum,,,f,t,,"holotype NBG",,"Holotype prepared from cultivated plant",,,"van Jaarsv.@13153-1@1@aut",,,"tax. nov.",,1.1,f,cussonia~woodleyorum,araliaceaecussonia~woodleyorum~,47,wfo-1000088164,,species,,,,,https://www.ipni.org/n/77376417-1,"IPNI Record: 77376417-1","Avonia 43(1): 47 (2025)"
urn:lsid:ipni.org:names:77376418-1,Godet,,,,,,229,,,,,,,,,,,,"04/02/2026 12:42","04/02/2026 12:42",,,Rosaceae,"Sorbus chamaemespilus var. arioides","Sorbus chamaemespilus var. arioides",Sorbus,,f,f,,,,,arioides,,,,,,,,,,,,,,,,,,,,,,,,741673-1,"Fl. Jura",urn:lsid:ipni.org:publications:20004598-2,1852,1852,,Godet,var.,"Fl. Jura 229. 1852 ",,,,,8,chamaemespilus,Crantz,,f,t,,,,,,,Godet@3214-1@1@aut,Crantz@1865-1@1@aut,,"tax. nov.",,1.1,f,sorbus~chamaemespilusarioides,rosaceaesorbus~chamaemespilusarioides,48,wfo-0001008603,,variety,,,,,https://www.ipni.org/n/77376418-1,"IPNI Record: 77376418-1","Fl. Jura 229 (1852)"
urn:lsid:ipni.org:names:77376419-1,"(Godet) B.Bock","Rosaceae Sorbus chamaemespilus Crantz var. arioides Godet",(Godet),77376418-1,,,"56: 86",,,,,,,,,,,,"04/02/2026 12:45","26/02/2026 14:13",,,Rosaceae,"× Arilundia arioides","× Arilundia arioides",Arilundia,,t,t,,,,,,,,,,,,,,,,,,,,,,,,,,,,,77376416-1,"Bull. Soc. Bot. Centre-Ouest",urn:lsid:ipni.org:publications:1943-2,2026,"2026 [2025 publ. Jan 2026]","[2025 publ. Jan 2026]",B.Bock,spec.,"Bull. Soc. Bot. Centre-Ouest 56: 86. 2026 [2025 publ. Jan 2026] ",,,,,11,arioides,,,f,t,,,,,,,Godet@3214-1@2@bas$B.Bock@20019297-1@1@aut,,,"comb. et stat. nov.",,1.2,f,arilundia~arioides,rosaceaearilundia~arioides~,49,wfo-1000088165,,species,,,,,https://www.ipni.org/n/77376419-1,"IPNI Record: 77376419-1","Bull. Soc. Bot. Centre-Ouest 56: 86 (2026)"
urn:lsid:ipni.org:names:77376420-1,"(Gand.) B.Bock","Rosaceae Sorbus tomentella Gand.",(Gand.),742015-1,,,"56: 86",,,,,,,,,,,,"04/02/2026 12:56","26/02/2026 14:15",,,Rosaceae,"× Tormaria tomentella","× Tormaria tomentella",Tormaria,,t,t,,,,,,,,,,,,,,,,,,,,,,,,,,,,,77159114-1,"Bull. Soc. Bot. Centre-Ouest",urn:lsid:ipni.org:publications:1943-2,2026,"2026 [2025 publ. Jan 2026]","[2025 publ. Jan 2026]",B.Bock,spec.,"Bull. Soc. Bot. Centre-Ouest 56: 86. 2026 [2025 publ. Jan 2026] ",,,,,11,tomentella,,,f,t,,,,,,,B.Bock@20019297-1@1@aut$Gand.@3009-1@2@bas,,,"comb. nov.",,1.2,f,tormaria~tomentella,rosaceaetormaria~tomentella~,50,wfo-1000088166,,species,,,,,https://www.ipni.org/n/77376420-1,"IPNI Record: 77376420-1","Bull. Soc. Bot. Centre-Ouest 56: 86 (2026)"
urn:lsid:ipni.org:names:77376421-1,"(Vivant ex Gamisans) B.Bock","Rosaceae Sorbus × boscii Vivant ex Gamisans","(Vivant ex Gamisans)",907085-1,,,"56: 87",,,,,,,,,,,,"04/02/2026 13:10","26/02/2026 14:43",,,Rosaceae,"× Arsorbus thuringiaca nothosubsp. boscii","× Arsorbus thuringiaca nothosubsp. boscii",Arsorbus,,t,t,,,,,boscii,,,,,,,,,,,,,,,,,,,,,,,,77354226-1,"Bull. Soc. Bot. Centre-Ouest",urn:lsid:ipni.org:publications:1943-2,2026,"2026 [2025 publ. Jan 2026]","[2025 publ. Jan 2026]",B.Bock,nothosubsp.,"Bull. Soc. Bot. Centre-Ouest 56: 87. 2026 [2025 publ. Jan 2026] ",,,,,11,thuringiaca,"(Nyman) Z.H.Feng & Su Liu",,f,t,,,,,,,B.Bock@20019297-1@1@aut$Gamisans@3004-1@3@basEx$Vivant@11224-1@2@bas,"Z.H.Feng@20048642-1@1@aut$Nyman@7069-1@3@bas$Su Liu@20043743-1@2@aut",,"comb. nov.",,1.3,f,arsorbus~thuringiacaboscii,rosaceaearsorbus~thuringiacaboscii,51,wfo-1200117003,,subspecies,,,,,https://www.ipni.org/n/77376421-1,"IPNI Record: 77376421-1","Bull. Soc. Bot. Centre-Ouest 56: 87 (2026)"
urn:lsid:ipni.org:names:77376422-1,"(H.S.Lo) Z.Q.Song & D.X.Xu","Rubiaceae Mycetia hainanensis H.S.Lo",(H.S.Lo),959194-1,,,"270: 278",,,,,,,,,,,,"04/02/2026 15:39","05/02/2026 16:26",,,Rubiaceae,"Mouretia hainanensis","Mouretia hainanensis",Mouretia,,f,f,,,,,,,,,,,,,,,"nom. inval.    Contrary to Art. 41.5. ICN (2025) No full and direct reference to basionym was given; See Ex. 16",,"nom. inval.",,,,,,,,,,,null:,34943-1,PhytoKeys,urn:lsid:ipni.org:publications:20011997-1,2026,"2026 [5 Feb 2026]","[5 Feb 2026]","Z.Q.Song & D.X.Xu",spec.,"PhytoKeys 270: 278. 2026 [5 Feb 2026] ",,"doi:10.3897/phytokeys.270.180324 Note: basionym not cited on p. 278; place of publication listed in References (p. 286) but with page range (97-116) that includes other species.",,,12,hainanensis,,,f,t,,,,,,,H.S.Lo@5683-1@3@bas$Z.Q.Song@20027710-1@1@aut$D.X.Xu@20027711-1@2@aut,,,"comb. nov.",,1.3,f,mouretia~hainanensis,rubiaceaemouretia~hainanensis~,52,wfo-1000088167,,species,,,,,https://www.ipni.org/n/77376422-1,"IPNI Record: 77376422-1","PhytoKeys 270: 278 (2026)"
urn:lsid:ipni.org:names:77376423-1,Hack.,,,,,,,,,,,,,,,,,,"05/02/2026 00:38","05/02/2026 00:38",,,Poaceae,"Festuca sect. Montanae","Festuca sect. Montanae",Festuca,,f,f,,,,montanae,,,,,,,,,,,,,,,,,,,,,,,,,328907-2,,,,,,Hack.,sect.,,,,,,-7,,,,f,t,,,,,,,Hack.@3523-1@1@aut,,,"tax. nov.",,1.1,f,festucamontanae,poaceaefestucamontanae~~,53,wfo-1000088168,,section,,,,,https://www.ipni.org/n/77376423-1,"IPNI Record: 77376423-1","  ()"
urn:lsid:ipni.org:names:77376424-1,"(Hack.) Nyman","Poaceae Festuca sect. Montanae Hack.",(Hack.),77376423-1,,,"Pt. 4: 825",,,,,,,,,,,,"05/02/2026 00:40","05/02/2026 00:40",,,Poaceae,"Festuca subgen. Montanae","Festuca subgen. Montanae",Festuca,,f,f,,,,montanae,,,,,,,,,,,,,,,,,,,,,,,,,328907-2,"Consp. Fl. Eur.",urn:lsid:ipni.org:publications:894-2,1882,1882,,Nyman,subgen.,"Consp. Fl. Eur. Pt. 4: 825. 1882 ",,"The subgeneric rank is mentioned on p. 849 (index)",,,11,,,,f,t,,,,,,,Nyman@7069-1@1@aut$Hack.@3523-1@2@bas,,,"stat. nov.",,1.1,f,festucamontanae,poaceaefestucamontanae~~,54,wfo-1000088454,,subgenus,,,,,https://www.ipni.org/n/77376424-1,"IPNI Record: 77376424-1","Consp. Fl. Eur. Pt. 4: 825 (1882)"
urn:lsid:ipni.org:names:77376425-1,"R.C.Yang, Y.Q.Yin & J.Y.Shen",,,,,,"740(2): 213",,28,,4,,2901,2024,,"Yang &amp; Shen",,,"05/02/2026 11:23","05/02/2026 11:23","Yunnan (China South-Central, China, Asia-Temperate)",E,Asclepiadaceae,"Heterostemma tongbiguanense","Heterostemma tongbiguanense",Heterostemma,,f,f,,,,,,,,24,47,20,"Dehong Dai Jingpo Autonomous prefecture, Yingjiang county, Xima town, 1726 m",97,39,10,,,,,,N,,,,,,,,,3412-1,Phytotaxa,urn:lsid:ipni.org:publications:20011462-1,2026,"2026 [5 Feb 2026]","[5 Feb 2026]","R.C.Yang, Y.Q.Yin & J.Y.Shen",spec.,"Phytotaxa 740(2): 213. 2026 [5 Feb 2026] ",,"doi:10.11646/phytotaxa.740.2.9 Etymology: 'The specific epithet is derived from the type locality, Tongbiguan Provincial Nature Reserve, Dehong Prefecture, Yunnan, China.'",,,11,tongbiguanense,,,f,t,,"holotype HITBC;isotype HIB",,,,,Y.Q.Yin@20095924-1@2@aut$R.C.Yang@20095923-1@1@aut$J.Y.Shen@20033889-1@3@aut,,,"tax. nov.",,1.1,f,heterostemma~tongbiguanense,asclepiadaceaeheterostemma~tongbiguanense~,55,wfo-1000088169,,species,,,,,https://www.ipni.org/n/77376425-1,"IPNI Record: 77376425-1","Phytotaxa 740(2): 213 (2026)"
urn:lsid:ipni.org:names:77376426-1,"X.L.Hou, Z.Yuan Shi & Q.N.Vu",,,,,,"740(2): 180",,15,,12,,20151215110,2015,,Hou,,,"05/02/2026 11:44","06/02/2026 15:55","Vietnam (Indo-China, Asia-Tropical)",E,Annonaceae,"Miliusa refracta","Miliusa refracta",Miliusa,,f,f,,,,,,,,17,30,57,"Quang Binh Province: Phong Nha Ke Bang National Park, Eight Women Cave, 150 m",106,8,5,,,,,,N,,,,,,,,,331081-2,Phytotaxa,urn:lsid:ipni.org:publications:20011462-1,2026,"2026 [5 Feb 2026]","[5 Feb 2026]","X.L.Hou, Z.Yuan Shi & Q.N.Vu",spec.,"Phytotaxa 740(2): 180. 2026 [5 Feb 2026] ",,"doi:10.11646/phytotaxa.740.2.5 Etymology: 'Referring to the pedicel apex curving during anthesis, causing the flower to form an approximately 90° angle with the pedicel and thus resemble a smoking pipe.'",,,11,refracta,,,f,t,,"holotype AU",,,,,"Q.N.Vu@20016558-1@3@aut$Z.Yuan Shi@20077975-1@2@aut$X.L.Hou@20000100-1@1@aut",,,"tax. nov.",,1.2,f,miliusa~refracta,annonaceaemiliusa~refracta~,56,wfo-1000088170,,species,,,,,https://www.ipni.org/n/77376426-1,"IPNI Record: 77376426-1","Phytotaxa 740(2): 180 (2026)"
urn:lsid:ipni.org:names:77376427-1,"X.L.Guo & X.J.He",,,,,,"740(2): 173",,19,,9,,G20092101,2018,,"Xianlin Guo &amp; Wei Gou",,,"05/02/2026 11:56","05/02/2026 11:56","Yunnan (China South-Central, China, Asia-Temperate)",E,Apiaceae,"Physospermopsis deqinensis","Physospermopsis deqinensis",Physospermopsis,,f,f,,,,,,,,28,,8,"Deqin County, Cizhong village, Biluo Snow Mountains, 3643 m",98,48,28,,,,,,N,,,,,,,,,40388-1,Phytotaxa,urn:lsid:ipni.org:publications:20011462-1,2026,"2026 [5 Feb 2026]","[5 Feb 2026]","X.L.Guo & X.J.He",spec.,"Phytotaxa 740(2): 173. 2026 [5 Feb 2026] ",,"doi:10.11646/phytotaxa.740.2.4 Etymology: 'The specific epithet is derived from the type locality, Deqin County, in Yunnan, China.'",,,11,deqinensis,,,f,t,,"holotype SZ;isotype SZ;isotype CDBI",,,,,X.L.Guo@20032838-1@1@aut$X.J.He@36324-1@2@aut,,,"tax. nov.",,1.1,f,physospermopsis~deqinensis,apiaceaephysospermopsis~deqinensis~,57,wfo-1000088171,,species,,,,,https://www.ipni.org/n/77376427-1,"IPNI Record: 77376427-1","Phytotaxa 740(2): 173 (2026)"
urn:lsid:ipni.org:names:77376428-1,"R.Bustam., M.N.Tamayo & Pelser",,,,,,"740(2): 218",,13,,4,,404,2012,,"J.R.C.Callado, J.F.Barcelona, P.B.Pelser",,,"05/02/2026 12:04","05/02/2026 12:04","Philippines (Malesia, Asia-Tropical)",,Araceae,"Amorphophallus calladoi","Amorphophallus calladoi",Amorphophallus,,f,f,,,,,,,,,,,"Luzon Island, Aurora Province, Municipality of Maria Aurora, Barangay Villa Aurora, 828 m",,,,,,,,,,,,,,,,,,331135-2,Phytotaxa,urn:lsid:ipni.org:publications:20011462-1,2026,"2026 [5 Feb 2026]","[5 Feb 2026]","R.Bustam., M.N.Tamayo & Pelser",spec.,"Phytotaxa 740(2): 218. 2026 [5 Feb 2026] ",,"doi:10.11646/phytotaxa.740.2.10 Etymology: the specific epithet is named in honour of Mr. John Rey C. Callado, the original collector of the type specimen.",,,11,calladoi,,,f,t,,"holotype PNH 259193",,,,,R.Bustam.@20030080-1@1@aut$M.N.Tamayo@20045210-1@2@aut$Pelser@20006039-1@3@aut,,,"tax. nov.",,1.1,f,amorphophallus~calladoi,araceaeamorphophallus~calladoi~,58,wfo-1000088172,,species,,,,,https://www.ipni.org/n/77376428-1,"IPNI Record: 77376428-1","Phytotaxa 740(2): 218 (2026)"
urn:lsid:ipni.org:names:77376429-1,"Can Li & Liang Ma",,,,,,"740(2): 208",,,,,,MHS20250713,,,C.Li,,,"05/02/2026 12:15","05/02/2026 12:15","Fujian (China Southeast, China, Asia-Temperate)",E,Orchidaceae,"Bulbophyllum meihuashanense","Bulbophyllum meihuashanense",Bulbophyllum,,f,f,,,,,,,,25,20,18,"Shanghang County, 1195 m",116,51,7,,,,,,N,,,,,,,,,325894-2,Phytotaxa,urn:lsid:ipni.org:publications:20011462-1,2026,"2026 [5 Feb 2026]","[5 Feb 2026]","Can Li & Liang Ma",spec.,"Phytotaxa 740(2): 208. 2026 [5 Feb 2026] ",,"doi:10.11646/phytotaxa.740.2.8 Etymology: the specific epithet refers to the type locality.",,,11,meihuashanense,,,f,t,,"holotype FJFC",,,,,"Can Li@20095926-1@1@aut$Liang Ma@20031090-1@2@aut",,,"tax. nov.",,1.1,f,bulbophyllum~meihuashanense,orchidaceaebulbophyllum~meihuashanense~,59,wfo-1000088173,,species,,,,,https://www.ipni.org/n/77376429-1,"IPNI Record: 77376429-1","Phytotaxa 740(2): 208 (2026)"
urn:lsid:ipni.org:names:77376430-1,"I.S.Santos & M.J.Silva",,,,,,"740(2): 198",,21,,4,,1280,2025,,"I.S.Santos &amp; L.Daneu",,,"05/02/2026 12:25","05/02/2026 12:25","Bahia (Brazil Northeast, Brazil, Southern America)",W,Acanthaceae,"Justicia gibbosa","Justicia gibbosa",Justicia,,f,f,,,,,,,,15,,39,"Buerarema, going up towards Serra do Padeiro, after Sururu, near Fazenda Brasileira, towards Vila Brasil, in the interior of the Atlantic Forest, 200 m",39,15,6,,,,,,S,,,,,,,,,326849-2,Phytotaxa,urn:lsid:ipni.org:publications:20011462-1,2026,"2026 [5 Feb 2026]","[5 Feb 2026]","I.S.Santos & M.J.Silva",spec.,"Phytotaxa 740(2): 198. 2026 [5 Feb 2026] ",,"doi:10.11646/phytotaxa.740.2.7 Etymology: the specific epither was given in reference to its flowers having a pouch-like appearance.",,,11,gibbosa,,,f,t,,"holotype UFG UFG57433;isotype CEN;isotype UB",,,,,I.S.Santos@20088732-1@1@aut$M.J.Silva@20012371-1@2@aut,,,"tax. nov.",,1.1,f,justicia~gibbosa,acanthaceaejusticia~gibbosa~,60,wfo-1000088174,,species,,,,,https://www.ipni.org/n/77376430-1,"IPNI Record: 77376430-1","Phytotaxa 740(2): 198 (2026)"
urn:lsid:ipni.org:names:77376431-1,"(Miq.) Kurz","Connaraceae Connarus diepenhorstii Miq.",(Miq.),264333-1,,,"39: 76",,,,,,,,,,,,"05/02/2026 12:30","05/02/2026 12:32",,,Connaraceae,"Taeniochlaena diepenhorstii","Taeniochlaena diepenhorstii",Taeniochlaena,,f,f,,,,,,,,,,,,,,,,,,,,,,,,,,,,,11765-1,"J. Asiat. Soc. Bengal, Pt. 2, Nat. Hist.",urn:lsid:ipni.org:publications:982-2,1870,1870,,Kurz,spec.,"J. Asiat. Soc. Bengal, Pt. 2, Nat. Hist. 39: 76. 1870 ",,"See No. 65.",,,11,diepenhorstii,,,f,t,,,,,,,Kurz@5157-1@1@aut$Miq.@6509-1@2@bas,,41301655,"comb. nov.",,1.2,f,taeniochlaena~diepenhorstii,connaraceaetaeniochlaena~diepenhorstii~,61,wfo-1000088175,,species,,,,,https://www.ipni.org/n/77376431-1,"IPNI Record: 77376431-1","J. Asiat. Soc. Bengal, Pt. 2, Nat. Hist. 39: 76 (1870)"
urn:lsid:ipni.org:names:77376432-1,"(Miq.) Kurz","Connaraceae Rourea acutipetala Miq.",(Miq.),264708-1,,,"39: 76",,,,,,,,,,,,"05/02/2026 12:31","05/02/2026 12:32",,,Connaraceae,"Taeniochlaena acutipetala","Taeniochlaena acutipetala",Taeniochlaena,,f,f,,,,,,,,,,,,,,,,,,,,,,,,,,,,,11765-1,"J. Asiat. Soc. Bengal, Pt. 2, Nat. Hist.",urn:lsid:ipni.org:publications:982-2,1870,1870,,Kurz,spec.,"J. Asiat. Soc. Bengal, Pt. 2, Nat. Hist. 39: 76. 1870 ",,"See no. 65.",,,11,acutipetala,,,f,t,,,,,,,Miq.@6509-1@2@bas$Kurz@5157-1@1@aut,,41301655,"comb. nov.",,1.2,f,taeniochlaena~acutipetala,connaraceaetaeniochlaena~acutipetala~,62,wfo-0001278939,,species,,,,,https://www.ipni.org/n/77376432-1,"IPNI Record: 77376432-1","J. Asiat. Soc. Bengal, Pt. 2, Nat. Hist. 39: 76 (1870)"
urn:lsid:ipni.org:names:77376433-1,Beck,,,,,,"41: 642",,,,,,,,,,,,"05/02/2026 12:46","05/02/2026 12:53",,,Violaceae,"Viola × intersita","Viola × intersita",Viola,,t,f,"868569-1,869354-1","(Viola lucorum Lange × Viola sylvatica Fr. ex Hartm.)",,,,,,,,,,,,,,,,,,,,,,,,,,,30000540-2,"Verh. K. K. Zool.-Bot. Ges. Wien",urn:lsid:ipni.org:publications:5616-2,1891,"1891 [end Jul 1891]","[end Jul 1891]",Beck,spec.,"Verh. K. K. Zool.-Bot. Ges. Wien 41: 642. 1891 [end Jul 1891] ",,"Viola martia subspecies intermedia Kirschl. included in synonymy. See also: Fl. Nieder-Osterreich 2(1): 521 (1892).",,,8,intersita,,,f,t,,,,,,,Beck@12341-1@1@aut,,,"tax. nov.",,1.3,f,viola~intersita,violaceaeviola~intersita~,63,wfo-0001429523,,species,,,,,https://www.ipni.org/n/77376433-1,"IPNI Record: 77376433-1","Verh. K. K. Zool.-Bot. Ges. Wien 41: 642 (1891)"
urn:lsid:ipni.org:names:77376434-1,"L.Ping Zhang & S.R.Lan",,,,,,"740(2): 223",,20,,11,,,2026,,"Zhang F001",,,"05/02/2026 12:47","06/02/2026 16:06","Yunnan (China South-Central, China, Asia-Temperate)",,Orchidaceae,"Cymbidium × jingdongense","Cymbidium × jingdongense",Cymbidium,,t,f,,,,,,,,,,,"Jingdong, 1500 m",,,,,,,,,,,,,,,,,,330383-2,Phytotaxa,urn:lsid:ipni.org:publications:20011462-1,2026,"2026 [5 Feb 2026]","[5 Feb 2026]","L.Ping Zhang & S.R.Lan",spec.,"Phytotaxa 740(2): 223. 2026 [5 Feb 2026] ",,"doi:10.11646/phytotaxa.740.2.11 Etymology: the hybrid epithet is named after the type locality.",,,10,jingdongense,,,f,t,,"holotype FAFU",,,,,"L.Ping Zhang@20095927-1@1@aut$S.R.Lan@20025505-1@2@aut",,,"tax. nov.",,1.2,f,cymbidium~jingdongense,orchidaceaecymbidium~jingdongense~,64,wfo-1000088176,,species,,,,,https://www.ipni.org/n/77376434-1,"IPNI Record: 77376434-1","Phytotaxa 740(2): 223 (2026)"
urn:lsid:ipni.org:names:77376435-1,"M.M.Jiménez, F.Ramón & Mark Wilson",,,,,,"270: 330",,6,,8,,2620,2025,,"M.M.Jiménez León &amp; M.Jiménez Villalta",,,"05/02/2026 14:34","10/02/2026 15:08","Ecuador (Western South America, Southern America)",,Orchidaceae,"Pleurothallis monteroae","Pleurothallis monteroae",Pleurothallis,,f,f,,,,,,,,,,,"Zamora-Chinchipe: Cerca de El Plateado",,,,,,,,,,,,,,,,,,325966-2,PhytoKeys,urn:lsid:ipni.org:publications:20011997-1,2026,"2026 [9 Feb 2026]","[9 Feb 2026]","M.M.Jiménez, F.Ramón & Mark Wilson",spec.,"PhytoKeys 270: 330. 2026 [9 Feb 2026] ",,"doi:10.3897/phytokeys.270.175070 [english] Etymology: 'Named after Paola Ordóñez Montero, an enthusiastic nature photographer who observed this species'.",,,11,monteroae,,,f,t,,"holotype HUTPL 15797",,,,,"M.M.Jiménez@20019184-2@1@aut$Mark Wilson@20019181-2@3@aut$F.Ramón@20096034-1@2@aut",,,"tax. nov.",,1.4,f,pleurothallis~monteroae,orchidaceaepleurothallis~monteroae~,65,wfo-1000088177,,species,,,,,https://www.ipni.org/n/77376435-1,"IPNI Record: 77376435-1","PhytoKeys 270: 330 (2026)"
urn:lsid:ipni.org:names:77376436-1,"(F.Ritter) M.Köhler","Cactaceae Platyopuntia rubrogemmia F.Ritter",(F.Ritter),315823-2,,,"23(1)-2524451: 9",,,,,,,,,,,,"05/02/2026 15:36","05/02/2026 15:36",,,Cactaceae,"Opuntia rubrogemmia","Opuntia rubrogemmia",Opuntia,,f,f,,,,,,,,,,,,,,,,,,,,,,,,,,,,,30002080-2,"Syst. Biodivers.",urn:lsid:ipni.org:publications:20000157-1,2025,"2025 [28 Jul 2025]","[28 Jul 2025]",M.Köhler,spec.,"Syst. Biodivers. 23(1)-2524451: 9. 2025 [28 Jul 2025] ",,doi:10.1080/14772000.2025.2524451,,,11,rubrogemmia,,,f,t,,,,,,,M.Köhler@20047173-1@1@aut$F.Ritter@8415-1@2@bas,,,"comb. nov.",,1.1,f,opuntia~rubrogemmia,cactaceaeopuntia~rubrogemmia~,66,wfo-1000088455,,species,,,,,https://www.ipni.org/n/77376436-1,"IPNI Record: 77376436-1","Syst. Biodivers. 23(1)-2524451: 9 (2025)"
urn:lsid:ipni.org:names:77376437-1,Körn.,,,,,,"3(1): 387, sphalm.",,,,,,,,,,,,"05/02/2026 23:38","05/02/2026 23:38",,,Eriocaulaceae,"Eriocaulon pedunculatum","Eriocaulon pedunculatum",Eriocaulon,,f,f,,,,,,,,,,,,,,,,,,,,,,,,,,,,,30001179-2,"Fl. Bras. (Martius)",urn:lsid:ipni.org:publications:629-2,1863,"1863 [10 Jul 1863]","[10 Jul 1863]",Körn.,spec.,"Fl. Bras. (Martius) 3(1): 387, sphalm. 1863 [10 Jul 1863] ",,"Bongard published the name 'Eriocaulon falcatum Bong. (in Mém. Acad. Imp. Sci. St.-Pétersbourg, Sér. 6, Sci. Math. 1: 630. 1831).  For his new combination Paepalanthus falcatus, Körnicke erred in citing the basionym as 'Eriocaulon pedunculatum Bong. (in Act. Petrop. Sc. math. Ser. VI. I. 630. t. 57. (ic. ined.) (v. s.))';",,,8,pedunculatum,,,f,t,,,,,,,Körn.@12622-1@1@aut,,,"tax. nov.",,1.1,f,eriocaulon~pedunculatum,eriocaulaceaeeriocaulon~pedunculatum~,67,wfo-1000088456,,species,,,,,https://www.ipni.org/n/77376437-1,"IPNI Record: 77376437-1","Fl. Bras. (Martius) 3(1): 387, sphalm. (1863)"
urn:lsid:ipni.org:names:77376438-1,Manden,,,,,,"10: 96",,,,,,,,,,,,"06/02/2026 09:21","06/02/2026 11:14",,,Leguminosae,"Astragalus maximus var. oblongiceps","Astragalus maximus var. oblongiceps",Astragalus,,f,f,,,,,oblongiceps,,,,,,,,,,,,,,,,,,,,,,,,478568-1,"Bot. Mater. Gerb. Bot. Inst. Komarova Akad. Nauk S.S.S.R.",urn:lsid:ipni.org:publications:865-2,1947,1947,,Manden,var.,"Bot. Mater. Gerb. Bot. Inst. Komarova Akad. Nauk S.S.S.R. 10: 96. 1947 ",,,,,6,maximus,Willd.,,f,t,,,,,,,Manden@0-0@1@aut,Willd.@0-0@1@aut,,"tax. nov.",,1.3,f,astragalus~maximusoblongiceps,leguminosaeastragalus~maximusoblongiceps,68,wfo-1200117066,,variety,,,,,https://www.ipni.org/n/77376438-1,"IPNI Record: 77376438-1","Bot. Mater. Gerb. Bot. Inst. Komarova Akad. Nauk S.S.S.R. 10: 96 (1947)"
urn:lsid:ipni.org:names:77376439-1,"(Schrad.) Lilja","Portulacaceae Calandrinia glauca Schrad.",(Schrad.),698413-1,,,"15: 264",,,,,,,,,,,,"06/02/2026 10:11","06/02/2026 10:11",,,Portulacaceae,"Cistanthe glauca","Cistanthe glauca",Cistanthe,,f,f,,,,,,,,,,,,,,,,,,,,,,,,,,,,,30006895-2,Linnaea,urn:lsid:ipni.org:publications:703-2,1841,1841,,Lilja,spec.,"Linnaea 15: 264. 1841 ",,,,,11,glauca,,,f,t,,,,,,,Schrad.@9250-1@2@bas$Lilja@5585-1@1@aut,,,"comb. nov.",,1.1,f,cistanthe~glauca,portulacaceaecistanthe~glauca~,69,wfo-1000088457,,species,,,,,https://www.ipni.org/n/77376439-1,"IPNI Record: 77376439-1","Linnaea 15: 264 (1841)"
urn:lsid:ipni.org:names:77376446-1,"(T.N.Ho) Adr.Favre et al.","Gentianaceae Gentiana sect. Fimbricorona T.N.Ho",(T.N.Ho),957486-1,,,"69(6): 1225 (fig. 1), 1230 (Table 1, column 1)",,,,,,,,,,,,"06/02/2026 16:57","06/02/2026 16:57",,,Gentianaceae,"Gentiana ser. Fimbricorona","Gentiana ser. Fimbricorona",Gentiana,,f,f,,,,fimbricorona,,,,,,,,,,,,,,,,,,,,,,,,,30001281-2,Taxon,urn:lsid:ipni.org:publications:812-2,2020,"2020 [29 Nov 2020]","[29 Nov 2020]","Adr.Favre et al.",ser.,"Taxon 69(6): 1225 (fig. 1), 1230 (Table 1, column 1). 2020 [29 Nov 2020] (epublished)",(epublished),"On pp. 1225 and 1230, 'ser. Fimbricorona' is listed as an accepted name, on p. 1232, a full and direct reference is given to the basionym (as 'Gentiana sect. Fimbricorona T.N.Ho in Bull. Brit. Mus.(Nat. Hist.), Bot. 20(2): 184. 1990')  doi:10.1002/tax.12405",,,9,,,,f,t,,,,,,,"T.N.Ho@13749-1@2@bas$Adr.Favre et al.@0-0@1@aut",,,"stat. nov.",,1.1,f,gentianafimbricorona,gentianaceaegentianafimbricorona~~,70,wfo-1000088458,,series,,,,,https://www.ipni.org/n/77376446-1,"IPNI Record: 77376446-1","Taxon 69(6): 1225 (fig. 1), 1230 (Table 1, column 1) (2020)"
urn:lsid:ipni.org:names:77376447-1,Baker,,,,,,"1871(no. 4): 104, 3rd column",,,,,,,,,,,,"06/02/2026 22:05","06/02/2026 22:05",,,Liliaceae,"Lilium subgen. Notholirion","Lilium subgen. Notholirion",Lilium,,f,f,,,,notholirion,,,,,,,,,,,,,,,,,,,,,,,,,30009317-2,"Gard. Chron.",urn:lsid:ipni.org:publications:1224-2,1871,"1871 [28 Jan 1871]","[28 Jan 1871]",Baker,subgen.,"Gard. Chron. 1871(no. 4): 104, 3rd column. [28 Jan 1871] ",,,,,8,,,,f,t,,,"L. roseum Wall. ex Hook. (1853), nom. superfl. & illegit. (L. thomsonianum Royle, 1839)",,,,Baker@407-1@1@aut,,,"tax. nov.",,1.1,f,liliumnotholirion,liliaceaeliliumnotholirion~~,71,wfo-1000088178,,subgenus,,,,,https://www.ipni.org/n/77376447-1,"IPNI Record: 77376447-1","Gard. Chron. 1871(no. 4): 104, 3rd column (1871)"
urn:lsid:ipni.org:names:77376448-1,Vandas,,,,,,69,,,,,,,,,,,,"07/02/2026 02:59","09/02/2026 16:36",,,Caryophyllaceae,"Silene roemeri f. macrocarpa","Silene roemeri f. macrocarpa",Silene,,f,f,,,,,macrocarpa,,,,,,,,,,,,,,,,,,,,,,,,158240-1,"Reliq. Forman.",urn:lsid:ipni.org:publications:20008158-1,1909,1909,,Vandas,f.,"Reliq. Forman. 69. 1909 , as 'macrocarpam'",", as 'macrocarpam'",,,,8,roemeri,Friv.,,f,t,,,,,,,Vandas@11045-1@1@aut,Friv.@0-0@1@aut,,"tax. nov.",,1.3,f,silene~roemerimacrocarpa,caryophyllaceaesilene~roemerimacrocarpa,72,wfo-1200117067,,form,,,,,https://www.ipni.org/n/77376448-1,"IPNI Record: 77376448-1","Reliq. Forman. 69 (1909)"
urn:lsid:ipni.org:names:77376450-1,D.Nunes,,,,,,"[early view]: [3 of 8]",,7,,2,,2189-A,1953,,A.Fernández,,,"07/02/2026 20:24","08/02/2026 08:41","Colombia (Western South America, Southern America)",,Melastomataceae,"Noterophila oblita","Noterophila oblita",Noterophila,,f,f,,,,,,,,,,,"Vaupés [Guainía], riberas del Río Inírida (Longitud 70°W.), sitio llamado 'Sabanita', a medio camino entre 'Raudal Alto' y 'Morichal', margen izquierda, 180–200 m",,,,,,,,,,,,,,,,,,26490-1,Brittonia,urn:lsid:ipni.org:publications:561-2,2026,"2026 [20 Jan 2026]","[20 Jan 2026]",D.Nunes,spec.,"Brittonia [early view]: [3 of 8]. 2026 [20 Jan 2026] ",,"doi:10.1007/s12228-025-09863-w [english] Etymology: 'The Latin specific epithet oblita alludes to the condition of the holotype, which remained 'forgotten' and without a precise identification until now'.",,,11,oblita,,,f,t,,"holotype COL COL000010751",,,,,D.Nunes@20040352-1@1@aut,,,"tax. nov.",,1.3,f,noterophila~oblita,melastomataceaenoterophila~oblita~,73,wfo-1000088179,,species,,,,,https://www.ipni.org/n/77376450-1,"IPNI Record: 77376450-1","Brittonia [early view]: [3 of 8] (2026)"
urn:lsid:ipni.org:names:77376451-1,"(Turcz.) F.N.Williams","Caryophyllaceae Silene dasyphylla Turcz.",(Turcz.),157196-1,,,"32: 143",,,,,,,,,,,,"08/02/2026 00:01","09/02/2026 16:12",,,Caryophyllaceae,"Silene tenuis var. dasyphylla","Silene tenuis var. dasyphylla",Silene,,f,f,,,,,dasyphylla,,,,,,,,,,,,,,,,,,,,,,,null:,158516-1,"J. Linn. Soc., Bot.",urn:lsid:ipni.org:publications:682-2,1896,1896,,F.N.Williams,var.,"J. Linn. Soc., Bot. 32: 143. 1896 ",,,,,11,tenuis,Willd.,,f,t,,,,,,,Turcz.@10909-1@2@bas$F.N.Williams@11701-1@1@aut,Willd.@0-0@1@aut,,"comb. et stat. nov.",,1.3,f,silene~tenuisdasyphylla,caryophyllaceaesilene~tenuisdasyphylla,74,wfo-1200117004,,variety,,,,,https://www.ipni.org/n/77376451-1,"IPNI Record: 77376451-1","J. Linn. Soc., Bot. 32: 143 (1896)"
urn:lsid:ipni.org:names:77376452-1,F.N.Williams,,,,,,"32: 143",,,,,,,,,,,,"08/02/2026 00:14","09/02/2026 15:36",,,Caryophyllaceae,"Silene tenuis var. paucifolia","Silene tenuis var. paucifolia",Silene,,f,f,,,,,paucifolia,,,,,,,,,,,,,,,,,,,,,,,,158516-1,"J. Linn. Soc., Bot.",urn:lsid:ipni.org:publications:682-2,1896,1896,,F.N.Williams,var.,"J. Linn. Soc., Bot. 32: 143. 1896 ",,Descr.,,,8,tenuis,Willd.,,f,t,,,,,,,F.N.Williams@11701-1@1@aut,Willd.@0-0@1@aut,,"tax. nov.",,1.3,f,silene~tenuispaucifolia,caryophyllaceaesilene~tenuispaucifolia,75,wfo-1200117005,,variety,,,,,https://www.ipni.org/n/77376452-1,"IPNI Record: 77376452-1","J. Linn. Soc., Bot. 32: 143 (1896)"
urn:lsid:ipni.org:names:77376453-1,Raymond,,,,,,"14(4): 17",,,,,,,,,,,,"08/02/2026 00:38","09/02/2026 15:09",,,Cyperaceae,"Kobresia ser. Longestigmaticae","Kobresia ser. Longestigmaticae",Kobresia,,f,f,,,,longestigmaticae,,,,,,,,,,,,,,,,,,,,,,,,,30047401-2,"Biol. Skr.",urn:lsid:ipni.org:publications:2060-2,1965,1965,,Raymond,ser.,"Biol. Skr. 14(4): 17. 1965 ",,"Name added via registration. Protologue not seen by the IPNI editors. If you have access to the protologue please email a copy to us via the 'contact us' link at the top of the page.",,,8,,,,f,t,,,"Kobresia afghanica",,,,Raymond@8191-1@1@aut,,,"tax. nov.",,1.3,f,kobresialongestigmaticae,cyperaceaekobresialongestigmaticae~~,76,wfo-1000088180,,series,,,,,https://www.ipni.org/n/77376453-1,"IPNI Record: 77376453-1","Biol. Skr. 14(4): 17 (1965)"
urn:lsid:ipni.org:names:77376454-1,"J.T.Scholten, A.K.Sprenger & C.D.Specht",,,,,,"153(2): 9. figs. 1-8",,10,,5,,"511 (temporary revocable permit #: 16531)",2025,,J.T.Scholten,,,"08/02/2026 21:06","08/02/2026 21:06","New York (Northeastern U.S.A., Northern America)",W,Ranunculaceae,"Actaea rhodostigma","Actaea rhodostigma",Actaea,,f,f,,,,,,,,42,44,50,"Cayuga Co., Sempronius Vlg., Bear Swamp State Forest growing under the canopy of Acer-Pinus forest",76,18,27,,,,,,N,,,,,,,,,33043-1,"J. Torrey Bot. Soc.",urn:lsid:ipni.org:publications:17690-2,2026,"2026 [20 Jan 2026]","[20 Jan 2026]","J.T.Scholten, A.K.Sprenger & C.D.Specht",spec.,"J. Torrey Bot. Soc. 153(2): 9. figs. 1-8. 2026 [20 Jan 2026] (epublished)",(epublished),"(english) doi:10.3159/TORREY-D-25-00020.1",,,11,rhodostigma,,,f,t,,"holotype BH",,,,,J.T.Scholten@20069700-1@1@aut$C.D.Specht@20008242-1@3@aut$A.K.Sprenger@20095931-1@2@aut,,,"tax. nov.",,1.1,f,actaea~rhodostigma,ranunculaceaeactaea~rhodostigma~,77,wfo-1000088181,,species,,,,,https://www.ipni.org/n/77376454-1,"IPNI Record: 77376454-1","J. Torrey Bot. Soc. 153(2): 9. figs. 1-8 (2026)"
urn:lsid:ipni.org:names:77376455-1,J.C.P.Oliveira,,,,,,"14(e20718): 6, figs. 1-5",,28,,6,,954,2007,,"Carneiro-Torres D.",,,"08/02/2026 21:34","08/02/2026 21:34","Pernambuco (Brazil Northeast, Brazil, Southern America)",W,Euphorbiaceae,"Croton buiquensis","Croton buiquensis",Croton,,f,f,,,,,,,,8,33,60,"Buíque, Parque Nacional da Serra do Catimbau, subida para Serra das Torres",37,14,28,,,,,,S,,,,,,,,,327708-2,PeerJ,urn:lsid:ipni.org:publications:20017696-1,2026,"2026 [6 Feb 2026]","[6 Feb 2026]",J.C.P.Oliveira,spec.,"PeerJ 14(e20718): 6, figs. 1-5. 2026 [6 Feb 2026] (epublished)",(epublished),"(english) doi:10.7717/peerj.20718",,,9,buiquensis,,,f,t,,"holotype HUEFS (HUEFS000106140);isotype HUESB-JQ (HUESB2980);isotype SP (SP0396823)",,,,,J.C.P.Oliveira@0-0@1@aut,,,"tax. nov.",,1.1,f,croton~buiquensis,euphorbiaceaecroton~buiquensis~,78,wfo-1000088182,,species,,,,,https://www.ipni.org/n/77376455-1,"IPNI Record: 77376455-1","PeerJ 14(e20718): 6, figs. 1-5 (2026)"
urn:lsid:ipni.org:names:77376456-1,Yamam.,,,,,,"3: 26",,,,,,,,,,,,"08/02/2026 22:43","08/02/2026 22:43","Japan (Eastern Asia, Asia-Temperate)",,Ranunculaceae,"Anemone taraoi var. morii","Anemone taraoi var. morii",Anemone,,f,f,,,,,morii,,,,,,"& Collection: Hab. In montibus centralibus, leg. U. Mori'",,,,,,,,,,,,,,,,,,708667-1,"Icon. Pl. Formosan. Suppl.",urn:lsid:ipni.org:publications:19425-2,1927,"1927 (10 Apr m1927)","]10 Apr m1927]",Yamam.,var.,"Icon. Pl. Formosan. Suppl. 3: 26. 1927 ]10 Apr m1927] ",,,,,9,taraoi,Takeda,,f,t,,,,,,,Yamam.@11922-1@1@aut,Takeda@10393-1@1@aut,,"tax. nov.",,1.1,f,anemone~taraoimorii,ranunculaceaeanemone~taraoimorii,79,wfo-0000742079,,variety,,,,,https://www.ipni.org/n/77376456-1,"IPNI Record: 77376456-1","Icon. Pl. Formosan. Suppl. 3: 26 (1927)"
urn:lsid:ipni.org:names:77376558-1,"M.M.Jiménez & Mark Wilson",,,,,,"270: 335",,15,,2,,1658,2025,,"M.M.Jiménez León &amp; M.Jiménez Villalta",,,"09/02/2026 07:51","09/02/2026 20:14","Ecuador (Western South America, Southern America)",,Orchidaceae,"Pleurothallis austrorientalis","Pleurothallis austrorientalis",Pleurothallis,,f,f,,,,,,,,,,,"Zamora-Chinchipe: Vía Loja-Zamora, cerca de El Tambo, 2441 m",,,,,,,,,,,,,,,,,,325966-2,PhytoKeys,urn:lsid:ipni.org:publications:20011997-1,2026,"2026 [9 Feb 2026]","[9 Feb 2026]","M.M.Jiménez & Mark Wilson",spec.,"PhytoKeys 270: 335. 2026 [9 Feb 2026] ",,"doi:10.3897/phytokeys.270.175070 [english] Etymology: 'The specific epithet austrorientalis, refers to the geographical distribution of this species in southeastern Ecuador'.",,,11,austrorientalis,,,f,t,,"holotype HUTPL 15448",,"Cultivated. Original collection on 14 April 2022.",,,"Mark Wilson@20019181-2@2@aut$M.M.Jiménez@20019184-2@1@aut",,,"tax. nov.",,1.3,f,pleurothallis~austrorientalis,orchidaceaepleurothallis~austrorientalis~,80,wfo-1000088183,,species,,,,,https://www.ipni.org/n/77376558-1,"IPNI Record: 77376558-1","PhytoKeys 270: 335 (2026)"
urn:lsid:ipni.org:names:77376559-1,"S.Peng, G.W.Hu & Q.F.Wang",,,,,,"271: 3",,15,,8,,PS-00499,2023,,"S.Peng, T.H.Yuan, M.Liao &amp; C.Q.Shen",,,"09/02/2026 07:58","10/02/2026 15:19","Tibet (China, Asia-Temperate)",E,Balsaminaceae,"Impatiens ngariensis","Impatiens ngariensis",Impatiens,,f,f,,,,,,,,31,48,36,"Ngari Prefecture, Zanda County, Diyag Township, Sibgyi Village, 3086 m",78,44,48,,,,,,N,,,,,,,,,325983-2,PhytoKeys,urn:lsid:ipni.org:publications:20011997-1,2026,"2026 [10 Feb 2026]","[10 Feb 2026]","S.Peng, G.W.Hu & Q.F.Wang",spec.,"PhytoKeys 271: 3. 2026 [10 Feb 2026] ",,"doi:10.3897/phytokeys.271.177400 [english] Etymology: 'The specific epithet 'ngari' refers to the type locality, Ngari Prefecture'.",,,11,ngariensis,,,f,t,,"holotype HIB HIB0258833;isotype HIB HIB0258834, HIB0258835",,,,,Q.F.Wang@40374-1@3@aut$G.W.Hu@20012505-1@2@aut$S.Peng@20048639-1@1@aut,,,"tax. nov.",,1.3,f,impatiens~ngariensis,balsaminaceaeimpatiens~ngariensis~,81,wfo-1000088184,,species,,,,,https://www.ipni.org/n/77376559-1,"IPNI Record: 77376559-1","PhytoKeys 271: 3 (2026)"
urn:lsid:ipni.org:names:77376560-1,"Thiam & Cheek",,,,,,"271: 18",,19,,11,,613,2013,,"K.Guilavogui, L.Lopez Poveda &amp; M.B.Bah",,,"09/02/2026 08:00","11/02/2026 16:27","Guinea (West Tropical Africa, Africa)",W,Malvaceae,"Sabdariffa sangaredi","Sabdariffa sangaredi",Sabdariffa,,f,f,,,,,,,,11,7,53,"Boké Prefecture, Sangaredi, Para Gogo, Bowal Dalagahe, 228 m",13,51,11,,,,,,N,,,,,,,,,26048-1,PhytoKeys,urn:lsid:ipni.org:publications:20011997-1,2026,"2026 [10 Feb 2026]","[10 Feb 2026]","Thiam & Cheek",spec.,"PhytoKeys 271: 18. 2026 [10 Feb 2026] ",,"doi:10.3897/phytokeys.271.181271 [english] Etymology: 'Noun in apposition for the town of Sangaredi, a centre of bauxite mining in Guinea'.",,,11,sangaredi,,,f,t,,"holotype K K000749855;isotype HNG",,,,,Thiam@20096037-1@1@aut$Cheek@12442-1@2@aut,,,"tax. nov.",,1.4,f,sabdariffa~sangaredi,malvaceaesabdariffa~sangaredi~,82,wfo-1000088185,,species,,,,,https://www.ipni.org/n/77376560-1,"IPNI Record: 77376560-1","PhytoKeys 271: 18 (2026)"
urn:lsid:ipni.org:names:77376561-1,Cheek,,,,,,"271: 24",,3,,2,,2255,2019,,"X.M.van der Burgt, P.M.Haba, Konomou &amp; Xanthos",,,"09/02/2026 08:02","10/02/2026 15:32","Guinea (West Tropical Africa, Africa)",W,Malvaceae,"Sabdariffa kounounkan","Sabdariffa kounounkan",Sabdariffa,,f,f,,,,,,,,9,32,53,"Forécariah Prefecture, southern plateau of Kounoukan Massif",12,51,18,,,,,,N,,,,,,,,,26048-1,PhytoKeys,urn:lsid:ipni.org:publications:20011997-1,2026,"2026 [10 Feb 2026]","[10 Feb 2026]",Cheek,spec.,"PhytoKeys 271: 24. 2026 [10 Feb 2026] ",,"doi:10.3897/phytokeys.271.181271 [english] Etymology: 'The specific epithet is a noun in apposition that honours the Kounounkan area of Guinea'.",,,11,kounounkan,,,f,t,,"holotype K K000593394;isotype HNG",,,,,Cheek@12442-1@1@aut,,,"tax. nov.",,1.3,f,sabdariffa~kounounkan,malvaceaesabdariffa~kounounkan~,83,wfo-1000088186,,species,,,,,https://www.ipni.org/n/77376561-1,"IPNI Record: 77376561-1","PhytoKeys 271: 24 (2026)"
urn:lsid:ipni.org:names:77376563-1,Dammer,,,,,,361,,,,,,,,,,,,"09/02/2026 10:20","09/02/2026 10:20",,,Solanaceae,"Solanum baumii","Solanum baumii",Solanum,,f,f,,,,,,,,,,,,,,,,,,,,,,,,,,,,,30000630-2,"Kunene-Sambesi-Exped. [Warburg]",urn:lsid:ipni.org:publications:6670-2,1903,"1903 [May 1903]","[May 1903]",Dammer,spec.,"Kunene-Sambesi-Exped. [Warburg] 361. 1903 [May 1903] ",,"Description: 'Holzige Staude, 40-50 cm hoch.'",,,8,baumii,,,f,t,,,,,,,Dammer@1975-1@1@aut,,,"tax. nov.",,1.1,f,solanum~baumii,solanaceaesolanum~baumii~,84,wfo-0001026504,,species,,,,,https://www.ipni.org/n/77376563-1,"IPNI Record: 77376563-1","Kunene-Sambesi-Exped. [Warburg] 361 (1903)"
urn:lsid:ipni.org:names:77376564-1,"(L.) S.H.Chen & M.J.Wu","Rubiaceae Oldenlandia paniculata L.",(L.),758052-1,,,"73(3): 46",,,,,,,,,,,,"09/02/2026 12:44","09/02/2026 15:06",,,Rubiaceae,"Leptopetalum paniculatum","Leptopetalum paniculatum",Leptopetalum,,f,f,,,,,,,,,,,,,,,,,,,,,,,,,,,,null:,34832-1,"J. Taiwan Mus.",urn:lsid:ipni.org:publications:2420-2,2020,2020,,"S.H.Chen & M.J.Wu",spec.,"J. Taiwan Mus. 73(3): 46. 2020 ",,doi:10.6532/JNTM.202009_73(3).03,,,11,paniculatum,,,f,t,,,,,,,M.J.Wu@36190-1@2@aut$S.H.Chen@20012329-1@1@aut$L.@12653-1@3@bas,,,"comb. nov.",77204500-1,1.4,f,leptopetalum~paniculatum,rubiaceaeleptopetalum~paniculatum~,85,wfo-1000088459,,species,,,,,https://www.ipni.org/n/77376564-1,"IPNI Record: 77376564-1","J. Taiwan Mus. 73(3): 46 (2020)"
urn:lsid:ipni.org:names:77376566-1,"Xiao Wang bis & M.Q.Han",,,,,,"271: 75",,21,,4,,HMQ2306,2024,,"Meng-Qi Han, Xiao Wang, Miao-Miao Wang &amp; Qi An",,,"09/02/2026 16:56","10/02/2026 16:03","Guizhou (China South-Central, China, Asia-Temperate)",E,Convallariaceae,"Heteropolygonatum xishuiense","Heteropolygonatum xishuiense",Heteropolygonatum,,f,f,,,,,,,,28,9,,"Zunyi City, Xishui County, Xishui National Nature Reserve, 1200 m",105,54,,"Termination of specific epithet amended as per Art. 23.5. ICN (2025).",,,,,N,,,,,,,,,998689-1,PhytoKeys,urn:lsid:ipni.org:publications:20011997-1,2026,"2026 [10 Feb 2026]","[10 Feb 2026]","Xiao Wang bis & M.Q.Han",spec.,"PhytoKeys 271: 75. 2026 [10 Feb 2026] , as 'xishuiensis'",", as 'xishuiensis'","doi:10.3897/phytokeys.271.182884 [english] Etymology: 'The specific epithet is derived from the type locality, Xishui County'.",,,12,xishuiense,,,f,t,,"holotype KUN 1729525;isotype PE;isotype IBK",,,,,"Xiao Wang bis@20095413-1@1@aut$M.Q.Han@20023056-1@2@aut",,,"tax. nov.",,1.3,f,heteropolygonatum~xishuiense,convallariaceaeheteropolygonatum~xishuiense~,86,wfo-1000088187,,species,,,,,https://www.ipni.org/n/77376566-1,"IPNI Record: 77376566-1","PhytoKeys 271: 75 (2026)"
urn:lsid:ipni.org:names:77376567-1,Meisn.,,,,,,"Comm.: 306",,,,,,,,,,,,"10/02/2026 00:34","11/02/2026 20:05",,,Convallariaceae,"trib. Uvularieae","trib. Uvularieae",,,f,f,,,uvularieae,,,,,,,,,,,,,,,,,,,,,,,,,,60461322-2,"Pl. Vasc. Gen.",urn:lsid:ipni.org:publications:5751-2,1842,"1842 [17-20 Aug 1842]","[17-20 Aug 1842]",Meisn.,trib.,"Pl. Vasc. Gen. Comm.: 306. 1842 [17-20 Aug 1842] ",,"Asa Gray (in Ann. Lyceum Nat. Hist. New York 4: 106. 1837) mentioned that the genera Disporum Salisb., Drapiezia Blume, Schelhammera R.Br., Tricyrtis Wall., and Uvularia L. seemed to constitute a small section of the family Liliaceae. He did not coin any infrafamilial name based on the stem of the genus name Uvularia.  Endlicher (1840) published 'Subtribus Uvularieae [A.Gray] and mentioned 'Ex sententia cl. Gray Liliaceis adsertbendae'. Subsequently, Meisner (1842: 306) published 'Tribus  Uvularieae Asa Gray; Kunth (Jul 1843) published 'Uvularieae A. Gray at the rank of family; and Torrey (late 1843) published 'Suborder Uvularieae A. Gray; Kunth' at the rank of subfamily.  Since it is not logical to associate Asa Gray's name with the 4 infrafamilial names at different ranks, the authorship A. Gray ex is associated only for the first published name, subtrib. Uvulariinae.",,,8,,,,f,t,,,"Uvularia L. (1753)",,,,Meisn.@12678-1@1@aut,,,"tax. nov.",,1.2,f,convallariaceaeuvularieae,convallariaceae~~~~,87,wfo-4100006438,,tribe,,,,,https://www.ipni.org/n/77376567-1,"IPNI Record: 77376567-1","Pl. Vasc. Gen. Comm.: 306 (1842)"
urn:lsid:ipni.org:names:77376568-1,Kunth,,,,,,"4: 199",,,,,,,,,,,,"10/02/2026 00:39","11/02/2026 20:03",,,Uvulariaceae,Uvulariaceae,Uvulariaceae,,,f,f,,,,,,,,,,,,,,,"nom. cons.","nom. cons.",,,,,,,,,,,,,,"Enum. Pl. [Kunth]",urn:lsid:ipni.org:publications:1110-2,1843,"1843 [17-19 Jul 1843]","[17-19 Jul 1843]",Kunth,fam.,"Enum. Pl. [Kunth] 4: 199. 1843 [17-19 Jul 1843] (as 'Uvularieae')","(as 'Uvularieae')","Authorship: Asa Gray (in Ann. Lyceum Nat. Hist. New York 4: 106. 1837) mentioned that the genera Disporum Salisb., Drapiezia Blume, Schelhammera R.Br., Tricyrtis Wall., and Uvularia L. seemed to constitute a small section of the family Liliaceae. He did not coin any infrafamilial name based on the stem of the genus name Uvularia.  Endlicher (1840) published 'Subtribus Uvularieae [A.Gray] and mentioned 'Ex sententia cl. Gray Liliaceis adsertbendae'. Subsequently, Meisner (1842: 306) published 'Tribus  Uvularieae Asa Gray; Kunth (Jul 1843) published 'Uvularieae A. Gray at the rank of family; and Torrey (late 1843) published 'Suborder Uvularieae A. Gray; Kunth' at the rank of subfamily.  Since it is not logical to associate Asa Gray's name with the 4 infrafamilial names at different ranks, the authorship A. Gray ex is associated only for the first published name, subtrib. Uvulariinae",,,9,,,,f,t,,,"Uvularia L. (1753)",,,,Kunth@21866-1@1@aut,,,"tax. nov.",,1.2,f,uvulariaceae,uvulariaceae~~~~,88,wfo-4100006439,,family,,,,,https://www.ipni.org/n/77376568-1,"IPNI Record: 77376568-1","Enum. Pl. [Kunth] 4: 199 (1843)"
urn:lsid:ipni.org:names:77376570-1,"L.Ping Zhang & S.R.Lan",,,,,,"740(3): 290",,13,,5,,250513001,2025,,Zhang,,,"10/02/2026 11:26","10/02/2026 11:26","Yunnan (China South-Central, China, Asia-Temperate)",,Orchidaceae,"Dendrobium laoshanense","Dendrobium laoshanense",Dendrobium,,f,f,,,,,,,,,,,"Malipo of Laoshan, 1200 m",,,,,,,,,,,,,,,,,,325886-2,Phytotaxa,urn:lsid:ipni.org:publications:20011462-1,2026,"2026 [10 Feb 2026]","[10 Feb 2026]","L.Ping Zhang & S.R.Lan",spec.,"Phytotaxa 740(3): 290. 2026 [10 Feb 2026] ",,"doi:10.11646/phytotaxa.740.3.7 Etymology: the specific epithet is named in reference to the type locality.",,,11,laoshanense,,,f,t,,"holotype FAFU",,,,,"S.R.Lan@20025505-1@2@aut$L.Ping Zhang@20095927-1@1@aut",,,"tax. nov.",,1.1,f,dendrobium~laoshanense,orchidaceaedendrobium~laoshanense~,89,wfo-1000088188,,species,,,,,https://www.ipni.org/n/77376570-1,"IPNI Record: 77376570-1","Phytotaxa 740(3): 290 (2026)"
urn:lsid:ipni.org:names:77376571-1,"S.M.Arango & J.S.Murillo",,,,,,"740(3): 284",,19,,10,,112,2021,,"S.M.Arango-Carvajal &amp; H.C.Caro-Ayala",,,"10/02/2026 11:36","10/02/2026 11:36","Colombia (Western South America, Southern America)",W,Loranthaceae,"Aetanthus confusus","Aetanthus confusus",Aetanthus,,f,f,,,,,,,,6,43,39,"Santander: Provincia de García Rovira, Municipio de Málaga, Vereda Pescaderito, 3029 m",72,47,40,,,,,,N,,,,,,,,,30021740-2,Phytotaxa,urn:lsid:ipni.org:publications:20011462-1,2026,"2026 [10 Feb 2026]","[10 Feb 2026]","S.M.Arango & J.S.Murillo",spec.,"Phytotaxa 740(3): 284. 2026 [10 Feb 2026] ",,"doi:10.11646/phytotaxa.740.3.6 Etymology: the specific epithet is derived from the Latin adjective 'confusus' meaning 'mixed' or 'mingled'. This refers to the mixed nature of the branches of this taxon.",,,11,confusus,,,f,t,,"holotype HUA HUA-236390;isotype HUA HUA-236389",,,,,J.S.Murillo@20045447-1@2@aut$S.M.Arango@20077169-1@1@aut,,,"tax. nov.",,1.1,f,aetanthus~confusus,loranthaceaeaetanthus~confusus~,90,wfo-1000088189,,species,,,,,https://www.ipni.org/n/77376571-1,"IPNI Record: 77376571-1","Phytotaxa 740(3): 284 (2026)"
urn:lsid:ipni.org:names:77376572-1,H.Akyıldırım,,,,,,"740(3): 274",,12,,6,,352,2024,,Akyil,,,"10/02/2026 11:48","10/02/2026 11:48","Turkey (Western Asia, Asia-Temperate)",E,Caprifoliaceae,"Sambucus eminagaoglui","Sambucus eminagaoglui",Sambucus,,f,f,,,,,,,,41,1,34,"Artvin: Ardanuç province, Zekeriyaköy district, ca. 1500 m",42,11,14,,,,,,N,,,,,,,,,30018446-2,Phytotaxa,urn:lsid:ipni.org:publications:20011462-1,2026,"2026 [10 Feb 2026]","[10 Feb 2026]",H.Akyıldırım,spec.,"Phytotaxa 740(3): 274. 2026 [10 Feb 2026] ",,"doi:10.11646/phytotaxa.740.3.5 Etymology: the specific epithet is named in honour of Turkish botanist Dr.Özgür Eminağaoğlu.",,,11,eminagaoglui,,,f,t,,"holotype ARTH 017307;isotype ARTH 017308; 017309; 017310; 017311",,,,,H.Akyıldırım@20064507-1@1@aut,,,"tax. nov.",,1.1,f,sambucus~eminagaoglui,caprifoliaceaesambucus~eminagaoglui~,91,wfo-1000088190,,species,,,,,https://www.ipni.org/n/77376572-1,"IPNI Record: 77376572-1","Phytotaxa 740(3): 274 (2026)"
urn:lsid:ipni.org:names:77376573-1,"Villanueva & D.Caball.",,,,,,"740(3): 264",,26,,5,,6935,2024,,"T.Villanueva et al.",,,"10/02/2026 12:22","10/02/2026 12:22","Colombia (Western South America, Southern America)",W,Myristicaceae,"Compsoneura guanentana","Compsoneura guanentana",Compsoneura,,f,f,,,,,,,,6,6,23,"Santander: Municipality of Charalá, Virolín, Reserva Cuatro Robles, 1774 m",73,13,37,,,,,,N,,,,,,,,,27229-1,Phytotaxa,urn:lsid:ipni.org:publications:20011462-1,2026,"2026 [10 Feb 2026]","[10 Feb 2026]","Villanueva & D.Caball.",spec.,"Phytotaxa 740(3): 264. 2026 [10 Feb 2026] ",,"doi:10.11646/phytotaxa.740.3.4 Etymology: 'Referring to the Guanentá region, a province in the Department of Santander.'",,,11,guanentana,,,f,t,,"holotype JBB JB45000;isotype ANDES;isotype COL;isotype JAUM;isotype JBB;isotype LAMUA;isotype TOLI;isotype UIS",,,,,Villanueva@20029839-1@1@aut$D.Caball.@20096035-1@2@aut,,,"tax. nov.",,1.1,f,compsoneura~guanentana,myristicaceaecompsoneura~guanentana~,92,wfo-1000088191,,species,,,,,https://www.ipni.org/n/77376573-1,"IPNI Record: 77376573-1","Phytotaxa 740(3): 264 (2026)"
urn:lsid:ipni.org:names:77376574-1,"Hurt.-Rev. & Amancio",,,,,,"740(3): 239",,,,,,3091,,,L.Hurtado-Reveles,,,"10/02/2026 12:37","10/02/2026 12:37","Zacatecas (Mexico Northeast, Mexico, Northern America)",W,Piperaceae,"Peperomia accentus","Peperomia accentus",Peperomia,,f,f,,,,,,,,22,40,57,"Municipality Jerez, Sierra de los Cardos, 4 km West of Jomulquillo, 2614 m",103,5,43,,,,,,N,,,,,,,,,329746-2,Phytotaxa,urn:lsid:ipni.org:publications:20011462-1,2026,"2026 [10 Feb 2026]","[10 Feb 2026]","Hurt.-Rev. & Amancio",spec.,"Phytotaxa 740(3): 239. 2026 [10 Feb 2026] ",,"doi:10.11646/phytotaxa.740.3.2 Etymology: 'The specific epithet alludes to the common shape of the pistil in developing flowers: a wavy line which resembles a tilde (~). Tildes are graphemes commonly used as diacritic (accent) in several scripts.'",,,11,accentus,,,f,t,,"holotype MEXU;isotype CHAPA;isotype GENT",,,,,Amancio@20096036-1@2@aut$Hurt.-Rev.@20080861-1@1@aut,,,"tax. nov.",,1.1,f,peperomia~accentus,piperaceaepeperomia~accentus~,93,wfo-1000088192,,species,,,,,https://www.ipni.org/n/77376574-1,"IPNI Record: 77376574-1","Phytotaxa 740(3): 239 (2026)"
urn:lsid:ipni.org:names:77376576-1,"Lefèvre ex Sogorb & D.P.Mercier",,,,,,"1: 22",,,,,,,1870,,Lef.,,,"11/02/2026 12:52","12/02/2026 12:26","France (France, Southwestern Europe, Europe)",,Rosaceae,"Rubus fulvonigricans","Rubus fulvonigricans",Rubus,,f,f,,,,,,,,,,,"Forêt de Retz, sur la route du Château prés du Rond des Dames,",,,,,,,,,,,,,,,,,,30000199-2,"Gen. Rubus Valois",urn:lsid:ipni.org:publications:20062825-1,2025,2025,,"Lefèvre ex Sogorb & D.P.Mercier",spec.,"Gen. Rubus Valois 1: 22. 2025 ",,,,,10,fulvonigricans,,,f,t,,"holotype P P03362255",,,,,Sogorb@20096039-1@2@autEx$Lefèvre@5415-1@1@aut$D.P.Mercier@20053500-1@3@autEx,,,"tax. nov.",,1.2,f,rubus~fulvonigricans,rosaceaerubus~fulvonigricans~,94,wfo-1000088193,,species,,,,,https://www.ipni.org/n/77376576-1,"IPNI Record: 77376576-1","Gen. Rubus Valois 1: 22 (2025)"
urn:lsid:ipni.org:names:77376577-1,"Lefèvre ex Sogorb & D.P.Mercier",,,,,,"1: 22",,,,,,,1856,,Lefévre,,,"11/02/2026 12:57","12/02/2026 12:27","France (France, Southwestern Europe, Europe)",,Rosaceae,"Rubus suberosus","Rubus suberosus",Rubus,,f,f,,,,,,,,,,,"Bois de Montrolle",,,,,,,,,,,,,,,,,,30000199-2,"Gen. Rubus Valois",urn:lsid:ipni.org:publications:20062825-1,2025,2025,,"Lefèvre ex Sogorb & D.P.Mercier",spec.,"Gen. Rubus Valois 1: 22. 2025 ",,,,,10,suberosus,,,f,t,,"holotype P P02573660",,,,,D.P.Mercier@20053500-1@3@autEx$Sogorb@20096039-1@2@autEx$Lefèvre@5415-1@1@aut,,,"tax. nov.",,1.2,f,rubus~suberosus,rosaceaerubus~suberosus~,95,wfo-1000088194,,species,,,,,https://www.ipni.org/n/77376577-1,"IPNI Record: 77376577-1","Gen. Rubus Valois 1: 22 (2025)"
urn:lsid:ipni.org:names:77376578-1,"G.F.Moore ex H.J.Veitch",,,,,,"ser. 3, 31: 219",,,,,,,,,,,,"11/02/2026 15:39","12/02/2026 15:56",,,Orchidaceae,"× Phaiocymbidium chardwarense","× Phaiocymbidium chardwarense",Phaiocymbidium,,t,t,"650411-1,77239427-1","(Phaius grandifolius Lour. × Cymbidium giganteum Wall. ex Lindl.)",,,,,,,,,,,,,,,,,,,,,,,,,,,30320-1,"Gard. Chron.",urn:lsid:ipni.org:publications:1224-2,1902,"1902 [29 Mar 1902]","[29 Mar 1902]","G.F.Moore ex H.J.Veitch",spec.,"Gard. Chron. ser. 3, 31: 219. 1902 [29 Mar 1902] ",,"Name is in first column.",,,8,chardwarense,,,f,t,,,,,,,G.F.Moore@20096042-1@1@aut$H.J.Veitch@11107-1@2@autEx,,,"tax. nov.",,1.3,f,phaiocymbidium~chardwarense,orchidaceaephaiocymbidium~chardwarense~,96,wfo-1000088195,,species,,,,,https://www.ipni.org/n/77376578-1,"IPNI Record: 77376578-1","Gard. Chron. ser. 3, 31: 219 (1902)"
urn:lsid:ipni.org:names:77376579-1,"Rolfe & Hurst",,,,,,91,,,,,,,,,,,,"11/02/2026 15:45","13/02/2026 14:19",,,Orchidaceae,"Laelia × ingramiae","Laelia × ingramiae",Laelia,,t,f,"320231-2,639673-1","(Laelia purpurata Lindl. & Paxton × Laelia perrinii Bateman)",,,,,,,,,,,,,,,,,,,,,,,,,,,325605-2,"Orchid Stud-Book",urn:lsid:ipni.org:publications:20020063-1,1909,1909,,"Rolfe & Hurst",spec.,"Orchid Stud-Book 91. 1909 ",,"Reference to description in Gard. Chron. ser. 3, 21: 51, middle column (1897).",,,8,ingramiae,,,f,t,,,,,,,Hurst@4242-1@2@aut$Rolfe@8550-1@1@aut,,,"tax. nov.",,1.4,f,laelia~ingramiae,orchidaceaelaelia~ingramiae~,97,wfo-1000088196,,species,,,,,https://www.ipni.org/n/77376579-1,"IPNI Record: 77376579-1","Orchid Stud-Book 91 (1909)"
urn:lsid:ipni.org:names:77376580-1,"Rolfe & Hurst",,,,,,87,,,,,,,,,,,,"11/02/2026 15:48","13/02/2026 14:35",,,Orchidaceae,"× Epilaelia lawrencei","× Epilaelia lawrencei",Epilaelia,,t,t,"92336-2,941668-1","(Epidendrum vitellinum Lindl. × Laelia tenebrosa (Rolfe) Rolfe)",,,,,,,,,,,,,,,,,,,,,,,,,,,77127156-1,"Orchid Stud-Book",urn:lsid:ipni.org:publications:20020063-1,1909,1909,,"Rolfe & Hurst",spec.,"Orchid Stud-Book 87. 1909 ",,"Reference to description in Gard. Chron. ser. 3, 32: 112 (1902), first column.",,,8,lawrencei,,,f,t,,,,,,,Rolfe@8550-1@1@aut$Hurst@4242-1@2@aut,,,"tax. nov.",,1.3,f,epilaelia~lawrencei,orchidaceaeepilaelia~lawrencei~,98,wfo-1000088197,,species,,,,,https://www.ipni.org/n/77376580-1,"IPNI Record: 77376580-1","Orchid Stud-Book 87 (1909)"
urn:lsid:ipni.org:names:77376581-1,H.J.Veitch,,,,,,"ser. 3, 31: 280",,,,,,,,,,,,"11/02/2026 15:51","12/02/2026 17:29",,,Orchidaceae,"× Leptolaelia veitchii","× Leptolaelia veitchii",Leptolaelia,,t,t,"134642-2,640431-1","(Laelia cinnabarina Bateman ex Lindl. × Leptotes bicolor Lindl.)",,,,,,,,,,,,,,,,,,,,,,,,,,,29830-1,"Gard. Chron.",urn:lsid:ipni.org:publications:1224-2,1902,"1902 [26 Apr 1902]","[26 Apr 1902]",H.J.Veitch,spec.,"Gard. Chron. ser. 3, 31: 280. 1902 [26 Apr 1902] , as 'Veitchi'",", as 'Veitchi'","Name is in the third column.",,,8,veitchii,,,f,t,,,,,,,H.J.Veitch@11107-1@1@aut,,,"tax. nov.",,1.4,f,leptolaelia~veitchii,orchidaceaeleptolaelia~veitchii~,99,wfo-1000088198,,species,,,,,https://www.ipni.org/n/77376581-1,"IPNI Record: 77376581-1","Gard. Chron. ser. 3, 31: 280 (1902)"
urn:lsid:ipni.org:names:77376582-1,"Rolfe & Hurst",,,,,,88,,,,,,,,,,,,"11/02/2026 15:54","13/02/2026 14:43",,,Orchidaceae,"× Epilaelia whitei","× Epilaelia whitei",Epilaelia,,t,t,"91585-2,134642-2","(Epidendrum fucatum Lindl. × Laelia cinnabarina Bateman ex Lindl.)",,,,,,,,,,,,,"nom. inval. nom. nud.",,"nom. inval.",,,,,,,,,,,,77127156-1,"Orchid Stud-Book",urn:lsid:ipni.org:publications:20020063-1,1909,1909,,"Rolfe & Hurst",spec.,"Orchid Stud-Book 88. 1909 ",,"Reference to Gard. Chron. ser. 3, 32: 112 (1902), first column - but no description given.",,,9,whitei,,,f,t,,,,,,,Rolfe@8550-1@1@aut$Hurst@4242-1@2@aut,,,"tax. nov.",,1.3,f,epilaelia~whitei,orchidaceaeepilaelia~whitei~,100,wfo-1000088199,,species,,,,,https://www.ipni.org/n/77376582-1,"IPNI Record: 77376582-1","Orchid Stud-Book 88 (1909)"
urn:lsid:ipni.org:names:77376583-1,Mantin,,,,,,"19: 1245",,,,,,,,,,,,"11/02/2026 15:57","13/02/2026 17:12",,,Orchidaceae,"× Laeliodendrum","× Laeliodendrum",Laeliodendrum,,t,t,"326435-2,325605-2","(Epidendrum L. × Laelia Lindl.)",,,,,,,,,,,,,,,,,,,,,,,,,,,30000046-2,"J. Soc. Natl. Hort. France",urn:lsid:ipni.org:publications:8123-2,1897,1897,,Mantin,gen.,"J. Soc. Natl. Hort. France 19: 1245. 1897 ",,,,,8,,,,f,t,,,,,,,Mantin@14077-1@1@aut,,,"tax. nov.",,1.4,f,laeliodendrum,orchidaceaelaeliodendrum~~~,101,wfo-4100006440,,genus,,,,,https://www.ipni.org/n/77376583-1,"IPNI Record: 77376583-1","J. Soc. Natl. Hort. France 19: 1245 (1897)"
urn:lsid:ipni.org:names:77376584-1,Mantin,,,,,,"19: 1245",,,,,,,,,,,,"11/02/2026 16:01","13/02/2026 17:11",,,Orchidaceae,"× Laeliodendrum margaritae","× Laeliodendrum margaritae",Laeliodendrum,,t,t,"632447-1,320223-2","(Epidendrum parkinsonianum Hook. × Laelia grandis Lindl. & Paxton)",,,,,,,,,,,,,,,,,,,,,,,,,,,77376583-1,"J. Soc. Natl. Hort. France",urn:lsid:ipni.org:publications:8123-2,1897,1897,,Mantin,spec.,"J. Soc. Natl. Hort. France 19: 1245. 1897 ",,"Parents as: Laelia grandis and Epidendrum falcatum or parkinsonianum.",,,8,margaritae,,,f,t,,,,,,,Mantin@14077-1@1@aut,,,"tax. nov.",,1.5,f,laeliodendrum~margaritae,orchidaceaelaeliodendrum~margaritae~,102,wfo-1000088200,,species,,,,,https://www.ipni.org/n/77376584-1,"IPNI Record: 77376584-1","J. Soc. Natl. Hort. France 19: 1245 (1897)"
urn:lsid:ipni.org:names:77376585-1,"Rolfe & Hurst",,,,,,89,,,,,,,,,,,,"11/02/2026 16:03","13/02/2026 15:15",,,Orchidaceae,"Laelia × dutremblayi","Laelia × dutremblayi",Laelia,,t,f,"639623-1,134642-2","(Laelia grandiflora Lindl. × Laelia cinnabarina Bateman ex Lindl.)",,,,,,,,,,,,,,,,,,,,,,,,,,,325605-2,"Orchid Stud-Book",urn:lsid:ipni.org:publications:20020063-1,1909,1909,,"Rolfe & Hurst",spec.,"Orchid Stud-Book 89. 1909 ",,"Reference to description in J. Soc. Natl. Hort. France ser. 4, 3: 632 (1902); here the cross is stated to be between Laelia cinnabarina and L. majalis.",,,8,dutremblayi,,,f,t,,,,,,,Hurst@4242-1@2@aut$Rolfe@8550-1@1@aut,,,"tax. nov.",,1.3,f,laelia~dutremblayi,orchidaceaelaelia~dutremblayi~,103,wfo-1000088201,,species,,,,,https://www.ipni.org/n/77376585-1,"IPNI Record: 77376585-1","Orchid Stud-Book 89 (1909)"
urn:lsid:ipni.org:names:77376586-1,"Rolfe & Hurst",,,,,,48,,,,,,,,,,,,"11/02/2026 16:05","13/02/2026 15:28",,,Orchidaceae,"× Brassolaelia bouletii","× Brassolaelia bouletii",Brassolaelia,,t,t,"618039-1,134679-2","(Brassavola glauca Lindl. × Laelia harpophylla Rchb.f.)",,,,,,,,,,,,,"nom. inval. nom. nud.",,"nom. inval.",,,,,,,,,,,,28885-1,"Orchid Stud-Book",urn:lsid:ipni.org:publications:20020063-1,1909,1909,,"Rolfe & Hurst",spec.,"Orchid Stud-Book 48. 1909 ",,"Reference to J. Soc. Natl. Hort. France ser. 4, 4: 766 (1903); with no description. Also a reference to 'Jard. 1903, 384'.",,,9,bouletii,,,f,t,,,,,,,Rolfe@8550-1@1@aut$Hurst@4242-1@2@aut,,,"tax. nov.",,1.3,f,brassolaelia~bouletii,orchidaceaebrassolaelia~bouletii~,104,wfo-1000088202,,species,,,,,https://www.ipni.org/n/77376586-1,"IPNI Record: 77376586-1","Orchid Stud-Book 48 (1909)"
urn:lsid:ipni.org:names:77376587-1,"Rolfe & Hurst",,,,,,44,,,,,,,,,,,,"11/02/2026 16:07","13/02/2026 18:14",,,Orchidaceae,"× Brassocattleya fournierae","× Brassocattleya fournierae",Brassocattleya,,t,t,"618028-1,622132-1","(Brassavola digbyana Lindl. × Cattleya labiata Lindl.)",,,,,,,,,,,,,,,,,,,,,,,,,,,30117847-2,"Orchid Stud-Book",urn:lsid:ipni.org:publications:20020063-1,1909,1909,,"Rolfe & Hurst",spec.,"Orchid Stud-Book 44. 1909 ",,"Reference to description in Rev. Hort. 1902: 360 (1902), as 'Laelio-Cattleya Madame Marguerite Fournier' and J. Soc. Natl. Hort. France ser. 4, 3: 797 (1902).",,,8,fournierae,,,f,t,,,,,,,Rolfe@8550-1@1@aut$Hurst@4242-1@2@aut,,,"tax. nov.",,1.4,f,brassocattleya~fournierae,orchidaceaebrassocattleya~fournierae~,105,wfo-1000088203,,species,,,,,https://www.ipni.org/n/77376587-1,"IPNI Record: 77376587-1","Orchid Stud-Book 44 (1909)"
urn:lsid:ipni.org:names:77376588-1,"Rolfe & Hurst",,,,,,45,,,,,,,,,,,,"11/02/2026 16:09","13/02/2026 16:13",,,Orchidaceae,"× Brassocattleya langleyensis","× Brassocattleya langleyensis",Brassocattleya,,t,t,"618028-1,50291-2","(Brassavola digbyana Lindl. × Cattleya schroederae Rchb.f.)",,,,,,,,,,,,,,,,,,,,,,,,,,,30117847-2,"Orchid Stud-Book",urn:lsid:ipni.org:publications:20020063-1,1909,1909,,"Rolfe & Hurst",spec.,"Orchid Stud-Book 45. 1909 ",,"Reference to description in Gard. Chron. ser. 3, 31: 219, 235, 239 (1902).",,,8,langleyensis,,,f,t,,,,,,,Rolfe@8550-1@1@aut$Hurst@4242-1@2@aut,,,"tax. nov.",,1.3,f,brassocattleya~langleyensis,orchidaceaebrassocattleya~langleyensis~,106,wfo-1000088204,,species,,,,,https://www.ipni.org/n/77376588-1,"IPNI Record: 77376588-1","Orchid Stud-Book 45 (1909)"
urn:lsid:ipni.org:names:77376589-1,"Wigan ex H.J.Veitch",,,,,,"ser. 3, 27: 30",,,,,,,,,,,,"11/02/2026 16:13","12/02/2026 17:43",,,Orchidaceae,"× Zygocolax wiganianus","× Zygocolax wiganianus",Zygocolax,,t,t,"661718-1,624124-1","(Zygopetalum intermedium Lodd. × Colax jugosus (Lindl.) Lindl.)",,,,,,,,,,,,,,,,,,,,,,,,,,,30960-1,"Gard. Chron.",urn:lsid:ipni.org:publications:1224-2,1900,"1900 [13 Jan 1900]","[13 Jan 1900]","Wigan ex H.J.Veitch",spec.,"Gard. Chron. ser. 3, 27: 30. 1900 [13 Jan 1900] , as 'Wiganiana'",", as 'Wiganiana'","Name is in the third column.",,,8,wiganianus,,,f,t,,,,,,,Wigan@20096043-1@1@aut$H.J.Veitch@11107-1@2@autEx,,,"tax. nov.",,1.3,f,zygocolax~wiganianus,orchidaceaezygocolax~wiganianus~,107,wfo-1000088205,,species,,,,,https://www.ipni.org/n/77376589-1,"IPNI Record: 77376589-1","Gard. Chron. ser. 3, 27: 30 (1900)"
urn:lsid:ipni.org:names:77376590-1,"A.Gray ex Endl.",,,,,,"pt. 17: 1357, right column",,,,,,,,,,,,"11/02/2026 18:53","11/02/2026 18:53",,,Convallariaceae,"subtrib. Uvulariinae","subtrib. Uvulariinae",,,f,f,,,uvulariinae,,,,,,,,,,,,,,,,,,,,,,,,,,60461322-2,"Gen. Pl. [Endlicher]",urn:lsid:ipni.org:publications:11039-2,1840,"1840 [Oct 1840]","[Oct 1840]","A.Gray ex Endl.",subtrib.,"Gen. Pl. [Endlicher] pt. 17: 1357, right column. 1840 [Oct 1840] (as 'Uvularieae')","(as 'Uvularieae')",,,,8,,,,f,t,,,"Uvularia L.",,,,Endl.@18490-1@2@autEx$A.Gray@19574-1@1@aut,,,"tax. nov.",,1.1,f,convallariaceaeuvulariinae,convallariaceae~~~~,108,wfo-4100006441,,subtribe,,,,,https://www.ipni.org/n/77376590-1,"IPNI Record: 77376590-1","Gen. Pl. [Endlicher] pt. 17: 1357, right column (1840)"
urn:lsid:ipni.org:names:77376591-1,Torr.,,,,,,"2: 319",,,,,,,,,,,,"11/02/2026 20:01","11/02/2026 20:01",,,Convallariaceae,"subfam. Uvularioideae","subfam. Uvularioideae",,,f,f,,,uvularioideae,,,,,,,,,,,,,,,,,,,,,,,,,,60461322-2,"Fl. New York",urn:lsid:ipni.org:publications:7423-2,1843,"1843 [post  July 1843]","[post  July 1843]",Torr.,subfam.,"Fl. New York 2: 319. 1843 [post  July 1843] ",,"Asa Gray (in Ann. Lyceum Nat. Hist. New York 4: 106. 1837) mentioned that the genera Disporum Salisb., Drapiezia Blume, Schelhammera R.Br., Tricyrtis Wall., and Uvularia L. seemed to constitute a small section of the family Liliaceae. He did not coin any infrafamilial name based on the stem of the genus name Uvularia.  Endlicher (1840) published 'Subtribus Uvularieae [A.Gray] and mentioned 'Ex sententia cl. Gray Liliaceis adsertbendae'. Subsequently, Meisner (1842: 306) published 'Tribus  Uvularieae Asa Gray; Kunth (Jul 1843) published 'Uvularieae A. Gray at the rank of family; and Torrey (late 1843) published 'Suborder Uvularieae A. Gray; Kunth' at the rank of subfamily.  Since it is not logical to associate Asa Gray's name with the 4 infrafamilial names at different ranks, the authorship A. Gray ex is associated only for the first published name, subtrib. Uvulariinae.",,,8,,,,f,t,,,"Uvularia L.",,,,Torr.@10754-1@1@aut,,,"tax. nov.",,1.1,f,convallariaceaeuvularioideae,convallariaceae~~~~,109,wfo-4100006442,,subfamily,,,,,https://www.ipni.org/n/77376591-1,"IPNI Record: 77376591-1","Fl. New York 2: 319 (1843)"
urn:lsid:ipni.org:names:77376592-1,"A.Cádiz-Véliz, A.E.Villarroel & Nic.García",,,,,,"741(1): 60",,28,,12,,993,2022,,A.Cádiz-Véliz,,,"11/02/2026 21:24","16/02/2026 09:44","O'Higgins (Chile Central, Southern South America, Southern America);Santiago (Chile Central, Southern South America, Southern America);Valparaíso (Chile Central, Southern South America, Southern America);",W,Valerianaceae,"Valeriana umbellifera","Valeriana umbellifera",Valeriana,,f,f,,,,,,,,32,31,34,"Valparaíso Region: San Felipe de Aconcagua Province, Río Hidalgo, Paso La Caleta, Putaendo, 1924 m",70,23,13,,,,,,S,,,,,,,,,41167-1,Phytotaxa,urn:lsid:ipni.org:publications:20011462-1,2026,"2026 [12 Feb 2026]","[12 Feb 2026]","A.Cádiz-Véliz, A.E.Villarroel & Nic.García",spec.,"Phytotaxa 741(1): 60. 2026 [12 Feb 2026] ",,"doi:1doi:10.11646/phytotaxa.741.1.6 Etymology: 'The specific epithet refers to the capituliform inflorescence resembling an umbel.'",,,11,umbellifera,,,f,t,,"holotype CONC 202824;isotype SGO;isotype EIF 18691",,,,,A.Cádiz-Véliz@20047136-1@1@aut$Nic.García@20008850-1@3@aut$A.E.Villarroel@20045871-1@2@aut,,,"tax. nov.",,1.4,f,valeriana~umbellifera,valerianaceaevaleriana~umbellifera~,110,wfo-1000088206,,species,,,,,https://www.ipni.org/n/77376592-1,"IPNI Record: 77376592-1","Phytotaxa 741(1): 60 (2026)"
urn:lsid:ipni.org:names:77376593-1,"Wall. ex Royle",,,,,,"pt. 10: t. 96, fig. 2",,,,,,,,,,,,"11/02/2026 23:28","11/02/2026 23:28","India (Indian Subcontinent, Asia-Tropical)",,Convallariaceae,"Uvularia leschenaultiana","Uvularia leschenaultiana",Uvularia,,f,f,,,,,,,,,,,"'Hab. Mussooree'",,,,,,,,,,,,,,,,,,328513-2,"Ill. Bot. Himal. Mts. [Royle]",urn:lsid:ipni.org:publications:974-2,1839,"1839 [Feb 1839]","[Feb 1839]","Wall. ex Royle",spec.,"Ill. Bot. Himal. Mts. [Royle] pt. 10: t. 96, fig. 2. 1839 [Feb 1839] ; addit. publ. pt. 11: 386. ante Jul 1840","; addit. publ. pt. 11: 386. ante Jul 1840",,,,9,leschenaultiana,,,f,t,,,,,,,Royle@8688-1@2@autEx$Wall.@12990-1@1@aut,,,"tax. nov.",543405-1,1.1,f,uvularia~leschenaultiana,convallariaceaeuvularia~leschenaultiana~,111,wfo-1000088460,,species,,,,,https://www.ipni.org/n/77376593-1,"IPNI Record: 77376593-1","Ill. Bot. Himal. Mts. [Royle] pt. 10: t. 96, fig. 2 (1839)"
urn:lsid:ipni.org:names:77376594-1,"Tsui & L.H.Zhou",,,,,,"1980(9): 58",,,,,,,,,,,,"12/02/2026 04:10","16/02/2026 10:21",,,Caryophyllaceae,"Silene jeniseensis var. dentata","Silene jeniseensis var. dentata",Silene,,f,f,,,,,dentata,,,,,,,,,,,,,,,,,,,,,,,,157583-1,"Bull. Bot. Lab. N. E. Forest. Inst., Harbin",urn:lsid:ipni.org:publications:4740-2,1980,1980,,"Tsui & L.H.Zhou",var.,"Bull. Bot. Lab. N. E. Forest. Inst., Harbin 1980(9): 58. ",,"Name added via registration. Protologue not seen by the IPNI editors.",,,8,jeniseensis,Willd.,,f,t,,,,,,,L.H.Zhou@15048-1@2@aut$Tsui@13695-1@1@aut,Willd.@0-0@1@aut,,"tax. nov.",,1.3,f,silene~jeniseensisdentata,caryophyllaceaesilene~jeniseensisdentata,112,wfo-1200117006,,variety,,,,,https://www.ipni.org/n/77376594-1,"IPNI Record: 77376594-1","Bull. Bot. Lab. N. E. Forest. Inst., Harbin 1980(9): 58 (1980)"
urn:lsid:ipni.org:names:77376595-1,H.Mart.,,,,,,77,,,,,,,,,,,,"12/02/2026 04:34","16/02/2026 10:52",,,Caryophyllaceae,"Saponaria officinalis var. hortensis","Saponaria officinalis var. hortensis",Saponaria,,f,f,,,,,hortensis,,,,,,,,,,,,,,,,,,,,,,,,156627-1,"Prodr. Fl. Mosq., ed. 2.",urn:lsid:ipni.org:publications:20062929-1,1817,1817,,H.Mart.,var.,"Prodr. Fl. Mosq., ed. 2. 77. 1817 ",,,,,8,officinalis,L.,,f,t,,,,,,,H.Mart.@22981-1@1@aut,L.@0-0@1@aut,,"tax. nov.",,1.3,f,saponaria~officinalishortensis,caryophyllaceaesaponaria~officinalishortensis,113,wfo-1200117007,,variety,,,,,https://www.ipni.org/n/77376595-1,"IPNI Record: 77376595-1","Prodr. Fl. Mosq., ed. 2. 77 (1817)"
urn:lsid:ipni.org:names:77376596-1,"(Nees) R.Kr.Singh","Poaceae Panicum mesocomum Nees",(Nees),412196-1,,,"10(1): 22",,,,,,,,,,,,"12/02/2026 07:16","12/02/2026 09:43",,,Poaceae,"Urochloa mesocoma","Urochloa mesocoma",Urochloa,,f,f,,,,,,,,,,,,,,,,,,,,,,,,,,,,null:,30010413-2,"J. Biodivers. Conservation",urn:lsid:ipni.org:publications:20042568-1,2026,"2026 [28 Jan 2026]","[28 Jan 2026]",R.Kr.Singh,spec.,"J. Biodivers. Conservation 10(1): 22. 2026 [28 Jan 2026] ",,doi:10.5281/zenodo.18395190,,,11,mesocoma,,,f,t,,,,,,,Nees@6888-1@2@bas$R.Kr.Singh@20015808-1@1@aut,,,"comb. nov.",,1.3,f,urochloa~mesocoma,poaceaeurochloa~mesocoma~,114,wfo-1000088207,,species,,,,,https://www.ipni.org/n/77376596-1,"IPNI Record: 77376596-1","J. Biodivers. Conservation 10(1): 22 (2026)"
urn:lsid:ipni.org:names:77376597-1,"(X.H.Jin & C.Ye) R.Kr.Singh","Orchidaceae Kuhlhasseltia motuoensis X.H.Jin & C.Ye","(X.H.Jin & C.Ye)",77331527-1,,,"10(1): 32",,,,,,,,,,,,"12/02/2026 07:19","12/02/2026 09:48",,,Orchidaceae,"Odontochilus motuoensis","Odontochilus motuoensis",Odontochilus,,f,f,,,,,,,,,,,,,,,,,,,,,,,,,,,,null:,30130-1,"J. Biodivers. Conservation",urn:lsid:ipni.org:publications:20042568-1,2026,"2026 [28 Jan 2026]","[28 Jan 2026]",R.Kr.Singh,spec.,"J. Biodivers. Conservation 10(1): 32. 2026 [28 Jan 2026] ",,doi:10.5281/zenodo.18395240,,,11,motuoensis,,,f,t,,,,,,,C.Ye@20054380-1@3@bas$X.H.Jin@39725-1@2@bas$R.Kr.Singh@20015808-1@1@aut,,,"comb. nov.",,1.3,f,odontochilus~motuoensis,orchidaceaeodontochilus~motuoensis~,115,wfo-1000088208,,species,,,,,https://www.ipni.org/n/77376597-1,"IPNI Record: 77376597-1","J. Biodivers. Conservation 10(1): 32 (2026)"
urn:lsid:ipni.org:names:77376598-1,"(Aver., Vuong & Ormerod) R.Kr.Singh","Orchidaceae Myrmechis brachyscapa Aver., Vuong & Ormerod","(Aver., Vuong & Ormerod)",77328652-1,,,"10(1): 33",,,,,,,,,,,,"12/02/2026 07:20","12/02/2026 09:50",,,Orchidaceae,"Odontochilus brachyscapus","Odontochilus brachyscapus",Odontochilus,,f,f,,,,,,,,,,,,,,,,,,,,,,,,,,,,null:,30130-1,"J. Biodivers. Conservation",urn:lsid:ipni.org:publications:20042568-1,2026,"2026 [28 Jan 2026]","[28 Jan 2026]",R.Kr.Singh,spec.,"J. Biodivers. Conservation 10(1): 33. 2026 [28 Jan 2026] ",,doi:10.5281/zenodo.18395240,,,11,brachyscapus,,,f,t,,,,,,,Vuong@20023999-1@3@bas$R.Kr.Singh@20015808-1@1@aut$Ormerod@36928-1@4@bas$Aver.@14590-1@2@bas,,,"comb. nov.",,1.3,f,odontochilus~brachyscapus,orchidaceaeodontochilus~brachyscapus~,116,wfo-1000088209,,species,,,,,https://www.ipni.org/n/77376598-1,"IPNI Record: 77376598-1","J. Biodivers. Conservation 10(1): 33 (2026)"
urn:lsid:ipni.org:names:77376599-1,"(J.D.Ya, Ting Zhang & C.Liu) R.Kr.Singh","Orchidaceae Myrmechis lingulata J.D.Ya, Ting Zhang & C.Liu","(J.D.Ya, Ting Zhang & C.Liu)",77297538-1,,,"10(1): 33",,,,,,,,,,,,"12/02/2026 07:22","12/02/2026 09:52",,,Orchidaceae,"Odontochilus lingulatus","Odontochilus lingulatus",Odontochilus,,f,f,,,,,,,,,,,,,,,,,,,,,,,,,,,,null:,30130-1,"J. Biodivers. Conservation",urn:lsid:ipni.org:publications:20042568-1,2026,"2026 [28 Jan 2026]","[28 Jan 2026]",R.Kr.Singh,spec.,"J. Biodivers. Conservation 10(1): 33. 2026 [28 Jan 2026] ",,doi:10.5281/zenodo.18395240,,,11,lingulatus,,,f,t,,,,,,,"Ting Zhang@20048726-1@3@bas$J.D.Ya@20042727-1@2@bas$C.Liu@20042725-1@4@bas$R.Kr.Singh@20015808-1@1@aut",,,"comb. nov.",,1.3,f,odontochilus~lingulatus,orchidaceaeodontochilus~lingulatus~,117,wfo-1000088210,,species,,,,,https://www.ipni.org/n/77376599-1,"IPNI Record: 77376599-1","J. Biodivers. Conservation 10(1): 33 (2026)"
urn:lsid:ipni.org:names:77376600-1,"(J.D.Ya) R.Kr.Singh","Orchidaceae Myrmechis longii J.D.Ya",(J.D.Ya),77297539-1,,,"10(1): 33",,,,,,,,,,,,"12/02/2026 07:27","12/02/2026 09:54",,,Orchidaceae,"Odontochilus longii","Odontochilus longii",Odontochilus,,f,f,,,,,,,,,,,,,,,,,,,,,,,,,,,,null:,30130-1,"J. Biodivers. Conservation",urn:lsid:ipni.org:publications:20042568-1,2026,"2026 [28 Jan 2026]","[28 Jan 2026]",R.Kr.Singh,spec.,"J. Biodivers. Conservation 10(1): 33. 2026 [28 Jan 2026] ",,doi:10.5281/zenodo.18395240,,,11,longii,,,f,t,,,,,,,J.D.Ya@20042727-1@2@bas$R.Kr.Singh@20015808-1@1@aut,,,"comb. nov.",,1.3,f,odontochilus~longii,orchidaceaeodontochilus~longii~,118,wfo-1000088211,,species,,,,,https://www.ipni.org/n/77376600-1,"IPNI Record: 77376600-1","J. Biodivers. Conservation 10(1): 33 (2026)"
urn:lsid:ipni.org:names:77376601-1,"(Kosterm.) R.Kr.Singh & Sanjeet Kumar","Lauraceae Persea endothrix Kosterm.",(Kosterm.),468011-1,,,"10(1): 34",,,,,,,,,,,,"12/02/2026 07:30","12/02/2026 09:57",,,Lauraceae,"Machilus endothrix","Machilus endothrix",Machilus,,f,f,,,,,,,,,,,,,,,,,,,,,,,,,,,,null:,21446-1,"J. Biodivers. Conservation",urn:lsid:ipni.org:publications:20042568-1,2026,"2026 [28 Jan 2026]","[28 Jan 2026]","R.Kr.Singh & Sanjeet Kumar",spec.,"J. Biodivers. Conservation 10(1): 34. 2026 [28 Jan 2026] ",,doi:10.5281/zenodo.18395286,,,11,endothrix,,,f,t,,,,,,,"Kosterm.@4984-1@3@bas$R.Kr.Singh@20015808-1@1@aut$Sanjeet Kumar@20042601-1@2@aut",,,"comb. nov.",,1.3,f,machilus~endothrix,lauraceaemachilus~endothrix~,119,wfo-1000088212,,species,,,,,https://www.ipni.org/n/77376601-1,"IPNI Record: 77376601-1","J. Biodivers. Conservation 10(1): 34 (2026)"
urn:lsid:ipni.org:names:77376602-1,"R.Kr.Singh & V.K.Rawat",,,,,,"10(1): 37",,,,,,,,,,,,"12/02/2026 07:44","12/02/2026 13:31",,,Orchidaceae,"Ophrys × italica","Ophrys × italica",Ophrys,,t,f,,,,,,,,,,,,,,,,,,,,,,,,,,,,null:,30162-1,"J. Biodivers. Conservation",urn:lsid:ipni.org:publications:20042568-1,2026,"2026 [28 Jan 2026]","[28 Jan 2026]","R.Kr.Singh & V.K.Rawat",spec.,"J. Biodivers. Conservation 10(1): 37. 2026 [28 Jan 2026] ",,doi:10.5281/zenodo.18395348,77355259-1,,9,italica,,,f,t,,,,,,,V.K.Rawat@20015702-1@2@aut$R.Kr.Singh@20015808-1@1@aut,,,"nom. nov.",,1.3,f,ophrys~italica,orchidaceaeophrys~italica~,120,wfo-1000088213,,species,,,,,https://www.ipni.org/n/77376602-1,"IPNI Record: 77376602-1","J. Biodivers. Conservation 10(1): 37 (2026)"
urn:lsid:ipni.org:names:77376603-1,"(Läpple) R.Kr.Singh & V.K.Rawat","Orchidaceae Ophrys marmarensis  nothosubsp. saskiana Läpple",(Läpple),969975-1,,,"10(1): 38",,,,,,,,,,,,"12/02/2026 07:46","12/02/2026 13:34",,,Orchidaceae,"Ophrys × saskiana","Ophrys × saskiana",Ophrys,,t,f,,,,,,,,,,,,,,,,,,,,,,,,,,,,null:,30162-1,"J. Biodivers. Conservation",urn:lsid:ipni.org:publications:20042568-1,2026,"2026 [28 Jan 2026]","[28 Jan 2026]","R.Kr.Singh & V.K.Rawat",spec.,"J. Biodivers. Conservation 10(1): 38. 2026 [28 Jan 2026] ",,doi:10.5281/zenodo.18395348,,,11,saskiana,,,f,t,,,,,,,R.Kr.Singh@20015808-1@1@aut$Läpple@35974-1@3@bas$V.K.Rawat@20015702-1@2@aut,,,"comb. et stat. nov.",,1.3,f,ophrys~saskiana,orchidaceaeophrys~saskiana~,121,wfo-1000088214,,species,,,,,https://www.ipni.org/n/77376603-1,"IPNI Record: 77376603-1","J. Biodivers. Conservation 10(1): 38 (2026)"
urn:lsid:ipni.org:names:77376604-1,"(A.A.Burb.) R.Kr.Singh","Myrtaceae Beaufortia burbidgeae A.A.Burb.",(A.A.Burb.),77160768-1,,,"10(1): 76",,,,,,,,,,,,"12/02/2026 07:50","12/02/2026 13:47",,,Myrtaceae,"Melaleuca burbidgeae","Melaleuca burbidgeae",Melaleuca,,f,f,,,,,,,,,,,,,,,,,,,,,,,,,,,,null:,27624-1,"J. Biodivers. Conservation",urn:lsid:ipni.org:publications:20042568-1,2026,"2026 [10 Feb 2026]","[10 Feb 2026]",R.Kr.Singh,spec.,"J. Biodivers. Conservation 10(1): 76. 2026 [10 Feb 2026] ",,doi:10.5281/zenodo.18598144,,,11,burbidgeae,,,f,t,,,,,,,R.Kr.Singh@20015808-1@1@aut$A.A.Burb.@20031397-1@2@bas,,,"comb. nov.",,1.3,f,melaleuca~burbidgeae,myrtaceaemelaleuca~burbidgeae~,122,wfo-1000088215,,species,,,,,https://www.ipni.org/n/77376604-1,"IPNI Record: 77376604-1","J. Biodivers. Conservation 10(1): 76 (2026)"
urn:lsid:ipni.org:names:77376605-1,"(Molyneux) R.Kr.Singh","Myrtaceae Callistemon forresterae Molyneux",(Molyneux),972758-1,,,"10(1): 77",,,,,,,,,,,,"12/02/2026 07:51","12/02/2026 14:03",,,Myrtaceae,"Melaleuca forresterae","Melaleuca forresterae",Melaleuca,,f,f,,,,,,,,,,,,,,,,,,,,,,,,,,,,null:,27624-1,"J. Biodivers. Conservation",urn:lsid:ipni.org:publications:20042568-1,2026,"2026 [10 Feb 2026]","[10 Feb 2026]",R.Kr.Singh,spec.,"J. Biodivers. Conservation 10(1): 77. 2026 [10 Feb 2026] ",,doi:10.5281/zenodo.18598144,,,11,forresterae,,,f,t,,,,,,,Molyneux@6582-1@2@bas$R.Kr.Singh@20015808-1@1@aut,,,"comb. nov.",,1.3,f,melaleuca~forresterae,myrtaceaemelaleuca~forresterae~,123,wfo-1000088216,,species,,,,,https://www.ipni.org/n/77376605-1,"IPNI Record: 77376605-1","J. Biodivers. Conservation 10(1): 77 (2026)"
urn:lsid:ipni.org:names:77376606-1,"(A.A.Burb.) R.Kr.Singh","Myrtaceae Beaufortia kwongkanicola A.A.Burb.",(A.A.Burb.),77160769-1,,,"10(1): 77",,,,,,,,,,,,"12/02/2026 07:54","12/02/2026 14:05",,,Myrtaceae,"Melaleuca kwongkanicola","Melaleuca kwongkanicola",Melaleuca,,f,f,,,,,,,,,,,,,,,,,,,,,,,,,,,,null:,27624-1,"J. Biodivers. Conservation",urn:lsid:ipni.org:publications:20042568-1,2026,"2026 [10 Feb 2026]","[10 Feb 2026]",R.Kr.Singh,spec.,"J. Biodivers. Conservation 10(1): 77. 2026 [10 Feb 2026] ",,doi:10.5281/zenodo.18598144,,,11,kwongkanicola,,,f,t,,,,,,,A.A.Burb.@20031397-1@2@bas$R.Kr.Singh@20015808-1@1@aut,,,"comb. nov.",,1.3,f,melaleuca~kwongkanicola,myrtaceaemelaleuca~kwongkanicola~,124,wfo-1000088217,,species,,,,,https://www.ipni.org/n/77376606-1,"IPNI Record: 77376606-1","J. Biodivers. Conservation 10(1): 77 (2026)"
urn:lsid:ipni.org:names:77376607-1,"(Vent.) R.Kr.Singh","Myrtaceae Metrosideros lophantha Vent.",(Vent.),598256-1,,,"10(1): 77",,,,,,,,,,,,"12/02/2026 07:55","12/02/2026 14:07",,,Myrtaceae,"Melaleuca lophantha","Melaleuca lophantha",Melaleuca,,f,f,,,,,,,,,,,,,,,,,,,,,,,,,,,,null:,27624-1,"J. Biodivers. Conservation",urn:lsid:ipni.org:publications:20042568-1,2026,"2026 [10 Feb 2026]","[10 Feb 2026]",R.Kr.Singh,spec.,"J. Biodivers. Conservation 10(1): 77. 2026 [10 Feb 2026] ",,doi:10.5281/zenodo.18598144,,,11,lophantha,,,f,t,,,,,,,Vent.@11128-1@2@bas$R.Kr.Singh@20015808-1@1@aut,,,"comb. nov.",,1.3,f,melaleuca~lophantha,myrtaceaemelaleuca~lophantha~,125,wfo-1000088461,,species,,,,,https://www.ipni.org/n/77376607-1,"IPNI Record: 77376607-1","J. Biodivers. Conservation 10(1): 77 (2026)"
urn:lsid:ipni.org:names:77376608-1,"(S.M.Douglas & S.David) R.Kr.Singh","Myrtaceae Callistemon purpurascens S.M.Douglas & S.David","(S.M.Douglas & S.David)",77150173-1,,,"10(1): 77",,,,,,,,,,,,"12/02/2026 07:57","12/02/2026 14:14",,,Myrtaceae,"Melaleuca purpurascens","Melaleuca purpurascens",Melaleuca,,f,f,,,,,,,,,,,,,,,,,,,,,,,,,,,,null:,27624-1,"J. Biodivers. Conservation",urn:lsid:ipni.org:publications:20042568-1,2026,"2026 [10 Feb 2026]","[10 Feb 2026]",R.Kr.Singh,spec.,"J. Biodivers. Conservation 10(1): 77. 2026 [10 Feb 2026] ",,doi:10.5281/zenodo.18598144,,,11,purpurascens,,,f,t,,,,,,,S.David@20029051-1@3@bas$R.Kr.Singh@20015808-1@1@aut$S.M.Douglas@20016548-1@2@bas,,,"comb. nov.",,1.3,f,melaleuca~purpurascens,myrtaceaemelaleuca~purpurascens~,126,wfo-1000088218,,species,,,,,https://www.ipni.org/n/77376608-1,"IPNI Record: 77376608-1","J. Biodivers. Conservation 10(1): 77 (2026)"
urn:lsid:ipni.org:names:77376609-1,"(A.A.Burb.) R.Kr.Singh","Myrtaceae Beaufortia raggedensis A.A.Burb.",(A.A.Burb.),77160770-1,,,"10(1): 77",,,,,,,,,,,,"12/02/2026 07:58","12/02/2026 14:16",,,Myrtaceae,"Melaleuca raggedensis","Melaleuca raggedensis",Melaleuca,,f,f,,,,,,,,,,,,,,,,,,,,,,,,,,,,null:,27624-1,"J. Biodivers. Conservation",urn:lsid:ipni.org:publications:20042568-1,2026,"2026 [10 Feb 2026]","[10 Feb 2026]",R.Kr.Singh,spec.,"J. Biodivers. Conservation 10(1): 77. 2026 [10 Feb 2026] ",,doi:10.5281/zenodo.18598144,,,11,raggedensis,,,f,t,,,,,,,A.A.Burb.@20031397-1@2@bas$R.Kr.Singh@20015808-1@1@aut,,,"comb. nov.",,1.3,f,melaleuca~raggedensis,myrtaceaemelaleuca~raggedensis~,127,wfo-1000088219,,species,,,,,https://www.ipni.org/n/77376609-1,"IPNI Record: 77376609-1","J. Biodivers. Conservation 10(1): 77 (2026)"
urn:lsid:ipni.org:names:77376610-1,"(H.Luther) Sanjeet Kumar & R.Kr.Singh","Bromeliaceae Pepinia werffii H.Luther",(H.Luther),60445869-2,,,"10(1): 81",,,,,,,,,,,,"12/02/2026 08:02","12/02/2026 14:19",,,Bromeliaceae,"Pitcairnia werffii","Pitcairnia werffii",Pitcairnia,,f,f,,,,,,,,,,,,,,,,,,,,,,,,,,,,null:,326845-2,"J. Biodivers. Conservation",urn:lsid:ipni.org:publications:20042568-1,2026,"2026 [10 Feb 2026]","[10 Feb 2026]","Sanjeet Kumar & R.Kr.Singh",spec.,"J. Biodivers. Conservation 10(1): 81. 2026 [10 Feb 2026] ",,doi:10.5281/zenodo.18598171,,,11,werffii,,,f,t,,,,,,,"Sanjeet Kumar@20042601-1@1@aut$H.Luther@14802-1@3@bas$R.Kr.Singh@20015808-1@2@aut",,,"comb. nov.",77370503-1,1.3,f,pitcairnia~werffii,bromeliaceaepitcairnia~werffii~,128,wfo-1000088462,,species,,,,,https://www.ipni.org/n/77376610-1,"IPNI Record: 77376610-1","J. Biodivers. Conservation 10(1): 81 (2026)"
urn:lsid:ipni.org:names:77376611-1,R.Kr.Singh,,,,,,"10(1): 83",,,,,,,,,,,,"12/02/2026 08:03","12/02/2026 14:30",,,Lamiaceae,"Callicarpa ogasawarensis","Callicarpa ogasawarensis",Callicarpa,,f,f,,,,,,,,,,,,,,,,,,,,,,,,,,,,null:,30044566-2,"J. Biodivers. Conservation",urn:lsid:ipni.org:publications:20042568-1,2026,"2026 [10 Feb 2026]","[10 Feb 2026]",R.Kr.Singh,spec.,"J. Biodivers. Conservation 10(1): 83. 2026 [10 Feb 2026] ",,"doi:10.5281/zenodo.18598224 Etymology: 'Named after Ogasawara Islands, Japan'.",77374499-1,,9,ogasawarensis,,,f,t,,,,,,,R.Kr.Singh@20015808-1@1@aut,,,"nom. nov.",,1.3,f,callicarpa~ogasawarensis,lamiaceaecallicarpa~ogasawarensis~,129,wfo-1000088220,,species,,,,,https://www.ipni.org/n/77376611-1,"IPNI Record: 77376611-1","J. Biodivers. Conservation 10(1): 83 (2026)"
urn:lsid:ipni.org:names:77376612-1,"Lóriga, A.Vasco, L.Regalado, Heinrichs & R.C.Moran",,,,,,"300: 944",,,,,,,,,,,,"12/02/2026 09:14","13/02/2026 16:42",,,Lomariopsidaceae,"Elaphoglossum sect. Wrightiana","Elaphoglossum sect. Wrightiana",Elaphoglossum,,f,f,,,,wrightiana,,,,,,,,,,,,,,,,,,,,,,,,,331110-2,"Pl. Syst. Evol.",urn:lsid:ipni.org:publications:2733-2,2013,"2013 [2014 publ. 14 Nov 2013]","[2014 publ. 14 Nov 2013]","Lóriga, A.Vasco, L.Regalado, Heinrichs & R.C.Moran",sect.,"Pl. Syst. Evol. 300: 944. 2013 [2014 publ. 14 Nov 2013] ",,"doi:10.1007/s00606-013-0933-4 [english]",,,8,,,,f,t,,,"Acrostichum wrightii Mett. ex D.C. Eaton (1860).",,,,Heinrichs@40261-1@4@aut$L.Regalado@40239-1@3@aut$A.Vasco@20006907-2@2@aut$R.C.Moran@14452-1@5@aut$Lóriga@20096047-1@1@aut,,,"tax. nov.",,1.3,f,elaphoglossumwrightiana,lomariopsidaceaeelaphoglossumwrightiana~~,130,wfo-1000088221,,section,,,,,https://www.ipni.org/n/77376612-1,"IPNI Record: 77376612-1","Pl. Syst. Evol. 300: 944 (2013)"
urn:lsid:ipni.org:names:77376613-1,Krahulec,,,,,,"8(1): 2",,13,,6,,,1991,,J.Nesvadbová,,,"12/02/2026 12:11","12/02/2026 12:11","Czech Republic (Czechoslovakia, Middle Europe, Europe)",E,Poaceae,"× Festulpia stacei","× Festulpia stacei",Festulpia,,t,t,,,,,,,,49,10,25,"Sušice, Dolní Dvorce: grassland slope N of the Račí potok stream, 350 m NW of the village of Dolní Dvorce",13,32,8,,,,,,N,,,,,,,,,18089-1,"Brit. Irish Bot.",urn:lsid:ipni.org:publications:20025693-1,2026,"2026 [9 Feb 2026]","[9 Feb 2026]",Krahulec,spec.,"Brit. Irish Bot. 8(1): 2. 2026 [9 Feb 2026] ",,doi:10.33928/bib.2026.08.001,,,10,stacei,,,f,t,,"holotype PL",,,,,Krahulec@38818-1@1@aut,,,"tax. nov.",,1.1,f,festulpia~stacei,poaceaefestulpia~stacei~,131,wfo-1000088222,,species,,,,,https://www.ipni.org/n/77376613-1,"IPNI Record: 77376613-1","Brit. Irish Bot. 8(1): 2 (2026)"
urn:lsid:ipni.org:names:77376614-1,"Sogorb & D.P.Mercier",,,,,,"1: 22",,6,,7,,41575,1957,,"B. de Retz",,,"12/02/2026 12:24","12/02/2026 12:24","France (France, Southwestern Europe, Europe)",,Rosaceae,"Rubus valmesianus","Rubus valmesianus",Rubus,,f,f,,,,,,,,,,,"Forêt de Villers-Cotterets, le long de la D88, entre Vaumoise et Ivors.",,,,,,,,,,,,,,,,,,30000199-2,"Gen. Rubus Valois",urn:lsid:ipni.org:publications:20062825-1,2025,2025,,"Sogorb & D.P.Mercier",spec.,"Gen. Rubus Valois 1: 22. 2025 ",,,,,11,valmesianus,,,f,t,,"holotype P P00785893",,,,,Sogorb@20096039-1@1@aut$D.P.Mercier@20053500-1@2@aut,,,"tax. nov.",,1.1,f,rubus~valmesianus,rosaceaerubus~valmesianus~,132,wfo-1000088223,,species,,,,,https://www.ipni.org/n/77376614-1,"IPNI Record: 77376614-1","Gen. Rubus Valois 1: 22 (2025)"
urn:lsid:ipni.org:names:77376615-1,Gamble,,,,,,"75(1): 172",,,,,,,,,,,,"12/02/2026 12:41","13/02/2026 16:49",,,Lauraceae,"Litsea machilifolia var. angustifolia","Litsea machilifolia var. angustifolia",Litsea,,f,f,,,,,angustifolia,,,,,,,,,,,,,,,,,,,,,,,,465809-1,"J. Asiat. Soc. Bengal, Pt. 2, Nat. Hist.",urn:lsid:ipni.org:publications:982-2,1912,1912,,Gamble,var.,"J. Asiat. Soc. Bengal, Pt. 2, Nat. Hist. 75(1): 172. 1912 ",,,,,8,machilifolia,Gamble,,f,t,,,,,,,Gamble@3003-1@1@aut,Gamble@0-0@1@aut,,"tax. nov.",,1.3,f,litsea~machilifoliaangustifolia,lauraceaelitsea~machilifoliaangustifolia,133,wfo-1200026332,,variety,,,,,https://www.ipni.org/n/77376615-1,"IPNI Record: 77376615-1","J. Asiat. Soc. Bengal, Pt. 2, Nat. Hist. 75(1): 172 (1912)"
urn:lsid:ipni.org:names:77376616-1,Meisn.,,,,,,"15(1): 209",,,,,,,,,,,,"12/02/2026 13:13","13/02/2026 16:53",,,Lauraceae,"Cylicodaphne myristicifolia var. acutata","Cylicodaphne myristicifolia var. acutata",Cylicodaphne,,f,f,,,,,acutata,,,,,,,,,,,,,,,,,,,,,,,,464222-1,"Prodr. [A. P. de Candolle]",urn:lsid:ipni.org:publications:1051-2,1864,1864,,Meisn.,var.,"Prodr. [A. P. de Candolle] 15(1): 209. 1864 ",,,,,8,myristicifolia,Meisn.,,f,t,,,,,,,Meisn.@12678-1@1@aut,Meisn.@0-0@1@aut,,"tax. nov.",,1.3,f,cylicodaphne~myristicifoliaacutata,lauraceaecylicodaphne~myristicifoliaacutata,134,wfo-1200026499,,variety,,,,,https://www.ipni.org/n/77376616-1,"IPNI Record: 77376616-1","Prodr. [A. P. de Candolle] 15(1): 209 (1864)"
urn:lsid:ipni.org:names:77376617-1,"N.C.Cookson ex H.J.Veitch",,,,,,"ser. 3, 28: 58",,,,,,,,,,,,"12/02/2026 14:55","12/02/2026 15:00",,,Orchidaceae,"Phaius × oakwoodiensis","Phaius × oakwoodiensis",Phaius,,t,f,"650388-1,650417-1","(Phaius × cooksonii Rolfe × Phaius humblotii Rchb.f.)",,,,,,,,,,,,,,,,,,,,,,,,,,,325891-2,"Gard. Chron.",urn:lsid:ipni.org:publications:1224-2,1900,"1900 [21 Jul 1900]","[21 Jul 1900]","N.C.Cookson ex H.J.Veitch",spec.,"Gard. Chron. ser. 3, 28: 58. 1900 [21 Jul 1900] ",,"Etymology: 'from Norman C. Cookson, Esq., Oakwood, Wylam, Northumberland'.",,,8,oakwoodiensis,,,f,t,,,,,,,H.J.Veitch@11107-1@2@autEx$N.C.Cookson@20096041-1@1@aut,,,"tax. nov.",,1.2,f,phaius~oakwoodiensis,orchidaceaephaius~oakwoodiensis~,135,wfo-1000088224,,species,,,,,https://www.ipni.org/n/77376617-1,"IPNI Record: 77376617-1","Gard. Chron. ser. 3, 28: 58 (1900)"
urn:lsid:ipni.org:names:77376618-1,Wercklé,,,,,,"7(9): 428",,,,,,,,,,,,"12/02/2026 17:09","13/02/2026 17:01","Costa Rica (Central America, Southern America)",,Annonaceae,"Annona macrocarpa","Annona macrocarpa",Annona,,f,f,,,,,,,,,,,,,,,,,,,,,,,,,,,,,1966-1,Tropenpflanzer,urn:lsid:ipni.org:publications:16353-2,1903,1903,,Wercklé,spec.,"Tropenpflanzer 7(9): 428. 1903 , as 'Anona'",", as 'Anona'",,,,9,macrocarpa,,,f,t,,,,,,,Wercklé@11559-1@1@aut,,,"tax. nov.",,1.3,f,annona~macrocarpa,annonaceaeannona~macrocarpa~,136,wfo-0001065874,,species,,,,,https://www.ipni.org/n/77376618-1,"IPNI Record: 77376618-1","Tropenpflanzer 7(9): 428 (1903)"
urn:lsid:ipni.org:names:77376619-1,Müll.Arg.,,,,,,"34(Heft 2): 220",,,,,,,,,,,,"12/02/2026 20:17","12/02/2026 20:22","Brazil (Southern America)",,Euphorbiaceae,"Dalechampia alata","Dalechampia alata",Dalechampia,,f,f,,,,,,343998-1,,,,,"& Collection: In Brasilia (Sellow in hb. berol., Pohl. n. 4198)'",,,,isonym,,isonym,,,,,,,,,,,,327690-2,Linnaea,urn:lsid:ipni.org:publications:703-2,1865,"1865 [Jul 1865]","[Jul 1865]",Müll.Arg.,spec.,"Linnaea 34(Heft 2): 220. 1865 [Jul 1865] ",,,,,11,alata,,,f,t,,,,,,,Müll.Arg.@23712-1@1@aut,,,"tax. nov.",,1.2,f,dalechampia~alata,euphorbiaceaedalechampia~alata~,137,wfo-1000088463,,species,,,,,https://www.ipni.org/n/77376619-1,"IPNI Record: 77376619-1","Linnaea 34(Heft 2): 220 (1865)"
urn:lsid:ipni.org:names:77376620-1,Baker,,,,,,"17: 472",,,,,,,,,,,,"12/02/2026 23:08","12/02/2026 23:08","Japan (Eastern Asia, Asia-Temperate)",,Melanthiaceae,"Veratrum nigrum var. japonicum","Veratrum nigrum var. japonicum",Veratrum,,f,f,,,,,japonicum,,,,,,,,,,,,,,,,,,,,,,,,543516-1,"J. Linn. Soc., Bot.",urn:lsid:ipni.org:publications:682-2,1879,1879,,Baker,var.,"J. Linn. Soc., Bot. 17: 472. 1879 ",,,,,9,nigrum,L.,,f,t,,,,,,,Baker@407-1@1@aut,L.@12653-1@1@aut,,"tax. nov.",,1.1,f,veratrum~nigrumjaponicum,melanthiaceaeveratrum~nigrumjaponicum,138,wfo-0000771835,,variety,,,,,https://www.ipni.org/n/77376620-1,"IPNI Record: 77376620-1","J. Linn. Soc., Bot. 17: 472 (1879)"
urn:lsid:ipni.org:names:77376621-1,"J.Fuentes, Esteban-Infantes & De Bellard",,,,,,"51: 5, figs. 3-4, table 1",,11,,11,,s.n.,2024,,"I. de Bellard, J. Fuentes &amp; E. Esteban-Infantes",,,"13/02/2026 00:33","13/02/2026 16:59","Morocco (Northern Africa, Africa)",,Amaryllidaceae,"Narcissus × fulgens","Narcissus × fulgens",Narcissus,,t,f,"907681-1,66276-1","(Narcissus cavanillesii Barra & G.López × Narcissus viridiflorus Schousb.)",,,,,,,,,"'Tánger, entre Ahjarr Ennhal y Hjar Ennhal ... 60 m s.n.m. aprox., pastizales terofíticos en áreas margosas (vertisoles) situados en extensas Ilanuras muy susceptibles a transformación en cultivos, híbrido escaso y muy raro vegetando entre los parentales'",,,,,,,,,,,,,,,,,,1558-1,"Acta Bot. Malac.",urn:lsid:ipni.org:publications:1639-2,2026,"2026 [30 Jan 2026]","[30 Jan 2026]","J.Fuentes, Esteban-Infantes & De Bellard",spec.,"Acta Bot. Malac. 51: 5, figs. 3-4, table 1. 2026 [30 Jan 2026] (epublished)",(epublished),"(english) doi:10.24310/abm.51.2026.22532",,,11,fulgens,,,f,t,,"holotype GDA [GDA 76806]",,,,,"J.Fuentes@20028342-1@1@aut$Esteban-Infantes@20086675-1@2@aut$De Bellard@20045031-1@3@aut",,,"tax. nov.",,1.2,f,narcissus~fulgens,amaryllidaceaenarcissus~fulgens~,139,wfo-1000088225,,species,,,,,https://www.ipni.org/n/77376621-1,"IPNI Record: 77376621-1","Acta Bot. Malac. 51: 5, figs. 3-4, table 1 (2026)"
urn:lsid:ipni.org:names:77376622-1,Fern.Casas,,,,,,"57(52): 227",,,,,,,,,,,,"13/02/2026 00:39","26/02/2026 12:29",,,Amaryllidaceae,"Narcissus × xanthochlorus var. haroldii","Narcissus × xanthochlorus var. haroldii",Narcissus,,t,f,,,,,haroldii,,,,,,,,,,,,,,,,,,,,,,,,77116911-1,Fontqueria,urn:lsid:ipni.org:publications:2210-2,2026,"2026 [11 Feb 2026]","[11 Feb 2026]",Fern.Casas,var.,"Fontqueria 57(52): 227. 2026 [11 Feb 2026] ",,"Eponymy: Harold Koopowitz, professor emeritus at the University of California, Irvine (California, USA)",77376621-1,,9,xanthochlorus,Fern.Casas,,f,t,,,,,,,Fern.Casas@2696-1@1@aut,Fern.Casas@2696-1@1@aut,,"nom. et stat. nov.",,1.2,f,narcissus~xanthochlorusharoldii,amaryllidaceaenarcissus~xanthochlorusharoldii,140,wfo-1200117008,,variety,,,,,https://www.ipni.org/n/77376622-1,"IPNI Record: 77376622-1","Fontqueria 57(52): 227 (2026)"
urn:lsid:ipni.org:names:77376623-1,"Engl. & Diels",,,,,,"3: 63",,,,,,,,,,,,"13/02/2026 01:37","13/02/2026 16:46",,,Combretaceae,"Combretum hereroense var. villosissimum","Combretum hereroense var. villosissimum",Combretum,,f,f,,,,,villosissimum,,,,,,,,,,,,,,,,,,,,,,,,170145-1,"Monogr. Afrik. Pflanzen.-Fam.",urn:lsid:ipni.org:publications:15898-2,1899,1899,,"Engl. & Diels",var.,"Monogr. Afrik. Pflanzen.-Fam. 3: 63. 1899 ",,,,,8,hereroense,Schinz,,f,t,,,,,,,Diels@18030-1@2@aut$Engl.@18509-1@1@aut,Schinz@0-0@1@aut,,"tax. nov.",,1.3,f,combretum~hereroensevillosissimum,combretaceaecombretum~hereroensevillosissimum,141,wfo-0000616369,,variety,,,,,https://www.ipni.org/n/77376623-1,"IPNI Record: 77376623-1","Monogr. Afrik. Pflanzen.-Fam. 3: 63 (1899)"
urn:lsid:ipni.org:names:77376624-1,"(M.Bieb.) Boiss.","Caryophyllaceae Cucubalus fimbriatus M.Bieb.",(M.Bieb.),152913-1,,,"1: 629",,,,,,,,,,,,"13/02/2026 02:44","16/02/2026 10:38",,,Caryophyllaceae,"Silene fimbriata","Silene fimbriata",Silene,,f,f,,,,,,,157348-1,,,,,,,,"nom. illeg. later homonym",,"nom. illeg.",,,,,,,,,,,null:,331962-2,"Fl. Orient. [Boissier]",urn:lsid:ipni.org:publications:945-2,1867,"1867 [Apr-Jun 1867]","[Apr-Jun 1867]",Boiss.,spec.,"Fl. Orient. [Boissier] 1: 629. 1867 [Apr-Jun 1867] ",,,,,13,fimbriata,,,f,t,,,,,,,M.Bieb.@6129-1@2@bas$Boiss.@16284-1@1@aut,,,"comb. nov.",,1.4,f,silene~fimbriata,caryophyllaceaesilene~fimbriata~,142,wfo-1000088464,,species,,,,,https://www.ipni.org/n/77376624-1,"IPNI Record: 77376624-1","Fl. Orient. [Boissier] 1: 629 (1867)"
urn:lsid:ipni.org:names:77376625-1,"(Edgew.) Krylov","Caryophyllaceae Silene multifida Edgew.",(Edgew.),157866-1,,,"1: 146",,,,,,,,,,,,"13/02/2026 05:20","16/02/2026 11:05",,,Caryophyllaceae,"Silene viscosa var. multifida","Silene viscosa var. multifida",Silene,,f,f,,,,,multifida,,,,,,,,,,,,,,,,,,,,,,,null:,158660-1,"Fl. Altai Gov. Tomsk",urn:lsid:ipni.org:publications:16423-2,1901,1901,,Krylov,var.,"Fl. Altai Gov. Tomsk 1: 146. 1901 ",,"Name added via registration. Protologue not seen by the IPNI editors.",,,11,viscosa,Pers.,,f,t,,,,,,,Edgew.@2463-1@2@bas$Krylov@5091-1@1@aut,Pers.@0-0@1@aut,,"comb. et stat. nov.",,1.3,f,silene~viscosamultifida,caryophyllaceaesilene~viscosamultifida,143,wfo-1200117068,,variety,,,,,https://www.ipni.org/n/77376625-1,"IPNI Record: 77376625-1","Fl. Altai Gov. Tomsk 1: 146 (1901)"
urn:lsid:ipni.org:names:77376626-1,"Maron ex Rolfe",,,,,,"11: 209",,,,,,,,,,,,"13/02/2026 06:54","13/02/2026 16:24",,,Orchidaceae,"Vanda × maronae","Vanda × maronae",Vanda,,t,f,"661081-1,661074-1","(Vanda teres Lindl. × Vanda suavis Lindl.)",,,,,,,,,,,,,,,,,,,,,,,,,,,30077641-2,"Orchid Rev.",urn:lsid:ipni.org:publications:2679-2,1903,"1903 [July 1903]","[July 1903]","Maron ex Rolfe",spec.,"Orchid Rev. 11: 209. 1903 [July 1903] ",,Descr.,,,8,maronae,,,f,t,,,,,,,Rolfe@8550-1@2@autEx$Maron@6121-1@1@aut,,,"tax. nov.",,1.3,f,vanda~maronae,orchidaceaevanda~maronae~,144,wfo-1000088226,,species,,,,,https://www.ipni.org/n/77376626-1,"IPNI Record: 77376626-1","Orchid Rev. 11: 209 (1903)"
urn:lsid:ipni.org:names:77376627-1,J.E.Jiménez,,,,,,"741(2): 118",,20,,5,,5103,1968,,"W.C.Burger &amp;  R.G.Stolze",,,"13/02/2026 10:29","16/02/2026 09:59","Costa Rica (Central America, Southern America);Panama (Central America, Southern America);",W,Piperaceae,"Peperomia isthmophila","Peperomia isthmophila",Peperomia,,f,f,,,,,,,,10,21,,"Costa Rica: Alajuela [San Carlos], edge of cleared fields and wooded area bordering steep slopes above the Río Aguas Zarcas, south of Aguas Zarcas, 600 m",84,21,,,,,,,N,,,,,,,,,329746-2,Phytotaxa,urn:lsid:ipni.org:publications:20011462-1,2026,"2026 [13 Feb 2026]","[13 Feb 2026",J.E.Jiménez,spec.,"Phytotaxa 741(2): 118. 2026 [13 Feb 2026 ",,"doi:10.11646/phytotaxa.741.2.1 Etymology: the specific epithet is derived from the Greek words 'isthmos' meaning 'Isthmus' and 'philos' meaning 'loving'. It therefore signifies 'lover of the isthmus' or 'inhabitant of the isthmus', alluding to the species' distribution in the Central American isthmus.",,,11,isthmophila,,,f,t,,"holotype CR;isotype EAP;isotype F;isotype MO;isotype NY;isotype US;isotype WIS",,,,,J.E.Jiménez@20029362-1@1@aut,,,"tax. nov.",,1.2,f,peperomia~isthmophila,piperaceaepeperomia~isthmophila~,145,wfo-1000088227,,species,,,,,https://www.ipni.org/n/77376627-1,"IPNI Record: 77376627-1","Phytotaxa 741(2): 118 (2026)"
urn:lsid:ipni.org:names:77376628-1,Gama,,,,,,"741(2): 145",,3,,11,,136,1993,,"S.Gama-López et al.",,,"13/02/2026 10:44","16/02/2026 09:54","Chiapas (Mexico Southeast, Mexico, Northern America);Guerrero (Mexico Southwest, Mexico, Northern America);Mexico (Northern America);Michoacán (Mexico Southwest, Mexico, Northern America);Nayarit (Mexico Southwest, Mexico, Northern America);Oaxaca (Mexico Southwest, Mexico, Northern America);Puebla (Mexico Central, Mexico, Northern America);San Luis Potosí (Mexico Northeast, Mexico, Northern America);Veracruz (Mexico Gulf, Mexico, Northern America);",W,Fabaceae,"Stylosanthes leticiana","Stylosanthes leticiana",Stylosanthes,,f,f,,,,,,,,16,34,29,"Oaxaca: Municipality Juchitán de Zaragoza, entronque entre la carretera a Juchitán y Tuxtla Gutiérrez, 3km al NE de La Ventosa, 32 m",94,54,48,,,,,,N,,,,,,,,,30001637-2,Phytotaxa,urn:lsid:ipni.org:publications:20011462-1,2026,"2026 [13 Feb 2026]","[13 Feb 2026]",Gama,spec.,"Phytotaxa 741(2): 145. 2026 [13 Feb 2026] ",,"doi:10.11646/phytotaxa.741.2.2 Etymology: 'This species is dedicated to MSc. María Leticia Torres-Colín, who has worked persistently and exhaustively in the Leguminosae family, mainly in the genera Desmodium and Macroptilium.'",,,11,leticiana,,,f,t,,"holotype MEXU;isotype ENCB;isotype IBUG;isotype MEXU;isotype MO;isotype NY;isotype UAMIZ;isotype XAL",,,,,Gama@35884-1@1@aut,,,"tax. nov.",,1.3,f,stylosanthes~leticiana,fabaceaestylosanthes~leticiana~,146,wfo-1000088228,,species,,,,,https://www.ipni.org/n/77376628-1,"IPNI Record: 77376628-1","Phytotaxa 741(2): 145 (2026)"
urn:lsid:ipni.org:names:77376629-1,Gama,,,,,,"741(2): 152",,28,,11,,274,1998,,"S.Gama-López et al.",,,"13/02/2026 10:52","16/02/2026 09:56","Puebla (Mexico Central, Mexico, Northern America)",W,Fabaceae,"Stylosanthes rosalindae","Stylosanthes rosalindae",Stylosanthes,,f,f,,,,,,,,18,16,36,"Municipio Coxcatlán, 4.3 km al NE de Coxcatlán, por el camino a Zoquitlán",97,7,55,,,,,,N,,,,,,,,,30001637-2,Phytotaxa,urn:lsid:ipni.org:publications:20011462-1,2026,"2026 [13 Feb 2026]","[13 Feb 2026]",Gama,spec.,"Phytotaxa 741(2): 152. 2026 [13 Feb 2026] ",,"doi:10.11646/phytotaxa.741.2.2 Etymology: 'This species is dedicated to Biol. Rosalinda Medina Lemos, who has intensively worked on the Flora of the Tehuacán-Cuicatlán Valley, for her tenacity, passionate dedication, and relevant contributions to the knowledge of the Mexican flora.'",,,11,rosalindae,,,f,t,,"holotype MEXU;isotype ENCB;isotype MEXU;isotype MO;isotype UAMIZ",,,,,Gama@35884-1@1@aut,,,"tax. nov.",,1.2,f,stylosanthes~rosalindae,fabaceaestylosanthes~rosalindae~,147,wfo-1000088229,,species,,,,,https://www.ipni.org/n/77376629-1,"IPNI Record: 77376629-1","Phytotaxa 741(2): 152 (2026)"
urn:lsid:ipni.org:names:77376631-1,Gama,,,,,,"741(2): 156",,27,,10,,124,1993,,"S.Gama-López et al.",,,"13/02/2026 11:01","16/02/2026 09:55","Guerrero (Mexico Southwest, Mexico, Northern America);Jalisco (Mexico Southwest, Mexico, Northern America);Michoacán (Mexico Southwest, Mexico, Northern America);Nayarit (Mexico Southwest, Mexico, Northern America);Sinaloa (Mexico Northwest, Mexico, Northern America);Sonora (Mexico Northwest, Mexico, Northern America);",W,Fabaceae,"Stylosanthes gretherae","Stylosanthes gretherae",Stylosanthes,,f,f,,,,,,,,20,28,48,"Jalisco: Municipio Mixtlán, km 48 carreterra Ameca-Mascota, 6 km al NE de Atenguillo, ca. 1690 m",104,22,33,,,,,,N,,,,,,,,,30001637-2,Phytotaxa,urn:lsid:ipni.org:publications:20011462-1,2026,"2026 [13 Feb 2026]","[13 Feb 2026]",Gama,spec.,"Phytotaxa 741(2): 156. 2026 [13 Feb 2026] , as 'gretheriae'.",", as 'gretheriae'.","doi:10.11646/phytotaxa.741.2.2 Etymology: 'The epithet of this species is dedicated to Dr. Rosaura Grether for the valuable contribution of her studies in the genus Mimosa and other legumes.'",,,11,gretherae,,,f,t,,"holotype MEXU;isotype ENCB;isotype IBUG;isotype MEXU;isotype NY;isotype UAMIZ",,,,,Gama@35884-1@1@aut,,,"tax. nov.",,1.3,f,stylosanthes~gretherae,fabaceaestylosanthes~gretherae~,148,wfo-1000088230,,species,,,,,https://www.ipni.org/n/77376631-1,"IPNI Record: 77376631-1","Phytotaxa 741(2): 156 (2026)"
urn:lsid:ipni.org:names:77376632-1,"Mart.-Azorín, Eichhoff, M.B.Crespo & Rügh.",,,,,,"741(2): 217",,26,,12,,,2024,,A.Eichhoff,,,"13/02/2026 11:24","16/02/2026 09:51","Namibia (Southern Africa, Africa)",E,Hyacinthaceae,"Iosanthus crypticus","Iosanthus crypticus",Iosanthus,,f,f,,,,,,,,21,10,2,"Steinhausen (2118AB): District Okahandja, Farm Vergenoeg No. 402, 1350 m",18,18,1,,,,,,S,,,,,,,,,77201403-1,Phytotaxa,urn:lsid:ipni.org:publications:20011462-1,2026,"2026 [13 Feb 2026]","[13 Feb 2026]","Mart.-Azorín, Eichhoff, M.B.Crespo & Rügh.",spec.,"Phytotaxa 741(2): 217. 2026 [13 Feb 2026] ",,"doi:10.11646/phytotaxa.741.2.6 Etymology: the specific epithet refers to the hidden or small nature of this species which produces tiny flowers and filiform leaves among dry grass in summer at the type locality.",,,10,crypticus,,,f,t,,"holotype WIND;isotype ABH",,,,,Eichhoff@20096044-1@2@aut$M.B.Crespo@17508-1@3@aut$Rügh.@20096045-1@4@aut$Mart.-Azorín@20012898-1@1@aut,,,"tax. nov.",,1.4,f,iosanthus~crypticus,hyacinthaceaeiosanthus~crypticus~,149,wfo-1000088231,,species,,,,,https://www.ipni.org/n/77376632-1,"IPNI Record: 77376632-1","Phytotaxa 741(2): 217 (2026)"
urn:lsid:ipni.org:names:77376633-1,"R.Zambrano & Croat",,,,,,"741(2): 227",,,,,,206,,,"Ricardo Zambrano C. &amp; Thomas B.Croat",,,"13/02/2026 11:33","16/02/2026 09:47","Ecuador (Western South America, Southern America)",W,Araceae,"Xanthosoma quitensis","Xanthosoma quitensis",Xanthosoma,,f,f,,,,,,,,,9,60,"Pichincha: Cantón Quito, Parroquia Pacto, Mashpi–Tayra Reserve, 917 m",78,52,50,,,,,,N,,,,,,,,,2947-1,Phytotaxa,urn:lsid:ipni.org:publications:20011462-1,2026,"2026 [13 Feb 2026]","[13 Feb 2026]","R.Zambrano & Croat",spec.,"Phytotaxa 741(2): 227. 2026 [13 Feb 2026] ",,"doi:10.11646/phytotaxa.741.2.7 Etymology: 'The species epithet quitensis is named after the Metropolitan District of Quito, the capital region of Ecuador, within whose territory the type locality is situated.'",,,11,quitensis,,,f,t,,"holotype QCA 256238",,,,,R.Zambrano@20074494-1@1@aut$Croat@1881-1@2@aut,,,"tax. nov.",,1.2,f,xanthosoma~quitensis,araceaexanthosoma~quitensis~,150,wfo-1000088232,,species,,,,,https://www.ipni.org/n/77376633-1,"IPNI Record: 77376633-1","Phytotaxa 741(2): 227 (2026)"
urn:lsid:ipni.org:names:77376634-1,"Calonje, R.Zárate & M.Asa Jones",,,,,,"741(1): 1",,12,,4,,24417,2025,,"R.Zárate, M.Calonje &amp; M.Jones",,,"13/02/2026 12:01","16/02/2026 09:45","Peru (Western South America, Southern America)",,Zamiaceae,"Zamia urarinorum","Zamia urarinorum",Zamia,,f,f,,,,,,,,,,,"Loreto Department: Loreto Province, Urarinas District, Raya Yacu, 135 m",,,,,,,,,,,,,,,,,,328825-2,Phytotaxa,urn:lsid:ipni.org:publications:20011462-1,2026,"2026 [12 Feb 2026]","[12 Feb 2026]","Calonje, R.Zárate & M.Asa Jones",spec.,"Phytotaxa 741(1): 1. 2026 [12 Feb 2026] ",,"doi:10.11646/phytotaxa.741.1.1 Etymology: 'The specific epithet honors the Urarina Indigenous people, in recognition of their long-standing presence and stewardship of the flooded lowlands of the Peruvian Amazon where this species occurs.'",,,11,urarinorum,,,f,t,,"holotype USM;isotype HH;isotype FTG",,,,,"R.Zárate@20033167-1@2@aut$M.Asa Jones@20096046-1@3@aut$Calonje@20015956-1@1@aut",,,"tax. nov.",,1.2,f,zamia~urarinorum,zamiaceaezamia~urarinorum~,151,wfo-1000088233,,species,,,,,https://www.ipni.org/n/77376634-1,"IPNI Record: 77376634-1","Phytotaxa 741(1): 1 (2026)"
urn:lsid:ipni.org:names:77376635-1,"Z.L.Liang, Liang Zhang & Li Bing Zhang",,,,,,"741(1): 86",,1,,11,,1450,2020,,Z.L.Liang,,,"13/02/2026 12:38","16/02/2026 09:42","Jiangxi (China Southeast, China, Asia-Temperate)",,Polypodiaceae,"Lepisorus jinganensis","Lepisorus jinganensis",Lepisorus,,f,f,,,,,,,,,,,"Jing’an, Gaohu Town, 315 m",,,,,,,,,,,,,,,,,,17402140-1,Phytotaxa,urn:lsid:ipni.org:publications:20011462-1,2026,"2026 [12 Feb 2026]","[12 Feb 2026]","Z.L.Liang, Liang Zhang & Li Bing Zhang",spec.,"Phytotaxa 741(1): 86. 2026 [12 Feb 2026] ",,doi:10.11646/phytotaxa.741.1.8,,,11,jinganensis,,,f,t,,"holotype CDBI",,,,,"Liang Zhang@20021435-1@2@aut$Li Bing Zhang@36529-1@3@aut$Z.L.Liang@20045432-1@1@aut",,,"tax. nov.",,1.2,f,lepisorus~jinganensis,polypodiaceaelepisorus~jinganensis~,152,wfo-1000088234,,species,,,,,https://www.ipni.org/n/77376635-1,"IPNI Record: 77376635-1","Phytotaxa 741(1): 86 (2026)"
urn:lsid:ipni.org:names:77376636-1,"Ching ex Z.L.Liang & Li Bing Zhang",,,,,,"741(1): 88",,4,,4,,4034,1983,,Z.Y.Liu,,,"13/02/2026 12:56","16/02/2026 09:38","Chongqing (China South-Central, China, Asia-Temperate);Guizhou (China South-Central, China, Asia-Temperate);Sichuan (China South-Central, China, Asia-Temperate);",,Polypodiaceae,"Lepisorus lepidotus","Lepisorus lepidotus",Lepisorus,,f,f,,,,,,,,,,,"Chongqing: Nanchuan, Mt. Jinfo, 1150 m",,,,,,,,,,,,,,,,,,17402140-1,Phytotaxa,urn:lsid:ipni.org:publications:20011462-1,2026,"2026 [12 Feb 2026]","[12 Feb 2026]","Ching ex Z.L.Liang & Li Bing Zhang",spec.,"Phytotaxa 741(1): 88. 2026 [12 Feb 2026] ",,doi:10.11646/phytotaxa.741.1.8,,,11,lepidotus,,,f,t,,"holotype IMC IM0010605",,,,,"Li Bing Zhang@36529-1@3@autEx$Z.L.Liang@20045432-1@2@autEx$Ching@1597-1@1@aut",,,"tax. nov.",,1.2,f,lepisorus~lepidotus,polypodiaceaelepisorus~lepidotus~,153,wfo-1000088235,,species,,,,,https://www.ipni.org/n/77376636-1,"IPNI Record: 77376636-1","Phytotaxa 741(1): 88 (2026)"
urn:lsid:ipni.org:names:77376637-1,"Z.L.Liang, Liang Zhang & Li Bing Zhang",,,,,,"741(1): 90",,18,,10,,1436,2020,,"Z.L.Liang et al.",,,"13/02/2026 13:00","16/02/2026 09:37","Guangxi (China Southeast, China, Asia-Temperate);Guizhou (China South-Central, China, Asia-Temperate);",,Polypodiaceae,"Lepisorus maolanensis","Lepisorus maolanensis",Lepisorus,,f,f,,,,,,,,,,,"Guizhou: Libo, Maolan National Nature Reserve, 600 m",,,,,,,,,,,,,,,,,,17402140-1,Phytotaxa,urn:lsid:ipni.org:publications:20011462-1,2026,"2026 [12 Feb 2026]","[12 Feb 2026]","Z.L.Liang, Liang Zhang & Li Bing Zhang",spec.,"Phytotaxa 741(1): 90. 2026 [12 Feb 2026] ",,doi:10.11646/phytotaxa.741.1.8,,,11,maolanensis,,,f,t,,"holotype CDBI",,,,,"Z.L.Liang@20045432-1@1@aut$Liang Zhang@20021435-1@2@aut$Li Bing Zhang@36529-1@3@aut",,,"tax. nov.",,1.2,f,lepisorus~maolanensis,polypodiaceaelepisorus~maolanensis~,154,wfo-1000088236,,species,,,,,https://www.ipni.org/n/77376637-1,"IPNI Record: 77376637-1","Phytotaxa 741(1): 90 (2026)"
urn:lsid:ipni.org:names:77376638-1,"Z.L.Liang, Liang Zhang & Li Bing Zhang",,,,,,"741(1): 90",,22,,5,,1800,2021,,Z.L.Liang,,,"13/02/2026 13:05","16/02/2026 09:36","Sichuan (China South-Central, China, Asia-Temperate);Tibet (China, Asia-Temperate);Yunnan (China South-Central, China, Asia-Temperate);",,Polypodiaceae,"Lepisorus subcontortus","Lepisorus subcontortus",Lepisorus,,f,f,,,,,,,,,,,"Sichuan: Baiyu, 3000 m",,,,,,,,,,,,,,,,,,17402140-1,Phytotaxa,urn:lsid:ipni.org:publications:20011462-1,2026,"2026 [12 Feb 2026]","[12 Feb 2026]","Z.L.Liang, Liang Zhang & Li Bing Zhang",spec.,"Phytotaxa 741(1): 90. 2026 [12 Feb 2026] ",,doi:10.11646/phytotaxa.741.1.8,,,11,subcontortus,,,f,t,,"holotype CDBI",,,,,"Z.L.Liang@20045432-1@1@aut$Li Bing Zhang@36529-1@3@aut$Liang Zhang@20021435-1@2@aut",,,"tax. nov.",,1.2,f,lepisorus~subcontortus,polypodiaceaelepisorus~subcontortus~,155,wfo-1000088237,,species,,,,,https://www.ipni.org/n/77376638-1,"IPNI Record: 77376638-1","Phytotaxa 741(1): 90 (2026)"
urn:lsid:ipni.org:names:77376639-1,Chávez-Corcuera,,,,,,"741(1): 108",,1,,3,,35469,2025,,"R.Vásquez, L.Valenzuela, J.Mateo &amp; R.Rivera",,,"13/02/2026 13:11","16/02/2026 09:36","Peru (Western South America, Southern America)",W,Passifloraceae,"Passiflora albopurpurea","Passiflora albopurpurea",Passiflora,,f,f,,,,,,,,10,26,59,"Pasco: Oxapampa, Huancabamba, Parque Nacional Yanachaga Chemillén, San Daniel-Trocha Erica, 2025 m",75,27,19,,,,,,S,,,,,,,,,328300-2,Phytotaxa,urn:lsid:ipni.org:publications:20011462-1,2026,"2026 [12 Feb 2026]","[12 Feb 2026]",Chávez-Corcuera,spec.,"Phytotaxa 741(1): 108. 2026 [12 Feb 2026] ",,"doi:10.11646/phytotaxa.741.1.10 Etymology: 'The epithet 'albopurpurea' describes the white and purple colour of the outer corona filaments.'",,,11,albopurpurea,,,f,t,,"holotype HOXA 043077;isotype USM 260472;isotype MO",,,,,Chávez-Corcuera@20048672-1@1@aut,,,"tax. nov.",,1.2,f,passiflora~albopurpurea,passifloraceaepassiflora~albopurpurea~,156,wfo-1000088238,,species,,,,,https://www.ipni.org/n/77376639-1,"IPNI Record: 77376639-1","Phytotaxa 741(1): 108 (2026)"
urn:lsid:ipni.org:names:77376640-1,"(Rchb.f.) Burbridge ex Dean","Orchidaceae Laelia dayana Rchb.f.",(Rchb.f.),639586-1,,,"n.s., 1877: t. 249",,,,,,,,,,,,"13/02/2026 14:06","13/02/2026 14:06",,,Orchidaceae,"Laelia pumila var. dayana","Laelia pumila var. dayana",Laelia,,f,f,,,,,dayana,,,,,,,,,,,,,,,,,,,,,,,,1216230-2,"Fl. Mag. (London)",urn:lsid:ipni.org:publications:7903-2,1877,1877,,"Burbridge ex Dean",var.,"Fl. Mag. (London) n.s., 1877: t. 249. ",,,,,11,pumila,"(Hook.) Rchb.f.",,f,t,,,,,,,Dean@2051-1@2@autEx$Rchb.f.@8254-1@3@bas$Burbridge@32590-1@1@aut,Hook.@4086-1@2@bas$Rchb.f.@8254-1@1@aut,,"comb. et stat. nov.",,1.1,f,laelia~pumiladayana,orchidaceaelaelia~pumiladayana,157,wfo-0000222105,,variety,,,,,https://www.ipni.org/n/77376640-1,"IPNI Record: 77376640-1","Fl. Mag. (London) n.s., 1877: t. 249 (1877)"
urn:lsid:ipni.org:names:77376641-1,"P.J.Braun, Larocca, Z.J.G.Miranda & Seringer",,,,,,"77(2): 37",,5,,12,,7683,2023,,"P.J.Braun et al.",,,"13/02/2026 15:54","13/02/2026 15:54","Goiás (Brazil West-Central, Brazil, Southern America)",,Cactaceae,"Cereus bambuicola","Cereus bambuicola",Cereus,,f,f,,,,,,,,,,,"Municipio Monte Alegre de Goiás, SE of Campos Belos, 636 m",,,,,,,,,,,,,,,,,,60437289-2,"Kakteen And. Sukk.",urn:lsid:ipni.org:publications:3349-2,2026,"2026 [Feb 2026]","[Feb 2026]","P.J.Braun, Larocca, Z.J.G.Miranda & Seringer",spec.,"Kakteen And. Sukk. 77(2): 37. 2026 [Feb 2026] ",,"Etymology: 'The species is named after its occurrence on Karstified bamboo rocks.'",,,11,bambuicola,,,f,t,,"holotype HAS 108.245;isotype CEN",,,,,P.J.Braun@16482-1@1@aut$Z.J.G.Miranda@20006908-2@3@aut$Seringer@20067282-1@4@aut$Larocca@40132-1@2@aut,,,"tax. nov.",,1.1,f,cereus~bambuicola,cactaceaecereus~bambuicola~,158,wfo-1000088239,,species,,,,,https://www.ipni.org/n/77376641-1,"IPNI Record: 77376641-1","Kakteen And. Sukk. 77(2): 37 (2026)"
urn:lsid:ipni.org:names:77376642-1,Swingle,,,,,,"21(2): 127",,,,,,12930,,,"A. Henry",,,"13/02/2026 18:25","13/02/2026 18:25","China (Asia-Temperate)",,Rutaceae,"Atalantia racemosa var. henryi","Atalantia racemosa var. henryi",Atalantia,,f,f,,,,,henryi,,,,,,"'Southern Yunnan, Szemao, alt. 1220 m'",,,,,,,,,,,,,,,,,,771423-1,"J. Arnold Arbor.",urn:lsid:ipni.org:publications:981-2,1940,"1940 [22 Apr 1940]","[22 Apr 1940]",Swingle,var.,"J. Arnold Arbor. 21(2): 127. 1940 [22 Apr 1940] ",,,,,11,racemosa,"Wight & Arn.",,f,t,,"holotype A;isotype US",,,,,Swingle@10347-1@1@aut,Arn.@281-1@2@aut$Wight@11658-1@1@aut,,"tax. nov.",,1.1,f,atalantia~racemosahenryi,rutaceaeatalantia~racemosahenryi,159,wfo-0000555338,,variety,,,,,https://www.ipni.org/n/77376642-1,"IPNI Record: 77376642-1","J. Arnold Arbor. 21(2): 127 (1940)"
urn:lsid:ipni.org:names:77376643-1,"(Wall. ex Royle) Hook.f. & Thomson","Ranunculaceae Aquilegia pubiflora Wall. ex Royle","(Wall. ex Royle)",20008196-1,,,"1(pt. 1): 24",,,,,,,,,,,,"13/02/2026 18:51","13/02/2026 18:51",,,Ranunculaceae,"Aquilegia vulgaris subsp. pubiflora","Aquilegia vulgaris subsp. pubiflora",Aquilegia,,f,f,,,,,pubiflora,,,,,,,,,,,,,,,,,,,,,,,,306409-2,"Fl. Brit. India",urn:lsid:ipni.org:publications:922-2,1872,"1872 [Mai 1872]","[Mai 1872]","Hook.f. & Thomson",subsp.,"Fl. Brit. India 1(pt. 1): 24. 1872 [Mai 1872] ",,,,,11,vulgaris,L.,,f,t,,,,,,,Hook.f.@4084-1@1@aut$Royle@8688-1@4@basEx$Wall.@12990-1@3@bas$Thomson@10621-1@2@aut,L.@12653-1@1@aut,,"comb. et stat. nov.",,1.1,f,aquilegia~vulgarispubiflora,ranunculaceaeaquilegia~vulgarispubiflora,160,wfo-0000541702,,subspecies,,,,,https://www.ipni.org/n/77376643-1,"IPNI Record: 77376643-1","Fl. Brit. India 1(pt. 1): 24 (1872)"
urn:lsid:ipni.org:names:77376644-1,"(Gouan) Hook.f. & Thomson","Ranunculaceae Aquilegia viscosa Gouan",(Gouan),709050-1,,,"1(pt. 1): 24",,,,,,,,,,,,"13/02/2026 19:10","13/02/2026 19:10",,,Ranunculaceae,"Aquilegia vulgaris subsp. viscosa","Aquilegia vulgaris subsp. viscosa",Aquilegia,,f,f,,,,,viscosa,,,,,,,,,,,,,,,,,,,,,,,,306409-2,"Fl. Brit. India",urn:lsid:ipni.org:publications:922-2,1872,"1872 [Mai 1872]","[Mai 1872]","Hook.f. & Thomson",subsp.,"Fl. Brit. India 1(pt. 1): 24. 1872 [Mai 1872] ",,,,,11,vulgaris,L.,,f,t,,,,,,,Hook.f.@4084-1@1@aut$Thomson@10621-1@2@aut$Gouan@3291-1@3@bas,L.@12653-1@1@aut,,"comb. et stat. nov.",,1.1,f,aquilegia~vulgarisviscosa,ranunculaceaeaquilegia~vulgarisviscosa,161,wfo-0000541735,,subspecies,,,,,https://www.ipni.org/n/77376644-1,"IPNI Record: 77376644-1","Fl. Brit. India 1(pt. 1): 24 (1872)"
urn:lsid:ipni.org:names:77376645-1,"(L.) Hook.f. & Thomson","Ranunculaceae Aquilegia alpina L.",(L.),708794-1,,,"1(pt. 1): 24",,,,,,,,,,,,"13/02/2026 19:11","13/02/2026 19:11",,,Ranunculaceae,"Aquilegia vulgaris subsp. alpina","Aquilegia vulgaris subsp. alpina",Aquilegia,,f,f,,,,,alpina,,,,,,,,,,,,,,,,,,,,,,,,306409-2,"Fl. Brit. India",urn:lsid:ipni.org:publications:922-2,1872,"1872 [Mai 1872]","[Mai 1872]","Hook.f. & Thomson",subsp.,"Fl. Brit. India 1(pt. 1): 24. 1872 [Mai 1872] ",,,,,11,vulgaris,L.,,f,t,,,,,,,Thomson@10621-1@2@aut$Hook.f.@4084-1@1@aut$L.@12653-1@3@bas,L.@12653-1@1@aut,,"comb. et stat. nov.",,1.1,f,aquilegia~vulgarisalpina,ranunculaceaeaquilegia~vulgarisalpina,162,wfo-0000541616,,subspecies,,,,,https://www.ipni.org/n/77376645-1,"IPNI Record: 77376645-1","Fl. Brit. India 1(pt. 1): 24 (1872)"
urn:lsid:ipni.org:names:77376646-1,"(DC.) Hook.f. & Thomson","Ranunculaceae Aquilegia pyrenaica DC.",(DC.),708997-1,,,"1(pt. 1): 24",,,,,,,,,,,,"13/02/2026 19:13","13/02/2026 19:13",,,Ranunculaceae,"Aquilegia vulgaris subsp. pyrenaica","Aquilegia vulgaris subsp. pyrenaica",Aquilegia,,f,f,,,,,pyrenaica,,,,,,,,,,,,,,,,,,,,,,,,306409-2,"Fl. Brit. India",urn:lsid:ipni.org:publications:922-2,1872,"1872 [Mai 1872]","[Mai 1872]","Hook.f. & Thomson",subsp.,"Fl. Brit. India 1(pt. 1): 24. 1872 [Mai 1872] ",,,,,11,vulgaris,L.,,f,t,,,,,,,Hook.f.@4084-1@1@aut$DC.@16855-1@3@bas$Thomson@10621-1@2@aut,L.@12653-1@1@aut,,"comb. et stat. nov.",,1.1,f,aquilegia~vulgarispyrenaica,ranunculaceaeaquilegia~vulgarispyrenaica,163,wfo-0000541704,,subspecies,,,,,https://www.ipni.org/n/77376646-1,"IPNI Record: 77376646-1","Fl. Brit. India 1(pt. 1): 24 (1872)"
urn:lsid:ipni.org:names:77376647-1,"(Fisch. & Avé-Lall.) Hook.f. & Thomson","Ranunculaceae Aquilegia jucunda Fisch. & Avé-Lall.","(Fisch. & Avé-Lall.)",708923-1,,,"1(pt. 1): 24",,,,,,,,,,,,"13/02/2026 19:15","13/02/2026 19:15",,,Ranunculaceae,"Aquilegia vulgaris subsp. jucunda","Aquilegia vulgaris subsp. jucunda",Aquilegia,,f,f,,,,,jucunda,,,,,,,,,,,,,,,,,,,,,,,,306409-2,"Fl. Brit. India",urn:lsid:ipni.org:publications:922-2,1872,"1872 [Mai 1872]","[Mai 1872]","Hook.f. & Thomson",subsp.,"Fl. Brit. India 1(pt. 1): 24. 1872 [Mai 1872] ",,,,,11,vulgaris,L.,,f,t,,,,,,,Hook.f.@4084-1@1@aut$Fisch.@2744-1@3@bas$Avé-Lall.@342-1@4@bas$Thomson@10621-1@2@aut,Thomson@10621-1@2@aut$L.@12653-1@3@bas$Hook.f.@4084-1@1@aut,,"comb. et stat. nov.",,1.1,f,aquilegia~vulgarisjucunda,ranunculaceaeaquilegia~vulgarisjucunda,164,wfo-0000541663,,subspecies,,,,,https://www.ipni.org/n/77376647-1,"IPNI Record: 77376647-1","Fl. Brit. India 1(pt. 1): 24 (1872)"
urn:lsid:ipni.org:names:77376648-1,"(Wall. ex Royle) Müll.Berol.","Ranunculaceae Aquilegia pubiflora Wall. ex Royle","(Wall. ex Royle)",20008196-1,,,"4(1): 25",,,,,,,,,,,,"13/02/2026 20:20","13/02/2026 20:20",,,Ranunculaceae,"Aquilegia vulgaris var. pubiflora","Aquilegia vulgaris var. pubiflora",Aquilegia,,f,f,,,,,pubiflora,,,,,,,,,,,,,,,,,,,,,,,,306409-2,"Ann. Bot. Syst.",urn:lsid:ipni.org:publications:1417-2,1857,"1857 [Mai 1857]","[Mai 1857]",Müll.Berol.,var.,"Ann. Bot. Syst. 4(1): 25. 1857 [Mai 1857] ",,,,,11,vulgaris,L.,,f,t,,,,,,,Royle@8688-1@3@basEx$Wall.@12990-1@2@bas$Müll.Berol.@23707-1@1@aut,L.@12653-1@1@aut,,"comb. et stat. nov.",,1.1,f,aquilegia~vulgarispubiflora,ranunculaceaeaquilegia~vulgarispubiflora,165,wfo-1200117069,,variety,,,,,https://www.ipni.org/n/77376648-1,"IPNI Record: 77376648-1","Ann. Bot. Syst. 4(1): 25 (1857)"
urn:lsid:ipni.org:names:77376649-1,Müll.Berol.,,,,,,"4(1): 25",,,,,,,,,,,,"13/02/2026 20:25","13/02/2026 20:25",,,Ranunculaceae,"Aquilegia vulgaris var. normalis","Aquilegia vulgaris var. normalis",Aquilegia,,f,f,,,,,normalis,,,,,,,,,,"nom. inval.    nom. inval. Contrary to Madrid Code Art. 24.3 ICN (2025). Final epithet as 'normalis'.",,"nom. inval.",,,,,,,,,,,,306409-2,"Ann. Bot. Syst.",urn:lsid:ipni.org:publications:1417-2,1857,"1857 [Mai 1857]","[Mai 1857]",Müll.Berol.,var.,"Ann. Bot. Syst. 4(1): 25. 1857 [Mai 1857] ",,,,,9,vulgaris,L.,,f,t,,,,,,,Müll.Berol.@23707-1@1@aut,L.@12653-1@1@aut,,"tax. nov.",,1.1,f,aquilegia~vulgarisnormalis,ranunculaceaeaquilegia~vulgarisnormalis,166,wfo-1200117009,,variety,,,,,https://www.ipni.org/n/77376649-1,"IPNI Record: 77376649-1","Ann. Bot. Syst. 4(1): 25 (1857)"
urn:lsid:ipni.org:names:77376650-1,"(Gouan) Müll.Berol.","Ranunculaceae Aquilegia viscosa Gouan",(Gouan),709050-1,,,"4(1): 25",,,,,,,,,,,,"13/02/2026 20:28","13/02/2026 20:28",,,Ranunculaceae,"Aquilegia vulgaris var. viscosa","Aquilegia vulgaris var. viscosa",Aquilegia,,f,f,,,,,viscosa,,,,,,,,,,,,,,,,,,,,,,,,306409-2,"Ann. Bot. Syst.",urn:lsid:ipni.org:publications:1417-2,1857,"1857 [Mai 1857]","[Mai 1857]",Müll.Berol.,var.,"Ann. Bot. Syst. 4(1): 25. 1857 [Mai 1857] ",,,,,11,vulgaris,L.,,f,t,,,,,,,Gouan@3291-1@2@bas$Müll.Berol.@23707-1@1@aut,L.@12653-1@1@aut,,"comb. et stat. nov.",,1.1,f,aquilegia~vulgarisviscosa,ranunculaceaeaquilegia~vulgarisviscosa,167,wfo-1200117070,,variety,,,,,https://www.ipni.org/n/77376650-1,"IPNI Record: 77376650-1","Ann. Bot. Syst. 4(1): 25 (1857)"
urn:lsid:ipni.org:names:77376651-1,"(DC.) Müll.Berol.","Ranunculaceae Aquilegia pyrenaica DC.",(DC.),708997-1,,,"4(1): 25",,,,,,,,,,,,"13/02/2026 20:30","13/02/2026 20:30",,,Ranunculaceae,"Aquilegia vulgaris var. pyrenaica","Aquilegia vulgaris var. pyrenaica",Aquilegia,,f,f,,,,,pyrenaica,,,,,,,,,,,,,,,,,,,,,,,,306409-2,"Ann. Bot. Syst.",urn:lsid:ipni.org:publications:1417-2,1857,"1857 [Mai 1857]","[Mai 1857]",Müll.Berol.,var.,"Ann. Bot. Syst. 4(1): 25. 1857 [Mai 1857] ",,,,,11,vulgaris,L.,,f,t,,,,,,,Müll.Berol.@23707-1@1@aut$DC.@16855-1@2@bas,L.@12653-1@1@aut,,"comb. et stat. nov.",,1.1,f,aquilegia~vulgarispyrenaica,ranunculaceaeaquilegia~vulgarispyrenaica,168,wfo-1200117071,,variety,,,,,https://www.ipni.org/n/77376651-1,"IPNI Record: 77376651-1","Ann. Bot. Syst. 4(1): 25 (1857)"
urn:lsid:ipni.org:names:77376652-1,Müll.Berol.,,,,,,"4(1): 25",,,,,,,,,,,,"13/02/2026 20:34","13/02/2026 20:34",,,Ranunculaceae,"Aquilegia vulgaris var. grandiflora","Aquilegia vulgaris var. grandiflora",Aquilegia,,f,f,,,,,grandiflora,,,,,,,,,,,,,,,,,,,,,,,,306409-2,"Ann. Bot. Syst.",urn:lsid:ipni.org:publications:1417-2,1857,"1857 [Mai 1857]","[Mai 1857]",Müll.Berol.,var.,"Ann. Bot. Syst. 4(1): 25. 1857 [Mai 1857] ",,,,,8,vulgaris,L.,,f,t,,,,,,,Müll.Berol.@23707-1@1@aut,L.@12653-1@1@aut,,"tax. nov.",,1.1,f,aquilegia~vulgarisgrandiflora,ranunculaceaeaquilegia~vulgarisgrandiflora,169,wfo-1200117072,,variety,,,,,https://www.ipni.org/n/77376652-1,"IPNI Record: 77376652-1","Ann. Bot. Syst. 4(1): 25 (1857)"
urn:lsid:ipni.org:names:77376653-1,"Boiss. & Hohen.",,,,,,"2(no. 13): 19",,,,,,,,,,,,"13/02/2026 21:32","13/02/2026 21:32",,,Liliaceae,"Tulipa montana var. chrysantha","Tulipa montana var. chrysantha",Tulipa,,f,f,,,,,chrysantha,,,,,,"& Collection: 'Hab. in scbislosis ad radices montis Elbrus alt. ‭4000'-5000'. Kotschy loco citato ‭No. ‭78'",,,,,,,,,,,,,,,,,,543008-1,"Diagn. Pl. Orient.",urn:lsid:ipni.org:publications:904-2,1854,"1854 [Mai 1854]","[Mai 1854]","Boiss. & Hohen.",var.,"Diagn. Pl. Orient. 2(no. 13): 19. 1854 [Mai 1854] ",,,,,8,montana,Lindl.,,f,t,,,,,,,Hohen.@4033-1@2@aut$Boiss.@16284-1@1@aut,Lindl.@22383-1@1@aut,,"tax. nov.",,1.1,f,tulipa~montanachrysantha,liliaceaetulipa~montanachrysantha,170,wfo-1200117073,,variety,,,,,https://www.ipni.org/n/77376653-1,"IPNI Record: 77376653-1","Diagn. Pl. Orient. 2(no. 13): 19 (1854)"
urn:lsid:ipni.org:names:77376654-1,Halácsy,,,,,,"1: 184",,,,,,,,,,,,"14/02/2026 02:10","16/02/2026 11:13",,,Caryophyllaceae,"Silene italica var. cythnia","Silene italica var. cythnia",Silene,,f,f,,,,,cythnia,,,,,,,,,,,,,,,,,,,,,,,,157576-1,"Consp. Fl. Graec.",urn:lsid:ipni.org:publications:3632-2,1900,"1900 [Feb 1900]","[Feb 1900]",Halácsy,var.,"Consp. Fl. Graec. 1: 184. 1900 [Feb 1900] ",,,,,8,italica,"(L.) Pers.",,f,t,,,,,,,Halácsy@3563-1@1@aut,L.@12653-1@2@bas$Pers.@24750-1@1@aut,,"tax. nov.",,1.4,f,silene~italicacythnia,caryophyllaceaesilene~italicacythnia,171,wfo-0000734608,,variety,,,,,https://www.ipni.org/n/77376654-1,"IPNI Record: 77376654-1","Consp. Fl. Graec. 1: 184 (1900)"
urn:lsid:ipni.org:names:77376655-1,Blume,,,,,,"23–24: 55, t. 26",,,,,,,,,,,,"14/02/2026 08:29","16/02/2026 11:43",,,Annonaceae,"Unona discolor var. bracteata","Unona discolor var. bracteata",Unona,,f,f,,,,,bracteata,,,,,,,,,,,,,,,,,,,,,,,,75287-1,"Fl. Javae",urn:lsid:ipni.org:publications:9643-2,1830,"1830 [18 Mar 1830]","[18 Mar 1830]",Blume,var.,"Fl. Javae 23–24: 55, t. 26. 1830 [18 Mar 1830] ",,,,,8,discolor,Vahl,,f,t,,,,,,,Blume@16230-1@1@aut,Vahl@0-0@1@aut,33039749,"tax. nov.",,1.3,f,unona~discolorbracteata,annonaceaeunona~discolorbracteata,172,wfo-0000748318,,variety,,,,,https://www.ipni.org/n/77376655-1,"IPNI Record: 77376655-1","Fl. Javae 23–24: 55, t. 26 (1830)"
urn:lsid:ipni.org:names:77376656-1,"Hook.f. & Thomson",,,,,,"1: 133",,,,,,,,,,,,"14/02/2026 09:12","16/02/2026 11:54",,,Annonaceae,"Unona discolor var. pubescens","Unona discolor var. pubescens",Unona,,f,f,,,,,pubescens,,,,,,,,,,,,,,,,,,,,,,,,75287-1,"Fl. Ind. Syst. Account",urn:lsid:ipni.org:publications:4340-2,1855,"1855 [1-19 Jul 1855]","[1-19 Jul 1855]","Hook.f. & Thomson",var.,"Fl. Ind. Syst. Account 1: 133. 1855 [1-19 Jul 1855] ",,,,,8,discolor,Vahl,,f,t,,,,,,,Thomson@10621-1@2@aut$Hook.f.@4084-1@1@aut,Vahl@0-0@1@aut,33893728,"tax. nov.",,1.3,f,unona~discolorpubescens,annonaceaeunona~discolorpubescens,173,wfo-0000748323,,variety,,,,,https://www.ipni.org/n/77376656-1,"IPNI Record: 77376656-1","Fl. Ind. Syst. Account 1: 133 (1855)"
urn:lsid:ipni.org:names:77376657-1,"Hook.f. & Thomson",,,,,,"1: 133",,,,,,,,,,,,"14/02/2026 09:14","16/02/2026 11:57",,,Annonaceae,"Unona discolor var. laevigata","Unona discolor var. laevigata",Unona,,f,f,,,,,laevigata,,,,,,,,,,,,,,,,,,,,,,,,75287-1,"Fl. Ind. Syst. Account",urn:lsid:ipni.org:publications:4340-2,1855,"1855 [1-19 Jul 1855]","[1-19 Jul 1855]","Hook.f. & Thomson",var.,"Fl. Ind. Syst. Account 1: 133. 1855 [1-19 Jul 1855] ",,,,,8,discolor,Vahl,,f,t,,,,,,,Thomson@10621-1@2@aut$Hook.f.@4084-1@1@aut,Vahl@0-0@1@aut,33893728,"tax. nov.",,1.3,f,unona~discolorlaevigata,annonaceaeunona~discolorlaevigata,174,wfo-0000748322,,variety,,,,,https://www.ipni.org/n/77376657-1,"IPNI Record: 77376657-1","Fl. Ind. Syst. Account 1: 133 (1855)"
urn:lsid:ipni.org:names:77376658-1,Miq.,,,,,,"3: 376",,,,,,,,,,,,"14/02/2026 09:25","16/02/2026 12:08",,,Annonaceae,"Unona discolor var. parviflora","Unona discolor var. parviflora",Unona,,f,f,,,,,parviflora,,,,,,,,,,,,,,,,,,,,,,,,75287-1,"Fl. Ned. Ind., Eerste Bijv.",urn:lsid:ipni.org:publications:9641-2,1861,"1861 [Dec 1861]","[Dec 1861]",Miq.,var.,"Fl. Ned. Ind., Eerste Bijv. 3: 376. 1861 [Dec 1861] ",,,,,8,discolor,Vahl,,f,t,,,,,,,Miq.@6509-1@1@aut,Vahl@0-0@1@aut,4746080,"tax. nov.",,1.3,f,unona~discolorparviflora,annonaceaeunona~discolorparviflora,175,wfo-0000748324,,variety,,,,,https://www.ipni.org/n/77376658-1,"IPNI Record: 77376658-1","Fl. Ned. Ind., Eerste Bijv. 3: 376 (1861)"
urn:lsid:ipni.org:names:77376659-1,"Teijsm. & Binn. ex Boerl.",,,,,,"1: 16",,,,,,,,,,,,"14/02/2026 10:58","16/02/2026 12:14",,,Annonaceae,"Unona discolor var. macropetala","Unona discolor var. macropetala",Unona,,f,f,,,,,macropetala,,,,,,,,,,,,,,,,,,,,,,,,75287-1,"Cat. Pl. Phan.",urn:lsid:ipni.org:publications:14839-2,1899,"1899 [Feb-Jun 1899]","[Feb-Jun 1899]","Teijsm. & Binn. ex Boerl.",var.,"Cat. Pl. Phan. 1: 16. 1899 [Feb-Jun 1899] ",,"Available online at: https://www.google.co.uk/books/edition/_/6cRHAQAAMAAJ?gbpv=1",,,8,discolor,Vahl,,f,t,,,,,,,Teijsm.@10486-1@1@aut$Binn.@795-1@2@aut$Boerl.@903-1@3@autEx,Vahl@0-0@1@aut,,"tax. nov.",,1.3,f,unona~discolormacropetala,annonaceaeunona~discolormacropetala,176,wfo-0000748327,,variety,,,,,https://www.ipni.org/n/77376659-1,"IPNI Record: 77376659-1","Cat. Pl. Phan. 1: 16 (1899)"
urn:lsid:ipni.org:names:77376660-1,"Teijsm. & Binn. ex Boerl.",,,,,,"1: 17",,,,,,,,,,,,"14/02/2026 10:59","16/02/2026 12:15",,,Annonaceae,"Unona discolor var. brevifolia","Unona discolor var. brevifolia",Unona,,f,f,,,,,brevifolia,,,,,,,,,,,,,,,,,,,,,,,,75287-1,"Cat. Pl. Phan.",urn:lsid:ipni.org:publications:14839-2,1899,"1899 [Feb-Jun 1899]","[Feb-Jun 1899]","Teijsm. & Binn. ex Boerl.",var.,"Cat. Pl. Phan. 1: 17. 1899 [Feb-Jun 1899] ",,"Protologue available online at: https://www.google.co.uk/books/edition/_/6cRHAQAAMAAJ?gbpv=1",,,8,discolor,Vahl,,f,t,,,,,,,Boerl.@903-1@3@autEx$Teijsm.@10486-1@1@aut$Binn.@795-1@2@aut,Vahl@0-0@1@aut,,"tax. nov.",,1.3,f,unona~discolorbrevifolia,annonaceaeunona~discolorbrevifolia,177,wfo-0000748326,,variety,,,,,https://www.ipni.org/n/77376660-1,"IPNI Record: 77376660-1","Cat. Pl. Phan. 1: 17 (1899)"
urn:lsid:ipni.org:names:77376661-1,Boerl.,,,,,,"1: 17",,,,,,,,,,,,"14/02/2026 11:01","16/02/2026 12:17",,,Annonaceae,"Unona discolor var. angustipetala","Unona discolor var. angustipetala",Unona,,f,f,,,,,angustipetala,,,,,,,,,,,,,,,,,,,,,,,,75287-1,"Cat. Pl. Phan.",urn:lsid:ipni.org:publications:14839-2,1899,"1899 [Feb-Jun 1899]","[Feb-Jun 1899]",Boerl.,var.,"Cat. Pl. Phan. 1: 17. 1899 [Feb-Jun 1899] ",,"Protologue available online at: https://www.google.co.uk/books/edition/_/6cRHAQAAMAAJ?gbpv=1",,,8,discolor,Vahl,,f,t,,,,,,,Boerl.@903-1@1@aut,Vahl@0-0@1@aut,,"tax. nov.",,1.3,f,unona~discolorangustipetala,annonaceaeunona~discolorangustipetala,178,wfo-0000748325,,variety,,,,,https://www.ipni.org/n/77376661-1,"IPNI Record: 77376661-1","Cat. Pl. Phan. 1: 17 (1899)"
urn:lsid:ipni.org:names:77376662-1,"Scheff. ex Boerl.",,,,,,"1: 17",,,,,,,,,,,,"14/02/2026 11:02","16/02/2026 12:18",,,Annonaceae,"Unona discolor var. siamensis","Unona discolor var. siamensis",Unona,,f,f,,,,,siamensis,,,,,,,,,,,,,,,,,,,,,,,,75287-1,"Cat. Pl. Phan.",urn:lsid:ipni.org:publications:14839-2,1899,"1899 [Feb-Jun 1899]","[Feb-Jun 1899]","Scheff. ex Boerl.",var.,"Cat. Pl. Phan. 1: 17. 1899 [Feb-Jun 1899] ",,"Protologue available online at: https://www.google.co.uk/books/edition/_/6cRHAQAAMAAJ?gbpv=1",,,8,discolor,Vahl,,f,t,,,,,,,Scheff.@9034-1@1@aut$Boerl.@903-1@2@autEx,Vahl@0-0@1@aut,,"tax. nov.",,1.3,f,unona~discolorsiamensis,annonaceaeunona~discolorsiamensis,179,wfo-0000748329,,variety,,,,,https://www.ipni.org/n/77376662-1,"IPNI Record: 77376662-1","Cat. Pl. Phan. 1: 17 (1899)"
urn:lsid:ipni.org:names:77376663-1,Boerl.,,,,,,"1: 17",,,,,,,,,,,,"14/02/2026 11:03","16/02/2026 12:20",,,Annonaceae,"Unona discolor var. neglecta","Unona discolor var. neglecta",Unona,,f,f,,,,,neglecta,,,,,,,,,,,,,,,,,,,,,,,,75287-1,"Cat. Pl. Phan.",urn:lsid:ipni.org:publications:14839-2,1899,"1899 [Feb-Jun 1899]","[Feb-Jun 1899]",Boerl.,var.,"Cat. Pl. Phan. 1: 17. 1899 [Feb-Jun 1899] ",,"Protologue available online at: https://www.google.co.uk/books/edition/_/6cRHAQAAMAAJ?gbpv=1",,,8,discolor,Vahl,,f,t,,,,,,,Boerl.@903-1@1@aut,Vahl@0-0@1@aut,,"tax. nov.",,1.3,f,unona~discolorneglecta,annonaceaeunona~discolorneglecta,180,wfo-0000748328,,variety,,,,,https://www.ipni.org/n/77376663-1,"IPNI Record: 77376663-1","Cat. Pl. Phan. 1: 17 (1899)"
urn:lsid:ipni.org:names:77376664-1,"(Miq.) Boerl.","Annonaceae Guatteria palembanica Miq.",(Miq.),73551-1,,,"1(2): 107",,,,,,,,,,,,"14/02/2026 11:50","16/02/2026 13:31",,,Annonaceae,"Polyalthia teysmannii var. palembanica","Polyalthia teysmannii var. palembanica",Polyalthia,,f,f,,,,,palembanica,,,,,,,,,,,,,,,,,,,,,,,,74743-1,"Icon. Bogor. [Boerlage]",urn:lsid:ipni.org:publications:9966-2,1899,"1899 [20 Sep 1899]","[20 Sep 1899]",Boerl.,var.,"Icon. Bogor. [Boerlage] 1(2): 107. 1899 [20 Sep 1899] ",,,,,11,teysmannii,"(Miq.) King",,f,t,,,,,,,Miq.@6509-1@2@bas$Boerl.@903-1@1@aut,Boerl.@0-0@1@aut,,"comb. et stat. nov.",,1.1.1.2,f,polyalthia~teysmanniipalembanica,annonaceaepolyalthia~teysmanniipalembanica,181,wfo-0000750470,,variety,,,,,https://www.ipni.org/n/77376664-1,"IPNI Record: 77376664-1","Icon. Bogor. [Boerlage] 1(2): 107 (1899)"
urn:lsid:ipni.org:names:77376665-1,Craib,,,,,,"1(1): 39",,,,,,,,,,,,"14/02/2026 12:42","16/02/2026 13:36",,,Annonaceae,"Desmos dumosus var. glabrior","Desmos dumosus var. glabrior",Desmos,,f,f,,,,,glabrior,,,,,,,,,,,,,,,,,,,,,,,,72781-1,"Fl. Siam.",urn:lsid:ipni.org:publications:3639-2,1925,"1925 [5 Mar 1925]","[5 Mar 1925]",Craib,var.,"Fl. Siam. 1(1): 39. 1925 [5 Mar 1925] ",,,,,8,dumosus,"(Roxb.) Saff.",,f,t,,,,,,,Craib@1857-1@1@aut,Roxb.@0-0@2@bas$Saff.@0-0@1@aut,,"tax. nov.",,1.3,f,desmos~dumosusglabrior,annonaceaedesmos~dumosusglabrior,182,wfo-1200027805,,variety,,,,,https://www.ipni.org/n/77376665-1,"IPNI Record: 77376665-1","Fl. Siam. 1(1): 39 (1925)"
urn:lsid:ipni.org:names:77376666-1,Boerl.,,,,,,"1(2): 134",,,,,,,,,,,,"14/02/2026 14:03","16/02/2026 13:39",,,Annonaceae,"Melodorum parviflorum var. angustifolium","Melodorum parviflorum var. angustifolium",Melodorum,,f,f,,,,,angustifolium,,,,,,,,,,,,,,,,,,,,,,,,73876-1,"Icon. Bogor. [Boerlage]",urn:lsid:ipni.org:publications:9966-2,1899,"1899 [20 Sep 1899]","[20 Sep 1899]",Boerl.,var.,"Icon. Bogor. [Boerlage] 1(2): 134. 1899 [20 Sep 1899] , as 'angustifolia'",", as 'angustifolia'",,,,8,parviflorum,Scheff.,,f,t,,,,,,,Boerl.@903-1@1@aut,Scheff.@0-0@1@aut,,"tax. nov.",,1.3,f,melodorum~parviflorumangustifolium,annonaceaemelodorum~parviflorumangustifolium,183,wfo-0000750457,,variety,,,,,https://www.ipni.org/n/77376666-1,"IPNI Record: 77376666-1","Icon. Bogor. [Boerlage] 1(2): 134 (1899)"
urn:lsid:ipni.org:names:77376667-1,DC.,,,,,,"4: 405",,,,,,,,,,,,"14/02/2026 16:36","14/02/2026 16:36",,,Rubiaceae,"Bikkia australis var. gaudichaudiana","Bikkia australis var. gaudichaudiana",Bikkia,,f,f,,,,,gaudichaudiana,,,,,,"'In ins. Rawak. inter 2 priores feré media'",,,,,,,,,,,,,,,,,,744544-1,"Prodr. [A. P. de Candolle]",urn:lsid:ipni.org:publications:1051-2,1830,"1830 [late Sep 1830]","[late Sep 1830]",DC.,var.,"Prodr. [A. P. de Candolle] 4: 405. 1830 [late Sep 1830] ",,,,,8,australis,DC.,,f,t,,,,"Type: 'v. s. in h. Gaudich.'",,,DC.@16855-1@1@aut,DC.@16855-1@1@aut,,"tax. nov.",,1.1,f,bikkia~australisgaudichaudiana,rubiaceaebikkia~australisgaudichaudiana,184,wfo-1200117010,,variety,,,,,https://www.ipni.org/n/77376667-1,"IPNI Record: 77376667-1","Prodr. [A. P. de Candolle] 4: 405 (1830)"
urn:lsid:ipni.org:names:77376668-1,Miq.,,,,,,"2(1): 19",,,,,,,,,,,,"14/02/2026 17:20","16/02/2026 13:56",,,Annonaceae,"Monoon biglandulosum f. latifolium","Monoon biglandulosum f. latifolium",Monoon,,f,f,,,,,latifolium,,,,,,,,,,,,,,,,,,,,,,,,74153-1,"Ann. Mus. Bot. Lugduno-Batavi",urn:lsid:ipni.org:publications:1163-2,1865,"1865 [23 May 1865]","[23 May 1865]",Miq.,f.,"Ann. Mus. Bot. Lugduno-Batavi 2(1): 19. 1865 [23 May 1865] , as 'latifolia'",", as 'latifolia'",,,,8,biglandulosum,Miq.,,f,t,,,,,,,Miq.@6509-1@1@aut,Miq.@0-0@1@aut,,"tax. nov.",,1.3,f,monoon~biglandulosumlatifolium,annonaceaemonoon~biglandulosumlatifolium,185,wfo-1200027810,,form,,,,,https://www.ipni.org/n/77376668-1,"IPNI Record: 77376668-1","Ann. Mus. Bot. Lugduno-Batavi 2(1): 19 (1865)"
urn:lsid:ipni.org:names:77376669-1,Miq.,,,,,,"2(1): 19",,,,,,,,,,,,"14/02/2026 17:22","16/02/2026 14:04",,,Annonaceae,"Monoon biglandulosum f. angustifolium","Monoon biglandulosum f. angustifolium",Monoon,,f,f,,,,,angustifolium,,,,,,,,,,,,,,,,,,,,,,,,74153-1,"Ann. Mus. Bot. Lugduno-Batavi",urn:lsid:ipni.org:publications:1163-2,1865,"1865 [23 May 1865]","[23 May 1865]",Miq.,f.,"Ann. Mus. Bot. Lugduno-Batavi 2(1): 19. 1865 [23 May 1865] , as 'angustifolia'",", as 'angustifolia'",,,,8,biglandulosum,Miq.,,f,t,,,,,,,Miq.@6509-1@1@aut,Miq.@0-0@1@aut,,"tax. nov.",,1.3,f,monoon~biglandulosumangustifolium,annonaceaemonoon~biglandulosumangustifolium,186,wfo-1200027811,,form,,,,,https://www.ipni.org/n/77376669-1,"IPNI Record: 77376669-1","Ann. Mus. Bot. Lugduno-Batavi 2(1): 19 (1865)"
urn:lsid:ipni.org:names:77376670-1,"(L.) Döll","Caryophyllaceae Lychnis chalcedonica L.",(L.),301029-2,,,643,,,,,,,,,,,,"14/02/2026 18:01","16/02/2026 14:16",,,Caryophyllaceae,"Agrostemma chalcedonicum","Agrostemma chalcedonicum",Agrostemma,,f,f,,,,,,,,,,,,,,,,,,,,,,,,,,,,null:,30097926-2,"Rhein. Fl.",urn:lsid:ipni.org:publications:7148-2,1843,"1843 [Jun 1843]","[Jun 1843]",Döll,spec.,"Rhein. Fl. 643. 1843 [Jun 1843] , as 'chalcedonica'",", as 'chalcedonica'",,,,11,chalcedonicum,,,f,t,,,,,,,L.@12653-1@2@bas$Döll@12410-1@1@aut,,,"comb. nov.",,1.4,f,agrostemma~chalcedonicum,caryophyllaceaeagrostemma~chalcedonicum~,187,wfo-1000088240,,species,,,,,https://www.ipni.org/n/77376670-1,"IPNI Record: 77376670-1","Rhein. Fl. 643 (1843)"
urn:lsid:ipni.org:names:77376671-1,King,,,,,,"61(1): 72",,,,,,,,,,,,"14/02/2026 18:23","16/02/2026 14:22",,,Annonaceae,"Goniothalamus prainianus var. angustipetalus","Goniothalamus prainianus var. angustipetalus",Goniothalamus,,f,f,,,,,angustipetalus,,,,,,,,,,,,,,,,,,,,,,,,73236-1,"J. Asiat. Soc. Bengal, Pt. 2, Nat. Hist.",urn:lsid:ipni.org:publications:982-2,1892,"1892 [13 Jun 1892]","[13 Jun 1892]",King,var.,"J. Asiat. Soc. Bengal, Pt. 2, Nat. Hist. 61(1): 72. 1892 [13 Jun 1892] , as 'angustipetala'",", as 'angustipetala'",,,,8,prainianus,King,,f,t,,,,,,,King@4798-1@1@aut,King@0-0@1@aut,,"tax. nov.",,1.3,f,goniothalamus~prainianusangustipetalus,annonaceaegoniothalamus~prainianusangustipetalus,188,wfo-0000706550,,variety,,,,,https://www.ipni.org/n/77376671-1,"IPNI Record: 77376671-1","J. Asiat. Soc. Bengal, Pt. 2, Nat. Hist. 61(1): 72 (1892)"
urn:lsid:ipni.org:names:77376672-1,"(DC.) K.Schum.","Rubiaceae Bikkia australis DC. var. gaudichaudiana DC.",(DC.),77376667-1,,,"4(Abt. 4): 20",,,,,,,,,,,,"14/02/2026 18:37","14/02/2026 18:37",,,Rubiaceae,"Bikkia gaudichaudiana","Bikkia gaudichaudiana",Bikkia,,f,f,,,,,,744552-1,,,,,,,,,isonym,,isonym,,,,,,,,,,,,331404-2,"Nat. Pflanzenfam. [Engler & Prantl]",urn:lsid:ipni.org:publications:14495-2,1891,1891,,K.Schum.,spec.,"Nat. Pflanzenfam. [Engler & Prantl] 4(Abt. 4): 20. 1891 ",,,,,13,gaudichaudiana,,,f,t,,,,,,,K.Schum.@9333-1@1@aut$DC.@16855-1@2@bas,,,"comb. et stat. nov.",,1.1,f,bikkia~gaudichaudiana,rubiaceaebikkia~gaudichaudiana~,189,wfo-1000088465,,species,,,,,https://www.ipni.org/n/77376672-1,"IPNI Record: 77376672-1","Nat. Pflanzenfam. [Engler & Prantl] 4(Abt. 4): 20 (1891)"
urn:lsid:ipni.org:names:77376673-1,Becc.,,,,,,"324, 536",,,,,,,,,,,,"14/02/2026 18:38","16/02/2026 14:39",,,Annonaceae,"Goniothalamus lateritius","Goniothalamus lateritius",Goniothalamus,,f,f,,,,,,,,,,,,,,,,,,,,,,,,,,,,,2036-1,"Nelle Foreste di Borneo",urn:lsid:ipni.org:publications:14685-2,1902,1902,,Becc.,spec.,"Nelle Foreste di Borneo 324, 536. 1902 ",,,,,8,lateritius,,,f,t,,,,,,,Becc.@15852-1@1@aut,,33511610,"tax. nov.",,1.3,f,goniothalamus~lateritius,annonaceaegoniothalamus~lateritius~,190,wfo-1000044658,,species,,,,,https://www.ipni.org/n/77376673-1,"IPNI Record: 77376673-1","Nelle Foreste di Borneo 324, 536 (1902)"
urn:lsid:ipni.org:names:77376674-1,Roxb.,,,,,,"2: 662",,,,,,,,,,,,"14/02/2026 21:39","14/02/2026 21:39","Bangladesh (Indian Subcontinent, Asia-Tropical);India (Indian Subcontinent, Asia-Tropical);",,Annonaceae,"Uvaria cordifolia","Uvaria cordifolia",Uvaria,,f,f,,,,,,,,,,,"& Collection: 'A native of the moist vallies near Chittagong ... it blossoms in June, and the seed ripens in November'",,,,,,,,,,,,,,,,,,30043123-2,"Fl. Ind., ed. 1832.",urn:lsid:ipni.org:publications:5717-2,1832,1832,,Roxb.,spec.,"Fl. Ind., ed. 1832. 2: 662. 1832 ",,,,,9,cordifolia,,,f,t,,,,,,,Roxb.@8682-1@1@aut,,,"tax. nov.",75631-1,1.1,f,uvaria~cordifolia,annonaceaeuvaria~cordifolia~,191,wfo-1000088144,,species,,,,,https://www.ipni.org/n/77376674-1,"IPNI Record: 77376674-1","Fl. Ind., ed. 1832. 2: 662 (1832)"
urn:lsid:ipni.org:names:77376675-1,T.Koyama,,,,,,"70: 38",,,,,,,,,,,,"14/02/2026 23:11","14/02/2026 23:11",,,Cyperaceae,"Eleocharis tetraquetra var. annamica","Eleocharis tetraquetra var. annamica",Eleocharis,,f,f,,,,,annamica,,,,,,"& Collection: 'Annam: Ya t'lu (B. Hayata, s.n.)'",,,,,,,,,,,,,,,,,,307152-1,"Contr. Inst. Bot. Univ. Montréal",urn:lsid:ipni.org:publications:3696-2,1957,1957,,T.Koyama,var.,"Contr. Inst. Bot. Univ. Montréal 70: 38. 1957 ",,,,,8,tetraquetra,Nees,,f,t,,,,,,,T.Koyama@5003-1@1@aut,Nees@6888-1@1@aut,,"tax. nov.",,1.1,f,eleocharis~tetraquetraannamica,cyperaceaeeleocharis~tetraquetraannamica,192,wfo-1200117011,,variety,,,,,https://www.ipni.org/n/77376675-1,"IPNI Record: 77376675-1","Contr. Inst. Bot. Univ. Montréal 70: 38 (1957)"
urn:lsid:ipni.org:names:77376676-1,Boerl.,,,,,,"1: 24",,,,,,,,,,,,"15/02/2026 09:59","16/02/2026 12:32",,,Annonaceae,"Ararocarpus velutinus var. tenuifolius","Ararocarpus velutinus var. tenuifolius",Ararocarpus,,f,f,,,,,tenuifolius,,,,,,,,,,,,,,,,,,,,,,,,72349-1,"Cat. Pl. Phan.",urn:lsid:ipni.org:publications:14839-2,1899,"1899 [Feb-Jun 1899]","[Feb-Jun 1899]",Boerl.,var.,"Cat. Pl. Phan. 1: 24. 1899 [Feb-Jun 1899] ",,"Protologue available online at: https://www.google.co.uk/books/edition/Catalogus_plantarum_phanerogamarum_quae/O4ICAAAAYAAJ?q=&gbpv=1#f=false",,,8,velutinus,Scheff.,,f,t,,,,,,,Boerl.@903-1@1@aut,Scheff.@0-0@1@aut,,"tax. nov.",,1.3,f,ararocarpus~velutinustenuifolius,annonaceaeararocarpus~velutinustenuifolius,193,wfo-1200027816,,variety,,,,,https://www.ipni.org/n/77376676-1,"IPNI Record: 77376676-1","Cat. Pl. Phan. 1: 24 (1899)"
urn:lsid:ipni.org:names:77376677-1,Bory,,,,,,"2(1): 12",,,,,,,,,,,,"15/02/2026 10:19","16/02/2026 14:45",,,Lycopodiaceae,"Lycopodium belangeri","Lycopodium belangeri",Lycopodium,,f,f,,,,,,,,,,,,,,,,,,,,,,,,,,,,,30000138-2,"Voy. Indes Or. [Bélanger]",urn:lsid:ipni.org:publications:5610-2,1833,"1833 [25 May 1833]","[25 May 1833]",Bory,spec.,"Voy. Indes Or. [Bélanger] 2(1): 12. 1833 [25 May 1833] ",,"Protologue available online at: https://gallica.bnf.fr/ark:/12148/bpt6k976396/f12.item",,,8,belangeri,,,f,t,,,,,,,Bory@16366-1@1@aut,,,"tax. nov.",,1.3,f,lycopodium~belangeri,lycopodiaceaelycopodium~belangeri~,194,wfo-1000068977,,species,,,,,https://www.ipni.org/n/77376677-1,"IPNI Record: 77376677-1","Voy. Indes Or. [Bélanger] 2(1): 12 (1833)"
urn:lsid:ipni.org:names:77376678-1,Boerl.,,,,,,"1: 21",,,,,,,,,,,,"15/02/2026 10:56","16/02/2026 12:22",,,Annonaceae,"Mezzettia parviflora var. floribunda","Mezzettia parviflora var. floribunda",Mezzettia,,f,f,,,,,floribunda,,,,,,,,,,,,,,,,,,,,,,,,73910-1,"Cat. Pl. Phan.",urn:lsid:ipni.org:publications:14839-2,1899,"1899 [Feb-Jun 1899]","[Feb-Jun 1899]",Boerl.,var.,"Cat. Pl. Phan. 1: 21. 1899 [Feb-Jun 1899] ",,"Protologue available online at: https://www.google.co.uk/books/edition/Catalogus_plantarum_phanerogamarum_quae/O4ICAAAAYAAJ?q=&gbpv=1#f=false",,,8,parviflora,Becc.,,f,t,,,,,,,Boerl.@903-1@1@aut,Becc.@0-0@1@aut,,"tax. nov.",,1.3,f,mezzettia~parviflorafloribunda,annonaceaemezzettia~parviflorafloribunda,195,wfo-0000750461,,variety,,,,,https://www.ipni.org/n/77376678-1,"IPNI Record: 77376678-1","Cat. Pl. Phan. 1: 21 (1899)"
urn:lsid:ipni.org:names:77376679-1,Boerl.,,,,,,"1: 21",,,,,,,,,,,,"15/02/2026 10:59","16/02/2026 12:23",,,Annonaceae,"Mezzettia parviflora var. subtetramera","Mezzettia parviflora var. subtetramera",Mezzettia,,f,f,,,,,subtetramera,,,,,,,,,,,,,,,,,,,,,,,,73910-1,"Cat. Pl. Phan.",urn:lsid:ipni.org:publications:14839-2,1899,"1899 [Feb-Jun 1899]","[Feb-Jun 1899]",Boerl.,var.,"Cat. Pl. Phan. 1: 21. 1899 [Feb-Jun 1899] ",,"Protologue available online at: https://www.google.co.uk/books/edition/Catalogus_plantarum_phanerogamarum_quae/O4ICAAAAYAAJ?q=&gbpv=1#f=false",,,8,parviflora,Becc.,,f,t,,,,,,,Boerl.@903-1@1@aut,Becc.@0-0@1@aut,,"tax. nov.",,1.3,f,mezzettia~parviflorasubtetramera,annonaceaemezzettia~parviflorasubtetramera,196,wfo-0000750462,,variety,,,,,https://www.ipni.org/n/77376679-1,"IPNI Record: 77376679-1","Cat. Pl. Phan. 1: 21 (1899)"
urn:lsid:ipni.org:names:77376680-1,"(Miq.) Baill.","Annonaceae Meiogyne Miq.",(Miq.),2068-1,,,"1: 213",,,,,,,,,,,,"15/02/2026 12:55","16/02/2026 14:51",,,Annonaceae,"Unona sect. Meiogyne","Unona sect. Meiogyne",Unona,,f,f,,,,meiogyne,,,,,,,,,,,,,,,,,,,,,,,,null:,30026754-2,"Hist. Pl. (Baillon)",urn:lsid:ipni.org:publications:14339-2,1868,"1868 [Aug-Dec 1868]","[Aug-Dec 1868]",Baill.,sect.,"Hist. Pl. (Baillon) 1: 213. 1868 [Aug-Dec 1868] ",,,,,11,,,,f,t,,,,,,,Baill.@31201-1@1@aut$Miq.@6509-1@2@bas,,,"comb. et stat. nov.",,1.3,f,unonameiogyne,annonaceaeunonameiogyne~~,197,wfo-1000088241,,section,,,,,https://www.ipni.org/n/77376680-1,"IPNI Record: 77376680-1","Hist. Pl. (Baillon) 1: 213 (1868)"
urn:lsid:ipni.org:names:77376681-1,"(Miq.) Baill.","Annonaceae Monocarpia Miq.",(Miq.),2079-1,,,"1: 213",,,,,,,,,,,,"15/02/2026 13:03","16/02/2026 14:53",,,Annonaceae,"Unona sect. Monocarpia","Unona sect. Monocarpia",Unona,,f,f,,,,monocarpia,,,,,,,,,,,,,,,,,,,,,,,,null:,30026754-2,"Hist. Pl. (Baillon)",urn:lsid:ipni.org:publications:14339-2,1868,"1868 [Aug-Dec 1868]","[Aug-Dec 1868]",Baill.,sect.,"Hist. Pl. (Baillon) 1: 213. 1868 [Aug-Dec 1868] ",,,,,11,,,,f,t,,,,,,,Miq.@6509-1@2@bas$Baill.@31201-1@1@aut,,,"comb. et stat. nov.",,1.3,f,unonamonocarpia,annonaceaeunonamonocarpia~~,198,wfo-1000088242,,section,,,,,https://www.ipni.org/n/77376681-1,"IPNI Record: 77376681-1","Hist. Pl. (Baillon) 1: 213 (1868)"
urn:lsid:ipni.org:names:77376682-1,"(Miq.) Baill.","Annonaceae Monoon Miq.",(Miq.),2082-1,,,"1: 213",,,,,,,,,,,,"15/02/2026 13:05","16/02/2026 14:55",,,Annonaceae,"Unona sect. Monoon","Unona sect. Monoon",Unona,,f,f,,,,monoon,,,,,,,,,,,,,,,,,,,,,,,,null:,30026754-2,"Hist. Pl. (Baillon)",urn:lsid:ipni.org:publications:14339-2,1868,"1868 [Aug-Dec 1868]","[Aug-Dec 1868]",Baill.,sect.,"Hist. Pl. (Baillon) 1: 213. 1868 [Aug-Dec 1868] ",,,,,11,,,,f,t,,,,,,,Miq.@6509-1@2@bas$Baill.@31201-1@1@aut,,,"comb. et stat. nov.",,1.3,f,unonamonoon,annonaceaeunonamonoon~~,199,wfo-1000088243,,section,,,,,https://www.ipni.org/n/77376682-1,"IPNI Record: 77376682-1","Hist. Pl. (Baillon) 1: 213 (1868)"
urn:lsid:ipni.org:names:77376683-1,"(Blume) Baill.","Annonaceae Polyalthia Blume",(Blume),2110-1,,,"1: 213",,,,,,,,,,,,"15/02/2026 13:07","16/02/2026 14:57",,,Annonaceae,"Unona sect. Polyalthia","Unona sect. Polyalthia",Unona,,f,f,,,,polyalthia,,,,,,,,,,,,,,,,,,,,,,,,null:,30026754-2,"Hist. Pl. (Baillon)",urn:lsid:ipni.org:publications:14339-2,1868,"1868 [Aug-Dec 1868]","[Aug-Dec 1868]",Baill.,sect.,"Hist. Pl. (Baillon) 1: 213. 1868 [Aug-Dec 1868] ",,,,,11,,,,f,t,,,,,,,Blume@16230-1@2@bas$Baill.@31201-1@1@aut,,,"comb. et stat. nov.",,1.3,f,unonapolyalthia,annonaceaeunonapolyalthia~~,200,wfo-1000088244,,section,,,,,https://www.ipni.org/n/77376683-1,"IPNI Record: 77376683-1","Hist. Pl. (Baillon) 1: 213 (1868)"
urn:lsid:ipni.org:names:77376684-1,"(Miq.) Baill.","Annonaceae Pyramidanthe Miq.",(Miq.),2121-1,,,"1: 213",,,,,,,,,,,,"15/02/2026 13:09","16/02/2026 14:56",,,Annonaceae,"Unona sect. Pyramidanthe","Unona sect. Pyramidanthe",Unona,,f,f,,,,pyramidanthe,,,,,,,,,,,,,,,,,,,,,,,,null:,30026754-2,"Hist. Pl. (Baillon)",urn:lsid:ipni.org:publications:14339-2,1868,"1868 [Aug-Dec 1868]","[Aug-Dec 1868]",Baill.,sect.,"Hist. Pl. (Baillon) 1: 213. 1868 [Aug-Dec 1868] ",,,,,11,,,,f,t,,,,,,,Baill.@31201-1@1@aut$Miq.@6509-1@2@bas,,,"comb. et stat. nov.",,1.3,f,unonapyramidanthe,annonaceaeunonapyramidanthe~~,201,wfo-1000088245,,section,,,,,https://www.ipni.org/n/77376684-1,"IPNI Record: 77376684-1","Hist. Pl. (Baillon) 1: 213 (1868)"
urn:lsid:ipni.org:names:77376685-1,Blume,,,,,,"fasc. 28–29: 71",,,,,,,,,,,,"15/02/2026 13:21","16/02/2026 15:04",,,Annonaceae,"Polyalthia sect. Kentia","Polyalthia sect. Kentia",Polyalthia,,f,f,,,,kentia,,,,,,,,,,,,,,,,,,,,,,,,,2110-1,"Fl. Javae",urn:lsid:ipni.org:publications:9643-2,1830,"1830 [30 Apr 1830]","[30 Apr 1830]",Blume,sect.,"Fl. Javae fasc. 28–29: 71. 1830 [30 Apr 1830] ",,,,,8,,,,f,t,,,"Polyalthia kentii",,,,Blume@16230-1@1@aut,,33039765,"tax. nov.",,1.3,f,polyalthiakentia,annonaceaepolyalthiakentia~~,202,wfo-1000088246,,section,,,,,https://www.ipni.org/n/77376685-1,"IPNI Record: 77376685-1","Fl. Javae fasc. 28–29: 71 (1830)"
urn:lsid:ipni.org:names:77376686-1,Miq.,,,,,,"3: 381",,,,,,,,,,,,"15/02/2026 13:31","16/02/2026 15:14",,,Annonaceae,"Guatteria sect. Trivalvaria","Guatteria sect. Trivalvaria",Guatteria,,f,f,,,,trivalvaria,,,,,,,,,,,,,,,,,,,,,,,,,331635-2,"Fl. Ned. Ind., Eerste Bijv.",urn:lsid:ipni.org:publications:9641-2,1861,"1861 [Dec 1861]","[Dec 1861]",Miq.,sect.,"Fl. Ned. Ind., Eerste Bijv. 3: 381. 1861 [Dec 1861] ",,,,,8,,,,f,t,,,"Guatteria brevipetala",,,,Miq.@6509-1@1@aut,,4746085,"tax. nov.",,1.3,f,guatteriatrivalvaria,annonaceaeguatteriatrivalvaria~~,203,wfo-1000088247,,section,,,,,https://www.ipni.org/n/77376686-1,"IPNI Record: 77376686-1","Fl. Ned. Ind., Eerste Bijv. 3: 381 (1861)"
urn:lsid:ipni.org:names:77376687-1,"Hook.f. & Thomson",,,,,,"1: 134",,,,,,,,,,,,"15/02/2026 14:10","16/02/2026 15:19",,,Annonaceae,"Unona sect. Dasymaschalon","Unona sect. Dasymaschalon",Unona,,f,f,,,,dasymaschalon,,,,,,,,,,,,,,,,,,,,,,,,,30026754-2,"Fl. Ind. Syst. Account",urn:lsid:ipni.org:publications:4340-2,1855,"1855 [1-19 Jul 1855]","[1-19 Jul 1855]","Hook.f. & Thomson",sect.,"Fl. Ind. Syst. Account 1: 134. 1855 [1-19 Jul 1855] ",,"Registrar's note: Type: Unona dasymaschala Blume (= Dasymaschalon dasymaschalum (Blume) I.M.Turner), lectotype designated by Finet & Gagnepain, Bull. Soc. Bot. France 53(Mém. 4) (1906) 142.",,,8,,,,f,t,,,"Unona dasymaschala Blume",,,,Hook.f.@4084-1@1@aut$Thomson@10621-1@2@aut,,33893729,"tax. nov.",,1.3,f,unonadasymaschalon,annonaceaeunonadasymaschalon~~,204,wfo-1000088248,,section,,,,,https://www.ipni.org/n/77376687-1,"IPNI Record: 77376687-1","Fl. Ind. Syst. Account 1: 134 (1855)"
urn:lsid:ipni.org:names:77376688-1,"(Lour.) DC.","Annonaceae Desmos Lour.",(Lour.),2007-1,,,"1: 485, 493",,,,,,,,,,,,"15/02/2026 14:20","16/02/2026 15:24",,,Annonaceae,"Unona sect. Desmos","Unona sect. Desmos",Unona,,f,f,,,,desmos,,,,,,,,,,,,,,,,,,,,,,,,null:,30026754-2,"Syst. Nat.",urn:lsid:ipni.org:publications:8273-2,1817,"1817 [1-15 Nov 1817]","[1-15 Nov 1817]",DC.,sect.,"Syst. Nat. 1: 485, 493. 1817 [1-15 Nov 1817] ",,,,,11,,,,f,t,,,,,,,DC.@16855-1@1@aut$Lour.@22557-1@2@bas,,41046668,"comb. et stat. nov.",,1.3,f,unonadesmos,annonaceaeunonadesmos~~,205,wfo-1000088466,,section,,,,,https://www.ipni.org/n/77376688-1,"IPNI Record: 77376688-1","Syst. Nat. 1: 485, 493 (1817)"
urn:lsid:ipni.org:names:77376689-1,Alderw.,,,,,,"sér. 2, 11: 33",,,,,,,,,,,,"15/02/2026 14:46","16/02/2026 15:33",,,Selaginellaceae,"Selaginella ascendens","Selaginella ascendens",Selaginella,,f,f,,,,,,,,,,,,,,,,,,,,,,,,,,,,,30003748-2,"Bull. Jard. Bot. Buitenzorg",urn:lsid:ipni.org:publications:875-2,1913,"1913 [Sep 1913]","[Sep 1913]",Alderw.,spec.,"Bull. Jard. Bot. Buitenzorg sér. 2, 11: 33. 1913 [Sep 1913] ",,,,,8,ascendens,,,f,t,,,,,,,Alderw.@125-1@1@aut,,5039120,"tax. nov.",,1.3,f,selaginella~ascendens,selaginellaceaeselaginella~ascendens~,206,wfo-1000069466,,species,,,,,https://www.ipni.org/n/77376689-1,"IPNI Record: 77376689-1","Bull. Jard. Bot. Buitenzorg sér. 2, 11: 33 (1913)"
urn:lsid:ipni.org:names:77376690-1,"(Miq.) Benth. & Hook.f.","Annonaceae Monoon Miq.",(Miq.),2082-1,,,"1(3): 956",,,,,,,,,,,,"15/02/2026 15:14","16/02/2026 15:54",,,Annonaceae,"Polyalthia sect. Monoon","Polyalthia sect. Monoon",Polyalthia,,f,f,,,,monoon,,,,,,,,,,,,,,,,,,,,,,,,null:,2110-1,"Gen. Pl. [Bentham & Hooker f.]",urn:lsid:ipni.org:publications:1324-2,1867,"1867 [Sep 1867]","[Sep 1867]","Benth. & Hook.f.",sect.,"Gen. Pl. [Bentham & Hooker f.] 1(3): 956. 1867 [Sep 1867] ",,,,,11,,,,f,t,,,,,,,Hook.f.@4084-1@2@aut$Benth.@15956-1@1@aut$Miq.@6509-1@3@bas,,48093620,"comb. et stat. nov.",,1.3,f,polyalthiamonoon,annonaceaepolyalthiamonoon~~,207,wfo-1000088249,,section,,,,,https://www.ipni.org/n/77376690-1,"IPNI Record: 77376690-1","Gen. Pl. [Bentham & Hooker f.] 1(3): 956 (1867)"
urn:lsid:ipni.org:names:77376691-1,Boerl.,,,,,,"19: 338",,,,,,,,,,,,"15/02/2026 17:23","16/02/2026 16:05",,,Annonaceae,"Polyalthia lateriflora var. elongata","Polyalthia lateriflora var. elongata",Polyalthia,,f,f,,,,,elongata,,,,,,,,,,,,,,,,,,,,,,,,74620-1,"Meded. Lands Plantentuin",urn:lsid:ipni.org:publications:4259-2,1898,"1898 [19 Aug 1898]","[19 Aug 1898]",Boerl.,var.,"Meded. Lands Plantentuin 19: 338. 1898 [19 Aug 1898] ",,,,,8,lateriflora,Kurz,,f,t,,,,,,,Boerl.@903-1@1@aut,Kurz@0-0@1@aut,,"tax. nov.",,1.3,f,polyalthia~laterifloraelongata,annonaceaepolyalthia~laterifloraelongata,208,wfo-1200027824,,variety,,,,,https://www.ipni.org/n/77376691-1,"IPNI Record: 77376691-1","Meded. Lands Plantentuin 19: 338 (1898)"
urn:lsid:ipni.org:names:77376692-1,Boerl.,,,,,,"1: 19",,,,,,,,,,,,"15/02/2026 17:38","16/02/2026 12:25",,,Annonaceae,"Polyalthia lateriflora var. kallak","Polyalthia lateriflora var. kallak",Polyalthia,,f,f,,,,,kallak,,,,,,,,,,,,,,,,,,,,,,,,74620-1,"Cat. Pl. Phan.",urn:lsid:ipni.org:publications:14839-2,1899,"1899 [Feb-Jun 1899]","[Feb-Jun 1899]",Boerl.,var.,"Cat. Pl. Phan. 1: 19. 1899 [Feb-Jun 1899] ",,"Protologue available at: https://www.google.co.uk/books/edition/Catalogus_plantarum_phanerogamarum_quae/O4ICAAAAYAAJ?q=&gbpv=1#f=false",,,8,lateriflora,Kurz,,f,t,,,,,,,Boerl.@903-1@1@aut,Kurz@0-0@1@aut,,"tax. nov.",,1.3,f,polyalthia~lateriflorakallak,annonaceaepolyalthia~lateriflorakallak,209,wfo-1200027761,,variety,,,,,https://www.ipni.org/n/77376692-1,"IPNI Record: 77376692-1","Cat. Pl. Phan. 1: 19 (1899)"
urn:lsid:ipni.org:names:77376693-1,Boerl.,,,,,,"1: 19",,,,,,,,,,,,"15/02/2026 17:40","16/02/2026 12:26",,,Annonaceae,"Polyalthia lateriflora var. macrophylla","Polyalthia lateriflora var. macrophylla",Polyalthia,,f,f,,,,,macrophylla,,,,,,,,,,,,,,,,,,,,,,,,74620-1,"Cat. Pl. Phan.",urn:lsid:ipni.org:publications:14839-2,1899,"1899 [Feb-Jun 1899]","[Feb-Jun 1899]",Boerl.,var.,"Cat. Pl. Phan. 1: 19. 1899 [Feb-Jun 1899] ",,"Protologue available at: https://www.google.co.uk/books/edition/Catalogus_plantarum_phanerogamarum_quae/O4ICAAAAYAAJ?q=&gbpv=1#f=false",,,8,lateriflora,Kurz,,f,t,,,,,,,Boerl.@903-1@1@aut,Kurz@0-0@1@aut,,"tax. nov.",,1.3,f,polyalthia~laterifloramacrophylla,annonaceaepolyalthia~laterifloramacrophylla,210,wfo-1200027825,,variety,,,,,https://www.ipni.org/n/77376693-1,"IPNI Record: 77376693-1","Cat. Pl. Phan. 1: 19 (1899)"
urn:lsid:ipni.org:names:77376694-1,Boerl.,,,,,,"1: 19",,,,,,,,,,,,"15/02/2026 17:41","16/02/2026 12:30",,,Annonaceae,"Polyalthia lateriflora var. siamensis","Polyalthia lateriflora var. siamensis",Polyalthia,,f,f,,,,,siamensis,,,,,,,,,,,,,,,,,,,,,,,,74620-1,"Cat. Pl. Phan.",urn:lsid:ipni.org:publications:14839-2,1899,"1899 [Feb-Jun 1899]","[Feb-Jun 1899]",Boerl.,var.,"Cat. Pl. Phan. 1: 19. 1899 [Feb-Jun 1899] ",,"Protologue available online at: https://www.google.co.uk/books/edition/Catalogus_plantarum_phanerogamarum_quae/O4ICAAAAYAAJ?q=&gbpv=1#f=false",,,8,lateriflora,Kurz,,f,t,,,,,,,Boerl.@903-1@1@aut,Kurz@0-0@1@aut,,"tax. nov.",,1.3,f,polyalthia~lateriflorasiamensis,annonaceaepolyalthia~lateriflorasiamensis,211,wfo-1200027826,,variety,,,,,https://www.ipni.org/n/77376694-1,"IPNI Record: 77376694-1","Cat. Pl. Phan. 1: 19 (1899)"
urn:lsid:ipni.org:names:77376696-1,Boerl.,,,,,,"1(2): 107",,,,,,,,,,,,"15/02/2026 18:22","16/02/2026 13:44",,,Annonaceae,"Polyalthia lateriflora var. ramuliflora","Polyalthia lateriflora var. ramuliflora",Polyalthia,,f,f,,,,,ramuliflora,,,,,,,,,,,,,,,,,,,,,,,,74620-1,"Icon. Bogor. [Boerlage]",urn:lsid:ipni.org:publications:9966-2,1899,"1899 [20 Sep 1899]","[20 Sep 1899]",Boerl.,var.,"Icon. Bogor. [Boerlage] 1(2): 107. 1899 [20 Sep 1899] ",,,,,8,lateriflora,Kurz,,f,t,,,,,,,Boerl.@903-1@1@aut,Kurz@0-0@1@aut,,"tax. nov.",,1.3,f,polyalthia~laterifloraramuliflora,annonaceaepolyalthia~laterifloraramuliflora,212,wfo-1200117012,,variety,,,,,https://www.ipni.org/n/77376696-1,"IPNI Record: 77376696-1","Icon. Bogor. [Boerlage] 1(2): 107 (1899)"
urn:lsid:ipni.org:names:77376697-1,Steven,,,,,,"3: 647",,,,,,,,,,,,"15/02/2026 20:00","15/02/2026 20:30",,,Boraginaceae,"Symphytum iberico","Symphytum iberico",Symphytum,,f,f,,,,,,,,,,,,,,,"nom. inval. nom. subnud.    Protologue: 'Symphytum cordatum. Caucasicam plantam sub Symphytum iberico specie nuper ab hungaricà distinguit Stevenus, utramque calyce et foliis manifeste differre, in litteris ad me datis perhibens'",,"nom. inval.",,,,,,,,,,,,30124711-2,"Fl. Taur.-Caucas.",urn:lsid:ipni.org:publications:950-2,1819,"1819 [Dec 1819 or early 1820]","[Dec 1819 or early 1820]",Steven,spec.,"Fl. Taur.-Caucas. 3: 647. 1819 [Dec 1819 or early 1820] ",,"The epithet 'iberico' is in the ablative case and not acceptable (se Madrid Code Art. 23.7(a))'",,,9,iberico,,,f,t,,,,,,,Steven@10125-1@1@aut,,,"tax. nov.",,1.2,f,symphytum~iberico,boraginaceaesymphytum~iberico~,213,wfo-1000088250,,species,,,,,https://www.ipni.org/n/77376697-1,"IPNI Record: 77376697-1","Fl. Taur.-Caucas. 3: 647 (1819)"
urn:lsid:ipni.org:names:77376698-1,C.E.V.Alexander,,,,,,"3: 1, figs. 1-4",,19,,6,,1689,2021,,"Cecelia E.V.Alexander",,,"16/02/2026 02:42","20/02/2026 21:33","New Mexico (South-Central U.S.A., Northern America);Colorado (Northwestern U.S.A., Northern America);",W,Brassicaceae,"Paronychia leucochthonicola","Paronychia leucochthonicola",Paronychia,,f,f,,,,,,,,36,20,43,"New Mexico, Taos County: Rim on the east side of the Rio de los Pueblos 0.8 miles northeast of its confluence with the Rio Grande, elev. 6700 ft.",105,43,10,,,,,,N,,,,,,,,,12893-1,"J. Semiarid Environm.",urn:lsid:ipni.org:publications:20027662-1,2026,"2026 [15 Feb 2026]","[15 Feb 2026]",C.E.V.Alexander,spec.,"J. Semiarid Environm. 3: 1, figs. 1-4. 2026 [15 Feb 2026] (epublished)",(epublished),"[english] Etymology: The epithet refers to the habitat on the rim of the Rio Grande Gorge: bands of whitish calcareous soil, conspicuous on aerial imagery against the adjacent basalts. doi:10.32942/X20T0W",,,9,leucochthonicola,,,f,t,,"holotype UNM;isotype KHD;isotype COLO",,,,,C.E.V.Alexander@0-0@1@aut,,,"tax. nov.",,1.2,f,paronychia~leucochthonicola,brassicaceaeparonychia~leucochthonicola~,214,wfo-1000088251,,species,,,,,https://www.ipni.org/n/77376698-1,"IPNI Record: 77376698-1","J. Semiarid Environm. 3: 1, figs. 1-4 (2026)"
urn:lsid:ipni.org:names:77376800-1,"(Maire) Véla & Mostari","Campanulaceae Jasione corymbosa Poir. var. battandieri Maire",(Maire),77280626-1,,,"30: 218",,,,,,,,,,,,"16/02/2026 16:47","19/02/2026 12:18",,,Campanulaceae,"Jasione corymbosa subsp. battandieri","Jasione corymbosa subsp. battandieri",Jasione,,f,f,,,,,battandieri,,,,,,,,,,,,,,,,,,,,,,,null:,142647-1,"Fl. Medit.",urn:lsid:ipni.org:publications:18179-2,2020,"2020 [29 Oct 2020]","[29 Oct 2020]","Véla & Mostari",subsp.,"Fl. Medit. 30: 218. 2020 [29 Oct 2020] ",,doi:10.7320/FlMedit30.207,,,9,corymbosa,Poir.,,f,t,,,,,,,Mostari@20096156-1@2@aut$Maire@0-0@3@bas$Véla@38514-1@1@aut,Poir.@0-0@1@aut,,"comb. nov.",,1.4,f,jasione~corymbosabattandieri,campanulaceaejasione~corymbosabattandieri,215,wfo-1200117074,,subspecies,,,,,https://www.ipni.org/n/77376800-1,"IPNI Record: 77376800-1","Fl. Medit. 30: 218 (2020)"
urn:lsid:ipni.org:names:77376801-1,Doluch.,,,,,,"7: 16",,,,,,,,,,,,"17/02/2026 04:34","20/02/2026 11:34",,,Betulaceae,"Betula litwinowii var. svanica","Betula litwinowii var. svanica",Betula,,f,f,,,,,svanica,,,,,,,,,,,,,,,,,,,,,,,,107823-1,"Zametki Sist. Geogr. Rast.",urn:lsid:ipni.org:publications:4063-2,1939,"1939 [Oct 1939]","[Oct 1939]",Doluch.,var.,"Zametki Sist. Geogr. Rast. 7: 16. 1939 [Oct 1939] ",,"Name added via registration. Protologue not seen by the IPNI editors.",,,8,litwinowii,Doluch.,,f,t,,,,,,,Doluch.@2260-1@1@aut,Doluch.@0-0@1@aut,,"tax. nov.",,1.3,f,betula~litwinowiisvanica,betulaceaebetula~litwinowiisvanica,216,wfo-1200117013,,variety,,,,,https://www.ipni.org/n/77376801-1,"IPNI Record: 77376801-1","Zametki Sist. Geogr. Rast. 7: 16 (1939)"
urn:lsid:ipni.org:names:77376802-1,Doluch.,,,,,,"7: 16",,,,,,,,,,,,"17/02/2026 04:36","20/02/2026 11:35",,,Betulaceae,"Betula litwinowii var. abchasica","Betula litwinowii var. abchasica",Betula,,f,f,,,,,abchasica,,,,,,,,,,,,,,,,,,,,,,,,107823-1,"Zametki Sist. Geogr. Rast.",urn:lsid:ipni.org:publications:4063-2,1939,"1939 [Oct 1939]","[Oct 1939]",Doluch.,var.,"Zametki Sist. Geogr. Rast. 7: 16. 1939 [Oct 1939] ",,"Name added via registration. Protologue not seen by the IPNI editors.",,,8,litwinowii,Doluch.,,f,t,,,,,,,Doluch.@2260-1@1@aut,Doluch.@0-0@1@aut,,"tax. nov.",,1.3,f,betula~litwinowiiabchasica,betulaceaebetula~litwinowiiabchasica,217,wfo-1200117014,,variety,,,,,https://www.ipni.org/n/77376802-1,"IPNI Record: 77376802-1","Zametki Sist. Geogr. Rast. 7: 16 (1939)"
urn:lsid:ipni.org:names:77376803-1,"X.H.Jin, T.R.Pandey & Y.Jun Wang",,,,,,"741(3): 292",,18,,7,,75277,2025,,X.H.Jin,,,"17/02/2026 09:51","17/02/2026 09:51","Tibet (China, Asia-Temperate)",,Orchidaceae,"Ponerorchis milinensis","Ponerorchis milinensis",Ponerorchis,,f,f,,,,,,,,,,,"Milin County, 3100 m",,,,,,,,,,,,,,,,,,30411-1,Phytotaxa,urn:lsid:ipni.org:publications:20011462-1,2026,"2026 [17 Feb 2026]","[17 Feb 2026]","X.H.Jin, T.R.Pandey & Y.Jun Wang",spec.,"Phytotaxa 741(3): 292. 2026 [17 Feb 2026] ",,"doi:10.11646/phytotaxa.741.3.4 Etymology: the specific epithet is derived from the locality of the type specimen, i.e., Milin County in Tibet (Xizang Autonomous Region of China).",,,11,milinensis,,,f,t,,"holotype PE;isotype PE",,,,,"T.R.Pandey@20084975-1@2@aut$X.H.Jin@39725-1@1@aut$Y.Jun Wang@20069706-1@3@aut",,,"tax. nov.",,1.1,f,ponerorchis~milinensis,orchidaceaeponerorchis~milinensis~,218,wfo-1000088252,,species,,,,,https://www.ipni.org/n/77376803-1,"IPNI Record: 77376803-1","Phytotaxa 741(3): 292 (2026)"
urn:lsid:ipni.org:names:77376804-1,"Bharath, Ram.Kandag., Paramesh, G.Ravi & Karupp.",,,,,,"105(1): 34",,23,,12,,2981,2023,,"P.Bharath Simha Yadav",,,"17/02/2026 11:48","17/02/2026 11:48","Andhra Pradesh (India, Indian Subcontinent, Asia-Tropical)",,Acanthaceae,"Barleria longiflora var. rosea","Barleria longiflora var. rosea",Barleria,,f,f,,,,,rosea,,,,,,"Telangana, Warangal, Parvathagiri",,,,,,,,,,,,,,,,,,46049-1,"J. Indian Bot. Soc.",urn:lsid:ipni.org:publications:2341-2,2024,"2024 [3 Dec 2024]","[3 Dec 2024]","Bharath, Ram.Kandag., Paramesh, G.Ravi & Karupp.",var.,"J. Indian Bot. Soc. 105(1): 34. 2024 [3 Dec 2024] ",,"doi:10.61289/jibs2024.07.05.0168 Etymology: 'The specific epithet is named after flower colour'.",,,11,longiflora,L.f.,,f,t,,"holotype SGH;isotype BSID",,,,,Bharath@20062735-1@1@aut$Ram.Kandag.@20096149-1@2@aut$Karupp.@20013498-1@5@aut$Paramesh@20048384-1@3@aut$G.Ravi@20081342-1@4@aut,L.f.@22405-1@1@aut,,"tax. nov.",,1.1,f,barleria~longiflorarosea,acanthaceaebarleria~longiflorarosea,219,wfo-1200117015,,variety,,,,,https://www.ipni.org/n/77376804-1,"IPNI Record: 77376804-1","J. Indian Bot. Soc. 105(1): 34 (2024)"
urn:lsid:ipni.org:names:77376805-1,Satake,,,,,,"4(pt. 6): 486",,,,,,,,,,,,"17/02/2026 12:22","17/02/2026 12:22",,,Urticaceae,"Boehmeria sect. Sieboldianae","Boehmeria sect. Sieboldianae",Boehmeria,,f,f,,,,sieboldianae,,,,,,,,,,,,,,,,,,,,,,,,,327224-2,"J. Fac. Sci. Univ. Tokyo, Sect. 3, Bot.",urn:lsid:ipni.org:publications:3000-2,1936,"1936 [25 Jul 1936]","[25 Jul 1936]",Satake,sect.,"J. Fac. Sci. Univ. Tokyo, Sect. 3, Bot. 4(pt. 6): 486. 1936 [25 Jul 1936] ",,,,,8,,,,f,t,,,,,,,Satake@8938-1@1@aut,,,"tax. nov.",,1.1,f,boehmeriasieboldianae,urticaceaeboehmeriasieboldianae~~,220,wfo-1000088253,,section,,,,,https://www.ipni.org/n/77376805-1,"IPNI Record: 77376805-1","J. Fac. Sci. Univ. Tokyo, Sect. 3, Bot. 4(pt. 6): 486 (1936)"
urn:lsid:ipni.org:names:77376806-1,"(Satake) H.J.Jo & G.Y.Chung","Urticaceae Boehmeria sect. Sieboldianae Satake",(Satake),77376805-1,,,"55(4): 215",,,,,,,,,,,,"17/02/2026 12:50","17/02/2026 12:50",,,Urticaceae,"Boehmeria ser. Sieboldianae","Boehmeria ser. Sieboldianae",Boehmeria,,f,f,,,,sieboldianae,,,,,,,,,,,,,,,,,,,,,,,,,327224-2,"Korean J. Pl. Taxon.",urn:lsid:ipni.org:publications:10815-2,2025,"2025 [31 Dec 2025]","[31 Dec 2025]","H.J.Jo & G.Y.Chung",ser.,"Korean J. Pl. Taxon. 55(4): 215. 2025 [31 Dec 2025] ",,,,,11,,,,f,t,,,,,,,Satake@8938-1@3@bas$G.Y.Chung@20026908-1@2@aut$H.J.Jo@20096151-1@1@aut,,,"stat. nov.",,1.1,f,boehmeriasieboldianae,urticaceaeboehmeriasieboldianae~~,221,wfo-1000088467,,series,,,,,https://www.ipni.org/n/77376806-1,"IPNI Record: 77376806-1","Korean J. Pl. Taxon. 55(4): 215 (2025)"
urn:lsid:ipni.org:names:77376807-1,"Niketić, Tomović & Buzurović",,,,,,"48(2): 265",,29,,6,,,2019,,"M.Niketić, G.Tomović, K.Jakovljević",,,"17/02/2026 14:55","17/02/2026 14:55","Serbia (Yugoslavia, Southeastern Europe, Europe)",,Asteraceae,"Centaurea ozrenii","Centaurea ozrenii",Centaurea,,f,f,,,,,,,,,,,"Southwestern Serbia, Mt. Ozren, Revuša, UTM DN08, 1597 m",,,,,,,,,,,,,,,,,,330045-2,"Bot. Serbica",urn:lsid:ipni.org:publications:20011976-1,2024,"2024 [Sep 2024]","[Sep 2024]","Niketić, Tomović & Buzurović",spec.,"Bot. Serbica 48(2): 265. 2024 [Sep 2024] ",,"doi:10.2298/BOTSERB2402263B Etymology: 'The specific epithet 'ozrenii' refers to Mt. Ozren near Sjenica, where the species was found.This is the only known locality of the species.'",,,10,ozrenii,,,f,t,,"holotype BEOU 18033;isotype BEO 101521",,,,,Tomović@20013217-1@2@aut$Buzurović@20033416-1@3@aut$Niketić@36916-1@1@aut,,,"tax. nov.",,1.1,f,centaurea~ozrenii,asteraceaecentaurea~ozrenii~,222,wfo-1000088254,,species,,,,,https://www.ipni.org/n/77376807-1,"IPNI Record: 77376807-1","Bot. Serbica 48(2): 265 (2024)"
urn:lsid:ipni.org:names:77376808-1,"Ortíz-Rodr. & Lagos-Báez",,,,,,"24(2): 159",,,,5,,57,2019,,K.Lagos-Báez,,,"17/02/2026 15:38","17/02/2026 15:38","Chiapas (Mexico Southeast, Mexico, Northern America)",W,Urticaceae,"Pilea monroi","Pilea monroi",Pilea,,f,f,,,,,,,,16,51,51,"Berriozábal, Zona sujeta a protección ecológica 'La Pera'. Predio 'Flor de Café', 1068 m",93,19,52,,,,,,N,,,,,,,,,331855-2,"Organisms Diversity Evol.",urn:lsid:ipni.org:publications:20000122-1,2024,"2024 [28 Feb 2024]","[28 Feb 2024]","Ortíz-Rodr. & Lagos-Báez",spec.,"Organisms Diversity Evol. 24(2): 159. 2024 [28 Feb 2024] ",,"doi:10.1007/s13127-024-00638-x Etymology: the specific epithet is named in honour of Dr. Alex Monro, specialist in the genus Pilea.",,,11,monroi,,,f,t,,"holotype MEXU;isotype MO;isotype K",,", 'K' as 'KEW'",,,Lagos-Báez@20096152-1@2@aut$Ortíz-Rodr.@20026505-1@1@aut,,,"tax. nov.",,1.1,f,pilea~monroi,urticaceaepilea~monroi~,223,wfo-1000088255,,species,,,,,https://www.ipni.org/n/77376808-1,"IPNI Record: 77376808-1","Organisms Diversity Evol. 24(2): 159 (2024)"
urn:lsid:ipni.org:names:77376809-1,Drobow,,,,,,"16: 134",,,,,,,,,,,,"17/02/2026 15:39","18/02/2026 13:50",,,Poaceae,"Phragmites communis var. stenophylloides","Phragmites communis var. stenophylloides",Phragmites,,f,f,,,,,stenophylloides,,,,,,,,,,,,,,,,,,,,,,,,415919-1,"Trudy Bot. Muz. Imp. Akad. Nauk",urn:lsid:ipni.org:publications:4718-2,1916,"1916 [Dec 1916]","[Dec 1916]",Drobow,var.,"Trudy Bot. Muz. Imp. Akad. Nauk 16: 134. 1916 [Dec 1916] ",,,,,8,communis,Trin.,,f,t,,,,,,,Drobow@2317-1@1@aut,Trin.@0-0@1@aut,,"tax. nov.",,1.3,f,phragmites~communisstenophylloides,poaceaephragmites~communisstenophylloides,224,wfo-1200117016,,variety,,,,,https://www.ipni.org/n/77376809-1,"IPNI Record: 77376809-1","Trudy Bot. Muz. Imp. Akad. Nauk 16: 134 (1916)"
urn:lsid:ipni.org:names:77376810-1,Drobow,,,,,,"16: 137",,,,,,,,,,,,"17/02/2026 15:56","18/02/2026 13:37",,,Poaceae,"Agropyron repens var. ferganicum","Agropyron repens var. ferganicum",Agropyron,,f,f,,,,,ferganicum,,,,,,,,,,,,,,,,,,,,,,,,30083247-2,"Trudy Bot. Muz. Imp. Akad. Nauk",urn:lsid:ipni.org:publications:4718-2,1916,"1916 [Dec 1916]","[Dec 1916]",Drobow,var.,"Trudy Bot. Muz. Imp. Akad. Nauk 16: 137. 1916 [Dec 1916] ",,,,,8,repens,"(L.) P.Beauv.",,f,t,,,,,,,Drobow@2317-1@1@aut,P.Beauv.@0-0@1@aut$L.@0-0@2@bas,,"tax. nov.",,1.3,f,agropyron~repensferganicum,poaceaeagropyron~repensferganicum,225,wfo-1200117017,,variety,,,,,https://www.ipni.org/n/77376810-1,"IPNI Record: 77376810-1","Trudy Bot. Muz. Imp. Akad. Nauk 16: 137 (1916)"
urn:lsid:ipni.org:names:77376811-1,DC.,,,,,,"1: 162",,,,,,,,,,,,"17/02/2026 15:59","17/02/2026 15:59",,,Ranunculaceae,"Clematis sect. Cheiropsis","Clematis sect. Cheiropsis",Clematis,,f,f,,,,cheiropsis,,,,,,,,,,,,,,,,,,,,,,,,,329401-2,"Syst. Nat.",urn:lsid:ipni.org:publications:8273-2,1817,"1817 [1-15 Nov 1817]","[1-15 Nov 1817]",DC.,sect.,"Syst. Nat. 1: 162. 1817 [1-15 Nov 1817] ",,"Atragene subgen. Viorna Pers. (1806) includes 2 syntype species, viz., A. cirrhosa (l.) Pers. and A. balearica (Rich.) Pers.; For his Clematis sect. Cheiropsis, DC. included the 2 syntypes",60442553-2,,9,,,,f,t,,,,,,,DC.@16855-1@1@aut,,,"nom. et stat. nov.",,1.1,f,clematischeiropsis,ranunculaceaeclematischeiropsis~~,226,wfo-1000088256,,section,,,,,https://www.ipni.org/n/77376811-1,"IPNI Record: 77376811-1","Syst. Nat. 1: 162 (1817)"
urn:lsid:ipni.org:names:77376812-1,Drobow,,,,,,"16: 139",,,,,,,,,,,,"17/02/2026 15:59","18/02/2026 13:44",,,Cyperaceae,"Schoenoplectus litoralis var. ferganicus","Schoenoplectus litoralis var. ferganicus",Schoenoplectus,,f,f,,,,,ferganicus,,,,,,,,,,,,,,,,,,,,,,,,989624-1,"Trudy Bot. Muz. Imp. Akad. Nauk",urn:lsid:ipni.org:publications:4718-2,1916,"1916 [Dec 1916]","[Dec 1916]",Drobow,var.,"Trudy Bot. Muz. Imp. Akad. Nauk 16: 139. 1916 [Dec 1916] ",,,,,8,litoralis,"(Schrad.) Palla",,f,t,,,,,,,Drobow@2317-1@1@aut,Palla@0-0@1@aut$Schrad.@0-0@2@bas,,"tax. nov.",,1.3,f,schoenoplectus~litoralisferganicus,cyperaceaeschoenoplectus~litoralisferganicus,227,wfo-1200117018,,variety,,,,,https://www.ipni.org/n/77376812-1,"IPNI Record: 77376812-1","Trudy Bot. Muz. Imp. Akad. Nauk 16: 139 (1916)"
urn:lsid:ipni.org:names:77376813-1,Drobow,,,,,,"16: 144",,,,,,,,,,,,"17/02/2026 16:05","18/02/2026 13:40",,,Lamiaceae,"Ziziphora clinopodioides var. alaica","Ziziphora clinopodioides var. alaica",Ziziphora,,f,f,,,,,alaica,,,,,,,,,,,,,,,,,,,,,,,,461978-1,"Trudy Bot. Muz. Imp. Akad. Nauk",urn:lsid:ipni.org:publications:4718-2,1916,"1916 [Dec 1916]","[Dec 1916]",Drobow,var.,"Trudy Bot. Muz. Imp. Akad. Nauk 16: 144. 1916 [Dec 1916] ",,,,,8,clinopodioides,Lam.,,f,t,,,,,,,Drobow@2317-1@1@aut,Lam.@0-0@1@aut,,"tax. nov.",,1.3,f,ziziphora~clinopodioidesalaica,lamiaceaeziziphora~clinopodioidesalaica,228,wfo-1200117019,,variety,,,,,https://www.ipni.org/n/77376813-1,"IPNI Record: 77376813-1","Trudy Bot. Muz. Imp. Akad. Nauk 16: 144 (1916)"
urn:lsid:ipni.org:names:77376814-1,Boiss.,,,,,,"4(1): 84",,,,,,,,,,,,"17/02/2026 17:01","20/02/2026 12:08",,,Convolvulaceae,"Convolvulus sect. Acanthocladi","Convolvulus sect. Acanthocladi",Convolvulus,,f,f,,,,acanthocladi,,,,,,,,,,,,,,,,,,,,,,,,,325787-2,"Fl. Orient. [Boissier]",urn:lsid:ipni.org:publications:945-2,1875,"1875 [Sep-Oct 1875]","[Sep-Oct 1875]",Boiss.,sect.,"Fl. Orient. [Boissier] 4(1): 84. 1875 [Sep-Oct 1875] ",,,,,8,,,,f,t,,,"Convolvulus leiocalycinus Boiss., Diagn. Pl. Orient. ser. 1, 7: 28 (1846).",,,,Boiss.@16284-1@1@aut,,,"tax. nov.",,1.4,f,convolvulusacanthocladi,convolvulaceaeconvolvulusacanthocladi~~,229,wfo-1000088257,,section,,,,,https://www.ipni.org/n/77376814-1,"IPNI Record: 77376814-1","Fl. Orient. [Boissier] 4(1): 84 (1875)"
urn:lsid:ipni.org:names:77376815-1,Petrov,,,,,,"44(3): 135",,,,,,,,,,,,"17/02/2026 17:07","20/02/2026 14:00",,,Convolvulaceae,"Convolvulus sect. Rigidiramea","Convolvulus sect. Rigidiramea",Convolvulus,,f,f,,,,rigidiramea,,,,,,,,,,,,,,,,,,,,,,,,,325787-2,"Byull. Moskovsk. Obshch. Isp. Prir., Otd. Biol.",urn:lsid:ipni.org:publications:856-2,1935,1935,,Petrov,sect.,"Byull. Moskovsk. Obshch. Isp. Prir., Otd. Biol. 44(3): 135. 1935 ",,,,,8,,,,f,t,,,"Convolvulus erinaceus Ledeb., in Eichw. Casp. Cauc. 11. t. 7.",,,,Petrov@7594-1@1@aut,,,"tax. nov.",,1.3,f,convolvulusrigidiramea,convolvulaceaeconvolvulusrigidiramea~~,230,wfo-1000088258,,section,,,,,https://www.ipni.org/n/77376815-1,"IPNI Record: 77376815-1","Byull. Moskovsk. Obshch. Isp. Prir., Otd. Biol. 44(3): 135 (1935)"
urn:lsid:ipni.org:names:77376816-1,Petrov,,,,,,"44(3): 141",,,,,,,,,,,,"17/02/2026 17:11","20/02/2026 14:01",,,Convolvulaceae,"Convolvulus sect. Solutoracemosa","Convolvulus sect. Solutoracemosa",Convolvulus,,f,f,,,,solutoracemosa,,,,,,,,,,,,,,,,,,,,,,,,,325787-2,"Byull. Moskovsk. Obshch. Isp. Prir., Otd. Biol.",urn:lsid:ipni.org:publications:856-2,1935,1935,,Petrov,sect.,"Byull. Moskovsk. Obshch. Isp. Prir., Otd. Biol. 44(3): 141. 1935 ",,,,,8,,,,f,t,,,"Convolvulus cantabrica L., Sp. Pl. 1: 158 (1753).",,,,Petrov@7594-1@1@aut,,,"tax. nov.",,1.3,f,convolvulussolutoracemosa,convolvulaceaeconvolvulussolutoracemosa~~,231,wfo-1000088259,,section,,,,,https://www.ipni.org/n/77376816-1,"IPNI Record: 77376816-1","Byull. Moskovsk. Obshch. Isp. Prir., Otd. Biol. 44(3): 141 (1935)"
urn:lsid:ipni.org:names:77376817-1,"Boiss. ex Petrov",,,,,,"44(3): 143",,,,,,,,,,,,"17/02/2026 17:16","20/02/2026 14:03",,,Convolvulaceae,"Convolvulus sect. Inermia","Convolvulus sect. Inermia",Convolvulus,,f,f,,,,inermia,,,,,,,,,,,,,,,,,,,,,,,,,325787-2,"Byull. Moskovsk. Obshch. Isp. Prir., Otd. Biol.",urn:lsid:ipni.org:publications:856-2,1935,1935,,"Boiss. ex Petrov",sect.,"Byull. Moskovsk. Obshch. Isp. Prir., Otd. Biol. 44(3): 143. 1935 ",,,,,8,,,,f,t,,,"Convolvulus commutatus Boiss., Diagn. Pl. Orient. ser. 1, 11: 81 (1849).",,,,Boiss.@16284-1@1@aut$Petrov@7594-1@2@autEx,,,"tax. nov.",,1.3,f,convolvulusinermia,convolvulaceaeconvolvulusinermia~~,232,wfo-1000088260,,section,,,,,https://www.ipni.org/n/77376817-1,"IPNI Record: 77376817-1","Byull. Moskovsk. Obshch. Isp. Prir., Otd. Biol. 44(3): 143 (1935)"
urn:lsid:ipni.org:names:77376818-1,Boiss.,,,,,,"4(1): 85",,,,,,,,,,,,"17/02/2026 17:19","20/02/2026 12:20",,,Convolvulaceae,"Convolvulus sect. Pannosi","Convolvulus sect. Pannosi",Convolvulus,,f,f,,,,pannosi,,,,,,,,,,,,,,,,,,,,,,,,,325787-2,"Fl. Orient. [Boissier]",urn:lsid:ipni.org:publications:945-2,1875,"1875 [Sep-Oct 1875]","[Sep-Oct 1875]",Boiss.,sect.,"Fl. Orient. [Boissier] 4(1): 85. 1875 [Sep-Oct 1875] ",,,,,8,,,,f,t,,,"Convolvulus persicus L., Sp. Pl. 1: 158 (1753)",,,,Boiss.@16284-1@1@aut,,,"tax. nov.",,1.3,f,convolvuluspannosi,convolvulaceaeconvolvuluspannosi~~,233,wfo-1000088261,,section,,,,,https://www.ipni.org/n/77376818-1,"IPNI Record: 77376818-1","Fl. Orient. [Boissier] 4(1): 85 (1875)"
urn:lsid:ipni.org:names:77376819-1,Boiss.,,,,,,"4(1): 85",,,,,,,,,,,,"17/02/2026 17:24","20/02/2026 12:40",,,Convolvulaceae,"Convolvulus sect. Volubiles","Convolvulus sect. Volubiles",Convolvulus,,f,f,,,,volubiles,,,,,,,,,,,,,,,,,,,,,,,,,325787-2,"Fl. Orient. [Boissier]",urn:lsid:ipni.org:publications:945-2,1875,"1875 [Sep-Oct 1875]","[Sep-Oct 1875]",Boiss.,sect.,"Fl. Orient. [Boissier] 4(1): 85. 1875 [Sep-Oct 1875] ",,,,,8,,,,f,t,,,"Convolvulus hirsutus M.Bieb., Fl. Taur.-Caucas. 1: 422 (1808).",,,,Boiss.@16284-1@1@aut,,,"tax. nov.",,1.3,f,convolvulusvolubiles,convolvulaceaeconvolvulusvolubiles~~,234,wfo-1000088262,,section,,,,,https://www.ipni.org/n/77376819-1,"IPNI Record: 77376819-1","Fl. Orient. [Boissier] 4(1): 85 (1875)"
urn:lsid:ipni.org:names:77376820-1,Boiss.,,,,,,"4(1): 85",,,,,,,,,,,,"17/02/2026 17:28","20/02/2026 12:47",,,Convolvulaceae,"Convolvulus sect. Scandentes","Convolvulus sect. Scandentes",Convolvulus,,f,f,,,,scandentes,,,,,,,,,,,,,,,,,,,,,,,,,325787-2,"Fl. Orient. [Boissier]",urn:lsid:ipni.org:publications:945-2,1875,"1875 [Sep-Oct 1875]","[Sep-Oct 1875]",Boiss.,sect.,"Fl. Orient. [Boissier] 4(1): 85. 1875 [Sep-Oct 1875] ",,,,,8,,,,f,t,,,"Convolvulus scammonia L., Sp. Pl. 1: 153 (1753).",,,,Boiss.@16284-1@1@aut,,,"tax. nov.",,1.3,f,convolvulusscandentes,convolvulaceaeconvolvulusscandentes~~,235,wfo-1000088263,,section,,,,,https://www.ipni.org/n/77376820-1,"IPNI Record: 77376820-1","Fl. Orient. [Boissier] 4(1): 85 (1875)"
urn:lsid:ipni.org:names:77376821-1,Sa'ad,,,,,,"281(1): 46",,,,,,,,,,,,"17/02/2026 17:35","20/02/2026 14:08",,,Convolvulaceae,"Convolvulus sect. Floridi","Convolvulus sect. Floridi",Convolvulus,,f,f,,,,floridi,,,,,,,,,,,,,,,,,,,,,,,,,325787-2,"Meded. Bot. Mus. Herb. Rijks Univ. Utrecht",urn:lsid:ipni.org:publications:999-2,1967,1967,,Sa'ad,sect.,"Meded. Bot. Mus. Herb. Rijks Univ. Utrecht 281(1): 46. 1967 ",,,,,8,,,,f,t,,,"Convolvulus floridus L.f., Suppl. Pl. 136 (1782).",,,,Sa'ad@8776-1@1@aut,,,"tax. nov.",,1.3,f,convolvulusfloridi,convolvulaceaeconvolvulusfloridi~~,236,wfo-1000088264,,section,,,,,https://www.ipni.org/n/77376821-1,"IPNI Record: 77376821-1","Meded. Bot. Mus. Herb. Rijks Univ. Utrecht 281(1): 46 (1967)"
urn:lsid:ipni.org:names:77376822-1,"Neck. ex Juss.",,,,,,"1: 387",,,,,,,,,,,,"17/02/2026 18:57","17/02/2026 18:57",,,Polygalaceae,Muralta,Muralta,Muralta,,f,f,,,,,,,,,,,,,,,"nom. illeg. later homonym    non Muralta Adans., 1763 (nom. rej.), Ranunculaceae",,"nom. illeg.",,,,,,,,,,,,30000688-2,"Mém. Mus. Hist. Nat.",urn:lsid:ipni.org:publications:4267-2,1815,1815,,"Neck. ex Juss.",gen.,"Mém. Mus. Hist. Nat. 1: 387. 1815 ",,,,,9,,,,f,t,,,"non designatus",,,,Juss.@4596-1@2@autEx$Neck.@23973-1@1@aut,,,"tax. nov.",,1.1,f,muralta,polygalaceaemuralta~~~,237,wfo-4100006443,,genus,,,,,https://www.ipni.org/n/77376822-1,"IPNI Record: 77376822-1","Mém. Mus. Hist. Nat. 1: 387 (1815)"
urn:lsid:ipni.org:names:77376824-1,A.Gray,,,,,,"1(1.1): 5",,,,,,,,,,,,"17/02/2026 20:17","17/02/2026 20:26",,,Ranunculaceae,"Clematis subgen. Viorna","Clematis subgen. Viorna",Clematis,,f,f,,,,viorna,,,,,,,,,,,,,,,,,,,,,,,,,329401-2,"Syn. Fl. N. Amer.",urn:lsid:ipni.org:publications:1294-2,1895,1895,,A.Gray,subgen.,"Syn. Fl. N. Amer. 1(1.1): 5. 1895 ",,"Regarding the subgeneric rank: the preface (in vol. 2(pt. 1, p. 1) shows: 'The characters of sections of genera, when of comparatively high rank, are designated by the sectional mark (§) and printed in the larger type ; and those of first importance, such as may be termed subgenera, are distinguished by having a substantive name'; in this case, Viorna is a substantive epithet.",989323-1,,9,,,,f,t,,,,,,,A.Gray@19574-1@1@aut,,,"nom. et stat. nov.",,1.3,f,clematisviorna,ranunculaceaeclematisviorna~~,238,wfo-1000088468,,subgenus,,,,,https://www.ipni.org/n/77376824-1,"IPNI Record: 77376824-1","Syn. Fl. N. Amer. 1(1.1): 5 (1895)"
urn:lsid:ipni.org:names:77376827-1,DC.,,,,,,"1: 133",,,,,,,,,,,,"17/02/2026 20:49","17/02/2026 20:49",,,Ranunculaceae,"Clematis sect. Flammula","Clematis sect. Flammula",Clematis,,f,f,,,,flammula,,,,,,,,,,,,,,,,,,,,,,,,,329401-2,"Syst. Nat.",urn:lsid:ipni.org:publications:8273-2,1817,"1817 [1-15 Nov 1817]","[1-15 Nov 1817]",DC.,sect.,"Syst. Nat. 1: 133. 1817 [1-15 Nov 1817] ",,,,,8,,,,f,t,,,"Clematis flammula L.",,,,DC.@16855-1@1@aut,,,"tax. nov.",,1.1,f,clematisflammula,ranunculaceaeclematisflammula~~,239,wfo-1000088469,,section,,,,,https://www.ipni.org/n/77376827-1,"IPNI Record: 77376827-1","Syst. Nat. 1: 133 (1817)"
urn:lsid:ipni.org:names:77376828-1,"(DC.) Webb ex Spach","Ranunculaceae Clematis sect. Flammula DC.",(DC.),77376827-1,,,"7: 208",,,,,,,,,,,,"17/02/2026 21:23","17/02/2026 21:23",,,Ranunculaceae,"Clematis subgen. Flammula","Clematis subgen. Flammula",Clematis,,f,f,,,,flammula,,,,,,,,,,,,,,,,,,,,,,,,,329401-2,"Hist. Nat. Vég. (Spach)",urn:lsid:ipni.org:publications:1284-2,1838,"1838 [4 Mai 1838]","[4 Mai 1838]","Webb ex Spach",subgen.,"Hist. Nat. Vég. (Spach) 7: 208. 1838 [4 Mai 1838] ",,"Reference to the basionym indirect",,,11,,,,f,t,,,,,,,DC.@16855-1@3@bas$Spach@9939-1@2@autEx$Webb@11454-1@1@aut,,,"stat. nov.",,1.1,f,clematisflammula,ranunculaceaeclematisflammula~~,240,wfo-1000088470,,subgenus,,,,,https://www.ipni.org/n/77376828-1,"IPNI Record: 77376828-1","Hist. Nat. Vég. (Spach) 7: 208 (1838)"
urn:lsid:ipni.org:names:77376829-1,"(DC.) Spach","Ranunculaceae Clematis sect. Cheiropsis DC.",(DC.),77376811-1,,,"7: 260",,,,,,,,,,,,"17/02/2026 23:58","17/02/2026 23:58",,,Ranunculaceae,Cheiropsis,Cheiropsis,Cheiropsis,,f,f,,,,,,33091-1,,,,,,,,,isonym,,isonym,,,,,,,,,,,,30000277-2,"Hist. Nat. Vég. (Spach)",urn:lsid:ipni.org:publications:1284-2,1838,"1838 [dt. May 1839; publ. 4 May 1838]","[dt. May 1839; publ. 4 May 1838]",Spach,gen.,"Hist. Nat. Vég. (Spach) 7: 260. 1838 [dt. May 1839; publ. 4 May 1838] ",,,,,13,,,,f,t,,,,,,,Spach@9939-1@1@aut$DC.@16855-1@2@bas,,,"stat. nov.",,1.1,f,cheiropsis,ranunculaceaecheiropsis~~~,241,wfo-4100006466,,genus,,,,,https://www.ipni.org/n/77376829-1,"IPNI Record: 77376829-1","Hist. Nat. Vég. (Spach) 7: 260 (1838)"
urn:lsid:ipni.org:names:77376830-1,"(A.Gray) Prantl","Ranunculaceae Clematis subgen. Viorna A.Gray",(A.Gray),77376824-1,,,"9(3): 258",,,,,,,,,,,,"18/02/2026 00:42","18/02/2026 00:42",,,Ranunculaceae,"Clematis sect. Viorna","Clematis sect. Viorna",Clematis,,f,f,,,,viorna,,,,,,,,,,,,,,,,,,,,,,,,,329401-2,"Bot. Jahrb. Syst.",urn:lsid:ipni.org:publications:553-2,1887,1887,,Prantl,sect.,"Bot. Jahrb. Syst. 9(3): 258. 1887 ",,,,,11,,,,f,t,,,,,,,Prantl@25054-1@1@aut$A.Gray@19574-1@2@bas,,,"stat. nov.",,1.1,f,clematisviorna,ranunculaceaeclematisviorna~~,242,wfo-1000088471,,section,,,,,https://www.ipni.org/n/77376830-1,"IPNI Record: 77376830-1","Bot. Jahrb. Syst. 9(3): 258 (1887)"
urn:lsid:ipni.org:names:77376831-1,"J.Gay ex Samp.",,,,,,84,,,,,,,,,,,,"18/02/2026 03:58","20/02/2026 14:46",,,Caryophyllaceae,"Silene macrorhiza","Silene macrorhiza",Silene,,f,f,,,,,,,,,,,,,,,"nom. illeg. nom. superfl.",,"nom. illeg.",,,,,,,,,,,,331962-2,"Herb. Port.",urn:lsid:ipni.org:publications:9811-2,1913,1913,,"J.Gay ex Samp.",spec.,"Herb. Port. 84. 1913 ",,,,,9,macrorhiza,,157363-1,f,t,,,,,,,J.Gay@3059-1@1@aut$Samp.@8866-1@2@autEx,,,"tax. nov.",,1.3,f,silene~macrorhiza,caryophyllaceaesilene~macrorhiza~,243,wfo-1000088472,,species,,,,,https://www.ipni.org/n/77376831-1,"IPNI Record: 77376831-1","Herb. Port. 84 (1913)"
urn:lsid:ipni.org:names:77376832-1,"Welw. ex Rouy",,,,,,"sér. 2, 2: 43",,,,,,,,,,,,"18/02/2026 06:48","20/02/2026 15:41",,,Caryophyllaceae,"Silene foetida subsp. herminii","Silene foetida subsp. herminii",Silene,,f,f,,,,,herminii,,,,,,,,,,,,,,,,,,,,,,,,157363-1,Naturaliste,urn:lsid:ipni.org:publications:11102-2,1888,"1888 [15 Feb 1888]","[15 Feb 1888]","Welw. ex Rouy",subsp.,"Naturaliste sér. 2, 2: 43. 1888 [15 Feb 1888] ",,,,,8,foetida,"Link ex Spreng.",,f,t,,,,,,,Rouy@8674-1@2@autEx$Welw.@11540-1@1@aut,Spreng.@0-0@2@autEx$Link@0-0@1@aut,10452879,"tax. nov.",,1.3,f,silene~foetidaherminii,caryophyllaceaesilene~foetidaherminii,244,wfo-0000734649,,subspecies,,,,,https://www.ipni.org/n/77376832-1,"IPNI Record: 77376832-1","Naturaliste sér. 2, 2: 43 (1888)"
urn:lsid:ipni.org:names:77376833-1,Y.S.Chen,,,,,,"742(1): 86",,28,,2,,ZL2025013,2025,,"Z.C.Jin, L.Li &amp; B.Y.Zhang",,,"18/02/2026 12:04","18/02/2026 12:04","Guangdong (China Southeast, China, Asia-Temperate)",,Arecaceae,"Lanonia yangchunensis","Lanonia yangchunensis",Lanonia,,f,f,,,,,,,,,,,"Yangchun, Ehuangzhang Provincial Nature Reserve, ca. 400 m",,,,,,,,,,,,,,,,,,77121232-1,Phytotaxa,urn:lsid:ipni.org:publications:20011462-1,2026,"2026 [18 Feb 2026]","[18 Feb 2026]",Y.S.Chen,spec.,"Phytotaxa 742(1): 86. 2026 [18 Feb 2026] ",,"doi:10.11646/phytotaxa.742.1.5 Etymology: the specific epithet is named for the type locality, Guangdong Province, China.",,,11,yangchunensis,,,f,t,,"holotype ISBC ISBC1083374;isotype ISBC ISBC1083375",,,,,Y.S.Chen@20000172-1@1@aut,,,"tax. nov.",,1.1,f,lanonia~yangchunensis,arecaceaelanonia~yangchunensis~,245,wfo-1000088265,,species,,,,,https://www.ipni.org/n/77376833-1,"IPNI Record: 77376833-1","Phytotaxa 742(1): 86 (2026)"
urn:lsid:ipni.org:names:77376834-1,"C.R.Lin, M.B.Yu & Z.B.Tang",,,,,,"742(1): 94",,28,,10,,20253050,2025,,"Ming-Bing Yu",,,"18/02/2026 12:20","18/02/2026 12:20","Vietnam (Indo-China, Asia-Tropical)",E,Convallariaceae,"Aspidistra thanhhoaensis","Aspidistra thanhhoaensis",Aspidistra,,f,f,,,,,,,,19,37,37,"Thanh Hoa Province: Nhu Xuan District, 120 m",105,21,25,,,,,,N,,,,,,,,,24019-1,Phytotaxa,urn:lsid:ipni.org:publications:20011462-1,2026,"2026 [18 Feb 2026]","[18 Feb 2026]","C.R.Lin, M.B.Yu & Z.B.Tang",spec.,"Phytotaxa 742(1): 94. 2026 [18 Feb 2026] ",,"doi:10.11646/phytotaxa.742.1.6 Etymology: 'The specific epithet is named after the geographical locality of Thanh Hoa Province where the new species was discovered.'",,,11,thanhhoaensis,,,f,t,,"holotype LBG;isotype IBK",,,,,Z.B.Tang@20096154-1@3@aut$M.B.Yu@20096153-1@2@aut$C.R.Lin@20015972-1@1@aut,,,"tax. nov.",,1.1,f,aspidistra~thanhhoaensis,convallariaceaeaspidistra~thanhhoaensis~,246,wfo-1000088266,,species,,,,,https://www.ipni.org/n/77376834-1,"IPNI Record: 77376834-1","Phytotaxa 742(1): 94 (2026)"
urn:lsid:ipni.org:names:77376835-1,"Pelser & Barcelona",,,,,,"742(1): 100",,,,,,4493,,,"J.F. Barcelona, K.Suetos and P.B.Pelser",,,"18/02/2026 12:28","18/02/2026 12:28","Philippines (Malesia, Asia-Tropical)",E,Melastomataceae,"Medinilla calanasan","Medinilla calanasan",Medinilla,,f,f,,,,,,,,18,24,17,"Luzon Island, Apayao Province, Calanasan, Barangay Eva, 700 m",121,3,12,,,,,,N,,,,,,,,,77317609-1,Phytotaxa,urn:lsid:ipni.org:publications:20011462-1,2026,"2026 [18 Feb 2026]","[18 Feb 2026]","Pelser & Barcelona",spec.,"Phytotaxa 742(1): 100. 2026 [18 Feb 2026] ",,"doi:10.11646/phytotaxa.742.1.7 Etymology: 'The specific epithet is a noun in apposition. It refers to the name of the municipality in which this species was collected.'",,,11,calanasan,,,f,t,,"holotype PNH;isotype CAHUP",,,,,Pelser@20006039-1@1@aut$Barcelona@38595-1@2@aut,,,"tax. nov.",,1.1,f,medinilla~calanasan,melastomataceaemedinilla~calanasan~,247,wfo-1000088267,,species,,,,,https://www.ipni.org/n/77376835-1,"IPNI Record: 77376835-1","Phytotaxa 742(1): 100 (2026)"
urn:lsid:ipni.org:names:77376836-1,"(Trautv.) Turdiboev & B.T.Drew","Lamiaceae Hyssopus officinalis L. var. ambiguus Trautv.",(Trautv.),77219501-1,,,"741(3): 298",,,,,,,,,,,,"18/02/2026 14:18","20/02/2026 11:09",,,Lamiaceae,"Dracocephalum ambiguum","Dracocephalum ambiguum",Dracocephalum,,f,f,,,,,,,,,,,,,,,,,,,,,,,,,,,,null:,331573-2,Phytotaxa,urn:lsid:ipni.org:publications:20011462-1,2026,"2026 [17 Feb 2026]","[17 Feb 2026]","Turdiboev & B.T.Drew",spec.,"Phytotaxa 741(3): 298. 2026 [17 Feb 2026] , as 'ambiguus'",", as 'ambiguus'",doi:10.11646/phytotaxa.741.3.5,,,11,ambiguum,,,f,t,,,,,,,Trautv.@10798-1@3@bas$Turdiboev@20096159-1@1@aut$B.T.Drew@20012632-2@2@aut,,,"comb. et stat. nov.",,1.4,f,dracocephalum~ambiguum,lamiaceaedracocephalum~ambiguum~,248,wfo-1000088268,,species,,,,,https://www.ipni.org/n/77376836-1,"IPNI Record: 77376836-1","Phytotaxa 741(3): 298 (2026)"
urn:lsid:ipni.org:names:77376837-1,"(Kudr.) Turdiboev & B.T.Drew","Lamiaceae Perovskia sect. Holophyllum Kudr.",(Kudr.),77310596-1,,,"741(3): 299",,,,,,,,,,,,"18/02/2026 14:20","20/02/2026 10:31",,,Lamiaceae,"Salvia sect. Holophyllum","Salvia sect. Holophyllum",Salvia,,f,f,,,,holophyllum,,,,,,,,,,,,,,,,,,,,,,,,null:,30000096-2,Phytotaxa,urn:lsid:ipni.org:publications:20011462-1,2026,"2026 [17 Feb 2026]","[17 Feb 2026]","Turdiboev & B.T.Drew",sect.,"Phytotaxa 741(3): 299. 2026 [17 Feb 2026] ",,doi:10.11646/phytotaxa.741.3.5,,,9,,,,f,t,,,,,,,Turdiboev@0-0@1@aut$Kudr.@5104-1@3@bas$B.T.Drew@20012632-2@2@aut,,,"comb. nov.",,1.3,f,salviaholophyllum,lamiaceaesalviaholophyllum~~,249,wfo-1000088269,,section,,,,,https://www.ipni.org/n/77376837-1,"IPNI Record: 77376837-1","Phytotaxa 741(3): 299 (2026)"
urn:lsid:ipni.org:names:77376838-1,"Turdiboev & B.T.Drew",,,,,,"741(3): 299",,,,,,,,,,,,"18/02/2026 14:22","20/02/2026 12:55",,,Lamiaceae,"Salvia sect. Euperovskia","Salvia sect. Euperovskia",Salvia,,f,f,,,,euperovskia,,,,,,,,,,,,,,,,,,,,,,,,,30000096-2,Phytotaxa,urn:lsid:ipni.org:publications:20011462-1,2026,"2026 [17 Feb 2026]","[17 Feb 2026]","Turdiboev & B.T.Drew",sect.,"Phytotaxa 741(3): 299. 2026 [17 Feb 2026] ",,"doi:10.11646/phytotaxa.741.3.5 Note: Published as a comb. nov. based on Perovskia sect. Euperovskia Kudr., which is not validly pubilshed. However, the section is valid as a tax. nov. as a type is cited and a validating description is provided.",,,8,,,,f,t,,,"Salvia abrotanoides (Kar.) Sytsma",,,,Turdiboev@20096159-1@1@aut$B.T.Drew@20012632-2@2@aut,,,"tax. nov.",,1.1.1.1,f,salviaeuperovskia,lamiaceaesalviaeuperovskia~~,250,wfo-1000088270,,section,,,,,https://www.ipni.org/n/77376838-1,"IPNI Record: 77376838-1","Phytotaxa 741(3): 299 (2026)"
urn:lsid:ipni.org:names:77376840-1,"Warb. ex K.Schum. & Lauterb.",,,,,,364,,,,,,,,,,,,"18/02/2026 20:16","18/02/2026 20:16",,,Asclepiadaceae,"Hoya megalaster","Hoya megalaster",Hoya,,f,f,,,,,,,,,,,,,,,,,,,,,,,,,,,,,60437256-2,"Nachtr. Fl. Schutzgeb. Südsee [Schumann & Lauterbach]",urn:lsid:ipni.org:publications:6300-2,1905,"1905 [Nov 1905]","[Nov 1905]","Warb. ex K.Schum. & Lauterb.",spec.,"Nachtr. Fl. Schutzgeb. Südsee [Schumann & Lauterbach] 364. 1905 [Nov 1905] ",,,,,8,megalaster,,,f,t,,,,,,,Lauterb.@5329-1@3@autEx$K.Schum.@9333-1@2@autEx$Warb.@11402-1@1@aut,,,"tax. nov.",98559-1,1.1,f,hoya~megalaster,asclepiadaceaehoya~megalaster~,251,wfo-1000088503,,species,,,,,https://www.ipni.org/n/77376840-1,"IPNI Record: 77376840-1","Nachtr. Fl. Schutzgeb. Südsee [Schumann & Lauterbach] 364 (1905)"
urn:lsid:ipni.org:names:77376842-1,K.W.Holcomb,,,,,,"4(1): 60",,,,,,18031,,,K.W.Holcomb,,,"19/02/2026 00:33","20/02/2026 11:14","Ecuador (Western South America, Southern America)",,Orchidaceae,"Pleurothallis tremens","Pleurothallis tremens",Pleurothallis,,f,f,,,,,,,,,,,"Without collection data",,,,,,,,,,,,,,,,,,325966-2,Pleurothallidinae,urn:lsid:ipni.org:publications:20032127-1,2026,"2026 [15 Feb 2026]","[15 Feb 2026]",K.W.Holcomb,spec.,"Pleurothallidinae 4(1): 60. 2026 [15 Feb 2026] ",,"[english] Etymology: the specific epithet is from the Latin tremens 'trembling', a reference to the loosely-hinged lip that moves in the slightest breeze.",,,11,tremens,,,f,t,,"holotype GEO",,,,,K.W.Holcomb@20053732-1@1@aut,,,"tax. nov.",,1.3,f,pleurothallis~tremens,orchidaceaepleurothallis~tremens~,252,wfo-1000088271,,species,,,,,https://www.ipni.org/n/77376842-1,"IPNI Record: 77376842-1","Pleurothallidinae 4(1): 60 (2026)"
urn:lsid:ipni.org:names:77376843-1,K.W.Holcomb,,,,,,"4(1): 61",,,,,,18033,,,K.W.Holcomb,,,"19/02/2026 00:35","20/02/2026 11:17","Ecuador (Western South America, Southern America)",,Orchidaceae,"Pleurothallis elefa","Pleurothallis elefa",Pleurothallis,,f,f,,,,,,,,,,,"No collection data",,,,,,,,,,,,,,,,,,325966-2,Pleurothallidinae,urn:lsid:ipni.org:publications:20032127-1,2026,"2026 [15 Feb 2026]","[15 Feb 2026]",K.W.Holcomb,spec.,"Pleurothallidinae 4(1): 61. 2026 [15 Feb 2026] ",,"Etymology: the specific epithet is from the Latin elefa 'the elephant', in reference to the revolute lip and elongated petals that look like an elephant's trunk and tusks.",,,11,elefa,,,f,t,,"holotype GEO",,,,,K.W.Holcomb@20053732-1@1@aut,,,"tax. nov.",,1.3,f,pleurothallis~elefa,orchidaceaepleurothallis~elefa~,253,wfo-1000088272,,species,,,,,https://www.ipni.org/n/77376843-1,"IPNI Record: 77376843-1","Pleurothallidinae 4(1): 61 (2026)"
urn:lsid:ipni.org:names:77376844-1,K.W.Holcomb,,,,,,"4(1): 62",,,,,,18034,,,K.W.Holcomb,,,"19/02/2026 00:37","20/02/2026 11:19","Ecuador (Western South America, Southern America)",,Orchidaceae,"Pleurothallis warrenprescottii","Pleurothallis warrenprescottii",Pleurothallis,,f,f,,,,,,,,,,,"No collection data",,,,,,,,,,,,,,,,,,325966-2,Pleurothallidinae,urn:lsid:ipni.org:publications:20032127-1,2026,"2026 [15 Feb 2026]","[15 Feb 2026]",K.W.Holcomb,spec.,"Pleurothallidinae 4(1): 62. 2026 [15 Feb 2026] ",,"Etymology: the specific epithet is named for Warren Prescott of Atlanta, Georgia. A dear friend of the author.",,,11,warrenprescottii,,,f,t,,"holotype GEO",,,,,K.W.Holcomb@20053732-1@1@aut,,,"tax. nov.",,1.3,f,pleurothallis~warrenprescottii,orchidaceaepleurothallis~warrenprescottii~,254,wfo-1000088273,,species,,,,,https://www.ipni.org/n/77376844-1,"IPNI Record: 77376844-1","Pleurothallidinae 4(1): 62 (2026)"
urn:lsid:ipni.org:names:77376845-1,Bubani,,,,,,"3: 83",,,,,,,,,,,,"19/02/2026 04:46","20/02/2026 15:57",,,Caryophyllaceae,"Saponaria vulgaris","Saponaria vulgaris",Saponaria,,f,f,,,,,,,,,,,,,,,,,,,,,,,,,,,,,6449-1,"Fl. Pyren. (Bubani)",urn:lsid:ipni.org:publications:1125-2,1901,"1901 [Mar 1901]","[Mar 1901]",Bubani,spec.,"Fl. Pyren. (Bubani) 3: 83. 1901 [Mar 1901] ",,,,,8,vulgaris,,,f,t,,,,,,,Bubani@1238-1@1@aut,,,"tax. nov.",,1.3,f,saponaria~vulgaris,caryophyllaceaesaponaria~vulgaris~,255,wfo-1000088473,,species,,,,,https://www.ipni.org/n/77376845-1,"IPNI Record: 77376845-1","Fl. Pyren. (Bubani) 3: 83 (1901)"
urn:lsid:ipni.org:names:77376847-1,Marcusso,,,,,,"1043: 107",,23,,11,,2801,2024,,"G.M.Marcusso, L.O.Demarchi, L.Biral, C.E.Zartman &amp; J.Magalhães",,,"19/02/2026 12:36","05/03/2026 09:48","Acre (Brazil North, Brazil, Southern America)",W,Orchidaceae,"Acianthera amazonica","Acianthera amazonica",Acianthera,,f,f,,,,,,,,7,20,58,"Mâncio Lima, Parque Nacional da Serra do Divisor, trilha para a cachoeira da Formosa, cerca de 8 km do início, 370 m",73,41,25,,,,,,S,,,,,,,,,30366692-2,"Eur. J. Taxon.",urn:lsid:ipni.org:publications:20016745-1,2026,"2026 [5 Mar 2026]","[5 Mar 2026]",Marcusso,spec.,"Eur. J. Taxon. 1043: 107. 2026 [5 Mar 2026] ",,"doi:10.5852/ejt.2026.1043.3211 [english] Etymology: 'The name is in reference to the Amazon, where the species is apparently endemic'.",,,11,amazonica,,,f,t,,"holotype RB 01578438",,,,,Marcusso@20045137-1@1@aut,,,"tax. nov.",,1.3,f,acianthera~amazonica,orchidaceaeacianthera~amazonica~,256,wfo-1000088274,,species,,,,,https://www.ipni.org/n/77376847-1,"IPNI Record: 77376847-1","Eur. J. Taxon. 1043: 107 (2026)"
urn:lsid:ipni.org:names:77376848-1,Marcusso,,,,,,"1043: 110",,23,,11,,2799,2024,,"G.M.Marcusso, L.O.Demarchi, L.Biral, C.E.Zartman &amp; J.Magalhães",,,"19/02/2026 12:41","05/03/2026 10:01","Acre (Brazil North, Brazil, Southern America)",W,Orchidaceae,"Acianthera nukiniana","Acianthera nukiniana",Acianthera,,f,f,,,,,,,,7,20,58,"Mâncio Lima, Parque Nacional da Serra do Divisor, trilha para a cachoeira da Formosa, cerca de 8 km do início, 370 m",73,41,25,,,,,,S,,,,,,,,,30366692-2,"Eur. J. Taxon.",urn:lsid:ipni.org:publications:20016745-1,2026,"2026 [5 Mar 2026]","[5 Mar 2026]",Marcusso,spec.,"Eur. J. Taxon. 1043: 110. 2026 [5 Mar 2026] ",,"doi:10.5852/ejt.2026.1043.3211 [english] Etymology: 'The name refers to the Nukini people, that historically lived in the high Rio Moa, in the Juruá basin (Oppenheim 1936), where P. nukiniana sp. nov. was recorded'.",,,11,nukiniana,,,f,t,,"holotype RB 01578436",,,,,Marcusso@20045137-1@1@aut,,,"tax. nov.",,1.3,f,acianthera~nukiniana,orchidaceaeacianthera~nukiniana~,257,wfo-1000088275,,species,,,,,https://www.ipni.org/n/77376848-1,"IPNI Record: 77376848-1","Eur. J. Taxon. 1043: 110 (2026)"
urn:lsid:ipni.org:names:77376849-1,Kandemir,,,,,,"7(1): 40",,,,,,5720,,,Rawi,,,"19/02/2026 14:59","19/02/2026 14:59","Iraq (Western Asia, Asia-Temperate)",,Convolvulaceae,"Convolvulus leptocladus subsp. glabrosepalus","Convolvulus leptocladus subsp. glabrosepalus",Convolvulus,,f,f,,,,,glabrosepalus,,,,,,"Qarati, Khanaqin, ca. 50 m",,,,,,,,,,,,,,,,,,266457-1,"Fl. Iraq",urn:lsid:ipni.org:publications:20014103-2,2025,"2025 [Dec 2025]","[Dec 2025]",Kandemir,subsp.,"Fl. Iraq 7(1): 40. 2025 [Dec 2025] ",,,,,11,leptocladus,Boiss.,,f,t,,"holotype K",,,,,Kandemir@20012418-1@1@aut,Boiss.@16284-1@1@aut,,"tax. nov.",,1.1,f,convolvulus~leptocladusglabrosepalus,convolvulaceaeconvolvulus~leptocladusglabrosepalus,258,wfo-1200117020,,subspecies,,,,,https://www.ipni.org/n/77376849-1,"IPNI Record: 77376849-1","Fl. Iraq 7(1): 40 (2025)"
urn:lsid:ipni.org:names:77376850-1,"Haloob & Al-Kaisi",,,,,,"7(1): 101",,25,,8,,24367,1957,,"Al-Rawi &amp; Serhang",,,"19/02/2026 15:25","19/02/2026 15:25","Iraq (Western Asia, Asia-Temperate)",,Scrophulariaceae,"Linaria genistifolia subsp. qandilensis","Linaria genistifolia subsp. qandilensis",Linaria,,f,f,,,,,qandilensis,,,,,,"North-east of Qandil, ca. 2650 m",,,,,,,,,,,,,,,,,,804629-1,"Fl. Iraq",urn:lsid:ipni.org:publications:20014103-2,2025,"2025 [Dec 2025]","[Dec 2025]","Haloob & Al-Kaisi",subsp.,"Fl. Iraq 7(1): 101. 2025 [Dec 2025] ",,,,,11,genistifolia,"(L.) Mill.",,f,t,,"holotype BAG",,,,,Al-Kaisi@20096157-1@2@aut$Haloob@20031483-1@1@aut,L.@12653-1@2@bas$Mill.@6485-1@1@aut,,"tax. nov.",,1.1,f,linaria~genistifoliaqandilensis,scrophulariaceaelinaria~genistifoliaqandilensis,259,wfo-1200117021,,subspecies,,,,,https://www.ipni.org/n/77376850-1,"IPNI Record: 77376850-1","Fl. Iraq 7(1): 101 (2025)"
urn:lsid:ipni.org:names:77376851-1,"U.Schwarzer & Capelo",,,,,,"30(1): 19",,15,,5,,,2022,,U.Schwarzer,,,"19/02/2026 15:30","03/03/2026 09:49","Portugal (Southwestern Europe, Europe)",W,Euphorbiaceae,"Euphorbia vincentina","Euphorbia vincentina",Euphorbia,,f,f,,,,,,,,37,18,57,"Vale da Ribeira das Cercas, Marmelete",8,40,27,,,,,,N,,,,,,,,,327729-2,"Harvard Pap. Bot.",urn:lsid:ipni.org:publications:10651-2,2026,"2026 [12 Feb 2026]","[12 Feb 2026]","U.Schwarzer & Capelo",spec.,"Harvard Pap. Bot. 30(1): 19. 2026 [12 Feb 2026] ",,"doi:10.3100/hpib.v30iss1.2026.n3 [english] Etymology: the specific epithet pertains to the Coast of St. Vincent, in Southwestern continental Portugal.",,,10,vincentina,,,f,t,,"holotype PO PO-V73302",,,,,U.Schwarzer@20033553-1@1@aut$Capelo@40250-1@2@aut,,,"tax. nov.",,1.5,f,euphorbia~vincentina,euphorbiaceaeeuphorbia~vincentina~,260,wfo-1000088276,,species,,,,,https://www.ipni.org/n/77376851-1,"IPNI Record: 77376851-1","Harvard Pap. Bot. 30(1): 19 (2026)"
urn:lsid:ipni.org:names:77376852-1,"Al-Kaisi & Haloob",,,,,,"7(1): 101",,9,,8,,9697,1947,,Gillet,,,"19/02/2026 15:32","19/02/2026 15:32","Iraq (Western Asia, Asia-Temperate)",,Scrophulariaceae,"Linaria iraqensis","Linaria iraqensis",Linaria,,f,f,,,,,,,,,,,Serva,,,,,,,,,,,,,,,,,,325776-2,"Fl. Iraq",urn:lsid:ipni.org:publications:20014103-2,2025,"2025 [Dec 2025]","[Dec 2025]","Al-Kaisi & Haloob",spec.,"Fl. Iraq 7(1): 101. 2025 [Dec 2025] ",,,,,11,iraqensis,,,f,t,,"holotype BAG",,,,,Haloob@20031483-1@2@aut$Al-Kaisi@20096157-1@1@aut,,,"tax. nov.",,1.1,f,linaria~iraqensis,scrophulariaceaelinaria~iraqensis~,261,wfo-1000088277,,species,,,,,https://www.ipni.org/n/77376852-1,"IPNI Record: 77376852-1","Fl. Iraq 7(1): 101 (2025)"
urn:lsid:ipni.org:names:77376853-1,"(Delile ex Godr.) Ghaz.","Geraniaceae Erodium touchyanum Delile ex Godr.","(Delile ex Godr.)",372464-1,,,"7(1): 176",,,,,,,,,,,,"19/02/2026 15:41","19/02/2026 15:41","Iraq (Western Asia, Asia-Temperate)",,Geraniaceae,"Erodium moschatum subsp. touchyanum","Erodium moschatum subsp. touchyanum",Erodium,,f,f,,,,,touchyanum,,,,,,,,,,,,,,,,,,,,,,,,372354-1,"Fl. Iraq",urn:lsid:ipni.org:publications:20014103-2,2025,"2025 [Dec 2025]","[Dec 2025]",Ghaz.,subsp.,"Fl. Iraq 7(1): 176. 2025 [Dec 2025] ",,,,,12,moschatum,"(L.) L'Hér.",,f,t,,,,,,,Delile@17907-1@2@bas$Ghaz.@19287-1@1@aut$Godr.@3218-1@3@basEx,L.@12653-1@2@bas$L'Hér.@12652-1@1@aut,,"comb. et stat. nov.",,1.1,f,erodium~moschatumtouchyanum,geraniaceaeerodium~moschatumtouchyanum,262,wfo-1200117022,,subspecies,,,,,https://www.ipni.org/n/77376853-1,"IPNI Record: 77376853-1","Fl. Iraq 7(1): 176 (2025)"
urn:lsid:ipni.org:names:77376854-1,"(Rech.f.) Haloob","Lamiaceae Scutellaria pycnotricha Rech.f.",(Rech.f.),458601-1,,,"7(1): 318",,,,,,,,,,,,"19/02/2026 16:21","19/02/2026 16:21","Iraq (Western Asia, Asia-Temperate)",,Lamiaceae,"Scutellaria albida subsp. pycnotricha","Scutellaria albida subsp. pycnotricha",Scutellaria,,f,f,,,,,pycnotricha,77194396-1,,,,,,,,,isonym,,isonym,,,,,,,,,,,,458108-1,"Fl. Iraq",urn:lsid:ipni.org:publications:20014103-2,2025,"2025 [Dec 2025]","[Dec 2025]",Haloob,subsp.,"Fl. Iraq 7(1): 318. 2025 [Dec 2025] ",,,,,14,albida,L.,,f,t,,,,,,,Rech.f.@8215-1@2@bas$Haloob@20031483-1@1@aut,L.@12653-1@1@aut,,"comb. et stat. nov.",,1.1,f,scutellaria~albidapycnotricha,lamiaceaescutellaria~albidapycnotricha,263,wfo-1200117075,,subspecies,,,,,https://www.ipni.org/n/77376854-1,"IPNI Record: 77376854-1","Fl. Iraq 7(1): 318 (2025)"
urn:lsid:ipni.org:names:77376855-1,"(Rech.f.) Haloob","Lamiaceae Scutellaria velenovskyi Rech.f. subsp. subsimilis Rech.f.",(Rech.f.),77194291-1,,,"7(1): 319",,,,,,,,,,,,"19/02/2026 16:26","19/02/2026 16:26","Iraq (Western Asia, Asia-Temperate)",,Lamiaceae,"Scutellaria albida subsp. subsimilis","Scutellaria albida subsp. subsimilis",Scutellaria,,f,f,,,,,subsimilis,77194293-1,,,,,,,,,isonym,,isonym,,,,,,,,,,,,458108-1,"Fl. Iraq",urn:lsid:ipni.org:publications:20014103-2,2025,"2025 [Dec 2025]","[Dec 2025]",Haloob,subsp.,"Fl. Iraq 7(1): 319. 2025 [Dec 2025] ",,,,,14,albida,L.,,f,t,,,,,,,Haloob@20031483-1@1@aut$Rech.f.@8215-1@2@bas,L.@12653-1@1@aut,,"comb. et stat. nov.",,1.1,f,scutellaria~albidasubsimilis,lamiaceaescutellaria~albidasubsimilis,264,wfo-1200117076,,subspecies,,,,,https://www.ipni.org/n/77376855-1,"IPNI Record: 77376855-1","Fl. Iraq 7(1): 319 (2025)"
urn:lsid:ipni.org:names:77376856-1,Haloob,,,,,,"7(1): 321",,8,,7,,23569,1957,,Al-Rawi,,,"19/02/2026 16:30","19/02/2026 16:30","`, Iraq (Western Asia, Asia-Temperate)",,Lamiaceae,"Scutellaria orientalis subsp. iraqensis","Scutellaria orientalis subsp. iraqensis",Scutellaria,,f,f,,,,,iraqensis,,,,,,"Galli Zawita, North-east of Zakho near Turkish border, ca. 1880 m",,,,,,,,,,,,,,,,,,458516-1,"Fl. Iraq",urn:lsid:ipni.org:publications:20014103-2,2025,"2025 [Dec 2025]","[Dec 2025]",Haloob,subsp.,"Fl. Iraq 7(1): 321. 2025 [Dec 2025] ",,,,,11,orientalis,L.,,f,t,,"holotype BAG",,,,,Haloob@20031483-1@1@aut,L.@12653-1@1@aut,,"tax. nov.",,1.1,f,scutellaria~orientalisiraqensis,lamiaceaescutellaria~orientalisiraqensis,265,wfo-1200117023,,subspecies,,,,,https://www.ipni.org/n/77376856-1,"IPNI Record: 77376856-1","Fl. Iraq 7(1): 321 (2025)"
urn:lsid:ipni.org:names:77376857-1,"Haloob & Al-Bayati",,,,,,"7(1): 323",,19,,6,,18240,1961,,"Agnew, Hadac, Haines &amp; Kadir",,,"19/02/2026 16:43","19/02/2026 16:43","Iraq (Western Asia, Asia-Temperate)",,Lamiaceae,"Scutellaria platystegia subsp. mazinica","Scutellaria platystegia subsp. mazinica",Scutellaria,,f,f,,,,,mazinica,,,,,,"Zeta, North of Shirwan Mazin, Erbil liwa, ca. 1060 m",,,,,,,,,,,,,,,,,,458565-1,"Fl. Iraq",urn:lsid:ipni.org:publications:20014103-2,2025,"2025 [Dec 2025]","[Dec 2025]","Haloob & Al-Bayati",subsp.,"Fl. Iraq 7(1): 323. 2025 [Dec 2025] ",,,,,11,platystegia,Juz.,,f,t,,"holotype BUH",,,,,Al-Bayati@20096158-1@2@aut$Haloob@20031483-1@1@aut,Juz.@4601-1@1@aut,,"tax. nov.",,1.1,f,scutellaria~platystegiamazinica,lamiaceaescutellaria~platystegiamazinica,266,wfo-1200117024,,subspecies,,,,,https://www.ipni.org/n/77376857-1,"IPNI Record: 77376857-1","Fl. Iraq 7(1): 323 (2025)"
urn:lsid:ipni.org:names:77376858-1,"Meikle & Patzak ex Ghaz.",,,,,,"7(1): 364",,,,,,10936,,,Rechinger,,,"19/02/2026 17:02","19/02/2026 17:02","Iraq (Western Asia, Asia-Temperate)",,Lamiaceae,"Stachys zakhoensis","Stachys zakhoensis",Stachys,,f,f,,,,,,,,,,,"Zawita pass north of Zakho, ca. 400 m",,,,,,,,,,,,,,,,,,325931-2,"Fl. Iraq",urn:lsid:ipni.org:publications:20014103-2,2025,"2025 [Dec 2025]","[Dec 2025]","Meikle & Patzak ex Ghaz.",spec.,"Fl. Iraq 7(1): 364. 2025 [Dec 2025] ",,,,,11,zakhoensis,,,f,t,,"holotype W",,,,,Meikle@6316-1@1@aut$Patzak@7397-1@2@aut$Ghaz.@19287-1@3@autEx,,,"tax. nov.",,1.1,f,stachys~zakhoensis,lamiaceaestachys~zakhoensis~,267,wfo-1000088278,,species,,,,,https://www.ipni.org/n/77376858-1,"IPNI Record: 77376858-1","Fl. Iraq 7(1): 364 (2025)"
urn:lsid:ipni.org:names:77376860-1,K.W.Holcomb,,,,,,"4(2): 1",,,,,,19669,,,K.W.Holcomb,,,"19/02/2026 18:18","20/02/2026 11:22","Venezuela (Northern South America, Southern America)",,Orchidaceae,"Pleurothallis gabaldonii","Pleurothallis gabaldonii",Pleurothallis,,f,f,,,,,,,,,,,"Without collection data",,,,,,,,,,,,,,,,,,325966-2,Pleurothallidinae,urn:lsid:ipni.org:publications:20032127-1,2026,"2026 [20 Apr 2026]","[20 Apr 2026]",K.W.Holcomb,spec.,"Pleurothallidinae 4(2): 1. 2026 [20 Apr 2026] ",,"[english] Etymology: the specific epithet is named for Ray Gabaldon of Belen, New Mexico.",,,11,gabaldonii,,,f,t,,"holotype GEO",,,,,K.W.Holcomb@20053732-1@1@aut,,,"tax. nov.",,1.3,f,pleurothallis~gabaldonii,orchidaceaepleurothallis~gabaldonii~,268,wfo-1000088279,,species,,,,,https://www.ipni.org/n/77376860-1,"IPNI Record: 77376860-1","Pleurothallidinae 4(2): 1 (2026)"
urn:lsid:ipni.org:names:77376861-1,Lam.,,,,,,"1(1): 77",,,,,,,,,,,,"19/02/2026 19:11","19/02/2026 19:11","China (Asia-Temperate)",,Malvaceae,"Alcea chinensis","Alcea chinensis",Alcea,,f,f,,,,,,,,,,,,,,,,,,,,,,,,,,,,,25775-1,Encycl.,urn:lsid:ipni.org:publications:906-2,1785,"1785 [2 Dec 1783]","[2 Dec 1783]",Lam.,spec.,"Encycl. 1(1): 77. 1785 [2 Dec 1783] ",,,,,9,chinensis,,,f,t,,,,,,,Lam.@5227-1@1@aut,,,"tax. nov.",,1.1,f,alcea~chinensis,malvaceaealcea~chinensis~,269,wfo-1000088280,,species,,,,,https://www.ipni.org/n/77376861-1,"IPNI Record: 77376861-1","Encycl. 1(1): 77 (1785)"
urn:lsid:ipni.org:names:77376864-1,Vved.,,,,,,"11: 22",,,,,,,,,,,,"20/02/2026 00:52","20/02/2026 16:41",,,Scrophulariaceae,"Leptorhabdos parviflora var. divaricata","Leptorhabdos parviflora var. divaricata",Leptorhabdos,,f,f,,,,,divaricata,,,,,,,,,,,,,,,,,,,,,,,,804253-1,"Byull. Sredne-Aziatsk. Gosud. Univ.",urn:lsid:ipni.org:publications:195-2,1925,1925,,Vved.,var.,"Byull. Sredne-Aziatsk. Gosud. Univ. 11: 22. 1925 ",,"Name added via registration. Protologue not seen by the IPNI editors.",,,8,parviflora,"(Benth.) Benth.",,f,t,,,,,,,Vved.@11282-1@1@aut,Benth.@0-0@2@bas$Benth.@0-0@1@aut,,"tax. nov.",,1.3,f,leptorhabdos~parvifloradivaricata,scrophulariaceaeleptorhabdos~parvifloradivaricata,270,wfo-1200117025,,variety,,,,,https://www.ipni.org/n/77376864-1,"IPNI Record: 77376864-1","Byull. Sredne-Aziatsk. Gosud. Univ. 11: 22 (1925)"
urn:lsid:ipni.org:names:77376865-1,Vved.,,,,,,"11: 25",,,,,,,,,,,,"20/02/2026 00:57","20/02/2026 16:43",,,Scrophulariaceae,"Pedicularis rhinanthoides subsp. angulata","Pedicularis rhinanthoides subsp. angulata",Pedicularis,,f,f,,,,,angulata,,,,,,,,,,,,,,,,,,,,,,,,807564-1,"Byull. Sredne-Aziatsk. Gosud. Univ.",urn:lsid:ipni.org:publications:195-2,1925,1925,,Vved.,subsp.,"Byull. Sredne-Aziatsk. Gosud. Univ. 11: 25. 1925 ",,"Name added via registration. Protologue not seen by the IPNI editors.",,,8,rhinanthoides,Schrenk,,f,t,,,,,,,Vved.@11282-1@1@aut,Schrenk@9263-1@1@aut,,"tax. nov.",,1.3,f,pedicularis~rhinanthoidesangulata,scrophulariaceaepedicularis~rhinanthoidesangulata,271,wfo-1200117026,,subspecies,,,,,https://www.ipni.org/n/77376865-1,"IPNI Record: 77376865-1","Byull. Sredne-Aziatsk. Gosud. Univ. 11: 25 (1925)"
urn:lsid:ipni.org:names:77376866-1,Popov,,,,,,"11(suppl.): 9",,,,,,,,,,,,"20/02/2026 01:44","25/02/2026 13:56",,,Ranunculaceae,"Ranunculus linearilobus subsp. mogoltavicus","Ranunculus linearilobus subsp. mogoltavicus",Ranunculus,,f,f,,,,,mogoltavicus,,,,,,,,,,,,,,,,,,,,,,,,713101-1,"Byull. Sredne-Aziatsk. Gosud. Univ.",urn:lsid:ipni.org:publications:195-2,1925,1925,,Popov,subsp.,"Byull. Sredne-Aziatsk. Gosud. Univ. 11(suppl.): 9. 1925 ",,,,,8,linearilobus,Bunge,,f,t,,,,,,,Popov@7848-1@1@aut,Bunge@0-0@1@aut,,"tax. nov.",,1.4,f,ranunculus~linearilobusmogoltavicus,ranunculaceaeranunculus~linearilobusmogoltavicus,272,wfo-0001129969,,subspecies,,,,,https://www.ipni.org/n/77376866-1,"IPNI Record: 77376866-1","Byull. Sredne-Aziatsk. Gosud. Univ. 11(suppl.): 9 (1925)"
urn:lsid:ipni.org:names:77376867-1,"Aver., Vuong & V.C.Nguyen",,,,,,"56-e05: 2",,24,,4,,AL3925,2025,,"L.Averyanov, N.V.Canh &amp; T.Maisak",,,"20/02/2026 05:52","20/02/2026 10:10","Vietnam (Indo-China, Asia-Tropical)",,Orchidaceae,"Vanilla flava","Vanilla flava",Vanilla,,f,f,,,,,,,,,,,"Dak Lak Province: Ea'Kar District, Cu Pong Mt, 600-650 m",,,,,,,,,,,,,,,,,,30007419-2,"Novosti Sist. Vyssh. Rast.",urn:lsid:ipni.org:publications:1027-2,2025,"2025 [22 Dec 2025]","[22 Dec 2025]","Aver., Vuong & V.C.Nguyen",spec.,"Novosti Sist. Vyssh. Rast. 56-e05: 2. 2025 [22 Dec 2025] ",,"doi:10.31111/novitates/2025.56.05 [english] Etymology: the specific epithet refers to yellow colour of the flowers",,,11,flava,,,f,t,,"holotype LE 01282493;isotype LE 01282492",,,,,Aver.@14590-1@1@aut$V.C.Nguyen@20033599-1@3@aut$Vuong@20023999-1@2@aut,,,"tax. nov.",,1.4,f,vanilla~flava,orchidaceaevanilla~flava~,273,wfo-1000088281,,species,,,,,https://www.ipni.org/n/77376867-1,"IPNI Record: 77376867-1","Novosti Sist. Vyssh. Rast. 56-e05: 2 (2025)"
urn:lsid:ipni.org:names:77376868-1,"Chowlu, A.Shenoy & Sukhr.",,,,,,"48(1): 79",,14,,9,,49327,2024,,"K.Chowlu, A.Shenoy &amp; A.Ray",,,"20/02/2026 11:04","20/02/2026 14:25","Arunachal Pradesh (East Himalaya, Indian Subcontinent, Asia-Tropical)",E,Acanthaceae,"Strobilanthes riteshii","Strobilanthes riteshii",Strobilanthes,,f,f,,,,,,,,27,41,3,"East Kameng district, Chayantajo village, 1600 m",93,8,24,,,,,,N,,,,,,,,,327189-2,"Indian J. Forest.",urn:lsid:ipni.org:publications:11375-2,2025,"2025 [30 Apr 2025]","[30 Apr 2025]","Chowlu, A.Shenoy & Sukhr.",spec.,"Indian J. Forest. 48(1): 79. 2025 [30 Apr 2025] ",,"doi:https://doi. org/10.54207/bsmps1000-2025-55J9W7 [english] org/10.54207/bsmps1000-2025-55J9W7  Etymology: The new species is named in honour of the Indian  plant taxonomist Dr. Ritesh Kumar Choudhary, a scientist at  Agharkar Research Institute, for his contributions in the field of  taxonomy and molecular systematics of plants.",,,11,riteshii,,,f,t,,"holotype ARUN ARUN000038762;;isotype CAL",,,,,Chowlu@20019454-1@1@aut$Sukhr.@20096161-1@3@aut$A.Shenoy@20072436-1@2@aut,,,"tax. nov.",,1.3,f,strobilanthes~riteshii,acanthaceaestrobilanthes~riteshii~,274,wfo-1000088282,,species,,,,,https://www.ipni.org/n/77376868-1,"IPNI Record: 77376868-1","Indian J. Forest. 48(1): 79 (2025)"
urn:lsid:ipni.org:names:77376869-1,Gouda,,,,,,"742(2): 139",,29,,10,,24683,2012,,"H.van der Werff, R.Rojas, L.Valenzuela, G.Shareva, R.Apanu, A.Roca &amp; A.Reyes B.",,,"20/02/2026 12:35","20/02/2026 12:35","Peru (Western South America, Southern America)",W,Bromeliaceae,"Guzmania tayuensis","Guzmania tayuensis",Guzmania,,f,f,,,,,,,,5,15,56,"Dept. Amazonas, Bagua Province, Chiriaco, slope of Cerro Tayu. ca. 900 m",78,22,7,,,,,,S,,,,,,,,,326846-2,Phytotaxa,urn:lsid:ipni.org:publications:20011462-1,2026,"2026 [20 Feb 2026]","[20 Feb 2026]",Gouda,spec.,"Phytotaxa 742(2): 139. 2026 [20 Feb 2026] ",,"doi:10.11646/phytotaxa.742.2.2 Etymology: the specific epithet is named for the type locality.",,,11,tayuensis,,,f,t,,"holotype MO;isotype U;isotype HOXA;isotype USM",,,,,Gouda@19527-1@1@aut,,,"tax. nov.",,1.1,f,guzmania~tayuensis,bromeliaceaeguzmania~tayuensis~,275,wfo-1000088283,,species,,,,,https://www.ipni.org/n/77376869-1,"IPNI Record: 77376869-1","Phytotaxa 742(2): 139 (2026)"
urn:lsid:ipni.org:names:77376870-1,Behçet,,,,,,"742(2): 145",,31,,3,,21489,2025,,L.Behçet,,,"20/02/2026 12:55","23/02/2026 11:30","Turkey (Western Asia, Asia-Temperate)",,Hyacinthaceae,"Bellevalia baskilensis","Bellevalia baskilensis",Bellevalia,,f,f,,,,,,,,,,,"Elazığ province: Baskil District, Tavşanuşağı village, 1500–1600 m m",,,,,,,,,,,,,,,,,,331146-2,Phytotaxa,urn:lsid:ipni.org:publications:20011462-1,2026,"2026 [20 Feb 2026]","[20 Feb 2026]",Behçet,spec.,"Phytotaxa 742(2): 145. 2026 [20 Feb 2026] , as 'baskilense'",", as 'baskilense'","doi:10.11646/phytotaxa.742.2.3 Etymology: the specific epithet is named for the type locality.",,,11,baskilensis,,,f,t,,"holotype BIN;isotype BIN;isotype ANK",,,,,Behçet@39529-1@1@aut,,,"tax. nov.",,1.2,f,bellevalia~baskilensis,hyacinthaceaebellevalia~baskilensis~,276,wfo-1000088284,,species,,,,,https://www.ipni.org/n/77376870-1,"IPNI Record: 77376870-1","Phytotaxa 742(2): 145 (2026)"
urn:lsid:ipni.org:names:77376871-1,"M.Borah & S.Singh",,,,,,"742(2): 164",,,,,,1080,,,"Borah et al.",,,"20/02/2026 13:17","20/02/2026 13:17","Nagaland (Assam, Indian Subcontinent, Asia-Tropical)",E,Balsaminaceae,"Impatiens chakhesangiana","Impatiens chakhesangiana",Impatiens,,f,f,,,,,,,,25,35,16,"Phek, 1955 m",9,18,48,,,,,,N,,,,,,,,,325983-2,Phytotaxa,urn:lsid:ipni.org:publications:20011462-1,2026,"2026 [20 Feb 2026]","[20 Feb 2026]","M.Borah & S.Singh",spec.,"Phytotaxa 742(2): 164. 2026 [20 Feb 2026] ",,"doi:10.11646/phytotaxa.742.2.5 Etymology: the specific epithet is named for the Chakhesang indigenous tribe that reside in Phek, Nagaland, India.",,,11,chakhesangiana,,,f,t,,"holotype CSIRNEIST;isotype CSIRNEIST",,,,,S.Singh@20003652-1@2@aut$M.Borah@20096160-1@1@aut,,,"tax. nov.",,1.1,f,impatiens~chakhesangiana,balsaminaceaeimpatiens~chakhesangiana~,277,wfo-1000088285,,species,,,,,https://www.ipni.org/n/77376871-1,"IPNI Record: 77376871-1","Phytotaxa 742(2): 164 (2026)"
urn:lsid:ipni.org:names:77376873-1,Lam.,,,,,,"2(1): 43",,,,,,,,,,,,"20/02/2026 16:31","20/02/2026 16:31",,,Ranunculaceae,"Clematis balearica","Clematis balearica",Clematis,,f,f,,,,,,709511-1,,,,,,,,,"isonym    Clematis balearica Juss. (1779)' and 'Clematis balearica Lam. (1786)' were based on collections sent by A. Richard and  housed in Royal Botanical Garden ('H.R.') at Paris",,isonym,,,,,,,,,,,,329401-2,Encycl.,urn:lsid:ipni.org:publications:906-2,1786,1786,,Lam.,spec.,"Encycl. 2(1): 43. 1786 ",,,,,10,balearica,,,f,t,,,,,,,Lam.@5227-1@1@aut,,,"tax. nov.",,1.1,f,clematis~balearica,ranunculaceaeclematis~balearica~,278,wfo-1000088474,,species,,,,,https://www.ipni.org/n/77376873-1,"IPNI Record: 77376873-1","Encycl. 2(1): 43 (1786)"
urn:lsid:ipni.org:names:77376874-1,"Terpó ex D.Bartha",,,,,,"21: 25",,18,,10,,"Óbudai-sziget 3",1985,,"András Terpó",,,"20/02/2026 16:57","23/02/2026 14:10","Hungary (Middle Europe, Europe)",,Vitaceae,"Vitis sylvestris var. gayeri","Vitis sylvestris var. gayeri",Vitis,,f,f,,,,,gayeri,,,,,,Óbudai-sziget,,,,,,,,,,,,,,,,,,69086-1,Tilia,urn:lsid:ipni.org:publications:20021571-1,2026,"2026 [18 Feb 2026]","[18 Feb 2026]","Terpó ex D.Bartha",var.,"Tilia 21: 25. 2026 [18 Feb 2026] , as 'gayerii'",", as 'gayerii'","doi:10.64610/tilia.2026.21k Etymology: nominata in honorem botanici Julii Gáyer (1883–1932). Type indicated as 'lectotypus', correctible under Art. 40.4, ICN (2025).",,,11,sylvestris,C.C.Gmel.,,f,t,,"holotype HAHV",,,,,D.Bartha@20016956-1@2@autEx$Terpó@10525-1@1@aut,C.C.Gmel.@0-0@1@aut,,"tax. nov.",,1.5,f,vitis~sylvestrisgayeri,vitaceaevitis~sylvestrisgayeri,279,wfo-1200117027,,variety,,,,,https://www.ipni.org/n/77376874-1,"IPNI Record: 77376874-1","Tilia 21: 25 (2026)"
urn:lsid:ipni.org:names:77376875-1,"(Kov.) Terpó","Vitaceae Vitis pontii Kov.",(Kov.),870758-1,,,"21: 25",,,,,,,,,,,,"20/02/2026 17:02","23/02/2026 12:46",,,Vitaceae,"Vitis sylvestris subsp. pontii","Vitis sylvestris subsp. pontii",Vitis,,f,f,,,,,pontii,,,,,,,,,,,,,,,,,,,,,,,null:,69086-1,Tilia,urn:lsid:ipni.org:publications:20021571-1,2026,"2026 [18 Feb 2026]","[18 Feb 2026]",Terpó,subsp.,"Tilia 21: 25. 2026 [18 Feb 2026] ",,doi:10.64610/tilia.2026.21k,,,11,sylvestris,C.C.Gmel.,,f,t,,,,,,,Kov.@4995-1@2@bas$Terpó@10525-1@1@aut,C.C.Gmel.@0-0@1@aut,,"comb. et stat. nov.",,1.3,f,vitis~sylvestrispontii,vitaceaevitis~sylvestrispontii,280,wfo-1200117028,,subspecies,,,,,https://www.ipni.org/n/77376875-1,"IPNI Record: 77376875-1","Tilia 21: 25 (2026)"
urn:lsid:ipni.org:names:77376876-1,"Terpó ex D.Bartha",,,,,,"21: 26",,20,,7,,"Mecseknádasd 1",1977,,"András Terpó",,,"20/02/2026 17:08","23/02/2026 14:10","Hungary (Middle Europe, Europe)",,Vitaceae,"Vitis sylvestris var. javorkae","Vitis sylvestris var. javorkae",Vitis,,f,f,,,,,javorkae,,,,,,Mecseknádasd,,,,,,,,,,,,,,,,,,69086-1,Tilia,urn:lsid:ipni.org:publications:20021571-1,2026,"2026 [18 Feb 2026]","[18 Feb 2026]","Terpó ex D.Bartha",var.,"Tilia 21: 26. 2026 [18 Feb 2026] ",,"doi:10.64610/tilia.2026.21k Etymology: nominata in honorem botanici Alexandri Jávorka (1883–1961). Type indicated as 'Lectotypus', correctible under Art. 40.4, ICN (2025).",,,11,sylvestris,C.C.Gmel.,,f,t,,"holotype HAHV",,,,,Terpó@10525-1@1@aut$D.Bartha@20016956-1@2@autEx,C.C.Gmel.@0-0@1@aut,,"tax. nov.",,1.4,f,vitis~sylvestrisjavorkae,vitaceaevitis~sylvestrisjavorkae,281,wfo-1200117029,,variety,,,,,https://www.ipni.org/n/77376876-1,"IPNI Record: 77376876-1","Tilia 21: 26 (2026)"
urn:lsid:ipni.org:names:77376877-1,"(Michx.) Terpó","Vitaceae Vitis riparia Michx.",(Michx.),69009-1,,,"21: 27",,,,,,,,,,,,"20/02/2026 17:14","23/02/2026 14:20",,,Vitaceae,"Vitis vulpina subsp. riparia","Vitis vulpina subsp. riparia",Vitis,,f,f,,,,,riparia,,,,,,,,,,,,,,,,,,,,,,,null:,69152-1,Tilia,urn:lsid:ipni.org:publications:20021571-1,2026,"2026 [18 Feb 2026]","[18 Feb 2026]",Terpó,subsp.,"Tilia 21: 27. 2026 [18 Feb 2026] ",,doi:10.64610/tilia.2026.21k,,,11,vulpina,L.,,f,t,,,,,,,Terpó@10525-1@1@aut$Michx.@6431-1@2@bas,L.@0-0@0@aut,,"comb. et stat. nov.",,1.3,f,vitis~vulpinariparia,vitaceaevitis~vulpinariparia,282,wfo-1200117077,,subspecies,,,,,https://www.ipni.org/n/77376877-1,"IPNI Record: 77376877-1","Tilia 21: 27 (2026)"
urn:lsid:ipni.org:names:77376878-1,"Terpó ex D.Bartha",,,,,,"21: 28",,22,,8,,s.n.,1967,,"András Terpó",,,"20/02/2026 17:20","23/02/2026 14:26","Hungary (Middle Europe, Europe)",,Vitaceae,"Vitis vulpina var. pannonica","Vitis vulpina var. pannonica",Vitis,,f,f,,,,,pannonica,,,,,,"Novajidrány, Hernád-Malomárok",,,,,,,,,,,,,,,,,,69152-1,Tilia,urn:lsid:ipni.org:publications:20021571-1,2026,"2026 [18 Feb 2026]","[18 Feb 2026]","Terpó ex D.Bartha",var.,"Tilia 21: 28. 2026 [18 Feb 2026] ",,"doi:10.64610/tilia.2026.21k Etymology: Pannonia, Pannonian. Type indicated as 'Lectotypus', correctible under Art. 40.4, ICN (2025).",,,11,vulpina,L.,,f,t,,"holotype HAHV",,,,,D.Bartha@20016956-1@2@autEx$Terpó@10525-1@1@aut,L.@0-0@0@aut,,"tax. nov.",,1.3,f,vitis~vulpinapannonica,vitaceaevitis~vulpinapannonica,283,wfo-1200117030,,variety,,,,,https://www.ipni.org/n/77376878-1,"IPNI Record: 77376878-1","Tilia 21: 28 (2026)"
urn:lsid:ipni.org:names:77376879-1,"Terpó ex D.Bartha",,,,,,"21: 28-29",,17,,9,,s.n.,1972,,"András Terpó",,,"20/02/2026 17:24","23/02/2026 14:28","Hungary (Middle Europe, Europe)",,Vitaceae,"Vitis vulpina f. danubialis","Vitis vulpina f. danubialis",Vitis,,f,f,,,,,danubialis,,,,,,Báta,,,,,,,,,,,,,,,,,,69152-1,Tilia,urn:lsid:ipni.org:publications:20021571-1,2026,"2026 [18 Feb 2026]","[18 Feb 2026]","Terpó ex D.Bartha",f.,"Tilia 21: 28-29. 2026 [18 Feb 2026] ",,"doi:10.64610/tilia.2026.21k Etymology: 'dunai, Duna menti'. Type indicated as 'Lectotypus', correctible under Art. 40.4, ICN (2025).",,,11,vulpina,L.,,f,t,,"holotype HAHV",,,,,Terpó@10525-1@1@aut$D.Bartha@20016956-1@2@autEx,L.@0-0@0@aut,,"tax. nov.",,1.3,f,vitis~vulpinadanubialis,vitaceaevitis~vulpinadanubialis,284,wfo-1200117031,,form,,,,,https://www.ipni.org/n/77376879-1,"IPNI Record: 77376879-1","Tilia 21: 28-29 (2026)"
urn:lsid:ipni.org:names:77376880-1,"Terpó ex D.Bartha",,,,,,"21: 29",,27,,9,,s.n.,1962,,"András Terpó",,,"20/02/2026 17:28","23/02/2026 14:30","Hungary (Middle Europe, Europe)",,Vitaceae,"Vitis vulpina var. andreanszkyana","Vitis vulpina var. andreanszkyana",Vitis,,f,f,,,,,andreanszkyana,,,,,,Füzéres,,,,,,,,,,,,,,,,,,69152-1,Tilia,urn:lsid:ipni.org:publications:20021571-1,2026,"2026 [18 Feb 2026]","[18 Feb 2026]","Terpó ex D.Bartha",var.,"Tilia 21: 29. 2026 [18 Feb 2026] ",,"doi:10.64610/tilia.2026.21k Etymology: nominata in honorem botanici et paleobotanici Gabrielis Andreánszky (1895–1967). Type indicated as 'Lectotypus', correctible under Art. 40.4, ICN (2025).",,,11,vulpina,L.,,f,t,,"holotype HAHV",,,,,Terpó@10525-1@1@aut$D.Bartha@20016956-1@2@autEx,L.@0-0@0@aut,,"tax. nov.",,1.3,f,vitis~vulpinaandreanszkyana,vitaceaevitis~vulpinaandreanszkyana,285,wfo-1200117032,,variety,,,,,https://www.ipni.org/n/77376880-1,"IPNI Record: 77376880-1","Tilia 21: 29 (2026)"
urn:lsid:ipni.org:names:77376881-1,"Terpó ex D.Bartha",,,,,,"21: 29",,30,,9,,"Háros No. 4.",1962,,"András Terpó",,,"20/02/2026 17:35","23/02/2026 14:32","Hungary (Middle Europe, Europe)",,Vitaceae,"Vitis × rathayana","Vitis × rathayana",Vitis,,t,f,"69152-1,69086-1","(Vitis vulpina L. × Vitis sylvestris C.C.Gmel.)",,,,,,,,,Háros-sziget,,,,,,,,,,,,,,,,,,325876-2,Tilia,urn:lsid:ipni.org:publications:20021571-1,2026,"2026 [18 Feb 2026]","[18 Feb 2026]","Terpó ex D.Bartha",spec.,"Tilia 21: 29. 2026 [18 Feb 2026] ",,"doi:10.64610/tilia.2026.21k Etymology: Nominata in honorem ampelologi Emerici Ráthay (1845–1900).",,,11,rathayana,,,f,t,,"holotype HAHV",,,,,Terpó@10525-1@1@aut$D.Bartha@20016956-1@2@autEx,,,"tax. nov.",,1.4,f,vitis~rathayana,vitaceaevitis~rathayana~,286,wfo-1000088475,,species,,,,,https://www.ipni.org/n/77376881-1,"IPNI Record: 77376881-1","Tilia 21: 29 (2026)"
urn:lsid:ipni.org:names:77376882-1,"Terpó ex D.Bartha",,,,,,"21: 30",,21,,10,,"Háros No. 60.",1969,,"András Terpó",,,"20/02/2026 17:41","23/02/2026 14:36","Hungary (Middle Europe, Europe)",,Vitaceae,"Vitis × rathayana var. karpatiana","Vitis × rathayana var. karpatiana",Vitis,,f,f,,,,,karpatiana,,,,,,Háros-sziget,,,,,,,,,,,,,,,,,,77376881-1,Tilia,urn:lsid:ipni.org:publications:20021571-1,2026,"2026 [18 Feb 2026]","[18 Feb 2026]","Terpó ex D.Bartha",var.,"Tilia 21: 30. 2026 [18 Feb 2026] , as 'kárpátiana'",", as 'kárpátiana'","doi:10.64610/tilia.2026.21k Etymology: Nominata in honorem dendrologi Zoltani Kárpáti (1909–1972). Type indicated as 'Lectotypus', correctible under Art. 40.4, ICN (2025).",,,11,rathayana,"Terpó ex D.Bartha",,f,t,,"holotype HAHV",,,,,D.Bartha@20016956-1@2@autEx$Terpó@10525-1@1@aut,Terpó@10525-1@1@aut$D.Bartha@20016956-1@2@autEx,,"tax. nov.",,1.4,f,vitis~rathayanakarpatiana,vitaceaevitis~rathayanakarpatiana,287,wfo-1200117078,,variety,,,,,https://www.ipni.org/n/77376882-1,"IPNI Record: 77376882-1","Tilia 21: 30 (2026)"
urn:lsid:ipni.org:names:77376883-1,"Terpó ex D.Bartha",,,,,,"21: 31",,19,,9,,"Háros No. 6.",1964,,"András Terpó",,,"20/02/2026 17:46","23/02/2026 14:37","Hungary (Middle Europe, Europe)",,Vitaceae,"Vitis × kozmae","Vitis × kozmae",Vitis,,t,f,"69086-1,30478388-2","(Vitis sylvestris C.C.Gmel. × Vitis vinifera L.)",,,,,,,,,Háros-sziget,,,,,,,,,,,,,,,,,,325876-2,Tilia,urn:lsid:ipni.org:publications:20021571-1,2026,"2026 [18 Feb 2026]","[18 Feb 2026]","Terpó ex D.Bartha",spec.,"Tilia 21: 31. 2026 [18 Feb 2026] ",,"doi:10.64610/tilia.2026.21k Etymology: Nominata in honorem ampelologi Pauli Kozma (1920–2004). Type indicated as 'Lectotypus', correctible under Art. 40.4, ICN (2025).",,,11,kozmae,,,f,t,,"holotype HAHV",,,,,Terpó@10525-1@1@aut$D.Bartha@20016956-1@2@autEx,,,"tax. nov.",,1.3,f,vitis~kozmae,vitaceaevitis~kozmae~,288,wfo-1000088476,,species,,,,,https://www.ipni.org/n/77376883-1,"IPNI Record: 77376883-1","Tilia 21: 31 (2026)"
urn:lsid:ipni.org:names:77376884-1,"Terpó ex D.Bartha",,,,,,"21: 32",,16,,9,,s.n.,1971,,"András Terpó",,,"20/02/2026 17:51","23/02/2026 14:39","Hungary (Middle Europe, Europe)",,Vitaceae,"Vitis × kozmae var. zemplenica","Vitis × kozmae var. zemplenica",Vitis,,f,f,,,,,zemplenica,,,,,,Bodrogkeresztúr,,,,,,,,,,,,,,,,,,77376883-1,Tilia,urn:lsid:ipni.org:publications:20021571-1,2026,"2026 [18 Feb 2026]","[18 Feb 2026]","Terpó ex D.Bartha",var.,"Tilia 21: 32. 2026 [18 Feb 2026] ",,"doi:10.64610/tilia.2026.21k Etymology: name from Zemplén Mountains. Type indicated as 'Lectotypus', correctible under Art. 40.4, ICN (2025).",,,11,kozmae,"Terpó ex D.Bartha",,f,t,,"holotype HAHV",,,,,D.Bartha@20016956-1@2@autEx$Terpó@10525-1@1@aut,Terpó@10525-1@1@aut$D.Bartha@20016956-1@2@autEx,,"tax. nov.",,1.3,f,vitis~kozmaezemplenica,vitaceaevitis~kozmaezemplenica,289,wfo-1200117079,,variety,,,,,https://www.ipni.org/n/77376884-1,"IPNI Record: 77376884-1","Tilia 21: 32 (2026)"
urn:lsid:ipni.org:names:77376885-1,"Terpó ex D.Bartha",,,,,,"21: 32",,10,,7,,"Apostag No. 1.",1967,,"András Terpó",,,"20/02/2026 17:56","23/02/2026 14:41","Hungary (Middle Europe, Europe)",,Vitaceae,"Vitis × andrasovszkyana","Vitis × andrasovszkyana",Vitis,,t,f,"77376877-1,30478388-2","(Vitis vulpina L. subsp. riparia (Michx.) Terpó × Vitis vinifera L.)",,,,,,,,,Apostag,,,,,,,,,,,,,,,,,,325876-2,Tilia,urn:lsid:ipni.org:publications:20021571-1,2026,"2026 [18 Feb 2026]","[18 Feb 2026]","Terpó ex D.Bartha",spec.,"Tilia 21: 32. 2026 [18 Feb 2026] ",,"doi:10.64610/tilia.2026.21k Etymology: nominata in honorem ampelologi Iosephi Andrasovszky (1889– 1943). Type indicated as 'Lectotypus', correctible under Art. 40.4, ICN (2025).",,,11,andrasovszkyana,,,f,t,,"holotype HAHV",,,,,Terpó@10525-1@1@aut$D.Bartha@20016956-1@2@autEx,,,"tax. nov.",,1.3,f,vitis~andrasovszkyana,vitaceaevitis~andrasovszkyana~,290,wfo-1000088477,,species,,,,,https://www.ipni.org/n/77376885-1,"IPNI Record: 77376885-1","Tilia 21: 32 (2026)"
urn:lsid:ipni.org:names:77376886-1,"Nakai ex Tamura & Namba",,,,,,"9: 142",,,,,,,,,,,,"20/02/2026 21:07","20/02/2026 21:07",,,Ranunculaceae,"Aconitum deflexum var. maritimum","Aconitum deflexum var. maritimum",Aconitum,,f,f,,,,,maritimum,,,,,,,,,,,,,,,,,,,,,,,,707303-1,"Sci. Rep. Coll. Gen. Educ. Osaka Univ.",urn:lsid:ipni.org:publications:2687-2,1960,1960,,"Nakai ex Tamura & Namba",var.,"Sci. Rep. Coll. Gen. Educ. Osaka Univ. 9: 142. 1960 ",,,,,8,deflexum,Nakai,,f,t,,,,,,,Namba@6851-1@3@autEx$Tamura@10411-1@2@autEx$Nakai@23869-1@1@aut,Nakai@23869-1@1@aut,,"tax. nov.",,1.1,f,aconitum~deflexummaritimum,ranunculaceaeaconitum~deflexummaritimum,291,wfo-0000517152,,variety,,,,,https://www.ipni.org/n/77376886-1,"IPNI Record: 77376886-1","Sci. Rep. Coll. Gen. Educ. Osaka Univ. 9: 142 (1960)"
urn:lsid:ipni.org:names:77376887-1,"(Ten.) Onno","Brassicaceae Brassica incana Ten.",(Ten.),279366-1,,,"82(4): 318",,,,,,,,,,,,"21/02/2026 02:12","23/02/2026 16:07",,,Brassicaceae,"Brassica sylvestris subsp. incana","Brassica sylvestris subsp. incana",Brassica,,f,f,,,,,incana,,,,,,,,,,,,,,,,,,,,,,,null:,279542-1,"Oesterr. Bot. Z.",urn:lsid:ipni.org:publications:768-2,1933,"1933 [Dec 1933]","[Dec 1933]",Onno,subsp.,"Oesterr. Bot. Z. 82(4): 318. 1933 [Dec 1933] ",,doi:10.1007/BF01251324,,,11,sylvestris,Mill.,,f,t,,,,,,,Ten.@10507-1@2@bas$Onno@7147-1@1@aut,Mill.@0-0@1@aut,,"comb. et stat. nov.",,1.3,f,brassica~sylvestrisincana,brassicaceaebrassica~sylvestrisincana,292,wfo-1200117080,,subspecies,,,,,https://www.ipni.org/n/77376887-1,"IPNI Record: 77376887-1","Oesterr. Bot. Z. 82(4): 318 (1933)"
urn:lsid:ipni.org:names:77376888-1,"(Ginzb. & Teyber) Onno","Brassicaceae Brassica cazzae Ginzb. & Teyber","(Ginzb. & Teyber)",279283-1,,,"82(4): 319",,,,,,,,,,,,"21/02/2026 02:18","23/02/2026 16:13",,,Brassicaceae,"Brassica sylvestris var. cazzae","Brassica sylvestris var. cazzae",Brassica,,f,f,,,,,cazzae,,,,,,,,,,,,,,,,,,,,,,,null:,279542-1,"Oesterr. Bot. Z.",urn:lsid:ipni.org:publications:768-2,1933,"1933 [Dec 1933]","[Dec 1933]",Onno,var.,"Oesterr. Bot. Z. 82(4): 319. 1933 [Dec 1933] ",,doi:10.1007/BF01251324,,,11,sylvestris,Mill.,,f,t,,,,,,,Ginzb.@19364-1@2@bas$Teyber@10538-1@3@bas$Onno@7147-1@1@aut,Mill.@0-0@1@aut,,"comb. et stat. nov.",,1.3,f,brassica~sylvestriscazzae,brassicaceaebrassica~sylvestriscazzae,293,wfo-1200117033,,variety,,,,,https://www.ipni.org/n/77376888-1,"IPNI Record: 77376888-1","Oesterr. Bot. Z. 82(4): 319 (1933)"
urn:lsid:ipni.org:names:77376889-1,"(Vis.) Onno","Brassicaceae Brassica botteri Vis.",(Vis.),279255-1,,,"82(4): 320",,,,,,,,,,,,"21/02/2026 02:23","23/02/2026 16:14",,,Brassicaceae,"Brassica sylvestris var. botterii","Brassica sylvestris var. botterii",Brassica,,f,f,,,,,botterii,,,,,,,,,,,,,,,,,,,,,,,null:,279542-1,"Oesterr. Bot. Z.",urn:lsid:ipni.org:publications:768-2,1933,"1933 [Dec 1933]","[Dec 1933]",Onno,var.,"Oesterr. Bot. Z. 82(4): 320. 1933 [Dec 1933] ",,doi:10.1007/BF01251324,,,11,sylvestris,Mill.,,f,t,,,,,,,Onno@7147-1@1@aut$Vis.@11218-1@2@bas,Mill.@0-0@1@aut,,"comb. et stat. nov.",,1.3,f,brassica~sylvestrisbotterii,brassicaceaebrassica~sylvestrisbotterii,294,wfo-1200117034,,variety,,,,,https://www.ipni.org/n/77376889-1,"IPNI Record: 77376889-1","Oesterr. Bot. Z. 82(4): 320 (1933)"
urn:lsid:ipni.org:names:77376890-1,"(Vis.) Onno","Brassicaceae Brassica mollis Vis.",(Vis.),279405-1,,,"82(4): 321",,,,,,,,,,,,"21/02/2026 02:25","23/02/2026 16:15",,,Brassicaceae,"Brassica sylvestris var. mollis","Brassica sylvestris var. mollis",Brassica,,f,f,,,,,mollis,,,,,,,,,,,,,,,,,,,,,,,null:,279542-1,"Oesterr. Bot. Z.",urn:lsid:ipni.org:publications:768-2,1933,"1933 [Dec 1933]","[Dec 1933]",Onno,var.,"Oesterr. Bot. Z. 82(4): 321. 1933 [Dec 1933] ",,doi:10.1007/BF01251324,,,11,sylvestris,Mill.,,f,t,,,,,,,Vis.@11218-1@2@bas$Onno@7147-1@1@aut,Mill.@0-0@1@aut,,"comb. et stat. nov.",,1.3,f,brassica~sylvestrismollis,brassicaceaebrassica~sylvestrismollis,295,wfo-1200117035,,variety,,,,,https://www.ipni.org/n/77376890-1,"IPNI Record: 77376890-1","Oesterr. Bot. Z. 82(4): 321 (1933)"
urn:lsid:ipni.org:names:77376892-1,Biv.,,,,,,"4: 20",,,,,,,,,,,,"21/02/2026 02:54","23/02/2026 16:17",,,Brassicaceae,"Brassica villosa","Brassica villosa",Brassica,,f,f,,,,,,,,,,,,,,,,,,,,,,,,,,,,,30043511-2,"Stirp. Rar. Sicilia",urn:lsid:ipni.org:publications:5301-2,1818,1818,,Biv.,spec.,"Stirp. Rar. Sicilia 4: 20. 1818 ",,,,,8,villosa,,,f,t,,,,,,,Biv.@16173-1@1@aut,,,"tax. nov.",,1.3,f,brassica~villosa,brassicaceaebrassica~villosa~,296,wfo-1000088478,,species,,,,,https://www.ipni.org/n/77376892-1,"IPNI Record: 77376892-1","Stirp. Rar. Sicilia 4: 20 (1818)"
urn:lsid:ipni.org:names:77376893-1,"(Biv.) Onno","Brassicaceae Brassica villosa Biv.",(Biv.),77376892-1,,,"82(4): 326",,,,,,,,,,,,"21/02/2026 02:57","23/02/2026 16:18",,,Brassicaceae,"Brassica sylvestris subsp. villosa","Brassica sylvestris subsp. villosa",Brassica,,f,f,,,,,villosa,,,,,,,,,,,,,,,,,,,,,,,null:,279542-1,"Oesterr. Bot. Z.",urn:lsid:ipni.org:publications:768-2,1933,"1933 [Dec 1933]","[Dec 1933]",Onno,subsp.,"Oesterr. Bot. Z. 82(4): 326. 1933 [Dec 1933] ",,doi:10.1007/BF01251324,,,11,sylvestris,Mill.,,f,t,,,,,,,Biv.@16173-1@2@bas$Onno@7147-1@1@aut,Mill.@0-0@1@aut,,"comb. et stat. nov.",,1.3,f,brassica~sylvestrisvillosa,brassicaceaebrassica~sylvestrisvillosa,297,wfo-1200117036,,subspecies,,,,,https://www.ipni.org/n/77376893-1,"IPNI Record: 77376893-1","Oesterr. Bot. Z. 82(4): 326 (1933)"
urn:lsid:ipni.org:names:77376894-1,"(Raf.) Onno","Brassicaceae Brassica rupestris Raf.",(Raf.),279503-1,,,"82(4): 327",,,,,,,,,,,,"21/02/2026 02:59","23/02/2026 16:19",,,Brassicaceae,"Brassica sylvestris subsp. rupestris","Brassica sylvestris subsp. rupestris",Brassica,,f,f,,,,,rupestris,,,,,,,,,,,,,,,,,,,,,,,null:,279542-1,"Oesterr. Bot. Z.",urn:lsid:ipni.org:publications:768-2,1933,"1933 [Dec 1933]","[Dec 1933]",Onno,subsp.,"Oesterr. Bot. Z. 82(4): 327. 1933 [Dec 1933] ",,doi:10.1007/BF01251324,,,11,sylvestris,Mill.,,f,t,,,,,,,Raf.@8096-1@2@bas$Onno@7147-1@1@aut,Mill.@0-0@1@aut,,"comb. et stat. nov.",,1.3,f,brassica~sylvestrisrupestris,brassicaceaebrassica~sylvestrisrupestris,298,wfo-1200117037,,subspecies,,,,,https://www.ipni.org/n/77376894-1,"IPNI Record: 77376894-1","Oesterr. Bot. Z. 82(4): 327 (1933)"
urn:lsid:ipni.org:names:77376895-1,"(Boiss. & Spruner) Onno","Brassicaceae Brassica nivea Boiss. & Spruner","(Boiss. & Spruner)",279426-1,,,"82(4): 313",,,,,,,,,,,,"21/02/2026 03:03","23/02/2026 10:51",,,Brassicaceae,"Brassica cretica var. nivea","Brassica cretica var. nivea",Brassica,,f,f,,,,,nivea,,,,,,,,,,,,,,,,,,,,,,,null:,279298-1,"Oesterr. Bot. Z.",urn:lsid:ipni.org:publications:768-2,1933,"1933 [Dec 1933]","[Dec 1933]",Onno,var.,"Oesterr. Bot. Z. 82(4): 313. 1933 [Dec 1933] ",,doi:10.1007/BF01251324,,,11,cretica,Lam.,,f,t,,,,,,,Onno@7147-1@1@aut$Boiss.@16284-1@2@bas$Spruner@9996-1@3@bas,Lam.@0-0@1@aut,,"comb. et stat. nov.",,1.3,f,brassica~creticanivea,brassicaceaebrassica~creticanivea,299,wfo-1200117081,,variety,,,,,https://www.ipni.org/n/77376895-1,"IPNI Record: 77376895-1","Oesterr. Bot. Z. 82(4): 313 (1933)"
urn:lsid:ipni.org:names:77376896-1,Onno,,,,,,"82(4): 315",,,,,,,,,,,,"21/02/2026 03:11","23/02/2026 10:52",,,Brassicaceae,"Brassica cretica var. attica","Brassica cretica var. attica",Brassica,,f,f,,,,,attica,,,,,,,,,,,,,,,,,,,,,,,,279298-1,"Oesterr. Bot. Z.",urn:lsid:ipni.org:publications:768-2,1933,"1933 [Dec 1933]","[Dec 1933]",Onno,var.,"Oesterr. Bot. Z. 82(4): 315. 1933 [Dec 1933] ",,doi:10.1007/BF01251324,,,8,cretica,Lam.,,f,t,,,,,,,Onno@7147-1@1@aut,Lam.@0-0@1@aut,,"tax. nov.",,1.3,f,brassica~creticaattica,brassicaceaebrassica~creticaattica,300,wfo-1200117038,,variety,,,,,https://www.ipni.org/n/77376896-1,"IPNI Record: 77376896-1","Oesterr. Bot. Z. 82(4): 315 (1933)"
urn:lsid:ipni.org:names:77376897-1,"(Moris) Onno","Brassicaceae Brassica insularis Moris",(Moris),279368-1,,,"82(4): 316",,,,,,,,,,,,"21/02/2026 03:15","23/02/2026 10:53",,,Brassicaceae,"Brassica cretica subsp. insularis","Brassica cretica subsp. insularis",Brassica,,f,f,,,,,insularis,,,,,,,,,,,,,,,,,,,,,,,null:,279298-1,"Oesterr. Bot. Z.",urn:lsid:ipni.org:publications:768-2,1933,"1933 [Dec 1933]","[Dec 1933]",Onno,subsp.,"Oesterr. Bot. Z. 82(4): 316. 1933 [Dec 1933] ",,doi:10.1007/BF01251324,,,11,cretica,Lam.,,f,t,,,,,,,Onno@7147-1@1@aut$Moris@12692-1@2@bas,Lam.@0-0@1@aut,,"comb. et stat. nov.",,1.3,f,brassica~creticainsularis,brassicaceaebrassica~creticainsularis,301,wfo-1200117039,,subspecies,,,,,https://www.ipni.org/n/77376897-1,"IPNI Record: 77376897-1","Oesterr. Bot. Z. 82(4): 316 (1933)"
urn:lsid:ipni.org:names:77376898-1,Coss.,,,,,,"2: 185",,,,,,,,,,,,"21/02/2026 10:40","23/02/2026 16:23",,,Brassicaceae,"Brassica oleracea subvar. atlantica","Brassica oleracea subvar. atlantica",Brassica,,f,f,,,,,atlantica,,,,,,,,,,,,,,,,,,,,,,,,279435-1,"Comp. Fl. Atlant.",urn:lsid:ipni.org:publications:15216-2,1887,"1887 [Nov 1887]","[Nov 1887]",Coss.,subvar.,"Comp. Fl. Atlant. 2: 185. 1887 [Nov 1887] ",,"Published as B. oleracea var. insularis subvar. atlantica.",,,8,oleracea,L.,,f,t,,,,,,,Coss.@17452-1@1@aut,L.@0-0@1@aut,,"tax. nov.",,1.1.1.2,f,brassica~oleraceaatlantica,brassicaceaebrassica~oleraceaatlantica,302,wfo-1200117082,,subvariety,,,,,https://www.ipni.org/n/77376898-1,"IPNI Record: 77376898-1","Comp. Fl. Atlant. 2: 185 (1887)"
urn:lsid:ipni.org:names:77376899-1,"(Coss.) Onno","Brassicaceae Brassica oleracea L. subvar. atlantica Coss.",(Coss.),77376898-1,,,"82(4): 315",,,,,,,,,,,,"21/02/2026 10:45","23/02/2026 10:53",,,Brassicaceae,"Brassica cretica subsp. atlantica","Brassica cretica subsp. atlantica",Brassica,,f,f,,,,,atlantica,,,,,,,,,,,,,,,,,,,,,,,null:,279298-1,"Oesterr. Bot. Z.",urn:lsid:ipni.org:publications:768-2,1933,"1933 [Dec 1933]","[Dec 1933]",Onno,subsp.,"Oesterr. Bot. Z. 82(4): 315. 1933 [Dec 1933] ",,doi:10.1007/BF01251324,,,11,cretica,Lam.,,f,t,,,,,,,Onno@7147-1@1@aut$Coss.@17452-1@2@bas,Lam.@0-0@1@aut,,"comb. nov.",,1.3,f,brassica~creticaatlantica,brassicaceaebrassica~creticaatlantica,303,wfo-0000571042,,subspecies,,,,,https://www.ipni.org/n/77376899-1,"IPNI Record: 77376899-1","Oesterr. Bot. Z. 82(4): 315 (1933)"
urn:lsid:ipni.org:names:77376900-1,"(Burch.) Roalson & J.C.Hall","Capparaceae Cleome diandra Burch.",(Burch.),147001-1,,,"42(4): 928",,,,,,,,,,,,"21/02/2026 11:46","21/02/2026 11:46",,,Capparaceae,"Coalisina angustifolia subsp. diandra","Coalisina angustifolia subsp. diandra",Coalisina,,f,f,,,,,diandra,,,,,,,,,,,,,,,,,,,,,,,,147414-1,"Syst. Bot.",urn:lsid:ipni.org:publications:1295-2,2017,"2017 [18 Dec 2017]","[18 Dec 2017]","Roalson & J.C.Hall",subsp.,"Syst. Bot. 42(4): 928. 2017 [18 Dec 2017] ",,"doi:10.1600/036364417X696393 Not indicated as a comb nov, but basionym provided in second appearance of the name, with var. diandra.",,,11,angustifolia,Raf.,,f,t,,,,,,,J.C.Hall@20028196-1@2@aut$Burch.@1291-1@3@bas$Roalson@38633-1@1@aut,Raf.@8096-1@1@aut,,"comb. nov.",,1.1,f,coalisina~angustifoliadiandra,capparaceaecoalisina~angustifoliadiandra,304,wfo-1200072443,,subspecies,,,,,https://www.ipni.org/n/77376900-1,"IPNI Record: 77376900-1","Syst. Bot. 42(4): 928 (2017)"
urn:lsid:ipni.org:names:77376901-1,"H.R.Lee & Cheon",,,,,,"56(1): 36",,,,,,,,,,,,"21/02/2026 12:54","23/02/2026 14:54",,,Crassulaceae,Spinella,Spinella,Spinella,,f,f,,,,,,,,,,,,,,,,,,,,,,,,,,,,,30000887-2,"Korean J. Pl. Taxon.",urn:lsid:ipni.org:publications:10815-2,2026,"2026 [31 Jan 2026]","[31 Jan 2026]","H.R.Lee & Cheon",gen.,"Korean J. Pl. Taxon. 56(1): 36. 2026 [31 Jan 2026] ",,"doi:10.11110/kjpt.2026.56.1.35 [english] Etymology: name reflects the small, spinose appendage at the leaf apex, from the root 'spina' (Latin: spine, thorn, or sharp point) with the diminutive suffix '-ella'.",,,9,,,,f,t,272693-1,,"Spinella japonica",,,,H.R.Lee@20096265-1@1@aut$Cheon@20096264-1@2@aut,,,"tax. nov.",,1.3,f,spinella,crassulaceaespinella~~~,305,wfo-4100006467,,genus,,,,,https://www.ipni.org/n/77376901-1,"IPNI Record: 77376901-1","Korean J. Pl. Taxon. 56(1): 36 (2026)"
urn:lsid:ipni.org:names:77376902-1,Kirp.,,,,,,342,,,,,,,,,,,,"22/02/2026 00:57","24/02/2026 07:58",,,Asteraceae,"Sonchus ser. Oleracei","Sonchus ser. Oleracei",Sonchus,,f,f,,,,oleracei,,,,,,,,,,,,,,,,,,,,,,,,,327341-2,"Novosti Sist. Vyssh. Rast.",urn:lsid:ipni.org:publications:1027-2,1964,1964,,Kirp.,ser.,"Novosti Sist. Vyssh. Rast. 342. 1964 ",,"Name added via registration. Protologue not seen by the IPNI editors. If you have access to the protologue please email a copy to us via the 'contact us' link at the top of the page.",,,8,,,,f,t,,,"Sonchus oleraceus L., Sp. Pl. 2: 794 (1753).",,,,Kirp.@4813-1@1@aut,,,"tax. nov.",,1.3,f,sonchusoleracei,asteraceaesonchusoleracei~~,306,wfo-1000079129,,series,,,,,https://www.ipni.org/n/77376902-1,"IPNI Record: 77376902-1","Novosti Sist. Vyssh. Rast. 342 (1964)"
urn:lsid:ipni.org:names:77376903-1,Tzvelev,,,,,,"2: 23",,,,,,,,,,,,"22/02/2026 01:20","24/02/2026 08:01",,,Poaceae,"Calamagrostis ser. Nutkaensis","Calamagrostis ser. Nutkaensis",Calamagrostis,,f,f,,,,nutkaensis,,,,,,,,,,,,,,,,,,,,,,,,,325388-2,"Novosti Sist. Vyssh. Rast.",urn:lsid:ipni.org:publications:1027-2,1965,1965,,Tzvelev,ser.,"Novosti Sist. Vyssh. Rast. 2: 23. 1965 ",,"Name added via registration. Protologue not seen by the IPNI editors. If you have access to the protologue please email a copy to us via the 'contact us' link at the top of the page.",,,8,,,,f,t,,,"Calamagrostis nutkaensis (J.Presl) Steud.",,,,Tzvelev@10947-1@1@aut,,,"tax. nov.",,1.4,f,calamagrostisnutkaensis,poaceaecalamagrostisnutkaensis~~,307,wfo-1000088479,,series,,,,,https://www.ipni.org/n/77376903-1,"IPNI Record: 77376903-1","Novosti Sist. Vyssh. Rast. 2: 23 (1965)"
urn:lsid:ipni.org:names:77376904-1,Tzvelev,,,,,,"2: 24",,,,,,,,,,,,"22/02/2026 01:22","24/02/2026 08:04",,,Poaceae,"Calamagrostis ser. Obtusatae","Calamagrostis ser. Obtusatae",Calamagrostis,,f,f,,,,obtusatae,,,,,,,,,,,,,,,,,,,,,,,,,325388-2,"Novosti Sist. Vyssh. Rast.",urn:lsid:ipni.org:publications:1027-2,1965,1965,,Tzvelev,ser.,"Novosti Sist. Vyssh. Rast. 2: 24. 1965 ",,"Name added via registration. Protologue not seen by the IPNI editors. If you have access to the protologue please email a copy to us via the 'contact us' link at the top of the page.",,,8,,,,f,t,,,"Calamagrostis obtusata Trin., Gram. Unifl. Sesquifl. 225. t. 4. f. 11. (1824).",,,,Tzvelev@10947-1@1@aut,,,"tax. nov.",,1.3,f,calamagrostisobtusatae,poaceaecalamagrostisobtusatae~~,308,wfo-1000088286,,series,,,,,https://www.ipni.org/n/77376904-1,"IPNI Record: 77376904-1","Novosti Sist. Vyssh. Rast. 2: 24 (1965)"
urn:lsid:ipni.org:names:77376905-1,Tzvelev,,,,,,"2: 25",,,,,,,,,,,,"22/02/2026 01:26","24/02/2026 08:01",,,Poaceae,"Calamagrostis ser. Variae","Calamagrostis ser. Variae",Calamagrostis,,f,f,,,,variae,,,,,,,,,,,,,,,,,,,,,,,,,325388-2,"Novosti Sist. Vyssh. Rast.",urn:lsid:ipni.org:publications:1027-2,1965,1965,,Tzvelev,ser.,"Novosti Sist. Vyssh. Rast. 2: 25. 1965 ",,"Name added via registration. Protologue not seen by the IPNI editors. If you have access to the protologue please email a copy to us via the 'contact us' link at the top of the page.",,,8,,,,f,t,,,"Calamagrostis varia Host, Icon. Descr. Gram. Austriac. 4: t. 47 (1809).",,,,Tzvelev@10947-1@1@aut,,,"tax. nov.",,1.1.1.2,f,calamagrostisvariae,poaceaecalamagrostisvariae~~,309,wfo-1000088287,,series,,,,,https://www.ipni.org/n/77376905-1,"IPNI Record: 77376905-1","Novosti Sist. Vyssh. Rast. 2: 25 (1965)"
urn:lsid:ipni.org:names:77376906-1,Tzvelev,,,,,,"2: 38",,,,,,,,,,,,"22/02/2026 01:31","24/02/2026 08:04",,,Poaceae,"Calamagrostis sect. Pseudophragmites","Calamagrostis sect. Pseudophragmites",Calamagrostis,,f,f,,,,pseudophragmites,,,,,,,,,,,,,,,,,,,,,,,,,325388-2,"Novosti Sist. Vyssh. Rast.",urn:lsid:ipni.org:publications:1027-2,1965,1965,,Tzvelev,sect.,"Novosti Sist. Vyssh. Rast. 2: 38. 1965 ",,"Name added via registration. Protologue not seen by the IPNI editors. If you have access to the protologue please email a copy to us via the 'contact us' link at the top of the page.",,,8,,,,f,t,,,"Calamagrostis pseudophragmites (Haller f.) Koeler, Descr. Gram. [Koeler] 106 (1802).",,,,Tzvelev@10947-1@1@aut,,,"tax. nov.",,1.3,f,calamagrostispseudophragmites,poaceaecalamagrostispseudophragmites~~,310,wfo-1000088480,,section,,,,,https://www.ipni.org/n/77376906-1,"IPNI Record: 77376906-1","Novosti Sist. Vyssh. Rast. 2: 38 (1965)"
urn:lsid:ipni.org:names:77376907-1,"(Engl.) Balle","Loranthaceae Loranthus cinereus Engl.",(Engl.),549223-1,,,"7: 165",,,,,,,,,,,,"22/02/2026 12:50","22/02/2026 12:50",,,Loranthaceae,"Phragmanthera cinerea","Phragmanthera cinerea",Phragmanthera,,f,f,,,,,,,,,,,,,,,,,,,,,,,,,,,,,25311-1,"Mitt. Bot. Staatssamml. München",urn:lsid:ipni.org:publications:1010-2,1968,1968,,Balle,spec.,"Mitt. Bot. Staatssamml. München 7: 165. 1968 ",,,,,11,cinerea,,,f,t,,,,,,,Engl.@18509-1@2@bas$Balle@431-1@1@aut,,,"comb. nov.",,1.1,f,phragmanthera~cinerea,loranthaceaephragmanthera~cinerea~,311,wfo-1000088481,,species,,,,,https://www.ipni.org/n/77376907-1,"IPNI Record: 77376907-1","Mitt. Bot. Staatssamml. München 7: 165 (1968)"
urn:lsid:ipni.org:names:77377010-1,"(L.) Hoffm.","Apiaceae Tordylium peregrinum L.",(L.),849481-1,,,104,,,,,,,,,,,,"23/02/2026 10:23","23/02/2026 12:09",,,Apiaceae,"Krubera peregrina","Krubera peregrina",Krubera,,f,f,,,,,,,,,,,,,,,,,,,,,,,,,,,,,40147-1,"Gen. Pl. Umbell.",urn:lsid:ipni.org:publications:8790-2,1814,1814,,Hoffm.,spec.,"Gen. Pl. Umbell. 104. 1814 ",,"See also p. 168.",,,11,peregrina,,,f,t,,,,,,,L.@12653-1@2@bas$Hoffm.@4014-1@1@aut,,,"comb. nov.",,1.3,f,krubera~peregrina,apiaceaekrubera~peregrina~,312,wfo-0001039159,,species,,,,,https://www.ipni.org/n/77377010-1,"IPNI Record: 77377010-1","Gen. Pl. Umbell. 104 (1814)"
urn:lsid:ipni.org:names:77377012-1,"Sameer Patil & Sushil K.Singh",,,,,,"66(2): 9",,,,,,131744,,,"Sameer Patil",,,"23/02/2026 11:43","23/02/2026 11:43","Jammu-Kashmir (West Himalaya, Indian Subcontinent, Asia-Tropical)",E,Asteraceae,"Taraxacum integrifolium","Taraxacum integrifolium",Taraxacum,,f,f,,,,,,,253623-1,33,4,52,"Ladakh: Near Dhaba, in Whisky Nala, 28 km before Pang, 4790 m33",77,38,1,"nom. illeg. later homonym    Contrary to Art. 53.1.",,"nom. illeg.",,,N,,,,,,,,,328762-2,Nelumbo,urn:lsid:ipni.org:publications:20012606-1,2024,"2024 [31 Dec 2024]","[31 Dec 2024]","Sameer Patil & Sushil K.Singh",spec.,"Nelumbo 66(2): 9. 2024 [31 Dec 2024] ",,"doi:10.20324/nelumbo/v66/2024/173390 Etymology: the specific epithet is a reference to the characteristic narrow, linear, and entire leaves which are not seen in the entire genus.",,,13,integrifolium,,,f,t,,"holotype BSD;isotype BSD;isotype CAL;isotype DD",,,,,"Sameer Patil@20045621-1@1@aut$Sushil K.Singh@20016176-1@2@aut",,,"tax. nov.",,1.1,f,taraxacum~integrifolium,asteraceaetaraxacum~integrifolium~,313,wfo-1000088482,,species,,,,,https://www.ipni.org/n/77377012-1,"IPNI Record: 77377012-1","Nelumbo 66(2): 9 (2024)"
urn:lsid:ipni.org:names:77377013-1,"Sameer Patil & Sushil K.Singh",,,,,,"66(2): 15",,8,,10,,958,1956,,K.M.Sebastine,,,"23/02/2026 11:49","23/02/2026 11:49","Tamil Nadu (India, Indian Subcontinent, Asia-Tropical)",,Asteraceae,"Taraxacum nilgiricum","Taraxacum nilgiricum",Taraxacum,,f,f,,,,,,,,,,,"Nilgiri district: Kottabettu-Illithorai, 2067 m",,,,,,,,,,,,,,,,,,328762-2,Nelumbo,urn:lsid:ipni.org:publications:20012606-1,2024,"2024 [31 Dec 2024]","[31 Dec 2024]","Sameer Patil & Sushil K.Singh",spec.,"Nelumbo 66(2): 15. 2024 [31 Dec 2024] ",,"doi:10.20324/nelumbo/v66/2024/173390 Etymology: the specific epithet is derived from the type locality.",,,11,nilgiricum,,,f,t,,"holotype CAL",,,,,"Sushil K.Singh@20016176-1@2@aut$Sameer Patil@20045621-1@1@aut",,,"tax. nov.",,1.1,f,taraxacum~nilgiricum,asteraceaetaraxacum~nilgiricum~,314,wfo-1000088288,,species,,,,,https://www.ipni.org/n/77377013-1,"IPNI Record: 77377013-1","Nelumbo 66(2): 15 (2024)"
urn:lsid:ipni.org:names:77377014-1,T.F.Grace,,,,,,"1788: 109",,,,,,,,,,,,"23/02/2026 14:02","23/02/2026 14:02",,,Brassicaceae,"Brassica vaccina","Brassica vaccina",Brassica,,f,f,,,,,,,,,,,,,,,,,,,,,,,,,,,,,30043511-2,"Bon Jard.",urn:lsid:ipni.org:publications:9014-2,1788,1788,,T.F.Grace,spec.,"Bon Jard. 1788: 109. ",,"Short description: 'Il nait sur la tige (qui s'allonge jusqu'a sept ou huit pieds) un grand nombre de feuilles'.",,,8,vaccina,,,f,t,,,,,,,T.F.Grace@20094174-1@1@aut,,,"tax. nov.",,1.1,f,brassica~vaccina,brassicaceaebrassica~vaccina~,315,wfo-1000088289,,species,,,,,https://www.ipni.org/n/77377014-1,"IPNI Record: 77377014-1","Bon Jard. 1788: 109 (1788)"
urn:lsid:ipni.org:names:77377015-1,"Becc. ex Scheff.",,,,,,"2: 1",,,,,,,,,,,,"23/02/2026 14:06","24/02/2026 08:06",,,Annonaceae,"Uvaria purpurea var. glabrescens","Uvaria purpurea var. glabrescens",Uvaria,,f,f,,,,,glabrescens,,,,,,,,,,,,,,,,,,,,,,,,75900-1,"Ann. Jard. Bot. Buitenzorg",urn:lsid:ipni.org:publications:3291-2,1881,1881,,"Becc. ex Scheff.",var.,"Ann. Jard. Bot. Buitenzorg 2: 1. 1881 ",,,,,8,purpurea,Blume,,f,t,,,,,,,Becc.@15852-1@1@aut$Scheff.@9034-1@2@autEx,Blume@0-0@1@aut,,"tax. nov.",,1.3,f,uvaria~purpureaglabrescens,annonaceaeuvaria~purpureaglabrescens,316,wfo-1200027837,,variety,,,,,https://www.ipni.org/n/77377015-1,"IPNI Record: 77377015-1","Ann. Jard. Bot. Buitenzorg 2: 1 (1881)"
urn:lsid:ipni.org:names:77377016-1,Miq.,,,,,,"2(1): 6",,,,,,,,,,,,"23/02/2026 14:11","24/02/2026 08:17",,,Annonaceae,"Uvaria purpurea var. angustifolia","Uvaria purpurea var. angustifolia",Uvaria,,f,f,,,,,angustifolia,,,,,,,,,,,,,,,,,,,,,,,,75900-1,"Ann. Mus. Bot. Lugduno-Batavi",urn:lsid:ipni.org:publications:1163-2,1865,1865,,Miq.,var.,"Ann. Mus. Bot. Lugduno-Batavi 2(1): 6. 1865 ",,,,,8,purpurea,Blume,,f,t,,,,,,,Miq.@6509-1@1@aut,Blume@0-0@1@aut,,"tax. nov.",,1.3,f,uvaria~purpureaangustifolia,annonaceaeuvaria~purpureaangustifolia,317,wfo-1200027836,,variety,,,,,https://www.ipni.org/n/77377016-1,"IPNI Record: 77377016-1","Ann. Mus. Bot. Lugduno-Batavi 2(1): 6 (1865)"
urn:lsid:ipni.org:names:77377017-1,"(L.) T.F.Grace","Aloaceae Aloe uvaria L.",(L.),529999-1,,,"1788: 232",,,,,,,,,,,,"23/02/2026 14:27","23/02/2026 14:27",,,Iridaceae,"Iris uvaria","Iris uvaria",Iris,,f,f,,,,,,,,,,,,,,,,,,,,,,,,,,,,,326330-2,"Bon Jard.",urn:lsid:ipni.org:publications:9014-2,1788,1788,,T.F.Grace,spec.,"Bon Jard. 1788: 232. ",,,,,11,uvaria,,,f,t,,,,,,,T.F.Grace@20094174-1@1@aut$L.@12653-1@2@bas,,,"comb. nov.",,1.1,f,iris~uvaria,iridaceaeiris~uvaria~,318,wfo-1000088290,,species,,,,,https://www.ipni.org/n/77377017-1,"IPNI Record: 77377017-1","Bon Jard. 1788: 232 (1788)"
urn:lsid:ipni.org:names:77377018-1,"(Lindl.) S.Misra","Orchidaceae Cymbidium pubescens Lindl.",(Lindl.),625128-1,,,"66(2): 176",,,,,,,,,,,,"23/02/2026 14:43","23/02/2026 14:43","Singapore (Malaya, Malesia, Asia-Tropical)",,Orchidaceae,"Cymbidium crassifolium subsp. pubescens","Cymbidium crassifolium subsp. pubescens",Cymbidium,,f,f,,,,,pubescens,,,,,,,,,,,,,,,,,,,,,,,,77213429-1,Nelumbo,urn:lsid:ipni.org:publications:20012606-1,2024,"2024 [31 Dec 2024]","[31 Dec 2024]",S.Misra,subsp.,"Nelumbo 66(2): 176. 2024 [31 Dec 2024] ",,doi:10.20324/nelumbo/v66/2024/173408,,,12,crassifolium,Herb.,,f,t,,,,,,,S.Misra@23462-1@1@aut$Lindl.@22383-1@2@bas,Herb.@12542-1@1@aut,,"comb. et stat. nov.",,1.1,f,cymbidium~crassifoliumpubescens,orchidaceaecymbidium~crassifoliumpubescens,319,wfo-1200117040,,subspecies,,,,,https://www.ipni.org/n/77377018-1,"IPNI Record: 77377018-1","Nelumbo 66(2): 176 (2024)"
urn:lsid:ipni.org:names:77377019-1,T.F.Grace,,,,,,"1788: 236",,,,,,,,,,,,"23/02/2026 14:43","23/02/2026 14:43",,,Caryophyllaceae,"Cerastium incanum","Cerastium incanum",Cerastium,,f,f,,,,,,,,,,,,,,,,,,,,,,,,,,,,,30008700-2,"Bon Jard.",urn:lsid:ipni.org:publications:9014-2,1788,1788,,T.F.Grace,spec.,"Bon Jard. 1788: 236. ",,,,,8,incanum,,,f,t,,,,,,,T.F.Grace@20094174-1@1@aut,,,"tax. nov.",,1.1,f,cerastium~incanum,caryophyllaceaecerastium~incanum~,320,wfo-1000088483,,species,,,,,https://www.ipni.org/n/77377019-1,"IPNI Record: 77377019-1","Bon Jard. 1788: 236 (1788)"
urn:lsid:ipni.org:names:77377020-1,King,,,,,,"61(1): 18",,,,,,,,,,,,"23/02/2026 14:45","24/02/2026 08:39",,,Annonaceae,"Uvaria purpurea var. tuberculata","Uvaria purpurea var. tuberculata",Uvaria,,f,f,,,,,tuberculata,,,,,,,,,,,,,,,,,,,,,,,,75900-1,"J. Asiat. Soc. Bengal, Pt. 2, Nat. Hist.",urn:lsid:ipni.org:publications:982-2,1892,1892,,King,var.,"J. Asiat. Soc. Bengal, Pt. 2, Nat. Hist. 61(1): 18. 1892 ",,,,,8,purpurea,Blume,,f,t,,,,,,,King@4798-1@1@aut,Blume@0-0@1@aut,,"tax. nov.",,1.3,f,uvaria~purpureatuberculata,annonaceaeuvaria~purpureatuberculata,321,wfo-0000738076,,variety,,,,,https://www.ipni.org/n/77377020-1,"IPNI Record: 77377020-1","J. Asiat. Soc. Bengal, Pt. 2, Nat. Hist. 61(1): 18 (1892)"
urn:lsid:ipni.org:names:77377021-1,T.F.Grace,,,,,,"1788: 253",,,,,,,,,,,,"23/02/2026 14:51","23/02/2026 14:51",,,Lamiaceae,"Teucrium rubrum","Teucrium rubrum",Teucrium,,f,f,,,,,,,,,,,,,,,,,,,,,,,,,,,,,30039259-2,"Bon Jard.",urn:lsid:ipni.org:publications:9014-2,1788,1788,,T.F.Grace,spec.,"Bon Jard. 1788: 253. ",,,,,8,rubrum,,,f,t,,,,,,,T.F.Grace@20094174-1@1@aut,,,"tax. nov.",,1.1,f,teucrium~rubrum,lamiaceaeteucrium~rubrum~,322,wfo-1000088291,,species,,,,,https://www.ipni.org/n/77377021-1,"IPNI Record: 77377021-1","Bon Jard. 1788: 253 (1788)"
urn:lsid:ipni.org:names:77377022-1,"(Baker) D.K.Roy, Y.Mahesh, Lytan & Odyuo","Convallariaceae Peliosanthes violacea Wall. var. clarkei Baker",(Baker),77286995-1,,,"66(1): 116",,,,,,,,,,,,"23/02/2026 14:59","23/02/2026 14:59",,,Convallariaceae,"Peliosanthes clarkei","Peliosanthes clarkei",Peliosanthes,,f,f,,,,,,,,,,,,,,,,,,,,,,,,,,,,,19480-1,Nelumbo,urn:lsid:ipni.org:publications:20012606-1,2024,"2024 [31 Jul 2024]","[31 Jul 2024]","D.K.Roy, Y.Mahesh, Lytan & Odyuo",spec.,"Nelumbo 66(1): 116. 2024 [31 Jul 2024] ",,doi:10.20324/nelumbo/v66/2024/172992,,,11,clarkei,,,f,t,,,,,,,Y.Mahesh@20044564-1@2@aut$Odyuo@20009148-1@4@aut$Baker@407-1@5@bas$D.K.Roy@20025784-1@1@aut$Lytan@20045229-1@3@aut,,,"comb. et stat. nov.",,1.1,f,peliosanthes~clarkei,convallariaceaepeliosanthes~clarkei~,323,wfo-1000088292,,species,,,,,https://www.ipni.org/n/77377022-1,"IPNI Record: 77377022-1","Nelumbo 66(1): 116 (2024)"
urn:lsid:ipni.org:names:77377023-1,"(Boriss.) H.R.Lee & Cheon","Crassulaceae Orostachys cartilaginea Boriss.",(Boriss.),274612-1,,,"56(1): 36",,,,,,,,,,,,"23/02/2026 15:00","23/02/2026 15:01",,,Crassulaceae,"Spinella cartilaginea","Spinella cartilaginea",Spinella,,f,f,,,,,,,,,,,,,,,,,,,,,,,,,,,,,77376901-1,"Korean J. Pl. Taxon.",urn:lsid:ipni.org:publications:10815-2,2026,"2026 [31 Jan 2026]","[31 Jan 2026]","H.R.Lee & Cheon",spec.,"Korean J. Pl. Taxon. 56(1): 36. 2026 [31 Jan 2026] ",,doi:10.11110/kjpt.2026.56.1.35,,,11,cartilaginea,,,f,t,,,,,,,Boriss.@13886-1@3@bas$H.R.Lee@20096265-1@1@aut$Cheon@20096264-1@2@aut,,,"comb. nov.",,1.2,f,spinella~cartilaginea,crassulaceaespinella~cartilaginea~,324,wfo-1000088293,,species,,,,,https://www.ipni.org/n/77377023-1,"IPNI Record: 77377023-1","Korean J. Pl. Taxon. 56(1): 36 (2026)"
urn:lsid:ipni.org:names:77377024-1,T.F.Grace,,,,,,"1788: 344",,,,,,,,,,,,"23/02/2026 15:02","23/02/2026 15:02",,,Verbenaceae,"Verbena longiflora","Verbena longiflora",Verbena,,f,f,,,,,,,,,,,,,,,,,,,,,,,,,,,,,330551-2,"Bon Jard.",urn:lsid:ipni.org:publications:9014-2,1788,1788,,T.F.Grace,spec.,"Bon Jard. 1788: 344. ",,,,,8,longiflora,,,f,t,,,,,,,T.F.Grace@20094174-1@1@aut,,,"tax. nov.",,1.1,f,verbena~longiflora,verbenaceaeverbena~longiflora~,325,wfo-1000088484,,species,,,,,https://www.ipni.org/n/77377024-1,"IPNI Record: 77377024-1","Bon Jard. 1788: 344 (1788)"
urn:lsid:ipni.org:names:77377025-1,Blume,,,,,,"fasc. 21–22: 22, t. 5",,,,,,,,,,,,"23/02/2026 15:09","24/02/2026 08:45",,,Annonaceae,"Uvaria hirsuta","Uvaria hirsuta",Uvaria,,f,f,,,,,,,326371-2,,,,,,,,"nom. illeg. later homonym",,"nom. illeg.",,,,,,,,,,,,30043123-2,"Fl. Javae",urn:lsid:ipni.org:publications:9643-2,1830,1830,,Blume,spec.,"Fl. Javae fasc. 21–22: 22, t. 5. 1830 ",,,,,10,hirsuta,,,f,t,,,,,,,Blume@16230-1@1@aut,,,"tax. nov.",,1.3,f,uvaria~hirsuta,annonaceaeuvaria~hirsuta~,326,wfo-1000088485,,species,,,,,https://www.ipni.org/n/77377025-1,"IPNI Record: 77377025-1","Fl. Javae fasc. 21–22: 22, t. 5 (1830)"
urn:lsid:ipni.org:names:77377026-1,T.F.Grace,,,,,,"1788: 387",,,,,,,,,,,,"23/02/2026 15:09","23/02/2026 15:09",,,Rutaceae,"Diosma imbricata","Diosma imbricata",Diosma,,f,f,,,,,,,,,,,,,,,,,,,,,,,,,,,,,35684-1,"Bon Jard.",urn:lsid:ipni.org:publications:9014-2,1788,1788,,T.F.Grace,spec.,"Bon Jard. 1788: 387. ",,,,,8,imbricata,,,f,t,,,,,,,T.F.Grace@20094174-1@1@aut,,,"tax. nov.",,1.1,f,diosma~imbricata,rutaceaediosma~imbricata~,327,wfo-1000088486,,species,,,,,https://www.ipni.org/n/77377026-1,"IPNI Record: 77377026-1","Bon Jard. 1788: 387 (1788)"
urn:lsid:ipni.org:names:77377027-1,"(Davidse) Baldini","Poaceae Lasiacis divaricata (L.) Hitchc. var. austroamericana Davidse",(Davidse),135691-2,,,"80(2, Suppl.): 222",,,,,,,,,,,,"23/02/2026 15:30","23/02/2026 16:27",,,Poaceae,"Lasiacis austroamericana","Lasiacis austroamericana",Lasiacis,,f,f,,,,,,,,,,,,,,,,,,,,,,,,,,,,null:,294721-2,Webbia,urn:lsid:ipni.org:publications:826-2,2025,"2025 [17 Nov 2025]","[17 Nov 2025]",Baldini,spec.,"Webbia 80(2, Suppl.): 222. 2025 [17 Nov 2025] ",,doi:10.36253/jopt-19154,,,11,austroamericana,,,f,t,,,,,,,Davidse@2018-1@2@bas$Baldini@36554-1@1@aut,,,"comb. et stat. nov.",,1.3,f,lasiacis~austroamericana,poaceaelasiacis~austroamericana~,328,wfo-1000088294,,species,,,,,https://www.ipni.org/n/77377027-1,"IPNI Record: 77377027-1","Webbia 80(2, Suppl.): 222 (2025)"
urn:lsid:ipni.org:names:77377028-1,"(Rolfe & Hurst) J.M.H.Shaw","Orchidaceae Vanda × joaquimiae Rolfe & Hurst","(Rolfe & Hurst)",77363145-1,,,"133(1343): 91",,,,,,,,,,,,"23/02/2026 15:35","23/02/2026 15:35",,,Orchidaceae,"Papilionanthe × joaquimiae","Papilionanthe × joaquimiae",Papilionanthe,,t,f,,,,,,,,,,,,,,,,,,,,,,,,,,,,,30249-1,"Orchid Rev.",urn:lsid:ipni.org:publications:2679-2,2025,"2025 [01 Oct 2025]","[01 Oct 2025]",J.M.H.Shaw,spec.,"Orchid Rev. 133(1343): 91. 2025 [01 Oct 2025] ",,,,,11,joaquimiae,,,f,t,,,,,,,J.M.H.Shaw@37303-1@1@aut$Hurst@4242-1@3@bas$Rolfe@8550-1@2@bas,,,"comb. nov.",,1.1,f,papilionanthe~joaquimiae,orchidaceaepapilionanthe~joaquimiae~,329,wfo-1000088487,,species,,,,,https://www.ipni.org/n/77377028-1,"IPNI Record: 77377028-1","Orchid Rev. 133(1343): 91 (2025)"
urn:lsid:ipni.org:names:77377029-1,"(Davidse) Baldini","Poaceae Lasiacis rugelii  var. pohlii Davidse",(Davidse),135717-2,,,"80(2, Suppl.): 288",,,,,,,,,,,,"23/02/2026 15:39","23/02/2026 16:37",,,Poaceae,"Lasiacis pohlii","Lasiacis pohlii",Lasiacis,,f,f,,,,,,,,,,,,,,,,,,,,,,,,,,,,null:,294721-2,Webbia,urn:lsid:ipni.org:publications:826-2,2025,"2025 [17 Nov 2025]","[17 Nov 2025]",Baldini,spec.,"Webbia 80(2, Suppl.): 288. 2025 [17 Nov 2025] ",,doi:10.36253/jopt-19154,,,11,pohlii,,,f,t,,,,,,,Baldini@36554-1@1@aut$Davidse@2018-1@2@bas,,,"comb. et stat. nov.",,1.4,f,lasiacis~pohlii,poaceaelasiacis~pohlii~,330,wfo-1000088295,,species,,,,,https://www.ipni.org/n/77377029-1,"IPNI Record: 77377029-1","Webbia 80(2, Suppl.): 288 (2025)"
urn:lsid:ipni.org:names:77377030-1,"(H.Lév.) H.R.Lee & Cheon","Crassulaceae Sedum chanetii H.Lév.",(H.Lév.),275211-1,,,"56(1): 38",,,,,,,,,,,,"23/02/2026 15:42","23/02/2026 15:43",,,Crassulaceae,"Spinella chanetii","Spinella chanetii",Spinella,,f,f,,,,,,,,,,,,,,,,,,,,,,,,,,,,,77376901-1,"Korean J. Pl. Taxon.",urn:lsid:ipni.org:publications:10815-2,2026,"2026 [31 Jan 2026]","[31 Jan 2026]","H.R.Lee & Cheon",spec.,"Korean J. Pl. Taxon. 56(1): 38. 2026 [31 Jan 2026] ",,doi:10.11110/kjpt.2026.56.1.35,,,11,chanetii,,,f,t,,,,,,,H.R.Lee@20096265-1@1@aut$H.Lév.@12648-1@3@bas$Cheon@20096264-1@2@aut,,,"comb. nov.",,1.2,f,spinella~chanetii,crassulaceaespinella~chanetii~,331,wfo-1000088296,,species,,,,,https://www.ipni.org/n/77377030-1,"IPNI Record: 77377030-1","Korean J. Pl. Taxon. 56(1): 38 (2026)"
urn:lsid:ipni.org:names:77377031-1,"(Turcz.) H.R.Lee & Cheon","Crassulaceae Cotyledon fimbriata Turcz.",(Turcz.),272643-1,,,"56(1): 38",,,,,,,,,,,,"23/02/2026 15:44","23/02/2026 15:44",,,Crassulaceae,"Spinella fimbriata","Spinella fimbriata",Spinella,,f,f,,,,,,,,,,,,,,,,,,,,,,,,,,,,,77376901-1,"Korean J. Pl. Taxon.",urn:lsid:ipni.org:publications:10815-2,2026,"2026 [31 Jan 2026]","[31 Jan 2026]","H.R.Lee & Cheon",spec.,"Korean J. Pl. Taxon. 56(1): 38. 2026 [31 Jan 2026] ",,doi:10.11110/kjpt.2026.56.1.35,,,11,fimbriata,,,f,t,,,,,,,H.R.Lee@20096265-1@1@aut$Turcz.@10909-1@3@bas$Cheon@20096264-1@2@aut,,,"comb. nov.",,1.1,f,spinella~fimbriata,crassulaceaespinella~fimbriata~,332,wfo-1000088297,,species,,,,,https://www.ipni.org/n/77377031-1,"IPNI Record: 77377031-1","Korean J. Pl. Taxon. 56(1): 38 (2026)"
urn:lsid:ipni.org:names:77377032-1,"(Maxim.) H.R.Lee & Cheon","Crassulaceae Cotyledon japonica Maxim.",(Maxim.),272693-1,,,"56(1): 38",,,,,,,,,,,,"23/02/2026 15:44","23/02/2026 15:44",,,Crassulaceae,"Spinella japonica","Spinella japonica",Spinella,,f,f,,,,,,,,,,,,,,,,,,,,,,,,,,,,,77376901-1,"Korean J. Pl. Taxon.",urn:lsid:ipni.org:publications:10815-2,2026,"2026 [31 Jan 2026]","[31 Jan 2026]","H.R.Lee & Cheon",spec.,"Korean J. Pl. Taxon. 56(1): 38. 2026 [31 Jan 2026] ",,doi:10.11110/kjpt.2026.56.1.35,,,11,japonica,,,f,t,,,,,,,Maxim.@23089-1@3@bas$H.R.Lee@20096265-1@1@aut$Cheon@20096264-1@2@aut,,,"comb. nov.",,1.1,f,spinella~japonica,crassulaceaespinella~japonica~,333,wfo-1000088298,,species,,,,,https://www.ipni.org/n/77377032-1,"IPNI Record: 77377032-1","Korean J. Pl. Taxon. 56(1): 38 (2026)"
urn:lsid:ipni.org:names:77377033-1,"(Y.N.Lee) H.R.Lee & Cheon","Crassulaceae Orostachys latielliptica Y.N.Lee",(Y.N.Lee),20005233-1,,,"56(1): 38",,,,,,,,,,,,"23/02/2026 15:46","23/02/2026 15:46",,,Crassulaceae,"Cotyledon latielliptica","Cotyledon latielliptica",Cotyledon,,f,f,,,,,,,,,,,,,,,,,,,,,,,,,,,,,30005010-2,"Korean J. Pl. Taxon.",urn:lsid:ipni.org:publications:10815-2,2026,"2026 [31 Jan 2026]","[31 Jan 2026]","H.R.Lee & Cheon",spec.,"Korean J. Pl. Taxon. 56(1): 38. 2026 [31 Jan 2026] ",,doi:10.11110/kjpt.2026.56.1.35,,,11,latielliptica,,,f,t,,,,,,,Cheon@20096264-1@2@aut$H.R.Lee@20096265-1@1@aut$Y.N.Lee@5404-1@3@bas,,,"comb. nov.",,1.1,f,cotyledon~latielliptica,crassulaceaecotyledon~latielliptica~,334,wfo-1000088299,,species,,,,,https://www.ipni.org/n/77377033-1,"IPNI Record: 77377033-1","Korean J. Pl. Taxon. 56(1): 38 (2026)"
urn:lsid:ipni.org:names:77377034-1,"(Y.N.Lee) H.R.Lee & Cheon","Crassulaceae Orostachys margaritifolia Y.N.Lee",(Y.N.Lee),20005235-1,,,"56(1): 38",,,,,,,,,,,,"23/02/2026 15:47","23/02/2026 15:47",,,Crassulaceae,"Spinella margaritifolia","Spinella margaritifolia",Spinella,,f,f,,,,,,,,,,,,,,,,,,,,,,,,,,,,,77376901-1,"Korean J. Pl. Taxon.",urn:lsid:ipni.org:publications:10815-2,2026,"2026 [31 Jan 2026]","[31 Jan 2026]","H.R.Lee & Cheon",spec.,"Korean J. Pl. Taxon. 56(1): 38. 2026 [31 Jan 2026] ",,doi:10.11110/kjpt.2026.56.1.35,,,11,margaritifolia,,,f,t,,,,,,,Y.N.Lee@5404-1@3@bas$H.R.Lee@20096265-1@1@aut$Cheon@20096264-1@2@aut,,,"comb. nov.",,1.1,f,spinella~margaritifolia,crassulaceaespinella~margaritifolia~,335,wfo-1000088300,,species,,,,,https://www.ipni.org/n/77377034-1,"IPNI Record: 77377034-1","Korean J. Pl. Taxon. 56(1): 38 (2026)"
urn:lsid:ipni.org:names:77377035-1,"(Kom.) H.R.Lee & Cheon","Crassulaceae Cotyledon minuta Kom.",(Kom.),272734-1,,,"56(1): 38",,,,,,,,,,,,"23/02/2026 15:48","23/02/2026 15:48",,,Crassulaceae,"Spinella minuta","Spinella minuta",Spinella,,f,f,,,,,,,,,,,,,,,,,,,,,,,,,,,,,77376901-1,"Korean J. Pl. Taxon.",urn:lsid:ipni.org:publications:10815-2,2026,"2026 [31 Jan 2026]","[31 Jan 2026]","H.R.Lee & Cheon",spec.,"Korean J. Pl. Taxon. 56(1): 38. 2026 [31 Jan 2026] ",,doi:10.11110/kjpt.2026.56.1.35,,,11,minuta,,,f,t,,,,,,,Kom.@4948-1@3@bas$Cheon@20096264-1@2@aut$H.R.Lee@20096265-1@1@aut,,,"comb. nov.",,1.1,f,spinella~minuta,crassulaceaespinella~minuta~,336,wfo-1000088301,,species,,,,,https://www.ipni.org/n/77377035-1,"IPNI Record: 77377035-1","Korean J. Pl. Taxon. 56(1): 38 (2026)"
urn:lsid:ipni.org:names:77377036-1,"(L.) H.R.Lee & Cheon","Crassulaceae Cotyledon spinosa L.",(L.),272871-1,,,"56(1): 38",,,,,,,,,,,,"23/02/2026 15:49","23/02/2026 15:49",,,Crassulaceae,"Spinella spinosa","Spinella spinosa",Spinella,,f,f,,,,,,,,,,,,,,,,,,,,,,,,,,,,,77376901-1,"Korean J. Pl. Taxon.",urn:lsid:ipni.org:publications:10815-2,2026,"2026 [31 Jan 2026]","[31 Jan 2026]","H.R.Lee & Cheon",spec.,"Korean J. Pl. Taxon. 56(1): 38. 2026 [31 Jan 2026] ",,doi:10.11110/kjpt.2026.56.1.35,,,11,spinosa,,,f,t,,,,,,,L.@12653-1@3@bas$Cheon@20096264-1@2@aut$H.R.Lee@20096265-1@1@aut,,,"comb. nov.",,1.1,f,spinella~spinosa,crassulaceaespinella~spinosa~,337,wfo-1000088302,,species,,,,,https://www.ipni.org/n/77377036-1,"IPNI Record: 77377036-1","Korean J. Pl. Taxon. 56(1): 38 (2026)"
urn:lsid:ipni.org:names:77377037-1,"(Fisch.) H.R.Lee & Cheon","Crassulaceae Orostachys thyrsiflora Fisch.",(Fisch.),274635-1,,,"56(1): 40",,,,,,,,,,,,"23/02/2026 15:51","23/02/2026 15:51",,,Crassulaceae,"Spinella thyrsiflora","Spinella thyrsiflora",Spinella,,f,f,,,,,,,,,,,,,,,,,,,,,,,,,,,,,77376901-1,"Korean J. Pl. Taxon.",urn:lsid:ipni.org:publications:10815-2,2026,"2026 [31 Jan 2026]","[31 Jan 2026]","H.R.Lee & Cheon",spec.,"Korean J. Pl. Taxon. 56(1): 40. 2026 [31 Jan 2026] ",,doi:10.11110/kjpt.2026.56.1.35,,,11,thyrsiflora,,,f,t,,,,,,,H.R.Lee@20096265-1@1@aut$Cheon@20096264-1@2@aut$Fisch.@2744-1@3@bas,,,"comb. nov.",,1.1,f,spinella~thyrsiflora,crassulaceaespinella~thyrsiflora~,338,wfo-1000088303,,species,,,,,https://www.ipni.org/n/77377037-1,"IPNI Record: 77377037-1","Korean J. Pl. Taxon. 56(1): 40 (2026)"
urn:lsid:ipni.org:names:77377038-1,"(Hitchc. & Chase) Baldini","Poaceae Lasiacis patentiflora Hitchc. & Chase","(Hitchc. & Chase)",135713-2,,,"80(2, Suppl.): 259",,,,,,,,,,,,"23/02/2026 16:40","23/02/2026 16:40",,,Poaceae,"Lasiacis maculata var. patentiflora","Lasiacis maculata var. patentiflora",Lasiacis,,f,f,,,,,patentiflora,,,,,,,,,,"nom. inval.    , not accepted by authors: 'comb. nov. & syn. nov.'",,"nom. inval.",,,,,,,,,,,,406844-1,Webbia,urn:lsid:ipni.org:publications:826-2,2025,"2025 [17 Nov 2025]","[17 Nov 2025]",Baldini,var.,"Webbia 80(2, Suppl.): 259. 2025 [17 Nov 2025] ",,"doi:10.36253/jopt-19154 Basionym not explicitly indicated; included in list of synonyms.",,,12,maculata,Urb.,,f,t,,,,,,,Baldini@36554-1@1@aut$Chase@12377-1@3@bas$Hitchc.@12552-1@2@bas,Urb.@10993-1@1@aut,,"comb. et stat. nov.",,1.1,f,lasiacis~maculatapatentiflora,poaceaelasiacis~maculatapatentiflora,339,wfo-1200117041,,variety,,,,,https://www.ipni.org/n/77377038-1,"IPNI Record: 77377038-1","Webbia 80(2, Suppl.): 259 (2025)"
urn:lsid:ipni.org:names:77377039-1,"(L.H.Bailey) Melnikov","Apiaceae Aegopodium podagraria L. var. variegatum L.H.Bailey",(L.H.Bailey),60462315-2,,,"2(1): 125",,,,,,,,,,,,"23/02/2026 17:23","24/02/2026 09:32",,,Apiaceae,"Aegopodium podagraria f. variegatum","Aegopodium podagraria f. variegatum",Aegopodium,,f,f,,,,,variegatum,,,,,,,,,,,,,,,,,,,,,,,null:,837329-1,"Konspekt Fl. Vost. Evr.",urn:lsid:ipni.org:publications:20017381-1,2025,"2025 [30 Nov 2025]","[30 Nov 2025]",Melnikov,f.,"Konspekt Fl. Vost. Evr. 2(1): 125. 2025 [30 Nov 2025] ",,,,,11,podagraria,L.,,f,t,,,,,,,L.H.Bailey@395-1@2@bas$Melnikov@20025671-1@1@aut,L.@0-0@0@aut,,"comb. nov.",,1.3,f,aegopodium~podagrariavariegatum,apiaceaeaegopodium~podagrariavariegatum,340,wfo-1200117083,,form,,,,,https://www.ipni.org/n/77377039-1,"IPNI Record: 77377039-1","Konspekt Fl. Vost. Evr. 2(1): 125 (2025)"
urn:lsid:ipni.org:names:77377040-1,T.F.Grace,,,,,,"1788: 400",,,,,,,,,,,,"23/02/2026 17:34","23/02/2026 17:34",,,Rhamnaceae,Jujuba,Jujuba,Jujuba,,f,f,,,,,,,,,,,,,,,,,,,,,,,,,,,,,50033316-1,"Bon Jard.",urn:lsid:ipni.org:publications:9014-2,1788,1788,,T.F.Grace,gen.,"Bon Jard. 1788: 400. ",,,,,8,,,,f,t,,,,,,,T.F.Grace@20094174-1@1@aut,,,"tax. nov.",,1.1,f,jujuba,rhamnaceaejujuba~~~,341,wfo-4100006444,,genus,,,,,https://www.ipni.org/n/77377040-1,"IPNI Record: 77377040-1","Bon Jard. 1788: 400 (1788)"
urn:lsid:ipni.org:names:77377041-1,"(Tausch) Melnikov","Lamiaceae Phleboanthe Tausch",(Tausch),21113-1,,,"2(1): 473",,,,,,,,,,,,"23/02/2026 17:34","24/02/2026 09:22",,,Lamiaceae,"Ajuga sect. Phleboanthe","Ajuga sect. Phleboanthe",Ajuga,,f,f,,,,phleboanthe,,,,,,,,,,,,,,,,,,,,,,,,null:,30302822-2,"Konspekt Fl. Vost. Evr.",urn:lsid:ipni.org:publications:20017381-1,2025,"2025 [30 Nov 2025]","[30 Nov 2025]",Melnikov,sect.,"Konspekt Fl. Vost. Evr. 2(1): 473. 2025 [30 Nov 2025] ",,,,,11,,,,f,t,,,,,,,Tausch@10453-1@2@bas$Melnikov@20025671-1@1@aut,,,"comb. et stat. nov.",,1.3,f,ajugaphleboanthe,lamiaceaeajugaphleboanthe~~,342,wfo-1000088304,,section,,,,,https://www.ipni.org/n/77377041-1,"IPNI Record: 77377041-1","Konspekt Fl. Vost. Evr. 2(1): 473 (2025)"
urn:lsid:ipni.org:names:77377042-1,,,,,,,"1788: 400",,,,,,,,,,,,"23/02/2026 17:35","23/02/2026 17:35",,,Rhamnaceae,"Jujuba silvestris","Jujuba silvestris",Jujuba,,f,f,,,,,,,,,,,,,,,,,,,,,,,,,,,,,77377040-1,"Bon Jard.",urn:lsid:ipni.org:publications:9014-2,1788,1788,,,spec.,"Bon Jard. 1788: 400. ",,,,,6,silvestris,,,f,t,,,,,,,,,,"tax. nov.",,1.1,f,jujuba~silvestris,rhamnaceaejujuba~silvestris~,343,wfo-1000088305,,species,,,,,https://www.ipni.org/n/77377042-1,"IPNI Record: 77377042-1","Bon Jard. 1788: 400 (1788)"
urn:lsid:ipni.org:names:77377043-1,"Melnikov, Sennikov & Val.N.Tikhom.",,,,,,"2(1): 500",,,,,,,,,,,,"23/02/2026 17:49","24/02/2026 09:25",,,Campanulaceae,Callicodon,Callicodon,Callicodon,,f,f,,,,,,,,,,,,,,,,,,,,,,,,,,,,null:,30000171-2,"Konspekt Fl. Vost. Evr.",urn:lsid:ipni.org:publications:20017381-1,2025,"2025 [30 Nov 2025]","[30 Nov 2025]","Melnikov, Sennikov & Val.N.Tikhom.",gen.,"Konspekt Fl. Vost. Evr. 2(1): 500. 2025 [30 Nov 2025] ",,,42054-1,,9,,,,f,t,,,,,,,Sennikov@36409-1@2@aut$Melnikov@20025671-1@1@aut$Val.N.Tikhom.@39508-1@3@aut,,,"nom. et stat. nov.",,1.3,f,callicodon,campanulaceaecallicodon~~~,344,wfo-4100006445,,genus,,,,,https://www.ipni.org/n/77377043-1,"IPNI Record: 77377043-1","Konspekt Fl. Vost. Evr. 2(1): 500 (2025)"
urn:lsid:ipni.org:names:77377044-1,"(Ledeb.) Melnikov, Sennikov & Val.N.Tikhom.","Campanulaceae Campanula altaica Ledeb.",(Ledeb.),139886-1,,,"2(1): 501",,,,,,,,,,,,"23/02/2026 17:51","24/02/2026 09:28",,,Campanulaceae,"Callicodon altaica","Callicodon altaica",Callicodon,,f,f,,,,,,,,,,,,,,,,,,,,,,,,,,,,null:,77377043-1,"Konspekt Fl. Vost. Evr.",urn:lsid:ipni.org:publications:20017381-1,2025,"2025 [30 Nov 2025]","[30 Nov 2025]","Melnikov, Sennikov & Val.N.Tikhom.",spec.,"Konspekt Fl. Vost. Evr. 2(1): 501. 2025 [30 Nov 2025] ",,,,,11,altaica,,,f,t,,,,,,,Val.N.Tikhom.@39508-1@3@aut$Sennikov@36409-1@2@aut$Melnikov@20025671-1@1@aut$Ledeb.@5393-1@4@bas,,,"comb. nov.",,1.3,f,callicodon~altaica,campanulaceaecallicodon~altaica~,345,wfo-1000088306,,species,,,,,https://www.ipni.org/n/77377044-1,"IPNI Record: 77377044-1","Konspekt Fl. Vost. Evr. 2(1): 501 (2025)"
urn:lsid:ipni.org:names:77377045-1,"(M.Bieb.) Melnikov, Sennikov & Val.N.Tikhom.","Campanulaceae Campanula stevenii M.Bieb.",(M.Bieb.),141153-1,,,"2(1): 500",,,,,,,,,,,,"23/02/2026 17:53","24/02/2026 09:27",,,Campanulaceae,"Callicodon stevenii","Callicodon stevenii",Callicodon,,f,f,,,,,,,,,,,,,,,,,,,,,,,,,,,,null:,77377043-1,"Konspekt Fl. Vost. Evr.",urn:lsid:ipni.org:publications:20017381-1,2025,"2025 [30 Nov 2025]","[30 Nov 2025]","Melnikov, Sennikov & Val.N.Tikhom.",spec.,"Konspekt Fl. Vost. Evr. 2(1): 500. 2025 [30 Nov 2025] ",,,,,11,stevenii,,,f,t,,,,,,,M.Bieb.@6129-1@4@bas$Sennikov@36409-1@2@aut$Val.N.Tikhom.@39508-1@3@aut$Melnikov@20025671-1@1@aut,,,"comb. nov.",,1.3,f,callicodon~stevenii,campanulaceaecallicodon~stevenii~,346,wfo-1000088307,,species,,,,,https://www.ipni.org/n/77377045-1,"IPNI Record: 77377045-1","Konspekt Fl. Vost. Evr. 2(1): 500 (2025)"
urn:lsid:ipni.org:names:77377046-1,"(L.) Melnikov, Sennikov & Val.N.Tikhom.","Campanulaceae Campanula persicifolia L.",(L.),140828-1,,,"2(1): 500",,,,,,,,,,,,"23/02/2026 17:55","24/02/2026 09:26",,,Campanulaceae,"Callicodon persicifolia","Callicodon persicifolia",Callicodon,,f,f,,,,,,,,,,,,,,,,,,,,,,,,,,,,null:,77377043-1,"Konspekt Fl. Vost. Evr.",urn:lsid:ipni.org:publications:20017381-1,2025,"2025 [30 Nov 2025]","[30 Nov 2025]","Melnikov, Sennikov & Val.N.Tikhom.",spec.,"Konspekt Fl. Vost. Evr. 2(1): 500. 2025 [30 Nov 2025] ",,,,,11,persicifolia,,,f,t,,,,,,,Melnikov@20025671-1@1@aut$Sennikov@36409-1@2@aut$Val.N.Tikhom.@39508-1@3@aut$L.@12653-1@4@bas,,,"comb. nov.",,1.3,f,callicodon~persicifolia,campanulaceaecallicodon~persicifolia~,347,wfo-1000088308,,species,,,,,https://www.ipni.org/n/77377046-1,"IPNI Record: 77377046-1","Konspekt Fl. Vost. Evr. 2(1): 500 (2025)"
urn:lsid:ipni.org:names:77377047-1,Melnikov,,,,,,"2(1): 258",,,,,,,,,,,,"23/02/2026 18:00","24/02/2026 09:31",,,Convolvulaceae,"Convolvulus sect. Scammonia","Convolvulus sect. Scammonia",Convolvulus,,f,f,,,,scammonia,,,,,,,,,,,,,,,,,,,,,,,,,325787-2,"Konspekt Fl. Vost. Evr.",urn:lsid:ipni.org:publications:20017381-1,2025,"2025 [30 Nov 2025]","[30 Nov 2025]",Melnikov,sect.,"Konspekt Fl. Vost. Evr. 2(1): 258. 2025 [30 Nov 2025] ",,,,,8,,,,f,t,,,"Convolvulus scammonia L.",,,,Melnikov@20025671-1@1@aut,,,"tax. nov.",,1.3,f,convolvulusscammonia,convolvulaceaeconvolvulusscammonia~~,348,wfo-1000088488,,section,,,,,https://www.ipni.org/n/77377047-1,"IPNI Record: 77377047-1","Konspekt Fl. Vost. Evr. 2(1): 258 (2025)"
urn:lsid:ipni.org:names:77377048-1,"(Brummitt) Melnikov","Convolvulaceae Calystegia sepium R.Br. subsp. spectabilis Brummitt",(Brummitt),878592-1,,,"2(1): 257",,,,,,,,,,,,"23/02/2026 18:06","24/02/2026 09:30",,,Convolvulaceae,"Convolvulus spectabilis","Convolvulus spectabilis",Convolvulus,,f,f,,,,,,,,,,,,,,,,,,,,,,,,,,,,null:,325787-2,"Konspekt Fl. Vost. Evr.",urn:lsid:ipni.org:publications:20017381-1,2025,"2025 [30 Nov 2025]","[30 Nov 2025]",Melnikov,spec.,"Konspekt Fl. Vost. Evr. 2(1): 257. 2025 [30 Nov 2025] ",,,,,11,spectabilis,,,f,t,,,,,,,Brummitt@1221-1@2@bas$Melnikov@20025671-1@1@aut,,,"comb. et stat. nov.",,1.3,f,convolvulus~spectabilis,convolvulaceaeconvolvulus~spectabilis~,349,wfo-1000088489,,species,,,,,https://www.ipni.org/n/77377048-1,"IPNI Record: 77377048-1","Konspekt Fl. Vost. Evr. 2(1): 257 (2025)"
urn:lsid:ipni.org:names:77377049-1,"(L.) Dzhus","Cornaceae Cornus kousa Bürger ex Hance var. chinensis Osborn",(L.),50956091-1,,,"2(1): 101",,,,,,,,,,,,"23/02/2026 18:10","24/02/2026 09:42",,,Cornaceae,"Cynoxylon kousa subsp. chinense","Cynoxylon kousa subsp. chinense",Cynoxylon,,f,f,,,,,chinense,,,,,,,,,,,,,,,,,,,,,,,null:,271733-1,"Konspekt Fl. Vost. Evr.",urn:lsid:ipni.org:publications:20017381-1,2025,"2025 [30 Nov 2025]","[30 Nov 2025]",Dzhus,subsp.,"Konspekt Fl. Vost. Evr. 2(1): 101. 2025 [30 Nov 2025] ",,,,,9,kousa,Nakai,,f,t,,,,,,,Dzhus@0-0@1@aut$L.@12653-1@2@bas,Nakai@0-0@1@aut,,"comb. et stat. nov.",,1.3,f,cynoxylon~kousachinense,cornaceaecynoxylon~kousachinense,350,wfo-1200117042,,subspecies,,,,,https://www.ipni.org/n/77377049-1,"IPNI Record: 77377049-1","Konspekt Fl. Vost. Evr. 2(1): 101 (2025)"
urn:lsid:ipni.org:names:77377050-1,Braun-Blanq.,,,,,,"62(Hefts 3-4): 603",,,,,,,,,,,,"23/02/2026 18:19","23/02/2026 18:19",,,Boraginaceae,"Onosma echioides subsp. fastigiata","Onosma echioides subsp. fastigiata",Onosma,,f,f,,,,,fastigiata,,,,,,,,,,,,,,,,,,,,,,,,119634-1,"Vierteljahrsschr. Naturf. Ges. Zürich",urn:lsid:ipni.org:publications:1090-2,1917,"1917 [31 Dec 1917]","[31 Dec 1917]",Braun-Blanq.,subsp.,"Vierteljahrsschr. Naturf. Ges. Zürich 62(Hefts 3-4): 603. 1917 [31 Dec 1917] ",,,,,8,echioides,"(L.) L.",,f,t,,,,,,,Braun-Blanq.@1090-1@1@aut,L.@12653-1@1@aut$L.@12653-1@2@bas,,"tax. nov.",,1.1,f,onosma~echioidesfastigiata,boraginaceaeonosma~echioidesfastigiata,351,wfo-0000386300,,subspecies,,,,,https://www.ipni.org/n/77377050-1,"IPNI Record: 77377050-1","Vierteljahrsschr. Naturf. Ges. Zürich 62(Hefts 3-4): 603 (1917)"
urn:lsid:ipni.org:names:77377051-1,"(Braun-Blanq.) Lacaita","Boraginaceae Onosma echioides (L.) L. subsp. fastigiata Braun-Blanq.",(Braun-Blanq.),77377050-1,,,"n.s., 31: 30",,,,,,,,,,,,"23/02/2026 18:24","23/02/2026 18:24",,,Boraginaceae,"Onosma fastigiata","Onosma fastigiata",Onosma,,f,f,,,,,,,,,,,,,,,,,,,,,,,,,,,,,4714-1,"Nuovo Giorn. Bot. Ital.",urn:lsid:ipni.org:publications:763-2,1924,1924,,Lacaita,spec.,"Nuovo Giorn. Bot. Ital. n.s., 31: 30. 1924 ",,,,,11,fastigiata,,,f,t,,,,,,,Braun-Blanq.@1090-1@2@bas$Lacaita@5179-1@1@aut,,,"comb. et stat. nov.",,1.1,f,onosma~fastigiata,boraginaceaeonosma~fastigiata~,352,wfo-1000080320,,species,,,,,https://www.ipni.org/n/77377051-1,"IPNI Record: 77377051-1","Nuovo Giorn. Bot. Ital. n.s., 31: 30 (1924)"
urn:lsid:ipni.org:names:77377052-1,Melnikov,,,,,,"2(1): 193",,,,,,,,,,,,"24/02/2026 09:35","24/02/2026 09:35",,,Elaeagnaceae,"Elaeagnus sect. Multiflorae","Elaeagnus sect. Multiflorae",Elaeagnus,,f,f,,,,multiflorae,,,,,,,,,,,,,,,,,,,,,,,,,30001965-2,"Konspekt Fl. Vost. Evr.",urn:lsid:ipni.org:publications:20017381-1,2025,"2025 [30 Nov 2025]","[30 Nov 2025]",Melnikov,sect.,"Konspekt Fl. Vost. Evr. 2(1): 193. 2025 [30 Nov 2025] ",,,,,8,,,,f,t,,,"Elaeagnus multiflora Thunb.",,,,Melnikov@20025671-1@1@aut,,,"tax. nov.",,1.1,f,elaeagnusmultiflorae,elaeagnaceaeelaeagnusmultiflorae~~,353,wfo-1000088309,,section,,,,,https://www.ipni.org/n/77377052-1,"IPNI Record: 77377052-1","Konspekt Fl. Vost. Evr. 2(1): 193 (2025)"
urn:lsid:ipni.org:names:77377053-1,Gouda,,,,,,"742(3): 217",,,,,,s.n.,2018,,"Jeffrey Kent",,,"24/02/2026 09:37","24/02/2026 09:37","Colombia (Western South America, Southern America)",,Bromeliaceae,"Tillandsia digitatispicata","Tillandsia digitatispicata",Tillandsia,,f,f,,,,,,,,,,,"Antioquia, Amalfi, 750 m",,,,,,,,,,,,,,,,,,328340-2,Phytotaxa,urn:lsid:ipni.org:publications:20011462-1,2026,"2026 [24 Feb 2026]","[24 Feb 2026]",Gouda,spec.,"Phytotaxa 742(3): 217. 2026 [24 Feb 2026] ",,"doi:10.11646/phytotaxa.742.3.4 Etymology: the specific epithet is a combination of 'digitate' (divided from a common point) and 'spicate' (spiked), because of the very short inflorescence axis.",,,11,digitatispicata,,,f,t,,"holotype U;isotype COL",,"Flowered in cultivation 17 June 2025, at Utrecht Botanical Gardens",,,Gouda@19527-1@1@aut,,,"tax. nov.",,1.1,f,tillandsia~digitatispicata,bromeliaceaetillandsia~digitatispicata~,354,wfo-1000088310,,species,,,,,https://www.ipni.org/n/77377053-1,"IPNI Record: 77377053-1","Phytotaxa 742(3): 217 (2026)"
urn:lsid:ipni.org:names:77377054-1,"(Knjaz. & S.V.Balandin) Knjaz.","Boraginaceae Eritrichium uralense Serg. subsp. krascheninnikovii Knjaz. & S.V.Balandin","(Knjaz. & S.V.Balandin)",1013308-1,,,"2(1): 291",,,,,,,,,,,,"24/02/2026 09:38","24/02/2026 09:38",,,Boraginaceae,"Eritrichium krascheninnikovii","Eritrichium krascheninnikovii",Eritrichium,,f,f,,,,,,,,,,,,,,,,,,,,,,,,,,,,,30004212-2,"Konspekt Fl. Vost. Evr.",urn:lsid:ipni.org:publications:20017381-1,2025,"2025 [30 Nov 2025]","[30 Nov 2025]",Knjaz.,spec.,"Konspekt Fl. Vost. Evr. 2(1): 291. 2025 [30 Nov 2025] ",,,,,11,krascheninnikovii,,,f,t,,,,,,,Knjaz.@37322-1@1@aut$S.V.Balandin@39089-1@3@bas$Knjaz.@37322-1@2@bas,,,"comb. et stat. nov.",,1.1,f,eritrichium~krascheninnikovii,boraginaceaeeritrichium~krascheninnikovii~,355,wfo-1000088311,,species,,,,,https://www.ipni.org/n/77377054-1,"IPNI Record: 77377054-1","Konspekt Fl. Vost. Evr. 2(1): 291 (2025)"
urn:lsid:ipni.org:names:77377055-1,Gouda,,,,,,"742(3): 221",,,,,,s.n.,,,"Jeffrey Kent",,,"24/02/2026 09:45","24/02/2026 09:45","Colombia (Western South America, Southern America)",,Bromeliaceae,"Tillandsia luteoviridispica","Tillandsia luteoviridispica",Tillandsia,,f,f,,,,,,,,,,,"Antioquia, Rio Bravo, (new) Road between Cali and Buenaventura, 2000 m",,,,,,,,,,,,,,,,,,328340-2,Phytotaxa,urn:lsid:ipni.org:publications:20011462-1,2026,"2026 [24 Feb 2026]","[24 Feb 2026]",Gouda,spec.,"Phytotaxa 742(3): 221. 2026 [24 Feb 2026] ",,"doi:/10.11646/phytotaxa.742.3.4 Etymology: the specific epithet is a combination of 'luteus' (yellow), 'viridi' (green) and 'spica' (spike), because of the yellow-green flower spikes.",,,11,luteoviridispica,,,f,t,,"holotype U;isotype COL",,"Flowered in culture 12 Aug. 2018, at Utrecht University Botanic Gardens",,,Gouda@19527-1@1@aut,,,"tax. nov.",,1.1,f,tillandsia~luteoviridispica,bromeliaceaetillandsia~luteoviridispica~,356,wfo-1000088312,,species,,,,,https://www.ipni.org/n/77377055-1,"IPNI Record: 77377055-1","Phytotaxa 742(3): 221 (2026)"
urn:lsid:ipni.org:names:77377056-1,"(Mill.) Val.N.Tikhom.","Lythraceae Lythrum tomentosum Mill.",(Mill.),553822-1,,,"2(1): 19",,,,,,,,,,,,"24/02/2026 09:47","24/02/2026 09:47",,,Lythraceae,"Salicaria spicata var. tomentosa","Salicaria spicata var. tomentosa",Salicaria,,f,f,,,,,tomentosa,,,,,,,,,,,,,,,,,,,,,,,,554257-1,"Konspekt Fl. Vost. Evr.",urn:lsid:ipni.org:publications:20017381-1,2025,"2025 [30 Nov 2025]","[30 Nov 2025]",Val.N.Tikhom.,var.,"Konspekt Fl. Vost. Evr. 2(1): 19. 2025 [30 Nov 2025] ",,,,,11,spicata,Lam.,,f,t,,,,,,,Mill.@6485-1@2@bas$Val.N.Tikhom.@39508-1@1@aut,Lam.@5227-1@1@aut,,"comb. et stat. nov.",,1.1,f,salicaria~spicatatomentosa,lythraceaesalicaria~spicatatomentosa,357,wfo-1200117043,,variety,,,,,https://www.ipni.org/n/77377056-1,"IPNI Record: 77377056-1","Konspekt Fl. Vost. Evr. 2(1): 19 (2025)"
urn:lsid:ipni.org:names:77377057-1,"(Fisch. ex Colla) Val.N.Tikhom.","Lythraceae Lythrum intermedium Fisch. ex Colla","(Fisch. ex Colla)",553739-1,,,"2(1): 19",,,,,,,,,,,,"24/02/2026 09:50","24/02/2026 09:50",,,Lythraceae,"Salicaria intermedia","Salicaria intermedia",Salicaria,,f,f,,,,,,,,,,,,,,,,,,,,,,,,,,,,,25531-1,"Konspekt Fl. Vost. Evr.",urn:lsid:ipni.org:publications:20017381-1,2025,"2025 [30 Nov 2025]","[30 Nov 2025]",Val.N.Tikhom.,spec.,"Konspekt Fl. Vost. Evr. 2(1): 19. 2025 [30 Nov 2025] ",,,,,11,intermedia,,,f,t,,,,,,,Colla@1738-1@3@basEx$Val.N.Tikhom.@39508-1@1@aut$Fisch.@2744-1@2@bas,,,"comb. nov.",,1.1,f,salicaria~intermedia,lythraceaesalicaria~intermedia~,358,wfo-1000088313,,species,,,,,https://www.ipni.org/n/77377057-1,"IPNI Record: 77377057-1","Konspekt Fl. Vost. Evr. 2(1): 19 (2025)"
urn:lsid:ipni.org:names:77377058-1,"(Simonk.) Val.N.Tikhom.","Lythraceae Lythrum × scabrum Simonk.",(Simonk.),553801-1,,,"2(1): 19",,,,,,,,,,,,"24/02/2026 09:51","24/02/2026 09:51",,,Lythraceae,"Salicaria scabra","Salicaria scabra",Salicaria,,f,f,,,,,,,,,,,,,,,,,,,,,,,,,,,,,25531-1,"Konspekt Fl. Vost. Evr.",urn:lsid:ipni.org:publications:20017381-1,2025,"2025 [30 Nov 2025]","[30 Nov 2025]",Val.N.Tikhom.,spec.,"Konspekt Fl. Vost. Evr. 2(1): 19. 2025 [30 Nov 2025] ",,,,,11,scabra,,,f,t,,,,,,,Val.N.Tikhom.@39508-1@1@aut$Simonk.@9674-1@2@bas,,,"comb. nov.",,1.1,f,salicaria~scabra,lythraceaesalicaria~scabra~,359,wfo-1000088314,,species,,,,,https://www.ipni.org/n/77377058-1,"IPNI Record: 77377058-1","Konspekt Fl. Vost. Evr. 2(1): 19 (2025)"
urn:lsid:ipni.org:names:77377059-1,"T.A.Le, Tak.Yamam. & Tagane",,,,,,"742(3): 237",,,,,,LTA.DKR.11,,,"Tuan Anh Le",,,"24/02/2026 09:58","24/02/2026 09:58","Vietnam (Indo-China, Asia-Tropical)",,Euphorbiaceae,"Nymphanthus vietnamensis","Nymphanthus vietnamensis",Nymphanthus,,f,f,,,,,,,,16,27,40,"Quang Tri Province, Dakrong District, Huc Nghi Commune, Dakrong Nature Reserve, ca. 750 m",107,5,40,,,,,,N,,,,,,,,,15720-1,Phytotaxa,urn:lsid:ipni.org:publications:20011462-1,2026,"2026 [24 Feb 2026]","[24 Feb 2026]","T.A.Le, Tak.Yamam. & Tagane",spec.,"Phytotaxa 742(3): 237. 2026 [24 Feb 2026] ",,"doi:10.11646/phytotaxa.742.3.6 Etymology: the specific epithet is named for the country of intial discovery.",,,11,vietnamensis,,,f,t,,"holotype VNMN B000.020.348;isotype KAG KAG189491;isotype VNM VNM00074530",,,,,Tak.Yamam.@20071970-1@2@aut$Tagane@20028567-1@3@aut$T.A.Le@20031885-1@1@aut,,,"tax. nov.",,1.1,f,nymphanthus~vietnamensis,euphorbiaceaenymphanthus~vietnamensis~,360,wfo-1000088315,,species,,,,,https://www.ipni.org/n/77377059-1,"IPNI Record: 77377059-1","Phytotaxa 742(3): 237 (2026)"
urn:lsid:ipni.org:names:77377060-1,"(Taliev) Klokov & C.S.Lavrenko","Asclepiadaceae Vincetoxicum intermedium Taliev",(Taliev),102817-1,,,"1924(7): 14",,,,,,,,,,,,"24/02/2026 10:05","24/02/2026 10:05",,,Asclepiadaceae,"Cynanchum intermedium","Cynanchum intermedium",Cynanchum,,f,f,,,,,,,96288-1,,,,,,,,"nom. illeg. later homonym",,"nom. illeg.",,,,,,,,,,,,30401855-2,"Chervonyj Shljakh",urn:lsid:ipni.org:publications:20063036-1,1924,1924,,"Klokov & C.S.Lavrenko",spec.,"Chervonyj Shljakh 1924(7): 14. ",,,,,13,intermedium,,,f,t,,,,,,,C.S.Lavrenko@20096267-1@2@aut$Klokov@4852-1@1@aut$Taliev@10401-1@3@bas,,,"comb. nov.",,1.1,f,cynanchum~intermedium,asclepiadaceaecynanchum~intermedium~,361,wfo-1000088490,,species,,,,,https://www.ipni.org/n/77377060-1,"IPNI Record: 77377060-1","Chervonyj Shljakh 1924(7): 14 (1924)"
urn:lsid:ipni.org:names:77377061-1,"(C.Chr.) S.Y.Dong","Davalliaceae Davallia clarkei Baker var. faberiana C.Chr.",(C.Chr.),17318510-1,,,"742(3): 253",,,,,,,,,,,,"24/02/2026 10:05","24/02/2026 10:05",,,Davalliaceae,"Davallia faberiana","Davallia faberiana",Davallia,,f,f,,,,,,,,,,,,,,,,,,,,,,,,,,,,,328429-2,Phytotaxa,urn:lsid:ipni.org:publications:20011462-1,2026,"2026 [24 Feb 2026]","[24 Feb 2026]",S.Y.Dong,spec.,"Phytotaxa 742(3): 253. 2026 [24 Feb 2026] ",,doi:10.11646/phytotaxa.742.3.8,,,11,faberiana,,,f,t,,,,,,,C.Chr.@1629-1@2@bas$S.Y.Dong@39656-1@1@aut,,,"comb. et stat. nov.",,1.1,f,davallia~faberiana,davalliaceaedavallia~faberiana~,362,wfo-1000088316,,species,,,,,https://www.ipni.org/n/77377061-1,"IPNI Record: 77377061-1","Phytotaxa 742(3): 253 (2026)"
urn:lsid:ipni.org:names:77377062-1,"(L.) Tzvelev","Onagraceae Isnardia L.",(L.),30065512-2,,,"2(1): 24",,,,,,,,,,,,"24/02/2026 10:13","24/02/2026 10:13",,,Onagraceae,"Ludwigia subgen. Isnardia","Ludwigia subgen. Isnardia",Ludwigia,,f,f,,,,isnardia,,,,,,,,,,,,,,,,,,,,,,,,,30000573-2,"Konspekt Fl. Vost. Evr.",urn:lsid:ipni.org:publications:20017381-1,2025,"2025 [30 Nov 2025]","[30 Nov 2025]",Tzvelev,subgen.,"Konspekt Fl. Vost. Evr. 2(1): 24. 2025 [30 Nov 2025] ",,,,,11,,,,f,t,,,,,,,Tzvelev@10947-1@1@aut$L.@12653-1@2@bas,,,"stat. nov.",,1.1,f,ludwigiaisnardia,onagraceaeludwigiaisnardia~~,363,wfo-1000088491,,subgenus,,,,,https://www.ipni.org/n/77377062-1,"IPNI Record: 77377062-1","Konspekt Fl. Vost. Evr. 2(1): 24 (2025)"
urn:lsid:ipni.org:names:77377063-1,"(V.N.Vassil.) Val.N.Tikhom.","Trapaceae Trapa pseudorossica V.N.Vassil.",(V.N.Vassil.),836134-1,,,"2(1): 47",,,,,,,,,,,,"24/02/2026 10:18","24/02/2026 10:18",,,Trapaceae,"Trapa laevis var. pseudorossica","Trapa laevis var. pseudorossica",Trapa,,f,f,,,,,pseudorossica,,,,,,,,,,,,,,,,,,,,,,,,614403-1,"Konspekt Fl. Vost. Evr.",urn:lsid:ipni.org:publications:20017381-1,2025,"2025 [30 Nov 2025]","[30 Nov 2025]",Val.N.Tikhom.,var.,"Konspekt Fl. Vost. Evr. 2(1): 47. 2025 [30 Nov 2025] ",,,,,11,laevis,"Presl ex Nyman",,f,t,,,,,,,V.N.Vassil.@11083-1@2@bas$Val.N.Tikhom.@39508-1@1@aut,Presl@0-0@1@aut$Nyman@7069-1@2@autEx,,"comb. et stat. nov.",,1.1,f,trapa~laevispseudorossica,trapaceaetrapa~laevispseudorossica,364,wfo-1200117044,,variety,,,,,https://www.ipni.org/n/77377063-1,"IPNI Record: 77377063-1","Konspekt Fl. Vost. Evr. 2(1): 47 (2025)"
urn:lsid:ipni.org:names:77377064-1,"(Flerow) Val.N.Tikhom.","Trapaceae Trapa caucasica Flerow var. tanaitica Flerow",(Flerow),77155255-1,,,"2(1): 48",,,,,,,,,,,,"24/02/2026 10:21","24/02/2026 10:21",,,Trapaceae,"Trapa verbanensis var. tanaitica","Trapa verbanensis var. tanaitica",Trapa,,f,f,,,,,tanaitica,,,,,,,,,,,,,,,,,,,,,,,,614410-1,"Konspekt Fl. Vost. Evr.",urn:lsid:ipni.org:publications:20017381-1,2025,"2025 [30 Nov 2025]","[30 Nov 2025]",Val.N.Tikhom.,var.,"Konspekt Fl. Vost. Evr. 2(1): 48. 2025 [30 Nov 2025] ",,,,,11,verbanensis,"De Not.",,f,t,,,,,,,Val.N.Tikhom.@39508-1@1@aut$Flerow@2781-1@2@bas,"De Not.@2132-1@1@aut",,"comb. nov.",,1.1,f,trapa~verbanensistanaitica,trapaceaetrapa~verbanensistanaitica,365,wfo-1200117045,,variety,,,,,https://www.ipni.org/n/77377064-1,"IPNI Record: 77377064-1","Konspekt Fl. Vost. Evr. 2(1): 48 (2025)"
urn:lsid:ipni.org:names:77377065-1,"(Thunb.) Melnikov","Oxalidaceae Oxalis repens Thunb.",(Thunb.),375347-1,,,"2(1): 80",,,,,,,,,,,,"24/02/2026 10:26","24/02/2026 10:30",,,Oxalidaceae,"Oxalis corniculata subsp. repens","Oxalis corniculata subsp. repens",Oxalis,,f,f,,,,,repens,,,,,,,,,,,,,,,,,,,,,,,,374803-1,"Konspekt Fl. Vost. Evr.",urn:lsid:ipni.org:publications:20017381-1,2025,"2025 [30 Nov 2025]","[30 Nov 2025]",Melnikov,subsp.,"Konspekt Fl. Vost. Evr. 2(1): 80. 2025 [30 Nov 2025] ",,,,,11,corniculata,L.,,f,t,,,,,,,Melnikov@20025671-1@1@aut$Thunb.@10646-1@2@bas,L.@12653-1@1@aut,,"comb. nov.",,1.2,f,oxalis~corniculatarepens,oxalidaceaeoxalis~corniculatarepens,366,wfo-1200117084,,subspecies,,,,,https://www.ipni.org/n/77377065-1,"IPNI Record: 77377065-1","Konspekt Fl. Vost. Evr. 2(1): 80 (2025)"
urn:lsid:ipni.org:names:77377066-1,"(F.W.Schmidt) Melnikov","Solanaceae Hyoscyamus bohemicus F.W.Schmidt",(F.W.Schmidt),815896-1,,,"2(1): 309",,,,,,,,,,,,"24/02/2026 10:39","24/02/2026 10:39",,,Solanaceae,"Hyoscyamus niger f. bohemicus","Hyoscyamus niger f. bohemicus",Hyoscyamus,,f,f,,,,,bohemicus,,,,,,,,,,,,,,,,,,,,,,,,815932-1,"Konspekt Fl. Vost. Evr.",urn:lsid:ipni.org:publications:20017381-1,2025,"2025 [30 Nov 2025]","[30 Nov 2025]",Melnikov,f.,"Konspekt Fl. Vost. Evr. 2(1): 309. 2025 [30 Nov 2025] ",,,,,11,niger,L.,,f,t,,,,,,,Melnikov@20025671-1@1@aut$F.W.Schmidt@9158-1@2@bas,L.@12653-1@1@aut,,"comb. et stat. nov.",,1.1,f,hyoscyamus~nigerbohemicus,solanaceaehyoscyamus~nigerbohemicus,367,wfo-1200117046,,form,,,,,https://www.ipni.org/n/77377066-1,"IPNI Record: 77377066-1","Konspekt Fl. Vost. Evr. 2(1): 309 (2025)"
urn:lsid:ipni.org:names:77377067-1,"(G.Don) Melnikov","Solanaceae Solanum subsect. Geminata G.Don",(G.Don),77234038-1,,,"2(1): 319",,,,,,,,,,,,"24/02/2026 10:43","24/02/2026 10:49",,,Solanaceae,"Solanum subgen. Geminata","Solanum subgen. Geminata",Solanum,,f,f,,,,geminata,,,,,,,,,,,,,,,,,,,,,,,,,30000630-2,"Konspekt Fl. Vost. Evr.",urn:lsid:ipni.org:publications:20017381-1,2025,"2025 [30 Nov 2025]","[30 Nov 2025]",Melnikov,subgen.,"Konspekt Fl. Vost. Evr. 2(1): 319. 2025 [30 Nov 2025] ",,,,,11,,,,f,t,,,,,,,Melnikov@20025671-1@1@aut$G.Don@2268-1@2@bas,,,"stat. nov.",,1.2,f,solanumgeminata,solanaceaesolanumgeminata~~,368,wfo-1000088492,,subgenus,,,,,https://www.ipni.org/n/77377067-1,"IPNI Record: 77377067-1","Konspekt Fl. Vost. Evr. 2(1): 319 (2025)"
urn:lsid:ipni.org:names:77377068-1,"(Rchb.f.) Stein","Orchidaceae Cypripedium × lathamianum Rchb.f.",(Rchb.f.),625807-1,,,473,,,,,,,,,,,,"24/02/2026 10:47","24/02/2026 10:47",,,Orchidaceae,"Paphiopedilum × lathamianum","Paphiopedilum × lathamianum",Paphiopedilum,,t,f,,,,,,,,,,,,,,,,,,,,,,,,,,,,,327473-2,Orchid.-Buch,urn:lsid:ipni.org:publications:7920-2,1892,1892,,Stein,spec.,"Orchid.-Buch 473. 1892 ",,"Protologue accessed via Internet Archive.",,,11,lathamianum,,,f,t,,,,,,,Stein@27168-1@1@aut$Rchb.f.@8254-1@2@bas,,,"comb. nov.",,1.1,f,paphiopedilum~lathamianum,orchidaceaepaphiopedilum~lathamianum~,369,wfo-1000088317,,species,,,,,https://www.ipni.org/n/77377068-1,"IPNI Record: 77377068-1","Orchid.-Buch 473 (1892)"
urn:lsid:ipni.org:names:77377070-1,"(Novopokr.) Uhlich & Rätzel","Scrophulariaceae Orobanche brassicae (Novopokr.) Novopokr. var. terentjevii Novopokr.",(Novopokr.),77377069-1,,,"2(1): 338",,,,,,,,,,,,"24/02/2026 10:50","24/02/2026 10:50",,,Scrophulariaceae,"Phelipanche brassicae var. terentjevii","Phelipanche brassicae var. terentjevii",Phelipanche,,f,f,,,,,terentjevii,,,,,,,,,,,,,,,,,,,,,,,,662827-1,"Konspekt Fl. Vost. Evr.",urn:lsid:ipni.org:publications:20017381-1,2025,"2025 [30 Nov 2025]","[30 Nov 2025]","Uhlich & Rätzel",var.,"Konspekt Fl. Vost. Evr. 2(1): 338. 2025 [30 Nov 2025] ",,,,,11,brassicae,"(Novopokr.) Soják",,f,t,,,,,,,Uhlich@37102-1@1@aut$Novopokr.@7053-1@3@bas$Rätzel@20000206-1@2@aut,Novopokr.@7053-1@2@bas$Soják@9868-1@1@aut,,"comb. nov.",,1.1,f,phelipanche~brassicaeterentjevii,scrophulariaceaephelipanche~brassicaeterentjevii,370,wfo-1200117047,,variety,,,,,https://www.ipni.org/n/77377070-1,"IPNI Record: 77377070-1","Konspekt Fl. Vost. Evr. 2(1): 338 (2025)"
urn:lsid:ipni.org:names:77377071-1,"(Reut.) Rätzel & Uhlich","Scrophulariaceae Phelypaea emarginata Reut.",(Reut.),662901-1,,,"2(1): 338",,,,,,,,,,,,"24/02/2026 10:52","24/02/2026 10:52",,,Scrophulariaceae,"Phelipanche emarginata","Phelipanche emarginata",Phelipanche,,f,f,,,,,,,,,,,,,,,,,,,,,,,,,,,,,31031-1,"Konspekt Fl. Vost. Evr.",urn:lsid:ipni.org:publications:20017381-1,2025,"2025 [30 Nov 2025]","[30 Nov 2025]","Rätzel & Uhlich",spec.,"Konspekt Fl. Vost. Evr. 2(1): 338. 2025 [30 Nov 2025] ",,,,,11,emarginata,,,f,t,,,,,,,Reut.@8313-1@3@bas$Rätzel@20000206-1@1@aut$Uhlich@37102-1@2@aut,,,"comb. nov.",,1.1,f,phelipanche~emarginata,scrophulariaceaephelipanche~emarginata~,371,wfo-1000088318,,species,,,,,https://www.ipni.org/n/77377071-1,"IPNI Record: 77377071-1","Konspekt Fl. Vost. Evr. 2(1): 338 (2025)"
urn:lsid:ipni.org:names:77377072-1,"(Z.J.Liu & S.C.Chen) O.Gruss & J.M.H.Shaw","Orchidaceae Paphiopedilum × lushuiense Z.J.Liu & S.C.Chen","(Z.J.Liu & S.C.Chen)",77101892-1,,,"95(2): 114",,,,,,,,,,,,"24/02/2026 10:52","24/02/2026 10:52",,,Orchidaceae,"Paphiopedilum × lathamianum nothovar. lushuiense","Paphiopedilum × lathamianum nothovar. lushuiense",Paphiopedilum,,t,f,,,,,lushuiense,,,,,,,,,,,,,,,,,,,,,,,,77377068-1,"Orchids (West Palm Beach)",urn:lsid:ipni.org:publications:18642-2,2026,"2026 [Feb 2026]","[Feb 2026]","O.Gruss & J.M.H.Shaw",nothovar.,"Orchids (West Palm Beach) 95(2): 114. 2026 [Feb 2026] ",,,,,11,lathamianum,"(Rchb.f.) Stein",,f,t,,,,,,,S.C.Chen@1567-1@4@bas$Z.J.Liu@39417-1@3@bas$O.Gruss@35894-1@1@aut$J.M.H.Shaw@37303-1@2@aut,Rchb.f.@8254-1@2@bas$Stein@27168-1@1@aut,,"comb. et stat. nov.",,1.1,f,paphiopedilum~lathamianumlushuiense,orchidaceaepaphiopedilum~lathamianumlushuiense,372,wfo-1200117048,,variety,,,,,https://www.ipni.org/n/77377072-1,"IPNI Record: 77377072-1","Orchids (West Palm Beach) 95(2): 114 (2026)"
urn:lsid:ipni.org:names:77377073-1,"(hort. ex Will.) O.Gruss & J.M.H.Shaw","Orchidaceae Cypripedium × calypso hort. ex Will.","(hort. ex Will.)",625520-1,,,"95(2): 115",,,,,,,,,,,,"24/02/2026 10:55","24/02/2026 10:55",,,Orchidaceae,"Paphiopedilum × lathamianum nothovar. calypso","Paphiopedilum × lathamianum nothovar. calypso",Paphiopedilum,,t,f,,,,,calypso,,,,,,,,,,,,,,,,,,,,,,,,77377068-1,"Orchids (West Palm Beach)",urn:lsid:ipni.org:publications:18642-2,2026,"2026 [Feb 2026]","[Feb 2026]","O.Gruss & J.M.H.Shaw",nothovar.,"Orchids (West Palm Beach) 95(2): 115. 2026 [Feb 2026] ",,,,,11,lathamianum,"(Rchb.f.) Stein",,f,t,,,,,,,O.Gruss@35894-1@1@aut$hort.@35691-1@3@bas$Will.@11715-1@4@basEx$J.M.H.Shaw@37303-1@2@aut,Rchb.f.@8254-1@2@bas$Stein@27168-1@1@aut,,"comb. nov.",,1.1,f,paphiopedilum~lathamianumcalypso,orchidaceaepaphiopedilum~lathamianumcalypso,373,wfo-1200117049,,variety,,,,,https://www.ipni.org/n/77377073-1,"IPNI Record: 77377073-1","Orchids (West Palm Beach) 95(2): 115 (2026)"
urn:lsid:ipni.org:names:77377074-1,"(M.J.Y.Foley) Rätzel & Uhlich","Scrophulariaceae Orobanche hirtiflora (Reut.) Tzvelev subsp. zosimii M.J.Y.Foley",(M.J.Y.Foley),70028078-1,,,"2(1): 339",,,,,,,,,,,,"24/02/2026 10:58","24/02/2026 10:58",,,Scrophulariaceae,"Phelipanche emarginata var. zosimii","Phelipanche emarginata var. zosimii",Phelipanche,,f,f,,,,,zosimii,,,,,,,,,,,,,,,,,,,,,,,,77377071-1,"Konspekt Fl. Vost. Evr.",urn:lsid:ipni.org:publications:20017381-1,2025,"2025 [30 Nov 2025]","[30 Nov 2025]","Rätzel & Uhlich",var.,"Konspekt Fl. Vost. Evr. 2(1): 339. 2025 [30 Nov 2025] ",,,,,11,emarginata,"(Reut.) Rätzel & Uhlich",,f,t,,,,,,,Rätzel@20000206-1@1@aut$M.J.Y.Foley@37365-1@3@bas$Uhlich@37102-1@2@aut,Uhlich@37102-1@2@aut$Reut.@8313-1@3@bas$Rätzel@20000206-1@1@aut,,"comb. et stat. nov.",,1.1,f,phelipanche~emarginatazosimii,scrophulariaceaephelipanche~emarginatazosimii,374,wfo-1200117050,,variety,,,,,https://www.ipni.org/n/77377074-1,"IPNI Record: 77377074-1","Konspekt Fl. Vost. Evr. 2(1): 339 (2025)"
urn:lsid:ipni.org:names:77377075-1,"U.B.Deshmukh & J.M.H.Shaw",,,,,,"95(2): 191",,,,,,,,,,,,"24/02/2026 11:06","24/02/2026 11:06",,,Orchidaceae,"× Cuitlamesa","× Cuitlamesa",Cuitlamesa,,t,t,,,,,,,,,,,,,,,,,,,,,,,,,,,,,30000046-2,"Orchids (West Palm Beach)",urn:lsid:ipni.org:publications:18642-2,2026,"2026 [Feb 2026]","[Feb 2026]","U.B.Deshmukh & J.M.H.Shaw",gen.,"Orchids (West Palm Beach) 95(2): 191. 2026 [Feb 2026] ",,,77107219-1,,9,,,,f,t,,,,,,,U.B.Deshmukh@20045670-1@1@aut$J.M.H.Shaw@37303-1@2@aut,,,"nom. nov.",,1.1,f,cuitlamesa,orchidaceaecuitlamesa~~~,375,wfo-4100006446,,genus,,,,,https://www.ipni.org/n/77377075-1,"IPNI Record: 77377075-1","Orchids (West Palm Beach) 95(2): 191 (2026)"
urn:lsid:ipni.org:names:77377076-1,Noulet,,,,,,489,,,,,,,,,,,,"24/02/2026 11:19","24/02/2026 11:40",,,Scrophulariaceae,"Orobanche arenaria var. subramosa","Orobanche arenaria var. subramosa",Orobanche,,f,f,,,,,subramosa,,,,,,,,,,,,,,,,,,,,,,,,662128-1,"Fl. Bass. Sous-Pyrén.",urn:lsid:ipni.org:publications:20009269-1,1837,1837,,Noulet,var.,"Fl. Bass. Sous-Pyrén. 489. 1837 ",,,,,8,arenaria,Borkh.,,f,t,,,,,,,Noulet@7047-1@1@aut,Borkh.@16350-1@1@aut,,"tax. nov.",,1.2,f,orobanche~arenariasubramosa,scrophulariaceaeorobanche~arenariasubramosa,376,wfo-1200117051,,variety,,,,,https://www.ipni.org/n/77377076-1,"IPNI Record: 77377076-1","Fl. Bass. Sous-Pyrén. 489 (1837)"
urn:lsid:ipni.org:names:77377077-1,"(Noulet) Uhlich & Rätzel","Scrophulariaceae Orobanche arenaria Borkh. var. subramosa Noulet",(Noulet),77377076-1,,,"2(1): 340",,,,,,,,,,,,"24/02/2026 11:19","24/02/2026 14:49",,,Scrophulariaceae,"Phelipanche arenaria var. subramosa","Phelipanche arenaria var. subramosa",Phelipanche,,f,f,,,,,subramosa,,,,,,,,,,,,,,,,,,,,,,,,662822-1,"Konspekt Fl. Vost. Evr.",urn:lsid:ipni.org:publications:20017381-1,2025,"2025 [30 Nov 2025]","[30 Nov 2025]","Uhlich & Rätzel",var.,"Konspekt Fl. Vost. Evr. 2(1): 340. 2025 [30 Nov 2025] ",,,,,11,arenaria,Pomel,,f,t,,,,,,,Uhlich@37102-1@1@aut$Noulet@7047-1@3@bas$Rätzel@20000206-1@2@aut,Pomel@7823-1@1@aut,,"comb. nov.",,1.2,f,phelipanche~arenariasubramosa,scrophulariaceaephelipanche~arenariasubramosa,377,wfo-1200117052,,variety,,,,,https://www.ipni.org/n/77377077-1,"IPNI Record: 77377077-1","Konspekt Fl. Vost. Evr. 2(1): 340 (2025)"
urn:lsid:ipni.org:names:77377078-1,Kanazawa,,,,,,"95(2): 191",,,,,,,,,,,,"24/02/2026 11:48","02/03/2026 10:24",,,Orchidaceae,"× Mysrangis","× Mysrangis",Mysrangis,,t,t,,,,,,,,,,,,,,,,,,,,,,,,,,,,,30000046-2,"Orchids (West Palm Beach)",urn:lsid:ipni.org:publications:18642-2,2026,"2026 [Feb 2026]","[Feb 2026]",Kanazawa,gen.,"Orchids (West Palm Beach) 95(2): 191. 2026 [Feb 2026] ",,,,,8,,,,f,t,,,,,,,Kanazawa@20096289-1@1@aut,,,"tax. nov.",,1.2,f,mysrangis,orchidaceaemysrangis~~~,378,wfo-4100006447,,genus,,,,,https://www.ipni.org/n/77377078-1,"IPNI Record: 77377078-1","Orchids (West Palm Beach) 95(2): 191 (2026)"
urn:lsid:ipni.org:names:77377080-1,"(Jacq.) Melnikov, Sennikov & Val.N.Tikhom.","Campanulaceae Campanula carpatica Jacq.",(Jacq.),140068-1,,,"2(1): 503",,,,,,,,,,,,"24/02/2026 12:44","24/02/2026 16:50",,,Campanulaceae,"Decaprisma carpatica","Decaprisma carpatica",Decaprisma,,f,f,,,,,,,,,,,,,,,,,,,,,,,,,,,,null:,5672-1,"Konspekt Fl. Vost. Evr.",urn:lsid:ipni.org:publications:20017381-1,2025,"2025 [30 Nov 2025]","[30 Nov 2025]","Melnikov, Sennikov & Val.N.Tikhom.",spec.,"Konspekt Fl. Vost. Evr. 2(1): 503. 2025 [30 Nov 2025] ",,,,,11,carpatica,,,f,t,,,,,,,Melnikov@20025671-1@1@aut$Sennikov@36409-1@2@aut$Jacq.@12576-1@4@bas$Val.N.Tikhom.@39508-1@3@aut,,,"comb. nov.",,1.3,f,decaprisma~carpatica,campanulaceaedecaprisma~carpatica~,379,wfo-1000088319,,species,,,,,https://www.ipni.org/n/77377080-1,"IPNI Record: 77377080-1","Konspekt Fl. Vost. Evr. 2(1): 503 (2025)"
urn:lsid:ipni.org:names:77377081-1,"(L.) Melnikov, Sennikov & Val.N.Tikhom.","Campanulaceae Campanula rotundifolia L.",(L.),30036649-2,,,"2(1): 504",,,,,,,,,,,,"24/02/2026 12:52","24/02/2026 16:49",,,Campanulaceae,"Decaprisma rotundifolia","Decaprisma rotundifolia",Decaprisma,,f,f,,,,,,,,,,,,,,,,,,,,,,,,,,,,null:,5672-1,"Konspekt Fl. Vost. Evr.",urn:lsid:ipni.org:publications:20017381-1,2025,"2025 [30 Nov 2025]","[30 Nov 2025]","Melnikov, Sennikov & Val.N.Tikhom.",spec.,"Konspekt Fl. Vost. Evr. 2(1): 504. 2025 [30 Nov 2025] ",,,,,11,rotundifolia,,,f,t,,,,,,,Melnikov@20025671-1@1@aut$Val.N.Tikhom.@39508-1@3@aut$L.@12653-1@4@bas$Sennikov@36409-1@2@aut,,,"comb. nov.",,1.3,f,decaprisma~rotundifolia,campanulaceaedecaprisma~rotundifolia~,380,wfo-1000088320,,species,,,,,https://www.ipni.org/n/77377081-1,"IPNI Record: 77377081-1","Konspekt Fl. Vost. Evr. 2(1): 504 (2025)"
urn:lsid:ipni.org:names:77377082-1,"(Vest) Melnikov, Sennikov & Val.N.Tikhom.","Campanulaceae Campanula gieseckeana Vest",(Vest),43943-2,,,"2(1): 504",,,,,,,,,,,,"24/02/2026 12:57","24/02/2026 16:40",,,Campanulaceae,"Decaprisma giesekeana","Decaprisma giesekeana",Decaprisma,,f,f,,,,,,,,,,,,,,,,,,,,,,,,,,,,null:,5672-1,"Konspekt Fl. Vost. Evr.",urn:lsid:ipni.org:publications:20017381-1,2025,"2025 [30 Nov 2025]","[30 Nov 2025]","Melnikov, Sennikov & Val.N.Tikhom.",spec.,"Konspekt Fl. Vost. Evr. 2(1): 504. 2025 [30 Nov 2025] , as 'giesekiana'",", as 'giesekiana'",,,,11,giesekeana,,,f,t,,,,,,,Melnikov@20025671-1@1@aut$Sennikov@36409-1@2@aut$Val.N.Tikhom.@39508-1@3@aut$Vest@11149-1@4@bas,,,"comb. nov.",,1.3,f,decaprisma~giesekeana,campanulaceaedecaprisma~giesekeana~,381,wfo-1000088321,,species,,,,,https://www.ipni.org/n/77377082-1,"IPNI Record: 77377082-1","Konspekt Fl. Vost. Evr. 2(1): 504 (2025)"
urn:lsid:ipni.org:names:77377083-1,"(Berl.) Melnikov, Sennikov & Val.N.Tikhom.","Campanulaceae Campanula groenlandica Berl.",(Berl.),140389-1,,,"2(1): 504",,,,,,,,,,,,"24/02/2026 12:59","24/02/2026 16:42",,,Campanulaceae,"Decaprisma groenlandica","Decaprisma groenlandica",Decaprisma,,f,f,,,,,,,,,,,,,,,,,,,,,,,,,,,,null:,5672-1,"Konspekt Fl. Vost. Evr.",urn:lsid:ipni.org:publications:20017381-1,2025,"2025 [30 Nov 2025]","[30 Nov 2025]","Melnikov, Sennikov & Val.N.Tikhom.",spec.,"Konspekt Fl. Vost. Evr. 2(1): 504. 2025 [30 Nov 2025] ",,,,,11,groenlandica,,,f,t,,,,,,,Berl.@16001-1@4@bas$Melnikov@20025671-1@1@aut$Val.N.Tikhom.@39508-1@3@aut$Sennikov@36409-1@2@aut,,,"comb. nov.",,1.3,f,decaprisma~groenlandica,campanulaceaedecaprisma~groenlandica~,382,wfo-1000088322,,species,,,,,https://www.ipni.org/n/77377083-1,"IPNI Record: 77377083-1","Konspekt Fl. Vost. Evr. 2(1): 504 (2025)"
urn:lsid:ipni.org:names:77377084-1,"(Spitzn.) Melnikov, Sennikov & Val.N.Tikhom.","Campanulaceae Campanula rotundifolia L. var. moravica Spitzn.",(Spitzn.),77192255-1,,,"2(1): 504",,,,,,,,,,,,"24/02/2026 13:02","24/02/2026 16:47",,,Campanulaceae,"Decaprisma moravica","Decaprisma moravica",Decaprisma,,f,f,,,,,,,,,,,,,,,,,,,,,,,,,,,,null:,5672-1,"Konspekt Fl. Vost. Evr.",urn:lsid:ipni.org:publications:20017381-1,2025,"2025 [30 Nov 2025]","[30 Nov 2025]","Melnikov, Sennikov & Val.N.Tikhom.",spec.,"Konspekt Fl. Vost. Evr. 2(1): 504. 2025 [30 Nov 2025] ",,,,,11,moravica,,,f,t,,,,,,,Melnikov@20025671-1@1@aut$Sennikov@36409-1@2@aut$Val.N.Tikhom.@39508-1@3@aut$Spitzn.@9977-1@4@bas,,,"comb. et stat. nov.",,1.3,f,decaprisma~moravica,campanulaceaedecaprisma~moravica~,383,wfo-1000088323,,species,,,,,https://www.ipni.org/n/77377084-1,"IPNI Record: 77377084-1","Konspekt Fl. Vost. Evr. 2(1): 504 (2025)"
urn:lsid:ipni.org:names:77377085-1,"(Schur) Melnikov, Sennikov & Val.N.Tikhom.","Campanulaceae Campanula scheuchzeri G.Lodd. var. kladniana Schur",(Schur),77268441-1,,,"2(1): 505",,,,,,,,,,,,"24/02/2026 13:03","24/02/2026 16:48",,,Campanulaceae,"Decaprisma kladniana","Decaprisma kladniana",Decaprisma,,f,f,,,,,,,,,,,,,,,,,,,,,,,,,,,,null:,5672-1,"Konspekt Fl. Vost. Evr.",urn:lsid:ipni.org:publications:20017381-1,2025,"2025 [30 Nov 2025]","[30 Nov 2025]","Melnikov, Sennikov & Val.N.Tikhom.",spec.,"Konspekt Fl. Vost. Evr. 2(1): 505. 2025 [30 Nov 2025] ",,,,,11,kladniana,,,f,t,,,,,,,Melnikov@20025671-1@1@aut$Sennikov@36409-1@2@aut$Schur@9335-1@4@bas$Val.N.Tikhom.@39508-1@3@aut,,,"comb. et stat. nov.",,1.3,f,decaprisma~kladniana,campanulaceaedecaprisma~kladniana~,384,wfo-1000088324,,species,,,,,https://www.ipni.org/n/77377085-1,"IPNI Record: 77377085-1","Konspekt Fl. Vost. Evr. 2(1): 505 (2025)"
urn:lsid:ipni.org:names:77377086-1,"(Borbás) Melnikov, Sennikov & Val.N.Tikhom.","Campanulaceae Campanula tatrae Borbás",(Borbás),141196-1,,,"2(1): 505",,,,,,,,,,,,"24/02/2026 13:05","24/02/2026 16:51",,,Campanulaceae,"Decaprisma tatrae","Decaprisma tatrae",Decaprisma,,f,f,,,,,,,,,,,,,,,,,,,,,,,,,,,,null:,5672-1,"Konspekt Fl. Vost. Evr.",urn:lsid:ipni.org:publications:20017381-1,2025,"2025 [30 Nov 2025]","[30 Nov 2025]","Melnikov, Sennikov & Val.N.Tikhom.",spec.,"Konspekt Fl. Vost. Evr. 2(1): 505. 2025 [30 Nov 2025] ",,,,,11,tatrae,,,f,t,,,,,,,Borbás@977-1@4@bas$Melnikov@20025671-1@1@aut$Sennikov@36409-1@2@aut$Val.N.Tikhom.@39508-1@3@aut,,,"comb. nov.",,1.3,f,decaprisma~tatrae,campanulaceaedecaprisma~tatrae~,385,wfo-1000088325,,species,,,,,https://www.ipni.org/n/77377086-1,"IPNI Record: 77377086-1","Konspekt Fl. Vost. Evr. 2(1): 505 (2025)"
urn:lsid:ipni.org:names:77377087-1,"(Lam.) Melnikov, Sennikov & Val.N.Tikhom.","Campanulaceae Campanula cochleariifolia Lam.",(Lam.),140127-1,,,"2(1): 505",,,,,,,,,,,,"24/02/2026 13:07","24/02/2026 16:53",,,Campanulaceae,"Decaprisma cochleariifolia","Decaprisma cochleariifolia",Decaprisma,,f,f,,,,,,,,,,,,,,,,,,,,,,,,,,,,null:,5672-1,"Konspekt Fl. Vost. Evr.",urn:lsid:ipni.org:publications:20017381-1,2025,"2025 [30 Nov 2025]","[30 Nov 2025]","Melnikov, Sennikov & Val.N.Tikhom.",spec.,"Konspekt Fl. Vost. Evr. 2(1): 505. 2025 [30 Nov 2025] ",,,,,11,cochleariifolia,,,f,t,,,,,,,Lam.@5227-1@4@bas$Sennikov@36409-1@2@aut$Val.N.Tikhom.@39508-1@3@aut$Melnikov@20025671-1@1@aut,,,"comb. nov.",,1.3,f,decaprisma~cochleariifolia,campanulaceaedecaprisma~cochleariifolia~,386,wfo-1000088326,,species,,,,,https://www.ipni.org/n/77377087-1,"IPNI Record: 77377087-1","Konspekt Fl. Vost. Evr. 2(1): 505 (2025)"
urn:lsid:ipni.org:names:77377088-1,"(Kit. ex Schult.) Melnikov, Sennikov & Val.N.Tikhom.","Santalaceae Thesium serratum Kit. ex Schult.","(Kit. ex Schult.)",781116-1,,,"2(1): 505",,,,,,,,,,,,"24/02/2026 13:09","24/02/2026 16:52",,,Campanulaceae,"Decaprisma serrata","Decaprisma serrata",Decaprisma,,f,f,,,,,,,,,,,,,,,,,,,,,,,,,,,,null:,5672-1,"Konspekt Fl. Vost. Evr.",urn:lsid:ipni.org:publications:20017381-1,2025,"2025 [30 Nov 2025]","[30 Nov 2025]","Melnikov, Sennikov & Val.N.Tikhom.",spec.,"Konspekt Fl. Vost. Evr. 2(1): 505. 2025 [30 Nov 2025] ",,,,,11,serrata,,,f,t,,,,,,,Kit.@4819-1@4@bas$Sennikov@36409-1@2@aut$Melnikov@20025671-1@1@aut$Schult.@9288-1@5@basEx$Val.N.Tikhom.@39508-1@3@aut,,,"comb. nov.",,1.3,f,decaprisma~serrata,campanulaceaedecaprisma~serrata~,387,wfo-1000088327,,species,,,,,https://www.ipni.org/n/77377088-1,"IPNI Record: 77377088-1","Konspekt Fl. Vost. Evr. 2(1): 505 (2025)"
urn:lsid:ipni.org:names:77377089-1,"(L.) Melnikov","Lamiaceae Hyssopus L.",(L.),30022219-2,,,"2(1): 468",,,,,,,,,,,,"24/02/2026 13:12","24/02/2026 16:17",,,Lamiaceae,"Dracocephalum subgen. Hyssopus","Dracocephalum subgen. Hyssopus",Dracocephalum,,f,f,,,,hyssopus,,,,,,,,,,,,,,,,,,,,,,,,null:,331573-2,"Konspekt Fl. Vost. Evr.",urn:lsid:ipni.org:publications:20017381-1,2025,"2025 [30 Nov 2025]","[30 Nov 2025]",Melnikov,subgen.,"Konspekt Fl. Vost. Evr. 2(1): 468. 2025 [30 Nov 2025] ",,,,,11,,,,f,t,,,,,,,L.@12653-1@2@bas$Melnikov@20025671-1@1@aut,,,"comb. et stat. nov.",,1.3,f,dracocephalumhyssopus,lamiaceaedracocephalumhyssopus~~,388,wfo-1000088328,,subgenus,,,,,https://www.ipni.org/n/77377089-1,"IPNI Record: 77377089-1","Konspekt Fl. Vost. Evr. 2(1): 468 (2025)"
urn:lsid:ipni.org:names:77377090-1,Scheff.,,,,,,"31: 8",,,,,,,,,,,,"24/02/2026 13:12","24/02/2026 13:12",,,Annonaceae,"Trivalvaria stymanii","Trivalvaria stymanii",Trivalvaria,,f,f,,,,,,,,,,,,,,,,,,,,,,,,,,,,,2154-1,"Natuurk. Tijdschr. Ned.-Indië",urn:lsid:ipni.org:publications:4799-2,1869,"1869 [1870 publ. Jan-May 1869]","[1870 publ. Jan-May 1869]",Scheff.,spec.,"Natuurk. Tijdschr. Ned.-Indië 31: 8. 1869 [1870 publ. Jan-May 1869] , as 'Stymanni'",", as 'Stymanni'","Etymology: 'Styman'. Note: Reprinted as 'Observations phytographicae'.",,,8,stymanii,,,f,t,,,,,,,Scheff.@9034-1@1@aut,,,"tax. nov.",,1.1,f,trivalvaria~stymanii,annonaceaetrivalvaria~stymanii~,389,wfo-1000088329,,species,,,,,https://www.ipni.org/n/77377090-1,"IPNI Record: 77377090-1","Natuurk. Tijdschr. Ned.-Indië 31: 8 (1869)"
urn:lsid:ipni.org:names:77377091-1,"Alçitepe & Karaer",,,,,,"3(3): 61",,7,,5,,3245,2020,,E.Alçıtepe,,,"24/02/2026 13:13","24/02/2026 13:14","Turkey (Western Asia, Asia-Temperate)",,Campanulaceae,"Campanula × kusadasiensis","Campanula × kusadasiensis",Campanula,,t,f,"140634-1,140398-1","(Campanula lyrata Lam. × Campanula hagielia Boiss.)",,,,,,,,,"B1 Aydın: Kuşadası, Dilek Peninsula-Büyük Menderes Delta National Park, 1. Genderma land, Dipburun area, 30 m",,,,,,,,,,,,,,,,,,30027807-2,"Acta Bot. Caucasica",urn:lsid:ipni.org:publications:20063037-1,2024,"2024 [25 Dec 2024]","[25 Dec 2024]","Alçitepe & Karaer",spec.,"Acta Bot. Caucasica 3(3): 61. 2024 [25 Dec 2024] ",,"doi:10.30546/abc.2024.3.3.518 Etymology: the hybrid epithet is a reference to the type locality.",,,11,kusadasiensis,,,f,t,,"holotype OMUB;isotype herb. E.Alcitepe",,,,,Alçitepe@20019045-1@1@aut$Karaer@20013471-1@2@aut,,,"tax. nov.",,1.2,f,campanula~kusadasiensis,campanulaceaecampanula~kusadasiensis~,390,wfo-1000088330,,species,,,,,https://www.ipni.org/n/77377091-1,"IPNI Record: 77377091-1","Acta Bot. Caucasica 3(3): 61 (2024)"
urn:lsid:ipni.org:names:77377092-1,"(L.) Melnikov","Lamiaceae Hyssopus L.",(L.),30022219-2,,,"2(1): 468",,,,,,,,,,,,"24/02/2026 13:13","24/02/2026 16:19",,,Lamiaceae,"Dracocephalum sect. Hyssopus","Dracocephalum sect. Hyssopus",Dracocephalum,,f,f,,,,hyssopus,,,,,,,,,,,,,,,,,,,,,,,,null:,331573-2,"Konspekt Fl. Vost. Evr.",urn:lsid:ipni.org:publications:20017381-1,2025,"2025 [30 Nov 2025]","[30 Nov 2025]",Melnikov,sect.,"Konspekt Fl. Vost. Evr. 2(1): 468. 2025 [30 Nov 2025] ",,,,,11,,,,f,t,,,,,,,Melnikov@20025671-1@1@aut$L.@12653-1@2@bas,,,"comb. et stat. nov.",,1.3,f,dracocephalumhyssopus,lamiaceaedracocephalumhyssopus~~,391,wfo-1000088504,,section,,,,,https://www.ipni.org/n/77377092-1,"IPNI Record: 77377092-1","Konspekt Fl. Vost. Evr. 2(1): 468 (2025)"
urn:lsid:ipni.org:names:77377093-1,"(Mill.) Melnikov","Lamiaceae Ruyschiana Mill.",(Mill.),21194-1,,,"2(1): 467",,,,,,,,,,,,"24/02/2026 13:16","24/02/2026 16:14",,,Lamiaceae,"Dracocephalum sect. Ruyschiana","Dracocephalum sect. Ruyschiana",Dracocephalum,,f,f,,,,ruyschiana,,,,,,,,,,,,,,,,,,,,,,,,null:,331573-2,"Konspekt Fl. Vost. Evr.",urn:lsid:ipni.org:publications:20017381-1,2025,"2025 [30 Nov 2025]","[30 Nov 2025]",Melnikov,sect.,"Konspekt Fl. Vost. Evr. 2(1): 467. 2025 [30 Nov 2025] ",,,,,11,,,,f,t,,,,,,,Mill.@6485-1@2@bas$Melnikov@20025671-1@1@aut,,,"comb. et stat. nov.",,1.3,f,dracocephalumruyschiana,lamiaceaedracocephalumruyschiana~~,392,wfo-1000088493,,section,,,,,https://www.ipni.org/n/77377093-1,"IPNI Record: 77377093-1","Konspekt Fl. Vost. Evr. 2(1): 467 (2025)"
urn:lsid:ipni.org:names:77377094-1,"(Dubj.) Melnikov","Lamiaceae Hyssopus cretaceus Dubj.",(Dubj.),448492-1,,,"2(1): 469",,,,,,,,,,,,"24/02/2026 13:17","24/02/2026 16:22",,,Lamiaceae,"Dracocephalum cretaceum","Dracocephalum cretaceum",Dracocephalum,,f,f,,,,,,,,,,,,,,,,,,,,,,,,,,,,null:,331573-2,"Konspekt Fl. Vost. Evr.",urn:lsid:ipni.org:publications:20017381-1,2025,"2025 [30 Nov 2025]","[30 Nov 2025]",Melnikov,spec.,"Konspekt Fl. Vost. Evr. 2(1): 469. 2025 [30 Nov 2025] ",,,,,11,cretaceum,,,f,t,,,,,,,Melnikov@20025671-1@1@aut$Dubj.@2336-1@2@bas,,,"comb. nov.",,1.3,f,dracocephalum~cretaceum,lamiaceaedracocephalum~cretaceum~,393,wfo-1000088331,,species,,,,,https://www.ipni.org/n/77377094-1,"IPNI Record: 77377094-1","Konspekt Fl. Vost. Evr. 2(1): 469 (2025)"
urn:lsid:ipni.org:names:77377099-1,"Ballerini, Romolini & Soca",,,,,,"240: 3",,14,,5,,RS.2024.512,2024,,B.Ballerini,,,"24/02/2026 14:37","24/02/2026 14:38","Italy (Italy, Southeastern Europe, Europe)",,Orchidaceae,"Ophrys × prignanensis","Ophrys × prignanensis",Ophrys,,t,f,"647904-1,647787-1","(Ophrys funerea Viv. × Ophrys bertolonii Moretti)",,,,,,,,,"Emilia, Modena, Prignano sulla Secchia, 385 m",,,,,,,,,,,,,,,,,,30162-1,"Carnets Bot.",urn:lsid:ipni.org:publications:20027545-1,2025,"2025 [16 Feb 2025]","[16 Feb 2025]","Ballerini, Romolini & Soca",spec.,"Carnets Bot. 240: 3. 2025 [16 Feb 2025] ",,"doi:10.34971/3ZR6-7762 Etymology: the specific epithet is dedicated to the village in whose territory the taxon is located, Prignano sulla Secchia.",,,11,prignanensis,,,f,t,,"holotype FI",,,,,Ballerini@20081345-1@1@aut$Romolini@39542-1@2@aut$Soca@37067-1@3@aut,,,"tax. nov.",,1.2,f,ophrys~prignanensis,orchidaceaeophrys~prignanensis~,394,wfo-1000088332,,species,,,,,https://www.ipni.org/n/77377099-1,"IPNI Record: 77377099-1","Carnets Bot. 240: 3 (2025)"
urn:lsid:ipni.org:names:77377100-1,"(Beck) Uhlich & Rätzel","Scrophulariaceae Orobanche pareysi Beck",(Beck),662581-1,,,"2(1): 343",,,,,,,,,,,,"24/02/2026 14:51","24/02/2026 14:51",,,Scrophulariaceae,"Phelipanche purpurea var. pareysi","Phelipanche purpurea var. pareysi",Phelipanche,,f,f,,,,,pareysi,,,,,,,,,,,,,,,,,,,,,,,,662856-1,"Konspekt Fl. Vost. Evr.",urn:lsid:ipni.org:publications:20017381-1,2025,"2025 [30 Nov 2025]","[30 Nov 2025]","Uhlich & Rätzel",var.,"Konspekt Fl. Vost. Evr. 2(1): 343. 2025 [30 Nov 2025] ",,,,,11,purpurea,"(Jacq.) Soják",,f,t,,,,,,,Beck@12341-1@3@bas$Rätzel@20000206-1@2@aut$Uhlich@37102-1@1@aut,Jacq.@12576-1@2@bas$Soják@9868-1@1@aut,,"comb. et stat. nov.",,1.1,f,phelipanche~purpureapareysi,scrophulariaceaephelipanche~purpureapareysi,395,wfo-1200117053,,variety,,,,,https://www.ipni.org/n/77377100-1,"IPNI Record: 77377100-1","Konspekt Fl. Vost. Evr. 2(1): 343 (2025)"
urn:lsid:ipni.org:names:77377102-1,"(Beck) Rätzel & Uhlich","Scrophulariaceae Orobanche coerulescens Stephan ex Willd. f. cristata Beck",(Beck),77377101-1,,,"2(1): 345",,,,,,,,,,,,"24/02/2026 15:10","24/02/2026 15:10",,,Scrophulariaceae,"Orobanche coerulescens var. cristata","Orobanche coerulescens var. cristata",Orobanche,,f,f,,,,,cristata,,,,,,,,,,,,,,,,,,,,,,,,662192-1,"Konspekt Fl. Vost. Evr.",urn:lsid:ipni.org:publications:20017381-1,2025,"2025 [30 Nov 2025]","[30 Nov 2025]","Rätzel & Uhlich",var.,"Konspekt Fl. Vost. Evr. 2(1): 345. 2025 [30 Nov 2025] ",,,,,11,coerulescens,"Stephan ex Willd.",,f,t,,,,,,,Uhlich@37102-1@2@aut$Rätzel@20000206-1@1@aut$Beck@12341-1@3@bas,Stephan@10102-1@1@aut$Willd.@11692-1@2@autEx,,"stat. nov.",,1.1,f,orobanche~coerulescenscristata,scrophulariaceaeorobanche~coerulescenscristata,396,wfo-1200117054,,variety,,,,,https://www.ipni.org/n/77377102-1,"IPNI Record: 77377102-1","Konspekt Fl. Vost. Evr. 2(1): 345 (2025)"
urn:lsid:ipni.org:names:77377103-1,"(G.Kretzschmar & H.Kretzschmar) Soca","Orchidaceae Orchis papilionacea L. subsp. alibertis G.Kretzschmar & H.Kretzschmar","(G.Kretzschmar & H.Kretzschmar)",1021545-1,,,"265: 4",,,,,,,,,,,,"24/02/2026 15:32","24/02/2026 15:32",,,Orchidaceae,"Herorchis alibertis","Herorchis alibertis",Herorchis,,f,f,,,,,,,,,,,,,,,,,,,,,,,,,,,,,77093179-1,"Carnets Bot.",urn:lsid:ipni.org:publications:20027545-1,2025,"2025 [10 Aug 2025]","[10 Aug 2025]",Soca,spec.,"Carnets Bot. 265: 4. 2025 [10 Aug 2025] ",,doi:10.34971/ZN3V-2F16,,,11,alibertis,,,f,t,,,,,,,H.Kretzschmar@35964-1@3@bas$Soca@37067-1@1@aut$G.Kretzschmar@35963-1@2@bas,,,"comb. et stat. nov.",,1.1,f,herorchis~alibertis,orchidaceaeherorchis~alibertis~,397,wfo-1000088333,,species,,,,,https://www.ipni.org/n/77377103-1,"IPNI Record: 77377103-1","Carnets Bot. 265: 4 (2025)"
urn:lsid:ipni.org:names:77377104-1,"(A.Kern.) Melnikov","Lamiaceae Lycopus mollis A.Kern.",(A.Kern.),449667-1,,,"2(1): 414",,,,,,,,,,,,"24/02/2026 15:33","24/02/2026 15:33",,,Lamiaceae,"Lycopus europaeus var. mollis","Lycopus europaeus var. mollis",Lycopus,,f,f,,,,,mollis,77282408-1,,,,,,,,,isonym,,isonym,,,,,,,,,,,,449641-1,"Konspekt Fl. Vost. Evr.",urn:lsid:ipni.org:publications:20017381-1,2025,"2025 [30 Nov 2025]","[30 Nov 2025]",Melnikov,var.,"Konspekt Fl. Vost. Evr. 2(1): 414. 2025 [30 Nov 2025] ",,,,,13,europaeus,L.,,f,t,,,,,,,Melnikov@20025671-1@1@aut$A.Kern.@4740-1@2@bas,L.@12653-1@1@aut,,"comb. et stat. nov.",,1.1,f,lycopus~europaeusmollis,lamiaceaelycopus~europaeusmollis,398,wfo-1200117085,,variety,,,,,https://www.ipni.org/n/77377104-1,"IPNI Record: 77377104-1","Konspekt Fl. Vost. Evr. 2(1): 414 (2025)"
urn:lsid:ipni.org:names:77377105-1,"(H.Baumann & R.Lorenz) Soca","Orchidaceae Orchis papilionacea L. subsp. balcanica H.Baumann & R.Lorenz","(H.Baumann & R.Lorenz)",77071283-1,,,"265: 4",,,,,,,,,,,,"24/02/2026 15:34","24/02/2026 15:34",,,Orchidaceae,"Herorchis balcanica","Herorchis balcanica",Herorchis,,f,f,,,,,,,,,,,,,,,,,,,,,,,,,,,,,77093179-1,"Carnets Bot.",urn:lsid:ipni.org:publications:20027545-1,2025,"2025 [10 Aug 2025]","[10 Aug 2025]",Soca,spec.,"Carnets Bot. 265: 4. 2025 [10 Aug 2025] ",,doi:10.34971/ZN3V-2F16,,,11,balcanica,,,f,t,,,,,,,R.Lorenz@22538-1@3@bas$H.Baumann@14601-1@2@bas$Soca@37067-1@1@aut,,,"comb. et stat. nov.",,1.1,f,herorchis~balcanica,orchidaceaeherorchis~balcanica~,399,wfo-1000088334,,species,,,,,https://www.ipni.org/n/77377105-1,"IPNI Record: 77377105-1","Carnets Bot. 265: 4 (2025)"
urn:lsid:ipni.org:names:77377106-1,"(Trautv.) Soca","Orchidaceae Orchis caspia Trautv.",(Trautv.),648454-1,,,"265: 4",,,,,,,,,,,,"24/02/2026 15:35","24/02/2026 15:35",,,Orchidaceae,"Herorchis caspia","Herorchis caspia",Herorchis,,f,f,,,,,,,,,,,,,,,,,,,,,,,,,,,,,77093179-1,"Carnets Bot.",urn:lsid:ipni.org:publications:20027545-1,2025,"2025 [10 Aug 2025]","[10 Aug 2025]",Soca,spec.,"Carnets Bot. 265: 4. 2025 [10 Aug 2025] ",,doi:10.34971/ZN3V-2F16,,,11,caspia,,,f,t,,,,,,,Trautv.@10798-1@2@bas$Soca@37067-1@1@aut,,,"comb. nov.",,1.1,f,herorchis~caspia,orchidaceaeherorchis~caspia~,400,wfo-1000088335,,species,,,,,https://www.ipni.org/n/77377106-1,"IPNI Record: 77377106-1","Carnets Bot. 265: 4 (2025)"
urn:lsid:ipni.org:names:77377107-1,"(Ten.) Soca","Orchidaceae Orchis expansa Ten.",(Ten.),648604-1,,,"265: 4",,,,,,,,,,,,"24/02/2026 15:36","24/02/2026 15:36",,,Orchidaceae,"Herorchis expansa","Herorchis expansa",Herorchis,,f,f,,,,,,,,,,,,,,,,,,,,,,,,,,,,,77093179-1,"Carnets Bot.",urn:lsid:ipni.org:publications:20027545-1,2025,"2025 [10 Aug 2025]","[10 Aug 2025]",Soca,spec.,"Carnets Bot. 265: 4. 2025 [10 Aug 2025] ",,doi:10.34971/ZN3V-2F16,,,11,expansa,,,f,t,,,,,,,Ten.@10507-1@2@bas$Soca@37067-1@1@aut,,,"comb. nov.",,1.1,f,herorchis~expansa,orchidaceaeherorchis~expansa~,401,wfo-1000088336,,species,,,,,https://www.ipni.org/n/77377107-1,"IPNI Record: 77377107-1","Carnets Bot. 265: 4 (2025)"
urn:lsid:ipni.org:names:77377108-1,"(Pollini) Soca","Orchidaceae Orchis fragrans Pollini",(Pollini),648642-1,,,"265: 4",,,,,,,,,,,,"24/02/2026 15:37","24/02/2026 15:37",,,Orchidaceae,"Herorchis fragrans","Herorchis fragrans",Herorchis,,f,f,,,,,,,,,,,,,,,,,,,,,,,,,,,,,77093179-1,"Carnets Bot.",urn:lsid:ipni.org:publications:20027545-1,2025,"2025 [10 Aug 2025]","[10 Aug 2025]",Soca,spec.,"Carnets Bot. 265: 4. 2025 [10 Aug 2025] ",,doi:10.34971/ZN3V-2F16,,,11,fragrans,,,f,t,,,,,,,Pollini@24966-1@2@bas$Soca@37067-1@1@aut,,,"comb. et stat. nov.",,1.1,f,herorchis~fragrans,orchidaceaeherorchis~fragrans~,402,wfo-1000088337,,species,,,,,https://www.ipni.org/n/77377108-1,"IPNI Record: 77377108-1","Carnets Bot. 265: 4 (2025)"
urn:lsid:ipni.org:names:77377109-1,"(Boiss.) Soca","Orchidaceae Orchis papilionacea L. var. grandiflora Boiss.",(Boiss.),70021315-1,,,"265: 4",,,,,,,,,,,,"24/02/2026 15:39","24/02/2026 15:39",,,Orchidaceae,"Herorchis grandiflora","Herorchis grandiflora",Herorchis,,f,f,,,,,,,,,,,,,,,,,,,,,,,,,,,,,77093179-1,"Carnets Bot.",urn:lsid:ipni.org:publications:20027545-1,2025,"2025 [10 Aug 2025]","[10 Aug 2025]",Soca,spec.,"Carnets Bot. 265: 4. 2025 [10 Aug 2025] ",,doi:10.34971/ZN3V-2F16,,,11,grandiflora,,,f,t,,,,,,,Soca@37067-1@1@aut$Boiss.@16284-1@2@bas,,,"comb. et stat. nov.",,1.1,f,herorchis~grandiflora,orchidaceaeherorchis~grandiflora~,403,wfo-1000088338,,species,,,,,https://www.ipni.org/n/77377109-1,"IPNI Record: 77377109-1","Carnets Bot. 265: 4 (2025)"
urn:lsid:ipni.org:names:77377110-1,"(E.D.Clarke) Soca","Orchidaceae Orchis heroica E.D.Clarke",(E.D.Clarke),648705-1,,,"265: 4",,,,,,,,,,,,"24/02/2026 15:40","24/02/2026 15:41",,,Orchidaceae,"Herorchis heroica","Herorchis heroica",Herorchis,,f,f,,,,,,,,,,,,,,,,,,,,,,,,,,,,,77093179-1,"Carnets Bot.",urn:lsid:ipni.org:publications:20027545-1,2025,"2025 [10 Aug 2025]","[10 Aug 2025]",Soca,spec.,"Carnets Bot. 265: 4. 2025 [10 Aug 2025] ",,doi:10.34971/ZN3V-2F16,,,11,heroica,,,f,t,,,,,,,E.D.Clarke@1670-1@2@bas$Soca@37067-1@1@aut,,,"comb. nov.",,1.2,f,herorchis~heroica,orchidaceaeherorchis~heroica~,404,wfo-1000088339,,species,,,,,https://www.ipni.org/n/77377110-1,"IPNI Record: 77377110-1","Carnets Bot. 265: 4 (2025)"
urn:lsid:ipni.org:names:77377111-1,"(Timb.-Lagr.) Soca","Orchidaceae Orchis martrinii Timb.-Lagr.",(Timb.-Lagr.),648851-1,,,"265: 4",,,,,,,,,,,,"24/02/2026 15:41","24/02/2026 15:41",,,Orchidaceae,"Herorchis martrinii","Herorchis martrinii",Herorchis,,f,f,,,,,,,,,,,,,,,,,,,,,,,,,,,,,77093179-1,"Carnets Bot.",urn:lsid:ipni.org:publications:20027545-1,2025,"2025 [10 Aug 2025]","[10 Aug 2025]",Soca,spec.,"Carnets Bot. 265: 4. 2025 [10 Aug 2025] ",,doi:10.34971/ZN3V-2F16,,,11,martrinii,,,f,t,,,,,,,Timb.-Lagr.@10671-1@2@bas$Soca@37067-1@1@aut,,,"comb. nov.",,1.1,f,herorchis~martrinii,orchidaceaeherorchis~martrinii~,405,wfo-1000088340,,species,,,,,https://www.ipni.org/n/77377111-1,"IPNI Record: 77377111-1","Carnets Bot. 265: 4 (2025)"
urn:lsid:ipni.org:names:77377112-1,"(Renz) Soca","Orchidaceae Orchis papilionacea L. var. messenica Renz",(Renz),77071219-1,,,"265: 4",,,,,,,,,,,,"24/02/2026 15:43","24/02/2026 15:43",,,Orchidaceae,"Herorchis messenica","Herorchis messenica",Herorchis,,f,f,,,,,,,,,,,,,,,,,,,,,,,,,,,,,77093179-1,"Carnets Bot.",urn:lsid:ipni.org:publications:20027545-1,2025,"2025 [10 Aug 2025]","[10 Aug 2025]",Soca,spec.,"Carnets Bot. 265: 4. 2025 [10 Aug 2025] ",,doi:10.34971/ZN3V-2F16,,,11,messenica,,,f,t,,,,,,,Soca@37067-1@1@aut$Renz@8297-1@2@bas,,,"comb. et stat. nov.",,1.1,f,herorchis~messenica,orchidaceaeherorchis~messenica~,406,wfo-1000088341,,species,,,,,https://www.ipni.org/n/77377112-1,"IPNI Record: 77377112-1","Carnets Bot. 265: 4 (2025)"
urn:lsid:ipni.org:names:77377114-1,"(B.Baumann & R.Lorenz) Soca","Orchidaceae Orchis papilionacea L. subsp. palaestina B.Baumann & R.Lorenz","(B.Baumann & R.Lorenz)",77071285-1,,,"265: 4",,,,,,,,,,,,"24/02/2026 15:44","24/02/2026 15:44",,,Orchidaceae,"Herorchis palaestina","Herorchis palaestina",Herorchis,,f,f,,,,,,,,,,,,,,,,,,,,,,,,,,,,,77093179-1,"Carnets Bot.",urn:lsid:ipni.org:publications:20027545-1,2025,"2025 [10 Aug 2025]","[10 Aug 2025]",Soca,spec.,"Carnets Bot. 265: 4. 2025 [10 Aug 2025] ",,doi:10.34971/ZN3V-2F16,,,11,palaestina,,,f,t,,,,,,,Soca@37067-1@1@aut$B.Baumann@15810-1@2@bas$R.Lorenz@22538-1@3@bas,,,"comb. et stat. nov.",,1.1,f,herorchis~palaestina,orchidaceaeherorchis~palaestina~,407,wfo-1000088342,,species,,,,,https://www.ipni.org/n/77377114-1,"IPNI Record: 77377114-1","Carnets Bot. 265: 4 (2025)"
urn:lsid:ipni.org:names:77377115-1,"(Terraciano) Soca","Orchidaceae Orchis papilionacea L. f. vexillifera Terraciano",(Terraciano),77103109-1,,,"265: 4",,,,,,,,,,,,"24/02/2026 15:45","24/02/2026 15:45",,,Orchidaceae,"Herorchis vexillifera","Herorchis vexillifera",Herorchis,,f,f,,,,,,,,,,,,,,,,,,,,,,,,,,,,,77093179-1,"Carnets Bot.",urn:lsid:ipni.org:publications:20027545-1,2025,"2025 [10 Aug 2025]","[10 Aug 2025]",Soca,spec.,"Carnets Bot. 265: 4. 2025 [10 Aug 2025] ",,doi:10.34971/ZN3V-2F16,,,11,vexillifera,,,f,t,,,,,,,Soca@37067-1@1@aut$Terraciano@20016080-1@2@bas,,,"comb. et stat. nov.",,1.1,f,herorchis~vexillifera,orchidaceaeherorchis~vexillifera~,408,wfo-1000088343,,species,,,,,https://www.ipni.org/n/77377115-1,"IPNI Record: 77377115-1","Carnets Bot. 265: 4 (2025)"
urn:lsid:ipni.org:names:77377116-1,"(Klokov & Desj.-Shost.) Knjaz.","Lamiaceae Thymus stepposus Klokov & Desj.-Shost.","(Klokov & Desj.-Shost.)",461680-1,,,"2(1): 442",,,,,,,,,,,,"24/02/2026 15:54","24/02/2026 15:54",,,Lamiaceae,"Thymus marschallianus var. stepposus","Thymus marschallianus var. stepposus",Thymus,,f,f,,,,,stepposus,77324240-1,,,,,,,,,isonym,,isonym,,,,,,,,,,,,461400-1,"Konspekt Fl. Vost. Evr.",urn:lsid:ipni.org:publications:20017381-1,2025,"2025 [30 Nov 2025]","[30 Nov 2025]",Knjaz.,var.,"Konspekt Fl. Vost. Evr. 2(1): 442. 2025 [30 Nov 2025] ",,"Authors state 'comb. inval.' for T. marschallianus var. stepposus (Klokov & Desj.-Shost.) Knjaz. (2015)",,,13,marschallianus,Willd.,,f,t,,,,,,,Klokov@4852-1@2@bas$Knjaz.@37322-1@1@aut$Desj.-Shost.@2153-1@3@bas,Willd.@11692-1@1@aut,,"comb. et stat. nov.",,1.1,f,thymus~marschallianusstepposus,lamiaceaethymus~marschallianusstepposus,409,wfo-1200117055,,variety,,,,,https://www.ipni.org/n/77377116-1,"IPNI Record: 77377116-1","Konspekt Fl. Vost. Evr. 2(1): 442 (2025)"
urn:lsid:ipni.org:names:77377117-1,"(Gölz & H.R.Reinhard) Soca","Orchidaceae Orchis × paparistoi Gölz & H.R.Reinhard","(Gölz & H.R.Reinhard)",904787-1,,,"265: 5",,,,,,,,,,,,"24/02/2026 16:00","24/02/2026 16:00",,,Orchidaceae,"Herorchis × paparistoi","Herorchis × paparistoi",Herorchis,,t,f,,,,,,,,,,,,,,,,,,,,,,,,,,,,,77093179-1,"Carnets Bot.",urn:lsid:ipni.org:publications:20027545-1,2025,"2025 [10 Aug 2025]","[10 Aug 2025]",Soca,spec.,"Carnets Bot. 265: 5. 2025 [10 Aug 2025] ",,doi:10.34971/ZN3V-2F16,,,11,paparistoi,,,f,t,,,,,,,Soca@37067-1@1@aut$Gölz@12477-1@2@bas$H.R.Reinhard@8270-1@3@bas,,,"comb. nov.",,1.1,f,herorchis~paparistoi,orchidaceaeherorchis~paparistoi~,410,wfo-1000088344,,species,,,,,https://www.ipni.org/n/77377117-1,"IPNI Record: 77377117-1","Carnets Bot. 265: 5 (2025)"
urn:lsid:ipni.org:names:77377118-1,"Mir.-Hern., Salmerón-Sánchez & Mota",,,,,,"51-22810: 4",,13,,7,,,2012,,"F.J.Perez-Garcia, E.Salmeron-Sanchez, M.L.Rodriguez-Tamayo, A.Mendoza-Fernandez, J.F.Mota",,,"24/02/2026 16:01","02/03/2026 10:39","Spain (Spain, Southwestern Europe, Europe)",W,Plumbaginaceae,"Limonium × erbenii","Limonium × erbenii",Limonium,,t,f,"686764-1,686713-1","(Limonium estevei Fern.Casas × Limonium cossonianum Kuntze)",,,,,,37,5,9,"Almería, rocky coastal slope between Mojácar and Carboneras (Macenas), 58 m",1,51,26,,,,,,N,,,,,,,,,331722-2,"Acta Bot. Malac.",urn:lsid:ipni.org:publications:1639-2,2026,"2026 [13 Feb 2026]","[13 Feb 2026]","Mir.-Hern., Salmerón-Sánchez & Mota",spec.,"Acta Bot. Malac. 51-22810: 4. 2026 [13 Feb 2026] ",,"doi:10.24310/abm.51.2026.22810 Etymology: the hybrid epithet is named in honour of German botanist Matthias Erben.",,,10,erbenii,,,f,t,,"holotype MGC 97033;isotype HUAL 30714; 30715; 30716; 30717",,,,,Salmerón-Sánchez@20029340-1@2@aut$Mota@35664-1@3@aut$Mir.-Hern.@20096305-1@1@aut,,,"tax. nov.",,1.2,f,limonium~erbenii,plumbaginaceaelimonium~erbenii~,411,wfo-1000088345,,species,,,,,https://www.ipni.org/n/77377118-1,"IPNI Record: 77377118-1","Acta Bot. Malac. 51-22810: 4 (2026)"
urn:lsid:ipni.org:names:77377119-1,"(H.Kretzschmar & G.Kretzschmar) Soca","Orchidaceae Anacamptis × eccarii H.Kretzschmar & G.Kretzschmar","(H.Kretzschmar & G.Kretzschmar)",77080998-1,,,"265: 5",,,,,,,,,,,,"24/02/2026 16:02","24/02/2026 16:26",,,Orchidaceae,"Herorchis × eccarii","Herorchis × eccarii",Herorchis,,t,f,,,,,,,,,,,,,,,,,,,,,,,,,,,,,77093179-1,"Carnets Bot.",urn:lsid:ipni.org:publications:20027545-1,2025,"2025 [10 Aug 2025]","[10 Aug 2025]",Soca,spec.,"Carnets Bot. 265: 5. 2025 [10 Aug 2025] ",,doi:10.34971/ZN3V-2F16,,,11,eccarii,,,f,t,,,,,,,Soca@37067-1@1@aut$G.Kretzschmar@35963-1@3@bas$H.Kretzschmar@35964-1@2@bas,,,"comb. nov.",,1.3,f,herorchis~eccarii,orchidaceaeherorchis~eccarii~,412,wfo-1000088346,,species,,,,,https://www.ipni.org/n/77377119-1,"IPNI Record: 77377119-1","Carnets Bot. 265: 5 (2025)"
urn:lsid:ipni.org:names:77377120-1,"(Faller & Kreutz) Soca","Orchidaceae Orchis × gerakarionis Faller & Kreutz","(Faller & Kreutz)",958444-1,,,"265: 5",,,,,,,,,,,,"24/02/2026 16:03","24/02/2026 16:03",,,Orchidaceae,"Herorchis × gerakarionis","Herorchis × gerakarionis",Herorchis,,t,f,,,,,,,,,,,,,,,,,,,,,,,,,,,,,77093179-1,"Carnets Bot.",urn:lsid:ipni.org:publications:20027545-1,2025,"2025 [10 Aug 2025]","[10 Aug 2025]",Soca,spec.,"Carnets Bot. 265: 5. 2025 [10 Aug 2025] ",,doi:10.34971/ZN3V-2F16,,,11,gerakarionis,,,f,t,,,,,,,Soca@37067-1@1@aut$Faller@20009747-1@2@bas$Kreutz@14781-1@3@bas,,,"comb. nov.",,1.1,f,herorchis~gerakarionis,orchidaceaeherorchis~gerakarionis~,413,wfo-1000088347,,species,,,,,https://www.ipni.org/n/77377120-1,"IPNI Record: 77377120-1","Carnets Bot. 265: 5 (2025)"
urn:lsid:ipni.org:names:77377121-1,"(Renz) Soca","Orchidaceae Orchis lasithica Renz",(Renz),648793-1,,,"265: 5",,,,,,,,,,,,"24/02/2026 16:04","24/02/2026 16:04",,,Orchidaceae,"Herorchis × lasithica","Herorchis × lasithica",Herorchis,,t,f,,,,,,,,,,,,,,,,,,,,,,,,,,,,,77093179-1,"Carnets Bot.",urn:lsid:ipni.org:publications:20027545-1,2025,"2025 [10 Aug 2025]","[10 Aug 2025]",Soca,spec.,"Carnets Bot. 265: 5. 2025 [10 Aug 2025] ",,doi:10.34971/ZN3V-2F16,,,11,lasithica,,,f,t,,,,,,,Soca@37067-1@1@aut$Renz@8297-1@2@bas,,,"comb. nov.",,1.1,f,herorchis~lasithica,orchidaceaeherorchis~lasithica~,414,wfo-1000088348,,species,,,,,https://www.ipni.org/n/77377121-1,"IPNI Record: 77377121-1","Carnets Bot. 265: 5 (2025)"
urn:lsid:ipni.org:names:77377122-1,"(B.Baumann & H.Baumann) Soca","Orchidaceae Orchis gennarii Rchb.f. nothosubsp. kusadasiensis B.Baumann & H.Baumann","(B.Baumann & H.Baumann)",77071287-1,,,"265: 5",,,,,,,,,,,,"24/02/2026 16:06","24/02/2026 16:06",,,Orchidaceae,"Herorchis × kusadasienis","Herorchis × kusadasienis",Herorchis,,t,f,,,,,,,,,,,,,,,,,,,,,,,,,,,,,77093179-1,"Carnets Bot.",urn:lsid:ipni.org:publications:20027545-1,2025,"2025 [10 Aug 2025]","[10 Aug 2025]",Soca,spec.,"Carnets Bot. 265: 5. 2025 [10 Aug 2025] ",,doi:10.34971/ZN3V-2F16,,,11,kusadasienis,,,f,t,,,,,,,Soca@37067-1@1@aut$B.Baumann@15810-1@2@bas$H.Baumann@14601-1@3@bas,,,"comb. et stat. nov.",,1.1,f,herorchis~kusadasienis,orchidaceaeherorchis~kusadasienis~,415,wfo-1000088349,,species,,,,,https://www.ipni.org/n/77377122-1,"IPNI Record: 77377122-1","Carnets Bot. 265: 5 (2025)"
urn:lsid:ipni.org:names:77377123-1,"(H.Baumann & Dafni) Soca","Orchidaceae Orchis × feinbruniae H.Baumann & Dafni","(H.Baumann & Dafni)",648614-1,,,"265: 5",,,,,,,,,,,,"24/02/2026 16:08","24/02/2026 16:08",,,Orchidaceae,"Herorchis × feinbruniae","Herorchis × feinbruniae",Herorchis,,t,f,,,,,,,,,,,,,,,,,,,,,,,,,,,,,77093179-1,"Carnets Bot.",urn:lsid:ipni.org:publications:20027545-1,2025,"2025 [10 Aug 2025]","[10 Aug 2025]",Soca,spec.,"Carnets Bot. 265: 5. 2025 [10 Aug 2025] ",,doi:10.34971/ZN3V-2F16,,,11,feinbruniae,,,f,t,,,,,,,Soca@37067-1@1@aut$H.Baumann@14601-1@2@bas$Dafni@17639-1@3@bas,,,"comb. nov.",,1.1,f,herorchis~feinbruniae,orchidaceaeherorchis~feinbruniae~,416,wfo-1000088350,,species,,,,,https://www.ipni.org/n/77377123-1,"IPNI Record: 77377123-1","Carnets Bot. 265: 5 (2025)"
urn:lsid:ipni.org:names:77377124-1,Knjaz.,,,,,,"2(1): 443",,,,,,,,,,,,"24/02/2026 16:08","24/02/2026 16:08",,,Lamiaceae,"Thymus nothosubsect. Alterniicillati","Thymus nothosubsect. Alterniicillati",Thymus,,t,f,"77313907-1,43291-1","(Thymus subsect. Alternantes Klokov × Thymus subsect. Verticillati (Klokov & Shost.) Menitsky)",,alterniicillati,,,,,,,,,,,,,,,,,,,,,,,,,30002942-2,"Konspekt Fl. Vost. Evr.",urn:lsid:ipni.org:publications:20017381-1,2025,"2025 [30 Nov 2025]","[30 Nov 2025]",Knjaz.,nothosubsect.,"Konspekt Fl. Vost. Evr. 2(1): 443. 2025 [30 Nov 2025] ",,"parent as 'Thymus subsect. Alternates'",,,8,,,,f,t,,,,,,,Knjaz.@37322-1@1@aut,,,"tax. nov.",,1.1,f,thymusalterniicillati,lamiaceaethymusalterniicillati~~,417,wfo-1200117086,,subsection,,,,,https://www.ipni.org/n/77377124-1,"IPNI Record: 77377124-1","Konspekt Fl. Vost. Evr. 2(1): 443 (2025)"
urn:lsid:ipni.org:names:77377125-1,"(B.Baumann & H.Baumann) Soca","Orchidaceae Orchis alata Fleury nothosubsp. apolonana B.Baumann & H.Baumann","(B.Baumann & H.Baumann)",77078910-1,,,"265: 5",,,,,,,,,,,,"24/02/2026 16:09","24/02/2026 16:09",,,Orchidaceae,"Herorchis × apolonana","Herorchis × apolonana",Herorchis,,t,f,,,,,,,,,,,,,,,,,,,,,,,,,,,,,77093179-1,"Carnets Bot.",urn:lsid:ipni.org:publications:20027545-1,2025,"2025 [10 Aug 2025]","[10 Aug 2025]",Soca,spec.,"Carnets Bot. 265: 5. 2025 [10 Aug 2025] ",,doi:10.34971/ZN3V-2F16,,,11,apolonana,,,f,t,,,,,,,Soca@37067-1@1@aut$B.Baumann@15810-1@2@bas$H.Baumann@14601-1@3@bas,,,"comb. et stat. nov.",,1.1,f,herorchis~apolonana,orchidaceaeherorchis~apolonana~,418,wfo-1000088351,,species,,,,,https://www.ipni.org/n/77377125-1,"IPNI Record: 77377125-1","Carnets Bot. 265: 5 (2025)"
urn:lsid:ipni.org:names:77377126-1,"(B.Baumann, H.Baumann, R.Lorenz & Ruedi Peter) Soca","Orchidaceae Orchis gennarii Rchb.f. nothosubsp. orientecaucasica B.Baumann, H.Baumann, R.Lorenz & Ruedi Peter","(B.Baumann, H.Baumann, R.Lorenz & Ruedi Peter)",20012137-1,,,"265: 5",,,,,,,,,,,,"24/02/2026 16:12","24/02/2026 16:12",,,Orchidaceae,"Herorchis × orientecaucasica","Herorchis × orientecaucasica",Herorchis,,t,f,,,,,,,,,,,,,,,,,,,,,,,,,,,,,77093179-1,"Carnets Bot.",urn:lsid:ipni.org:publications:20027545-1,2025,"2025 [10 Aug 2025]","[10 Aug 2025]",Soca,spec.,"Carnets Bot. 265: 5. 2025 [10 Aug 2025] ",,doi:10.34971/ZN3V-2F16,,,11,orientecaucasica,,,f,t,,,,,,,"B.Baumann@15810-1@2@bas$H.Baumann@14601-1@3@bas$Soca@37067-1@1@aut$R.Lorenz@22538-1@4@bas$Ruedi Peter@36080-1@5@bas",,,"comb. et stat. nov.",,1.1,f,herorchis~orientecaucasica,orchidaceaeherorchis~orientecaucasica~,419,wfo-1000088352,,species,,,,,https://www.ipni.org/n/77377126-1,"IPNI Record: 77377126-1","Carnets Bot. 265: 5 (2025)"
urn:lsid:ipni.org:names:77377127-1,Knjaz.,,,,,,"2(1): 444",,,,,,,,,,,,"24/02/2026 16:12","24/02/2026 16:12",,,Lamiaceae,"Thymus nothosubsect. Serpyllinantes","Thymus nothosubsect. Serpyllinantes",Thymus,,t,f,77313907-1,"(Thymus subsect. Alternantes Klokov)",,serpyllinantes,,,,,,,,,,,,,,,,,,,,,,,,,30002942-2,"Konspekt Fl. Vost. Evr.",urn:lsid:ipni.org:publications:20017381-1,2025,"2025 [30 Nov 2025]","[30 Nov 2025]",Knjaz.,nothosubsect.,"Konspekt Fl. Vost. Evr. 2(1): 444. 2025 [30 Nov 2025] ",,"T. sect. Serpyllum (Mill.) Bent. × T. sect. Marginati subsect. Alternantes Klokov",,,8,,,,f,t,,,,,,,Knjaz.@37322-1@1@aut,,,"tax. nov.",,1.1,f,thymusserpyllinantes,lamiaceaethymusserpyllinantes~~,420,wfo-1200117087,,subsection,,,,,https://www.ipni.org/n/77377127-1,"IPNI Record: 77377127-1","Konspekt Fl. Vost. Evr. 2(1): 444 (2025)"
urn:lsid:ipni.org:names:77377128-1,"(E.G.Camus) Soca","Orchidaceae Orchis × semisaccata E.G.Camus",(E.G.Camus),649118-1,,,"265: 6",,,,,,,,,,,,"24/02/2026 16:14","24/02/2026 16:14",,,Orchidaceae,"Herorchis × semisaccata","Herorchis × semisaccata",Herorchis,,t,f,,,,,,,,,,,,,,,,,,,,,,,,,,,,,77093179-1,"Carnets Bot.",urn:lsid:ipni.org:publications:20027545-1,2025,"2025 [10 Aug 2025]","[10 Aug 2025]",Soca,spec.,"Carnets Bot. 265: 6. 2025 [10 Aug 2025] ",,doi:10.34971/ZN3V-2F16,,,11,semisaccata,,,f,t,,,,,,,E.G.Camus@12373-1@2@bas$Soca@37067-1@1@aut,,,"comb. nov.",,1.1,f,herorchis~semisaccata,orchidaceaeherorchis~semisaccata~,421,wfo-1000088353,,species,,,,,https://www.ipni.org/n/77377128-1,"IPNI Record: 77377128-1","Carnets Bot. 265: 6 (2025)"
urn:lsid:ipni.org:names:77377129-1,"(Robles, D.Quintana & M.Becerra) Soca","Orchidaceae Anacamptis × rayyana Robles, D.Quintana & M.Becerra","(Robles, D.Quintana & M.Becerra)",77220074-1,,,"265: 6",,,,,,,,,,,,"24/02/2026 16:16","24/02/2026 16:16",,,Orchidaceae,"Herorchis × rayyana","Herorchis × rayyana",Herorchis,,t,f,,,,,,,,,,,,,,,,,,,,,,,,,,,,,77093179-1,"Carnets Bot.",urn:lsid:ipni.org:publications:20027545-1,2025,"2025 [10 Aug 2025]","[10 Aug 2025]",Soca,spec.,"Carnets Bot. 265: 6. 2025 [10 Aug 2025] ",,doi:10.34971/ZN3V-2F16,,,11,rayyana,,,f,t,,,,,,,D.Quintana@20047199-1@3@bas$Soca@37067-1@1@aut$Robles@20038059-1@2@bas$M.Becerra@20038055-1@4@bas,,,"comb. nov.",,1.1,f,herorchis~rayyana,orchidaceaeherorchis~rayyana~,422,wfo-1000088354,,species,,,,,https://www.ipni.org/n/77377129-1,"IPNI Record: 77377129-1","Carnets Bot. 265: 6 (2025)"
urn:lsid:ipni.org:names:77377130-1,"(Hervás) Soca","Orchidaceae Orchis × romerae Hervás",(Hervás),77254064-1,,,"265: 6",,,,,,,,,,,,"24/02/2026 16:17","24/02/2026 16:17",,,Orchidaceae,"Herorchis × romerae","Herorchis × romerae",Herorchis,,t,f,,,,,,,,,,,,,,,,,,,,,,,,,,,,,77093179-1,"Carnets Bot.",urn:lsid:ipni.org:publications:20027545-1,2025,"2025 [10 Aug 2025]","[10 Aug 2025]",Soca,spec.,"Carnets Bot. 265: 6. 2025 [10 Aug 2025] ",,doi:10.34971/ZN3V-2F16,,,11,romerae,,,f,t,,,,,,,Soca@37067-1@1@aut$Hervás@20009129-1@2@bas,,,"comb. nov.",,1.1,f,herorchis~romerae,orchidaceaeherorchis~romerae~,423,wfo-1000088355,,species,,,,,https://www.ipni.org/n/77377130-1,"IPNI Record: 77377130-1","Carnets Bot. 265: 6 (2025)"
urn:lsid:ipni.org:names:77377131-1,"(R.Lopes) Soca","Orchidaceae Orchis gennarii Rchb.f. nm. subpapilionacea R.Lopes",(R.Lopes),916495-1,,,"265: 6",,,,,,,,,,,,"24/02/2026 16:21","24/02/2026 16:21",,,Orchidaceae,"Herorchis × subpapilionacea","Herorchis × subpapilionacea",Herorchis,,t,f,,,,,,,,,,,,,,,,,,,,,,,,,,,,,77093179-1,"Carnets Bot.",urn:lsid:ipni.org:publications:20027545-1,2025,"2025 [10 Aug 2025]","[10 Aug 2025]",Soca,spec.,"Carnets Bot. 265: 6. 2025 [10 Aug 2025] ",,doi:10.34971/ZN3V-2F16,,,11,subpapilionacea,,,f,t,,,,,,,Soca@37067-1@1@aut$R.Lopes@8129-1@2@bas,,,"comb. et stat. nov.",,1.1,f,herorchis~subpapilionacea,orchidaceaeherorchis~subpapilionacea~,424,wfo-1000088356,,species,,,,,https://www.ipni.org/n/77377131-1,"IPNI Record: 77377131-1","Carnets Bot. 265: 6 (2025)"
urn:lsid:ipni.org:names:77377132-1,"(A.Camus) Soca","Orchidaceae Orchis albertii A.Camus",(A.Camus),648338-1,,,"265: 6",,,,,,,,,,,,"24/02/2026 16:23","24/02/2026 16:23",,,Orchidaceae,"Herorchis × albertii","Herorchis × albertii",Herorchis,,t,f,,,,,,,,,,,,,,,,,,,,,,,,,,,,,77093179-1,"Carnets Bot.",urn:lsid:ipni.org:publications:20027545-1,2025,"2025 [10 Aug 2025]","[10 Aug 2025]",Soca,spec.,"Carnets Bot. 265: 6. 2025 [10 Aug 2025] ",,doi:10.34971/ZN3V-2F16,,,11,albertii,,,f,t,,,,,,,A.Camus@1381-1@2@bas$Soca@37067-1@1@aut,,,"comb. nov.",,1.1,f,herorchis~albertii,orchidaceaeherorchis~albertii~,425,wfo-1000088357,,species,,,,,https://www.ipni.org/n/77377132-1,"IPNI Record: 77377132-1","Carnets Bot. 265: 6 (2025)"
urn:lsid:ipni.org:names:77377133-1,"(Serra & López Esp.) Soca","Orchidaceae Anacamptis × dafnii (Wolfg.Schmidt & R.Luz) H.Kretzschmar, Eccarius & H.Dietr. nothosubsp. solanoi Serra & López Esp.","(Serra & López Esp.)",77174191-1,,,"265: 6",,,,,,,,,,,,"24/02/2026 16:24","24/02/2026 16:24",,,Orchidaceae,"Herorchis × solanoi","Herorchis × solanoi",Herorchis,,t,f,,,,,,,,,,,,,,,,,,,,,,,,,,,,,77093179-1,"Carnets Bot.",urn:lsid:ipni.org:publications:20027545-1,2025,"2025 [10 Aug 2025]","[10 Aug 2025]",Soca,spec.,"Carnets Bot. 265: 6. 2025 [10 Aug 2025] ",,doi:10.34971/ZN3V-2F16,,,11,solanoi,,,f,t,,,,,,,"López Esp.@20009509-1@3@bas$Soca@37067-1@1@aut$Serra@36130-1@2@bas",,,"comb. et stat. nov.",,1.1,f,herorchis~solanoi,orchidaceaeherorchis~solanoi~,426,wfo-1000088358,,species,,,,,https://www.ipni.org/n/77377133-1,"IPNI Record: 77377133-1","Carnets Bot. 265: 6 (2025)"
urn:lsid:ipni.org:names:77377134-1,"(Galesi & M.P.Grasso) Soca","Orchidaceae Orchis × santamariotae Galesi & M.P.Grasso","(Galesi & M.P.Grasso)",979722-1,,,"265: 6",,,,,,,,,,,,"24/02/2026 16:28","24/02/2026 16:28",,,Orchidaceae,"Herorchis × santamariotae","Herorchis × santamariotae",Herorchis,,t,f,,,,,,,,,,,,,,,,,,,,,,,,,,,,,77093179-1,"Carnets Bot.",urn:lsid:ipni.org:publications:20027545-1,2025,"2025 [10 Aug 2025]","[10 Aug 2025]",Soca,spec.,"Carnets Bot. 265: 6. 2025 [10 Aug 2025] ",,doi:10.34971/ZN3V-2F16,,,11,santamariotae,,,f,t,,,,,,,M.P.Grasso@19566-1@3@bas$Soca@37067-1@1@aut$Galesi@36683-1@2@bas,,,"comb. nov.",,1.1,f,herorchis~santamariotae,orchidaceaeherorchis~santamariotae~,427,wfo-1000088359,,species,,,,,https://www.ipni.org/n/77377134-1,"IPNI Record: 77377134-1","Carnets Bot. 265: 6 (2025)"
urn:lsid:ipni.org:names:77377135-1,"(Medagli, D'Emerico, Ruggiero & Bianco) Soca","Orchidaceae Orchis × semisaccata E.G.Camus nothosubsp. murgiana Medagli, D'Emerico, Ruggiero & Bianco","(Medagli, D'Emerico, Ruggiero & Bianco)",972937-1,,,"265: 6",,,,,,,,,,,,"24/02/2026 16:30","24/02/2026 16:30",,,Orchidaceae,"Herorchis × murgiana","Herorchis × murgiana",Herorchis,,t,f,,,,,,,,,,,,,,,,,,,,,,,,,,,,,77093179-1,"Carnets Bot.",urn:lsid:ipni.org:publications:20027545-1,2025,"2025 [10 Aug 2025]","[10 Aug 2025]",Soca,spec.,"Carnets Bot. 265: 6. 2025 [10 Aug 2025] ",,doi:10.34971/ZN3V-2F16,,,11,murgiana,,,f,t,,,,,,,Soca@37067-1@1@aut$Medagli@34888-1@2@bas$D'Emerico@34876-1@3@bas$Ruggiero@34892-1@4@bas$Bianco@34861-1@5@bas,,,"comb. et stat. nov.",,1.1,f,herorchis~murgiana,orchidaceaeherorchis~murgiana~,428,wfo-1000088360,,species,,,,,https://www.ipni.org/n/77377135-1,"IPNI Record: 77377135-1","Carnets Bot. 265: 6 (2025)"
urn:lsid:ipni.org:names:77377136-1,"(Wolfg.Schmidt & R.Luz) Soca","Orchidaceae Orchis × dafnii Wolfg.Schmidt & R.Luz","(Wolfg.Schmidt & R.Luz)",898322-1,,,"265: 6",,,,,,,,,,,,"24/02/2026 16:31","24/02/2026 16:31",,,Orchidaceae,"Herorchis × dafnii","Herorchis × dafnii",Herorchis,,t,f,,,,,,,,,,,,,,,,,,,,,,,,,,,,,77093179-1,"Carnets Bot.",urn:lsid:ipni.org:publications:20027545-1,2025,"2025 [10 Aug 2025]","[10 Aug 2025]",Soca,spec.,"Carnets Bot. 265: 6. 2025 [10 Aug 2025] ",,doi:10.34971/ZN3V-2F16,,,11,dafnii,,,f,t,,,,,,,R.Luz@22648-1@3@bas$Wolfg.Schmidt@20009749-1@2@bas$Soca@37067-1@1@aut,,,"comb. nov.",,1.1,f,herorchis~dafnii,orchidaceaeherorchis~dafnii~,429,wfo-1000088361,,species,,,,,https://www.ipni.org/n/77377136-1,"IPNI Record: 77377136-1","Carnets Bot. 265: 6 (2025)"
urn:lsid:ipni.org:names:77377137-1,"(Licheri & Biagioli) Soca","Orchidaceae Anacamptis × dafnii (Wolfg.Schmidt & R.Luz) H.Kretzschmar, Eccarius & H.Dietr. nothovar. panii Licheri & Biagioli","(Licheri & Biagioli)",77220822-1,,,"265: 6",,,,,,,,,,,,"24/02/2026 16:33","24/02/2026 16:33",,,Orchidaceae,"Herorchis × panii","Herorchis × panii",Herorchis,,t,f,,,,,,,,,,,,,,,,,,,,,,,,,,,,,77093179-1,"Carnets Bot.",urn:lsid:ipni.org:publications:20027545-1,2025,"2025 [10 Aug 2025]","[10 Aug 2025]",Soca,spec.,"Carnets Bot. 265: 6. 2025 [10 Aug 2025] ",,doi:10.34971/ZN3V-2F16,,,11,panii,,,f,t,,,,,,,Soca@37067-1@1@aut$Biagioli@20028212-1@3@bas$Licheri@20041202-1@2@bas,,,"comb. et stat. nov.",,1.1,f,herorchis~panii,orchidaceaeherorchis~panii~,430,wfo-1000088362,,species,,,,,https://www.ipni.org/n/77377137-1,"IPNI Record: 77377137-1","Carnets Bot. 265: 6 (2025)"
urn:lsid:ipni.org:names:77377138-1,"(K.Ougrinsk. ex E.G.Camus) Soca","Orchidaceae Orchis reinhardii K.Ougrinsk. ex E.G.Camus","(K.Ougrinsk. ex E.G.Camus)",649055-1,,,"265: 6",,,,,,,,,,,,"24/02/2026 16:34","24/02/2026 16:34",,,Orchidaceae,"Herorchis × reinhardii","Herorchis × reinhardii",Herorchis,,t,f,,,,,,,,,,,,,,,,,,,,,,,,,,,,,77093179-1,"Carnets Bot.",urn:lsid:ipni.org:publications:20027545-1,2025,"2025 [10 Aug 2025]","[10 Aug 2025]",Soca,spec.,"Carnets Bot. 265: 6. 2025 [10 Aug 2025] ",,doi:10.34971/ZN3V-2F16,,,9,reinhardii,,,f,t,,,,,,,Soca@37067-1@1@aut$K.Ougrinsk.@0-0@2@bas$E.G.Camus@12373-1@3@basEx,,,"comb. nov.",,1.1,f,herorchis~reinhardii,orchidaceaeherorchis~reinhardii~,431,wfo-1000088363,,species,,,,,https://www.ipni.org/n/77377138-1,"IPNI Record: 77377138-1","Carnets Bot. 265: 6 (2025)"
urn:lsid:ipni.org:names:77377139-1,"(Gadeceau) Soca","Orchidaceae Orchis × alatoides Gadeceau",(Gadeceau),648336-1,,,"265: 7",,,,,,,,,,,,"24/02/2026 16:41","24/02/2026 16:41",,,Orchidaceae,"Herorchis × alatoides","Herorchis × alatoides",Herorchis,,t,f,,,,,,,,,,,,,,,,,,,,,,,,,,,,,77093179-1,"Carnets Bot.",urn:lsid:ipni.org:publications:20027545-1,2025,"2025 [10 Aug 2025]","[10 Aug 2025]",Soca,spec.,"Carnets Bot. 265: 7. 2025 [10 Aug 2025] ",,doi:10.34971/ZN3V-2F16,,,11,alatoides,,,f,t,,,,,,,Soca@37067-1@1@aut$Gadeceau@20009620-1@2@bas,,,"comb. nov.",,1.1,f,herorchis~alatoides,orchidaceaeherorchis~alatoides~,432,wfo-1000088364,,species,,,,,https://www.ipni.org/n/77377139-1,"IPNI Record: 77377139-1","Carnets Bot. 265: 7 (2025)"
urn:lsid:ipni.org:names:77377140-1,"(Bréb.) Soca","Orchidaceae Orchis olida Bréb.",(Bréb.),648938-1,,,"265: 7",,,,,,,,,,,,"24/02/2026 16:42","24/02/2026 16:42",,,Orchidaceae,"Herorchis × olida","Herorchis × olida",Herorchis,,t,f,,,,,,,,,,,,,,,,,,,,,,,,,,,,,77093179-1,"Carnets Bot.",urn:lsid:ipni.org:publications:20027545-1,2025,"2025 [10 Aug 2025]","[10 Aug 2025]",Soca,spec.,"Carnets Bot. 265: 7. 2025 [10 Aug 2025] ",,doi:10.34971/ZN3V-2F16,,,11,olida,,,f,t,,,,,,,Bréb.@1099-1@2@bas$Soca@37067-1@1@aut,,,"comb. nov.",,1.1,f,herorchis~olida,orchidaceaeherorchis~olida~,433,wfo-1000088365,,species,,,,,https://www.ipni.org/n/77377140-1,"IPNI Record: 77377140-1","Carnets Bot. 265: 7 (2025)"
urn:lsid:ipni.org:names:77377141-1,"(Velen.) Soca","Orchidaceae Orchis × timbalii Velen.",(Velen.),649197-1,,,"265: 7",,,,,,,,,,,,"24/02/2026 16:44","24/02/2026 16:44",,,Orchidaceae,"Herorchis × timbalii","Herorchis × timbalii",Herorchis,,t,f,,,,,,,,,,,,,,,,,,,,,,,,,,,,,77093179-1,"Carnets Bot.",urn:lsid:ipni.org:publications:20027545-1,2025,"2025 [10 Aug 2025]","[10 Aug 2025]",Soca,spec.,"Carnets Bot. 265: 7. 2025 [10 Aug 2025] ",,doi:10.34971/ZN3V-2F16,,,11,timbalii,,,f,t,,,,,,,Soca@37067-1@1@aut$Velen.@28305-1@2@bas,,,"comb. nov.",,1.1,f,herorchis~timbalii,orchidaceaeherorchis~timbalii~,434,wfo-1000088366,,species,,,,,https://www.ipni.org/n/77377141-1,"IPNI Record: 77377141-1","Carnets Bot. 265: 7 (2025)"
urn:lsid:ipni.org:names:77377142-1,"(Chr.Bernard & G.Fabre) Soca","Orchidaceae Orchis × menosii Chr.Bernard & G.Fabre","(Chr.Bernard & G.Fabre)",932931-1,,,"265: 7",,,,,,,,,,,,"24/02/2026 16:45","24/02/2026 16:45",,,Orchidaceae,"Herorchis × menosii","Herorchis × menosii",Herorchis,,t,f,,,,,,,,,,,,,,,,,,,,,,,,,,,,,77093179-1,"Carnets Bot.",urn:lsid:ipni.org:publications:20027545-1,2025,"2025 [10 Aug 2025]","[10 Aug 2025]",Soca,spec.,"Carnets Bot. 265: 7. 2025 [10 Aug 2025] ",,doi:10.34971/ZN3V-2F16,,,11,menosii,,,f,t,,,,,,,G.Fabre@18620-1@3@bas$Soca@37067-1@1@aut$Chr.Bernard@20059809-1@2@bas,,,"comb. nov.",,1.1,f,herorchis~menosii,orchidaceaeherorchis~menosii~,435,wfo-1000088367,,species,,,,,https://www.ipni.org/n/77377142-1,"IPNI Record: 77377142-1","Carnets Bot. 265: 7 (2025)"
urn:lsid:ipni.org:names:77377143-1,"(Soó) Soca","Orchidaceae Orchis × ugrinskyana Soó",(Soó),649225-1,,,"265: 7",,,,,,,,,,,,"24/02/2026 16:47","24/02/2026 16:47",,,Orchidaceae,"Herorchis × ugrinskyana","Herorchis × ugrinskyana",Herorchis,,t,f,,,,,,,,,,,,,,,,,,,,,,,,,,,,,77093179-1,"Carnets Bot.",urn:lsid:ipni.org:publications:20027545-1,2025,"2025 [10 Aug 2025]","[10 Aug 2025]",Soca,spec.,"Carnets Bot. 265: 7. 2025 [10 Aug 2025] ",,doi:10.34971/ZN3V-2F16,,,11,ugrinskyana,,,f,t,,,,,,,Soó@9897-1@2@bas$Soca@37067-1@1@aut,,,"comb. nov.",,1.2,f,herorchis~ugrinskyana,orchidaceaeherorchis~ugrinskyana~,436,wfo-1000088368,,species,,,,,https://www.ipni.org/n/77377143-1,"IPNI Record: 77377143-1","Carnets Bot. 265: 7 (2025)"
urn:lsid:ipni.org:names:77377144-1,"(E.G.Camus) Soca","Orchidaceae Orchis × bicknellii E.G.Camus",(E.G.Camus),648393-1,,,"265: 7",,,,,,,,,,,,"24/02/2026 16:49","24/02/2026 16:49",,,Orchidaceae,"Herorchis × bicknellii","Herorchis × bicknellii",Herorchis,,t,f,,,,,,,,,,,,,,,,,,,,,,,,,,,,,77093179-1,"Carnets Bot.",urn:lsid:ipni.org:publications:20027545-1,2025,"2025 [10 Aug 2025]","[10 Aug 2025]",Soca,spec.,"Carnets Bot. 265: 7. 2025 [10 Aug 2025] ",,doi:10.34971/ZN3V-2F16,,,11,bicknellii,,,f,t,,,,,,,Soca@37067-1@1@aut$E.G.Camus@12373-1@2@bas,,,"comb. nov.",,1.1,f,herorchis~bicknellii,orchidaceaeherorchis~bicknellii~,437,wfo-1000088369,,species,,,,,https://www.ipni.org/n/77377144-1,"IPNI Record: 77377144-1","Carnets Bot. 265: 7 (2025)"
urn:lsid:ipni.org:names:77377145-1,"(Murr ex Dalla Torre & Sarnth.) Soca","Orchidaceae Orchis × darcissii Murr ex Dalla Torre & Sarnth.","(Murr ex Dalla Torre & Sarnth.)",77243640-1,,,"265: 7",,,,,,,,,,,,"24/02/2026 16:51","24/02/2026 16:51",,,Orchidaceae,"Herorchis × darcissii","Herorchis × darcissii",Herorchis,,t,f,,,,,,,,,,,,,,,,,,,,,,,,,,,,,77093179-1,"Carnets Bot.",urn:lsid:ipni.org:publications:20027545-1,2025,"2025 [10 Aug 2025]","[10 Aug 2025]",Soca,spec.,"Carnets Bot. 265: 7. 2025 [10 Aug 2025] ",,doi:10.34971/ZN3V-2F16,,,11,darcissii,,,f,t,,,,,,,"Murr@6802-1@2@bas$Dalla Torre@1964-1@3@basEx$Soca@37067-1@1@aut$Sarnth.@8922-1@4@basEx",,,"comb. nov.",,1.1,f,herorchis~darcissii,orchidaceaeherorchis~darcissii~,438,wfo-1000088370,,species,,,,,https://www.ipni.org/n/77377145-1,"IPNI Record: 77377145-1","Carnets Bot. 265: 7 (2025)"
urn:lsid:ipni.org:names:77377146-1,"(R.M.Bateman) Soca","Orchidaceae Anacamptis × albuferensis R.M.Bateman",(R.M.Bateman),60427340-2,,,"265: 7",,,,,,,,,,,,"24/02/2026 16:53","24/02/2026 16:53",,,Orchidaceae,"Herorchis × albuferensis","Herorchis × albuferensis",Herorchis,,t,f,,,,,,,,,,,,,,,,,,,,,,,,,,,,,77093179-1,"Carnets Bot.",urn:lsid:ipni.org:publications:20027545-1,2025,"2025 [10 Aug 2025]","[10 Aug 2025]",Soca,spec.,"Carnets Bot. 265: 7. 2025 [10 Aug 2025] ",,doi:10.34971/ZN3V-2F16,,,11,albuferensis,,,f,t,,,,,,,R.M.Bateman@14598-1@2@bas$Soca@37067-1@1@aut,,,"comb. nov.",,1.1,f,herorchis~albuferensis,orchidaceaeherorchis~albuferensis~,439,wfo-1000088371,,species,,,,,https://www.ipni.org/n/77377146-1,"IPNI Record: 77377146-1","Carnets Bot. 265: 7 (2025)"
urn:lsid:ipni.org:names:77377147-1,"(Biagioli, Licheri & Medau) Soca","Orchidaceae Anacamptis × menosii (Chr.Bernard & G.Fabre) H.Kretzschmar, Eccarius & H.Dietr. nothovar. basilii Biagioli, Licheri & Medau","(Biagioli, Licheri & Medau)",77363696-1,,,"265: 7",,,,,,,,,,,,"24/02/2026 16:56","24/02/2026 16:56",,,Orchidaceae,"Herorchis × basilii","Herorchis × basilii",Herorchis,,t,f,,,,,,,,,,,,,,,,,,,,,,,,,,,,,77093179-1,"Carnets Bot.",urn:lsid:ipni.org:publications:20027545-1,2025,"2025 [10 Aug 2025]","[10 Aug 2025]",Soca,spec.,"Carnets Bot. 265: 7. 2025 [10 Aug 2025] ",,doi:10.34971/ZN3V-2F16,,,11,basilii,,,f,t,,,,,,,Medau@20071436-1@4@bas$Soca@37067-1@1@aut$Licheri@20041202-1@3@bas$Biagioli@20028212-1@2@bas,,,"comb. et stat. nov.",,1.1,f,herorchis~basilii,orchidaceaeherorchis~basilii~,440,wfo-1000088372,,species,,,,,https://www.ipni.org/n/77377147-1,"IPNI Record: 77377147-1","Carnets Bot. 265: 7 (2025)"
urn:lsid:ipni.org:names:77377148-1,"(Pers.) Melnikov","Lamiaceae Acinos villosus Pers.",(Pers.),444245-1,,,"2(1): 461",,,,,,,,,,,,"24/02/2026 16:58","24/02/2026 16:58",,,Lamiaceae,"Ziziphora acinos var. villosa","Ziziphora acinos var. villosa",Ziziphora,,f,f,,,,,villosa,,,,,,,,,,,,,,,,,,,,,,,,77165262-1,"Konspekt Fl. Vost. Evr.",urn:lsid:ipni.org:publications:20017381-1,2025,"2025 [30 Nov 2025]","[30 Nov 2025]",Melnikov,var.,"Konspekt Fl. Vost. Evr. 2(1): 461. 2025 [30 Nov 2025] ",,,,,11,acinos,"(L.) Melnikov",,f,t,,,,,,,Pers.@24750-1@2@bas$Melnikov@20025671-1@1@aut,L.@12653-1@2@bas$Melnikov@20025671-1@1@aut,,"comb. et stat. nov.",,1.1,f,ziziphora~acinosvillosa,lamiaceaeziziphora~acinosvillosa,441,wfo-1200117056,,variety,,,,,https://www.ipni.org/n/77377148-1,"IPNI Record: 77377148-1","Konspekt Fl. Vost. Evr. 2(1): 461 (2025)"
urn:lsid:ipni.org:names:77377149-1,"(Klokov) Melnikov","Lamiaceae Acinos schizodontus Klokov",(Klokov),444238-1,,,"2(1): 461",,,,,,,,,,,,"24/02/2026 16:59","24/02/2026 16:59",,,Lamiaceae,"Ziziphora rotundifolia f. schizodonta","Ziziphora rotundifolia f. schizodonta",Ziziphora,,f,f,,,,,schizodonta,,,,,,,,,,,,,,,,,,,,,,,,77165287-1,"Konspekt Fl. Vost. Evr.",urn:lsid:ipni.org:publications:20017381-1,2025,"2025 [30 Nov 2025]","[30 Nov 2025]",Melnikov,f.,"Konspekt Fl. Vost. Evr. 2(1): 461. 2025 [30 Nov 2025] ",,,,,11,rotundifolia,"(Pers.) Melnikov",,f,t,,,,,,,Klokov@4852-1@2@bas$Melnikov@20025671-1@1@aut,Pers.@24750-1@2@bas$Melnikov@20025671-1@1@aut,,"comb. et stat. nov.",,1.1,f,ziziphora~rotundifoliaschizodonta,lamiaceaeziziphora~rotundifoliaschizodonta,442,wfo-1200117057,,form,,,,,https://www.ipni.org/n/77377149-1,"IPNI Record: 77377149-1","Konspekt Fl. Vost. Evr. 2(1): 461 (2025)"
urn:lsid:ipni.org:names:77377150-1,"(B.Baumann & H.Baumann) Soca","Orchidaceae Orchis gennarii Rchb.f. nothosubsp. meknesiana B.Baumann & H.Baumann","(B.Baumann & H.Baumann)",77078912-1,,,"265: 7",,,,,,,,,,,,"24/02/2026 16:59","24/02/2026 16:59",,,Orchidaceae,"Herorchis × meknesiana","Herorchis × meknesiana",Herorchis,,t,f,,,,,,,,,,,,,,,,,,,,,,,,,,,,,77093179-1,"Carnets Bot.",urn:lsid:ipni.org:publications:20027545-1,2025,"2025 [10 Aug 2025]","[10 Aug 2025]",Soca,spec.,"Carnets Bot. 265: 7. 2025 [10 Aug 2025] ",,doi:10.34971/ZN3V-2F16,,,11,meknesiana,,,f,t,,,,,,,H.Baumann@14601-1@3@bas$B.Baumann@15810-1@2@bas$Soca@37067-1@1@aut,,,"comb. et stat. nov.",,1.1,f,herorchis~meknesiana,orchidaceaeherorchis~meknesiana~,443,wfo-1000088373,,species,,,,,https://www.ipni.org/n/77377150-1,"IPNI Record: 77377150-1","Carnets Bot. 265: 7 (2025)"
urn:lsid:ipni.org:names:77377151-1,"(Shost.-Desj.) Melnikov","Lamiaceae Acinos fominii Shost.-Desj.",(Shost.-Desj.),444216-1,,,"2(1): 461",,,,,,,,,,,,"24/02/2026 17:01","24/02/2026 17:01",,,Lamiaceae,"Ziziphora rotundifolia var. fominii","Ziziphora rotundifolia var. fominii",Ziziphora,,f,f,,,,,fominii,,,,,,,,,,,,,,,,,,,,,,,,77165287-1,"Konspekt Fl. Vost. Evr.",urn:lsid:ipni.org:publications:20017381-1,2025,"2025 [30 Nov 2025]","[30 Nov 2025]",Melnikov,var.,"Konspekt Fl. Vost. Evr. 2(1): 461. 2025 [30 Nov 2025] ",,,,,11,rotundifolia,"(Pers.) Melnikov",,f,t,,,,,,,Shost.-Desj.@20076274-1@2@bas$Melnikov@20025671-1@1@aut,Melnikov@20025671-1@1@aut$Pers.@24750-1@2@bas,,"comb. et stat. nov.",,1.1,f,ziziphora~rotundifoliafominii,lamiaceaeziziphora~rotundifoliafominii,444,wfo-1200117058,,variety,,,,,https://www.ipni.org/n/77377151-1,"IPNI Record: 77377151-1","Konspekt Fl. Vost. Evr. 2(1): 461 (2025)"
urn:lsid:ipni.org:names:77377152-1,"(Scrugli & M.P.Grasso) Soca","Orchidaceae Orchis × sarcidani Scrugli & M.P.Grasso","(Scrugli & M.P.Grasso)",931026-1,,,"265: 7",,,,,,,,,,,,"24/02/2026 17:03","27/02/2026 10:03",,,Orchidaceae,"Herorchis × sarcidani","Herorchis × sarcidani",Herorchis,,t,f,,,,,,,,,,,,,,,,,,,,,,,,,,,,,77093179-1,"Carnets Bot.",urn:lsid:ipni.org:publications:20027545-1,2025,"2025 [10 Aug 2025]","[10 Aug 2025]",Soca,spec.,"Carnets Bot. 265: 7. 2025 [10 Aug 2025] ",,doi:10.34971/ZN3V-2F16,,,11,sarcidani,,,f,t,,,,,,,Scrugli@26459-1@2@bas$M.P.Grasso@19566-1@3@bas$Soca@37067-1@1@aut,,,"comb. nov.",,1.3,f,herorchis~sarcidani,orchidaceaeherorchis~sarcidani~,445,wfo-1000088374,,species,,,,,https://www.ipni.org/n/77377152-1,"IPNI Record: 77377152-1","Carnets Bot. 265: 7 (2025)"
urn:lsid:ipni.org:names:77377153-1,"(Klokov) Melnikov","Lamiaceae Acinos subcrispus Klokov",(Klokov),444241-1,,,"2(1): 461",,,,,,,,,,,,"24/02/2026 17:03","24/02/2026 17:03",,,Lamiaceae,"Ziziphora subcrispa","Ziziphora subcrispa",Ziziphora,,f,f,,,,,,60475053-2,,,,,,,,,isonym,,isonym,,,,,,,,,,,,21306-1,"Konspekt Fl. Vost. Evr.",urn:lsid:ipni.org:publications:20017381-1,2025,"2025 [30 Nov 2025]","[30 Nov 2025]",Melnikov,spec.,"Konspekt Fl. Vost. Evr. 2(1): 461. 2025 [30 Nov 2025] ",,,,,13,subcrispa,,,f,t,,,,,,,Klokov@4852-1@2@bas$Melnikov@20025671-1@1@aut,,,"comb. nov.",,1.1,f,ziziphora~subcrispa,lamiaceaeziziphora~subcrispa~,446,wfo-0001330839,,species,,,,,https://www.ipni.org/n/77377153-1,"IPNI Record: 77377153-1","Konspekt Fl. Vost. Evr. 2(1): 461 (2025)"
urn:lsid:ipni.org:names:77377154-1,"(Klokov) Melnikov","Lamiaceae Acinos infectus Klokov",(Klokov),444224-1,,,"2(1): 462",,,,,,,,,,,,"24/02/2026 17:05","24/02/2026 17:07",,,Lamiaceae,"Ziziphora subcrispa f. infecta","Ziziphora subcrispa f. infecta",Ziziphora,,f,f,,,,,infecta,,,,,,,,,,,,,,,,,,,,,,,,60475053-2,"Konspekt Fl. Vost. Evr.",urn:lsid:ipni.org:publications:20017381-1,2025,"2025 [30 Nov 2025]","[30 Nov 2025]",Melnikov,f.,"Konspekt Fl. Vost. Evr. 2(1): 462. 2025 [30 Nov 2025] ",,,,,11,subcrispa,"(Klokov) Melnikov",,f,t,,,,,,,Melnikov@20025671-1@1@aut$Klokov@4852-1@2@bas,Klokov@4852-1@2@bas$Melnikov@20025671-1@1@aut,,"comb. et stat. nov.",,1.2,f,ziziphora~subcrispainfecta,lamiaceaeziziphora~subcrispainfecta,447,wfo-1200117059,,form,,,,,https://www.ipni.org/n/77377154-1,"IPNI Record: 77377154-1","Konspekt Fl. Vost. Evr. 2(1): 462 (2025)"
urn:lsid:ipni.org:names:77377155-1,"(Fleury) Soca","Orchidaceae Orchis alata Fleury",(Fleury),648335-1,,,"265: 7",,,,,,,,,,,,"24/02/2026 17:06","24/02/2026 17:06",,,Orchidaceae,"Herorchis × alata","Herorchis × alata",Herorchis,,t,f,,,,,,,,,,,,,,,,,,,,,,,,,,,,,77093179-1,"Carnets Bot.",urn:lsid:ipni.org:publications:20027545-1,2025,"2025 [10 Aug 2025]","[10 Aug 2025]",Soca,spec.,"Carnets Bot. 265: 7. 2025 [10 Aug 2025] ",,doi:10.34971/ZN3V-2F16,,,11,alata,,,f,t,,,,,,,Fleury@14688-1@2@bas$Soca@37067-1@1@aut,,,"comb. nov.",,1.1,f,herorchis~alata,orchidaceaeherorchis~alata~,448,wfo-1000088375,,species,,,,,https://www.ipni.org/n/77377155-1,"IPNI Record: 77377155-1","Carnets Bot. 265: 7 (2025)"
urn:lsid:ipni.org:names:77377156-1,"(Rouy) Soca","Orchidaceae Orchis lloydiana Rouy",(Rouy),648816-1,,,"265: 7",,,,,,,,,,,,"24/02/2026 17:07","24/02/2026 17:07",,,Orchidaceae,"Herorchis × lloydiana","Herorchis × lloydiana",Herorchis,,t,f,,,,,,,,,,,,,,,,,,,,,,,,,,,,,77093179-1,"Carnets Bot.",urn:lsid:ipni.org:publications:20027545-1,2025,"2025 [10 Aug 2025]","[10 Aug 2025]",Soca,spec.,"Carnets Bot. 265: 7. 2025 [10 Aug 2025] ",,doi:10.34971/ZN3V-2F16,,,11,lloydiana,,,f,t,,,,,,,Rouy@8674-1@2@bas$Soca@37067-1@1@aut,,,"comb. nov.",,1.1,f,herorchis~lloydiana,orchidaceaeherorchis~lloydiana~,449,wfo-1000088376,,species,,,,,https://www.ipni.org/n/77377156-1,"IPNI Record: 77377156-1","Carnets Bot. 265: 7 (2025)"
urn:lsid:ipni.org:names:77377157-1,"(Verg.) Soca","Orchidaceae Orchis caccabaria Verg.",(Verg.),648437-1,,,"265: 8",,,,,,,,,,,,"24/02/2026 17:14","24/02/2026 17:14",,,Orchidaceae,"Herorchis × caccabaria","Herorchis × caccabaria",Herorchis,,t,f,,,,,,,,,,,,,,,,,,,,,,,,,,,,,77093179-1,"Carnets Bot.",urn:lsid:ipni.org:publications:20027545-1,2025,"2025 [10 Aug 2025]","[10 Aug 2025]",Soca,spec.,"Carnets Bot. 265: 8. 2025 [10 Aug 2025] ",,doi:10.34971/ZN3V-2F16,,,11,caccabaria,,,f,t,,,,,,,Verg.@11136-1@2@bas$Soca@37067-1@1@aut,,,"comb. nov.",,1.1,f,herorchis~caccabaria,orchidaceaeherorchis~caccabaria~,450,wfo-1000088377,,species,,,,,https://www.ipni.org/n/77377157-1,"IPNI Record: 77377157-1","Carnets Bot. 265: 8 (2025)"
urn:lsid:ipni.org:names:77377158-1,"(Asch.) Soca","Orchidaceae Orchis × bornemannii Asch.",(Asch.),648410-1,,,"265: 8",,,,,,,,,,,,"24/02/2026 17:15","24/02/2026 17:16",,,Orchidaceae,"Herorchis × bornemannii","Herorchis × bornemannii",Herorchis,,t,f,,,,,,,,,,,,,,,,,,,,,,,,,,,,,77093179-1,"Carnets Bot.",urn:lsid:ipni.org:publications:20027545-1,2025,"2025 [10 Aug 2025]","[10 Aug 2025]",Soca,spec.,"Carnets Bot. 265: 8. 2025 [10 Aug 2025] ",,doi:10.34971/ZN3V-2F16,,,11,bornemannii,,,f,t,,,,,,,Soca@37067-1@1@aut$Asch.@307-1@2@bas,,,"comb. nov.",,1.2,f,herorchis~bornemannii,orchidaceaeherorchis~bornemannii~,451,wfo-1000088378,,species,,,,,https://www.ipni.org/n/77377158-1,"IPNI Record: 77377158-1","Carnets Bot. 265: 8 (2025)"
urn:lsid:ipni.org:names:77377159-1,"(Ruppert & Lebrun) Soca","Orchidaceae Orchis × litardierei Ruppert & Lebrun","(Ruppert & Lebrun)",648815-1,,,"265: 8",,,,,,,,,,,,"24/02/2026 17:17","24/02/2026 17:17",,,Orchidaceae,"Herorchis × litardierei","Herorchis × litardierei",Herorchis,,t,f,,,,,,,,,,,,,,,,,,,,,,,,,,,,,77093179-1,"Carnets Bot.",urn:lsid:ipni.org:publications:20027545-1,2025,"2025 [10 Aug 2025]","[10 Aug 2025]",Soca,spec.,"Carnets Bot. 265: 8. 2025 [10 Aug 2025] ",,doi:10.34971/ZN3V-2F16,,,11,litardierei,,,f,t,,,,,,,Soca@37067-1@1@aut$Lebrun@5380-1@3@bas$Ruppert@8745-1@2@bas,,,"comb. nov.",,1.1,f,herorchis~litardierei,orchidaceaeherorchis~litardierei~,452,wfo-1000088379,,species,,,,,https://www.ipni.org/n/77377159-1,"IPNI Record: 77377159-1","Carnets Bot. 265: 8 (2025)"
urn:lsid:ipni.org:names:77377160-1,"(Chenevard) Soca","Orchidaceae Orchis genevensis Chenevard",(Chenevard),648656-1,,,"265: 8",,,,,,,,,,,,"24/02/2026 17:19","24/02/2026 17:19",,,Orchidaceae,"Herorchis × genevensis","Herorchis × genevensis",Herorchis,,t,f,,,,,,,,,,,,,,,,,,,,,,,,,,,,,77093179-1,"Carnets Bot.",urn:lsid:ipni.org:publications:20027545-1,2025,"2025 [10 Aug 2025]","[10 Aug 2025]",Soca,spec.,"Carnets Bot. 265: 8. 2025 [10 Aug 2025] ",,doi:10.34971/ZN3V-2F16,,,11,genevensis,,,f,t,,,,,,,Soca@37067-1@1@aut$Chenevard@1573-1@2@bas,,,"comb. nov.",,1.1,f,herorchis~genevensis,orchidaceaeherorchis~genevensis~,453,wfo-1000088380,,species,,,,,https://www.ipni.org/n/77377160-1,"IPNI Record: 77377160-1","Carnets Bot. 265: 8 (2025)"
urn:lsid:ipni.org:names:77377161-1,"(Rchb.f.) Soca","Orchidaceae Orchis gennarii Rchb.f.",(Rchb.f.),648659-1,,,"265: 8",,,,,,,,,,,,"24/02/2026 17:20","24/02/2026 17:20",,,Orchidaceae,"Herorchis × gennarii","Herorchis × gennarii",Herorchis,,t,f,,,,,,,,,,,,,,,,,,,,,,,,,,,,,77093179-1,"Carnets Bot.",urn:lsid:ipni.org:publications:20027545-1,2025,"2025 [10 Aug 2025]","[10 Aug 2025]",Soca,spec.,"Carnets Bot. 265: 8. 2025 [10 Aug 2025] ",,doi:10.34971/ZN3V-2F16,,,11,gennarii,,,f,t,,,,,,,Rchb.f.@8254-1@2@bas$Soca@37067-1@1@aut,,,"comb. nov.",,1.1,f,herorchis~gennarii,orchidaceaeherorchis~gennarii~,454,wfo-1000088381,,species,,,,,https://www.ipni.org/n/77377161-1,"IPNI Record: 77377161-1","Carnets Bot. 265: 8 (2025)"
urn:lsid:ipni.org:names:77377162-1,"(Verg.) Soca","Orchidaceae Orchis yvesii Verg.",(Verg.),649272-1,,,"265: 8",,,,,,,,,,,,"24/02/2026 17:21","24/02/2026 17:21",,,Orchidaceae,"Herorchis × yvesii","Herorchis × yvesii",Herorchis,,t,f,,,,,,,,,,,,,,,,,,,,,,,,,,,,,77093179-1,"Carnets Bot.",urn:lsid:ipni.org:publications:20027545-1,2025,"2025 [10 Aug 2025]","[10 Aug 2025]",Soca,spec.,"Carnets Bot. 265: 8. 2025 [10 Aug 2025] ",,doi:10.34971/ZN3V-2F16,,,11,yvesii,,,f,t,,,,,,,Verg.@11136-1@2@bas$Soca@37067-1@1@aut,,,"comb. nov.",,1.1,f,herorchis~yvesii,orchidaceaeherorchis~yvesii~,455,wfo-1000088382,,species,,,,,https://www.ipni.org/n/77377162-1,"IPNI Record: 77377162-1","Carnets Bot. 265: 8 (2025)"
urn:lsid:ipni.org:names:77377163-1,"(Kreutz & Scraton) Soca","Orchidaceae Orchis × choirokitiana Kreutz & Scraton","(Kreutz & Scraton)",20009981-1,,,"265: 8",,,,,,,,,,,,"24/02/2026 17:22","24/02/2026 17:22",,,Orchidaceae,"Herorchis choirokitiana","Herorchis choirokitiana",Herorchis,,f,f,,,,,,,,,,,,,,,,,,,,,,,,,,,,,77093179-1,"Carnets Bot.",urn:lsid:ipni.org:publications:20027545-1,2025,"2025 [10 Aug 2025]","[10 Aug 2025]",Soca,spec.,"Carnets Bot. 265: 8. 2025 [10 Aug 2025] ",,doi:10.34971/ZN3V-2F16,,,11,choirokitiana,,,f,t,,,,,,,Kreutz@14781-1@2@bas$Soca@37067-1@1@aut$Scraton@40328-1@3@bas,,,"comb. nov.",,1.1,f,herorchis~choirokitiana,orchidaceaeherorchis~choirokitiana~,456,wfo-1000088383,,species,,,,,https://www.ipni.org/n/77377163-1,"IPNI Record: 77377163-1","Carnets Bot. 265: 8 (2025)"
urn:lsid:ipni.org:names:77377164-1,A.Rojas,,,,,,"35(98): 6",,20,,11,,1496,1972,,"W.Hageman and Leist",,,"24/02/2026 17:26","24/02/2026 17:26","Colombia (Western South America, Southern America)",,Grammitidaceae,"Grammitis angustissima","Grammitis angustissima",Grammitis,,f,f,,,,,,,,,,,"Putumayo: 50 km w de El Pepino, 2050 m",,,,,,,,,,,,,,,,,,30004136-2,"Actual. Biol.",urn:lsid:ipni.org:publications:1653-2,2013,2013,,A.Rojas,spec.,"Actual. Biol. 35(98): 6. 2013 ",,"doi:10.17533/udea.acbi.329199 Etymology: the specific epithet refers to the narrow leaf blade.",,,11,angustissima,,,f,t,,"holotype COL",,,,,A.Rojas@38098-1@1@aut,,,"tax. nov.",,1.1,f,grammitis~angustissima,grammitidaceaegrammitis~angustissima~,457,wfo-1000088384,,species,,,,,https://www.ipni.org/n/77377164-1,"IPNI Record: 77377164-1","Actual. Biol. 35(98): 6 (2013)"
urn:lsid:ipni.org:names:77377165-1,A.Rojas,,,,,,"35(98): 8",,27,,9,,"58 837",1944,,J.Steyermark,,,"24/02/2026 17:31","24/02/2026 17:31","Venezuela (Northern South America, Southern America)",,Grammitidaceae,"Grammitis roraimensis","Grammitis roraimensis",Grammitis,,f,f,,,,,,,,,,,"Bolivar: summit of mount Roraima, on NW portion, N and NW of Summit camp, ca. 2620 m",,,,,,,,,,,,,,,,,,30004136-2,"Actual. Biol.",urn:lsid:ipni.org:publications:1653-2,2013,2013,,A.Rojas,spec.,"Actual. Biol. 35(98): 8. 2013 ",,"doi:10.17533/udea.acbi.329199 Etymology: 'The specific epithet refers to its geographic distribution.'",,,11,roraimensis,,,f,t,,"holotype US",,,,,A.Rojas@38098-1@1@aut,,,"tax. nov.",,1.1,f,grammitis~roraimensis,grammitidaceaegrammitis~roraimensis~,458,wfo-1000088385,,species,,,,,https://www.ipni.org/n/77377165-1,"IPNI Record: 77377165-1","Actual. Biol. 35(98): 8 (2013)"
urn:lsid:ipni.org:names:77377166-1,A.Rojas,,,,,,"35(98): 8",,12,,2,,"10 943",1945,,M.Grant,,,"24/02/2026 17:40","24/02/2026 17:40","Colombia (Western South America, Southern America)",,Grammitidaceae,"Grammitis spathulata","Grammitis spathulata",Grammitis,,f,f,,,,,,,,,,,"Magdalena: Sierra de Perijá, Casacará Valley, 23 km E of Codazzi, 2 km from the Venezuelan border, 2550 m",,,,,,,,,,,,,,,,,,30004136-2,"Actual. Biol.",urn:lsid:ipni.org:publications:1653-2,2013,2013,,A.Rojas,spec.,"Actual. Biol. 35(98): 8. 2013 ",,"doi:10.17533/udea.acbi.329199 Etymology: 'The specific epithet refers to the spathulate blade.'",,,11,spathulata,,,f,t,,"holotype COL;isotype US",,,,,A.Rojas@38098-1@1@aut,,,"tax. nov.",,1.1,f,grammitis~spathulata,grammitidaceaegrammitis~spathulata~,459,wfo-1000088494,,species,,,,,https://www.ipni.org/n/77377166-1,"IPNI Record: 77377166-1","Actual. Biol. 35(98): 8 (2013)"
urn:lsid:ipni.org:names:77377167-1,A.Rojas,,,,,,"35(98): 9",,20,,12,,1759,1972,,"W.Hagemann and Leist",,,"24/02/2026 17:43","24/02/2026 17:43","Colombia (Western South America, Southern America)",,Grammitidaceae,"Grammitis undulata","Grammitis undulata",Grammitis,,f,f,,,,,,,,,,,"Nariño-Junin: 5 km en dirección de barbacoas, 1000 m",,,,,,,,,,,,,,,,,,30004136-2,"Actual. Biol.",urn:lsid:ipni.org:publications:1653-2,2013,2013,,A.Rojas,spec.,"Actual. Biol. 35(98): 9. 2013 ",,"doi:10.17533/udea.acbi.329199 Etymology: 'The specific epithet refers to the undulate blade.'",,,11,undulata,,,f,t,,"holotype COL",,,,,A.Rojas@38098-1@1@aut,,,"tax. nov.",,1.1,f,grammitis~undulata,grammitidaceaegrammitis~undulata~,460,wfo-1000088386,,species,,,,,https://www.ipni.org/n/77377167-1,"IPNI Record: 77377167-1","Actual. Biol. 35(98): 9 (2013)"
urn:lsid:ipni.org:names:77377168-1,A.Rojas,,,,,,"35(98): 9",,6,,1,,8946,2010,,"A.Rojas &amp; J.Chaves",,,"24/02/2026 17:55","24/02/2026 17:55","Costa Rica (Central America, Southern America)",W,Polypodiaceae,"Stenogrammitis grammitoides","Stenogrammitis grammitoides",Stenogrammitis,,f,f,,,,,,,,5,32,5,"Puntarenas, Parque Nacional Isla del Coco, orillas del Río Genio, Los Llanos, en el sendero a Cerro Iglesias, ca. 240 m",87,3,40,,,,,,N,,,,,,,,,77115327-1,"Actual. Biol.",urn:lsid:ipni.org:publications:1653-2,2013,2013,,A.Rojas,spec.,"Actual. Biol. 35(98): 9. 2013 ",,"doi:10.17533/udea.acbi.329199 Etymology: 'The specific epithet makes reference to its simple blade with oblique sori and sometimes a dark marginal blade ribbon same as in the genus Grammitis.'",,,11,grammitoides,,,f,t,,"holotype CR;isotype MO;isotype USJ",,,,,A.Rojas@38098-1@1@aut,,,"tax. nov.",,1.1,f,stenogrammitis~grammitoides,polypodiaceaestenogrammitis~grammitoides~,461,wfo-1000088387,,species,,,,,https://www.ipni.org/n/77377168-1,"IPNI Record: 77377168-1","Actual. Biol. 35(98): 9 (2013)"
urn:lsid:ipni.org:names:77377169-1,"(Du Moulin) Prantl","Violaceae Viola decliva Du Moulin","(Du Moulin)",77334717-1,,,247,,,,,,,,,,,,"25/02/2026 00:14","26/02/2026 06:22",,,Violaceae,"Viola collina var. decliva","Viola collina var. decliva",Viola,,f,f,,,,,decliva,,,,,,,,,,,,,,,,,,,,,,,null:,867910-1,"Exkurs.-Fl. Bayern",urn:lsid:ipni.org:publications:12769-2,1884,1884,,Prantl,var.,"Exkurs.-Fl. Bayern 247. 1884 , as 'declivis'",", as 'declivis'",,,,11,collina,Besser,,f,t,,,,,,,"Du Moulin@20069944-1@2@bas$Prantl@25054-1@1@aut",Besser@0-0@1@aut,,"comb. et stat. nov.",,1.3,f,viola~collinadecliva,violaceaeviola~collinadecliva,462,wfo-1200117060,,variety,,,,,https://www.ipni.org/n/77377169-1,"IPNI Record: 77377169-1","Exkurs.-Fl. Bayern 247 (1884)"
urn:lsid:ipni.org:names:77377170-1,Ledeb.,,,,,,"1(2): 306",,,,,,,,,,,,"25/02/2026 02:55","26/02/2026 06:30",,,Caryophyllaceae,"Silene pauciflora","Silene pauciflora",Silene,,f,f,,,,,,,,,,,,,,,,,,,,,,,,,,,,,331962-2,"Fl. Ross. (Ledeb.)",urn:lsid:ipni.org:publications:947-2,1842,1842,,Ledeb.,spec.,"Fl. Ross. (Ledeb.) 1(2): 306. 1842 ",,,,,8,pauciflora,,,f,t,,,,,,,Ledeb.@5393-1@1@aut,,,"tax. nov.",,1.3,f,silene~pauciflora,caryophyllaceaesilene~pauciflora~,463,wfo-1000088495,,species,,,,,https://www.ipni.org/n/77377170-1,"IPNI Record: 77377170-1","Fl. Ross. (Ledeb.) 1(2): 306 (1842)"
urn:lsid:ipni.org:names:77377171-1,Botsch.,,,,,,131,,8,,4,,4322,1912,,N.Androssow,,,"25/02/2026 07:38","26/02/2026 06:10",,,Brassicaceae,"Spryginia winkleri subsp. araneosa","Spryginia winkleri subsp. araneosa",Spryginia,,f,f,,,,,araneosa,,,,,,"Kopet-Dagh, declivia argillosa prope st. Baba-Durmaz",,,,,,,,,,,,,,,,,,289990-1,"Novosti Sist. Vyssh. Rast.",urn:lsid:ipni.org:publications:1027-2,1966,1966,,Botsch.,subsp.,"Novosti Sist. Vyssh. Rast. 131. 1966 ",,"Name added via registration. Protologue not seen by the IPNI editors. If you have access to the protologue please email a copy to us via the 'contact us' link at the top of the page.",,,10,winkleri,"(Regel) Popov",,f,t,,"holotype LE",,,,,Botsch.@1010-1@1@aut,Regel@0-0@2@bas$Popov@0-0@1@aut,,"tax. nov.",,1.3,f,spryginia~winkleriaraneosa,brassicaceaespryginia~winkleriaraneosa,464,wfo-0001218049,,subspecies,,,,,https://www.ipni.org/n/77377171-1,"IPNI Record: 77377171-1","Novosti Sist. Vyssh. Rast. 131 (1966)"
urn:lsid:ipni.org:names:77377172-1,Botsch.,,,,,,131,,19,,5,,162,1960,,"V.Botschantzev, T.Egorova",,,"25/02/2026 07:44","26/02/2026 06:12","Tadzhikistan (Middle Asia, Asia-Temperate)",,Brassicaceae,"Spryginia winkleri subsp. crassifolia","Spryginia winkleri subsp. crassifolia",Spryginia,,f,f,,,,,crassifolia,,,,,,"Montes Kojkitau, pag. Choschady",,,,,,,,,,,,,,,,,,289990-1,"Novosti Sist. Vyssh. Rast.",urn:lsid:ipni.org:publications:1027-2,1966,1966,,Botsch.,subsp.,"Novosti Sist. Vyssh. Rast. 131. 1966 ",,"Name added via registration. Protologue not seen by the IPNI editors. If you have access to the protologue please email a copy to us via the 'contact us' link at the top of the page.",,,11,winkleri,"(Regel) Popov",,f,t,,"holotype LE",,,,,Botsch.@1010-1@1@aut,Popov@0-0@1@aut$Regel@0-0@2@bas,,"tax. nov.",,1.3,f,spryginia~winklericrassifolia,brassicaceaespryginia~winklericrassifolia,465,wfo-0001218050,,subspecies,,,,,https://www.ipni.org/n/77377172-1,"IPNI Record: 77377172-1","Novosti Sist. Vyssh. Rast. 131 (1966)"
urn:lsid:ipni.org:names:77377173-1,Botsch.,,,,,,133,,,,,,,,,,,,"25/02/2026 07:50","26/02/2026 06:10",,,Brassicaceae,"Spryginia sect. Platycarpae","Spryginia sect. Platycarpae",Spryginia,,f,f,,,,platycarpae,,,,,,,,,,,,,,,,,,,,,,,,,13063-1,"Novosti Sist. Vyssh. Rast.",urn:lsid:ipni.org:publications:1027-2,1966,1966,,Botsch.,sect.,"Novosti Sist. Vyssh. Rast. 133. 1966 ",,"Name added via registration. Protologue not seen by the IPNI editors. If you have access to the protologue please email a copy to us via the 'contact us' link at the top of the page.",,,8,,,,f,t,,,"Spryginia falcata Botsch., Novosti Sist. Vyssh. Rast. 133 (1966).",,,,Botsch.@1010-1@1@aut,,,"tax. nov.",,1.3,f,spryginiaplatycarpae,brassicaceaespryginiaplatycarpae~~,466,wfo-1000088388,,section,,,,,https://www.ipni.org/n/77377173-1,"IPNI Record: 77377173-1","Novosti Sist. Vyssh. Rast. 133 (1966)"
urn:lsid:ipni.org:names:77377174-1,Jim.Mejías,,,,,,"271: 118",,,,,,,,,,,,"25/02/2026 07:50","26/02/2026 14:30",,,Cyperaceae,"Carex paramorum","Carex paramorum",Carex,,f,f,,,,,,,,,,,,,,,,,,,,,,,,,,,,null:,330029-2,PhytoKeys,urn:lsid:ipni.org:publications:20011997-1,2026,"2026 [26 Feb 2026]","[26 Feb 2026]",Jim.Mejías,spec.,"PhytoKeys 271: 118. 2026 [26 Feb 2026] ",,"doi:10.3897/phytokeys.271.178418 Etymology: name refers to the páramos where this species inhabits, meaning 'of the páramo'.",302733-1,,9,paramorum,,,f,t,,,,,,,Jim.Mejías@20015694-1@1@aut,,,"nom. nov.",,1.3,f,carex~paramorum,cyperaceaecarex~paramorum~,467,wfo-1000088389,,species,,,,,https://www.ipni.org/n/77377174-1,"IPNI Record: 77377174-1","PhytoKeys 271: 118 (2026)"
urn:lsid:ipni.org:names:77377175-1,"Silva-Sierra & Callejas",,,,,,"39(107): 34",,2,,12,,2980,1986,,"R.Callejas, F.J.Roldán, J.Betancur and O.Escobar",,,"25/02/2026 10:05","02/03/2026 10:44","Colombia (Western South America, Southern America)",W,Piperaceae,"Manekia betancurii","Manekia betancurii",Manekia,,f,f,,,,,,,,6,30,,"Antioquia, mun. Frontino, Las Orquídeas Natural National Park, road from Finca Guadulala to Alto de Carauta, ca. 1020 m",76,30,,,,,,,N,,,,,,,,,32029-1,"Actual. Biol.",urn:lsid:ipni.org:publications:1653-2,2017,"2017 [12 Dec 2017]","[12 Dec 2017]","Silva-Sierra & Callejas",spec.,"Actual. Biol. 39(107): 34. 2017 [12 Dec 2017] ",,"doi:10.17533/udea.acbi.v39n107a04 Etymology: the specific epithet honours Colombian taxonomist Julio Cesar Betancur.",,,11,betancurii,,,f,t,,"holotype HUA;isotype COL",,,,,Callejas@35437-1@2@aut$Silva-Sierra@20096306-1@1@aut,,,"tax. nov.",,1.2,f,manekia~betancurii,piperaceaemanekia~betancurii~,468,wfo-1000088390,,species,,,,,https://www.ipni.org/n/77377175-1,"IPNI Record: 77377175-1","Actual. Biol. 39(107): 34 (2017)"
urn:lsid:ipni.org:names:77377176-1,"(Gsell) Soca","Orchidaceae × Anacamptorchis ticinensis Gsell",(Gsell),50921231-1,,,"265: 8",,,,,,,,,,,,"25/02/2026 10:14","25/02/2026 10:14",,,Orchidaceae,"× Anacampterorchis ticinensis","× Anacampterorchis ticinensis",Anacampterorchis,,f,t,,,,,,,,,,,,,,,,,,,,,,,,,,,,,77103160-1,"Carnets Bot.",urn:lsid:ipni.org:publications:20027545-1,2025,"2025 [10 Aug 2025]","[10 Aug 2025]",Soca,spec.,"Carnets Bot. 265: 8. 2025 [10 Aug 2025] ",,doi:10.34971/ZN3V-2F16,,,11,ticinensis,,,f,t,,,,,,,Soca@37067-1@1@aut$Gsell@3439-1@2@bas,,,"comb. nov.",,1.1,f,anacampterorchis~ticinensis,orchidaceaeanacampterorchis~ticinensis~,469,wfo-1000088391,,species,,,,,https://www.ipni.org/n/77377176-1,"IPNI Record: 77377176-1","Carnets Bot. 265: 8 (2025)"
urn:lsid:ipni.org:names:77377177-1,"(E.G.Camus) Soca","Orchidaceae × Anacamptorchis simorrensis E.G.Camus",(E.G.Camus),615764-1,,,"265: 8",,,,,,,,,,,,"25/02/2026 10:15","25/02/2026 10:15",,,Orchidaceae,"× Anacampterorchis simorrensis","× Anacampterorchis simorrensis",Anacampterorchis,,f,t,,,,,,,,,,,,,,,,,,,,,,,,,,,,,77103160-1,"Carnets Bot.",urn:lsid:ipni.org:publications:20027545-1,2025,"2025 [10 Aug 2025]","[10 Aug 2025]",Soca,spec.,"Carnets Bot. 265: 8. 2025 [10 Aug 2025] ",,doi:10.34971/ZN3V-2F16,,,11,simorrensis,,,f,t,,,,,,,E.G.Camus@12373-1@2@bas$Soca@37067-1@1@aut,,,"comb. nov.",,1.1,f,anacampterorchis~simorrensis,orchidaceaeanacampterorchis~simorrensis~,470,wfo-1000088392,,species,,,,,https://www.ipni.org/n/77377177-1,"IPNI Record: 77377177-1","Carnets Bot. 265: 8 (2025)"
urn:lsid:ipni.org:names:77377178-1,"(H.Kurze & O.Kurze) Soca","Orchidaceae × Anacamptorchis larzacensis H.Kurze & O.Kurze","(H.Kurze & O.Kurze)",958434-1,,,"265: 8",,,,,,,,,,,,"25/02/2026 10:17","25/02/2026 10:17",,,Orchidaceae,"× Anacampterorchis larzacensis","× Anacampterorchis larzacensis",Anacampterorchis,,f,t,,,,,,,,,,,,,,,,,,,,,,,,,,,,,77103160-1,"Carnets Bot.",urn:lsid:ipni.org:publications:20027545-1,2025,"2025 [10 Aug 2025]","[10 Aug 2025]",Soca,spec.,"Carnets Bot. 265: 8. 2025 [10 Aug 2025] ",,doi:10.34971/ZN3V-2F16,,,11,larzacensis,,,f,t,,,,,,,Soca@37067-1@1@aut$H.Kurze@40534-1@2@bas$O.Kurze@40535-1@3@bas,,,"comb. nov.",,1.1,f,anacampterorchis~larzacensis,orchidaceaeanacampterorchis~larzacensis~,471,wfo-1000088393,,species,,,,,https://www.ipni.org/n/77377178-1,"IPNI Record: 77377178-1","Carnets Bot. 265: 8 (2025)"
urn:lsid:ipni.org:names:77377179-1,"(Chr.Bernard & G.Fabre) Soca","Orchidaceae × Anacamptorchis vanlookenii Chr.Bernard & G.Fabre","(Chr.Bernard & G.Fabre)",932930-1,,,"265: 9",,,,,,,,,,,,"25/02/2026 10:19","25/02/2026 10:19",,,Orchidaceae,"× Anacampterorchis vanlookenii","× Anacampterorchis vanlookenii",Anacampterorchis,,f,t,,,,,,,,,,,,,,,,,,,,,,,,,,,,,77103160-1,"Carnets Bot.",urn:lsid:ipni.org:publications:20027545-1,2025,"2025 [10 Aug 2025]","[10 Aug 2025]",Soca,spec.,"Carnets Bot. 265: 9. 2025 [10 Aug 2025] ",,doi:10.34971/ZN3V-2F16,,,11,vanlookenii,,,f,t,,,,,,,Chr.Bernard@20059809-1@2@bas$Soca@37067-1@1@aut$G.Fabre@18620-1@3@bas,,,"comb. nov.",,1.1,f,anacampterorchis~vanlookenii,orchidaceaeanacampterorchis~vanlookenii~,472,wfo-1000088394,,species,,,,,https://www.ipni.org/n/77377179-1,"IPNI Record: 77377179-1","Carnets Bot. 265: 9 (2025)"
urn:lsid:ipni.org:names:77377180-1,"(Biel) Soca","Orchidaceae × Anacamptorchis lesbiensis Biel",(Biel),1002460-1,,,"265: 9",,,,,,,,,,,,"25/02/2026 10:21","25/02/2026 10:21",,,Orchidaceae,"× Anacampterorchis lesbiensis","× Anacampterorchis lesbiensis",Anacampterorchis,,f,t,,,,,,,,,,,,,,,,,,,,,,,,,,,,,77103160-1,"Carnets Bot.",urn:lsid:ipni.org:publications:20027545-1,2025,"2025 [10 Aug 2025]","[10 Aug 2025]",Soca,spec.,"Carnets Bot. 265: 9. 2025 [10 Aug 2025] ",,doi:10.34971/ZN3V-2F16,,,11,lesbiensis,,,f,t,,,,,,,Biel@38261-1@2@bas$Soca@37067-1@1@aut,,,"comb. nov.",,1.1,f,anacampterorchis~lesbiensis,orchidaceaeanacampterorchis~lesbiensis~,473,wfo-1000088395,,species,,,,,https://www.ipni.org/n/77377180-1,"IPNI Record: 77377180-1","Carnets Bot. 265: 9 (2025)"
urn:lsid:ipni.org:names:77377181-1,"(Bianco, D'Emerico, Medagli & Ruggiero) Soca","Orchidaceae × Orchiserapias nelsoniana Bianco, D'Emerico, Medagli & Ruggiero","(Bianco, D'Emerico, Medagli & Ruggiero)",940766-1,,,"265: 9",,,,,,,,,,,,"25/02/2026 10:23","25/02/2026 10:23",,,Orchidaceae,"× Herorchiserapias nelsoniana","× Herorchiserapias nelsoniana",Herorchiserapias,,f,t,,,,,,,,,,,,,,,,,,,,,,,,,,,,,77103171-1,"Carnets Bot.",urn:lsid:ipni.org:publications:20027545-1,2025,"2025 [10 Aug 2025]","[10 Aug 2025]",Soca,spec.,"Carnets Bot. 265: 9. 2025 [10 Aug 2025] ",,doi:10.34971/ZN3V-2F16,,,11,nelsoniana,,,f,t,,,,,,,Ruggiero@34892-1@5@bas$Medagli@34888-1@4@bas$Soca@37067-1@1@aut$D'Emerico@34876-1@3@bas$Bianco@34861-1@2@bas,,,"comb. nov.",,1.1,f,herorchiserapias~nelsoniana,orchidaceaeherorchiserapias~nelsoniana~,474,wfo-1000088396,,species,,,,,https://www.ipni.org/n/77377181-1,"IPNI Record: 77377181-1","Carnets Bot. 265: 9 (2025)"
urn:lsid:ipni.org:names:77377182-1,"(E.G.Camus) Soca","Orchidaceae × Orchiserapias duffortii E.G.Camus",(E.G.Camus),648206-1,,,"265: 9",,,,,,,,,,,,"25/02/2026 10:25","25/02/2026 10:25",,,Orchidaceae,"× Herorchiserapias duffortii","× Herorchiserapias duffortii",Herorchiserapias,,f,t,,,,,,,,,,,,,,,,,,,,,,,,,,,,,77103171-1,"Carnets Bot.",urn:lsid:ipni.org:publications:20027545-1,2025,"2025 [10 Aug 2025]","[10 Aug 2025]",Soca,spec.,"Carnets Bot. 265: 9. 2025 [10 Aug 2025] ",,doi:10.34971/ZN3V-2F16,,,11,duffortii,,,f,t,,,,,,,E.G.Camus@12373-1@2@bas$Soca@37067-1@1@aut,,,"comb. nov.",,1.1,f,herorchiserapias~duffortii,orchidaceaeherorchiserapias~duffortii~,475,wfo-1000088397,,species,,,,,https://www.ipni.org/n/77377182-1,"IPNI Record: 77377182-1","Carnets Bot. 265: 9 (2025)"
urn:lsid:ipni.org:names:77377183-1,"(Kern.) Soca","Orchidaceae Serapias × tommasinii Kern.",(Kern.),657727-1,,,"265: 9",,,,,,,,,,,,"25/02/2026 10:27","25/02/2026 10:27",,,Orchidaceae,"× Herorchiserapias tommasinii","× Herorchiserapias tommasinii",Herorchiserapias,,f,t,,,,,,,,,,,,,,,,,,,,,,,,,,,,,77103171-1,"Carnets Bot.",urn:lsid:ipni.org:publications:20027545-1,2025,"2025 [10 Aug 2025]","[10 Aug 2025]",Soca,spec.,"Carnets Bot. 265: 9. 2025 [10 Aug 2025] ",,doi:10.34971/ZN3V-2F16,,,9,tommasinii,,,f,t,,,,,,,Kern.@0-0@2@bas$Soca@37067-1@1@aut,,,"comb. nov.",,1.1,f,herorchiserapias~tommasinii,orchidaceaeherorchiserapias~tommasinii~,476,wfo-1000088398,,species,,,,,https://www.ipni.org/n/77377183-1,"IPNI Record: 77377183-1","Carnets Bot. 265: 9 (2025)"
urn:lsid:ipni.org:names:77377184-1,"(B.Baumann & H.Baumann) Soca","Orchidaceae × Orchiserapias cytherea B.Baumann & H.Baumann","(B.Baumann & H.Baumann)",77078918-1,,,"265: 9",,,,,,,,,,,,"25/02/2026 10:28","25/02/2026 10:28",,,Orchidaceae,"× Herorchiserapias cytherea","× Herorchiserapias cytherea",Herorchiserapias,,f,t,,,,,,,,,,,,,,,,,,,,,,,,,,,,,77103171-1,"Carnets Bot.",urn:lsid:ipni.org:publications:20027545-1,2025,"2025 [10 Aug 2025]","[10 Aug 2025]",Soca,spec.,"Carnets Bot. 265: 9. 2025 [10 Aug 2025] ",,doi:10.34971/ZN3V-2F16,,,11,cytherea,,,f,t,,,,,,,B.Baumann@15810-1@2@bas$H.Baumann@14601-1@3@bas$Soca@37067-1@1@aut,,,"comb. nov.",,1.1,f,herorchiserapias~cytherea,orchidaceaeherorchiserapias~cytherea~,477,wfo-1000088399,,species,,,,,https://www.ipni.org/n/77377184-1,"IPNI Record: 77377184-1","Carnets Bot. 265: 9 (2025)"
urn:lsid:ipni.org:names:77377185-1,"(Licheri & Medau) Soca","Orchidaceae × Serapicamptis annarellae Licheri & Medau","(Licheri & Medau)",77333154-1,,,"265: 10",,,,,,,,,,,,"25/02/2026 10:30","25/02/2026 10:30",,,Orchidaceae,"× Herorchiserapias annarellae","× Herorchiserapias annarellae",Herorchiserapias,,f,t,,,,,,,,,,,,,,,,,,,,,,,,,,,,,77103171-1,"Carnets Bot.",urn:lsid:ipni.org:publications:20027545-1,2025,"2025 [10 Aug 2025]","[10 Aug 2025]",Soca,spec.,"Carnets Bot. 265: 10. 2025 [10 Aug 2025] ",,doi:10.34971/ZN3V-2F16,,,11,annarellae,,,f,t,,,,,,,Medau@20071436-1@3@bas$Licheri@20041202-1@2@bas$Soca@37067-1@1@aut,,,"comb. nov.",,1.1,f,herorchiserapias~annarellae,orchidaceaeherorchiserapias~annarellae~,478,wfo-1000088400,,species,,,,,https://www.ipni.org/n/77377185-1,"IPNI Record: 77377185-1","Carnets Bot. 265: 10 (2025)"
urn:lsid:ipni.org:names:77377186-1,"(B.Baumann & H.Baumann) Soca","Orchidaceae × Orchiserapias andaluciana B.Baumann & H.Baumann","(B.Baumann & H.Baumann)",77078917-1,,,"265: 10",,,,,,,,,,,,"25/02/2026 10:31","25/02/2026 10:31",,,Orchidaceae,"× Herorchiserapias andaluciana","× Herorchiserapias andaluciana",Herorchiserapias,,f,t,,,,,,,,,,,,,,,,,,,,,,,,,,,,,77103171-1,"Carnets Bot.",urn:lsid:ipni.org:publications:20027545-1,2025,"2025 [10 Aug 2025]","[10 Aug 2025]",Soca,spec.,"Carnets Bot. 265: 10. 2025 [10 Aug 2025] ",,doi:10.34971/ZN3V-2F16,,,11,andaluciana,,,f,t,,,,,,,B.Baumann@15810-1@2@bas$H.Baumann@14601-1@3@bas$Soca@37067-1@1@aut,,,"comb. nov.",,1.1,f,herorchiserapias~andaluciana,orchidaceaeherorchiserapias~andaluciana~,479,wfo-1000088401,,species,,,,,https://www.ipni.org/n/77377186-1,"IPNI Record: 77377186-1","Carnets Bot. 265: 10 (2025)"
urn:lsid:ipni.org:names:77377187-1,"(Rouy) Soca","Orchidaceae Serapias × nouletii Rouy",(Rouy),657671-1,,,"265: 10",,,,,,,,,,,,"25/02/2026 10:32","25/02/2026 10:32",,,Orchidaceae,"× Herorchiserapias nouletii","× Herorchiserapias nouletii",Herorchiserapias,,f,t,,,,,,,,,,,,,,,,,,,,,,,,,,,,,77103171-1,"Carnets Bot.",urn:lsid:ipni.org:publications:20027545-1,2025,"2025 [10 Aug 2025]","[10 Aug 2025]",Soca,spec.,"Carnets Bot. 265: 10. 2025 [10 Aug 2025] ",,doi:10.34971/ZN3V-2F16,,,11,nouletii,,,f,t,,,,,,,Rouy@8674-1@2@bas$Soca@37067-1@1@aut,,,"comb. nov.",,1.1,f,herorchiserapias~nouletii,orchidaceaeherorchiserapias~nouletii~,480,wfo-1000088402,,species,,,,,https://www.ipni.org/n/77377187-1,"IPNI Record: 77377187-1","Carnets Bot. 265: 10 (2025)"
urn:lsid:ipni.org:names:77377188-1,"(K.Richt.) Soca","Orchidaceae Serapias × timbalii K.Richt.",(K.Richt.),657724-1,,,"265: 10",,,,,,,,,,,,"25/02/2026 10:34","25/02/2026 10:34",,,Orchidaceae,"× Herorchiserapias timbalii","× Herorchiserapias timbalii",Herorchiserapias,,f,t,,,,,,,,,,,,,,,,,,,,,,,,,,,,,77103171-1,"Carnets Bot.",urn:lsid:ipni.org:publications:20027545-1,2025,"2025 [10 Aug 2025]","[10 Aug 2025]",Soca,spec.,"Carnets Bot. 265: 10. 2025 [10 Aug 2025] ",,doi:10.34971/ZN3V-2F16,,,11,timbalii,,,f,t,,,,,,,Soca@37067-1@1@aut$K.Richt.@12771-1@2@bas,,,"comb. nov.",,1.1,f,herorchiserapias~timbalii,orchidaceaeherorchiserapias~timbalii~,481,wfo-1000088403,,species,,,,,https://www.ipni.org/n/77377188-1,"IPNI Record: 77377188-1","Carnets Bot. 265: 10 (2025)"
urn:lsid:ipni.org:names:77377189-1,"(Godfery) Soca","Orchidaceae × Orchiserapias pisanensis Godfery",(Godfery),649282-1,,,"265: 10",,,,,,,,,,,,"25/02/2026 10:35","25/02/2026 10:35",,,Orchidaceae,"× Herorchiserapias pisanensis","× Herorchiserapias pisanensis",Herorchiserapias,,f,t,,,,,,,,,,,,,,,,,,,,,,,,,,,,,77103171-1,"Carnets Bot.",urn:lsid:ipni.org:publications:20027545-1,2025,"2025 [10 Aug 2025]","[10 Aug 2025]",Soca,spec.,"Carnets Bot. 265: 10. 2025 [10 Aug 2025] ",,doi:10.34971/ZN3V-2F16,,,11,pisanensis,,,f,t,,,,,,,Soca@37067-1@1@aut$Godfery@3215-1@2@bas,,,"comb. nov.",,1.1,f,herorchiserapias~pisanensis,orchidaceaeherorchiserapias~pisanensis~,482,wfo-1000088404,,species,,,,,https://www.ipni.org/n/77377189-1,"IPNI Record: 77377189-1","Carnets Bot. 265: 10 (2025)"
urn:lsid:ipni.org:names:77377190-1,"(Sotgiu & Porcu) Soca","Orchidaceae × Serapicamptis cirrasiana Sotgiu & Porcu","(Sotgiu & Porcu)",77363703-1,,,"265: 10",,,,,,,,,,,,"25/02/2026 11:49","25/02/2026 11:49",,,Orchidaceae,"× Herorchiserapias cirrasiana","× Herorchiserapias cirrasiana",Herorchiserapias,,f,t,,,,,,,,,,,,,,,,,,,,,,,,,,,,,77103171-1,"Carnets Bot.",urn:lsid:ipni.org:publications:20027545-1,2025,"2025 [10 Aug 2025]","[10 Aug 2025]",Soca,spec.,"Carnets Bot. 265: 10. 2025 [10 Aug 2025] ",,doi:10.34971/ZN3V-2F16,,,11,cirrasiana,,,f,t,,,,,,,Sotgiu@20082390-1@2@bas$Soca@37067-1@1@aut$Porcu@20082391-1@3@bas,,,"comb. nov.",,1.1,f,herorchiserapias~cirrasiana,orchidaceaeherorchiserapias~cirrasiana~,483,wfo-1000088405,,species,,,,,https://www.ipni.org/n/77377190-1,"IPNI Record: 77377190-1","Carnets Bot. 265: 10 (2025)"
urn:lsid:ipni.org:names:77377191-1,"(Renz & Taubenheim) Soca","Orchidaceae × Orchiserapias anatolica Renz & Taubenheim","(Renz & Taubenheim)",898323-1,,,"265: 10",,,,,,,,,,,,"25/02/2026 11:50","25/02/2026 11:50",,,Orchidaceae,"× Herorchiserapias anatolica","× Herorchiserapias anatolica",Herorchiserapias,,f,t,,,,,,,,,,,,,,,,,,,,,,,,,,,,,77103171-1,"Carnets Bot.",urn:lsid:ipni.org:publications:20027545-1,2025,"2025 [10 Aug 2025]","[10 Aug 2025]",Soca,spec.,"Carnets Bot. 265: 10. 2025 [10 Aug 2025] ",,doi:10.34971/ZN3V-2F16,,,11,anatolica,,,f,t,,,,,,,Renz@8297-1@2@bas$Soca@37067-1@1@aut$Taubenheim@10450-1@3@bas,,,"comb. nov.",,1.1,f,herorchiserapias~anatolica,orchidaceaeherorchiserapias~anatolica~,484,wfo-1000088406,,species,,,,,https://www.ipni.org/n/77377191-1,"IPNI Record: 77377191-1","Carnets Bot. 265: 10 (2025)"
urn:lsid:ipni.org:names:77377192-1,"(Du Puy) Soca","Orchidaceae Serapias × rousii Du Puy","(Du Puy)",77246981-1,,,"265: 10",,,,,,,,,,,,"25/02/2026 11:51","25/02/2026 11:51",,,Orchidaceae,"× Herorchiserapias rousii","× Herorchiserapias rousii",Herorchiserapias,,f,t,,,,,,,,,,,,,,,,,,,,,,,,,,,,,77103171-1,"Carnets Bot.",urn:lsid:ipni.org:publications:20027545-1,2025,"2025 [10 Aug 2025]","[10 Aug 2025]",Soca,spec.,"Carnets Bot. 265: 10. 2025 [10 Aug 2025] ",,doi:10.34971/ZN3V-2F16,,,11,rousii,,,f,t,,,,,,,"Du Puy@14941-1@2@bas$Soca@37067-1@1@aut",,,"comb. nov.",,1.1,f,herorchiserapias~rousii,orchidaceaeherorchiserapias~rousii~,485,wfo-1000088407,,species,,,,,https://www.ipni.org/n/77377192-1,"IPNI Record: 77377192-1","Carnets Bot. 265: 10 (2025)"
urn:lsid:ipni.org:names:77377193-1,"(Sotgiu & Porcu) Soca","Orchidaceae × Serapicamptis santulussurgensis Sotgiu & Porcu","(Sotgiu & Porcu)",77355258-1,,,"265: 10",,,,,,,,,,,,"25/02/2026 12:00","25/02/2026 12:00",,,Orchidaceae,"× Herorchiserapias santulussurgensis","× Herorchiserapias santulussurgensis",Herorchiserapias,,f,t,,,,,,,,,,,,,,,,,,,,,,,,,,,,,77103171-1,"Carnets Bot.",urn:lsid:ipni.org:publications:20027545-1,2025,"2025 [10 Aug 2025]","[10 Aug 2025]",Soca,spec.,"Carnets Bot. 265: 10. 2025 [10 Aug 2025] ",,doi:10.34971/ZN3V-2F16,,,11,santulussurgensis,,,f,t,,,,,,,Porcu@20082391-1@3@bas$Sotgiu@20082390-1@2@bas$Soca@37067-1@1@aut,,,"comb. nov.",,1.1,f,herorchiserapias~santulussurgensis,orchidaceaeherorchiserapias~santulussurgensis~,486,wfo-1000088408,,species,,,,,https://www.ipni.org/n/77377193-1,"IPNI Record: 77377193-1","Carnets Bot. 265: 10 (2025)"
urn:lsid:ipni.org:names:77377194-1,"(Gennaio & M.Gargiulo) Soca","Orchidaceae × Serapicamptis erhardtiana (K.Lorenz & R.Lorenz) J.M.H.Shaw nothosubsp. uluzziana Gennaio & M.Gargiulo","(Gennaio & M.Gargiulo)",77307652-1,,,"265: 10",,,,,,,,,,,,"25/02/2026 12:02","25/02/2026 12:02",,,Orchidaceae,"× Herorchiserapias uluzziana","× Herorchiserapias uluzziana",Herorchiserapias,,f,t,,,,,,,,,,,,,,,,,,,,,,,,,,,,,77103171-1,"Carnets Bot.",urn:lsid:ipni.org:publications:20027545-1,2025,"2025 [10 Aug 2025]","[10 Aug 2025]",Soca,spec.,"Carnets Bot. 265: 10. 2025 [10 Aug 2025] ",,doi:10.34971/ZN3V-2F16,,,11,uluzziana,,,f,t,,,,,,,Soca@37067-1@1@aut$Gennaio@20015393-1@2@bas$M.Gargiulo@20033572-1@3@bas,,,"comb. et stat. nov.",,1.1,f,herorchiserapias~uluzziana,orchidaceaeherorchiserapias~uluzziana~,487,wfo-1000088409,,species,,,,,https://www.ipni.org/n/77377194-1,"IPNI Record: 77377194-1","Carnets Bot. 265: 10 (2025)"
urn:lsid:ipni.org:names:77377195-1,"(De la Peña) Soca","Orchidaceae × Orchiserapias monfortensis De la Peña","(De la Peña)",77196025-1,,,"265: 10",,,,,,,,,,,,"25/02/2026 12:03","25/02/2026 12:03",,,Orchidaceae,"× Herorchiserapias monfortensis","× Herorchiserapias monfortensis",Herorchiserapias,,f,t,,,,,,,,,,,,,,,,,,,,,,,,,,,,,77103171-1,"Carnets Bot.",urn:lsid:ipni.org:publications:20027545-1,2025,"2025 [10 Aug 2025]","[10 Aug 2025]",Soca,spec.,"Carnets Bot. 265: 10. 2025 [10 Aug 2025] ",,,,,11,monfortensis,,,f,t,,,,,,,"Soca@37067-1@1@aut$De la Peña@20040767-1@2@bas",,,"comb. nov.",,1.1,f,herorchiserapias~monfortensis,orchidaceaeherorchiserapias~monfortensis~,488,wfo-1000088410,,species,,,,,https://www.ipni.org/n/77377195-1,"IPNI Record: 77377195-1","Carnets Bot. 265: 10 (2025)"
urn:lsid:ipni.org:names:77377196-1,"(Medagli, Lumare & Ammassari) Soca","Orchidaceae × Serapicamptis ranaldoae Medagli, Lumare & Ammassari","(Medagli, Lumare & Ammassari)",77356166-1,,,"265: 10",,,,,,,,,,,,"25/02/2026 12:05","25/02/2026 12:05",,,Orchidaceae,"× Herorchiserapias ranaldoae","× Herorchiserapias ranaldoae",Herorchiserapias,,f,t,,,,,,,,,,,,,,,,,,,,,,,,,,,,,77103171-1,"Carnets Bot.",urn:lsid:ipni.org:publications:20027545-1,2025,"2025 [10 Aug 2025]","[10 Aug 2025]",Soca,spec.,"Carnets Bot. 265: 10. 2025 [10 Aug 2025] ",,doi:10.34971/ZN3V-2F16,,,11,ranaldoae,,,f,t,,,,,,,Medagli@34888-1@2@bas$Ammassari@20083083-1@4@bas$Soca@37067-1@1@aut$Lumare@20028213-1@3@bas,,,"comb. nov.",,1.1,f,herorchiserapias~ranaldoae,orchidaceaeherorchiserapias~ranaldoae~,489,wfo-1000088411,,species,,,,,https://www.ipni.org/n/77377196-1,"IPNI Record: 77377196-1","Carnets Bot. 265: 10 (2025)"
urn:lsid:ipni.org:names:77377197-1,"(Lumare & Medagli) Soca","Orchidaceae × Serapicamptis portiferi Lumare & Medagli","(Lumare & Medagli)",77157054-1,,,"265: 11",,,,,,,,,,,,"25/02/2026 12:07","25/02/2026 12:07",,,Orchidaceae,"× Herorchiserapias portiferi","× Herorchiserapias portiferi",Herorchiserapias,,f,t,,,,,,,,,,,,,,,,,,,,,,,,,,,,,77103171-1,"Carnets Bot.",urn:lsid:ipni.org:publications:20027545-1,2025,"2025 [10 Aug 2025]","[10 Aug 2025]",Soca,spec.,"Carnets Bot. 265: 11. 2025 [10 Aug 2025] ",,doi:10.34971/ZN3V-2F16,,,11,portiferi,,,f,t,,,,,,,Soca@37067-1@1@aut$Lumare@20028213-1@2@bas$Medagli@34888-1@3@bas,,,"comb. nov.",,1.1,f,herorchiserapias~portiferi,orchidaceaeherorchiserapias~portiferi~,490,wfo-1000088412,,species,,,,,https://www.ipni.org/n/77377197-1,"IPNI Record: 77377197-1","Carnets Bot. 265: 11 (2025)"
urn:lsid:ipni.org:names:77377198-1,"(E.G.Camus) Soca","Orchidaceae × Orchiserapias mutata E.G.Camus",(E.G.Camus),648210-1,,,"265: 11",,,,,,,,,,,,"25/02/2026 12:08","25/02/2026 12:08",,,Orchidaceae,"× Herorchiserapias mutata","× Herorchiserapias mutata",Herorchiserapias,,f,t,,,,,,,,,,,,,,,,,,,,,,,,,,,,,77103171-1,"Carnets Bot.",urn:lsid:ipni.org:publications:20027545-1,2025,"2025 [10 Aug 2025]","[10 Aug 2025]",Soca,spec.,"Carnets Bot. 265: 11. 2025 [10 Aug 2025] ",,doi:10.34971/ZN3V-2F16,,,11,mutata,,,f,t,,,,,,,Soca@37067-1@1@aut$E.G.Camus@12373-1@2@bas,,,"comb. nov.",,1.1,f,herorchiserapias~mutata,orchidaceaeherorchiserapias~mutata~,491,wfo-1000088413,,species,,,,,https://www.ipni.org/n/77377198-1,"IPNI Record: 77377198-1","Carnets Bot. 265: 11 (2025)"
urn:lsid:ipni.org:names:77377199-1,"(Kalop. & Aperghis) Soca","Orchidaceae × Orchiserapias myrtoa Kalop. & Aperghis","(Kalop. & Aperghis)",994886-1,,,"265: 11",,,,,,,,,,,,"25/02/2026 12:09","25/02/2026 12:09",,,Orchidaceae,"× Herorchiserapias myrtoa","× Herorchiserapias myrtoa",Herorchiserapias,,f,t,,,,,,,,,,,,,,,,,,,,,,,,,,,,,77103171-1,"Carnets Bot.",urn:lsid:ipni.org:publications:20027545-1,2025,"2025 [10 Aug 2025]","[10 Aug 2025]",Soca,spec.,"Carnets Bot. 265: 11. 2025 [10 Aug 2025] ",,doi:10.34971/ZN3V-2F16,,,11,myrtoa,,,f,t,,,,,,,Soca@37067-1@1@aut$Kalop.@21154-1@2@bas$Aperghis@37600-1@3@bas,,,"comb. nov.",,1.1,f,herorchiserapias~myrtoa,orchidaceaeherorchiserapias~myrtoa~,492,wfo-1000088414,,species,,,,,https://www.ipni.org/n/77377199-1,"IPNI Record: 77377199-1","Carnets Bot. 265: 11 (2025)"
urn:lsid:ipni.org:names:77377200-1,"(E.G.Camus) Soca","Orchidaceae × Orchiserapias debeauxii E.G.Camus",(E.G.Camus),648189-1,,,"265: 11",,,,,,,,,,,,"25/02/2026 12:11","25/02/2026 12:11",,,Orchidaceae,"× Herorchiserapias debeauxii","× Herorchiserapias debeauxii",Herorchiserapias,,f,t,,,,,,,,,,,,,,,,,,,,,,,,,,,,,77103171-1,"Carnets Bot.",urn:lsid:ipni.org:publications:20027545-1,2025,"2025 [10 Aug 2025]","[10 Aug 2025]",Soca,spec.,"Carnets Bot. 265: 11. 2025 [10 Aug 2025] ",,doi:10.34971/ZN3V-2F16,,,11,debeauxii,,,f,t,,,,,,,Soca@37067-1@1@aut$E.G.Camus@12373-1@2@bas,,,"comb. nov.",,1.1,f,herorchiserapias~debeauxii,orchidaceaeherorchiserapias~debeauxii~,493,wfo-1000088415,,species,,,,,https://www.ipni.org/n/77377200-1,"IPNI Record: 77377200-1","Carnets Bot. 265: 11 (2025)"
urn:lsid:ipni.org:names:77377201-1,"(K.Richt.) Soca","Orchidaceae Serapias × barlae K.Richt.",(K.Richt.),657572-1,,,"265: 11",,,,,,,,,,,,"25/02/2026 12:12","25/02/2026 12:12",,,Orchidaceae,"× Herorchiserapias barlae","× Herorchiserapias barlae",Herorchiserapias,,f,t,,,,,,,,,,,,,,,,,,,,,,,,,,,,,77103171-1,"Carnets Bot.",urn:lsid:ipni.org:publications:20027545-1,2025,"2025 [10 Aug 2025]","[10 Aug 2025]",Soca,spec.,"Carnets Bot. 265: 11. 2025 [10 Aug 2025] ",,doi:10.34971/ZN3V-2F16,,,11,barlae,,,f,t,,,,,,,Soca@37067-1@1@aut$K.Richt.@12771-1@2@bas,,,"comb. nov.",,1.1,f,herorchiserapias~barlae,orchidaceaeherorchiserapias~barlae~,494,wfo-1000088416,,species,,,,,https://www.ipni.org/n/77377201-1,"IPNI Record: 77377201-1","Carnets Bot. 265: 11 (2025)"
urn:lsid:ipni.org:names:77377202-1,"(J.Lloyd) Soca","Orchidaceae Serapias × triloba J.Lloyd",(J.Lloyd),657731-1,,,"265: 11",,,,,,,,,,,,"25/02/2026 12:14","25/02/2026 12:14",,,Orchidaceae,"× Herorchiserapias triloba","× Herorchiserapias triloba",Herorchiserapias,,t,t,,,,,,,,,,,,,,,,,,,,,,,,,,,,,77103171-1,"Carnets Bot.",urn:lsid:ipni.org:publications:20027545-1,2025,"2025 [10 Aug 2025]","[10 Aug 2025]",Soca,spec.,"Carnets Bot. 265: 11. 2025 [10 Aug 2025] ",,doi:10.34971/ZN3V-2F16,,,11,triloba,,,f,t,,,,,,,J.Lloyd@5680-1@2@bas$Soca@37067-1@1@aut,,,"comb. nov.",,1.1,f,herorchiserapias~triloba,orchidaceaeherorchiserapias~triloba~,495,wfo-1000088417,,species,,,,,https://www.ipni.org/n/77377202-1,"IPNI Record: 77377202-1","Carnets Bot. 265: 11 (2025)"
urn:lsid:ipni.org:names:77377203-1,"(E.G.Camus) Soca","Orchidaceae × Orchiserapias ligustica E.G.Camus",(E.G.Camus),648209-1,,,"265: 11",,,,,,,,,,,,"25/02/2026 12:15","25/02/2026 12:15",,,Orchidaceae,"× Herorchiserapias ligustica","× Herorchiserapias ligustica",Herorchiserapias,,f,t,,,,,,,,,,,,,,,,,,,,,,,,,,,,,77103171-1,"Carnets Bot.",urn:lsid:ipni.org:publications:20027545-1,2025,"2025 [10 Aug 2025]","[10 Aug 2025]",Soca,spec.,"Carnets Bot. 265: 11. 2025 [10 Aug 2025] ",,doi:10.34971/ZN3V-2F16,,,11,ligustica,,,f,t,,,,,,,Soca@37067-1@1@aut$E.G.Camus@12373-1@2@bas,,,"comb. nov.",,1.1,f,herorchiserapias~ligustica,orchidaceaeherorchiserapias~ligustica~,496,wfo-1000088418,,species,,,,,https://www.ipni.org/n/77377203-1,"IPNI Record: 77377203-1","Carnets Bot. 265: 11 (2025)"
urn:lsid:ipni.org:names:77377204-1,Soca,,,,,,"272: 5",,4,,6,,,2012,,R.Soca,,,"25/02/2026 12:35","25/02/2026 12:35","Italy (Italy, Southeastern Europe, Europe)",,Orchidaceae,"Ophrys temperans","Ophrys temperans",Ophrys,,f,f,,,,,,,,,,,"Piemonte, Cuneo, San Damiano Macra, entre Reboissino et Adrecchio, 758 m",,,,,,,,,,,,,,,,,,30162-1,"Carnets Bot.",urn:lsid:ipni.org:publications:20027545-1,2025,"2025 [28 Sep 2025]","[28 Sep 2025]",Soca,spec.,"Carnets Bot. 272: 5. 2025 [28 Sep 2025] ",,"doi:10.34971/XSMN-3S47 Etymology: the specific epithet is named for it's propensity to gro in poor soil, 'temperans' meaning one who wisely governs their appetites even in the use of permissable things, far removed from all excess.",,,10,temperans,,,f,t,,"holotype FI RS.2012.601",,,,,Soca@37067-1@1@aut,,,"tax. nov.",,1.1,f,ophrys~temperans,orchidaceaeophrys~temperans~,497,wfo-1000088419,,species,,,,,https://www.ipni.org/n/77377204-1,"IPNI Record: 77377204-1","Carnets Bot. 272: 5 (2025)"
urn:lsid:ipni.org:names:77377205-1,Soca,,,,,,"286: 4",,16,,4,,,2025,,R.Soca,,,"25/02/2026 12:50","25/02/2026 12:50","Italy (Italy, Southeastern Europe, Europe)",,Orchidaceae,"Ophrys incerulae","Ophrys incerulae",Ophrys,,f,f,,,,,,,,,,,"Abruzzo, L'Aquila, Navelli, Voltata San Giovanni, 680 m",,,,,,,,,,,,,,,,,,30162-1,"Carnets Bot.",urn:lsid:ipni.org:publications:20027545-1,2026,"2026 [11 Jan 2026]","[11 Jan 2026]",Soca,spec.,"Carnets Bot. 286: 4. 2026 [11 Jan 2026] ",,"doi:10.34971/S773-2D74 Etymology: the epithet is named for the Incerulae temple.",,,10,incerulae,,,f,t,,"holotype FI RS.2025.407",,,,,Soca@37067-1@1@aut,,,"tax. nov.",,1.1,f,ophrys~incerulae,orchidaceaeophrys~incerulae~,498,wfo-1000088420,,species,,,,,https://www.ipni.org/n/77377205-1,"IPNI Record: 77377205-1","Carnets Bot. 286: 4 (2026)"
urn:lsid:ipni.org:names:77377206-1,Torr.,,,,,,226,,,,,,,,,,,,"25/02/2026 15:12","25/02/2026 15:12",,,Cyperaceae,"Cyperus diandrus","Cyperus diandrus",Cyperus,,f,f,,,,,,,,,,,,,,,,,,,,,,,,,,,,,330001-2,"Man. Bot., ed. 2.",urn:lsid:ipni.org:publications:16194-2,1818,1818,,Torr.,spec.,"Man. Bot., ed. 2. 226. 1818 ",,,,,8,diandrus,,,f,t,,,,,,,Torr.@10754-1@1@aut,,,"tax. nov.",,1.1,f,cyperus~diandrus,cyperaceaecyperus~diandrus~,499,wfo-0000371593,,species,,,,,https://www.ipni.org/n/77377206-1,"IPNI Record: 77377206-1","Man. Bot., ed. 2. 226 (1818)"
urn:lsid:ipni.org:names:77377207-1,Rouy,,,,,,"10: 331",,,,,,,,,,,,"25/02/2026 21:25","25/02/2026 21:25",,,Boraginaceae,"Myosotis intermedia proles umbrata","Myosotis intermedia proles umbrata",Myosotis,,f,f,,,,,umbrata,,,,,,,,,,,,,,,,,,,,,,,,119059-1,"Fl. France [Rouy & Foucaud]",urn:lsid:ipni.org:publications:17517-2,1908,1908,,Rouy,proles,"Fl. France [Rouy & Foucaud] 10: 331. 1908 ",,,,,8,intermedia,"Link ex Schultz",,f,t,,,,,,,Rouy@8674-1@1@aut,Schultz@26392-1@2@autEx$Link@22401-1@1@aut,,"tax. nov.",,1.1,f,myosotis~intermediaumbrata,boraginaceaemyosotis~intermediaumbrata,500,wfo-1200117061,,prole,,,,,https://www.ipni.org/n/77377207-1,"IPNI Record: 77377207-1","Fl. France [Rouy & Foucaud] 10: 331 (1908)"
urn:lsid:ipni.org:names:77377208-1,Fr.,,,,,,"1842(10): 171",,,,,,,,,,,,"25/02/2026 22:35","26/02/2026 14:32",,,Caryophyllaceae,"Silene saponaria","Silene saponaria",Silene,,f,f,,,,,,,,,,,,,,,"nom. illeg. nom. superfl.",,"nom. illeg.",,,,,,,,,,,,331962-2,"Bot. Not.",urn:lsid:ipni.org:publications:556-2,1842,1842,,Fr.,spec.,"Bot. Not. 1842(10): 171. ",,,156627-1,,10,saponaria,,156627-1,f,t,,,,,,,Fr.@2913-1@1@aut,,,"nom. nov.",,1.4,f,silene~saponaria,caryophyllaceaesilene~saponaria~,501,wfo-1000088496,,species,,,,,https://www.ipni.org/n/77377208-1,"IPNI Record: 77377208-1","Bot. Not. 1842(10): 171 (1842)"
urn:lsid:ipni.org:names:77377209-1,"(Ruiz & Pav.) Poir.","Rubiaceae Manettia acutifolia Ruiz & Pav.","(Ruiz & Pav.)",152107-2,,,55,,,,,,,,,,,,"25/02/2026 22:40","25/02/2026 22:40",,,Rubiaceae,"Nacibea acutifolia","Nacibea acutifolia",Nacibea,,f,f,,,,,,,,,,,,,,,,,,,,,,,,,,,,,30350524-2,"Encycl., Suppl. 4.",urn:lsid:ipni.org:publications:15196-2,1816,"1816 [29 Jun 1816]","[29 Jun 1816]",Poir.,spec.,"Encycl., Suppl. 4. 55. 1816 [29 Jun 1816] (as 'acutiflora')","(as 'acutiflora')",,,,11,acutifolia,,,f,t,,,,,,,Poir.@24945-1@1@aut$Pav.@7422-1@3@bas$Ruiz@8735-1@2@bas,,,"comb. nov.",,1.1,f,nacibea~acutifolia,rubiaceaenacibea~acutifolia~,502,wfo-1000088421,,species,,,,,https://www.ipni.org/n/77377209-1,"IPNI Record: 77377209-1","Encycl., Suppl. 4. 55 (1816)"
urn:lsid:ipni.org:names:77377210-1,Sweet,,,,,,98,,,,,,,,,,,,"25/02/2026 22:57","26/02/2026 07:53",,,Caryophyllaceae,"Saponaria officinalis var. plena","Saponaria officinalis var. plena",Saponaria,,f,f,,,,,plena,,,,,,,,,,"nom. inval. nom. nud.",,"nom. inval.",,,,,,,,,,,,156627-1,"Hort. Suburb. Lond.",urn:lsid:ipni.org:publications:11047-2,1818,1818,,Sweet,var.,"Hort. Suburb. Lond. 98. 1818 ",,"'Double-flowering' explicitly given as 'English Name', not a description.",,,9,officinalis,L.,,f,t,,,,,,,Sweet@10341-1@1@aut,L.@0-0@1@aut,,"tax. nov.",,1.3,f,saponaria~officinalisplena,caryophyllaceaesaponaria~officinalisplena,503,wfo-1200117062,,variety,,,,,https://www.ipni.org/n/77377210-1,"IPNI Record: 77377210-1","Hort. Suburb. Lond. 98 (1818)"
urn:lsid:ipni.org:names:77377211-1,"(Roxb.) Hook.f.","Piperaceae Piper lanatum Roxb.",(Roxb.),681890-1,,,"5(fasc. 13): 82",,,,,,,,,,,,"26/02/2026 07:40","26/02/2026 08:06",,,Piperaceae,"Piper caninum var. lanatum","Piper caninum var. lanatum",Piper,,f,f,,,,,lanatum,,,,,,,,,,,,,,,,,,,,,,,null:,680776-1,"Fl. Brit. India",urn:lsid:ipni.org:publications:922-2,1886,1886,,Hook.f.,var.,"Fl. Brit. India 5(fasc. 13): 82. 1886 , as 'lanata'",", as 'lanata'",,,,11,caninum,Blume,,f,t,,,,,,,Roxb.@8682-1@2@bas$Hook.f.@4084-1@1@aut,Blume@0-0@1@aut,,"comb. et stat. nov.",,1.3,f,piper~caninumlanatum,piperaceaepiper~caninumlanatum,504,wfo-1200117063,,variety,,,,,https://www.ipni.org/n/77377211-1,"IPNI Record: 77377211-1","Fl. Brit. India 5(fasc. 13): 82 (1886)"
urn:lsid:ipni.org:names:77377212-1,"Schuit., Saputra & Wanma",,,,,,"15-589: 2",,17,,10,,23-277,2023,,"A.Schuiteman, R.Saputra, A.Mofu, I.Farwas, C.Yokbari, and L.Jennings",,,"26/02/2026 09:48","26/02/2026 12:06","Irian Jaya (New Guinea, Papuasia, Asia-Tropical)",,Orchidaceae,"Stigmatodactylus antennatus","Stigmatodactylus antennatus",Stigmatodactylus,,f,f,,,,,,,,,,,"West Papua Province, Arfak Mountains, Testega District",,,,,,,,,,,,,,,,,,30745-1,"Plants [Basel]",urn:lsid:ipni.org:publications:20019409-1,2026,"2026 [13 Feb 2026]","[13 Feb 2026]","Schuit., Saputra & Wanma",spec.,"Plants [Basel] 15-589: 2. 2026 [13 Feb 2026] ",,"doi:10.3390/plants15040589 [english]",,,11,antennatus,,,f,t,,"holotype MAN;isotype BO;isotype K",,,,,Wanma@20040114-1@3@aut$Schuit.@26386-1@1@aut$Saputra@20043877-1@2@aut,,,"tax. nov.",,1.3,f,stigmatodactylus~antennatus,orchidaceaestigmatodactylus~antennatus~,505,wfo-1000088422,,species,,,,,https://www.ipni.org/n/77377212-1,"IPNI Record: 77377212-1","Plants [Basel] 15-589: 2 (2026)"
urn:lsid:ipni.org:names:77377213-1,"A.Cádiz-Véliz & Casale",,,,,,"742(4): 280",,31,,10,,,2025,,"A.Cádiz-Véliz &amp;  Jean F.Casale",,,"26/02/2026 10:02","02/03/2026 10:26","Atacama (Chile North, Southern South America, Southern America)",W,Oxalidaceae,"Oxalis bifurcatifolia","Oxalis bifurcatifolia",Oxalis,,f,f,,,,,,,,27,53,51,"Copiapó Province, Totoral, Quebrada de la Zorra, 388 m",71,2,53,,,,,,S,,,,,,,,,30000622-2,Phytotaxa,urn:lsid:ipni.org:publications:20011462-1,2026,"2026 [26 Feb 2026]","[26 Feb 2026]","A.Cádiz-Véliz & Casale",spec.,"Phytotaxa 742(4): 280. 2026 [26 Feb 2026] ",,"doi:10.11646/phytotaxa.742.4.2 Etymology: 'The specific epithet bifurcatifolia is derived from the Latin bifurcatus, meaning “fork-shaped”, and folium, “leaf”, in reference to the deeply divided leaflets.'",,,10,bifurcatifolia,,,f,t,,"holotype CONC;isotype SGO;isotype EIF",,,,,A.Cádiz-Véliz@20047136-1@1@aut$Casale@20096311-1@2@aut,,,"tax. nov.",,1.2,f,oxalis~bifurcatifolia,oxalidaceaeoxalis~bifurcatifolia~,506,wfo-1000088423,,species,,,,,https://www.ipni.org/n/77377213-1,"IPNI Record: 77377213-1","Phytotaxa 742(4): 280 (2026)"
urn:lsid:ipni.org:names:77377214-1,"W.Ariza, A.Gonç. & F.Ávila",,,,,,"742(4): 290",,15,,7,,4778,2023,,"F.A.Ávila, C.Ortigoza, Y.Mazabuel",,,"26/02/2026 10:30","03/03/2026 09:23","Colombia (Western South America, Southern America)",W,Leguminosae,"Dussia filibracteolata","Dussia filibracteolata",Dussia,,f,f,,,,,,,,2,13,6,"Huila: Mun. La Plata, Corregimiento de Belén, Reserva Meremberg, 2352 m",76,7,1,,,,,,N,,,,,,,,,22321-1,Phytotaxa,urn:lsid:ipni.org:publications:20011462-1,2026,"2026 [26 Feb 2026]","[26 Feb 2026]","W.Ariza, A.Gonç. & F.Ávila",spec.,"Phytotaxa 742(4): 290. 2026 [26 Feb 2026] ",,"doi:10.11646/phytotaxa.742.4.3 Etymology: 'The specific epithet refers to the filiform shape of the bracts and bracteoles, a distinctive characteristic of the species.'",,,11,filibracteolata,,,f,t,,"holotype UDBC 052450;isotype HT;isotype HUA;isotype NY;isotype SURCO",,,,,W.Ariza@20048091-1@1@aut$F.Ávila@20028083-1@3@aut$A.Gonç.@20096312-1@2@aut,,,"tax. nov.",,1.2,f,dussia~filibracteolata,leguminosaedussia~filibracteolata~,507,wfo-1000088424,,species,,,,,https://www.ipni.org/n/77377214-1,"IPNI Record: 77377214-1","Phytotaxa 742(4): 290 (2026)"
urn:lsid:ipni.org:names:77377215-1,"(Mett.) Li Bing Zhang","Equisetaceae Equisetum xylochaetum Mett.",(Mett.),77205574-1,,,"742(4): 299",,,,,,,,,,,,"26/02/2026 10:33","26/02/2026 10:33",,,Equisetaceae,"Hippochaete xylochaeta","Hippochaete xylochaeta",Hippochaete,,f,f,,,,,,,,,,,,,,,,,,,,,,,,,,,,,30009395-2,Phytotaxa,urn:lsid:ipni.org:publications:20011462-1,2026,"2026 [26 Feb 2026]","[26 Feb 2026]","Li Bing Zhang",spec.,"Phytotaxa 742(4): 299. 2026 [26 Feb 2026] ",,doi:10.11646/phytotaxa.742.4.4,,,11,xylochaeta,,,f,t,,,,,,,"Li Bing Zhang@36529-1@1@aut$Mett.@6393-1@2@bas",,,"comb. nov.",,1.1,f,hippochaete~xylochaeta,equisetaceaehippochaete~xylochaeta~,508,wfo-1000088425,,species,,,,,https://www.ipni.org/n/77377215-1,"IPNI Record: 77377215-1","Phytotaxa 742(4): 299 (2026)"
urn:lsid:ipni.org:names:77377216-1,"(L.) Wibel","Caryophyllaceae Cucubalus otites L.",(L.),152946-1,,,241,,,,,,,,,,,,"26/02/2026 10:56","26/02/2026 10:56",,,Caryophyllaceae,"Silene otites","Silene otites",Silene,,f,f,,,,,,,,,,,,,,,,,,,,,,,,,,,,,331962-2,"Prim. Fl. Werth.",urn:lsid:ipni.org:publications:8969-2,1799,1799,,Wibel,spec.,"Prim. Fl. Werth. 241. 1799 ",,,,,11,otites,,,f,t,,,,,,,Wibel@11635-1@1@aut$L.@12653-1@2@bas,,,"comb. nov.",,1.1,f,silene~otites,caryophyllaceaesilene~otites~,509,wfo-0000440742,,species,,,,,https://www.ipni.org/n/77377216-1,"IPNI Record: 77377216-1","Prim. Fl. Werth. 241 (1799)"
urn:lsid:ipni.org:names:77377217-1,"Manzan. & W.Till",,,,,,"75(1): 35",,,,7,,5917,1988,,J.M.Manzanares,,,"26/02/2026 11:44","26/02/2026 11:50","Ecuador (Western South America, Southern America)",W,Bromeliaceae,"Tillandsia viridispica","Tillandsia viridispica",Tillandsia,,f,f,,,,,,,,2,30,,"Province of Cañar, El Tambo, 2600m",78,55,,,,,,,S,,,,,,,,,328340-2,"J. Bromeliad Soc.",urn:lsid:ipni.org:publications:3393-2,2025,"2025 [Jan-Mar 2025]","[Jan-Mar 2025]","Manzan. & W.Till",spec.,"J. Bromeliad Soc. 75(1): 35. 2025 [Jan-Mar 2025] ",,,,,11,viridispica,,,f,t,,"holotype QCNE",,,,,W.Till@27734-1@2@aut$Manzan.@39076-1@1@aut,,,"tax. nov.",,1.2,f,tillandsia~viridispica,bromeliaceaetillandsia~viridispica~,510,wfo-1000088426,,species,,,,,https://www.ipni.org/n/77377217-1,"IPNI Record: 77377217-1","J. Bromeliad Soc. 75(1): 35 (2025)"
urn:lsid:ipni.org:names:77377218-1,"Manzan. & W.Till",,,,,,"75(1): 37",,22,,11,,7827,2005,,"J.M.Manzanares, E.Gouda &amp; H.Takizawa",,,"26/02/2026 11:48","26/02/2026 11:48","Ecuador (Western South America, Southern America)",W,Bromeliaceae,"Tillandsia freirei","Tillandsia freirei",Tillandsia,,f,f,,,,,,,,3,15,,"Province of Azuay, road Girón-Pasaje, close to River Jubones, 1720 m",79,29,,,,,,,S,,,,,,,,,328340-2,"J. Bromeliad Soc.",urn:lsid:ipni.org:publications:3393-2,2025,"2025 [Jan-Mar 2025]","[Jan-Mar 2025]","Manzan. & W.Till",spec.,"J. Bromeliad Soc. 75(1): 37. 2025 [Jan-Mar 2025] ",,"Etymology: the specific epithet is named after the Ecuadorian biologist Efrain Freire.",,,11,freirei,,,f,t,,"holotype QCNE;isotype U;isotype WU",,,,,W.Till@27734-1@2@aut$Manzan.@39076-1@1@aut,,,"tax. nov.",,1.1,f,tillandsia~freirei,bromeliaceaetillandsia~freirei~,511,wfo-1000088427,,species,,,,,https://www.ipni.org/n/77377218-1,"IPNI Record: 77377218-1","J. Bromeliad Soc. 75(1): 37 (2025)"
urn:lsid:ipni.org:names:77377219-1,"Fern.Casas & Gonz.-Barros",,,,,,"57(49): 201",,9,,10,,18095,1955,,E.Asplund,,,"26/02/2026 12:07","26/02/2026 12:07","Ecuador (Western South America, Southern America)",W,Euphorbiaceae,"Cnidoscolus asplundii","Cnidoscolus asplundii",Cnidoscolus,,f,f,,,,,,,,3,59,,"Loja, Catamayo, 1750 m",79,21,,,,,,,S,,,,,,,,,327703-2,Fontqueria,urn:lsid:ipni.org:publications:2210-2,2025,"2025 [15 Nov 2025]","[15 Nov 2025]","Fern.Casas & Gonz.-Barros",spec.,"Fontqueria 57(49): 201. 2025 [15 Nov 2025] ",,"Etymology: the specific epithet is named for Erik Asplund.",,,11,asplundii,,,f,t,,"holotype S 06-19833",,,,,Gonz.-Barros@20094930-1@2@aut$Fern.Casas@2696-1@1@aut,,,"tax. nov.",,1.1,f,cnidoscolus~asplundii,euphorbiaceaecnidoscolus~asplundii~,512,wfo-1000088428,,species,,,,,https://www.ipni.org/n/77377219-1,"IPNI Record: 77377219-1","Fontqueria 57(49): 201 (2025)"
urn:lsid:ipni.org:names:77377220-1,"(Jack) Voigt","Connaraceae Cnestis emarginata Jack",(Jack),264222-1,,,265,,,,,,,,,,,,"26/02/2026 12:17","26/02/2026 12:17",,,Connaraceae,"Rourea emarginata","Rourea emarginata",Rourea,,f,f,,,,,,,,,,,,,,,,,,,,,,,,,,,,,11754-1,"Hort. Suburb. Calcutt.",urn:lsid:ipni.org:publications:4811-2,1845,1845,,Voigt,spec.,"Hort. Suburb. Calcutt. 265. 1845 ",,,,,11,emarginata,,,f,t,,,,,,,Voigt@11246-1@1@aut$Jack@4358-1@2@bas,,,"comb. nov.",,1.1,f,rourea~emarginata,connaraceaerourea~emarginata~,513,wfo-1000088497,,species,,,,,https://www.ipni.org/n/77377220-1,"IPNI Record: 77377220-1","Hort. Suburb. Calcutt. 265 (1845)"
urn:lsid:ipni.org:names:77377221-1,"Fern.Casas & Gonz.-Barros",,,,,,"57(50): 213",,6,,11,,2790,2010,,"E.Barbosa, J.Cordeiro &amp; E.F.Costa",,,"26/02/2026 12:19","26/02/2026 12:19","Bahia (Brazil Northeast, Brazil, Southern America)",,Euphorbiaceae,"Cnidoscolus cordeiroae","Cnidoscolus cordeiroae",Cnidoscolus,,f,f,,,,,,,,,,,"Milagres, aldeota de Quixabá, 528 m",,,,,,,,,,,,,,,,,,327703-2,Fontqueria,urn:lsid:ipni.org:publications:2210-2,2025,"2025 [16 Nov 2025]","[16 Nov 2025]","Fern.Casas & Gonz.-Barros",spec.,"Fontqueria 57(50): 213. 2025 [16 Nov 2025] ",,"Etymology: the specific epithet is named for Dra. Inês Cordeiro.",,,11,cordeiroae,,,f,t,,"holotype MA 851313",,,,,Gonz.-Barros@20094930-1@2@aut$Fern.Casas@2696-1@1@aut,,,"tax. nov.",,1.1,f,cnidoscolus~cordeiroae,euphorbiaceaecnidoscolus~cordeiroae~,514,wfo-1000088429,,species,,,,,https://www.ipni.org/n/77377221-1,"IPNI Record: 77377221-1","Fontqueria 57(50): 213 (2025)"
urn:lsid:ipni.org:names:77377222-1,"(Jack) Voigt","Connaraceae Cnestis florida Jack",(Jack),264228-1,,,265,,,,,,,,,,,,"26/02/2026 12:20","26/02/2026 12:20",,,Connaraceae,"Rourea florida","Rourea florida",Rourea,,f,f,,,,,,,,,,,,,,,,,,,,,,,,,,,,,11754-1,"Hort. Suburb. Calcutt.",urn:lsid:ipni.org:publications:4811-2,1845,1845,,Voigt,spec.,"Hort. Suburb. Calcutt. 265. 1845 ",,,,,11,florida,,,f,t,,,,,,,Jack@4358-1@2@bas$Voigt@11246-1@1@aut,,,"comb. nov.",,1.1,f,rourea~florida,connaraceaerourea~florida~,515,wfo-1000088498,,species,,,,,https://www.ipni.org/n/77377222-1,"IPNI Record: 77377222-1","Hort. Suburb. Calcutt. 265 (1845)"
urn:lsid:ipni.org:names:77377223-1,"(Vahl) Voigt","Connaraceae Connarus mimosoides Vahl",(Vahl),264420-1,,,265,,,,,,,,,,,,"26/02/2026 12:23","26/02/2026 12:23",,,Connaraceae,"Rourea mimosoides","Rourea mimosoides",Rourea,,f,f,,,,,,,,,,,,,,,,,,,,,,,,,,,,,11754-1,"Hort. Suburb. Calcutt.",urn:lsid:ipni.org:publications:4811-2,1845,1845,,Voigt,spec.,"Hort. Suburb. Calcutt. 265. 1845 ",,,,,11,mimosoides,,,f,t,,,,,,,Vahl@28125-1@2@bas$Voigt@11246-1@1@aut,,,"comb. nov.",,1.1,f,rourea~mimosoides,connaraceaerourea~mimosoides~,516,wfo-1000088499,,species,,,,,https://www.ipni.org/n/77377223-1,"IPNI Record: 77377223-1","Hort. Suburb. Calcutt. 265 (1845)"
urn:lsid:ipni.org:names:77377224-1,B.Bock,,,,,,"56: 88",,,,,,,,,,,,"26/02/2026 14:42","26/02/2026 14:42",,,Rosaceae,"× Chamaelundia","× Chamaelundia",Chamaelundia,,t,t,"33710-1,77164890-1","(Chamaemespilus Medik. × Hedlundia Sennikov & Kurtto)",,,,,,,,,,,,,,,,,,,,,,,,,,,30000200-2,"Bull. Soc. Bot. Centre-Ouest",urn:lsid:ipni.org:publications:1943-2,2026,"2026 [2025 publ. Jan 2026]","[2025 publ. Jan 2026]",B.Bock,gen.,"Bull. Soc. Bot. Centre-Ouest 56: 88. 2026 [2025 publ. Jan 2026] ",,,,,8,,,,f,t,,,,,,,B.Bock@20019297-1@1@aut,,,"tax. nov.",,1.1,f,chamaelundia,rosaceaechamaelundia~~~,517,wfo-4100006448,,genus,,,,,https://www.ipni.org/n/77377224-1,"IPNI Record: 77377224-1","Bull. Soc. Bot. Centre-Ouest 56: 88 (2026)"
urn:lsid:ipni.org:names:77377225-1,"(Jacq. ex Host) B.Bock","Rosaceae Aria hostii Jacq. ex Host","(Jacq. ex Host)",721587-1,,,"56: 88",,,,,,,,,,,,"26/02/2026 14:45","26/02/2026 14:45",,,Rosaceae,"× Chamaelundia hostii","× Chamaelundia hostii",Chamaelundia,,f,t,,,,,,,,,,,,,,,,,,,,,,,,,,,,,77377224-1,"Bull. Soc. Bot. Centre-Ouest",urn:lsid:ipni.org:publications:1943-2,2026,"2026 [2025 publ. Jan 2026]","[2025 publ. Jan 2026]",B.Bock,spec.,"Bull. Soc. Bot. Centre-Ouest 56: 88. 2026 [2025 publ. Jan 2026] ",,,,,11,hostii,,,f,t,,,,,,,Host@4132-1@3@basEx$B.Bock@20019297-1@1@aut$Jacq.@12576-1@2@bas,,,"comb. nov.",,1.1,f,chamaelundia~hostii,rosaceaechamaelundia~hostii~,518,wfo-1000088430,,species,,,,,https://www.ipni.org/n/77377225-1,"IPNI Record: 77377225-1","Bull. Soc. Bot. Centre-Ouest 56: 88 (2026)"
urn:lsid:ipni.org:names:77377226-1,B.Bock,,,,,,"56: 88",,,,,,,,,,,,"26/02/2026 14:46","26/02/2026 14:46",,,Rosaceae,"× Hedisorbus","× Hedisorbus",Hedisorbus,,t,t,"77164890-1,30004837-2","(Hedlundia Sennikov & Kurtto × Sorbus L.)",,,,,,,,,,,,,,,,,,,,,,,,,,,30000200-2,"Bull. Soc. Bot. Centre-Ouest",urn:lsid:ipni.org:publications:1943-2,2026,"2026 [2025 publ. Jan 2026]","[2025 publ. Jan 2026]",B.Bock,gen.,"Bull. Soc. Bot. Centre-Ouest 56: 88. 2026 [2025 publ. Jan 2026] ",,,,,8,,,,f,t,,,,,,,B.Bock@20019297-1@1@aut,,,"tax. nov.",,1.1,f,hedisorbus,rosaceaehedisorbus~~~,519,wfo-4100006449,,genus,,,,,https://www.ipni.org/n/77377226-1,"IPNI Record: 77377226-1","Bull. Soc. Bot. Centre-Ouest 56: 88 (2026)"
urn:lsid:ipni.org:names:77377227-1,Borbás,,,,,,"37: 404",,,,,,,,,,,,"26/02/2026 14:55","26/02/2026 14:55",,,Rosaceae,"Sorbus dacica","Sorbus dacica",Sorbus,,f,f,,,,,,,,,,,,,,,"nom. illeg. nom. superfl.",,"nom. illeg.",,,,,,,,,,,,30004837-2,"Oesterr. Bot. Z.",urn:lsid:ipni.org:publications:768-2,1887,1887,,Borbás,spec.,"Oesterr. Bot. Z. 37: 404. 1887 ",,,,,9,dacica,,77165165-1,f,t,,,,,,,Borbás@977-1@1@aut,,,"tax. nov.",,1.1,f,sorbus~dacica,rosaceaesorbus~dacica~,520,wfo-0001008013,,species,,,,,https://www.ipni.org/n/77377227-1,"IPNI Record: 77377227-1","Oesterr. Bot. Z. 37: 404 (1887)"
urn:lsid:ipni.org:names:77377228-1,B.Bock,,,,,,"56: 88",,,,,,,,,,,,"26/02/2026 14:59","26/02/2026 14:59",,,Rosaceae,"× Hedisorbus dacica","× Hedisorbus dacica",Hedisorbus,,t,t,,,,,,,,,,,,,,,"nom. illeg. nom. superfl.",,"nom. illeg.",,,,,,,,,,,,77377226-1,"Bull. Soc. Bot. Centre-Ouest",urn:lsid:ipni.org:publications:1943-2,2026,"2026 [2025 publ. Jan 2026]","[2025 publ. Jan 2026]",B.Bock,spec.,"Bull. Soc. Bot. Centre-Ouest 56: 88. 2026 [2025 publ. Jan 2026] ",,"Publshed as a comb. nov., but the basionym is illegitimate and serves as a replaced synonym.",77377227-1,,10,dacica,,77165165-1,f,t,,,,,,,B.Bock@20019297-1@1@aut,,,"nom. nov.",,1.1,f,hedisorbus~dacica,rosaceaehedisorbus~dacica~,521,wfo-1000088431,,species,,,,,https://www.ipni.org/n/77377228-1,"IPNI Record: 77377228-1","Bull. Soc. Bot. Centre-Ouest 56: 88 (2026)"
urn:lsid:ipni.org:names:77377229-1,"Stapf ex Stern",,,,,,"57: 291",,,,,,,,,,,,"26/02/2026 18:03","26/02/2026 18:03",,,Liliaceae,"Lilium wardii","Lilium wardii",Lilium,,f,f,,,,,,,,,,,,,,,,,,,,,,,,,,,,,30009317-2,"J. Roy. Hort. Soc.",urn:lsid:ipni.org:publications:4808-2,1932,"1932 [Sep 1932]","[Sep 1932]","Stapf ex Stern",spec.,"J. Roy. Hort. Soc. 57: 291. 1932 [Sep 1932] ",,,,,8,wardii,,,f,t,,,,,,,Stern@10113-1@2@autEx$Stapf@27136-1@1@aut,,,"tax. nov.",,1.1,f,lilium~wardii,liliaceaelilium~wardii~,522,wfo-1000088500,,species,,,,,https://www.ipni.org/n/77377229-1,"IPNI Record: 77377229-1","J. Roy. Hort. Soc. 57: 291 (1932)"
urn:lsid:ipni.org:names:77377231-1,"D.Y.Hong & B.B.Liu",,,,,,"47(4): 587",,,,,,,,,,,,"27/02/2026 06:43","27/02/2026 07:53",,,Campanulaceae,Rosomala,Rosomala,Rosomala,,f,f,,,,,,,,,,,,,,,,,,,,,,,,,,,,,30000171-2,"Pl. Diversity",urn:lsid:ipni.org:publications:20022365-1,2025,"2025 [27 May 2025]","[27 May 2025]","D.Y.Hong & B.B.Liu",gen.,"Pl. Diversity 47(4): 587. 2025 [27 May 2025] ",,"doi:10.1016/j.pld.2025.05.010 [english] Etymology: name from 'Roso-', highlighting the distinctive rosulate basal leaves, and '-mala', derived from 'mālā', meaning garland, symbolizing its endemic distribution along the southern edges of Himalayan mountain ranges.",,,9,,,,f,t,139930-1,,,,,,D.Y.Hong@4079-1@1@aut$B.B.Liu@20033120-1@2@aut,,,"tax. nov.",,1.4,f,rosomala,campanulaceaerosomala~~~,523,wfo-4100006450,,genus,,,,,https://www.ipni.org/n/77377231-1,"IPNI Record: 77377231-1","Pl. Diversity 47(4): 587 (2025)"
urn:lsid:ipni.org:names:77377232-1,"(Wall.) D.Y.Hong & B.B.Liu","Campanulaceae Campanula aristata Wall.",(Wall.),139930-1,,,"47(4): 589",,,,,,,,,,,,"27/02/2026 07:56","27/02/2026 07:56",,,Campanulaceae,"Rosomala aristata","Rosomala aristata",Rosomala,,f,f,,,,,,,,,,,,,,,,,,,,,,,,,,,,,77377231-1,"Pl. Diversity",urn:lsid:ipni.org:publications:20022365-1,2025,"2025 [27 May 2025]","[27 May 2025]","D.Y.Hong & B.B.Liu",spec.,"Pl. Diversity 47(4): 589. 2025 [27 May 2025] ",,doi:10.1016/j.pld.2025.05.010,,,11,aristata,,,f,t,,,,,,,B.B.Liu@20033120-1@2@aut$Wall.@12990-1@3@bas$D.Y.Hong@4079-1@1@aut,,,"comb. nov.",,1.1,f,rosomala~aristata,campanulaceaerosomala~aristata~,524,wfo-1000088432,,species,,,,,https://www.ipni.org/n/77377232-1,"IPNI Record: 77377232-1","Pl. Diversity 47(4): 589 (2025)"
urn:lsid:ipni.org:names:77377233-1,"(W.W.Sm.) D.Y.Hong & B.B.Liu","Campanulaceae Campanula calcicola W.W.Sm.",(W.W.Sm.),140037-1,,,"47(4): 589",,,,,,,,,,,,"27/02/2026 07:58","27/02/2026 07:58",,,Campanulaceae,"Rosomala calcicola","Rosomala calcicola",Rosomala,,f,f,,,,,,,,,,,,,,,,,,,,,,,,,,,,,77377231-1,"Pl. Diversity",urn:lsid:ipni.org:publications:20022365-1,2025,"2025 [27 May 2025]","[27 May 2025]","D.Y.Hong & B.B.Liu",spec.,"Pl. Diversity 47(4): 589. 2025 [27 May 2025] ",,doi:10.1016/j.pld.2025.05.010,,,11,calcicola,,,f,t,,,,,,,D.Y.Hong@4079-1@1@aut$B.B.Liu@20033120-1@2@aut$W.W.Sm.@9823-1@3@bas,,,"comb. nov.",,1.1,f,rosomala~calcicola,campanulaceaerosomala~calcicola~,525,wfo-1000088433,,species,,,,,https://www.ipni.org/n/77377233-1,"IPNI Record: 77377233-1","Pl. Diversity 47(4): 589 (2025)"
urn:lsid:ipni.org:names:77377234-1,"(Franch.) D.Y.Hong & B.B.Liu","Campanulaceae Campanula chrysosplenifolia Franch.",(Franch.),140104-1,,,"47(4): 589",,,,,,,,,,,,"27/02/2026 07:59","27/02/2026 07:59",,,Campanulaceae,"Rosomala chrysosplenifolia","Rosomala chrysosplenifolia",Rosomala,,f,f,,,,,,,,,,,,,,,,,,,,,,,,,,,,,77377231-1,"Pl. Diversity",urn:lsid:ipni.org:publications:20022365-1,2025,"2025 [27 May 2025]","[27 May 2025]","D.Y.Hong & B.B.Liu",spec.,"Pl. Diversity 47(4): 589. 2025 [27 May 2025] ",,doi:10.1016/j.pld.2025.05.010,,,11,chrysosplenifolia,,,f,t,,,,,,,D.Y.Hong@4079-1@1@aut$Franch.@2869-1@3@bas$B.B.Liu@20033120-1@2@aut,,,"comb. nov.",,1.1,f,rosomala~chrysosplenifolia,campanulaceaerosomala~chrysosplenifolia~,526,wfo-1000088434,,species,,,,,https://www.ipni.org/n/77377234-1,"IPNI Record: 77377234-1","Pl. Diversity 47(4): 589 (2025)"
urn:lsid:ipni.org:names:77377235-1,"(Franch.) D.Y.Hong & B.B.Liu","Campanulaceae Campanula crenulata Franch.",(Franch.),140166-1,,,"47(4): 589",,,,,,,,,,,,"27/02/2026 07:59","27/02/2026 07:59",,,Campanulaceae,"Rosomala crenulata","Rosomala crenulata",Rosomala,,f,f,,,,,,,,,,,,,,,,,,,,,,,,,,,,,77377231-1,"Pl. Diversity",urn:lsid:ipni.org:publications:20022365-1,2025,"2025 [27 May 2025]","[27 May 2025]","D.Y.Hong & B.B.Liu",spec.,"Pl. Diversity 47(4): 589. 2025 [27 May 2025] ",,doi:10.1016/j.pld.2025.05.010,,,11,crenulata,,,f,t,,,,,,,D.Y.Hong@4079-1@1@aut$Franch.@2869-1@3@bas$B.B.Liu@20033120-1@2@aut,,,"comb. nov.",,1.1,f,rosomala~crenulata,campanulaceaerosomala~crenulata~,527,wfo-1000088435,,species,,,,,https://www.ipni.org/n/77377235-1,"IPNI Record: 77377235-1","Pl. Diversity 47(4): 589 (2025)"
urn:lsid:ipni.org:names:77377236-1,"(Lammers) D.Y.Hong & B.B.Liu","Campanulaceae Campanula immodesta Lammers",(Lammers),1001396-1,,,"47(4): 589",,,,,,,,,,,,"27/02/2026 08:02","27/02/2026 08:02",,,Campanulaceae,"Rosomala immodesta","Rosomala immodesta",Rosomala,,f,f,,,,,,,,,,,,,,,,,,,,,,,,,,,,,77377231-1,"Pl. Diversity",urn:lsid:ipni.org:publications:20022365-1,2025,"2025 [27 May 2025]","[27 May 2025]","D.Y.Hong & B.B.Liu",spec.,"Pl. Diversity 47(4): 589. 2025 [27 May 2025] ",,doi:10.1016/j.pld.2025.05.010,,,11,immodesta,,,f,t,,,,,,,D.Y.Hong@4079-1@1@aut$B.B.Liu@20033120-1@2@aut$Lammers@22009-1@3@bas,,,"comb. nov.",,1.1,f,rosomala~immodesta,campanulaceaerosomala~immodesta~,528,wfo-1000088436,,species,,,,,https://www.ipni.org/n/77377236-1,"IPNI Record: 77377236-1","Pl. Diversity 47(4): 589 (2025)"
urn:lsid:ipni.org:names:77377237-1,"(Kamelin ex Rassulova) D.Y.Hong & B.B.Liu","Campanulaceae Campanula lehmanniana Bunge subsp. pseudohissarica Kamelin ex Rassulova","(Kamelin ex Rassulova)",950865-1,,,"47(4): 589",,,,,,,,,,,,"27/02/2026 08:04","27/02/2026 08:04",,,Campanulaceae,"Hyssaria lehmanniana subsp. pseudohissarica","Hyssaria lehmanniana subsp. pseudohissarica",Hyssaria,,f,f,,,,,pseudohissarica,,,,,,,,,,,,,,,,,,,,,,,,941906-1,"Pl. Diversity",urn:lsid:ipni.org:publications:20022365-1,2025,"2025 [27 May 2025]","[27 May 2025]","D.Y.Hong & B.B.Liu",subsp.,"Pl. Diversity 47(4): 589. 2025 [27 May 2025] ",,doi:10.1016/j.pld.2025.05.010,,,11,lehmanniana,"(Bunge) Kolak.",,f,t,,,,,,,B.B.Liu@20033120-1@2@aut$Kamelin@4625-1@3@bas$D.Y.Hong@4079-1@1@aut$Rassulova@31386-1@4@basEx,Bunge@12367-1@2@bas$Kolak.@4937-1@1@aut,,"comb. nov.",,1.1,f,hyssaria~lehmannianapseudohissarica,campanulaceaehyssaria~lehmannianapseudohissarica,529,wfo-1200117064,,subspecies,,,,,https://www.ipni.org/n/77377237-1,"IPNI Record: 77377237-1","Pl. Diversity 47(4): 589 (2025)"
urn:lsid:ipni.org:names:77377238-1,"D.Y.Hong & Chao Xu",,,,,,"47(4): 589",,,,,,,,,,,,"27/02/2026 08:10","27/02/2026 08:10",,,Campanulaceae,Boreoasia,Boreoasia,Boreoasia,,f,f,,,,,,,,,,,,,,,,,,,,,,,,,,,,,30000171-2,"Pl. Diversity",urn:lsid:ipni.org:publications:20022365-1,2025,"2025 [27 May 2025]","[27 May 2025]","D.Y.Hong & Chao Xu",gen.,"Pl. Diversity 47(4): 589. 2025 [27 May 2025] ",,"doi:10.1016/j.pld.2025.05.010 [english] Etymology: name from 'Boreo-', highlighting its adaptation to cold climates and northern distribution, and '-asia', for its geographical range; together the name emphasizes its ecological specialization in cold regions of the Asian continent.",,,8,,,,f,t,,,,,,,"D.Y.Hong@4079-1@1@aut$Chao Xu@20096313-1@2@aut",,,"tax. nov.",,1.1,f,boreoasia,campanulaceaeboreoasia~~~,530,wfo-4100006451,,genus,,,,,https://www.ipni.org/n/77377238-1,"IPNI Record: 77377238-1","Pl. Diversity 47(4): 589 (2025)"
urn:lsid:ipni.org:names:77377239-1,"(Pall. ex Roem. & Schult.) D.Y.Hong & Chao Xu","Campanulaceae Campanula rigescens Pall. ex Roem. & Schult.","(Pall. ex Roem. & Schult.)",140988-1,,,"47(4): 589",,,,,,,,,,,,"27/02/2026 08:11","27/02/2026 08:11",,,Campanulaceae,"Boreoasia rigescens","Boreoasia rigescens",Boreoasia,,f,f,,,,,,,,,,,,,,,,,,,,,,,,,,,,,77377238-1,"Pl. Diversity",urn:lsid:ipni.org:publications:20022365-1,2025,"2025 [27 May 2025]","[27 May 2025]","D.Y.Hong & Chao Xu",spec.,"Pl. Diversity 47(4): 589. 2025 [27 May 2025] ",,doi:10.1016/j.pld.2025.05.010,,,11,rigescens,,,f,t,,,,,,,"D.Y.Hong@4079-1@1@aut$Roem.@8503-1@4@basEx$Chao Xu@20096313-1@2@aut$Schult.@9288-1@5@basEx$Pall.@7276-1@3@bas",,,"comb. nov.",,1.1,f,boreoasia~rigescens,campanulaceaeboreoasia~rigescens~,531,wfo-1000088437,,species,,,,,https://www.ipni.org/n/77377239-1,"IPNI Record: 77377239-1","Pl. Diversity 47(4): 589 (2025)"
urn:lsid:ipni.org:names:77377240-1,"(Nakai) D.Y.Hong & Chao Xu","Campanulaceae Symphyandra asiatica Nakai",(Nakai),145469-1,,,"47(4): 590",,,,,,,,,,,,"27/02/2026 08:13","27/02/2026 08:13",,,Campanulaceae,"Adenophora asiatica","Adenophora asiatica",Adenophora,,f,f,,,,,,,,,,,,,,,,,,,,,,,,,,,,,5613-1,"Pl. Diversity",urn:lsid:ipni.org:publications:20022365-1,2025,"2025 [27 May 2025]","[27 May 2025]","D.Y.Hong & Chao Xu",spec.,"Pl. Diversity 47(4): 590. 2025 [27 May 2025] ",,doi:10.1016/j.pld.2025.05.010,,,11,asiatica,,,f,t,,,,,,,"Nakai@23869-1@3@bas$D.Y.Hong@4079-1@1@aut$Chao Xu@20096313-1@2@aut",,,"comb. nov.",,1.1,f,adenophora~asiatica,campanulaceaeadenophora~asiatica~,532,wfo-1000088438,,species,,,,,https://www.ipni.org/n/77377240-1,"IPNI Record: 77377240-1","Pl. Diversity 47(4): 590 (2025)"
urn:lsid:ipni.org:names:77377241-1,B.Bock,,,,,,"56: 88",,,,,,,,,,,,"27/02/2026 11:06","27/02/2026 11:06",,,Rosaceae,"× Karpominalis","× Karpominalis",Karpominalis,,t,t,"77164943-1,34068-1","(Karpatiosorbus Sennikov & Kurtto × Torminalis Medik.)",,,,,,,,,,,,,,,,,,,,,,,,,,,30000200-2,"Bull. Soc. Bot. Centre-Ouest",urn:lsid:ipni.org:publications:1943-2,2026,"2026 [2025 publ. Jan 2026]","[2025 publ. Jan 2026]",B.Bock,gen.,"Bull. Soc. Bot. Centre-Ouest 56: 88. 2026 [2025 publ. Jan 2026] ",,,,,8,,,,f,t,,,,,,,B.Bock@20019297-1@1@aut,,,"tax. nov.",,1.1,f,karpominalis,rosaceaekarpominalis~~~,533,wfo-4100006452,,genus,,,,,https://www.ipni.org/n/77377241-1,"IPNI Record: 77377241-1","Bull. Soc. Bot. Centre-Ouest 56: 88 (2026)"
urn:lsid:ipni.org:names:77377242-1,Rouy,,,,,,"11: 400",,,,,,,,,,,,"27/02/2026 11:18","27/02/2026 11:18","France (France, Southwestern Europe, Europe)",,Rosaceae,"Sorbus × torminaloides","Sorbus × torminaloides",Sorbus,,t,f,"742021-1,741821-1","(Sorbus torminalis (L.) Crantz × Sorbus latifolia (Lam.) Pers.)",,,,,,,,,,,,,,,,,,,,,,,,,,,30004837-2,"Fl. France [Rouy & Foucaud]",urn:lsid:ipni.org:publications:17517-2,1909,"1909 [Jun 1909]","[Jun 1909]",Rouy,spec.,"Fl. France [Rouy & Foucaud] 11: 400. 1909 [Jun 1909] ",,,,,9,torminaloides,,,f,t,,,,,,,Rouy@8674-1@1@aut,,,"tax. nov.",,1.1,f,sorbus~torminaloides,rosaceaesorbus~torminaloides~,534,wfo-0001010282,,species,,,,,https://www.ipni.org/n/77377242-1,"IPNI Record: 77377242-1","Fl. France [Rouy & Foucaud] 11: 400 (1909)"
urn:lsid:ipni.org:names:77377243-1,"(Rouy) B.Bock","Rosaceae Sorbus × torminaloides Rouy",(Rouy),77377242-1,,,"56: 88",,,,,,,,,,,,"27/02/2026 11:18","27/02/2026 11:18",,,Rosaceae,"× Karpominalis torminaloides","× Karpominalis torminaloides",Karpominalis,,f,t,,,,,,,,,,,,,,,,,,,,,,,,,,,,,77377241-1,"Bull. Soc. Bot. Centre-Ouest",urn:lsid:ipni.org:publications:1943-2,2026,"2026 [2025 publ. Jan 2026]","[2025 publ. Jan 2026]",B.Bock,spec.,"Bull. Soc. Bot. Centre-Ouest 56: 88. 2026 [2025 publ. Jan 2026] ",,,,,11,torminaloides,,,f,t,,,,,,,Rouy@8674-1@2@bas$B.Bock@20019297-1@1@aut,,,"comb. nov.",,1.1,f,karpominalis~torminaloides,rosaceaekarpominalis~torminaloides~,535,wfo-1000088439,,species,,,,,https://www.ipni.org/n/77377243-1,"IPNI Record: 77377243-1","Bull. Soc. Bot. Centre-Ouest 56: 88 (2026)"
urn:lsid:ipni.org:names:77377244-1,B.Bock,,,,,,"56: 88",,,,,,,,,,,,"27/02/2026 11:21","27/02/2026 11:21",,,Rosaceae,"× Malominalis","× Malominalis",Malominalis,,t,t,"30024474-2,34068-1","(Malus Mill. × Torminalis Medik.)",,,,,,,,,,,,,,,,,,,,,,,,,,,30000200-2,"Bull. Soc. Bot. Centre-Ouest",urn:lsid:ipni.org:publications:1943-2,2026,"2026 [2025 publ. Jan 2026]","[2025 publ. Jan 2026]",B.Bock,gen.,"Bull. Soc. Bot. Centre-Ouest 56: 88. 2026 [2025 publ. Jan 2026] ",,,,,8,,,,f,t,,,,,,,B.Bock@20019297-1@1@aut,,,"tax. nov.",,1.1,f,malominalis,rosaceaemalominalis~~~,536,wfo-4100006453,,genus,,,,,https://www.ipni.org/n/77377244-1,"IPNI Record: 77377244-1","Bull. Soc. Bot. Centre-Ouest 56: 88 (2026)"
urn:lsid:ipni.org:names:77377245-1,"(Zuccagni) B.Bock","Rosaceae Crataegus florentina Zuccagni",(Zuccagni),723409-1,,,"56: 88",,,,,,,,,,,,"27/02/2026 11:24","27/02/2026 11:24",,,Rosaceae,"× Malominalis florentina","× Malominalis florentina",Malominalis,,f,t,,,,,,,,,,,,,,,,,,,,,,,,,,,,,77377244-1,"Bull. Soc. Bot. Centre-Ouest",urn:lsid:ipni.org:publications:1943-2,2026,"2026 [2025 publ. Jan 2026]","[2025 publ. Jan 2026]",B.Bock,spec.,"Bull. Soc. Bot. Centre-Ouest 56: 88. 2026 [2025 publ. Jan 2026] ",,,,,11,florentina,,,f,t,,,,,,,Zuccagni@12068-1@2@bas$B.Bock@20019297-1@1@aut,,,"comb. nov.",,1.1,f,malominalis~florentina,rosaceaemalominalis~florentina~,537,wfo-1000088440,,species,,,,,https://www.ipni.org/n/77377245-1,"IPNI Record: 77377245-1","Bull. Soc. Bot. Centre-Ouest 56: 88 (2026)"
urn:lsid:ipni.org:names:77377246-1,Raf.,,,,,,174,,,,,,,,,,,,"27/02/2026 14:35","02/03/2026 14:49",,,Connaraceae,"subfam. Cnestioideae","subfam. Cnestioideae",,,f,f,,,cnestioideae,,,,,,,,,,,,,,,,,,,,,,,,,,77126634-1,"Anal. Nat.",urn:lsid:ipni.org:publications:8689-2,1815,"1815 [Apr-Jul 1815 ]","[Apr-Jul 1815 ]",Raf.,subfam.,"Anal. Nat. 174. 1815 [Apr-Jul 1815 ] , as 'Cnestidia'",", as 'Cnestidia'",,,,8,,,,f,t,,,"Cnestis Juss. (1789)",,,,Raf.@8096-1@1@aut,,,"tax. nov.",,1.3,f,connaraceaecnestioideae,connaraceae~~~~,538,wfo-4100006454,,subfamily,,,,,https://www.ipni.org/n/77377246-1,"IPNI Record: 77377246-1","Anal. Nat. 174 (1815)"
urn:lsid:ipni.org:names:77377247-1,Raf.,,,,,,174,,,,,,,,,,,,"27/02/2026 14:36","02/03/2026 14:53",,,Connaraceae,"subfam. Thysanoideae","subfam. Thysanoideae",,,f,f,,,thysanoideae,,,,,,,,,,,,,,,,,,,,,,,,,,77126634-1,"Anal. Nat.",urn:lsid:ipni.org:publications:8689-2,1815,"1815 [Apr-Jul 1815 ]","[Apr-Jul 1815 ]",Raf.,subfam.,"Anal. Nat. 174. 1815 [Apr-Jul 1815 ] , as 'Thyssania'",", as 'Thyssania'",,,,8,,,,f,t,,,"Thysanus Lour. (1790)",,,,Raf.@8096-1@1@aut,,,"tax. nov.",,1.3,f,connaraceaethysanoideae,connaraceae~~~~,539,wfo-4100006455,,subfamily,,,,,https://www.ipni.org/n/77377247-1,"IPNI Record: 77377247-1","Anal. Nat. 174 (1815)"
urn:lsid:ipni.org:names:77377248-1,Gilg,,,,,,"1: 189",,,,,,,,,,,,"27/02/2026 14:45","02/03/2026 14:56",,,Connaraceae,"subfam. Jollydoroideae","subfam. Jollydoroideae",,,f,f,,,jollydoroideae,,,,,,,,,,,,,,,,,,,,,,,,,,77126634-1,"Nat. Pflanzenfam. Nachtr.-II bis IV Teil [Engler & Prantl]",urn:lsid:ipni.org:publications:17977-2,1897,"1897 [Aug 1897]","[Aug 1897]",Gilg,subfam.,"Nat. Pflanzenfam. Nachtr.-II bis IV Teil [Engler & Prantl] 1: 189. 1897 [Aug 1897] ",,,,,8,,,,f,t,,,"Jollydora Pierre ex Gilg (1896)",,,,Gilg@3144-1@1@aut,,,"tax. nov.",,1.3,f,connaraceaejollydoroideae,connaraceae~~~~,540,wfo-4100006468,,subfamily,,,,,https://www.ipni.org/n/77377248-1,"IPNI Record: 77377248-1","Nat. Pflanzenfam. Nachtr.-II bis IV Teil [Engler & Prantl] 1: 189 (1897)"
urn:lsid:ipni.org:names:77377249-1,Nakai,,,,,,250,,,,,,,,,,,,"27/02/2026 14:46","02/03/2026 15:07",,,Connaraceae,"trib. Tricholobeae","trib. Tricholobeae",,,f,f,,,tricholobeae,,,,,,,,,,,,,,,,,,,,,,,,,,77126634-1,"Ord. Fam. Trib. Gen. Sect. ... nov. ed.",urn:lsid:ipni.org:publications:19035-2,1943,1943,,Nakai,trib.,"Ord. Fam. Trib. Gen. Sect. ... nov. ed. 250. 1943 ",,,,,8,,,,f,t,,,"Tricholobus Blume (1850)",,,,Nakai@23869-1@1@aut,,,"tax. nov.",,1.3,f,connaraceaetricholobeae,connaraceae~~~~,541,wfo-4100006456,,tribe,,,,,https://www.ipni.org/n/77377249-1,"IPNI Record: 77377249-1","Ord. Fam. Trib. Gen. Sect. ... nov. ed. 250 (1943)"
urn:lsid:ipni.org:names:77377250-1,Rchb.,,,,,,"2(2): 781",,,,,,,,,,,,"27/02/2026 14:51","03/03/2026 12:43",,,Oxalidaceae,"trib. Oxalideae","trib. Oxalideae",,,f,f,,,oxalideae,,,,,,,,,,,,,,,,,,,,,,,,,,77126611-1,"Fl. Germ. Excurs.",urn:lsid:ipni.org:publications:934-2,1832,1832,,Rchb.,trib.,"Fl. Germ. Excurs. 2(2): 781. 1832 ",,,,,8,,,,f,t,,,"Oxalis L. (1753)",,,,Rchb.@8253-1@1@aut,,,"tax. nov.",,1.3,f,oxalidaceaeoxalideae,oxalidaceae~~~~,542,wfo-4100006457,,tribe,,,,,https://www.ipni.org/n/77377250-1,"IPNI Record: 77377250-1","Fl. Germ. Excurs. 2(2): 781 (1832)"
urn:lsid:ipni.org:names:77377251-1,Small,,,,,,746,,,,,,,,,,,,"27/02/2026 14:53","03/03/2026 12:51",,,Oxalidaceae,"trib. Xanthoxalideae","trib. Xanthoxalideae",,,f,f,,,xanthoxalideae,,,,,,,,,,,,,,,,,,,,,,,,,,77126611-1,"Man. S.E. Fl. [Small]",urn:lsid:ipni.org:publications:1259-2,1933,"1933 [30 Nov 1933]","[30 Nov 1933]",Small,trib.,"Man. S.E. Fl. [Small] 746. 1933 [30 Nov 1933] ",,,,,8,,,,f,t,,,"Xanthoxalis Small (1903)",,,,Small@9754-1@1@aut,,,"tax. nov.",,1.3,f,oxalidaceaexanthoxalideae,oxalidaceae~~~~,543,wfo-4100006458,,tribe,,,,,https://www.ipni.org/n/77377251-1,"IPNI Record: 77377251-1","Man. S.E. Fl. [Small] 746 (1933)"
urn:lsid:ipni.org:names:77377252-1,Engl.,,,,,,"18a: 237",,,,,,,,,,,,"27/02/2026 14:58","03/03/2026 13:00",,,Cunoniaceae,"trib. Spiraeanthemeae","trib. Spiraeanthemeae",,,f,f,,,spiraeanthemeae,,,,,,,,,,,,,,,,,,,,,,,,,,77126639-1,"Nat. Pflanzenfam., ed. 2 [Engler & Prantl]",urn:lsid:ipni.org:publications:14496-2,1930,1930,,Engl.,trib.,"Nat. Pflanzenfam., ed. 2 [Engler & Prantl] 18a: 237. 1930 ",,,,,8,,,,f,t,,,"Spiraeanthemum A.Gray 91854)",,,,Engl.@18509-1@1@aut,,,"tax. nov.",,1.3,f,cunoniaceaespiraeanthemeae,cunoniaceae~~~~,544,wfo-4100006459,,tribe,,,,,https://www.ipni.org/n/77377252-1,"IPNI Record: 77377252-1","Nat. Pflanzenfam., ed. 2 [Engler & Prantl] 18a: 237 (1930)"
urn:lsid:ipni.org:names:77377253-1,DC.,,,,,,"4: 13",,,,,,,,,,,,"27/02/2026 15:01","03/03/2026 13:50",,,Cunoniaceae,"trib. Bauereae","trib. Bauereae",,,f,f,,,bauereae,,,,,,,,,,,,,,,,,,,,,,,,,,77126639-1,"Prodr. [A. P. de Candolle]",urn:lsid:ipni.org:publications:1051-2,1830,"1830 [late Sep 1830]","[late Sep 1830]",DC.,trib.,"Prodr. [A. P. de Candolle] 4: 13. 1830 [late Sep 1830] ",,,,,8,,,,f,t,,,"Bauera Banks ex Andrews (1801)",,,,DC.@16855-1@1@aut,,,"tax. nov.",,1.3,f,cunoniaceaebauereae,cunoniaceae~~~~,545,wfo-4100006460,,tribe,,,,,https://www.ipni.org/n/77377253-1,"IPNI Record: 77377253-1","Prodr. [A. P. de Candolle] 4: 13 (1830)"
urn:lsid:ipni.org:names:77377254-1,Engl.,,,,,,"18a: 236, 258",,,,,,,,,,,,"27/02/2026 15:08","03/03/2026 15:21",,,Cunoniaceae,"trib. Pancherieae","trib. Pancherieae",,,f,f,,,pancherieae,,,,,,,,,,,,,,,,,,,,,,,,,,77126639-1,"Nat. Pflanzenfam., ed. 2 [Engler & Prantl]",urn:lsid:ipni.org:publications:14496-2,1930,1930,,Engl.,trib.,"Nat. Pflanzenfam., ed. 2 [Engler & Prantl] 18a: 236, 258. 1930 ",,,,,8,,,,f,t,,,"Pancheria Brongn. & Gris (1862)",,,,Engl.@18509-1@1@aut,,,"tax. nov.",,1.3,f,cunoniaceaepancherieae,cunoniaceae~~~~,546,wfo-4100006461,,tribe,,,,,https://www.ipni.org/n/77377254-1,"IPNI Record: 77377254-1","Nat. Pflanzenfam., ed. 2 [Engler & Prantl] 18a: 236, 258 (1930)"
urn:lsid:ipni.org:names:77377255-1,Benth.,,,,,,"5 (Suppl. 2): 56",,,,,,,,,,,,"27/02/2026 15:10","03/03/2026 15:25",,,Elaeocarpaceae,"subtrib. Sloaneinae","subtrib. Sloaneinae",,,f,f,,,sloaneinae,,,,,,,,,,,,,,,,,,,,,,,,,,77126603-1,"J. Proc. Linn. Soc., Bot.",urn:lsid:ipni.org:publications:3151-2,1861,1861,,Benth.,subtrib.,"J. Proc. Linn. Soc., Bot. 5 (Suppl. 2): 56. 1861 , as 'Sloaneae'",", as 'Sloaneae'",,,,8,,,,f,t,,,"Sloanea L. (1753)",,,,Benth.@15956-1@1@aut,,,"tax. nov.",,1.3,f,elaeocarpaceaesloaneinae,elaeocarpaceae~~~~,547,wfo-4100006462,,subtribe,,,,,https://www.ipni.org/n/77377255-1,"IPNI Record: 77377255-1","J. Proc. Linn. Soc., Bot. 5 (Suppl. 2): 56 (1861)"
urn:lsid:ipni.org:names:77377256-1,Briq.,,,,,,"4(3a): 207",,,,,,,,,,,,"27/02/2026 15:13","03/03/2026 15:33",,,Brunelliaceae,"subtrib. Brunelliinae","subtrib. Brunelliinae",,,f,f,,,brunelliinae,,,,,,,,,,,,,,,,,,,,,,,,,,77126615-1,"Nat. Pflanzenfam. [Engler & Prantl]",urn:lsid:ipni.org:publications:14495-2,1895,"1895 [Dec 1895]","[Dec 1895]",Briq.,subtrib.,"Nat. Pflanzenfam. [Engler & Prantl] 4(3a): 207. 1895 [Dec 1895] ",,,,,8,,,,f,t,,,"Brunellia Ruiz & Pav. (1794)",,,,Briq.@1152-1@1@aut,,,"tax. nov.",,1.3,f,brunelliaceaebrunelliinae,brunelliaceae~~~~,548,wfo-4100006463,,subtribe,,,,,https://www.ipni.org/n/77377256-1,"IPNI Record: 77377256-1","Nat. Pflanzenfam. [Engler & Prantl] 4(3a): 207 (1895)"
urn:lsid:ipni.org:names:77377257-1,Meisn.,,,,,,"1: 105",,,,,,,,,,,,"27/02/2026 15:16","03/03/2026 15:40",,,Cephalotaceae,"subtrib. Cephalotinae","subtrib. Cephalotinae",,,f,f,,,cephalotinae,,,,,,,,,,,,,,,,,,,,,,,,,,77126640-1,"Pl. Vasc. Gen.",urn:lsid:ipni.org:publications:5751-2,1838,"1838 [8-14 Apr 1838]","[8-14 Apr 1838]",Meisn.,subtrib.,"Pl. Vasc. Gen. 1: 105. 1838 [8-14 Apr 1838] , as 'Cephaloteae'",", as 'Cephaloteae'","Pl. Vasc. Gen.: 1 (Tab. Diagn.): 105; 2 (Comm.): 74.",,,8,,,,f,t,,,"Cephalotus Labill. (1806)",,,,Meisn.@12678-1@1@aut,,,"tax. nov.",,1.3,f,cephalotaceaecephalotinae,cephalotaceae~~~~,549,wfo-4100006464,,subtribe,,,,,https://www.ipni.org/n/77377257-1,"IPNI Record: 77377257-1","Pl. Vasc. Gen. 1: 105 (1838)"
urn:lsid:ipni.org:names:77377258-1,Lincz.,,,,,,"8: 629",,,,,,,,,,,,"27/02/2026 15:39","03/03/2026 16:11",,,Caryophyllaceae,"Dianthus baldzhuanicus","Dianthus baldzhuanicus",Dianthus,,f,f,,,,,,,,,,,,,,,,,,,,,,,,,,,,,6245-1,"Trudy Tadzhikistansk. Bazy",urn:lsid:ipni.org:publications:20011348-1,1940,1940,,Lincz.,spec.,"Trudy Tadzhikistansk. Bazy 8: 629. 1940 ",,"Name added via registration. Protologue not seen by the IPNI editors. If you have access to the protologue please email a copy to us via the 'contact us' link at the top of the page.",,,8,baldzhuanicus,,,f,t,,,,,,,Lincz.@5598-1@1@aut,,,"tax. nov.",,1.3,f,dianthus~baldzhuanicus,caryophyllaceaedianthus~baldzhuanicus~,550,wfo-0000643128,,species,,,,,https://www.ipni.org/n/77377258-1,"IPNI Record: 77377258-1","Trudy Tadzhikistansk. Bazy 8: 629 (1940)"
urn:lsid:ipni.org:names:77377260-1,Hausm.,,,,,,"3: 1464",,,,,,,,,,,,"27/02/2026 21:29","27/02/2026 21:29",,,Boraginaceae,"Myosotis palustris var. rehsteineri","Myosotis palustris var. rehsteineri",Myosotis,,f,f,,,,,rehsteineri,,,,,,,,,,,,,,,,,,,,,,,,119167-1,"Fl. Tirol",urn:lsid:ipni.org:publications:20063038-1,1854,1854,,Hausm.,var.,"Fl. Tirol 3: 1464. 1854 ",,,,,8,palustris,"(L.) Hill",,f,t,,,,,,,Hausm.@12533-1@1@aut,L.@12653-1@2@bas$Hill@3946-1@1@aut,,"tax. nov.",,1.1,f,myosotis~palustrisrehsteineri,boraginaceaemyosotis~palustrisrehsteineri,551,wfo-1200117065,,variety,,,,,https://www.ipni.org/n/77377260-1,"IPNI Record: 77377260-1","Fl. Tirol 3: 1464 (1854)"
urn:lsid:ipni.org:names:77377261-1,Maslenn.,,,,,,"8: 620",,,,,,,,,,,,"28/02/2026 01:03","04/03/2026 12:40",,,Leguminosae,"Glycyrrhiza kulabensis","Glycyrrhiza kulabensis",Glycyrrhiza,,f,f,,,,,,,,,,,,,,,,,,,,,,,,,,,,,22503-1,"Trudy Tadzhikistansk. Bazy",urn:lsid:ipni.org:publications:20011348-1,1940,1940,,Maslenn.,spec.,"Trudy Tadzhikistansk. Bazy 8: 620. 1940 ",,"Name added via registration. Protologue not seen by the IPNI editors. If you have access to the protologue please email a copy to us via the 'contact us' link at the top of the page.",,,8,kulabensis,,,f,t,,,,,,,Maslenn.@6204-1@1@aut,,,"tax. nov.",,1.4,f,glycyrrhiza~kulabensis,leguminosaeglycyrrhiza~kulabensis~,552,wfo-1000088501,,species,,,,,https://www.ipni.org/n/77377261-1,"IPNI Record: 77377261-1","Trudy Tadzhikistansk. Bazy 8: 620 (1940)"
urn:lsid:ipni.org:names:77377263-1,Fée,,,,,,156,,,,,,,,,,,,"28/02/2026 18:28","03/03/2026 16:08",,,Adiantaceae,"Cheilanthes angustifolia","Cheilanthes angustifolia",Cheilanthes,,f,f,,,,,,,17064910-1,,,,,,,,"nom. illeg. later homonym",,"nom. illeg.",,,,,,,,,,,,331102-2,"Mém. Foug., 5. Gen. Filic.",urn:lsid:ipni.org:publications:7212-2,1852,1852,,Fée,spec.,"Mém. Foug., 5. Gen. Filic. 156. 1852 ",,"'Allosorus angustifolius Galeotti' appears to be an unpublished herbarium name: https://www.biodiversitylibrary.org/page/50338842",,,10,angustifolia,,,f,t,,,,,,,Fée@18692-1@1@aut,,,"tax. nov.",,1.3,f,cheilanthes~angustifolia,adiantaceaecheilanthes~angustifolia~,553,wfo-1000088502,,species,,,,,https://www.ipni.org/n/77377263-1,"IPNI Record: 77377263-1","Mém. Foug., 5. Gen. Filic. 156 (1852)"
